candidate_id,candidate_signature,candidate_rank,profile_distance,candidate_p_value,in_candidate_set,is_truth,normalized_confidence_score,best_template_index,best_main_scale,best_branch_load_scale,dataset,scenario,sample,method,observation_seed,calibration_set_id,evidence_set_id,test_set_id
G001,"M=20,20,20,20,|T=0,0,0,0,|B=none",3,0.205718881244447,0.0476190476190476,0,0,0.0311738969384791,NaN,NaN,NaN,independent_test,scale_small,diagnostic_r001,stage6b_baseline,402671101,7f5c2bd8fdb8fc70a865ad1171c7aa33845acb8a5d8bb6699ed4c79dd441cb87,c14491590decb04fa458d139a86b935db4f84f2f1ea1d5f51fa1f04257b84043,57c18a23f50fddf7105ba9e37b2888edd4014a8bc249971413c53a3e2625de2b
G002,"M=20,20,20,20,|T=0,0,0,0,|B=2,15,1,50;",1,0.076400041268761,0.285714285714286,1,1,0.805558100554203,NaN,NaN,NaN,independent_test,scale_small,diagnostic_r001,stage6b_baseline,402671101,7f5c2bd8fdb8fc70a865ad1171c7aa33845acb8a5d8bb6699ed4c79dd441cb87,c14491590decb04fa458d139a86b935db4f84f2f1ea1d5f51fa1f04257b84043,57c18a23f50fddf7105ba9e37b2888edd4014a8bc249971413c53a3e2625de2b
G003,"M=20,20,20,20,|T=0,0,0,0,|B=1,15,1,50;",2,0.13987303491112,0.0476190476190476,0,0,0.163268002507318,NaN,NaN,NaN,independent_test,scale_small,diagnostic_r001,stage6b_baseline,402671101,7f5c2bd8fdb8fc70a865ad1171c7aa33845acb8a5d8bb6699ed4c79dd441cb87,c14491590decb04fa458d139a86b935db4f84f2f1ea1d5f51fa1f04257b84043,57c18a23f50fddf7105ba9e37b2888edd4014a8bc249971413c53a3e2625de2b
G001,"M=20,20,20,20,|T=0,0,0,0,|B=none",3,0.227470249721074,0.2,0,0,0.0363015084450024,6,1.025,0.8,independent_test,scale_small,diagnostic_r001,stage7a_original_reused,402671101,d029216b3e24c5344e3dd8a6872bead5299adf20c85000d3a69162c8e7dab04c,9f955302fc4863c17d4b2eceee844b985c86d0ac62c4cea1475ece3890322cef,57c18a23f50fddf7105ba9e37b2888edd4014a8bc249971413c53a3e2625de2b
G002,"M=20,20,20,20,|T=0,0,0,0,|B=2,15,1,50;",1,0.120997001140184,0.2,0,1,0.726049828750169,33,1.025,1.1,independent_test,scale_small,diagnostic_r001,stage7a_original_reused,402671101,d029216b3e24c5344e3dd8a6872bead5299adf20c85000d3a69162c8e7dab04c,9f955302fc4863c17d4b2eceee844b985c86d0ac62c4cea1475ece3890322cef,57c18a23f50fddf7105ba9e37b2888edd4014a8bc249971413c53a3e2625de2b
G003,"M=20,20,20,20,|T=0,0,0,0,|B=1,15,1,50;",2,0.160690448015682,0.2,0,0,0.237648662804829,42,1.025,1.2,independent_test,scale_small,diagnostic_r001,stage7a_original_reused,402671101,d029216b3e24c5344e3dd8a6872bead5299adf20c85000d3a69162c8e7dab04c,9f955302fc4863c17d4b2eceee844b985c86d0ac62c4cea1475ece3890322cef,57c18a23f50fddf7105ba9e37b2888edd4014a8bc249971413c53a3e2625de2b
G001,"M=20,20,20,20,|T=0,0,0,0,|B=none",3,0.227470249721074,0.2,0,0,0.0300051115018322,6,1.025,0.8,independent_test,scale_small,diagnostic_r001,matched20_n20,402671101,793870e2a8843c7dd1632ce04f62bf1f717364037be5913f20ddceb4655e8b35,9fdf2ac7096b2a46d5924b72ec75e3f8d0d634ce7f97b8badf0cae967fc1073c,57c18a23f50fddf7105ba9e37b2888edd4014a8bc249971413c53a3e2625de2b
G002,"M=20,20,20,20,|T=0,0,0,0,|B=2,15,1,50;",1,0.120997001140184,0.2,0,1,0.745026450669493,33,1.025,1.1,independent_test,scale_small,diagnostic_r001,matched20_n20,402671101,793870e2a8843c7dd1632ce04f62bf1f717364037be5913f20ddceb4655e8b35,9fdf2ac7096b2a46d5924b72ec75e3f8d0d634ce7f97b8badf0cae967fc1073c,57c18a23f50fddf7105ba9e37b2888edd4014a8bc249971413c53a3e2625de2b
G003,"M=20,20,20,20,|T=0,0,0,0,|B=1,15,1,50;",2,0.160690448015682,0.2,0,0,0.224968437828675,42,1.025,1.2,independent_test,scale_small,diagnostic_r001,matched20_n20,402671101,793870e2a8843c7dd1632ce04f62bf1f717364037be5913f20ddceb4655e8b35,9fdf2ac7096b2a46d5924b72ec75e3f8d0d634ce7f97b8badf0cae967fc1073c,57c18a23f50fddf7105ba9e37b2888edd4014a8bc249971413c53a3e2625de2b
G001,"M=20,20,20,20,|T=0,0,0,0,|B=none",3,0.227470249721074,0.2,0,0,0.0507763119463916,6,1.025,0.8,independent_test,scale_small,diagnostic_r001,matched20_n100,402671101,8751380bfb455467bdb7e0b466aa7651938f0af6c733f9bea329d9c655e82135,e890d5a0db4db5f0c4b619791e77f8b57c6eed45fb90afaaf2a02f2f0ece9ae3,57c18a23f50fddf7105ba9e37b2888edd4014a8bc249971413c53a3e2625de2b
G002,"M=20,20,20,20,|T=0,0,0,0,|B=2,15,1,50;",1,0.120997001140184,0.2,0,1,0.68868381027647,33,1.025,1.1,independent_test,scale_small,diagnostic_r001,matched20_n100,402671101,8751380bfb455467bdb7e0b466aa7651938f0af6c733f9bea329d9c655e82135,e890d5a0db4db5f0c4b619791e77f8b57c6eed45fb90afaaf2a02f2f0ece9ae3,57c18a23f50fddf7105ba9e37b2888edd4014a8bc249971413c53a3e2625de2b
G003,"M=20,20,20,20,|T=0,0,0,0,|B=1,15,1,50;",2,0.160690448015682,0.2,0,0,0.260539877777139,42,1.025,1.2,independent_test,scale_small,diagnostic_r001,matched20_n100,402671101,8751380bfb455467bdb7e0b466aa7651938f0af6c733f9bea329d9c655e82135,e890d5a0db4db5f0c4b619791e77f8b57c6eed45fb90afaaf2a02f2f0ece9ae3,57c18a23f50fddf7105ba9e37b2888edd4014a8bc249971413c53a3e2625de2b
G001,"M=20,20,20,20,|T=0,0,0,0,|B=none",3,0.227470249721074,0.2,0,0,0.0508335826308671,6,1.025,0.8,independent_test,scale_small,diagnostic_r001,matched20_n200,402671101,f8050faca21ba1344fac8bc34f908d9e81e001195d4f6001ef0603f766f9f7d3,62891f80f517e9247cb79292b2f217fe68227a8e3c4863bd432dbd7f71d178c7,57c18a23f50fddf7105ba9e37b2888edd4014a8bc249971413c53a3e2625de2b
G002,"M=20,20,20,20,|T=0,0,0,0,|B=2,15,1,50;",1,0.120997001140184,0.2,0,1,0.68854902237726,33,1.025,1.1,independent_test,scale_small,diagnostic_r001,matched20_n200,402671101,f8050faca21ba1344fac8bc34f908d9e81e001195d4f6001ef0603f766f9f7d3,62891f80f517e9247cb79292b2f217fe68227a8e3c4863bd432dbd7f71d178c7,57c18a23f50fddf7105ba9e37b2888edd4014a8bc249971413c53a3e2625de2b
G003,"M=20,20,20,20,|T=0,0,0,0,|B=1,15,1,50;",2,0.160690448015682,0.2,0,0,0.260617394991873,42,1.025,1.2,independent_test,scale_small,diagnostic_r001,matched20_n200,402671101,f8050faca21ba1344fac8bc34f908d9e81e001195d4f6001ef0603f766f9f7d3,62891f80f517e9247cb79292b2f217fe68227a8e3c4863bd432dbd7f71d178c7,57c18a23f50fddf7105ba9e37b2888edd4014a8bc249971413c53a3e2625de2b
G001,"M=20,20,20,20,|T=0,0,0,0,|B=none",3,0.227470249721074,0.2,0,0,0.0339342101566396,6,1.025,0.8,independent_test,scale_small,diagnostic_r001,snr35_n100,402671101,b2b363551b3c03337f1f012a291d5760d280168903f381319e62c75b6dc7627a,6fc9ee22e4b68c55c54cd4a7d258dd5b6477a10c418e65ec0775bc547405d963,57c18a23f50fddf7105ba9e37b2888edd4014a8bc249971413c53a3e2625de2b
G002,"M=20,20,20,20,|T=0,0,0,0,|B=2,15,1,50;",1,0.120997001140184,0.2,0,1,0.732940182839696,33,1.025,1.1,independent_test,scale_small,diagnostic_r001,snr35_n100,402671101,b2b363551b3c03337f1f012a291d5760d280168903f381319e62c75b6dc7627a,6fc9ee22e4b68c55c54cd4a7d258dd5b6477a10c418e65ec0775bc547405d963,57c18a23f50fddf7105ba9e37b2888edd4014a8bc249971413c53a3e2625de2b
G003,"M=20,20,20,20,|T=0,0,0,0,|B=1,15,1,50;",2,0.160690448015682,0.2,0,0,0.233125607003665,42,1.025,1.2,independent_test,scale_small,diagnostic_r001,snr35_n100,402671101,b2b363551b3c03337f1f012a291d5760d280168903f381319e62c75b6dc7627a,6fc9ee22e4b68c55c54cd4a7d258dd5b6477a10c418e65ec0775bc547405d963,57c18a23f50fddf7105ba9e37b2888edd4014a8bc249971413c53a3e2625de2b
G001,"M=20,20,20,20,|T=0,0,0,0,|B=none",3,0.227470249721074,0.2,0,0,0.040889127660283,6,1.025,0.8,independent_test,scale_small,diagnostic_r001,nuisance_broad20_n100,402671101,fdcbe34aa63273211df32fcbd653d3fc8c016a785ecbd5d1aa6100d35edf2db3,418504cc370013b0286b8622e24238745d1caedc5c0897ea527d3fba32d957bb,57c18a23f50fddf7105ba9e37b2888edd4014a8bc249971413c53a3e2625de2b
G002,"M=20,20,20,20,|T=0,0,0,0,|B=2,15,1,50;",1,0.120997001140184,0.2,0,1,0.713404191548358,33,1.025,1.1,independent_test,scale_small,diagnostic_r001,nuisance_broad20_n100,402671101,fdcbe34aa63273211df32fcbd653d3fc8c016a785ecbd5d1aa6100d35edf2db3,418504cc370013b0286b8622e24238745d1caedc5c0897ea527d3fba32d957bb,57c18a23f50fddf7105ba9e37b2888edd4014a8bc249971413c53a3e2625de2b
G003,"M=20,20,20,20,|T=0,0,0,0,|B=1,15,1,50;",2,0.160690448015682,0.2,0,0,0.245706680791359,42,1.025,1.2,independent_test,scale_small,diagnostic_r001,nuisance_broad20_n100,402671101,fdcbe34aa63273211df32fcbd653d3fc8c016a785ecbd5d1aa6100d35edf2db3,418504cc370013b0286b8622e24238745d1caedc5c0897ea527d3fba32d957bb,57c18a23f50fddf7105ba9e37b2888edd4014a8bc249971413c53a3e2625de2b
G001,"M=20,20,20,20,|T=0,0,0,0,|B=none",3,0.227470249721074,0.2,0,0,0.0624664128548654,6,1.025,0.8,independent_test,scale_small,diagnostic_r001,combined_broad35_n20,402671101,3d8bba9925805e98bf1b29cf5f06bff0930340d69ed201886e2937813f3cebad,f93dfe6a468c54eb7a4efe5f4bddfe987c37463861df6e784975ca164b3bfad9,57c18a23f50fddf7105ba9e37b2888edd4014a8bc249971413c53a3e2625de2b
G002,"M=20,20,20,20,|T=0,0,0,0,|B=2,15,1,50;",1,0.120997001140184,0.2,0,1,0.662762709467683,33,1.025,1.1,independent_test,scale_small,diagnostic_r001,combined_broad35_n20,402671101,3d8bba9925805e98bf1b29cf5f06bff0930340d69ed201886e2937813f3cebad,f93dfe6a468c54eb7a4efe5f4bddfe987c37463861df6e784975ca164b3bfad9,57c18a23f50fddf7105ba9e37b2888edd4014a8bc249971413c53a3e2625de2b
G003,"M=20,20,20,20,|T=0,0,0,0,|B=1,15,1,50;",2,0.160690448015682,0.2,0,0,0.274770877677451,42,1.025,1.2,independent_test,scale_small,diagnostic_r001,combined_broad35_n20,402671101,3d8bba9925805e98bf1b29cf5f06bff0930340d69ed201886e2937813f3cebad,f93dfe6a468c54eb7a4efe5f4bddfe987c37463861df6e784975ca164b3bfad9,57c18a23f50fddf7105ba9e37b2888edd4014a8bc249971413c53a3e2625de2b
G001,"M=20,20,20,20,|T=0,0,0,0,|B=none",3,0.227470249721074,0.2,0,0,0.0508415939459597,6,1.025,0.8,independent_test,scale_small,diagnostic_r001,combined_broad35_n100,402671101,fcfe21fbec3e7e5cbe3ce356143dc6df0633d96f6946a337ffbdd55fe18bb3b7,e38b3e5854d4735e4e22edda08d6d2074f10d791794841e75ca0eedc4f305883,57c18a23f50fddf7105ba9e37b2888edd4014a8bc249971413c53a3e2625de2b
G002,"M=20,20,20,20,|T=0,0,0,0,|B=2,15,1,50;",1,0.120997001140184,0.2,0,1,0.688530174428174,33,1.025,1.1,independent_test,scale_small,diagnostic_r001,combined_broad35_n100,402671101,fcfe21fbec3e7e5cbe3ce356143dc6df0633d96f6946a337ffbdd55fe18bb3b7,e38b3e5854d4735e4e22edda08d6d2074f10d791794841e75ca0eedc4f305883,57c18a23f50fddf7105ba9e37b2888edd4014a8bc249971413c53a3e2625de2b
G003,"M=20,20,20,20,|T=0,0,0,0,|B=1,15,1,50;",2,0.160690448015682,0.2,0,0,0.260628231625866,42,1.025,1.2,independent_test,scale_small,diagnostic_r001,combined_broad35_n100,402671101,fcfe21fbec3e7e5cbe3ce356143dc6df0633d96f6946a337ffbdd55fe18bb3b7,e38b3e5854d4735e4e22edda08d6d2074f10d791794841e75ca0eedc4f305883,57c18a23f50fddf7105ba9e37b2888edd4014a8bc249971413c53a3e2625de2b
G001,"M=20,20,20,20,|T=0,0,0,0,|B=none",3,0.227470249721074,0.2,0,0,0.0486325461323383,6,1.025,0.8,independent_test,scale_small,diagnostic_r001,originalset_split_evidence_n20,402671101,d029216b3e24c5344e3dd8a6872bead5299adf20c85000d3a69162c8e7dab04c,39e4bdf940f8f2d963ca353d73e35997117dca9f8a1965b8a90ab316ce0b607a,57c18a23f50fddf7105ba9e37b2888edd4014a8bc249971413c53a3e2625de2b
G002,"M=20,20,20,20,|T=0,0,0,0,|B=2,15,1,50;",1,0.120997001140184,0.2,0,1,0.693792701911341,33,1.025,1.1,independent_test,scale_small,diagnostic_r001,originalset_split_evidence_n20,402671101,d029216b3e24c5344e3dd8a6872bead5299adf20c85000d3a69162c8e7dab04c,39e4bdf940f8f2d963ca353d73e35997117dca9f8a1965b8a90ab316ce0b607a,57c18a23f50fddf7105ba9e37b2888edd4014a8bc249971413c53a3e2625de2b
G003,"M=20,20,20,20,|T=0,0,0,0,|B=1,15,1,50;",2,0.160690448015682,0.2,0,0,0.257574751956321,42,1.025,1.2,independent_test,scale_small,diagnostic_r001,originalset_split_evidence_n20,402671101,d029216b3e24c5344e3dd8a6872bead5299adf20c85000d3a69162c8e7dab04c,39e4bdf940f8f2d963ca353d73e35997117dca9f8a1965b8a90ab316ce0b607a,57c18a23f50fddf7105ba9e37b2888edd4014a8bc249971413c53a3e2625de2b
G001,"M=20,20,20,20,|T=0,0,0,0,|B=none",3,0.196931313203572,0.0476190476190476,0,0,0.0269956319460006,NaN,NaN,NaN,independent_test,scale_small,diagnostic_r002,stage6b_baseline,402671102,7f5c2bd8fdb8fc70a865ad1171c7aa33845acb8a5d8bb6699ed4c79dd441cb87,c14491590decb04fa458d139a86b935db4f84f2f1ea1d5f51fa1f04257b84043,57c18a23f50fddf7105ba9e37b2888edd4014a8bc249971413c53a3e2625de2b
G002,"M=20,20,20,20,|T=0,0,0,0,|B=2,15,1,50;",1,0.0605791695040507,0.333333333333333,1,1,0.832550877733206,NaN,NaN,NaN,independent_test,scale_small,diagnostic_r002,stage6b_baseline,402671102,7f5c2bd8fdb8fc70a865ad1171c7aa33845acb8a5d8bb6699ed4c79dd441cb87,c14491590decb04fa458d139a86b935db4f84f2f1ea1d5f51fa1f04257b84043,57c18a23f50fddf7105ba9e37b2888edd4014a8bc249971413c53a3e2625de2b
G003,"M=20,20,20,20,|T=0,0,0,0,|B=1,15,1,50;",2,0.131348347245674,0.0476190476190476,0,0,0.140453490320794,NaN,NaN,NaN,independent_test,scale_small,diagnostic_r002,stage6b_baseline,402671102,7f5c2bd8fdb8fc70a865ad1171c7aa33845acb8a5d8bb6699ed4c79dd441cb87,c14491590decb04fa458d139a86b935db4f84f2f1ea1d5f51fa1f04257b84043,57c18a23f50fddf7105ba9e37b2888edd4014a8bc249971413c53a3e2625de2b
G001,"M=20,20,20,20,|T=0,0,0,0,|B=none",3,0.196931313203572,0.2,0,0,0.0185408497492202,5,1,0.8,independent_test,scale_small,diagnostic_r002,stage7a_original_reused,402671102,d029216b3e24c5344e3dd8a6872bead5299adf20c85000d3a69162c8e7dab04c,9f955302fc4863c17d4b2eceee844b985c86d0ac62c4cea1475ece3890322cef,57c18a23f50fddf7105ba9e37b2888edd4014a8bc249971413c53a3e2625de2b
G002,"M=20,20,20,20,|T=0,0,0,0,|B=2,15,1,50;",1,0.0604752162167045,0.6,1,1,0.862073953602426,32,1,1.1,independent_test,scale_small,diagnostic_r002,stage7a_original_reused,402671102,d029216b3e24c5344e3dd8a6872bead5299adf20c85000d3a69162c8e7dab04c,9f955302fc4863c17d4b2eceee844b985c86d0ac62c4cea1475ece3890322cef,57c18a23f50fddf7105ba9e37b2888edd4014a8bc249971413c53a3e2625de2b
G003,"M=20,20,20,20,|T=0,0,0,0,|B=1,15,1,50;",2,0.130739907372286,0.2,0,0,0.119385196648353,41,1,1.2,independent_test,scale_small,diagnostic_r002,stage7a_original_reused,402671102,d029216b3e24c5344e3dd8a6872bead5299adf20c85000d3a69162c8e7dab04c,9f955302fc4863c17d4b2eceee844b985c86d0ac62c4cea1475ece3890322cef,57c18a23f50fddf7105ba9e37b2888edd4014a8bc249971413c53a3e2625de2b
G001,"M=20,20,20,20,|T=0,0,0,0,|B=none",3,0.196931313203572,0.2,0,0,0.0143443372523253,5,1,0.8,independent_test,scale_small,diagnostic_r002,matched20_n20,402671102,793870e2a8843c7dd1632ce04f62bf1f717364037be5913f20ddceb4655e8b35,9fdf2ac7096b2a46d5924b72ec75e3f8d0d634ce7f97b8badf0cae967fc1073c,57c18a23f50fddf7105ba9e37b2888edd4014a8bc249971413c53a3e2625de2b
G002,"M=20,20,20,20,|T=0,0,0,0,|B=2,15,1,50;",1,0.0604752162167045,0.8,1,1,0.879998760957764,32,1,1.1,independent_test,scale_small,diagnostic_r002,matched20_n20,402671102,793870e2a8843c7dd1632ce04f62bf1f717364037be5913f20ddceb4655e8b35,9fdf2ac7096b2a46d5924b72ec75e3f8d0d634ce7f97b8badf0cae967fc1073c,57c18a23f50fddf7105ba9e37b2888edd4014a8bc249971413c53a3e2625de2b
G003,"M=20,20,20,20,|T=0,0,0,0,|B=1,15,1,50;",2,0.130739907372286,0.2,0,0,0.105656901789911,41,1,1.2,independent_test,scale_small,diagnostic_r002,matched20_n20,402671102,793870e2a8843c7dd1632ce04f62bf1f717364037be5913f20ddceb4655e8b35,9fdf2ac7096b2a46d5924b72ec75e3f8d0d634ce7f97b8badf0cae967fc1073c,57c18a23f50fddf7105ba9e37b2888edd4014a8bc249971413c53a3e2625de2b
G001,"M=20,20,20,20,|T=0,0,0,0,|B=none",3,0.196931313203572,0.2,0,0,0.0291362224335874,5,1,0.8,independent_test,scale_small,diagnostic_r002,matched20_n100,402671102,8751380bfb455467bdb7e0b466aa7651938f0af6c733f9bea329d9c655e82135,e890d5a0db4db5f0c4b619791e77f8b57c6eed45fb90afaaf2a02f2f0ece9ae3,57c18a23f50fddf7105ba9e37b2888edd4014a8bc249971413c53a3e2625de2b
G002,"M=20,20,20,20,|T=0,0,0,0,|B=2,15,1,50;",1,0.0604752162167045,0.6,1,1,0.823500721792328,32,1,1.1,independent_test,scale_small,diagnostic_r002,matched20_n100,402671102,8751380bfb455467bdb7e0b466aa7651938f0af6c733f9bea329d9c655e82135,e890d5a0db4db5f0c4b619791e77f8b57c6eed45fb90afaaf2a02f2f0ece9ae3,57c18a23f50fddf7105ba9e37b2888edd4014a8bc249971413c53a3e2625de2b
G003,"M=20,20,20,20,|T=0,0,0,0,|B=1,15,1,50;",2,0.130739907372286,0.2,0,0,0.147363055774084,41,1,1.2,independent_test,scale_small,diagnostic_r002,matched20_n100,402671102,8751380bfb455467bdb7e0b466aa7651938f0af6c733f9bea329d9c655e82135,e890d5a0db4db5f0c4b619791e77f8b57c6eed45fb90afaaf2a02f2f0ece9ae3,57c18a23f50fddf7105ba9e37b2888edd4014a8bc249971413c53a3e2625de2b
G001,"M=20,20,20,20,|T=0,0,0,0,|B=none",3,0.196931313203572,0.2,0,0,0.0291804677514046,5,1,0.8,independent_test,scale_small,diagnostic_r002,matched20_n200,402671102,f8050faca21ba1344fac8bc34f908d9e81e001195d4f6001ef0603f766f9f7d3,62891f80f517e9247cb79292b2f217fe68227a8e3c4863bd432dbd7f71d178c7,57c18a23f50fddf7105ba9e37b2888edd4014a8bc249971413c53a3e2625de2b
G002,"M=20,20,20,20,|T=0,0,0,0,|B=2,15,1,50;",1,0.0604752162167045,1,1,1,0.82335403212865,32,1,1.1,independent_test,scale_small,diagnostic_r002,matched20_n200,402671102,f8050faca21ba1344fac8bc34f908d9e81e001195d4f6001ef0603f766f9f7d3,62891f80f517e9247cb79292b2f217fe68227a8e3c4863bd432dbd7f71d178c7,57c18a23f50fddf7105ba9e37b2888edd4014a8bc249971413c53a3e2625de2b
G003,"M=20,20,20,20,|T=0,0,0,0,|B=1,15,1,50;",2,0.130739907372286,0.2,0,0,0.147465500119945,41,1,1.2,independent_test,scale_small,diagnostic_r002,matched20_n200,402671102,f8050faca21ba1344fac8bc34f908d9e81e001195d4f6001ef0603f766f9f7d3,62891f80f517e9247cb79292b2f217fe68227a8e3c4863bd432dbd7f71d178c7,57c18a23f50fddf7105ba9e37b2888edd4014a8bc249971413c53a3e2625de2b
G001,"M=20,20,20,20,|T=0,0,0,0,|B=none",3,0.196931313203572,0.2,0,0,0.016930568047268,5,1,0.8,independent_test,scale_small,diagnostic_r002,snr35_n100,402671102,b2b363551b3c03337f1f012a291d5760d280168903f381319e62c75b6dc7627a,6fc9ee22e4b68c55c54cd4a7d258dd5b6477a10c418e65ec0775bc547405d963,57c18a23f50fddf7105ba9e37b2888edd4014a8bc249971413c53a3e2625de2b
G002,"M=20,20,20,20,|T=0,0,0,0,|B=2,15,1,50;",1,0.0604752162167045,0.8,1,1,0.868715950702892,32,1,1.1,independent_test,scale_small,diagnostic_r002,snr35_n100,402671102,b2b363551b3c03337f1f012a291d5760d280168903f381319e62c75b6dc7627a,6fc9ee22e4b68c55c54cd4a7d258dd5b6477a10c418e65ec0775bc547405d963,57c18a23f50fddf7105ba9e37b2888edd4014a8bc249971413c53a3e2625de2b
G003,"M=20,20,20,20,|T=0,0,0,0,|B=1,15,1,50;",2,0.130739907372286,0.2,0,0,0.11435348124984,41,1,1.2,independent_test,scale_small,diagnostic_r002,snr35_n100,402671102,b2b363551b3c03337f1f012a291d5760d280168903f381319e62c75b6dc7627a,6fc9ee22e4b68c55c54cd4a7d258dd5b6477a10c418e65ec0775bc547405d963,57c18a23f50fddf7105ba9e37b2888edd4014a8bc249971413c53a3e2625de2b
G001,"M=20,20,20,20,|T=0,0,0,0,|B=none",3,0.196931313203572,0.2,0,0,0.0217652208475674,5,1,0.8,independent_test,scale_small,diagnostic_r002,nuisance_broad20_n100,402671102,fdcbe34aa63273211df32fcbd653d3fc8c016a785ecbd5d1aa6100d35edf2db3,418504cc370013b0286b8622e24238745d1caedc5c0897ea527d3fba32d957bb,57c18a23f50fddf7105ba9e37b2888edd4014a8bc249971413c53a3e2625de2b
G002,"M=20,20,20,20,|T=0,0,0,0,|B=2,15,1,50;",1,0.0604752162167045,0.4,1,1,0.84949578189556,32,1,1.1,independent_test,scale_small,diagnostic_r002,nuisance_broad20_n100,402671102,fdcbe34aa63273211df32fcbd653d3fc8c016a785ecbd5d1aa6100d35edf2db3,418504cc370013b0286b8622e24238745d1caedc5c0897ea527d3fba32d957bb,57c18a23f50fddf7105ba9e37b2888edd4014a8bc249971413c53a3e2625de2b
G003,"M=20,20,20,20,|T=0,0,0,0,|B=1,15,1,50;",2,0.130739907372286,0.2,0,0,0.128738997256873,41,1,1.2,independent_test,scale_small,diagnostic_r002,nuisance_broad20_n100,402671102,fdcbe34aa63273211df32fcbd653d3fc8c016a785ecbd5d1aa6100d35edf2db3,418504cc370013b0286b8622e24238745d1caedc5c0897ea527d3fba32d957bb,57c18a23f50fddf7105ba9e37b2888edd4014a8bc249971413c53a3e2625de2b
G001,"M=20,20,20,20,|T=0,0,0,0,|B=none",3,0.196931313203572,0.2,0,0,0.0384998136646791,5,1,0.8,independent_test,scale_small,diagnostic_r002,combined_broad35_n20,402671102,3d8bba9925805e98bf1b29cf5f06bff0930340d69ed201886e2937813f3cebad,f93dfe6a468c54eb7a4efe5f4bddfe987c37463861df6e784975ca164b3bfad9,57c18a23f50fddf7105ba9e37b2888edd4014a8bc249971413c53a3e2625de2b
G002,"M=20,20,20,20,|T=0,0,0,0,|B=2,15,1,50;",1,0.0604752162167045,1,1,1,0.794347083933937,32,1,1.1,independent_test,scale_small,diagnostic_r002,combined_broad35_n20,402671102,3d8bba9925805e98bf1b29cf5f06bff0930340d69ed201886e2937813f3cebad,f93dfe6a468c54eb7a4efe5f4bddfe987c37463861df6e784975ca164b3bfad9,57c18a23f50fddf7105ba9e37b2888edd4014a8bc249971413c53a3e2625de2b
G003,"M=20,20,20,20,|T=0,0,0,0,|B=1,15,1,50;",2,0.130739907372286,0.2,0,0,0.167153102401384,41,1,1.2,independent_test,scale_small,diagnostic_r002,combined_broad35_n20,402671102,3d8bba9925805e98bf1b29cf5f06bff0930340d69ed201886e2937813f3cebad,f93dfe6a468c54eb7a4efe5f4bddfe987c37463861df6e784975ca164b3bfad9,57c18a23f50fddf7105ba9e37b2888edd4014a8bc249971413c53a3e2625de2b
G001,"M=20,20,20,20,|T=0,0,0,0,|B=none",3,0.196931313203572,0.2,0,0,0.0291866583622864,5,1,0.8,independent_test,scale_small,diagnostic_r002,combined_broad35_n100,402671102,fcfe21fbec3e7e5cbe3ce356143dc6df0633d96f6946a337ffbdd55fe18bb3b7,e38b3e5854d4735e4e22edda08d6d2074f10d791794841e75ca0eedc4f305883,57c18a23f50fddf7105ba9e37b2888edd4014a8bc249971413c53a3e2625de2b
G002,"M=20,20,20,20,|T=0,0,0,0,|B=2,15,1,50;",1,0.0604752162167045,0.6,1,1,0.823333515717575,32,1,1.1,independent_test,scale_small,diagnostic_r002,combined_broad35_n100,402671102,fcfe21fbec3e7e5cbe3ce356143dc6df0633d96f6946a337ffbdd55fe18bb3b7,e38b3e5854d4735e4e22edda08d6d2074f10d791794841e75ca0eedc4f305883,57c18a23f50fddf7105ba9e37b2888edd4014a8bc249971413c53a3e2625de2b
G003,"M=20,20,20,20,|T=0,0,0,0,|B=1,15,1,50;",2,0.130739907372286,0.2,0,0,0.147479825920139,41,1,1.2,independent_test,scale_small,diagnostic_r002,combined_broad35_n100,402671102,fcfe21fbec3e7e5cbe3ce356143dc6df0633d96f6946a337ffbdd55fe18bb3b7,e38b3e5854d4735e4e22edda08d6d2074f10d791794841e75ca0eedc4f305883,57c18a23f50fddf7105ba9e37b2888edd4014a8bc249971413c53a3e2625de2b
G001,"M=20,20,20,20,|T=0,0,0,0,|B=none",3,0.196931313203572,0.2,0,0,0.0274923446731351,5,1,0.8,independent_test,scale_small,diagnostic_r002,originalset_split_evidence_n20,402671102,d029216b3e24c5344e3dd8a6872bead5299adf20c85000d3a69162c8e7dab04c,39e4bdf940f8f2d963ca353d73e35997117dca9f8a1965b8a90ab316ce0b607a,57c18a23f50fddf7105ba9e37b2888edd4014a8bc249971413c53a3e2625de2b
G002,"M=20,20,20,20,|T=0,0,0,0,|B=2,15,1,50;",1,0.0604752162167045,0.6,1,1,0.829021790969537,32,1,1.1,independent_test,scale_small,diagnostic_r002,originalset_split_evidence_n20,402671102,d029216b3e24c5344e3dd8a6872bead5299adf20c85000d3a69162c8e7dab04c,39e4bdf940f8f2d963ca353d73e35997117dca9f8a1965b8a90ab316ce0b607a,57c18a23f50fddf7105ba9e37b2888edd4014a8bc249971413c53a3e2625de2b
G003,"M=20,20,20,20,|T=0,0,0,0,|B=1,15,1,50;",2,0.130739907372286,0.2,0,0,0.143485864357328,41,1,1.2,independent_test,scale_small,diagnostic_r002,originalset_split_evidence_n20,402671102,d029216b3e24c5344e3dd8a6872bead5299adf20c85000d3a69162c8e7dab04c,39e4bdf940f8f2d963ca353d73e35997117dca9f8a1965b8a90ab316ce0b607a,57c18a23f50fddf7105ba9e37b2888edd4014a8bc249971413c53a3e2625de2b
G001,"M=20,20,20,20,|T=0,0,0,0,|B=none",7,0.205718881244447,0.0476190476190476,0,0,0.0208046338295556,NaN,NaN,NaN,independent_test,scale_medium,diagnostic_r001,stage6b_baseline,402671101,3df20800c72d254bfbeac5b7ed8f81b4e0fc610d0de8608936ad81f3937545e6,338957fd30a138ff6adfe441c913aa420e71671d48035f8f9c9fdbb0fcd41ae4,57c18a23f50fddf7105ba9e37b2888edd4014a8bc249971413c53a3e2625de2b
G002,"M=20,20,20,20,|T=0,0,0,0,|B=3,15,1,50;",2,0.13987303491112,0.0476190476190476,0,0,0.106690849235882,NaN,NaN,NaN,independent_test,scale_medium,diagnostic_r001,stage6b_baseline,402671101,3df20800c72d254bfbeac5b7ed8f81b4e0fc610d0de8608936ad81f3937545e6,338957fd30a138ff6adfe441c913aa420e71671d48035f8f9c9fdbb0fcd41ae4,57c18a23f50fddf7105ba9e37b2888edd4014a8bc249971413c53a3e2625de2b
G003,"M=20,20,20,20,|T=0,0,0,0,|B=2,15,1,50;",1,0.076400041268761,0.285714285714286,1,1,0.515833508914879,NaN,NaN,NaN,independent_test,scale_medium,diagnostic_r001,stage6b_baseline,402671101,3df20800c72d254bfbeac5b7ed8f81b4e0fc610d0de8608936ad81f3937545e6,338957fd30a138ff6adfe441c913aa420e71671d48035f8f9c9fdbb0fcd41ae4,57c18a23f50fddf7105ba9e37b2888edd4014a8bc249971413c53a3e2625de2b
G004,"M=20,20,20,20,|T=0,0,0,0,|B=2,15,1,50;3,15,1,50;",4,0.146441122460443,0.0476190476190476,0,0,0.0906375876960872,NaN,NaN,NaN,independent_test,scale_medium,diagnostic_r001,stage6b_baseline,402671101,3df20800c72d254bfbeac5b7ed8f81b4e0fc610d0de8608936ad81f3937545e6,338957fd30a138ff6adfe441c913aa420e71671d48035f8f9c9fdbb0fcd41ae4,57c18a23f50fddf7105ba9e37b2888edd4014a8bc249971413c53a3e2625de2b
G005,"M=20,20,20,20,|T=0,0,0,0,|B=1,15,1,50;",3,0.13987303491112,0.0476190476190476,0,0,0.106690849235882,NaN,NaN,NaN,independent_test,scale_medium,diagnostic_r001,stage6b_baseline,402671101,3df20800c72d254bfbeac5b7ed8f81b4e0fc610d0de8608936ad81f3937545e6,338957fd30a138ff6adfe441c913aa420e71671d48035f8f9c9fdbb0fcd41ae4,57c18a23f50fddf7105ba9e37b2888edd4014a8bc249971413c53a3e2625de2b
G006,"M=20,20,20,20,|T=0,0,0,0,|B=1,15,1,50;3,15,1,50;",6,0.157600201272608,0.0476190476190476,0,0,0.0687049833916256,NaN,NaN,NaN,independent_test,scale_medium,diagnostic_r001,stage6b_baseline,402671101,3df20800c72d254bfbeac5b7ed8f81b4e0fc610d0de8608936ad81f3937545e6,338957fd30a138ff6adfe441c913aa420e71671d48035f8f9c9fdbb0fcd41ae4,57c18a23f50fddf7105ba9e37b2888edd4014a8bc249971413c53a3e2625de2b
G007,"M=20,20,20,20,|T=0,0,0,0,|B=1,15,1,50;2,15,1,50;",5,0.146441122460443,0.0476190476190476,0,0,0.0906375876960872,NaN,NaN,NaN,independent_test,scale_medium,diagnostic_r001,stage6b_baseline,402671101,3df20800c72d254bfbeac5b7ed8f81b4e0fc610d0de8608936ad81f3937545e6,338957fd30a138ff6adfe441c913aa420e71671d48035f8f9c9fdbb0fcd41ae4,57c18a23f50fddf7105ba9e37b2888edd4014a8bc249971413c53a3e2625de2b
G001,"M=20,20,20,20,|T=0,0,0,0,|B=none",7,0.227470249721074,0.2,0,0,0.0221656561108399,6,1.025,0.8,independent_test,scale_medium,diagnostic_r001,stage7a_original_reused,402671101,5f1358b1feb7aecec6b3cf6d0a8a647cd9fef5058685b20e09546ffbf79e34bd,b33d878a4d595a68ef0c9192c45e825adb1076d2dcb0e732d273fd8ed6d4a512,57c18a23f50fddf7105ba9e37b2888edd4014a8bc249971413c53a3e2625de2b
G002,"M=20,20,20,20,|T=0,0,0,0,|B=3,15,1,50;",2,0.160690448015682,0.2,0,0,0.129853792224601,42,1.025,1.2,independent_test,scale_medium,diagnostic_r001,stage7a_original_reused,402671101,5f1358b1feb7aecec6b3cf6d0a8a647cd9fef5058685b20e09546ffbf79e34bd,b33d878a4d595a68ef0c9192c45e825adb1076d2dcb0e732d273fd8ed6d4a512,57c18a23f50fddf7105ba9e37b2888edd4014a8bc249971413c53a3e2625de2b
G003,"M=20,20,20,20,|T=0,0,0,0,|B=2,15,1,50;",1,0.120997001140184,0.2,0,1,0.371376276944073,33,1.025,1.1,independent_test,scale_medium,diagnostic_r001,stage7a_original_reused,402671101,5f1358b1feb7aecec6b3cf6d0a8a647cd9fef5058685b20e09546ffbf79e34bd,b33d878a4d595a68ef0c9192c45e825adb1076d2dcb0e732d273fd8ed6d4a512,57c18a23f50fddf7105ba9e37b2888edd4014a8bc249971413c53a3e2625de2b
G004,"M=20,20,20,20,|T=0,0,0,0,|B=2,15,1,50;3,15,1,50;",4,0.162254083187826,0.2,0,0,0.124588330867423,42,1.025,1.2,independent_test,scale_medium,diagnostic_r001,stage7a_original_reused,402671101,5f1358b1feb7aecec6b3cf6d0a8a647cd9fef5058685b20e09546ffbf79e34bd,b33d878a4d595a68ef0c9192c45e825adb1076d2dcb0e732d273fd8ed6d4a512,57c18a23f50fddf7105ba9e37b2888edd4014a8bc249971413c53a3e2625de2b
G005,"M=20,20,20,20,|T=0,0,0,0,|B=1,15,1,50;",3,0.160690448015682,0.2,0,0,0.129853792224601,42,1.025,1.2,independent_test,scale_medium,diagnostic_r001,stage7a_original_reused,402671101,5f1358b1feb7aecec6b3cf6d0a8a647cd9fef5058685b20e09546ffbf79e34bd,b33d878a4d595a68ef0c9192c45e825adb1076d2dcb0e732d273fd8ed6d4a512,57c18a23f50fddf7105ba9e37b2888edd4014a8bc249971413c53a3e2625de2b
G006,"M=20,20,20,20,|T=0,0,0,0,|B=1,15,1,50;3,15,1,50;",6,0.171486329401502,0.2,0,0,0.0975738207610396,42,1.025,1.2,independent_test,scale_medium,diagnostic_r001,stage7a_original_reused,402671101,5f1358b1feb7aecec6b3cf6d0a8a647cd9fef5058685b20e09546ffbf79e34bd,b33d878a4d595a68ef0c9192c45e825adb1076d2dcb0e732d273fd8ed6d4a512,57c18a23f50fddf7105ba9e37b2888edd4014a8bc249971413c53a3e2625de2b
G007,"M=20,20,20,20,|T=0,0,0,0,|B=1,15,1,50;2,15,1,50;",5,0.162254083187826,0.2,0,0,0.124588330867423,42,1.025,1.2,independent_test,scale_medium,diagnostic_r001,stage7a_original_reused,402671101,5f1358b1feb7aecec6b3cf6d0a8a647cd9fef5058685b20e09546ffbf79e34bd,b33d878a4d595a68ef0c9192c45e825adb1076d2dcb0e732d273fd8ed6d4a512,57c18a23f50fddf7105ba9e37b2888edd4014a8bc249971413c53a3e2625de2b
G001,"M=20,20,20,20,|T=0,0,0,0,|B=none",7,0.227470249721074,0.2,0,0,0.0236658085840963,6,1.025,0.8,independent_test,scale_medium,diagnostic_r001,matched20_n20,402671101,04cc12ca9872336b76016781c8c6d1a8992ced1dc2d46fcf923bfabfc4987267,7b6606aa92d1ceb6bb03209e4fa9dde946c627c8cbdc4e760f1c648c6c29162b,57c18a23f50fddf7105ba9e37b2888edd4014a8bc249971413c53a3e2625de2b
G002,"M=20,20,20,20,|T=0,0,0,0,|B=3,15,1,50;",2,0.160690448015682,0.2,0,0,0.131117041528273,42,1.025,1.2,independent_test,scale_medium,diagnostic_r001,matched20_n20,402671101,04cc12ca9872336b76016781c8c6d1a8992ced1dc2d46fcf923bfabfc4987267,7b6606aa92d1ceb6bb03209e4fa9dde946c627c8cbdc4e760f1c648c6c29162b,57c18a23f50fddf7105ba9e37b2888edd4014a8bc249971413c53a3e2625de2b
G003,"M=20,20,20,20,|T=0,0,0,0,|B=2,15,1,50;",1,0.120997001140184,0.2,0,1,0.36275449582964,33,1.025,1.1,independent_test,scale_medium,diagnostic_r001,matched20_n20,402671101,04cc12ca9872336b76016781c8c6d1a8992ced1dc2d46fcf923bfabfc4987267,7b6606aa92d1ceb6bb03209e4fa9dde946c627c8cbdc4e760f1c648c6c29162b,57c18a23f50fddf7105ba9e37b2888edd4014a8bc249971413c53a3e2625de2b
G004,"M=20,20,20,20,|T=0,0,0,0,|B=2,15,1,50;3,15,1,50;",4,0.162254083187826,0.2,0,0,0.1259648455731,42,1.025,1.2,independent_test,scale_medium,diagnostic_r001,matched20_n20,402671101,04cc12ca9872336b76016781c8c6d1a8992ced1dc2d46fcf923bfabfc4987267,7b6606aa92d1ceb6bb03209e4fa9dde946c627c8cbdc4e760f1c648c6c29162b,57c18a23f50fddf7105ba9e37b2888edd4014a8bc249971413c53a3e2625de2b
G005,"M=20,20,20,20,|T=0,0,0,0,|B=1,15,1,50;",3,0.160690448015682,0.2,0,0,0.131117041528273,42,1.025,1.2,independent_test,scale_medium,diagnostic_r001,matched20_n20,402671101,04cc12ca9872336b76016781c8c6d1a8992ced1dc2d46fcf923bfabfc4987267,7b6606aa92d1ceb6bb03209e4fa9dde946c627c8cbdc4e760f1c648c6c29162b,57c18a23f50fddf7105ba9e37b2888edd4014a8bc249971413c53a3e2625de2b
G006,"M=20,20,20,20,|T=0,0,0,0,|B=1,15,1,50;3,15,1,50;",6,0.171486329401502,0.2,0,0,0.0994159213835177,42,1.025,1.2,independent_test,scale_medium,diagnostic_r001,matched20_n20,402671101,04cc12ca9872336b76016781c8c6d1a8992ced1dc2d46fcf923bfabfc4987267,7b6606aa92d1ceb6bb03209e4fa9dde946c627c8cbdc4e760f1c648c6c29162b,57c18a23f50fddf7105ba9e37b2888edd4014a8bc249971413c53a3e2625de2b
G007,"M=20,20,20,20,|T=0,0,0,0,|B=1,15,1,50;2,15,1,50;",5,0.162254083187826,0.2,0,0,0.1259648455731,42,1.025,1.2,independent_test,scale_medium,diagnostic_r001,matched20_n20,402671101,04cc12ca9872336b76016781c8c6d1a8992ced1dc2d46fcf923bfabfc4987267,7b6606aa92d1ceb6bb03209e4fa9dde946c627c8cbdc4e760f1c648c6c29162b,57c18a23f50fddf7105ba9e37b2888edd4014a8bc249971413c53a3e2625de2b
G001,"M=20,20,20,20,|T=0,0,0,0,|B=none",7,0.227470249721074,0.2,0,0,0.0220107177777585,6,1.025,0.8,independent_test,scale_medium,diagnostic_r001,matched20_n100,402671101,6764bb38697cb2c7b1e66304f3fc4cc4d6166981ca04a7697155fcb7f245e509,6ac166e7301964ab7635c9e9bea70e931720f8ab70caf35bcc857b049d946b63,57c18a23f50fddf7105ba9e37b2888edd4014a8bc249971413c53a3e2625de2b
G002,"M=20,20,20,20,|T=0,0,0,0,|B=3,15,1,50;",2,0.160690448015682,0.2,0,0,0.129716662330342,42,1.025,1.2,independent_test,scale_medium,diagnostic_r001,matched20_n100,402671101,6764bb38697cb2c7b1e66304f3fc4cc4d6166981ca04a7697155fcb7f245e509,6ac166e7301964ab7635c9e9bea70e931720f8ab70caf35bcc857b049d946b63,57c18a23f50fddf7105ba9e37b2888edd4014a8bc249971413c53a3e2625de2b
G003,"M=20,20,20,20,|T=0,0,0,0,|B=2,15,1,50;",1,0.120997001140184,0.2,0,1,0.372300214764471,33,1.025,1.1,independent_test,scale_medium,diagnostic_r001,matched20_n100,402671101,6764bb38697cb2c7b1e66304f3fc4cc4d6166981ca04a7697155fcb7f245e509,6ac166e7301964ab7635c9e9bea70e931720f8ab70caf35bcc857b049d946b63,57c18a23f50fddf7105ba9e37b2888edd4014a8bc249971413c53a3e2625de2b
G004,"M=20,20,20,20,|T=0,0,0,0,|B=2,15,1,50;3,15,1,50;",4,0.162254083187826,0.2,0,0,0.12443940038664,42,1.025,1.2,independent_test,scale_medium,diagnostic_r001,matched20_n100,402671101,6764bb38697cb2c7b1e66304f3fc4cc4d6166981ca04a7697155fcb7f245e509,6ac166e7301964ab7635c9e9bea70e931720f8ab70caf35bcc857b049d946b63,57c18a23f50fddf7105ba9e37b2888edd4014a8bc249971413c53a3e2625de2b
G005,"M=20,20,20,20,|T=0,0,0,0,|B=1,15,1,50;",3,0.160690448015682,0.2,0,0,0.129716662330342,42,1.025,1.2,independent_test,scale_medium,diagnostic_r001,matched20_n100,402671101,6764bb38697cb2c7b1e66304f3fc4cc4d6166981ca04a7697155fcb7f245e509,6ac166e7301964ab7635c9e9bea70e931720f8ab70caf35bcc857b049d946b63,57c18a23f50fddf7105ba9e37b2888edd4014a8bc249971413c53a3e2625de2b
G006,"M=20,20,20,20,|T=0,0,0,0,|B=1,15,1,50;3,15,1,50;",6,0.171486329401502,0.2,0,0,0.0973769420238058,42,1.025,1.2,independent_test,scale_medium,diagnostic_r001,matched20_n100,402671101,6764bb38697cb2c7b1e66304f3fc4cc4d6166981ca04a7697155fcb7f245e509,6ac166e7301964ab7635c9e9bea70e931720f8ab70caf35bcc857b049d946b63,57c18a23f50fddf7105ba9e37b2888edd4014a8bc249971413c53a3e2625de2b
G007,"M=20,20,20,20,|T=0,0,0,0,|B=1,15,1,50;2,15,1,50;",5,0.162254083187826,0.2,0,0,0.12443940038664,42,1.025,1.2,independent_test,scale_medium,diagnostic_r001,matched20_n100,402671101,6764bb38697cb2c7b1e66304f3fc4cc4d6166981ca04a7697155fcb7f245e509,6ac166e7301964ab7635c9e9bea70e931720f8ab70caf35bcc857b049d946b63,57c18a23f50fddf7105ba9e37b2888edd4014a8bc249971413c53a3e2625de2b
G001,"M=20,20,20,20,|T=0,0,0,0,|B=none",7,0.227470249721074,0.2,0,0,0.0233520869218461,6,1.025,0.8,independent_test,scale_medium,diagnostic_r001,matched20_n200,402671101,6d8f58840ccba5a541f82ccafafda5e63da5b3db3f03d4c86335eb2c12c86e47,1188f3bceec1fadf834f6e5e2d0ffb68c19e1c4f1c43c96be402543259cebb13,57c18a23f50fddf7105ba9e37b2888edd4014a8bc249971413c53a3e2625de2b
G002,"M=20,20,20,20,|T=0,0,0,0,|B=3,15,1,50;",2,0.160690448015682,0.2,0,0,0.130862160231665,42,1.025,1.2,independent_test,scale_medium,diagnostic_r001,matched20_n200,402671101,6d8f58840ccba5a541f82ccafafda5e63da5b3db3f03d4c86335eb2c12c86e47,1188f3bceec1fadf834f6e5e2d0ffb68c19e1c4f1c43c96be402543259cebb13,57c18a23f50fddf7105ba9e37b2888edd4014a8bc249971413c53a3e2625de2b
G003,"M=20,20,20,20,|T=0,0,0,0,|B=2,15,1,50;",1,0.120997001140184,0.2,0,1,0.364510753542685,33,1.025,1.1,independent_test,scale_medium,diagnostic_r001,matched20_n200,402671101,6d8f58840ccba5a541f82ccafafda5e63da5b3db3f03d4c86335eb2c12c86e47,1188f3bceec1fadf834f6e5e2d0ffb68c19e1c4f1c43c96be402543259cebb13,57c18a23f50fddf7105ba9e37b2888edd4014a8bc249971413c53a3e2625de2b
G004,"M=20,20,20,20,|T=0,0,0,0,|B=2,15,1,50;3,15,1,50;",4,0.162254083187826,0.2,0,0,0.125686428428729,42,1.025,1.2,independent_test,scale_medium,diagnostic_r001,matched20_n200,402671101,6d8f58840ccba5a541f82ccafafda5e63da5b3db3f03d4c86335eb2c12c86e47,1188f3bceec1fadf834f6e5e2d0ffb68c19e1c4f1c43c96be402543259cebb13,57c18a23f50fddf7105ba9e37b2888edd4014a8bc249971413c53a3e2625de2b
G005,"M=20,20,20,20,|T=0,0,0,0,|B=1,15,1,50;",3,0.160690448015682,0.2,0,0,0.130862160231665,42,1.025,1.2,independent_test,scale_medium,diagnostic_r001,matched20_n200,402671101,6d8f58840ccba5a541f82ccafafda5e63da5b3db3f03d4c86335eb2c12c86e47,1188f3bceec1fadf834f6e5e2d0ffb68c19e1c4f1c43c96be402543259cebb13,57c18a23f50fddf7105ba9e37b2888edd4014a8bc249971413c53a3e2625de2b
G006,"M=20,20,20,20,|T=0,0,0,0,|B=1,15,1,50;3,15,1,50;",6,0.171486329401502,0.2,0,0,0.0990399822146823,42,1.025,1.2,independent_test,scale_medium,diagnostic_r001,matched20_n200,402671101,6d8f58840ccba5a541f82ccafafda5e63da5b3db3f03d4c86335eb2c12c86e47,1188f3bceec1fadf834f6e5e2d0ffb68c19e1c4f1c43c96be402543259cebb13,57c18a23f50fddf7105ba9e37b2888edd4014a8bc249971413c53a3e2625de2b
G007,"M=20,20,20,20,|T=0,0,0,0,|B=1,15,1,50;2,15,1,50;",5,0.162254083187826,0.2,0,0,0.125686428428729,42,1.025,1.2,independent_test,scale_medium,diagnostic_r001,matched20_n200,402671101,6d8f58840ccba5a541f82ccafafda5e63da5b3db3f03d4c86335eb2c12c86e47,1188f3bceec1fadf834f6e5e2d0ffb68c19e1c4f1c43c96be402543259cebb13,57c18a23f50fddf7105ba9e37b2888edd4014a8bc249971413c53a3e2625de2b
G001,"M=20,20,20,20,|T=0,0,0,0,|B=none",7,0.227470249721074,0.2,0,0,0.0190576004943667,6,1.025,0.8,independent_test,scale_medium,diagnostic_r001,snr35_n100,402671101,7f0afb713f70d5ff01f735852b0a04ade4b842803ad8bdf1b082cec6cdc09491,2a3564c41d3d8899d37a152552f25fdabe4e65b69a25996f42c3b02499627b64,57c18a23f50fddf7105ba9e37b2888edd4014a8bc249971413c53a3e2625de2b
G002,"M=20,20,20,20,|T=0,0,0,0,|B=3,15,1,50;",2,0.160690448015682,0.2,0,0,0.126828554651199,42,1.025,1.2,independent_test,scale_medium,diagnostic_r001,snr35_n100,402671101,7f0afb713f70d5ff01f735852b0a04ade4b842803ad8bdf1b082cec6cdc09491,2a3564c41d3d8899d37a152552f25fdabe4e65b69a25996f42c3b02499627b64,57c18a23f50fddf7105ba9e37b2888edd4014a8bc249971413c53a3e2625de2b
G003,"M=20,20,20,20,|T=0,0,0,0,|B=2,15,1,50;",1,0.120997001140184,0.2,0,1,0.391282968855859,33,1.025,1.1,independent_test,scale_medium,diagnostic_r001,snr35_n100,402671101,7f0afb713f70d5ff01f735852b0a04ade4b842803ad8bdf1b082cec6cdc09491,2a3564c41d3d8899d37a152552f25fdabe4e65b69a25996f42c3b02499627b64,57c18a23f50fddf7105ba9e37b2888edd4014a8bc249971413c53a3e2625de2b
G004,"M=20,20,20,20,|T=0,0,0,0,|B=2,15,1,50;3,15,1,50;",4,0.162254083187826,0.2,0,0,0.121323012265834,42,1.025,1.2,independent_test,scale_medium,diagnostic_r001,snr35_n100,402671101,7f0afb713f70d5ff01f735852b0a04ade4b842803ad8bdf1b082cec6cdc09491,2a3564c41d3d8899d37a152552f25fdabe4e65b69a25996f42c3b02499627b64,57c18a23f50fddf7105ba9e37b2888edd4014a8bc249971413c53a3e2625de2b
G005,"M=20,20,20,20,|T=0,0,0,0,|B=1,15,1,50;",3,0.160690448015682,0.2,0,0,0.126828554651199,42,1.025,1.2,independent_test,scale_medium,diagnostic_r001,snr35_n100,402671101,7f0afb713f70d5ff01f735852b0a04ade4b842803ad8bdf1b082cec6cdc09491,2a3564c41d3d8899d37a152552f25fdabe4e65b69a25996f42c3b02499627b64,57c18a23f50fddf7105ba9e37b2888edd4014a8bc249971413c53a3e2625de2b
G006,"M=20,20,20,20,|T=0,0,0,0,|B=1,15,1,50;3,15,1,50;",6,0.171486329401502,0.2,0,0,0.093356296815707,42,1.025,1.2,independent_test,scale_medium,diagnostic_r001,snr35_n100,402671101,7f0afb713f70d5ff01f735852b0a04ade4b842803ad8bdf1b082cec6cdc09491,2a3564c41d3d8899d37a152552f25fdabe4e65b69a25996f42c3b02499627b64,57c18a23f50fddf7105ba9e37b2888edd4014a8bc249971413c53a3e2625de2b
G007,"M=20,20,20,20,|T=0,0,0,0,|B=1,15,1,50;2,15,1,50;",5,0.162254083187826,0.2,0,0,0.121323012265834,42,1.025,1.2,independent_test,scale_medium,diagnostic_r001,snr35_n100,402671101,7f0afb713f70d5ff01f735852b0a04ade4b842803ad8bdf1b082cec6cdc09491,2a3564c41d3d8899d37a152552f25fdabe4e65b69a25996f42c3b02499627b64,57c18a23f50fddf7105ba9e37b2888edd4014a8bc249971413c53a3e2625de2b
G001,"M=20,20,20,20,|T=0,0,0,0,|B=none",7,0.227470249721074,0.2,0,0,0.0266969768936041,6,1.025,0.8,independent_test,scale_medium,diagnostic_r001,nuisance_broad20_n100,402671101,d326dedf85aa9259058eec338a597a29c0a61703ec97621066b1b654ac35e741,1103c19fd77fbba59815e8356a51e84543032440194ae327a1a86b7d1abda6e7,57c18a23f50fddf7105ba9e37b2888edd4014a8bc249971413c53a3e2625de2b
G002,"M=20,20,20,20,|T=0,0,0,0,|B=3,15,1,50;",2,0.160690448015682,0.2,0,0,0.13335584520057,42,1.025,1.2,independent_test,scale_medium,diagnostic_r001,nuisance_broad20_n100,402671101,d326dedf85aa9259058eec338a597a29c0a61703ec97621066b1b654ac35e741,1103c19fd77fbba59815e8356a51e84543032440194ae327a1a86b7d1abda6e7,57c18a23f50fddf7105ba9e37b2888edd4014a8bc249971413c53a3e2625de2b
G003,"M=20,20,20,20,|T=0,0,0,0,|B=2,15,1,50;",1,0.120997001140184,0.2,0,1,0.346916751527918,33,1.025,1.1,independent_test,scale_medium,diagnostic_r001,nuisance_broad20_n100,402671101,d326dedf85aa9259058eec338a597a29c0a61703ec97621066b1b654ac35e741,1103c19fd77fbba59815e8356a51e84543032440194ae327a1a86b7d1abda6e7,57c18a23f50fddf7105ba9e37b2888edd4014a8bc249971413c53a3e2625de2b
G004,"M=20,20,20,20,|T=0,0,0,0,|B=2,15,1,50;3,15,1,50;",4,0.162254083187826,0.2,0,0,0.128426797792966,42,1.025,1.2,independent_test,scale_medium,diagnostic_r001,nuisance_broad20_n100,402671101,d326dedf85aa9259058eec338a597a29c0a61703ec97621066b1b654ac35e741,1103c19fd77fbba59815e8356a51e84543032440194ae327a1a86b7d1abda6e7,57c18a23f50fddf7105ba9e37b2888edd4014a8bc249971413c53a3e2625de2b
G005,"M=20,20,20,20,|T=0,0,0,0,|B=1,15,1,50;",3,0.160690448015682,0.2,0,0,0.13335584520057,42,1.025,1.2,independent_test,scale_medium,diagnostic_r001,nuisance_broad20_n100,402671101,d326dedf85aa9259058eec338a597a29c0a61703ec97621066b1b654ac35e741,1103c19fd77fbba59815e8356a51e84543032440194ae327a1a86b7d1abda6e7,57c18a23f50fddf7105ba9e37b2888edd4014a8bc249971413c53a3e2625de2b
G006,"M=20,20,20,20,|T=0,0,0,0,|B=1,15,1,50;3,15,1,50;",6,0.171486329401502,0.2,0,0,0.102820985591406,42,1.025,1.2,independent_test,scale_medium,diagnostic_r001,nuisance_broad20_n100,402671101,d326dedf85aa9259058eec338a597a29c0a61703ec97621066b1b654ac35e741,1103c19fd77fbba59815e8356a51e84543032440194ae327a1a86b7d1abda6e7,57c18a23f50fddf7105ba9e37b2888edd4014a8bc249971413c53a3e2625de2b
G007,"M=20,20,20,20,|T=0,0,0,0,|B=1,15,1,50;2,15,1,50;",5,0.162254083187826,0.2,0,0,0.128426797792966,42,1.025,1.2,independent_test,scale_medium,diagnostic_r001,nuisance_broad20_n100,402671101,d326dedf85aa9259058eec338a597a29c0a61703ec97621066b1b654ac35e741,1103c19fd77fbba59815e8356a51e84543032440194ae327a1a86b7d1abda6e7,57c18a23f50fddf7105ba9e37b2888edd4014a8bc249971413c53a3e2625de2b
G001,"M=20,20,20,20,|T=0,0,0,0,|B=none",7,0.227470249721074,0.2,0,0,0.0204003086443627,6,1.025,0.8,independent_test,scale_medium,diagnostic_r001,combined_broad35_n20,402671101,1c12aeab299042320cd1246b91ca13eea66ca2fa7de119828ad4b4f8e85db992,6b473c3ad10198fd6faa4d39fcd290ce115ef08f5b87ebf0a9cbba5b3fb16368,57c18a23f50fddf7105ba9e37b2888edd4014a8bc249971413c53a3e2625de2b
G002,"M=20,20,20,20,|T=0,0,0,0,|B=3,15,1,50;",2,0.160690448015682,0.2,0,0,0.128209980037405,42,1.025,1.2,independent_test,scale_medium,diagnostic_r001,combined_broad35_n20,402671101,1c12aeab299042320cd1246b91ca13eea66ca2fa7de119828ad4b4f8e85db992,6b473c3ad10198fd6faa4d39fcd290ce115ef08f5b87ebf0a9cbba5b3fb16368,57c18a23f50fddf7105ba9e37b2888edd4014a8bc249971413c53a3e2625de2b
G003,"M=20,20,20,20,|T=0,0,0,0,|B=2,15,1,50;",1,0.120997001140184,0.2,0,1,0.382311099681207,33,1.025,1.1,independent_test,scale_medium,diagnostic_r001,combined_broad35_n20,402671101,1c12aeab299042320cd1246b91ca13eea66ca2fa7de119828ad4b4f8e85db992,6b473c3ad10198fd6faa4d39fcd290ce115ef08f5b87ebf0a9cbba5b3fb16368,57c18a23f50fddf7105ba9e37b2888edd4014a8bc249971413c53a3e2625de2b
G004,"M=20,20,20,20,|T=0,0,0,0,|B=2,15,1,50;3,15,1,50;",4,0.162254083187826,0.2,0,0,0.122808988128439,42,1.025,1.2,independent_test,scale_medium,diagnostic_r001,combined_broad35_n20,402671101,1c12aeab299042320cd1246b91ca13eea66ca2fa7de119828ad4b4f8e85db992,6b473c3ad10198fd6faa4d39fcd290ce115ef08f5b87ebf0a9cbba5b3fb16368,57c18a23f50fddf7105ba9e37b2888edd4014a8bc249971413c53a3e2625de2b
G005,"M=20,20,20,20,|T=0,0,0,0,|B=1,15,1,50;",3,0.160690448015682,0.2,0,0,0.128209980037405,42,1.025,1.2,independent_test,scale_medium,diagnostic_r001,combined_broad35_n20,402671101,1c12aeab299042320cd1246b91ca13eea66ca2fa7de119828ad4b4f8e85db992,6b473c3ad10198fd6faa4d39fcd290ce115ef08f5b87ebf0a9cbba5b3fb16368,57c18a23f50fddf7105ba9e37b2888edd4014a8bc249971413c53a3e2625de2b
G006,"M=20,20,20,20,|T=0,0,0,0,|B=1,15,1,50;3,15,1,50;",6,0.171486329401502,0.2,0,0,0.0952506553427425,42,1.025,1.2,independent_test,scale_medium,diagnostic_r001,combined_broad35_n20,402671101,1c12aeab299042320cd1246b91ca13eea66ca2fa7de119828ad4b4f8e85db992,6b473c3ad10198fd6faa4d39fcd290ce115ef08f5b87ebf0a9cbba5b3fb16368,57c18a23f50fddf7105ba9e37b2888edd4014a8bc249971413c53a3e2625de2b
G007,"M=20,20,20,20,|T=0,0,0,0,|B=1,15,1,50;2,15,1,50;",5,0.162254083187826,0.2,0,0,0.122808988128439,42,1.025,1.2,independent_test,scale_medium,diagnostic_r001,combined_broad35_n20,402671101,1c12aeab299042320cd1246b91ca13eea66ca2fa7de119828ad4b4f8e85db992,6b473c3ad10198fd6faa4d39fcd290ce115ef08f5b87ebf0a9cbba5b3fb16368,57c18a23f50fddf7105ba9e37b2888edd4014a8bc249971413c53a3e2625de2b
G001,"M=20,20,20,20,|T=0,0,0,0,|B=none",7,0.227470249721074,0.2,0,0,0.0504058980863058,6,1.025,0.8,independent_test,scale_medium,diagnostic_r001,combined_broad35_n100,402671101,8274bb5ff40bb2a58fe041ff16bfa24ee51a1c32db83af11b57e89e8a4fa6d31,0b09bf096d97f35d046486f0441c0cc6ead3de3a99f1d1e8dc44f9692b96438c,57c18a23f50fddf7105ba9e37b2888edd4014a8bc249971413c53a3e2625de2b
G002,"M=20,20,20,20,|T=0,0,0,0,|B=3,15,1,50;",2,0.160690448015682,0.2,0,0,0.142723300230292,42,1.025,1.2,independent_test,scale_medium,diagnostic_r001,combined_broad35_n100,402671101,8274bb5ff40bb2a58fe041ff16bfa24ee51a1c32db83af11b57e89e8a4fa6d31,0b09bf096d97f35d046486f0441c0cc6ead3de3a99f1d1e8dc44f9692b96438c,57c18a23f50fddf7105ba9e37b2888edd4014a8bc249971413c53a3e2625de2b
G003,"M=20,20,20,20,|T=0,0,0,0,|B=2,15,1,50;",1,0.120997001140184,0.2,0,1,0.264952825013834,33,1.025,1.1,independent_test,scale_medium,diagnostic_r001,combined_broad35_n100,402671101,8274bb5ff40bb2a58fe041ff16bfa24ee51a1c32db83af11b57e89e8a4fa6d31,0b09bf096d97f35d046486f0441c0cc6ead3de3a99f1d1e8dc44f9692b96438c,57c18a23f50fddf7105ba9e37b2888edd4014a8bc249971413c53a3e2625de2b
G004,"M=20,20,20,20,|T=0,0,0,0,|B=2,15,1,50;3,15,1,50;",4,0.162254083187826,0.2,0,0,0.139287157882785,42,1.025,1.2,independent_test,scale_medium,diagnostic_r001,combined_broad35_n100,402671101,8274bb5ff40bb2a58fe041ff16bfa24ee51a1c32db83af11b57e89e8a4fa6d31,0b09bf096d97f35d046486f0441c0cc6ead3de3a99f1d1e8dc44f9692b96438c,57c18a23f50fddf7105ba9e37b2888edd4014a8bc249971413c53a3e2625de2b
G005,"M=20,20,20,20,|T=0,0,0,0,|B=1,15,1,50;",3,0.160690448015682,0.2,0,0,0.142723300230292,42,1.025,1.2,independent_test,scale_medium,diagnostic_r001,combined_broad35_n100,402671101,8274bb5ff40bb2a58fe041ff16bfa24ee51a1c32db83af11b57e89e8a4fa6d31,0b09bf096d97f35d046486f0441c0cc6ead3de3a99f1d1e8dc44f9692b96438c,57c18a23f50fddf7105ba9e37b2888edd4014a8bc249971413c53a3e2625de2b
G006,"M=20,20,20,20,|T=0,0,0,0,|B=1,15,1,50;3,15,1,50;",6,0.171486329401502,0.2,0,0,0.120620360673706,42,1.025,1.2,independent_test,scale_medium,diagnostic_r001,combined_broad35_n100,402671101,8274bb5ff40bb2a58fe041ff16bfa24ee51a1c32db83af11b57e89e8a4fa6d31,0b09bf096d97f35d046486f0441c0cc6ead3de3a99f1d1e8dc44f9692b96438c,57c18a23f50fddf7105ba9e37b2888edd4014a8bc249971413c53a3e2625de2b
G007,"M=20,20,20,20,|T=0,0,0,0,|B=1,15,1,50;2,15,1,50;",5,0.162254083187826,0.2,0,0,0.139287157882785,42,1.025,1.2,independent_test,scale_medium,diagnostic_r001,combined_broad35_n100,402671101,8274bb5ff40bb2a58fe041ff16bfa24ee51a1c32db83af11b57e89e8a4fa6d31,0b09bf096d97f35d046486f0441c0cc6ead3de3a99f1d1e8dc44f9692b96438c,57c18a23f50fddf7105ba9e37b2888edd4014a8bc249971413c53a3e2625de2b
G001,"M=20,20,20,20,|T=0,0,0,0,|B=none",7,0.227470249721074,0.2,0,0,0.012081485726797,6,1.025,0.8,independent_test,scale_medium,diagnostic_r001,originalset_split_evidence_n20,402671101,5f1358b1feb7aecec6b3cf6d0a8a647cd9fef5058685b20e09546ffbf79e34bd,bd543783f055a3ed562e9bcdc0d7630dabcb9e99935e040acc7ebe5c542eb670,57c18a23f50fddf7105ba9e37b2888edd4014a8bc249971413c53a3e2625de2b
G002,"M=20,20,20,20,|T=0,0,0,0,|B=3,15,1,50;",2,0.160690448015682,0.2,0,0,0.116986332186359,42,1.025,1.2,independent_test,scale_medium,diagnostic_r001,originalset_split_evidence_n20,402671101,5f1358b1feb7aecec6b3cf6d0a8a647cd9fef5058685b20e09546ffbf79e34bd,bd543783f055a3ed562e9bcdc0d7630dabcb9e99935e040acc7ebe5c542eb670,57c18a23f50fddf7105ba9e37b2888edd4014a8bc249971413c53a3e2625de2b
G003,"M=20,20,20,20,|T=0,0,0,0,|B=2,15,1,50;",1,0.120997001140184,0.2,0,1,0.451040366011331,33,1.025,1.1,independent_test,scale_medium,diagnostic_r001,originalset_split_evidence_n20,402671101,5f1358b1feb7aecec6b3cf6d0a8a647cd9fef5058685b20e09546ffbf79e34bd,bd543783f055a3ed562e9bcdc0d7630dabcb9e99935e040acc7ebe5c542eb670,57c18a23f50fddf7105ba9e37b2888edd4014a8bc249971413c53a3e2625de2b
G004,"M=20,20,20,20,|T=0,0,0,0,|B=2,15,1,50;3,15,1,50;",4,0.162254083187826,0.2,0,0,0.110929688616773,42,1.025,1.2,independent_test,scale_medium,diagnostic_r001,originalset_split_evidence_n20,402671101,5f1358b1feb7aecec6b3cf6d0a8a647cd9fef5058685b20e09546ffbf79e34bd,bd543783f055a3ed562e9bcdc0d7630dabcb9e99935e040acc7ebe5c542eb670,57c18a23f50fddf7105ba9e37b2888edd4014a8bc249971413c53a3e2625de2b
G005,"M=20,20,20,20,|T=0,0,0,0,|B=1,15,1,50;",3,0.160690448015682,0.2,0,0,0.116986332186359,42,1.025,1.2,independent_test,scale_medium,diagnostic_r001,originalset_split_evidence_n20,402671101,5f1358b1feb7aecec6b3cf6d0a8a647cd9fef5058685b20e09546ffbf79e34bd,bd543783f055a3ed562e9bcdc0d7630dabcb9e99935e040acc7ebe5c542eb670,57c18a23f50fddf7105ba9e37b2888edd4014a8bc249971413c53a3e2625de2b
G006,"M=20,20,20,20,|T=0,0,0,0,|B=1,15,1,50;3,15,1,50;",6,0.171486329401502,0.2,0,0,0.0810461066556084,42,1.025,1.2,independent_test,scale_medium,diagnostic_r001,originalset_split_evidence_n20,402671101,5f1358b1feb7aecec6b3cf6d0a8a647cd9fef5058685b20e09546ffbf79e34bd,bd543783f055a3ed562e9bcdc0d7630dabcb9e99935e040acc7ebe5c542eb670,57c18a23f50fddf7105ba9e37b2888edd4014a8bc249971413c53a3e2625de2b
G007,"M=20,20,20,20,|T=0,0,0,0,|B=1,15,1,50;2,15,1,50;",5,0.162254083187826,0.2,0,0,0.110929688616773,42,1.025,1.2,independent_test,scale_medium,diagnostic_r001,originalset_split_evidence_n20,402671101,5f1358b1feb7aecec6b3cf6d0a8a647cd9fef5058685b20e09546ffbf79e34bd,bd543783f055a3ed562e9bcdc0d7630dabcb9e99935e040acc7ebe5c542eb670,57c18a23f50fddf7105ba9e37b2888edd4014a8bc249971413c53a3e2625de2b
G001,"M=20,20,20,20,|T=0,0,0,0,|B=none",7,0.196931313203572,0.0476190476190476,0,0,0.0193781934975198,NaN,NaN,NaN,independent_test,scale_medium,diagnostic_r002,stage6b_baseline,402671102,3df20800c72d254bfbeac5b7ed8f81b4e0fc610d0de8608936ad81f3937545e6,338957fd30a138ff6adfe441c913aa420e71671d48035f8f9c9fdbb0fcd41ae4,57c18a23f50fddf7105ba9e37b2888edd4014a8bc249971413c53a3e2625de2b
G002,"M=20,20,20,20,|T=0,0,0,0,|B=3,15,1,50;",2,0.131348347245674,0.0476190476190476,0,0,0.0987292729773581,NaN,NaN,NaN,independent_test,scale_medium,diagnostic_r002,stage6b_baseline,402671102,3df20800c72d254bfbeac5b7ed8f81b4e0fc610d0de8608936ad81f3937545e6,338957fd30a138ff6adfe441c913aa420e71671d48035f8f9c9fdbb0fcd41ae4,57c18a23f50fddf7105ba9e37b2888edd4014a8bc249971413c53a3e2625de2b
G003,"M=20,20,20,20,|T=0,0,0,0,|B=2,15,1,50;",1,0.0605791695040507,0.476190476190476,1,1,0.572133896208465,NaN,NaN,NaN,independent_test,scale_medium,diagnostic_r002,stage6b_baseline,402671102,3df20800c72d254bfbeac5b7ed8f81b4e0fc610d0de8608936ad81f3937545e6,338957fd30a138ff6adfe441c913aa420e71671d48035f8f9c9fdbb0fcd41ae4,57c18a23f50fddf7105ba9e37b2888edd4014a8bc249971413c53a3e2625de2b
G004,"M=20,20,20,20,|T=0,0,0,0,|B=2,15,1,50;3,15,1,50;",4,0.141454630506999,0.0476190476190476,0,0,0.0768205400469994,NaN,NaN,NaN,independent_test,scale_medium,diagnostic_r002,stage6b_baseline,402671102,3df20800c72d254bfbeac5b7ed8f81b4e0fc610d0de8608936ad81f3937545e6,338957fd30a138ff6adfe441c913aa420e71671d48035f8f9c9fdbb0fcd41ae4,57c18a23f50fddf7105ba9e37b2888edd4014a8bc249971413c53a3e2625de2b
G005,"M=20,20,20,20,|T=0,0,0,0,|B=1,15,1,50;",3,0.131348347245674,0.0476190476190476,0,0,0.0987292729773581,NaN,NaN,NaN,independent_test,scale_medium,diagnostic_r002,stage6b_baseline,402671102,3df20800c72d254bfbeac5b7ed8f81b4e0fc610d0de8608936ad81f3937545e6,338957fd30a138ff6adfe441c913aa420e71671d48035f8f9c9fdbb0fcd41ae4,57c18a23f50fddf7105ba9e37b2888edd4014a8bc249971413c53a3e2625de2b
G006,"M=20,20,20,20,|T=0,0,0,0,|B=1,15,1,50;3,15,1,50;",6,0.15320115715513,0.0476190476190476,0,0,0.0573882842452999,NaN,NaN,NaN,independent_test,scale_medium,diagnostic_r002,stage6b_baseline,402671102,3df20800c72d254bfbeac5b7ed8f81b4e0fc610d0de8608936ad81f3937545e6,338957fd30a138ff6adfe441c913aa420e71671d48035f8f9c9fdbb0fcd41ae4,57c18a23f50fddf7105ba9e37b2888edd4014a8bc249971413c53a3e2625de2b
G007,"M=20,20,20,20,|T=0,0,0,0,|B=1,15,1,50;2,15,1,50;",5,0.141454630506999,0.0476190476190476,0,0,0.0768205400469994,NaN,NaN,NaN,independent_test,scale_medium,diagnostic_r002,stage6b_baseline,402671102,3df20800c72d254bfbeac5b7ed8f81b4e0fc610d0de8608936ad81f3937545e6,338957fd30a138ff6adfe441c913aa420e71671d48035f8f9c9fdbb0fcd41ae4,57c18a23f50fddf7105ba9e37b2888edd4014a8bc249971413c53a3e2625de2b
G001,"M=20,20,20,20,|T=0,0,0,0,|B=none",7,0.196931313203572,0.2,0,0,0.0160747795507362,5,1,0.8,independent_test,scale_medium,diagnostic_r002,stage7a_original_reused,402671102,5f1358b1feb7aecec6b3cf6d0a8a647cd9fef5058685b20e09546ffbf79e34bd,b33d878a4d595a68ef0c9192c45e825adb1076d2dcb0e732d273fd8ed6d4a512,57c18a23f50fddf7105ba9e37b2888edd4014a8bc249971413c53a3e2625de2b
G002,"M=20,20,20,20,|T=0,0,0,0,|B=3,15,1,50;",3,0.130739907372286,0.2,0,0,0.0927159015689522,41,1,1.2,independent_test,scale_medium,diagnostic_r002,stage7a_original_reused,402671102,5f1358b1feb7aecec6b3cf6d0a8a647cd9fef5058685b20e09546ffbf79e34bd,b33d878a4d595a68ef0c9192c45e825adb1076d2dcb0e732d273fd8ed6d4a512,57c18a23f50fddf7105ba9e37b2888edd4014a8bc249971413c53a3e2625de2b
G003,"M=20,20,20,20,|T=0,0,0,0,|B=2,15,1,50;",1,0.0604752162167045,0.4,1,1,0.595654454222697,32,1,1.1,independent_test,scale_medium,diagnostic_r002,stage7a_original_reused,402671102,5f1358b1feb7aecec6b3cf6d0a8a647cd9fef5058685b20e09546ffbf79e34bd,b33d878a4d595a68ef0c9192c45e825adb1076d2dcb0e732d273fd8ed6d4a512,57c18a23f50fddf7105ba9e37b2888edd4014a8bc249971413c53a3e2625de2b
G004,"M=20,20,20,20,|T=0,0,0,0,|B=2,15,1,50;3,15,1,50;",4,0.139178559362136,0.2,0,0,0.0741539349215249,41,1,1.2,independent_test,scale_medium,diagnostic_r002,stage7a_original_reused,402671102,5f1358b1feb7aecec6b3cf6d0a8a647cd9fef5058685b20e09546ffbf79e34bd,b33d878a4d595a68ef0c9192c45e825adb1076d2dcb0e732d273fd8ed6d4a512,57c18a23f50fddf7105ba9e37b2888edd4014a8bc249971413c53a3e2625de2b
G005,"M=20,20,20,20,|T=0,0,0,0,|B=1,15,1,50;",2,0.130739907372286,0.2,0,0,0.0927159015689523,41,1,1.2,independent_test,scale_medium,diagnostic_r002,stage7a_original_reused,402671102,5f1358b1feb7aecec6b3cf6d0a8a647cd9fef5058685b20e09546ffbf79e34bd,b33d878a4d595a68ef0c9192c45e825adb1076d2dcb0e732d273fd8ed6d4a512,57c18a23f50fddf7105ba9e37b2888edd4014a8bc249971413c53a3e2625de2b
G006,"M=20,20,20,20,|T=0,0,0,0,|B=1,15,1,50;3,15,1,50;",6,0.150789313292956,0.2,0,0,0.0545310932456123,41,1,1.2,independent_test,scale_medium,diagnostic_r002,stage7a_original_reused,402671102,5f1358b1feb7aecec6b3cf6d0a8a647cd9fef5058685b20e09546ffbf79e34bd,b33d878a4d595a68ef0c9192c45e825adb1076d2dcb0e732d273fd8ed6d4a512,57c18a23f50fddf7105ba9e37b2888edd4014a8bc249971413c53a3e2625de2b
G007,"M=20,20,20,20,|T=0,0,0,0,|B=1,15,1,50;2,15,1,50;",5,0.139178559362136,0.2,0,0,0.0741539349215249,41,1,1.2,independent_test,scale_medium,diagnostic_r002,stage7a_original_reused,402671102,5f1358b1feb7aecec6b3cf6d0a8a647cd9fef5058685b20e09546ffbf79e34bd,b33d878a4d595a68ef0c9192c45e825adb1076d2dcb0e732d273fd8ed6d4a512,57c18a23f50fddf7105ba9e37b2888edd4014a8bc249971413c53a3e2625de2b
G001,"M=20,20,20,20,|T=0,0,0,0,|B=none",7,0.196931313203572,0.2,0,0,0.0175340173989103,5,1,0.8,independent_test,scale_medium,diagnostic_r002,matched20_n20,402671102,04cc12ca9872336b76016781c8c6d1a8992ced1dc2d46fcf923bfabfc4987267,7b6606aa92d1ceb6bb03209e4fa9dde946c627c8cbdc4e760f1c648c6c29162b,57c18a23f50fddf7105ba9e37b2888edd4014a8bc249971413c53a3e2625de2b
G002,"M=20,20,20,20,|T=0,0,0,0,|B=3,15,1,50;",3,0.130739907372286,0.2,0,0,0.0956903022310691,41,1,1.2,independent_test,scale_medium,diagnostic_r002,matched20_n20,402671102,04cc12ca9872336b76016781c8c6d1a8992ced1dc2d46fcf923bfabfc4987267,7b6606aa92d1ceb6bb03209e4fa9dde946c627c8cbdc4e760f1c648c6c29162b,57c18a23f50fddf7105ba9e37b2888edd4014a8bc249971413c53a3e2625de2b
G003,"M=20,20,20,20,|T=0,0,0,0,|B=2,15,1,50;",1,0.0604752162167045,0.6,1,1,0.579705043124603,32,1,1.1,independent_test,scale_medium,diagnostic_r002,matched20_n20,402671102,04cc12ca9872336b76016781c8c6d1a8992ced1dc2d46fcf923bfabfc4987267,7b6606aa92d1ceb6bb03209e4fa9dde946c627c8cbdc4e760f1c648c6c29162b,57c18a23f50fddf7105ba9e37b2888edd4014a8bc249971413c53a3e2625de2b
G004,"M=20,20,20,20,|T=0,0,0,0,|B=2,15,1,50;3,15,1,50;",4,0.139178559362136,0.2,0,0,0.0770744659404737,41,1,1.2,independent_test,scale_medium,diagnostic_r002,matched20_n20,402671102,04cc12ca9872336b76016781c8c6d1a8992ced1dc2d46fcf923bfabfc4987267,7b6606aa92d1ceb6bb03209e4fa9dde946c627c8cbdc4e760f1c648c6c29162b,57c18a23f50fddf7105ba9e37b2888edd4014a8bc249971413c53a3e2625de2b
G005,"M=20,20,20,20,|T=0,0,0,0,|B=1,15,1,50;",2,0.130739907372286,0.2,0,0,0.0956903022310692,41,1,1.2,independent_test,scale_medium,diagnostic_r002,matched20_n20,402671102,04cc12ca9872336b76016781c8c6d1a8992ced1dc2d46fcf923bfabfc4987267,7b6606aa92d1ceb6bb03209e4fa9dde946c627c8cbdc4e760f1c648c6c29162b,57c18a23f50fddf7105ba9e37b2888edd4014a8bc249971413c53a3e2625de2b
G006,"M=20,20,20,20,|T=0,0,0,0,|B=1,15,1,50;3,15,1,50;",6,0.150789313292956,0.2,0,0,0.0572314031334012,41,1,1.2,independent_test,scale_medium,diagnostic_r002,matched20_n20,402671102,04cc12ca9872336b76016781c8c6d1a8992ced1dc2d46fcf923bfabfc4987267,7b6606aa92d1ceb6bb03209e4fa9dde946c627c8cbdc4e760f1c648c6c29162b,57c18a23f50fddf7105ba9e37b2888edd4014a8bc249971413c53a3e2625de2b
G007,"M=20,20,20,20,|T=0,0,0,0,|B=1,15,1,50;2,15,1,50;",5,0.139178559362136,0.2,0,0,0.0770744659404737,41,1,1.2,independent_test,scale_medium,diagnostic_r002,matched20_n20,402671102,04cc12ca9872336b76016781c8c6d1a8992ced1dc2d46fcf923bfabfc4987267,7b6606aa92d1ceb6bb03209e4fa9dde946c627c8cbdc4e760f1c648c6c29162b,57c18a23f50fddf7105ba9e37b2888edd4014a8bc249971413c53a3e2625de2b
G001,"M=20,20,20,20,|T=0,0,0,0,|B=none",7,0.196931313203572,0.2,0,0,0.0159253136016454,5,1,0.8,independent_test,scale_medium,diagnostic_r002,matched20_n100,402671102,6764bb38697cb2c7b1e66304f3fc4cc4d6166981ca04a7697155fcb7f245e509,6ac166e7301964ab7635c9e9bea70e931720f8ab70caf35bcc857b049d946b63,57c18a23f50fddf7105ba9e37b2888edd4014a8bc249971413c53a3e2625de2b
G002,"M=20,20,20,20,|T=0,0,0,0,|B=3,15,1,50;",3,0.130739907372286,0.2,0,0,0.0923978591637671,41,1,1.2,independent_test,scale_medium,diagnostic_r002,matched20_n100,402671102,6764bb38697cb2c7b1e66304f3fc4cc4d6166981ca04a7697155fcb7f245e509,6ac166e7301964ab7635c9e9bea70e931720f8ab70caf35bcc857b049d946b63,57c18a23f50fddf7105ba9e37b2888edd4014a8bc249971413c53a3e2625de2b
G003,"M=20,20,20,20,|T=0,0,0,0,|B=2,15,1,50;",1,0.0604752162167045,0.6,1,1,0.597344156841124,32,1,1.1,independent_test,scale_medium,diagnostic_r002,matched20_n100,402671102,6764bb38697cb2c7b1e66304f3fc4cc4d6166981ca04a7697155fcb7f245e509,6ac166e7301964ab7635c9e9bea70e931720f8ab70caf35bcc857b049d946b63,57c18a23f50fddf7105ba9e37b2888edd4014a8bc249971413c53a3e2625de2b
G004,"M=20,20,20,20,|T=0,0,0,0,|B=2,15,1,50;3,15,1,50;",4,0.139178559362136,0.2,0,0,0.0738439487956438,41,1,1.2,independent_test,scale_medium,diagnostic_r002,matched20_n100,402671102,6764bb38697cb2c7b1e66304f3fc4cc4d6166981ca04a7697155fcb7f245e509,6ac166e7301964ab7635c9e9bea70e931720f8ab70caf35bcc857b049d946b63,57c18a23f50fddf7105ba9e37b2888edd4014a8bc249971413c53a3e2625de2b
G005,"M=20,20,20,20,|T=0,0,0,0,|B=1,15,1,50;",2,0.130739907372286,0.2,0,0,0.0923978591637672,41,1,1.2,independent_test,scale_medium,diagnostic_r002,matched20_n100,402671102,6764bb38697cb2c7b1e66304f3fc4cc4d6166981ca04a7697155fcb7f245e509,6ac166e7301964ab7635c9e9bea70e931720f8ab70caf35bcc857b049d946b63,57c18a23f50fddf7105ba9e37b2888edd4014a8bc249971413c53a3e2625de2b
G006,"M=20,20,20,20,|T=0,0,0,0,|B=1,15,1,50;3,15,1,50;",6,0.150789313292956,0.2,0,0,0.0542469136384085,41,1,1.2,independent_test,scale_medium,diagnostic_r002,matched20_n100,402671102,6764bb38697cb2c7b1e66304f3fc4cc4d6166981ca04a7697155fcb7f245e509,6ac166e7301964ab7635c9e9bea70e931720f8ab70caf35bcc857b049d946b63,57c18a23f50fddf7105ba9e37b2888edd4014a8bc249971413c53a3e2625de2b
G007,"M=20,20,20,20,|T=0,0,0,0,|B=1,15,1,50;2,15,1,50;",5,0.139178559362136,0.2,0,0,0.0738439487956438,41,1,1.2,independent_test,scale_medium,diagnostic_r002,matched20_n100,402671102,6764bb38697cb2c7b1e66304f3fc4cc4d6166981ca04a7697155fcb7f245e509,6ac166e7301964ab7635c9e9bea70e931720f8ab70caf35bcc857b049d946b63,57c18a23f50fddf7105ba9e37b2888edd4014a8bc249971413c53a3e2625de2b
G001,"M=20,20,20,20,|T=0,0,0,0,|B=none",7,0.196931313203572,0.2,0,0,0.0172271038059759,5,1,0.8,independent_test,scale_medium,diagnostic_r002,matched20_n200,402671102,6d8f58840ccba5a541f82ccafafda5e63da5b3db3f03d4c86335eb2c12c86e47,1188f3bceec1fadf834f6e5e2d0ffb68c19e1c4f1c43c96be402543259cebb13,57c18a23f50fddf7105ba9e37b2888edd4014a8bc249971413c53a3e2625de2b
G002,"M=20,20,20,20,|T=0,0,0,0,|B=3,15,1,50;",3,0.130739907372286,0.2,0,0,0.0950836263948834,41,1,1.2,independent_test,scale_medium,diagnostic_r002,matched20_n200,402671102,6d8f58840ccba5a541f82ccafafda5e63da5b3db3f03d4c86335eb2c12c86e47,1188f3bceec1fadf834f6e5e2d0ffb68c19e1c4f1c43c96be402543259cebb13,57c18a23f50fddf7105ba9e37b2888edd4014a8bc249971413c53a3e2625de2b
G003,"M=20,20,20,20,|T=0,0,0,0,|B=2,15,1,50;",1,0.0604752162167045,1,1,1,0.582980230414794,32,1,1.1,independent_test,scale_medium,diagnostic_r002,matched20_n200,402671102,6d8f58840ccba5a541f82ccafafda5e63da5b3db3f03d4c86335eb2c12c86e47,1188f3bceec1fadf834f6e5e2d0ffb68c19e1c4f1c43c96be402543259cebb13,57c18a23f50fddf7105ba9e37b2888edd4014a8bc249971413c53a3e2625de2b
G004,"M=20,20,20,20,|T=0,0,0,0,|B=2,15,1,50;3,15,1,50;",4,0.139178559362136,0.2,0,0,0.0764755750800532,41,1,1.2,independent_test,scale_medium,diagnostic_r002,matched20_n200,402671102,6d8f58840ccba5a541f82ccafafda5e63da5b3db3f03d4c86335eb2c12c86e47,1188f3bceec1fadf834f6e5e2d0ffb68c19e1c4f1c43c96be402543259cebb13,57c18a23f50fddf7105ba9e37b2888edd4014a8bc249971413c53a3e2625de2b
G005,"M=20,20,20,20,|T=0,0,0,0,|B=1,15,1,50;",2,0.130739907372286,0.2,0,0,0.0950836263948835,41,1,1.2,independent_test,scale_medium,diagnostic_r002,matched20_n200,402671102,6d8f58840ccba5a541f82ccafafda5e63da5b3db3f03d4c86335eb2c12c86e47,1188f3bceec1fadf834f6e5e2d0ffb68c19e1c4f1c43c96be402543259cebb13,57c18a23f50fddf7105ba9e37b2888edd4014a8bc249971413c53a3e2625de2b
G006,"M=20,20,20,20,|T=0,0,0,0,|B=1,15,1,50;3,15,1,50;",6,0.150789313292956,0.2,0,0,0.056674262829357,41,1,1.2,independent_test,scale_medium,diagnostic_r002,matched20_n200,402671102,6d8f58840ccba5a541f82ccafafda5e63da5b3db3f03d4c86335eb2c12c86e47,1188f3bceec1fadf834f6e5e2d0ffb68c19e1c4f1c43c96be402543259cebb13,57c18a23f50fddf7105ba9e37b2888edd4014a8bc249971413c53a3e2625de2b
G007,"M=20,20,20,20,|T=0,0,0,0,|B=1,15,1,50;2,15,1,50;",5,0.139178559362136,0.2,0,0,0.0764755750800532,41,1,1.2,independent_test,scale_medium,diagnostic_r002,matched20_n200,402671102,6d8f58840ccba5a541f82ccafafda5e63da5b3db3f03d4c86335eb2c12c86e47,1188f3bceec1fadf834f6e5e2d0ffb68c19e1c4f1c43c96be402543259cebb13,57c18a23f50fddf7105ba9e37b2888edd4014a8bc249971413c53a3e2625de2b
G001,"M=20,20,20,20,|T=0,0,0,0,|B=none",7,0.196931313203572,0.2,0,0,0.013126793518605,5,1,0.8,independent_test,scale_medium,diagnostic_r002,snr35_n100,402671102,7f0afb713f70d5ff01f735852b0a04ade4b842803ad8bdf1b082cec6cdc09491,2a3564c41d3d8899d37a152552f25fdabe4e65b69a25996f42c3b02499627b64,57c18a23f50fddf7105ba9e37b2888edd4014a8bc249971413c53a3e2625de2b
G002,"M=20,20,20,20,|T=0,0,0,0,|B=3,15,1,50;",3,0.130739907372286,0.2,0,0,0.0859121773966543,41,1,1.2,independent_test,scale_medium,diagnostic_r002,snr35_n100,402671102,7f0afb713f70d5ff01f735852b0a04ade4b842803ad8bdf1b082cec6cdc09491,2a3564c41d3d8899d37a152552f25fdabe4e65b69a25996f42c3b02499627b64,57c18a23f50fddf7105ba9e37b2888edd4014a8bc249971413c53a3e2625de2b
G003,"M=20,20,20,20,|T=0,0,0,0,|B=2,15,1,50;",1,0.0604752162167045,0.6,1,1,0.631188959039261,32,1,1.1,independent_test,scale_medium,diagnostic_r002,snr35_n100,402671102,7f0afb713f70d5ff01f735852b0a04ade4b842803ad8bdf1b082cec6cdc09491,2a3564c41d3d8899d37a152552f25fdabe4e65b69a25996f42c3b02499627b64,57c18a23f50fddf7105ba9e37b2888edd4014a8bc249971413c53a3e2625de2b
G004,"M=20,20,20,20,|T=0,0,0,0,|B=2,15,1,50;3,15,1,50;",4,0.139178559362136,0.2,0,0,0.0676140965519439,41,1,1.2,independent_test,scale_medium,diagnostic_r002,snr35_n100,402671102,7f0afb713f70d5ff01f735852b0a04ade4b842803ad8bdf1b082cec6cdc09491,2a3564c41d3d8899d37a152552f25fdabe4e65b69a25996f42c3b02499627b64,57c18a23f50fddf7105ba9e37b2888edd4014a8bc249971413c53a3e2625de2b
G005,"M=20,20,20,20,|T=0,0,0,0,|B=1,15,1,50;",2,0.130739907372286,0.2,0,0,0.0859121773966543,41,1,1.2,independent_test,scale_medium,diagnostic_r002,snr35_n100,402671102,7f0afb713f70d5ff01f735852b0a04ade4b842803ad8bdf1b082cec6cdc09491,2a3564c41d3d8899d37a152552f25fdabe4e65b69a25996f42c3b02499627b64,57c18a23f50fddf7105ba9e37b2888edd4014a8bc249971413c53a3e2625de2b
G006,"M=20,20,20,20,|T=0,0,0,0,|B=1,15,1,50;3,15,1,50;",6,0.150789313292956,0.2,0,0,0.0486316995449379,41,1,1.2,independent_test,scale_medium,diagnostic_r002,snr35_n100,402671102,7f0afb713f70d5ff01f735852b0a04ade4b842803ad8bdf1b082cec6cdc09491,2a3564c41d3d8899d37a152552f25fdabe4e65b69a25996f42c3b02499627b64,57c18a23f50fddf7105ba9e37b2888edd4014a8bc249971413c53a3e2625de2b
G007,"M=20,20,20,20,|T=0,0,0,0,|B=1,15,1,50;2,15,1,50;",5,0.139178559362136,0.2,0,0,0.0676140965519439,41,1,1.2,independent_test,scale_medium,diagnostic_r002,snr35_n100,402671102,7f0afb713f70d5ff01f735852b0a04ade4b842803ad8bdf1b082cec6cdc09491,2a3564c41d3d8899d37a152552f25fdabe4e65b69a25996f42c3b02499627b64,57c18a23f50fddf7105ba9e37b2888edd4014a8bc249971413c53a3e2625de2b
G001,"M=20,20,20,20,|T=0,0,0,0,|B=none",7,0.196931313203572,0.2,0,0,0.0205418913889601,5,1,0.8,independent_test,scale_medium,diagnostic_r002,nuisance_broad20_n100,402671102,d326dedf85aa9259058eec338a597a29c0a61703ec97621066b1b654ac35e741,1103c19fd77fbba59815e8356a51e84543032440194ae327a1a86b7d1abda6e7,57c18a23f50fddf7105ba9e37b2888edd4014a8bc249971413c53a3e2625de2b
G002,"M=20,20,20,20,|T=0,0,0,0,|B=3,15,1,50;",3,0.130739907372286,0.2,0,0,0.10116621122624,41,1,1.2,independent_test,scale_medium,diagnostic_r002,nuisance_broad20_n100,402671102,d326dedf85aa9259058eec338a597a29c0a61703ec97621066b1b654ac35e741,1103c19fd77fbba59815e8356a51e84543032440194ae327a1a86b7d1abda6e7,57c18a23f50fddf7105ba9e37b2888edd4014a8bc249971413c53a3e2625de2b
G003,"M=20,20,20,20,|T=0,0,0,0,|B=2,15,1,50;",1,0.0604752162167045,0.2,0,1,0.54959039578964,32,1,1.1,independent_test,scale_medium,diagnostic_r002,nuisance_broad20_n100,402671102,d326dedf85aa9259058eec338a597a29c0a61703ec97621066b1b654ac35e741,1103c19fd77fbba59815e8356a51e84543032440194ae327a1a86b7d1abda6e7,57c18a23f50fddf7105ba9e37b2888edd4014a8bc249971413c53a3e2625de2b
G004,"M=20,20,20,20,|T=0,0,0,0,|B=2,15,1,50;3,15,1,50;",4,0.139178559362136,0.2,0,0,0.0825587264166701,41,1,1.2,independent_test,scale_medium,diagnostic_r002,nuisance_broad20_n100,402671102,d326dedf85aa9259058eec338a597a29c0a61703ec97621066b1b654ac35e741,1103c19fd77fbba59815e8356a51e84543032440194ae327a1a86b7d1abda6e7,57c18a23f50fddf7105ba9e37b2888edd4014a8bc249971413c53a3e2625de2b
G005,"M=20,20,20,20,|T=0,0,0,0,|B=1,15,1,50;",2,0.130739907372286,0.2,0,0,0.10116621122624,41,1,1.2,independent_test,scale_medium,diagnostic_r002,nuisance_broad20_n100,402671102,d326dedf85aa9259058eec338a597a29c0a61703ec97621066b1b654ac35e741,1103c19fd77fbba59815e8356a51e84543032440194ae327a1a86b7d1abda6e7,57c18a23f50fddf7105ba9e37b2888edd4014a8bc249971413c53a3e2625de2b
G006,"M=20,20,20,20,|T=0,0,0,0,|B=1,15,1,50;3,15,1,50;",6,0.150789313292956,0.2,0,0,0.0624178375355804,41,1,1.2,independent_test,scale_medium,diagnostic_r002,nuisance_broad20_n100,402671102,d326dedf85aa9259058eec338a597a29c0a61703ec97621066b1b654ac35e741,1103c19fd77fbba59815e8356a51e84543032440194ae327a1a86b7d1abda6e7,57c18a23f50fddf7105ba9e37b2888edd4014a8bc249971413c53a3e2625de2b
G007,"M=20,20,20,20,|T=0,0,0,0,|B=1,15,1,50;2,15,1,50;",5,0.139178559362136,0.2,0,0,0.0825587264166701,41,1,1.2,independent_test,scale_medium,diagnostic_r002,nuisance_broad20_n100,402671102,d326dedf85aa9259058eec338a597a29c0a61703ec97621066b1b654ac35e741,1103c19fd77fbba59815e8356a51e84543032440194ae327a1a86b7d1abda6e7,57c18a23f50fddf7105ba9e37b2888edd4014a8bc249971413c53a3e2625de2b
G001,"M=20,20,20,20,|T=0,0,0,0,|B=none",7,0.196931313203572,0.2,0,0,0.0143868140170173,5,1,0.8,independent_test,scale_medium,diagnostic_r002,combined_broad35_n20,402671102,1c12aeab299042320cd1246b91ca13eea66ca2fa7de119828ad4b4f8e85db992,6b473c3ad10198fd6faa4d39fcd290ce115ef08f5b87ebf0a9cbba5b3fb16368,57c18a23f50fddf7105ba9e37b2888edd4014a8bc249971413c53a3e2625de2b
G002,"M=20,20,20,20,|T=0,0,0,0,|B=3,15,1,50;",3,0.130739907372286,0.2,0,0,0.0889643572372525,41,1,1.2,independent_test,scale_medium,diagnostic_r002,combined_broad35_n20,402671102,1c12aeab299042320cd1246b91ca13eea66ca2fa7de119828ad4b4f8e85db992,6b473c3ad10198fd6faa4d39fcd290ce115ef08f5b87ebf0a9cbba5b3fb16368,57c18a23f50fddf7105ba9e37b2888edd4014a8bc249971413c53a3e2625de2b
G003,"M=20,20,20,20,|T=0,0,0,0,|B=2,15,1,50;",1,0.0604752162167045,0.6,1,1,0.615402808821912,32,1,1.1,independent_test,scale_medium,diagnostic_r002,combined_broad35_n20,402671102,1c12aeab299042320cd1246b91ca13eea66ca2fa7de119828ad4b4f8e85db992,6b473c3ad10198fd6faa4d39fcd290ce115ef08f5b87ebf0a9cbba5b3fb16368,57c18a23f50fddf7105ba9e37b2888edd4014a8bc249971413c53a3e2625de2b
G004,"M=20,20,20,20,|T=0,0,0,0,|B=2,15,1,50;3,15,1,50;",4,0.139178559362136,0.2,0,0,0.0705245757440716,41,1,1.2,independent_test,scale_medium,diagnostic_r002,combined_broad35_n20,402671102,1c12aeab299042320cd1246b91ca13eea66ca2fa7de119828ad4b4f8e85db992,6b473c3ad10198fd6faa4d39fcd290ce115ef08f5b87ebf0a9cbba5b3fb16368,57c18a23f50fddf7105ba9e37b2888edd4014a8bc249971413c53a3e2625de2b
G005,"M=20,20,20,20,|T=0,0,0,0,|B=1,15,1,50;",2,0.130739907372286,0.2,0,0,0.0889643572372526,41,1,1.2,independent_test,scale_medium,diagnostic_r002,combined_broad35_n20,402671102,1c12aeab299042320cd1246b91ca13eea66ca2fa7de119828ad4b4f8e85db992,6b473c3ad10198fd6faa4d39fcd290ce115ef08f5b87ebf0a9cbba5b3fb16368,57c18a23f50fddf7105ba9e37b2888edd4014a8bc249971413c53a3e2625de2b
G006,"M=20,20,20,20,|T=0,0,0,0,|B=1,15,1,50;3,15,1,50;",6,0.150789313292956,0.2,0,0,0.0512325111984226,41,1,1.2,independent_test,scale_medium,diagnostic_r002,combined_broad35_n20,402671102,1c12aeab299042320cd1246b91ca13eea66ca2fa7de119828ad4b4f8e85db992,6b473c3ad10198fd6faa4d39fcd290ce115ef08f5b87ebf0a9cbba5b3fb16368,57c18a23f50fddf7105ba9e37b2888edd4014a8bc249971413c53a3e2625de2b
G007,"M=20,20,20,20,|T=0,0,0,0,|B=1,15,1,50;2,15,1,50;",5,0.139178559362136,0.2,0,0,0.0705245757440716,41,1,1.2,independent_test,scale_medium,diagnostic_r002,combined_broad35_n20,402671102,1c12aeab299042320cd1246b91ca13eea66ca2fa7de119828ad4b4f8e85db992,6b473c3ad10198fd6faa4d39fcd290ce115ef08f5b87ebf0a9cbba5b3fb16368,57c18a23f50fddf7105ba9e37b2888edd4014a8bc249971413c53a3e2625de2b
G001,"M=20,20,20,20,|T=0,0,0,0,|B=none",7,0.196931313203572,0.2,0,0,0.04551415042476,5,1,0.8,independent_test,scale_medium,diagnostic_r002,combined_broad35_n100,402671102,8274bb5ff40bb2a58fe041ff16bfa24ee51a1c32db83af11b57e89e8a4fa6d31,0b09bf096d97f35d046486f0441c0cc6ead3de3a99f1d1e8dc44f9692b96438c,57c18a23f50fddf7105ba9e37b2888edd4014a8bc249971413c53a3e2625de2b
G002,"M=20,20,20,20,|T=0,0,0,0,|B=3,15,1,50;",3,0.130739907372286,0.2,0,0,0.127695995546131,41,1,1.2,independent_test,scale_medium,diagnostic_r002,combined_broad35_n100,402671102,8274bb5ff40bb2a58fe041ff16bfa24ee51a1c32db83af11b57e89e8a4fa6d31,0b09bf096d97f35d046486f0441c0cc6ead3de3a99f1d1e8dc44f9692b96438c,57c18a23f50fddf7105ba9e37b2888edd4014a8bc249971413c53a3e2625de2b
G003,"M=20,20,20,20,|T=0,0,0,0,|B=2,15,1,50;",1,0.0604752162167045,0.4,1,1,0.381749984659276,32,1,1.1,independent_test,scale_medium,diagnostic_r002,combined_broad35_n100,402671102,8274bb5ff40bb2a58fe041ff16bfa24ee51a1c32db83af11b57e89e8a4fa6d31,0b09bf096d97f35d046486f0441c0cc6ead3de3a99f1d1e8dc44f9692b96438c,57c18a23f50fddf7105ba9e37b2888edd4014a8bc249971413c53a3e2625de2b
G004,"M=20,20,20,20,|T=0,0,0,0,|B=2,15,1,50;3,15,1,50;",4,0.139178559362136,0.2,0,0,0.111958852419478,41,1,1.2,independent_test,scale_medium,diagnostic_r002,combined_broad35_n100,402671102,8274bb5ff40bb2a58fe041ff16bfa24ee51a1c32db83af11b57e89e8a4fa6d31,0b09bf096d97f35d046486f0441c0cc6ead3de3a99f1d1e8dc44f9692b96438c,57c18a23f50fddf7105ba9e37b2888edd4014a8bc249971413c53a3e2625de2b
G005,"M=20,20,20,20,|T=0,0,0,0,|B=1,15,1,50;",2,0.130739907372286,0.2,0,0,0.127695995546131,41,1,1.2,independent_test,scale_medium,diagnostic_r002,combined_broad35_n100,402671102,8274bb5ff40bb2a58fe041ff16bfa24ee51a1c32db83af11b57e89e8a4fa6d31,0b09bf096d97f35d046486f0441c0cc6ead3de3a99f1d1e8dc44f9692b96438c,57c18a23f50fddf7105ba9e37b2888edd4014a8bc249971413c53a3e2625de2b
G006,"M=20,20,20,20,|T=0,0,0,0,|B=1,15,1,50;3,15,1,50;",6,0.150789313292956,0.2,0,0,0.0934261689847461,41,1,1.2,independent_test,scale_medium,diagnostic_r002,combined_broad35_n100,402671102,8274bb5ff40bb2a58fe041ff16bfa24ee51a1c32db83af11b57e89e8a4fa6d31,0b09bf096d97f35d046486f0441c0cc6ead3de3a99f1d1e8dc44f9692b96438c,57c18a23f50fddf7105ba9e37b2888edd4014a8bc249971413c53a3e2625de2b
G007,"M=20,20,20,20,|T=0,0,0,0,|B=1,15,1,50;2,15,1,50;",5,0.139178559362136,0.2,0,0,0.111958852419478,41,1,1.2,independent_test,scale_medium,diagnostic_r002,combined_broad35_n100,402671102,8274bb5ff40bb2a58fe041ff16bfa24ee51a1c32db83af11b57e89e8a4fa6d31,0b09bf096d97f35d046486f0441c0cc6ead3de3a99f1d1e8dc44f9692b96438c,57c18a23f50fddf7105ba9e37b2888edd4014a8bc249971413c53a3e2625de2b
G001,"M=20,20,20,20,|T=0,0,0,0,|B=none",7,0.196931313203572,0.2,0,0,0.00701768200541205,5,1,0.8,independent_test,scale_medium,diagnostic_r002,originalset_split_evidence_n20,402671102,5f1358b1feb7aecec6b3cf6d0a8a647cd9fef5058685b20e09546ffbf79e34bd,bd543783f055a3ed562e9bcdc0d7630dabcb9e99935e040acc7ebe5c542eb670,57c18a23f50fddf7105ba9e37b2888edd4014a8bc249971413c53a3e2625de2b
G002,"M=20,20,20,20,|T=0,0,0,0,|B=3,15,1,50;",3,0.130739907372286,0.2,0,0,0.0666071272042619,41,1,1.2,independent_test,scale_medium,diagnostic_r002,originalset_split_evidence_n20,402671102,5f1358b1feb7aecec6b3cf6d0a8a647cd9fef5058685b20e09546ffbf79e34bd,bd543783f055a3ed562e9bcdc0d7630dabcb9e99935e040acc7ebe5c542eb670,57c18a23f50fddf7105ba9e37b2888edd4014a8bc249971413c53a3e2625de2b
G003,"M=20,20,20,20,|T=0,0,0,0,|B=2,15,1,50;",1,0.0604752162167045,0.4,1,1,0.726089990304959,32,1,1.1,independent_test,scale_medium,diagnostic_r002,originalset_split_evidence_n20,402671102,5f1358b1feb7aecec6b3cf6d0a8a647cd9fef5058685b20e09546ffbf79e34bd,bd543783f055a3ed562e9bcdc0d7630dabcb9e99935e040acc7ebe5c542eb670,57c18a23f50fddf7105ba9e37b2888edd4014a8bc249971413c53a3e2625de2b
G004,"M=20,20,20,20,|T=0,0,0,0,|B=2,15,1,50;3,15,1,50;",4,0.139178559362136,0.2,0,0,0.0499945444134529,41,1,1.2,independent_test,scale_medium,diagnostic_r002,originalset_split_evidence_n20,402671102,5f1358b1feb7aecec6b3cf6d0a8a647cd9fef5058685b20e09546ffbf79e34bd,bd543783f055a3ed562e9bcdc0d7630dabcb9e99935e040acc7ebe5c542eb670,57c18a23f50fddf7105ba9e37b2888edd4014a8bc249971413c53a3e2625de2b
G005,"M=20,20,20,20,|T=0,0,0,0,|B=1,15,1,50;",2,0.130739907372286,0.2,0,0,0.0666071272042619,41,1,1.2,independent_test,scale_medium,diagnostic_r002,originalset_split_evidence_n20,402671102,5f1358b1feb7aecec6b3cf6d0a8a647cd9fef5058685b20e09546ffbf79e34bd,bd543783f055a3ed562e9bcdc0d7630dabcb9e99935e040acc7ebe5c542eb670,57c18a23f50fddf7105ba9e37b2888edd4014a8bc249971413c53a3e2625de2b
G006,"M=20,20,20,20,|T=0,0,0,0,|B=1,15,1,50;3,15,1,50;",6,0.150789313292956,0.2,0,0,0.0336889844541994,41,1,1.2,independent_test,scale_medium,diagnostic_r002,originalset_split_evidence_n20,402671102,5f1358b1feb7aecec6b3cf6d0a8a647cd9fef5058685b20e09546ffbf79e34bd,bd543783f055a3ed562e9bcdc0d7630dabcb9e99935e040acc7ebe5c542eb670,57c18a23f50fddf7105ba9e37b2888edd4014a8bc249971413c53a3e2625de2b
G007,"M=20,20,20,20,|T=0,0,0,0,|B=1,15,1,50;2,15,1,50;",5,0.139178559362136,0.2,0,0,0.0499945444134529,41,1,1.2,independent_test,scale_medium,diagnostic_r002,originalset_split_evidence_n20,402671102,5f1358b1feb7aecec6b3cf6d0a8a647cd9fef5058685b20e09546ffbf79e34bd,bd543783f055a3ed562e9bcdc0d7630dabcb9e99935e040acc7ebe5c542eb670,57c18a23f50fddf7105ba9e37b2888edd4014a8bc249971413c53a3e2625de2b
G001,"M=20,20,20,20,|T=0,0,0,0,|B=none",17,0.205718881244447,0.0476190476190476,0,0,0.00020323139894297,NaN,NaN,NaN,independent_test,scale_large,diagnostic_r001,stage6b_baseline,402671101,851af8abec0d70cb6170646809285f754b55ab622f4155ab4475c365125b9460,677b6b9604e64137446cb90453346eea03c9b84bf17254c890306bd420917c07,57c18a23f50fddf7105ba9e37b2888edd4014a8bc249971413c53a3e2625de2b
G002,"M=20,20,20,20,|T=0,0,0,0,|B=3,15,1,50;",3,0.13987303491112,0.0476190476190476,0,0,0.0140283936033272,NaN,NaN,NaN,independent_test,scale_large,diagnostic_r001,stage6b_baseline,402671101,851af8abec0d70cb6170646809285f754b55ab622f4155ab4475c365125b9460,677b6b9604e64137446cb90453346eea03c9b84bf17254c890306bd420917c07,57c18a23f50fddf7105ba9e37b2888edd4014a8bc249971413c53a3e2625de2b
G003,"M=20,20,20,20,|T=0,0,0,0,|B=3,15,1,50;3,15,1,50;",7,0.15446216277114,0.0476190476190476,0,0,0.00548967088726855,NaN,NaN,NaN,independent_test,scale_large,diagnostic_r001,stage6b_baseline,402671101,851af8abec0d70cb6170646809285f754b55ab622f4155ab4475c365125b9460,677b6b9604e64137446cb90453346eea03c9b84bf17254c890306bd420917c07,57c18a23f50fddf7105ba9e37b2888edd4014a8bc249971413c53a3e2625de2b
G004,"M=20,20,20,20,|T=0,0,0,0,|B=2,15,1,50;",1,0.076400041268761,0.476190476190476,1,1,0.831291557294784,NaN,NaN,NaN,independent_test,scale_large,diagnostic_r001,stage6b_baseline,402671101,851af8abec0d70cb6170646809285f754b55ab622f4155ab4475c365125b9460,677b6b9604e64137446cb90453346eea03c9b84bf17254c890306bd420917c07,57c18a23f50fddf7105ba9e37b2888edd4014a8bc249971413c53a3e2625de2b
G005,"M=20,20,20,20,|T=0,0,0,0,|B=2,15,1,50;3,15,1,50;",5,0.146441122460443,0.0476190476190476,0,0,0.00919532276975123,NaN,NaN,NaN,independent_test,scale_large,diagnostic_r001,stage6b_baseline,402671101,851af8abec0d70cb6170646809285f754b55ab622f4155ab4475c365125b9460,677b6b9604e64137446cb90453346eea03c9b84bf17254c890306bd420917c07,57c18a23f50fddf7105ba9e37b2888edd4014a8bc249971413c53a3e2625de2b
G006,"M=20,20,20,20,|T=0,0,0,0,|B=2,15,1,50;3,15,1,50;3,15,1,50;",12,0.181165523761192,0.0476190476190476,0,0,0.000985699860382698,NaN,NaN,NaN,independent_test,scale_large,diagnostic_r001,stage6b_baseline,402671101,851af8abec0d70cb6170646809285f754b55ab622f4155ab4475c365125b9460,677b6b9604e64137446cb90453346eea03c9b84bf17254c890306bd420917c07,57c18a23f50fddf7105ba9e37b2888edd4014a8bc249971413c53a3e2625de2b
G007,"M=20,20,20,20,|T=0,0,0,0,|B=2,15,1,50;2,15,1,50;",2,0.109429037977214,0.0476190476190476,0,0,0.0993761712119656,NaN,NaN,NaN,independent_test,scale_large,diagnostic_r001,stage6b_baseline,402671101,851af8abec0d70cb6170646809285f754b55ab622f4155ab4475c365125b9460,677b6b9604e64137446cb90453346eea03c9b84bf17254c890306bd420917c07,57c18a23f50fddf7105ba9e37b2888edd4014a8bc249971413c53a3e2625de2b
G008,"M=20,20,20,20,|T=0,0,0,0,|B=2,15,1,50;2,15,1,50;3,15,1,50;",10,0.177190039117044,0.0476190476190476,0,0,0.00127284792374844,NaN,NaN,NaN,independent_test,scale_large,diagnostic_r001,stage6b_baseline,402671101,851af8abec0d70cb6170646809285f754b55ab622f4155ab4475c365125b9460,677b6b9604e64137446cb90453346eea03c9b84bf17254c890306bd420917c07,57c18a23f50fddf7105ba9e37b2888edd4014a8bc249971413c53a3e2625de2b
G009,"M=20,20,20,20,|T=0,0,0,0,|B=2,15,1,50;2,15,1,50;3,15,1,50;3,15,1,50;",18,0.20642522226196,0.0476190476190476,0,0,0.000194206301362001,NaN,NaN,NaN,independent_test,scale_large,diagnostic_r001,stage6b_baseline,402671101,851af8abec0d70cb6170646809285f754b55ab622f4155ab4475c365125b9460,677b6b9604e64137446cb90453346eea03c9b84bf17254c890306bd420917c07,57c18a23f50fddf7105ba9e37b2888edd4014a8bc249971413c53a3e2625de2b
G010,"M=20,20,20,20,|T=0,0,0,0,|B=1,15,1,50;",4,0.13987303491112,0.0476190476190476,0,0,0.0140283936033272,NaN,NaN,NaN,independent_test,scale_large,diagnostic_r001,stage6b_baseline,402671101,851af8abec0d70cb6170646809285f754b55ab622f4155ab4475c365125b9460,677b6b9604e64137446cb90453346eea03c9b84bf17254c890306bd420917c07,57c18a23f50fddf7105ba9e37b2888edd4014a8bc249971413c53a3e2625de2b
G011,"M=20,20,20,20,|T=0,0,0,0,|B=1,15,1,50;3,15,1,50;",9,0.157600201272608,0.0476190476190476,0,0,0.00448645820838039,NaN,NaN,NaN,independent_test,scale_large,diagnostic_r001,stage6b_baseline,402671101,851af8abec0d70cb6170646809285f754b55ab622f4155ab4475c365125b9460,677b6b9604e64137446cb90453346eea03c9b84bf17254c890306bd420917c07,57c18a23f50fddf7105ba9e37b2888edd4014a8bc249971413c53a3e2625de2b
G012,"M=20,20,20,20,|T=0,0,0,0,|B=1,15,1,50;3,15,1,50;3,15,1,50;",14,0.184424364254724,0.0476190476190476,0,0,0.000799333691278975,NaN,NaN,NaN,independent_test,scale_large,diagnostic_r001,stage6b_baseline,402671101,851af8abec0d70cb6170646809285f754b55ab622f4155ab4475c365125b9460,677b6b9604e64137446cb90453346eea03c9b84bf17254c890306bd420917c07,57c18a23f50fddf7105ba9e37b2888edd4014a8bc249971413c53a3e2625de2b
G013,"M=20,20,20,20,|T=0,0,0,0,|B=1,15,1,50;2,15,1,50;",6,0.146441122460443,0.0476190476190476,0,0,0.00919532276975123,NaN,NaN,NaN,independent_test,scale_large,diagnostic_r001,stage6b_baseline,402671101,851af8abec0d70cb6170646809285f754b55ab622f4155ab4475c365125b9460,677b6b9604e64137446cb90453346eea03c9b84bf17254c890306bd420917c07,57c18a23f50fddf7105ba9e37b2888edd4014a8bc249971413c53a3e2625de2b
G014,"M=20,20,20,20,|T=0,0,0,0,|B=1,15,1,50;2,15,1,50;3,15,1,50;",16,0.198813330826106,0.0476190476190476,0,0,0.000316852264304926,NaN,NaN,NaN,independent_test,scale_large,diagnostic_r001,stage6b_baseline,402671101,851af8abec0d70cb6170646809285f754b55ab622f4155ab4475c365125b9460,677b6b9604e64137446cb90453346eea03c9b84bf17254c890306bd420917c07,57c18a23f50fddf7105ba9e37b2888edd4014a8bc249971413c53a3e2625de2b
G015,"M=20,20,20,20,|T=0,0,0,0,|B=1,15,1,50;2,15,1,50;3,15,1,50;3,15,1,50;",22,0.221207254374117,0.0476190476190476,0,0,7.50609463476865e-05,NaN,NaN,NaN,independent_test,scale_large,diagnostic_r001,stage6b_baseline,402671101,851af8abec0d70cb6170646809285f754b55ab622f4155ab4475c365125b9460,677b6b9604e64137446cb90453346eea03c9b84bf17254c890306bd420917c07,57c18a23f50fddf7105ba9e37b2888edd4014a8bc249971413c53a3e2625de2b
G016,"M=20,20,20,20,|T=0,0,0,0,|B=1,15,1,50;2,15,1,50;2,15,1,50;",11,0.177190039117044,0.0476190476190476,0,0,0.00127284792374844,NaN,NaN,NaN,independent_test,scale_large,diagnostic_r001,stage6b_baseline,402671101,851af8abec0d70cb6170646809285f754b55ab622f4155ab4475c365125b9460,677b6b9604e64137446cb90453346eea03c9b84bf17254c890306bd420917c07,57c18a23f50fddf7105ba9e37b2888edd4014a8bc249971413c53a3e2625de2b
G017,"M=20,20,20,20,|T=0,0,0,0,|B=1,15,1,50;2,15,1,50;2,15,1,50;3,15,1,50;",21,0.220683532965413,0.0476190476190476,0,0,7.76320614033862e-05,NaN,NaN,NaN,independent_test,scale_large,diagnostic_r001,stage6b_baseline,402671101,851af8abec0d70cb6170646809285f754b55ab622f4155ab4475c365125b9460,677b6b9604e64137446cb90453346eea03c9b84bf17254c890306bd420917c07,57c18a23f50fddf7105ba9e37b2888edd4014a8bc249971413c53a3e2625de2b
G018,"M=20,20,20,20,|T=0,0,0,0,|B=1,15,1,50;1,15,1,50;",8,0.15446216277114,0.0476190476190476,0,0,0.00548967088726855,NaN,NaN,NaN,independent_test,scale_large,diagnostic_r001,stage6b_baseline,402671101,851af8abec0d70cb6170646809285f754b55ab622f4155ab4475c365125b9460,677b6b9604e64137446cb90453346eea03c9b84bf17254c890306bd420917c07,57c18a23f50fddf7105ba9e37b2888edd4014a8bc249971413c53a3e2625de2b
G019,"M=20,20,20,20,|T=0,0,0,0,|B=1,15,1,50;1,15,1,50;3,15,1,50;",15,0.184424364254724,0.0476190476190476,0,0,0.000799333691278975,NaN,NaN,NaN,independent_test,scale_large,diagnostic_r001,stage6b_baseline,402671101,851af8abec0d70cb6170646809285f754b55ab622f4155ab4475c365125b9460,677b6b9604e64137446cb90453346eea03c9b84bf17254c890306bd420917c07,57c18a23f50fddf7105ba9e37b2888edd4014a8bc249971413c53a3e2625de2b
G020,"M=20,20,20,20,|T=0,0,0,0,|B=1,15,1,50;1,15,1,50;3,15,1,50;3,15,1,50;",20,0.208769738418799,0.0476190476190476,0,0,0.000167025593284501,NaN,NaN,NaN,independent_test,scale_large,diagnostic_r001,stage6b_baseline,402671101,851af8abec0d70cb6170646809285f754b55ab622f4155ab4475c365125b9460,677b6b9604e64137446cb90453346eea03c9b84bf17254c890306bd420917c07,57c18a23f50fddf7105ba9e37b2888edd4014a8bc249971413c53a3e2625de2b
G021,"M=20,20,20,20,|T=0,0,0,0,|B=1,15,1,50;1,15,1,50;2,15,1,50;",13,0.181165523761192,0.0476190476190476,0,0,0.000985699860382696,NaN,NaN,NaN,independent_test,scale_large,diagnostic_r001,stage6b_baseline,402671101,851af8abec0d70cb6170646809285f754b55ab622f4155ab4475c365125b9460,677b6b9604e64137446cb90453346eea03c9b84bf17254c890306bd420917c07,57c18a23f50fddf7105ba9e37b2888edd4014a8bc249971413c53a3e2625de2b
G022,"M=20,20,20,20,|T=0,0,0,0,|B=1,15,1,50;1,15,1,50;2,15,1,50;3,15,1,50;",23,0.221207254374117,0.0476190476190476,0,0,7.50609463476865e-05,NaN,NaN,NaN,independent_test,scale_large,diagnostic_r001,stage6b_baseline,402671101,851af8abec0d70cb6170646809285f754b55ab622f4155ab4475c365125b9460,677b6b9604e64137446cb90453346eea03c9b84bf17254c890306bd420917c07,57c18a23f50fddf7105ba9e37b2888edd4014a8bc249971413c53a3e2625de2b
G023,"M=20,20,20,20,|T=0,0,0,0,|B=1,15,1,50;1,15,1,50;2,15,1,50;2,15,1,50;",19,0.20642522226196,0.0476190476190476,0,0,0.000194206301362001,NaN,NaN,NaN,independent_test,scale_large,diagnostic_r001,stage6b_baseline,402671101,851af8abec0d70cb6170646809285f754b55ab622f4155ab4475c365125b9460,677b6b9604e64137446cb90453346eea03c9b84bf17254c890306bd420917c07,57c18a23f50fddf7105ba9e37b2888edd4014a8bc249971413c53a3e2625de2b
G001,"M=20,20,20,20,|T=0,0,0,0,|B=none",23,0.227470249721074,0.2,0,0,5.546744725157e-06,6,1.025,0.8,independent_test,scale_large,diagnostic_r001,stage7a_original_reused,402671101,32ccdbbd7834dc6906cf747a042cccb7d5b41e6f463cf2cc13c2e679b7cacb40,cd052a667080961a5ccc904d3889d04e10ddbc41dc47c29d449b6e29b037d97c,57c18a23f50fddf7105ba9e37b2888edd4014a8bc249971413c53a3e2625de2b
G002,"M=20,20,20,20,|T=0,0,0,0,|B=3,15,1,50;",3,0.160690448015682,0.2,0,0,0.00977309202083487,42,1.025,1.2,independent_test,scale_large,diagnostic_r001,stage7a_original_reused,402671101,32ccdbbd7834dc6906cf747a042cccb7d5b41e6f463cf2cc13c2e679b7cacb40,cd052a667080961a5ccc904d3889d04e10ddbc41dc47c29d449b6e29b037d97c,57c18a23f50fddf7105ba9e37b2888edd4014a8bc249971413c53a3e2625de2b
G003,"M=20,20,20,20,|T=0,0,0,0,|B=3,15,1,50;3,15,1,50;",7,0.170065593555663,0.2,0,0,0.00342239678774241,42,1.025,1.2,independent_test,scale_large,diagnostic_r001,stage7a_original_reused,402671101,32ccdbbd7834dc6906cf747a042cccb7d5b41e6f463cf2cc13c2e679b7cacb40,cd052a667080961a5ccc904d3889d04e10ddbc41dc47c29d449b6e29b037d97c,57c18a23f50fddf7105ba9e37b2888edd4014a8bc249971413c53a3e2625de2b
G004,"M=20,20,20,20,|T=0,0,0,0,|B=2,15,1,50;",1,0.120997001140184,0.4,1,1,0.830668985891919,33,1.025,1.1,independent_test,scale_large,diagnostic_r001,stage7a_original_reused,402671101,32ccdbbd7834dc6906cf747a042cccb7d5b41e6f463cf2cc13c2e679b7cacb40,cd052a667080961a5ccc904d3889d04e10ddbc41dc47c29d449b6e29b037d97c,57c18a23f50fddf7105ba9e37b2888edd4014a8bc249971413c53a3e2625de2b
G005,"M=20,20,20,20,|T=0,0,0,0,|B=2,15,1,50;3,15,1,50;",5,0.162254083187826,0.2,0,0,0.00820403903072936,42,1.025,1.2,independent_test,scale_large,diagnostic_r001,stage7a_original_reused,402671101,32ccdbbd7834dc6906cf747a042cccb7d5b41e6f463cf2cc13c2e679b7cacb40,cd052a667080961a5ccc904d3889d04e10ddbc41dc47c29d449b6e29b037d97c,57c18a23f50fddf7105ba9e37b2888edd4014a8bc249971413c53a3e2625de2b
G006,"M=20,20,20,20,|T=0,0,0,0,|B=2,15,1,50;3,15,1,50;3,15,1,50;",12,0.191250408242643,0.2,0,0,0.00031958853691936,42,1.025,1.2,independent_test,scale_large,diagnostic_r001,stage7a_original_reused,402671101,32ccdbbd7834dc6906cf747a042cccb7d5b41e6f463cf2cc13c2e679b7cacb40,cd052a667080961a5ccc904d3889d04e10ddbc41dc47c29d449b6e29b037d97c,57c18a23f50fddf7105ba9e37b2888edd4014a8bc249971413c53a3e2625de2b
G007,"M=20,20,20,20,|T=0,0,0,0,|B=2,15,1,50;2,15,1,50;",2,0.138181943882267,0.2,0,0,0.121370259844384,42,1.025,1.2,independent_test,scale_large,diagnostic_r001,stage7a_original_reused,402671101,32ccdbbd7834dc6906cf747a042cccb7d5b41e6f463cf2cc13c2e679b7cacb40,cd052a667080961a5ccc904d3889d04e10ddbc41dc47c29d449b6e29b037d97c,57c18a23f50fddf7105ba9e37b2888edd4014a8bc249971413c53a3e2625de2b
G008,"M=20,20,20,20,|T=0,0,0,0,|B=2,15,1,50;2,15,1,50;3,15,1,50;",10,0.187612565486213,0.2,0,0,0.000480194676411982,42,1.025,1.2,independent_test,scale_large,diagnostic_r001,stage7a_original_reused,402671101,32ccdbbd7834dc6906cf747a042cccb7d5b41e6f463cf2cc13c2e679b7cacb40,cd052a667080961a5ccc904d3889d04e10ddbc41dc47c29d449b6e29b037d97c,57c18a23f50fddf7105ba9e37b2888edd4014a8bc249971413c53a3e2625de2b
G009,"M=20,20,20,20,|T=0,0,0,0,|B=2,15,1,50;2,15,1,50;3,15,1,50;3,15,1,50;",17,0.213113484596598,0.2,0,0,2.76619937188912e-05,42,1.025,1.2,independent_test,scale_large,diagnostic_r001,stage7a_original_reused,402671101,32ccdbbd7834dc6906cf747a042cccb7d5b41e6f463cf2cc13c2e679b7cacb40,cd052a667080961a5ccc904d3889d04e10ddbc41dc47c29d449b6e29b037d97c,57c18a23f50fddf7105ba9e37b2888edd4014a8bc249971413c53a3e2625de2b
G010,"M=20,20,20,20,|T=0,0,0,0,|B=1,15,1,50;",4,0.160690448015682,0.2,0,0,0.00977309202083484,42,1.025,1.2,independent_test,scale_large,diagnostic_r001,stage7a_original_reused,402671101,32ccdbbd7834dc6906cf747a042cccb7d5b41e6f463cf2cc13c2e679b7cacb40,cd052a667080961a5ccc904d3889d04e10ddbc41dc47c29d449b6e29b037d97c,57c18a23f50fddf7105ba9e37b2888edd4014a8bc249971413c53a3e2625de2b
G011,"M=20,20,20,20,|T=0,0,0,0,|B=1,15,1,50;3,15,1,50;",9,0.171486329401502,0.2,0,0,0.00291925516255922,42,1.025,1.2,independent_test,scale_large,diagnostic_r001,stage7a_original_reused,402671101,32ccdbbd7834dc6906cf747a042cccb7d5b41e6f463cf2cc13c2e679b7cacb40,cd052a667080961a5ccc904d3889d04e10ddbc41dc47c29d449b6e29b037d97c,57c18a23f50fddf7105ba9e37b2888edd4014a8bc249971413c53a3e2625de2b
G012,"M=20,20,20,20,|T=0,0,0,0,|B=1,15,1,50;3,15,1,50;3,15,1,50;",14,0.19383530404263,0.2,0,0,0.000239301863212311,42,1.025,1.2,independent_test,scale_large,diagnostic_r001,stage7a_original_reused,402671101,32ccdbbd7834dc6906cf747a042cccb7d5b41e6f463cf2cc13c2e679b7cacb40,cd052a667080961a5ccc904d3889d04e10ddbc41dc47c29d449b6e29b037d97c,57c18a23f50fddf7105ba9e37b2888edd4014a8bc249971413c53a3e2625de2b
G013,"M=20,20,20,20,|T=0,0,0,0,|B=1,15,1,50;2,15,1,50;",6,0.162254083187826,0.2,0,0,0.00820403903072936,42,1.025,1.2,independent_test,scale_large,diagnostic_r001,stage7a_original_reused,402671101,32ccdbbd7834dc6906cf747a042cccb7d5b41e6f463cf2cc13c2e679b7cacb40,cd052a667080961a5ccc904d3889d04e10ddbc41dc47c29d449b6e29b037d97c,57c18a23f50fddf7105ba9e37b2888edd4014a8bc249971413c53a3e2625de2b
G014,"M=20,20,20,20,|T=0,0,0,0,|B=1,15,1,50;2,15,1,50;3,15,1,50;",16,0.205970960641686,0.2,0,0,6.15266307893192e-05,42,1.025,1.2,independent_test,scale_large,diagnostic_r001,stage7a_original_reused,402671101,32ccdbbd7834dc6906cf747a042cccb7d5b41e6f463cf2cc13c2e679b7cacb40,cd052a667080961a5ccc904d3889d04e10ddbc41dc47c29d449b6e29b037d97c,57c18a23f50fddf7105ba9e37b2888edd4014a8bc249971413c53a3e2625de2b
G015,"M=20,20,20,20,|T=0,0,0,0,|B=1,15,1,50;2,15,1,50;3,15,1,50;3,15,1,50;",21,0.225980263904055,0.2,0,0,6.55333763875178e-06,42,1.025,1.2,independent_test,scale_large,diagnostic_r001,stage7a_original_reused,402671101,32ccdbbd7834dc6906cf747a042cccb7d5b41e6f463cf2cc13c2e679b7cacb40,cd052a667080961a5ccc904d3889d04e10ddbc41dc47c29d449b6e29b037d97c,57c18a23f50fddf7105ba9e37b2888edd4014a8bc249971413c53a3e2625de2b
G016,"M=20,20,20,20,|T=0,0,0,0,|B=1,15,1,50;2,15,1,50;2,15,1,50;",11,0.187612565486213,0.2,0,0,0.000480194676411982,42,1.025,1.2,independent_test,scale_large,diagnostic_r001,stage7a_original_reused,402671101,32ccdbbd7834dc6906cf747a042cccb7d5b41e6f463cf2cc13c2e679b7cacb40,cd052a667080961a5ccc904d3889d04e10ddbc41dc47c29d449b6e29b037d97c,57c18a23f50fddf7105ba9e37b2888edd4014a8bc249971413c53a3e2625de2b
G017,"M=20,20,20,20,|T=0,0,0,0,|B=1,15,1,50;2,15,1,50;2,15,1,50;3,15,1,50;",20,0.22548467512993,0.2,0,0,6.92710603180701e-06,42,1.025,1.2,independent_test,scale_large,diagnostic_r001,stage7a_original_reused,402671101,32ccdbbd7834dc6906cf747a042cccb7d5b41e6f463cf2cc13c2e679b7cacb40,cd052a667080961a5ccc904d3889d04e10ddbc41dc47c29d449b6e29b037d97c,57c18a23f50fddf7105ba9e37b2888edd4014a8bc249971413c53a3e2625de2b
G018,"M=20,20,20,20,|T=0,0,0,0,|B=1,15,1,50;1,15,1,50;",8,0.170065593555663,0.2,0,0,0.00342239678774241,42,1.025,1.2,independent_test,scale_large,diagnostic_r001,stage7a_original_reused,402671101,32ccdbbd7834dc6906cf747a042cccb7d5b41e6f463cf2cc13c2e679b7cacb40,cd052a667080961a5ccc904d3889d04e10ddbc41dc47c29d449b6e29b037d97c,57c18a23f50fddf7105ba9e37b2888edd4014a8bc249971413c53a3e2625de2b
G019,"M=20,20,20,20,|T=0,0,0,0,|B=1,15,1,50;1,15,1,50;3,15,1,50;",15,0.19383530404263,0.2,0,0,0.000239301863212311,42,1.025,1.2,independent_test,scale_large,diagnostic_r001,stage7a_original_reused,402671101,32ccdbbd7834dc6906cf747a042cccb7d5b41e6f463cf2cc13c2e679b7cacb40,cd052a667080961a5ccc904d3889d04e10ddbc41dc47c29d449b6e29b037d97c,57c18a23f50fddf7105ba9e37b2888edd4014a8bc249971413c53a3e2625de2b
G020,"M=20,20,20,20,|T=0,0,0,0,|B=1,15,1,50;1,15,1,50;3,15,1,50;3,15,1,50;",19,0.215224038676342,0.2,0,0,2.18421251755476e-05,42,1.025,1.2,independent_test,scale_large,diagnostic_r001,stage7a_original_reused,402671101,32ccdbbd7834dc6906cf747a042cccb7d5b41e6f463cf2cc13c2e679b7cacb40,cd052a667080961a5ccc904d3889d04e10ddbc41dc47c29d449b6e29b037d97c,57c18a23f50fddf7105ba9e37b2888edd4014a8bc249971413c53a3e2625de2b
G021,"M=20,20,20,20,|T=0,0,0,0,|B=1,15,1,50;1,15,1,50;2,15,1,50;",13,0.191250408242643,0.2,0,0,0.00031958853691936,42,1.025,1.2,independent_test,scale_large,diagnostic_r001,stage7a_original_reused,402671101,32ccdbbd7834dc6906cf747a042cccb7d5b41e6f463cf2cc13c2e679b7cacb40,cd052a667080961a5ccc904d3889d04e10ddbc41dc47c29d449b6e29b037d97c,57c18a23f50fddf7105ba9e37b2888edd4014a8bc249971413c53a3e2625de2b
G022,"M=20,20,20,20,|T=0,0,0,0,|B=1,15,1,50;1,15,1,50;2,15,1,50;3,15,1,50;",22,0.225980263904055,0.2,0,0,6.55333763875178e-06,42,1.025,1.2,independent_test,scale_large,diagnostic_r001,stage7a_original_reused,402671101,32ccdbbd7834dc6906cf747a042cccb7d5b41e6f463cf2cc13c2e679b7cacb40,cd052a667080961a5ccc904d3889d04e10ddbc41dc47c29d449b6e29b037d97c,57c18a23f50fddf7105ba9e37b2888edd4014a8bc249971413c53a3e2625de2b
G023,"M=20,20,20,20,|T=0,0,0,0,|B=1,15,1,50;1,15,1,50;2,15,1,50;2,15,1,50;",18,0.213113484596598,0.2,0,0,2.76619937188911e-05,42,1.025,1.2,independent_test,scale_large,diagnostic_r001,stage7a_original_reused,402671101,32ccdbbd7834dc6906cf747a042cccb7d5b41e6f463cf2cc13c2e679b7cacb40,cd052a667080961a5ccc904d3889d04e10ddbc41dc47c29d449b6e29b037d97c,57c18a23f50fddf7105ba9e37b2888edd4014a8bc249971413c53a3e2625de2b
G001,"M=20,20,20,20,|T=0,0,0,0,|B=none",23,0.227470249721074,0.2,0,0,1.14442058480402e-06,6,1.025,0.8,independent_test,scale_large,diagnostic_r001,matched20_n20,402671101,554cf6d421a0394f6bf5192f22636942d89fdad6ea1da5c3b0ed828c76948081,ea4d8c09762cc33c6990b9f0978b6f9051e5e487e82502c0badb280e1800481e,57c18a23f50fddf7105ba9e37b2888edd4014a8bc249971413c53a3e2625de2b
G002,"M=20,20,20,20,|T=0,0,0,0,|B=3,15,1,50;",3,0.160690448015682,0.2,0,0,0.0056085925607407,42,1.025,1.2,independent_test,scale_large,diagnostic_r001,matched20_n20,402671101,554cf6d421a0394f6bf5192f22636942d89fdad6ea1da5c3b0ed828c76948081,ea4d8c09762cc33c6990b9f0978b6f9051e5e487e82502c0badb280e1800481e,57c18a23f50fddf7105ba9e37b2888edd4014a8bc249971413c53a3e2625de2b
G003,"M=20,20,20,20,|T=0,0,0,0,|B=3,15,1,50;3,15,1,50;",7,0.170065593555663,0.2,0,0,0.00170130057308839,42,1.025,1.2,independent_test,scale_large,diagnostic_r001,matched20_n20,402671101,554cf6d421a0394f6bf5192f22636942d89fdad6ea1da5c3b0ed828c76948081,ea4d8c09762cc33c6990b9f0978b6f9051e5e487e82502c0badb280e1800481e,57c18a23f50fddf7105ba9e37b2888edd4014a8bc249971413c53a3e2625de2b
G004,"M=20,20,20,20,|T=0,0,0,0,|B=2,15,1,50;",1,0.120997001140184,0.4,1,1,0.875635795795396,33,1.025,1.1,independent_test,scale_large,diagnostic_r001,matched20_n20,402671101,554cf6d421a0394f6bf5192f22636942d89fdad6ea1da5c3b0ed828c76948081,ea4d8c09762cc33c6990b9f0978b6f9051e5e487e82502c0badb280e1800481e,57c18a23f50fddf7105ba9e37b2888edd4014a8bc249971413c53a3e2625de2b
G005,"M=20,20,20,20,|T=0,0,0,0,|B=2,15,1,50;3,15,1,50;",5,0.162254083187826,0.2,0,0,0.00459670918149284,42,1.025,1.2,independent_test,scale_large,diagnostic_r001,matched20_n20,402671101,554cf6d421a0394f6bf5192f22636942d89fdad6ea1da5c3b0ed828c76948081,ea4d8c09762cc33c6990b9f0978b6f9051e5e487e82502c0badb280e1800481e,57c18a23f50fddf7105ba9e37b2888edd4014a8bc249971413c53a3e2625de2b
G006,"M=20,20,20,20,|T=0,0,0,0,|B=2,15,1,50;3,15,1,50;3,15,1,50;",12,0.191250408242643,0.2,0,0,0.000114842592992054,42,1.025,1.2,independent_test,scale_large,diagnostic_r001,matched20_n20,402671101,554cf6d421a0394f6bf5192f22636942d89fdad6ea1da5c3b0ed828c76948081,ea4d8c09762cc33c6990b9f0978b6f9051e5e487e82502c0badb280e1800481e,57c18a23f50fddf7105ba9e37b2888edd4014a8bc249971413c53a3e2625de2b
G007,"M=20,20,20,20,|T=0,0,0,0,|B=2,15,1,50;2,15,1,50;",2,0.138181943882267,0.2,0,0,0.0983284863641073,42,1.025,1.2,independent_test,scale_large,diagnostic_r001,matched20_n20,402671101,554cf6d421a0394f6bf5192f22636942d89fdad6ea1da5c3b0ed828c76948081,ea4d8c09762cc33c6990b9f0978b6f9051e5e487e82502c0badb280e1800481e,57c18a23f50fddf7105ba9e37b2888edd4014a8bc249971413c53a3e2625de2b
G008,"M=20,20,20,20,|T=0,0,0,0,|B=2,15,1,50;2,15,1,50;3,15,1,50;",10,0.187612565486213,0.2,0,0,0.000182444625027715,42,1.025,1.2,independent_test,scale_large,diagnostic_r001,matched20_n20,402671101,554cf6d421a0394f6bf5192f22636942d89fdad6ea1da5c3b0ed828c76948081,ea4d8c09762cc33c6990b9f0978b6f9051e5e487e82502c0badb280e1800481e,57c18a23f50fddf7105ba9e37b2888edd4014a8bc249971413c53a3e2625de2b
G009,"M=20,20,20,20,|T=0,0,0,0,|B=2,15,1,50;2,15,1,50;3,15,1,50;3,15,1,50;",17,0.213113484596598,0.2,0,0,7.11121853205676e-06,42,1.025,1.2,independent_test,scale_large,diagnostic_r001,matched20_n20,402671101,554cf6d421a0394f6bf5192f22636942d89fdad6ea1da5c3b0ed828c76948081,ea4d8c09762cc33c6990b9f0978b6f9051e5e487e82502c0badb280e1800481e,57c18a23f50fddf7105ba9e37b2888edd4014a8bc249971413c53a3e2625de2b
G010,"M=20,20,20,20,|T=0,0,0,0,|B=1,15,1,50;",4,0.160690448015682,0.2,0,0,0.00560859256074068,42,1.025,1.2,independent_test,scale_large,diagnostic_r001,matched20_n20,402671101,554cf6d421a0394f6bf5192f22636942d89fdad6ea1da5c3b0ed828c76948081,ea4d8c09762cc33c6990b9f0978b6f9051e5e487e82502c0badb280e1800481e,57c18a23f50fddf7105ba9e37b2888edd4014a8bc249971413c53a3e2625de2b
G011,"M=20,20,20,20,|T=0,0,0,0,|B=1,15,1,50;3,15,1,50;",9,0.171486329401502,0.2,0,0,0.001419942757103,42,1.025,1.2,independent_test,scale_large,diagnostic_r001,matched20_n20,402671101,554cf6d421a0394f6bf5192f22636942d89fdad6ea1da5c3b0ed828c76948081,ea4d8c09762cc33c6990b9f0978b6f9051e5e487e82502c0badb280e1800481e,57c18a23f50fddf7105ba9e37b2888edd4014a8bc249971413c53a3e2625de2b
G012,"M=20,20,20,20,|T=0,0,0,0,|B=1,15,1,50;3,15,1,50;3,15,1,50;",14,0.19383530404263,0.2,0,0,8.26534552302609e-05,42,1.025,1.2,independent_test,scale_large,diagnostic_r001,matched20_n20,402671101,554cf6d421a0394f6bf5192f22636942d89fdad6ea1da5c3b0ed828c76948081,ea4d8c09762cc33c6990b9f0978b6f9051e5e487e82502c0badb280e1800481e,57c18a23f50fddf7105ba9e37b2888edd4014a8bc249971413c53a3e2625de2b
G013,"M=20,20,20,20,|T=0,0,0,0,|B=1,15,1,50;2,15,1,50;",6,0.162254083187826,0.2,0,0,0.00459670918149284,42,1.025,1.2,independent_test,scale_large,diagnostic_r001,matched20_n20,402671101,554cf6d421a0394f6bf5192f22636942d89fdad6ea1da5c3b0ed828c76948081,ea4d8c09762cc33c6990b9f0978b6f9051e5e487e82502c0badb280e1800481e,57c18a23f50fddf7105ba9e37b2888edd4014a8bc249971413c53a3e2625de2b
G014,"M=20,20,20,20,|T=0,0,0,0,|B=1,15,1,50;2,15,1,50;3,15,1,50;",16,0.205970960641686,0.2,0,0,1.76458121491726e-05,42,1.025,1.2,independent_test,scale_large,diagnostic_r001,matched20_n20,402671101,554cf6d421a0394f6bf5192f22636942d89fdad6ea1da5c3b0ed828c76948081,ea4d8c09762cc33c6990b9f0978b6f9051e5e487e82502c0badb280e1800481e,57c18a23f50fddf7105ba9e37b2888edd4014a8bc249971413c53a3e2625de2b
G015,"M=20,20,20,20,|T=0,0,0,0,|B=1,15,1,50;2,15,1,50;3,15,1,50;3,15,1,50;",21,0.225980263904055,0.2,0,0,1.38331995797289e-06,42,1.025,1.2,independent_test,scale_large,diagnostic_r001,matched20_n20,402671101,554cf6d421a0394f6bf5192f22636942d89fdad6ea1da5c3b0ed828c76948081,ea4d8c09762cc33c6990b9f0978b6f9051e5e487e82502c0badb280e1800481e,57c18a23f50fddf7105ba9e37b2888edd4014a8bc249971413c53a3e2625de2b
G016,"M=20,20,20,20,|T=0,0,0,0,|B=1,15,1,50;2,15,1,50;2,15,1,50;",11,0.187612565486213,0.2,0,0,0.000182444625027715,42,1.025,1.2,independent_test,scale_large,diagnostic_r001,matched20_n20,402671101,554cf6d421a0394f6bf5192f22636942d89fdad6ea1da5c3b0ed828c76948081,ea4d8c09762cc33c6990b9f0978b6f9051e5e487e82502c0badb280e1800481e,57c18a23f50fddf7105ba9e37b2888edd4014a8bc249971413c53a3e2625de2b
G017,"M=20,20,20,20,|T=0,0,0,0,|B=1,15,1,50;2,15,1,50;2,15,1,50;3,15,1,50;",20,0.22548467512993,0.2,0,0,1.47336042405283e-06,42,1.025,1.2,independent_test,scale_large,diagnostic_r001,matched20_n20,402671101,554cf6d421a0394f6bf5192f22636942d89fdad6ea1da5c3b0ed828c76948081,ea4d8c09762cc33c6990b9f0978b6f9051e5e487e82502c0badb280e1800481e,57c18a23f50fddf7105ba9e37b2888edd4014a8bc249971413c53a3e2625de2b
G018,"M=20,20,20,20,|T=0,0,0,0,|B=1,15,1,50;1,15,1,50;",8,0.170065593555663,0.2,0,0,0.00170130057308839,42,1.025,1.2,independent_test,scale_large,diagnostic_r001,matched20_n20,402671101,554cf6d421a0394f6bf5192f22636942d89fdad6ea1da5c3b0ed828c76948081,ea4d8c09762cc33c6990b9f0978b6f9051e5e487e82502c0badb280e1800481e,57c18a23f50fddf7105ba9e37b2888edd4014a8bc249971413c53a3e2625de2b
G019,"M=20,20,20,20,|T=0,0,0,0,|B=1,15,1,50;1,15,1,50;3,15,1,50;",15,0.19383530404263,0.2,0,0,8.26534552302609e-05,42,1.025,1.2,independent_test,scale_large,diagnostic_r001,matched20_n20,402671101,554cf6d421a0394f6bf5192f22636942d89fdad6ea1da5c3b0ed828c76948081,ea4d8c09762cc33c6990b9f0978b6f9051e5e487e82502c0badb280e1800481e,57c18a23f50fddf7105ba9e37b2888edd4014a8bc249971413c53a3e2625de2b
G020,"M=20,20,20,20,|T=0,0,0,0,|B=1,15,1,50;1,15,1,50;3,15,1,50;3,15,1,50;",19,0.215224038676342,0.2,0,0,5.43643611113394e-06,42,1.025,1.2,independent_test,scale_large,diagnostic_r001,matched20_n20,402671101,554cf6d421a0394f6bf5192f22636942d89fdad6ea1da5c3b0ed828c76948081,ea4d8c09762cc33c6990b9f0978b6f9051e5e487e82502c0badb280e1800481e,57c18a23f50fddf7105ba9e37b2888edd4014a8bc249971413c53a3e2625de2b
G021,"M=20,20,20,20,|T=0,0,0,0,|B=1,15,1,50;1,15,1,50;2,15,1,50;",13,0.191250408242643,0.2,0,0,0.000114842592992054,42,1.025,1.2,independent_test,scale_large,diagnostic_r001,matched20_n20,402671101,554cf6d421a0394f6bf5192f22636942d89fdad6ea1da5c3b0ed828c76948081,ea4d8c09762cc33c6990b9f0978b6f9051e5e487e82502c0badb280e1800481e,57c18a23f50fddf7105ba9e37b2888edd4014a8bc249971413c53a3e2625de2b
G022,"M=20,20,20,20,|T=0,0,0,0,|B=1,15,1,50;1,15,1,50;2,15,1,50;3,15,1,50;",22,0.225980263904055,0.2,0,0,1.38331995797289e-06,42,1.025,1.2,independent_test,scale_large,diagnostic_r001,matched20_n20,402671101,554cf6d421a0394f6bf5192f22636942d89fdad6ea1da5c3b0ed828c76948081,ea4d8c09762cc33c6990b9f0978b6f9051e5e487e82502c0badb280e1800481e,57c18a23f50fddf7105ba9e37b2888edd4014a8bc249971413c53a3e2625de2b
G023,"M=20,20,20,20,|T=0,0,0,0,|B=1,15,1,50;1,15,1,50;2,15,1,50;2,15,1,50;",18,0.213113484596598,0.2,0,0,7.11121853205673e-06,42,1.025,1.2,independent_test,scale_large,diagnostic_r001,matched20_n20,402671101,554cf6d421a0394f6bf5192f22636942d89fdad6ea1da5c3b0ed828c76948081,ea4d8c09762cc33c6990b9f0978b6f9051e5e487e82502c0badb280e1800481e,57c18a23f50fddf7105ba9e37b2888edd4014a8bc249971413c53a3e2625de2b
G001,"M=20,20,20,20,|T=0,0,0,0,|B=none",23,0.227470249721074,0.2,0,0,0.00102342490644162,6,1.025,0.8,independent_test,scale_large,diagnostic_r001,matched20_n100,402671101,c51670f635606682ebb5034831545b9e4fbe27a3d29633538290ade5603a04e3,50411359b9d8e8414c97493c694f8b57f2ae63d4a05f6f27ead601bc734785df,57c18a23f50fddf7105ba9e37b2888edd4014a8bc249971413c53a3e2625de2b
G002,"M=20,20,20,20,|T=0,0,0,0,|B=3,15,1,50;",3,0.160690448015682,0.2,0,0,0.0487728155451493,42,1.025,1.2,independent_test,scale_large,diagnostic_r001,matched20_n100,402671101,c51670f635606682ebb5034831545b9e4fbe27a3d29633538290ade5603a04e3,50411359b9d8e8414c97493c694f8b57f2ae63d4a05f6f27ead601bc734785df,57c18a23f50fddf7105ba9e37b2888edd4014a8bc249971413c53a3e2625de2b
G003,"M=20,20,20,20,|T=0,0,0,0,|B=3,15,1,50;3,15,1,50;",7,0.170065593555663,0.2,0,0,0.0283522859917202,42,1.025,1.2,independent_test,scale_large,diagnostic_r001,matched20_n100,402671101,c51670f635606682ebb5034831545b9e4fbe27a3d29633538290ade5603a04e3,50411359b9d8e8414c97493c694f8b57f2ae63d4a05f6f27ead601bc734785df,57c18a23f50fddf7105ba9e37b2888edd4014a8bc249971413c53a3e2625de2b
G004,"M=20,20,20,20,|T=0,0,0,0,|B=2,15,1,50;",1,0.120997001140184,0.2,0,1,0.484888305722559,33,1.025,1.1,independent_test,scale_large,diagnostic_r001,matched20_n100,402671101,c51670f635606682ebb5034831545b9e4fbe27a3d29633538290ade5603a04e3,50411359b9d8e8414c97493c694f8b57f2ae63d4a05f6f27ead601bc734785df,57c18a23f50fddf7105ba9e37b2888edd4014a8bc249971413c53a3e2625de2b
G005,"M=20,20,20,20,|T=0,0,0,0,|B=2,15,1,50;3,15,1,50;",5,0.162254083187826,0.2,0,0,0.0445538207307941,42,1.025,1.2,independent_test,scale_large,diagnostic_r001,matched20_n100,402671101,c51670f635606682ebb5034831545b9e4fbe27a3d29633538290ade5603a04e3,50411359b9d8e8414c97493c694f8b57f2ae63d4a05f6f27ead601bc734785df,57c18a23f50fddf7105ba9e37b2888edd4014a8bc249971413c53a3e2625de2b
G006,"M=20,20,20,20,|T=0,0,0,0,|B=2,15,1,50;3,15,1,50;3,15,1,50;",12,0.191250408242643,0.2,0,0,0.00832206301318524,42,1.025,1.2,independent_test,scale_large,diagnostic_r001,matched20_n100,402671101,c51670f635606682ebb5034831545b9e4fbe27a3d29633538290ade5603a04e3,50411359b9d8e8414c97493c694f8b57f2ae63d4a05f6f27ead601bc734785df,57c18a23f50fddf7105ba9e37b2888edd4014a8bc249971413c53a3e2625de2b
G007,"M=20,20,20,20,|T=0,0,0,0,|B=2,15,1,50;2,15,1,50;",2,0.138181943882267,0.2,0,0,0.179389963857309,42,1.025,1.2,independent_test,scale_large,diagnostic_r001,matched20_n100,402671101,c51670f635606682ebb5034831545b9e4fbe27a3d29633538290ade5603a04e3,50411359b9d8e8414c97493c694f8b57f2ae63d4a05f6f27ead601bc734785df,57c18a23f50fddf7105ba9e37b2888edd4014a8bc249971413c53a3e2625de2b
G008,"M=20,20,20,20,|T=0,0,0,0,|B=2,15,1,50;2,15,1,50;3,15,1,50;",10,0.187612565486213,0.2,0,0,0.0102718108984022,42,1.025,1.2,independent_test,scale_large,diagnostic_r001,matched20_n100,402671101,c51670f635606682ebb5034831545b9e4fbe27a3d29633538290ade5603a04e3,50411359b9d8e8414c97493c694f8b57f2ae63d4a05f6f27ead601bc734785df,57c18a23f50fddf7105ba9e37b2888edd4014a8bc249971413c53a3e2625de2b
G009,"M=20,20,20,20,|T=0,0,0,0,|B=2,15,1,50;2,15,1,50;3,15,1,50;3,15,1,50;",17,0.213113484596598,0.2,0,0,0.00234871194940507,42,1.025,1.2,independent_test,scale_large,diagnostic_r001,matched20_n100,402671101,c51670f635606682ebb5034831545b9e4fbe27a3d29633538290ade5603a04e3,50411359b9d8e8414c97493c694f8b57f2ae63d4a05f6f27ead601bc734785df,57c18a23f50fddf7105ba9e37b2888edd4014a8bc249971413c53a3e2625de2b
G010,"M=20,20,20,20,|T=0,0,0,0,|B=1,15,1,50;",4,0.160690448015682,0.2,0,0,0.0487728155451492,42,1.025,1.2,independent_test,scale_large,diagnostic_r001,matched20_n100,402671101,c51670f635606682ebb5034831545b9e4fbe27a3d29633538290ade5603a04e3,50411359b9d8e8414c97493c694f8b57f2ae63d4a05f6f27ead601bc734785df,57c18a23f50fddf7105ba9e37b2888edd4014a8bc249971413c53a3e2625de2b
G011,"M=20,20,20,20,|T=0,0,0,0,|B=1,15,1,50;3,15,1,50;",9,0.171486329401502,0.2,0,0,0.0261147666900339,42,1.025,1.2,independent_test,scale_large,diagnostic_r001,matched20_n100,402671101,c51670f635606682ebb5034831545b9e4fbe27a3d29633538290ade5603a04e3,50411359b9d8e8414c97493c694f8b57f2ae63d4a05f6f27ead601bc734785df,57c18a23f50fddf7105ba9e37b2888edd4014a8bc249971413c53a3e2625de2b
G012,"M=20,20,20,20,|T=0,0,0,0,|B=1,15,1,50;3,15,1,50;3,15,1,50;",14,0.19383530404263,0.2,0,0,0.00716596496875027,42,1.025,1.2,independent_test,scale_large,diagnostic_r001,matched20_n100,402671101,c51670f635606682ebb5034831545b9e4fbe27a3d29633538290ade5603a04e3,50411359b9d8e8414c97493c694f8b57f2ae63d4a05f6f27ead601bc734785df,57c18a23f50fddf7105ba9e37b2888edd4014a8bc249971413c53a3e2625de2b
G013,"M=20,20,20,20,|T=0,0,0,0,|B=1,15,1,50;2,15,1,50;",6,0.162254083187826,0.2,0,0,0.0445538207307941,42,1.025,1.2,independent_test,scale_large,diagnostic_r001,matched20_n100,402671101,c51670f635606682ebb5034831545b9e4fbe27a3d29633538290ade5603a04e3,50411359b9d8e8414c97493c694f8b57f2ae63d4a05f6f27ead601bc734785df,57c18a23f50fddf7105ba9e37b2888edd4014a8bc249971413c53a3e2625de2b
G014,"M=20,20,20,20,|T=0,0,0,0,|B=1,15,1,50;2,15,1,50;3,15,1,50;",16,0.205970960641686,0.2,0,0,0.00355071281464464,42,1.025,1.2,independent_test,scale_large,diagnostic_r001,matched20_n100,402671101,c51670f635606682ebb5034831545b9e4fbe27a3d29633538290ade5603a04e3,50411359b9d8e8414c97493c694f8b57f2ae63d4a05f6f27ead601bc734785df,57c18a23f50fddf7105ba9e37b2888edd4014a8bc249971413c53a3e2625de2b
G015,"M=20,20,20,20,|T=0,0,0,0,|B=1,15,1,50;2,15,1,50;3,15,1,50;3,15,1,50;",21,0.225980263904055,0.2,0,0,0.00111557329109243,42,1.025,1.2,independent_test,scale_large,diagnostic_r001,matched20_n100,402671101,c51670f635606682ebb5034831545b9e4fbe27a3d29633538290ade5603a04e3,50411359b9d8e8414c97493c694f8b57f2ae63d4a05f6f27ead601bc734785df,57c18a23f50fddf7105ba9e37b2888edd4014a8bc249971413c53a3e2625de2b
G016,"M=20,20,20,20,|T=0,0,0,0,|B=1,15,1,50;2,15,1,50;2,15,1,50;",11,0.187612565486213,0.2,0,0,0.0102718108984022,42,1.025,1.2,independent_test,scale_large,diagnostic_r001,matched20_n100,402671101,c51670f635606682ebb5034831545b9e4fbe27a3d29633538290ade5603a04e3,50411359b9d8e8414c97493c694f8b57f2ae63d4a05f6f27ead601bc734785df,57c18a23f50fddf7105ba9e37b2888edd4014a8bc249971413c53a3e2625de2b
G017,"M=20,20,20,20,|T=0,0,0,0,|B=1,15,1,50;2,15,1,50;2,15,1,50;3,15,1,50;",20,0.22548467512993,0.2,0,0,0.00114802633020181,42,1.025,1.2,independent_test,scale_large,diagnostic_r001,matched20_n100,402671101,c51670f635606682ebb5034831545b9e4fbe27a3d29633538290ade5603a04e3,50411359b9d8e8414c97493c694f8b57f2ae63d4a05f6f27ead601bc734785df,57c18a23f50fddf7105ba9e37b2888edd4014a8bc249971413c53a3e2625de2b
G018,"M=20,20,20,20,|T=0,0,0,0,|B=1,15,1,50;1,15,1,50;",8,0.170065593555663,0.2,0,0,0.0283522859917202,42,1.025,1.2,independent_test,scale_large,diagnostic_r001,matched20_n100,402671101,c51670f635606682ebb5034831545b9e4fbe27a3d29633538290ade5603a04e3,50411359b9d8e8414c97493c694f8b57f2ae63d4a05f6f27ead601bc734785df,57c18a23f50fddf7105ba9e37b2888edd4014a8bc249971413c53a3e2625de2b
G019,"M=20,20,20,20,|T=0,0,0,0,|B=1,15,1,50;1,15,1,50;3,15,1,50;",15,0.19383530404263,0.2,0,0,0.00716596496875027,42,1.025,1.2,independent_test,scale_large,diagnostic_r001,matched20_n100,402671101,c51670f635606682ebb5034831545b9e4fbe27a3d29633538290ade5603a04e3,50411359b9d8e8414c97493c694f8b57f2ae63d4a05f6f27ead601bc734785df,57c18a23f50fddf7105ba9e37b2888edd4014a8bc249971413c53a3e2625de2b
G020,"M=20,20,20,20,|T=0,0,0,0,|B=1,15,1,50;1,15,1,50;3,15,1,50;3,15,1,50;",19,0.215224038676342,0.2,0,0,0.00207870690181308,42,1.025,1.2,independent_test,scale_large,diagnostic_r001,matched20_n100,402671101,c51670f635606682ebb5034831545b9e4fbe27a3d29633538290ade5603a04e3,50411359b9d8e8414c97493c694f8b57f2ae63d4a05f6f27ead601bc734785df,57c18a23f50fddf7105ba9e37b2888edd4014a8bc249971413c53a3e2625de2b
G021,"M=20,20,20,20,|T=0,0,0,0,|B=1,15,1,50;1,15,1,50;2,15,1,50;",13,0.191250408242643,0.2,0,0,0.00832206301318524,42,1.025,1.2,independent_test,scale_large,diagnostic_r001,matched20_n100,402671101,c51670f635606682ebb5034831545b9e4fbe27a3d29633538290ade5603a04e3,50411359b9d8e8414c97493c694f8b57f2ae63d4a05f6f27ead601bc734785df,57c18a23f50fddf7105ba9e37b2888edd4014a8bc249971413c53a3e2625de2b
G022,"M=20,20,20,20,|T=0,0,0,0,|B=1,15,1,50;1,15,1,50;2,15,1,50;3,15,1,50;",22,0.225980263904055,0.2,0,0,0.00111557329109243,42,1.025,1.2,independent_test,scale_large,diagnostic_r001,matched20_n100,402671101,c51670f635606682ebb5034831545b9e4fbe27a3d29633538290ade5603a04e3,50411359b9d8e8414c97493c694f8b57f2ae63d4a05f6f27ead601bc734785df,57c18a23f50fddf7105ba9e37b2888edd4014a8bc249971413c53a3e2625de2b
G023,"M=20,20,20,20,|T=0,0,0,0,|B=1,15,1,50;1,15,1,50;2,15,1,50;2,15,1,50;",18,0.213113484596598,0.2,0,0,0.00234871194940507,42,1.025,1.2,independent_test,scale_large,diagnostic_r001,matched20_n100,402671101,c51670f635606682ebb5034831545b9e4fbe27a3d29633538290ade5603a04e3,50411359b9d8e8414c97493c694f8b57f2ae63d4a05f6f27ead601bc734785df,57c18a23f50fddf7105ba9e37b2888edd4014a8bc249971413c53a3e2625de2b
G001,"M=20,20,20,20,|T=0,0,0,0,|B=none",23,0.227470249721074,0.2,0,0,0.000282734524252062,6,1.025,0.8,independent_test,scale_large,diagnostic_r001,matched20_n200,402671101,93c61652d78f416159d96552b5883c0ccfa294ced34adadd7e42586ab76c3b31,da71c555a0fd1496b9e6344563a622e82fcec7dd4c0c111ea1950591688d5074,57c18a23f50fddf7105ba9e37b2888edd4014a8bc249971413c53a3e2625de2b
G002,"M=20,20,20,20,|T=0,0,0,0,|B=3,15,1,50;",3,0.160690448015682,0.2,0,0,0.0348887713222347,42,1.025,1.2,independent_test,scale_large,diagnostic_r001,matched20_n200,402671101,93c61652d78f416159d96552b5883c0ccfa294ced34adadd7e42586ab76c3b31,da71c555a0fd1496b9e6344563a622e82fcec7dd4c0c111ea1950591688d5074,57c18a23f50fddf7105ba9e37b2888edd4014a8bc249971413c53a3e2625de2b
G003,"M=20,20,20,20,|T=0,0,0,0,|B=3,15,1,50;3,15,1,50;",7,0.170065593555663,0.2,0,0,0.0177455443841056,42,1.025,1.2,independent_test,scale_large,diagnostic_r001,matched20_n200,402671101,93c61652d78f416159d96552b5883c0ccfa294ced34adadd7e42586ab76c3b31,da71c555a0fd1496b9e6344563a622e82fcec7dd4c0c111ea1950591688d5074,57c18a23f50fddf7105ba9e37b2888edd4014a8bc249971413c53a3e2625de2b
G004,"M=20,20,20,20,|T=0,0,0,0,|B=2,15,1,50;",1,0.120997001140184,0.2,0,1,0.610581755915461,33,1.025,1.1,independent_test,scale_large,diagnostic_r001,matched20_n200,402671101,93c61652d78f416159d96552b5883c0ccfa294ced34adadd7e42586ab76c3b31,da71c555a0fd1496b9e6344563a622e82fcec7dd4c0c111ea1950591688d5074,57c18a23f50fddf7105ba9e37b2888edd4014a8bc249971413c53a3e2625de2b
G005,"M=20,20,20,20,|T=0,0,0,0,|B=2,15,1,50;3,15,1,50;",5,0.162254083187826,0.2,0,0,0.0311686620797314,42,1.025,1.2,independent_test,scale_large,diagnostic_r001,matched20_n200,402671101,93c61652d78f416159d96552b5883c0ccfa294ced34adadd7e42586ab76c3b31,da71c555a0fd1496b9e6344563a622e82fcec7dd4c0c111ea1950591688d5074,57c18a23f50fddf7105ba9e37b2888edd4014a8bc249971413c53a3e2625de2b
G006,"M=20,20,20,20,|T=0,0,0,0,|B=2,15,1,50;3,15,1,50;3,15,1,50;",12,0.191250408242643,0.2,0,0,0.00385173122869005,42,1.025,1.2,independent_test,scale_large,diagnostic_r001,matched20_n200,402671101,93c61652d78f416159d96552b5883c0ccfa294ced34adadd7e42586ab76c3b31,da71c555a0fd1496b9e6344563a622e82fcec7dd4c0c111ea1950591688d5074,57c18a23f50fddf7105ba9e37b2888edd4014a8bc249971413c53a3e2625de2b
G007,"M=20,20,20,20,|T=0,0,0,0,|B=2,15,1,50;2,15,1,50;",2,0.138181943882267,0.2,0,0,0.176836655197887,42,1.025,1.2,independent_test,scale_large,diagnostic_r001,matched20_n200,402671101,93c61652d78f416159d96552b5883c0ccfa294ced34adadd7e42586ab76c3b31,da71c555a0fd1496b9e6344563a622e82fcec7dd4c0c111ea1950591688d5074,57c18a23f50fddf7105ba9e37b2888edd4014a8bc249971413c53a3e2625de2b
G008,"M=20,20,20,20,|T=0,0,0,0,|B=2,15,1,50;2,15,1,50;3,15,1,50;",10,0.187612565486213,0.2,0,0,0.00500703149707551,42,1.025,1.2,independent_test,scale_large,diagnostic_r001,matched20_n200,402671101,93c61652d78f416159d96552b5883c0ccfa294ced34adadd7e42586ab76c3b31,da71c555a0fd1496b9e6344563a622e82fcec7dd4c0c111ea1950591688d5074,57c18a23f50fddf7105ba9e37b2888edd4014a8bc249971413c53a3e2625de2b
G009,"M=20,20,20,20,|T=0,0,0,0,|B=2,15,1,50;2,15,1,50;3,15,1,50;3,15,1,50;",17,0.213113484596598,0.2,0,0,0.000796126114439123,42,1.025,1.2,independent_test,scale_large,diagnostic_r001,matched20_n200,402671101,93c61652d78f416159d96552b5883c0ccfa294ced34adadd7e42586ab76c3b31,da71c555a0fd1496b9e6344563a622e82fcec7dd4c0c111ea1950591688d5074,57c18a23f50fddf7105ba9e37b2888edd4014a8bc249971413c53a3e2625de2b
G010,"M=20,20,20,20,|T=0,0,0,0,|B=1,15,1,50;",4,0.160690448015682,0.2,0,0,0.0348887713222346,42,1.025,1.2,independent_test,scale_large,diagnostic_r001,matched20_n200,402671101,93c61652d78f416159d96552b5883c0ccfa294ced34adadd7e42586ab76c3b31,da71c555a0fd1496b9e6344563a622e82fcec7dd4c0c111ea1950591688d5074,57c18a23f50fddf7105ba9e37b2888edd4014a8bc249971413c53a3e2625de2b
G011,"M=20,20,20,20,|T=0,0,0,0,|B=1,15,1,50;3,15,1,50;",9,0.171486329401502,0.2,0,0,0.0160175804102079,42,1.025,1.2,independent_test,scale_large,diagnostic_r001,matched20_n200,402671101,93c61652d78f416159d96552b5883c0ccfa294ced34adadd7e42586ab76c3b31,da71c555a0fd1496b9e6344563a622e82fcec7dd4c0c111ea1950591688d5074,57c18a23f50fddf7105ba9e37b2888edd4014a8bc249971413c53a3e2625de2b
G012,"M=20,20,20,20,|T=0,0,0,0,|B=1,15,1,50;3,15,1,50;3,15,1,50;",14,0.19383530404263,0.2,0,0,0.00319673175269485,42,1.025,1.2,independent_test,scale_large,diagnostic_r001,matched20_n200,402671101,93c61652d78f416159d96552b5883c0ccfa294ced34adadd7e42586ab76c3b31,da71c555a0fd1496b9e6344563a622e82fcec7dd4c0c111ea1950591688d5074,57c18a23f50fddf7105ba9e37b2888edd4014a8bc249971413c53a3e2625de2b
G013,"M=20,20,20,20,|T=0,0,0,0,|B=1,15,1,50;2,15,1,50;",6,0.162254083187826,0.2,0,0,0.0311686620797314,42,1.025,1.2,independent_test,scale_large,diagnostic_r001,matched20_n200,402671101,93c61652d78f416159d96552b5883c0ccfa294ced34adadd7e42586ab76c3b31,da71c555a0fd1496b9e6344563a622e82fcec7dd4c0c111ea1950591688d5074,57c18a23f50fddf7105ba9e37b2888edd4014a8bc249971413c53a3e2625de2b
G014,"M=20,20,20,20,|T=0,0,0,0,|B=1,15,1,50;2,15,1,50;3,15,1,50;",16,0.205970960641686,0.2,0,0,0.00133247913991003,42,1.025,1.2,independent_test,scale_large,diagnostic_r001,matched20_n200,402671101,93c61652d78f416159d96552b5883c0ccfa294ced34adadd7e42586ab76c3b31,da71c555a0fd1496b9e6344563a622e82fcec7dd4c0c111ea1950591688d5074,57c18a23f50fddf7105ba9e37b2888edd4014a8bc249971413c53a3e2625de2b
G015,"M=20,20,20,20,|T=0,0,0,0,|B=1,15,1,50;2,15,1,50;3,15,1,50;3,15,1,50;",21,0.225980263904055,0.2,0,0,0.000314803766928416,42,1.025,1.2,independent_test,scale_large,diagnostic_r001,matched20_n200,402671101,93c61652d78f416159d96552b5883c0ccfa294ced34adadd7e42586ab76c3b31,da71c555a0fd1496b9e6344563a622e82fcec7dd4c0c111ea1950591688d5074,57c18a23f50fddf7105ba9e37b2888edd4014a8bc249971413c53a3e2625de2b
G016,"M=20,20,20,20,|T=0,0,0,0,|B=1,15,1,50;2,15,1,50;2,15,1,50;",11,0.187612565486213,0.2,0,0,0.00500703149707551,42,1.025,1.2,independent_test,scale_large,diagnostic_r001,matched20_n200,402671101,93c61652d78f416159d96552b5883c0ccfa294ced34adadd7e42586ab76c3b31,da71c555a0fd1496b9e6344563a622e82fcec7dd4c0c111ea1950591688d5074,57c18a23f50fddf7105ba9e37b2888edd4014a8bc249971413c53a3e2625de2b
G017,"M=20,20,20,20,|T=0,0,0,0,|B=1,15,1,50;2,15,1,50;2,15,1,50;3,15,1,50;",20,0.22548467512993,0.2,0,0,0.000326257125370057,42,1.025,1.2,independent_test,scale_large,diagnostic_r001,matched20_n200,402671101,93c61652d78f416159d96552b5883c0ccfa294ced34adadd7e42586ab76c3b31,da71c555a0fd1496b9e6344563a622e82fcec7dd4c0c111ea1950591688d5074,57c18a23f50fddf7105ba9e37b2888edd4014a8bc249971413c53a3e2625de2b
G018,"M=20,20,20,20,|T=0,0,0,0,|B=1,15,1,50;1,15,1,50;",8,0.170065593555663,0.2,0,0,0.0177455443841056,42,1.025,1.2,independent_test,scale_large,diagnostic_r001,matched20_n200,402671101,93c61652d78f416159d96552b5883c0ccfa294ced34adadd7e42586ab76c3b31,da71c555a0fd1496b9e6344563a622e82fcec7dd4c0c111ea1950591688d5074,57c18a23f50fddf7105ba9e37b2888edd4014a8bc249971413c53a3e2625de2b
G019,"M=20,20,20,20,|T=0,0,0,0,|B=1,15,1,50;1,15,1,50;3,15,1,50;",15,0.19383530404263,0.2,0,0,0.00319673175269485,42,1.025,1.2,independent_test,scale_large,diagnostic_r001,matched20_n200,402671101,93c61652d78f416159d96552b5883c0ccfa294ced34adadd7e42586ab76c3b31,da71c555a0fd1496b9e6344563a622e82fcec7dd4c0c111ea1950591688d5074,57c18a23f50fddf7105ba9e37b2888edd4014a8bc249971413c53a3e2625de2b
G020,"M=20,20,20,20,|T=0,0,0,0,|B=1,15,1,50;1,15,1,50;3,15,1,50;3,15,1,50;",19,0.215224038676342,0.2,0,0,0.000683733395112967,42,1.025,1.2,independent_test,scale_large,diagnostic_r001,matched20_n200,402671101,93c61652d78f416159d96552b5883c0ccfa294ced34adadd7e42586ab76c3b31,da71c555a0fd1496b9e6344563a622e82fcec7dd4c0c111ea1950591688d5074,57c18a23f50fddf7105ba9e37b2888edd4014a8bc249971413c53a3e2625de2b
G021,"M=20,20,20,20,|T=0,0,0,0,|B=1,15,1,50;1,15,1,50;2,15,1,50;",13,0.191250408242643,0.2,0,0,0.00385173122869005,42,1.025,1.2,independent_test,scale_large,diagnostic_r001,matched20_n200,402671101,93c61652d78f416159d96552b5883c0ccfa294ced34adadd7e42586ab76c3b31,da71c555a0fd1496b9e6344563a622e82fcec7dd4c0c111ea1950591688d5074,57c18a23f50fddf7105ba9e37b2888edd4014a8bc249971413c53a3e2625de2b
G022,"M=20,20,20,20,|T=0,0,0,0,|B=1,15,1,50;1,15,1,50;2,15,1,50;3,15,1,50;",22,0.225980263904055,0.2,0,0,0.000314803766928416,42,1.025,1.2,independent_test,scale_large,diagnostic_r001,matched20_n200,402671101,93c61652d78f416159d96552b5883c0ccfa294ced34adadd7e42586ab76c3b31,da71c555a0fd1496b9e6344563a622e82fcec7dd4c0c111ea1950591688d5074,57c18a23f50fddf7105ba9e37b2888edd4014a8bc249971413c53a3e2625de2b
G023,"M=20,20,20,20,|T=0,0,0,0,|B=1,15,1,50;1,15,1,50;2,15,1,50;2,15,1,50;",18,0.213113484596598,0.2,0,0,0.000796126114439121,42,1.025,1.2,independent_test,scale_large,diagnostic_r001,matched20_n200,402671101,93c61652d78f416159d96552b5883c0ccfa294ced34adadd7e42586ab76c3b31,da71c555a0fd1496b9e6344563a622e82fcec7dd4c0c111ea1950591688d5074,57c18a23f50fddf7105ba9e37b2888edd4014a8bc249971413c53a3e2625de2b
G001,"M=20,20,20,20,|T=0,0,0,0,|B=none",23,0.227470249721074,0.2,0,0,1.2319656080058e-13,6,1.025,0.8,independent_test,scale_large,diagnostic_r001,snr35_n100,402671101,c965159e805bda580f3df93aa7c809fa347dccdfe07d3177e76400fbd2ac6e15,23aaee4d5c66d6ea7a32e1c5b876e05a99f164d3785cdfeb8460698437b340e4,57c18a23f50fddf7105ba9e37b2888edd4014a8bc249971413c53a3e2625de2b
G002,"M=20,20,20,20,|T=0,0,0,0,|B=3,15,1,50;",3,0.160690448015682,0.2,0,0,1.53141620529901e-05,42,1.025,1.2,independent_test,scale_large,diagnostic_r001,snr35_n100,402671101,c965159e805bda580f3df93aa7c809fa347dccdfe07d3177e76400fbd2ac6e15,23aaee4d5c66d6ea7a32e1c5b876e05a99f164d3785cdfeb8460698437b340e4,57c18a23f50fddf7105ba9e37b2888edd4014a8bc249971413c53a3e2625de2b
G003,"M=20,20,20,20,|T=0,0,0,0,|B=3,15,1,50;3,15,1,50;",7,0.170065593555663,0.2,0,0,1.1187053584699e-06,42,1.025,1.2,independent_test,scale_large,diagnostic_r001,snr35_n100,402671101,c965159e805bda580f3df93aa7c809fa347dccdfe07d3177e76400fbd2ac6e15,23aaee4d5c66d6ea7a32e1c5b876e05a99f164d3785cdfeb8460698437b340e4,57c18a23f50fddf7105ba9e37b2888edd4014a8bc249971413c53a3e2625de2b
G004,"M=20,20,20,20,|T=0,0,0,0,|B=2,15,1,50;",1,0.120997001140184,0.2,0,1,0.991754600724945,33,1.025,1.1,independent_test,scale_large,diagnostic_r001,snr35_n100,402671101,c965159e805bda580f3df93aa7c809fa347dccdfe07d3177e76400fbd2ac6e15,23aaee4d5c66d6ea7a32e1c5b876e05a99f164d3785cdfeb8460698437b340e4,57c18a23f50fddf7105ba9e37b2888edd4014a8bc249971413c53a3e2625de2b
G005,"M=20,20,20,20,|T=0,0,0,0,|B=2,15,1,50;3,15,1,50;",5,0.162254083187826,0.2,0,0,9.89833912741787e-06,42,1.025,1.2,independent_test,scale_large,diagnostic_r001,snr35_n100,402671101,c965159e805bda580f3df93aa7c809fa347dccdfe07d3177e76400fbd2ac6e15,23aaee4d5c66d6ea7a32e1c5b876e05a99f164d3785cdfeb8460698437b340e4,57c18a23f50fddf7105ba9e37b2888edd4014a8bc249971413c53a3e2625de2b
G006,"M=20,20,20,20,|T=0,0,0,0,|B=2,15,1,50;3,15,1,50;3,15,1,50;",12,0.191250408242643,0.2,0,0,3.02599275033936e-09,42,1.025,1.2,independent_test,scale_large,diagnostic_r001,snr35_n100,402671101,c965159e805bda580f3df93aa7c809fa347dccdfe07d3177e76400fbd2ac6e15,23aaee4d5c66d6ea7a32e1c5b876e05a99f164d3785cdfeb8460698437b340e4,57c18a23f50fddf7105ba9e37b2888edd4014a8bc249971413c53a3e2625de2b
G007,"M=20,20,20,20,|T=0,0,0,0,|B=2,15,1,50;2,15,1,50;",2,0.138181943882267,0.2,0,0,0.00819195859674408,42,1.025,1.2,independent_test,scale_large,diagnostic_r001,snr35_n100,402671101,c965159e805bda580f3df93aa7c809fa347dccdfe07d3177e76400fbd2ac6e15,23aaee4d5c66d6ea7a32e1c5b876e05a99f164d3785cdfeb8460698437b340e4,57c18a23f50fddf7105ba9e37b2888edd4014a8bc249971413c53a3e2625de2b
G008,"M=20,20,20,20,|T=0,0,0,0,|B=2,15,1,50;2,15,1,50;3,15,1,50;",10,0.187612565486213,0.2,0,0,8.35251111708434e-09,42,1.025,1.2,independent_test,scale_large,diagnostic_r001,snr35_n100,402671101,c965159e805bda580f3df93aa7c809fa347dccdfe07d3177e76400fbd2ac6e15,23aaee4d5c66d6ea7a32e1c5b876e05a99f164d3785cdfeb8460698437b340e4,57c18a23f50fddf7105ba9e37b2888edd4014a8bc249971413c53a3e2625de2b
G009,"M=20,20,20,20,|T=0,0,0,0,|B=2,15,1,50;2,15,1,50;3,15,1,50;3,15,1,50;",17,0.213113484596598,0.2,0,0,6.77340095344729e-12,42,1.025,1.2,independent_test,scale_large,diagnostic_r001,snr35_n100,402671101,c965159e805bda580f3df93aa7c809fa347dccdfe07d3177e76400fbd2ac6e15,23aaee4d5c66d6ea7a32e1c5b876e05a99f164d3785cdfeb8460698437b340e4,57c18a23f50fddf7105ba9e37b2888edd4014a8bc249971413c53a3e2625de2b
G010,"M=20,20,20,20,|T=0,0,0,0,|B=1,15,1,50;",4,0.160690448015682,0.2,0,0,1.53141620529899e-05,42,1.025,1.2,independent_test,scale_large,diagnostic_r001,snr35_n100,402671101,c965159e805bda580f3df93aa7c809fa347dccdfe07d3177e76400fbd2ac6e15,23aaee4d5c66d6ea7a32e1c5b876e05a99f164d3785cdfeb8460698437b340e4,57c18a23f50fddf7105ba9e37b2888edd4014a8bc249971413c53a3e2625de2b
G011,"M=20,20,20,20,|T=0,0,0,0,|B=1,15,1,50;3,15,1,50;",9,0.171486329401502,0.2,0,0,7.52498922085265e-07,42,1.025,1.2,independent_test,scale_large,diagnostic_r001,snr35_n100,402671101,c965159e805bda580f3df93aa7c809fa347dccdfe07d3177e76400fbd2ac6e15,23aaee4d5c66d6ea7a32e1c5b876e05a99f164d3785cdfeb8460698437b340e4,57c18a23f50fddf7105ba9e37b2888edd4014a8bc249971413c53a3e2625de2b
G012,"M=20,20,20,20,|T=0,0,0,0,|B=1,15,1,50;3,15,1,50;3,15,1,50;",14,0.19383530404263,0.2,0,0,1.4707816952258e-09,42,1.025,1.2,independent_test,scale_large,diagnostic_r001,snr35_n100,402671101,c965159e805bda580f3df93aa7c809fa347dccdfe07d3177e76400fbd2ac6e15,23aaee4d5c66d6ea7a32e1c5b876e05a99f164d3785cdfeb8460698437b340e4,57c18a23f50fddf7105ba9e37b2888edd4014a8bc249971413c53a3e2625de2b
G013,"M=20,20,20,20,|T=0,0,0,0,|B=1,15,1,50;2,15,1,50;",6,0.162254083187826,0.2,0,0,9.89833912741787e-06,42,1.025,1.2,independent_test,scale_large,diagnostic_r001,snr35_n100,402671101,c965159e805bda580f3df93aa7c809fa347dccdfe07d3177e76400fbd2ac6e15,23aaee4d5c66d6ea7a32e1c5b876e05a99f164d3785cdfeb8460698437b340e4,57c18a23f50fddf7105ba9e37b2888edd4014a8bc249971413c53a3e2625de2b
G014,"M=20,20,20,20,|T=0,0,0,0,|B=1,15,1,50;2,15,1,50;3,15,1,50;",16,0.205970960641686,0.2,0,0,4.97238103445714e-11,42,1.025,1.2,independent_test,scale_large,diagnostic_r001,snr35_n100,402671101,c965159e805bda580f3df93aa7c809fa347dccdfe07d3177e76400fbd2ac6e15,23aaee4d5c66d6ea7a32e1c5b876e05a99f164d3785cdfeb8460698437b340e4,57c18a23f50fddf7105ba9e37b2888edd4014a8bc249971413c53a3e2625de2b
G015,"M=20,20,20,20,|T=0,0,0,0,|B=1,15,1,50;2,15,1,50;3,15,1,50;3,15,1,50;",21,0.225980263904055,0.2,0,0,1.86724939917192e-13,42,1.025,1.2,independent_test,scale_large,diagnostic_r001,snr35_n100,402671101,c965159e805bda580f3df93aa7c809fa347dccdfe07d3177e76400fbd2ac6e15,23aaee4d5c66d6ea7a32e1c5b876e05a99f164d3785cdfeb8460698437b340e4,57c18a23f50fddf7105ba9e37b2888edd4014a8bc249971413c53a3e2625de2b
G016,"M=20,20,20,20,|T=0,0,0,0,|B=1,15,1,50;2,15,1,50;2,15,1,50;",11,0.187612565486213,0.2,0,0,8.35251111708434e-09,42,1.025,1.2,independent_test,scale_large,diagnostic_r001,snr35_n100,402671101,c965159e805bda580f3df93aa7c809fa347dccdfe07d3177e76400fbd2ac6e15,23aaee4d5c66d6ea7a32e1c5b876e05a99f164d3785cdfeb8460698437b340e4,57c18a23f50fddf7105ba9e37b2888edd4014a8bc249971413c53a3e2625de2b
G017,"M=20,20,20,20,|T=0,0,0,0,|B=1,15,1,50;2,15,1,50;2,15,1,50;3,15,1,50;",20,0.22548467512993,0.2,0,0,2.14424050828648e-13,42,1.025,1.2,independent_test,scale_large,diagnostic_r001,snr35_n100,402671101,c965159e805bda580f3df93aa7c809fa347dccdfe07d3177e76400fbd2ac6e15,23aaee4d5c66d6ea7a32e1c5b876e05a99f164d3785cdfeb8460698437b340e4,57c18a23f50fddf7105ba9e37b2888edd4014a8bc249971413c53a3e2625de2b
G018,"M=20,20,20,20,|T=0,0,0,0,|B=1,15,1,50;1,15,1,50;",8,0.170065593555663,0.2,0,0,1.1187053584699e-06,42,1.025,1.2,independent_test,scale_large,diagnostic_r001,snr35_n100,402671101,c965159e805bda580f3df93aa7c809fa347dccdfe07d3177e76400fbd2ac6e15,23aaee4d5c66d6ea7a32e1c5b876e05a99f164d3785cdfeb8460698437b340e4,57c18a23f50fddf7105ba9e37b2888edd4014a8bc249971413c53a3e2625de2b
G019,"M=20,20,20,20,|T=0,0,0,0,|B=1,15,1,50;1,15,1,50;3,15,1,50;",15,0.19383530404263,0.2,0,0,1.4707816952258e-09,42,1.025,1.2,independent_test,scale_large,diagnostic_r001,snr35_n100,402671101,c965159e805bda580f3df93aa7c809fa347dccdfe07d3177e76400fbd2ac6e15,23aaee4d5c66d6ea7a32e1c5b876e05a99f164d3785cdfeb8460698437b340e4,57c18a23f50fddf7105ba9e37b2888edd4014a8bc249971413c53a3e2625de2b
G020,"M=20,20,20,20,|T=0,0,0,0,|B=1,15,1,50;1,15,1,50;3,15,1,50;3,15,1,50;",19,0.215224038676342,0.2,0,0,3.75822600655624e-12,42,1.025,1.2,independent_test,scale_large,diagnostic_r001,snr35_n100,402671101,c965159e805bda580f3df93aa7c809fa347dccdfe07d3177e76400fbd2ac6e15,23aaee4d5c66d6ea7a32e1c5b876e05a99f164d3785cdfeb8460698437b340e4,57c18a23f50fddf7105ba9e37b2888edd4014a8bc249971413c53a3e2625de2b
G021,"M=20,20,20,20,|T=0,0,0,0,|B=1,15,1,50;1,15,1,50;2,15,1,50;",13,0.191250408242643,0.2,0,0,3.02599275033936e-09,42,1.025,1.2,independent_test,scale_large,diagnostic_r001,snr35_n100,402671101,c965159e805bda580f3df93aa7c809fa347dccdfe07d3177e76400fbd2ac6e15,23aaee4d5c66d6ea7a32e1c5b876e05a99f164d3785cdfeb8460698437b340e4,57c18a23f50fddf7105ba9e37b2888edd4014a8bc249971413c53a3e2625de2b
G022,"M=20,20,20,20,|T=0,0,0,0,|B=1,15,1,50;1,15,1,50;2,15,1,50;3,15,1,50;",22,0.225980263904055,0.2,0,0,1.86724939917192e-13,42,1.025,1.2,independent_test,scale_large,diagnostic_r001,snr35_n100,402671101,c965159e805bda580f3df93aa7c809fa347dccdfe07d3177e76400fbd2ac6e15,23aaee4d5c66d6ea7a32e1c5b876e05a99f164d3785cdfeb8460698437b340e4,57c18a23f50fddf7105ba9e37b2888edd4014a8bc249971413c53a3e2625de2b
G023,"M=20,20,20,20,|T=0,0,0,0,|B=1,15,1,50;1,15,1,50;2,15,1,50;2,15,1,50;",18,0.213113484596598,0.2,0,0,6.77340095344724e-12,42,1.025,1.2,independent_test,scale_large,diagnostic_r001,snr35_n100,402671101,c965159e805bda580f3df93aa7c809fa347dccdfe07d3177e76400fbd2ac6e15,23aaee4d5c66d6ea7a32e1c5b876e05a99f164d3785cdfeb8460698437b340e4,57c18a23f50fddf7105ba9e37b2888edd4014a8bc249971413c53a3e2625de2b
G001,"M=20,20,20,20,|T=0,0,0,0,|B=none",23,0.227470249721074,0.2,0,0,0.000736834545702802,6,1.025,0.8,independent_test,scale_large,diagnostic_r001,nuisance_broad20_n100,402671101,1e557fd04443066e94d5e51b2f3e510ba8758cf9a36c9b29f55981d91e1a7283,670a0d2feeea64ab36d74bfcdcfab015ef4123c29da6f390c3e26d90b8915a02,57c18a23f50fddf7105ba9e37b2888edd4014a8bc249971413c53a3e2625de2b
G002,"M=20,20,20,20,|T=0,0,0,0,|B=3,15,1,50;",3,0.160690448015682,0.2,0,0,0.0450866992574894,42,1.025,1.2,independent_test,scale_large,diagnostic_r001,nuisance_broad20_n100,402671101,1e557fd04443066e94d5e51b2f3e510ba8758cf9a36c9b29f55981d91e1a7283,670a0d2feeea64ab36d74bfcdcfab015ef4123c29da6f390c3e26d90b8915a02,57c18a23f50fddf7105ba9e37b2888edd4014a8bc249971413c53a3e2625de2b
G003,"M=20,20,20,20,|T=0,0,0,0,|B=3,15,1,50;3,15,1,50;",7,0.170065593555663,0.2,0,0,0.0253057112169562,42,1.025,1.2,independent_test,scale_large,diagnostic_r001,nuisance_broad20_n100,402671101,1e557fd04443066e94d5e51b2f3e510ba8758cf9a36c9b29f55981d91e1a7283,670a0d2feeea64ab36d74bfcdcfab015ef4123c29da6f390c3e26d90b8915a02,57c18a23f50fddf7105ba9e37b2888edd4014a8bc249971413c53a3e2625de2b
G004,"M=20,20,20,20,|T=0,0,0,0,|B=2,15,1,50;",1,0.120997001140184,0.2,0,1,0.52004104155388,33,1.025,1.1,independent_test,scale_large,diagnostic_r001,nuisance_broad20_n100,402671101,1e557fd04443066e94d5e51b2f3e510ba8758cf9a36c9b29f55981d91e1a7283,670a0d2feeea64ab36d74bfcdcfab015ef4123c29da6f390c3e26d90b8915a02,57c18a23f50fddf7105ba9e37b2888edd4014a8bc249971413c53a3e2625de2b
G005,"M=20,20,20,20,|T=0,0,0,0,|B=2,15,1,50;3,15,1,50;",5,0.162254083187826,0.2,0,0,0.0409462126500006,42,1.025,1.2,independent_test,scale_large,diagnostic_r001,nuisance_broad20_n100,402671101,1e557fd04443066e94d5e51b2f3e510ba8758cf9a36c9b29f55981d91e1a7283,670a0d2feeea64ab36d74bfcdcfab015ef4123c29da6f390c3e26d90b8915a02,57c18a23f50fddf7105ba9e37b2888edd4014a8bc249971413c53a3e2625de2b
G006,"M=20,20,20,20,|T=0,0,0,0,|B=2,15,1,50;3,15,1,50;3,15,1,50;",12,0.191250408242643,0.2,0,0,0.00686157209581818,42,1.025,1.2,independent_test,scale_large,diagnostic_r001,nuisance_broad20_n100,402671101,1e557fd04443066e94d5e51b2f3e510ba8758cf9a36c9b29f55981d91e1a7283,670a0d2feeea64ab36d74bfcdcfab015ef4123c29da6f390c3e26d90b8915a02,57c18a23f50fddf7105ba9e37b2888edd4014a8bc249971413c53a3e2625de2b
G007,"M=20,20,20,20,|T=0,0,0,0,|B=2,15,1,50;2,15,1,50;",2,0.138181943882267,0.2,0,0,0.180409071040405,42,1.025,1.2,independent_test,scale_large,diagnostic_r001,nuisance_broad20_n100,402671101,1e557fd04443066e94d5e51b2f3e510ba8758cf9a36c9b29f55981d91e1a7283,670a0d2feeea64ab36d74bfcdcfab015ef4123c29da6f390c3e26d90b8915a02,57c18a23f50fddf7105ba9e37b2888edd4014a8bc249971413c53a3e2625de2b
G008,"M=20,20,20,20,|T=0,0,0,0,|B=2,15,1,50;2,15,1,50;3,15,1,50;",10,0.187612565486213,0.2,0,0,0.00858525678769945,42,1.025,1.2,independent_test,scale_large,diagnostic_r001,nuisance_broad20_n100,402671101,1e557fd04443066e94d5e51b2f3e510ba8758cf9a36c9b29f55981d91e1a7283,670a0d2feeea64ab36d74bfcdcfab015ef4123c29da6f390c3e26d90b8915a02,57c18a23f50fddf7105ba9e37b2888edd4014a8bc249971413c53a3e2625de2b
G009,"M=20,20,20,20,|T=0,0,0,0,|B=2,15,1,50;2,15,1,50;3,15,1,50;3,15,1,50;",17,0.213113484596598,0.2,0,0,0.00178435793685403,42,1.025,1.2,independent_test,scale_large,diagnostic_r001,nuisance_broad20_n100,402671101,1e557fd04443066e94d5e51b2f3e510ba8758cf9a36c9b29f55981d91e1a7283,670a0d2feeea64ab36d74bfcdcfab015ef4123c29da6f390c3e26d90b8915a02,57c18a23f50fddf7105ba9e37b2888edd4014a8bc249971413c53a3e2625de2b
G010,"M=20,20,20,20,|T=0,0,0,0,|B=1,15,1,50;",4,0.160690448015682,0.2,0,0,0.0450866992574894,42,1.025,1.2,independent_test,scale_large,diagnostic_r001,nuisance_broad20_n100,402671101,1e557fd04443066e94d5e51b2f3e510ba8758cf9a36c9b29f55981d91e1a7283,670a0d2feeea64ab36d74bfcdcfab015ef4123c29da6f390c3e26d90b8915a02,57c18a23f50fddf7105ba9e37b2888edd4014a8bc249971413c53a3e2625de2b
G011,"M=20,20,20,20,|T=0,0,0,0,|B=1,15,1,50;3,15,1,50;",9,0.171486329401502,0.2,0,0,0.0231849990281004,42,1.025,1.2,independent_test,scale_large,diagnostic_r001,nuisance_broad20_n100,402671101,1e557fd04443066e94d5e51b2f3e510ba8758cf9a36c9b29f55981d91e1a7283,670a0d2feeea64ab36d74bfcdcfab015ef4123c29da6f390c3e26d90b8915a02,57c18a23f50fddf7105ba9e37b2888edd4014a8bc249971413c53a3e2625de2b
G012,"M=20,20,20,20,|T=0,0,0,0,|B=1,15,1,50;3,15,1,50;3,15,1,50;",14,0.19383530404263,0.2,0,0,0.00585147467135983,42,1.025,1.2,independent_test,scale_large,diagnostic_r001,nuisance_broad20_n100,402671101,1e557fd04443066e94d5e51b2f3e510ba8758cf9a36c9b29f55981d91e1a7283,670a0d2feeea64ab36d74bfcdcfab015ef4123c29da6f390c3e26d90b8915a02,57c18a23f50fddf7105ba9e37b2888edd4014a8bc249971413c53a3e2625de2b
G013,"M=20,20,20,20,|T=0,0,0,0,|B=1,15,1,50;2,15,1,50;",6,0.162254083187826,0.2,0,0,0.0409462126500006,42,1.025,1.2,independent_test,scale_large,diagnostic_r001,nuisance_broad20_n100,402671101,1e557fd04443066e94d5e51b2f3e510ba8758cf9a36c9b29f55981d91e1a7283,670a0d2feeea64ab36d74bfcdcfab015ef4123c29da6f390c3e26d90b8915a02,57c18a23f50fddf7105ba9e37b2888edd4014a8bc249971413c53a3e2625de2b
G014,"M=20,20,20,20,|T=0,0,0,0,|B=1,15,1,50;2,15,1,50;3,15,1,50;",16,0.205970960641686,0.2,0,0,0.0027706303481402,42,1.025,1.2,independent_test,scale_large,diagnostic_r001,nuisance_broad20_n100,402671101,1e557fd04443066e94d5e51b2f3e510ba8758cf9a36c9b29f55981d91e1a7283,670a0d2feeea64ab36d74bfcdcfab015ef4123c29da6f390c3e26d90b8915a02,57c18a23f50fddf7105ba9e37b2888edd4014a8bc249971413c53a3e2625de2b
G015,"M=20,20,20,20,|T=0,0,0,0,|B=1,15,1,50;2,15,1,50;3,15,1,50;3,15,1,50;",21,0.225980263904055,0.2,0,0,0.000807670483949722,42,1.025,1.2,independent_test,scale_large,diagnostic_r001,nuisance_broad20_n100,402671101,1e557fd04443066e94d5e51b2f3e510ba8758cf9a36c9b29f55981d91e1a7283,670a0d2feeea64ab36d74bfcdcfab015ef4123c29da6f390c3e26d90b8915a02,57c18a23f50fddf7105ba9e37b2888edd4014a8bc249971413c53a3e2625de2b
G016,"M=20,20,20,20,|T=0,0,0,0,|B=1,15,1,50;2,15,1,50;2,15,1,50;",11,0.187612565486213,0.2,0,0,0.00858525678769945,42,1.025,1.2,independent_test,scale_large,diagnostic_r001,nuisance_broad20_n100,402671101,1e557fd04443066e94d5e51b2f3e510ba8758cf9a36c9b29f55981d91e1a7283,670a0d2feeea64ab36d74bfcdcfab015ef4123c29da6f390c3e26d90b8915a02,57c18a23f50fddf7105ba9e37b2888edd4014a8bc249971413c53a3e2625de2b
G017,"M=20,20,20,20,|T=0,0,0,0,|B=1,15,1,50;2,15,1,50;2,15,1,50;3,15,1,50;",20,0.22548467512993,0.2,0,0,0.0008327096112628,42,1.025,1.2,independent_test,scale_large,diagnostic_r001,nuisance_broad20_n100,402671101,1e557fd04443066e94d5e51b2f3e510ba8758cf9a36c9b29f55981d91e1a7283,670a0d2feeea64ab36d74bfcdcfab015ef4123c29da6f390c3e26d90b8915a02,57c18a23f50fddf7105ba9e37b2888edd4014a8bc249971413c53a3e2625de2b
G018,"M=20,20,20,20,|T=0,0,0,0,|B=1,15,1,50;1,15,1,50;",8,0.170065593555663,0.2,0,0,0.0253057112169562,42,1.025,1.2,independent_test,scale_large,diagnostic_r001,nuisance_broad20_n100,402671101,1e557fd04443066e94d5e51b2f3e510ba8758cf9a36c9b29f55981d91e1a7283,670a0d2feeea64ab36d74bfcdcfab015ef4123c29da6f390c3e26d90b8915a02,57c18a23f50fddf7105ba9e37b2888edd4014a8bc249971413c53a3e2625de2b
G019,"M=20,20,20,20,|T=0,0,0,0,|B=1,15,1,50;1,15,1,50;3,15,1,50;",15,0.19383530404263,0.2,0,0,0.00585147467135983,42,1.025,1.2,independent_test,scale_large,diagnostic_r001,nuisance_broad20_n100,402671101,1e557fd04443066e94d5e51b2f3e510ba8758cf9a36c9b29f55981d91e1a7283,670a0d2feeea64ab36d74bfcdcfab015ef4123c29da6f390c3e26d90b8915a02,57c18a23f50fddf7105ba9e37b2888edd4014a8bc249971413c53a3e2625de2b
G020,"M=20,20,20,20,|T=0,0,0,0,|B=1,15,1,50;1,15,1,50;3,15,1,50;3,15,1,50;",19,0.215224038676342,0.2,0,0,0.00156680367225449,42,1.025,1.2,independent_test,scale_large,diagnostic_r001,nuisance_broad20_n100,402671101,1e557fd04443066e94d5e51b2f3e510ba8758cf9a36c9b29f55981d91e1a7283,670a0d2feeea64ab36d74bfcdcfab015ef4123c29da6f390c3e26d90b8915a02,57c18a23f50fddf7105ba9e37b2888edd4014a8bc249971413c53a3e2625de2b
G021,"M=20,20,20,20,|T=0,0,0,0,|B=1,15,1,50;1,15,1,50;2,15,1,50;",13,0.191250408242643,0.2,0,0,0.00686157209581818,42,1.025,1.2,independent_test,scale_large,diagnostic_r001,nuisance_broad20_n100,402671101,1e557fd04443066e94d5e51b2f3e510ba8758cf9a36c9b29f55981d91e1a7283,670a0d2feeea64ab36d74bfcdcfab015ef4123c29da6f390c3e26d90b8915a02,57c18a23f50fddf7105ba9e37b2888edd4014a8bc249971413c53a3e2625de2b
G022,"M=20,20,20,20,|T=0,0,0,0,|B=1,15,1,50;1,15,1,50;2,15,1,50;3,15,1,50;",22,0.225980263904055,0.2,0,0,0.000807670483949722,42,1.025,1.2,independent_test,scale_large,diagnostic_r001,nuisance_broad20_n100,402671101,1e557fd04443066e94d5e51b2f3e510ba8758cf9a36c9b29f55981d91e1a7283,670a0d2feeea64ab36d74bfcdcfab015ef4123c29da6f390c3e26d90b8915a02,57c18a23f50fddf7105ba9e37b2888edd4014a8bc249971413c53a3e2625de2b
G023,"M=20,20,20,20,|T=0,0,0,0,|B=1,15,1,50;1,15,1,50;2,15,1,50;2,15,1,50;",18,0.213113484596598,0.2,0,0,0.00178435793685402,42,1.025,1.2,independent_test,scale_large,diagnostic_r001,nuisance_broad20_n100,402671101,1e557fd04443066e94d5e51b2f3e510ba8758cf9a36c9b29f55981d91e1a7283,670a0d2feeea64ab36d74bfcdcfab015ef4123c29da6f390c3e26d90b8915a02,57c18a23f50fddf7105ba9e37b2888edd4014a8bc249971413c53a3e2625de2b
G001,"M=20,20,20,20,|T=0,0,0,0,|B=none",23,0.227470249721074,0.2,0,0,0.00628092134541782,6,1.025,0.8,independent_test,scale_large,diagnostic_r001,combined_broad35_n20,402671101,2081316e727819833ac0b8951866c9f958204017c1edb97e1ccc7856952f4813,c96dfab3d90e2f9bda8bdab148880b65ce60e283da92e332dcd1368e3e73e2a2,57c18a23f50fddf7105ba9e37b2888edd4014a8bc249971413c53a3e2625de2b
G002,"M=20,20,20,20,|T=0,0,0,0,|B=3,15,1,50;",3,0.160690448015682,0.2,0,0,0.0649453392601569,42,1.025,1.2,independent_test,scale_large,diagnostic_r001,combined_broad35_n20,402671101,2081316e727819833ac0b8951866c9f958204017c1edb97e1ccc7856952f4813,c96dfab3d90e2f9bda8bdab148880b65ce60e283da92e332dcd1368e3e73e2a2,57c18a23f50fddf7105ba9e37b2888edd4014a8bc249971413c53a3e2625de2b
G003,"M=20,20,20,20,|T=0,0,0,0,|B=3,15,1,50;3,15,1,50;",7,0.170065593555663,0.2,0,0,0.0467864347675133,42,1.025,1.2,independent_test,scale_large,diagnostic_r001,combined_broad35_n20,402671101,2081316e727819833ac0b8951866c9f958204017c1edb97e1ccc7856952f4813,c96dfab3d90e2f9bda8bdab148880b65ce60e283da92e332dcd1368e3e73e2a2,57c18a23f50fddf7105ba9e37b2888edd4014a8bc249971413c53a3e2625de2b
G004,"M=20,20,20,20,|T=0,0,0,0,|B=2,15,1,50;",1,0.120997001140184,0.2,0,1,0.260360042750487,33,1.025,1.1,independent_test,scale_large,diagnostic_r001,combined_broad35_n20,402671101,2081316e727819833ac0b8951866c9f958204017c1edb97e1ccc7856952f4813,c96dfab3d90e2f9bda8bdab148880b65ce60e283da92e332dcd1368e3e73e2a2,57c18a23f50fddf7105ba9e37b2888edd4014a8bc249971413c53a3e2625de2b
G005,"M=20,20,20,20,|T=0,0,0,0,|B=2,15,1,50;3,15,1,50;",5,0.162254083187826,0.2,0,0,0.0614883878340176,42,1.025,1.2,independent_test,scale_large,diagnostic_r001,combined_broad35_n20,402671101,2081316e727819833ac0b8951866c9f958204017c1edb97e1ccc7856952f4813,c96dfab3d90e2f9bda8bdab148880b65ce60e283da92e332dcd1368e3e73e2a2,57c18a23f50fddf7105ba9e37b2888edd4014a8bc249971413c53a3e2625de2b
G006,"M=20,20,20,20,|T=0,0,0,0,|B=2,15,1,50;3,15,1,50;3,15,1,50;",12,0.191250408242643,0.2,0,0,0.0222986401895802,42,1.025,1.2,independent_test,scale_large,diagnostic_r001,combined_broad35_n20,402671101,2081316e727819833ac0b8951866c9f958204017c1edb97e1ccc7856952f4813,c96dfab3d90e2f9bda8bdab148880b65ce60e283da92e332dcd1368e3e73e2a2,57c18a23f50fddf7105ba9e37b2888edd4014a8bc249971413c53a3e2625de2b
G007,"M=20,20,20,20,|T=0,0,0,0,|B=2,15,1,50;2,15,1,50;",2,0.138181943882267,0.2,0,0,0.142724709915477,42,1.025,1.2,independent_test,scale_large,diagnostic_r001,combined_broad35_n20,402671101,2081316e727819833ac0b8951866c9f958204017c1edb97e1ccc7856952f4813,c96dfab3d90e2f9bda8bdab148880b65ce60e283da92e332dcd1368e3e73e2a2,57c18a23f50fddf7105ba9e37b2888edd4014a8bc249971413c53a3e2625de2b
G008,"M=20,20,20,20,|T=0,0,0,0,|B=2,15,1,50;2,15,1,50;3,15,1,50;",10,0.187612565486213,0.2,0,0,0.0253247290592311,42,1.025,1.2,independent_test,scale_large,diagnostic_r001,combined_broad35_n20,402671101,2081316e727819833ac0b8951866c9f958204017c1edb97e1ccc7856952f4813,c96dfab3d90e2f9bda8bdab148880b65ce60e283da92e332dcd1368e3e73e2a2,57c18a23f50fddf7105ba9e37b2888edd4014a8bc249971413c53a3e2625de2b
G009,"M=20,20,20,20,|T=0,0,0,0,|B=2,15,1,50;2,15,1,50;3,15,1,50;3,15,1,50;",17,0.213113484596598,0.2,0,0,0.0103784523653458,42,1.025,1.2,independent_test,scale_large,diagnostic_r001,combined_broad35_n20,402671101,2081316e727819833ac0b8951866c9f958204017c1edb97e1ccc7856952f4813,c96dfab3d90e2f9bda8bdab148880b65ce60e283da92e332dcd1368e3e73e2a2,57c18a23f50fddf7105ba9e37b2888edd4014a8bc249971413c53a3e2625de2b
G010,"M=20,20,20,20,|T=0,0,0,0,|B=1,15,1,50;",4,0.160690448015682,0.2,0,0,0.0649453392601569,42,1.025,1.2,independent_test,scale_large,diagnostic_r001,combined_broad35_n20,402671101,2081316e727819833ac0b8951866c9f958204017c1edb97e1ccc7856952f4813,c96dfab3d90e2f9bda8bdab148880b65ce60e283da92e332dcd1368e3e73e2a2,57c18a23f50fddf7105ba9e37b2888edd4014a8bc249971413c53a3e2625de2b
G011,"M=20,20,20,20,|T=0,0,0,0,|B=1,15,1,50;3,15,1,50;",9,0.171486329401502,0.2,0,0,0.0445180371958875,42,1.025,1.2,independent_test,scale_large,diagnostic_r001,combined_broad35_n20,402671101,2081316e727819833ac0b8951866c9f958204017c1edb97e1ccc7856952f4813,c96dfab3d90e2f9bda8bdab148880b65ce60e283da92e332dcd1368e3e73e2a2,57c18a23f50fddf7105ba9e37b2888edd4014a8bc249971413c53a3e2625de2b
G012,"M=20,20,20,20,|T=0,0,0,0,|B=1,15,1,50;3,15,1,50;3,15,1,50;",14,0.19383530404263,0.2,0,0,0.020370815480009,42,1.025,1.2,independent_test,scale_large,diagnostic_r001,combined_broad35_n20,402671101,2081316e727819833ac0b8951866c9f958204017c1edb97e1ccc7856952f4813,c96dfab3d90e2f9bda8bdab148880b65ce60e283da92e332dcd1368e3e73e2a2,57c18a23f50fddf7105ba9e37b2888edd4014a8bc249971413c53a3e2625de2b
G013,"M=20,20,20,20,|T=0,0,0,0,|B=1,15,1,50;2,15,1,50;",6,0.162254083187826,0.2,0,0,0.0614883878340176,42,1.025,1.2,independent_test,scale_large,diagnostic_r001,combined_broad35_n20,402671101,2081316e727819833ac0b8951866c9f958204017c1edb97e1ccc7856952f4813,c96dfab3d90e2f9bda8bdab148880b65ce60e283da92e332dcd1368e3e73e2a2,57c18a23f50fddf7105ba9e37b2888edd4014a8bc249971413c53a3e2625de2b
G014,"M=20,20,20,20,|T=0,0,0,0,|B=1,15,1,50;2,15,1,50;3,15,1,50;",16,0.205970960641686,0.2,0,0,0.0133242400997053,42,1.025,1.2,independent_test,scale_large,diagnostic_r001,combined_broad35_n20,402671101,2081316e727819833ac0b8951866c9f958204017c1edb97e1ccc7856952f4813,c96dfab3d90e2f9bda8bdab148880b65ce60e283da92e332dcd1368e3e73e2a2,57c18a23f50fddf7105ba9e37b2888edd4014a8bc249971413c53a3e2625de2b
G015,"M=20,20,20,20,|T=0,0,0,0,|B=1,15,1,50;2,15,1,50;3,15,1,50;3,15,1,50;",21,0.225980263904055,0.2,0,0,0.00661697282039062,42,1.025,1.2,independent_test,scale_large,diagnostic_r001,combined_broad35_n20,402671101,2081316e727819833ac0b8951866c9f958204017c1edb97e1ccc7856952f4813,c96dfab3d90e2f9bda8bdab148880b65ce60e283da92e332dcd1368e3e73e2a2,57c18a23f50fddf7105ba9e37b2888edd4014a8bc249971413c53a3e2625de2b
G016,"M=20,20,20,20,|T=0,0,0,0,|B=1,15,1,50;2,15,1,50;2,15,1,50;",11,0.187612565486213,0.2,0,0,0.0253247290592311,42,1.025,1.2,independent_test,scale_large,diagnostic_r001,combined_broad35_n20,402671101,2081316e727819833ac0b8951866c9f958204017c1edb97e1ccc7856952f4813,c96dfab3d90e2f9bda8bdab148880b65ce60e283da92e332dcd1368e3e73e2a2,57c18a23f50fddf7105ba9e37b2888edd4014a8bc249971413c53a3e2625de2b
G017,"M=20,20,20,20,|T=0,0,0,0,|B=1,15,1,50;2,15,1,50;2,15,1,50;3,15,1,50;",20,0.22548467512993,0.2,0,0,0.00673268629230176,42,1.025,1.2,independent_test,scale_large,diagnostic_r001,combined_broad35_n20,402671101,2081316e727819833ac0b8951866c9f958204017c1edb97e1ccc7856952f4813,c96dfab3d90e2f9bda8bdab148880b65ce60e283da92e332dcd1368e3e73e2a2,57c18a23f50fddf7105ba9e37b2888edd4014a8bc249971413c53a3e2625de2b
G018,"M=20,20,20,20,|T=0,0,0,0,|B=1,15,1,50;1,15,1,50;",8,0.170065593555663,0.2,0,0,0.0467864347675133,42,1.025,1.2,independent_test,scale_large,diagnostic_r001,combined_broad35_n20,402671101,2081316e727819833ac0b8951866c9f958204017c1edb97e1ccc7856952f4813,c96dfab3d90e2f9bda8bdab148880b65ce60e283da92e332dcd1368e3e73e2a2,57c18a23f50fddf7105ba9e37b2888edd4014a8bc249971413c53a3e2625de2b
G019,"M=20,20,20,20,|T=0,0,0,0,|B=1,15,1,50;1,15,1,50;3,15,1,50;",15,0.19383530404263,0.2,0,0,0.020370815480009,42,1.025,1.2,independent_test,scale_large,diagnostic_r001,combined_broad35_n20,402671101,2081316e727819833ac0b8951866c9f958204017c1edb97e1ccc7856952f4813,c96dfab3d90e2f9bda8bdab148880b65ce60e283da92e332dcd1368e3e73e2a2,57c18a23f50fddf7105ba9e37b2888edd4014a8bc249971413c53a3e2625de2b
G020,"M=20,20,20,20,|T=0,0,0,0,|B=1,15,1,50;1,15,1,50;3,15,1,50;3,15,1,50;",19,0.215224038676342,0.2,0,0,0.00963981884823414,42,1.025,1.2,independent_test,scale_large,diagnostic_r001,combined_broad35_n20,402671101,2081316e727819833ac0b8951866c9f958204017c1edb97e1ccc7856952f4813,c96dfab3d90e2f9bda8bdab148880b65ce60e283da92e332dcd1368e3e73e2a2,57c18a23f50fddf7105ba9e37b2888edd4014a8bc249971413c53a3e2625de2b
G021,"M=20,20,20,20,|T=0,0,0,0,|B=1,15,1,50;1,15,1,50;2,15,1,50;",13,0.191250408242643,0.2,0,0,0.0222986401895802,42,1.025,1.2,independent_test,scale_large,diagnostic_r001,combined_broad35_n20,402671101,2081316e727819833ac0b8951866c9f958204017c1edb97e1ccc7856952f4813,c96dfab3d90e2f9bda8bdab148880b65ce60e283da92e332dcd1368e3e73e2a2,57c18a23f50fddf7105ba9e37b2888edd4014a8bc249971413c53a3e2625de2b
G022,"M=20,20,20,20,|T=0,0,0,0,|B=1,15,1,50;1,15,1,50;2,15,1,50;3,15,1,50;",22,0.225980263904055,0.2,0,0,0.00661697282039062,42,1.025,1.2,independent_test,scale_large,diagnostic_r001,combined_broad35_n20,402671101,2081316e727819833ac0b8951866c9f958204017c1edb97e1ccc7856952f4813,c96dfab3d90e2f9bda8bdab148880b65ce60e283da92e332dcd1368e3e73e2a2,57c18a23f50fddf7105ba9e37b2888edd4014a8bc249971413c53a3e2625de2b
G023,"M=20,20,20,20,|T=0,0,0,0,|B=1,15,1,50;1,15,1,50;2,15,1,50;2,15,1,50;",18,0.213113484596598,0.2,0,0,0.0103784523653458,42,1.025,1.2,independent_test,scale_large,diagnostic_r001,combined_broad35_n20,402671101,2081316e727819833ac0b8951866c9f958204017c1edb97e1ccc7856952f4813,c96dfab3d90e2f9bda8bdab148880b65ce60e283da92e332dcd1368e3e73e2a2,57c18a23f50fddf7105ba9e37b2888edd4014a8bc249971413c53a3e2625de2b
G001,"M=20,20,20,20,|T=0,0,0,0,|B=none",23,0.227470249721074,0.2,0,0,9.51414602787376e-30,6,1.025,0.8,independent_test,scale_large,diagnostic_r001,combined_broad35_n100,402671101,3328ecca81f94a2fbea48f279973372d08522a8f0b7ab0e4971bb88817c5f8c4,00753e672ed2e48915c1db54664e1d4c6a759ee9966d8daa954bd2f6f5d8bac7,57c18a23f50fddf7105ba9e37b2888edd4014a8bc249971413c53a3e2625de2b
G002,"M=20,20,20,20,|T=0,0,0,0,|B=3,15,1,50;",3,0.160690448015682,0.2,0,0,1.51590057129005e-11,42,1.025,1.2,independent_test,scale_large,diagnostic_r001,combined_broad35_n100,402671101,3328ecca81f94a2fbea48f279973372d08522a8f0b7ab0e4971bb88817c5f8c4,00753e672ed2e48915c1db54664e1d4c6a759ee9966d8daa954bd2f6f5d8bac7,57c18a23f50fddf7105ba9e37b2888edd4014a8bc249971413c53a3e2625de2b
G003,"M=20,20,20,20,|T=0,0,0,0,|B=3,15,1,50;3,15,1,50;",7,0.170065593555663,0.2,0,0,4.21957777994065e-14,42,1.025,1.2,independent_test,scale_large,diagnostic_r001,combined_broad35_n100,402671101,3328ecca81f94a2fbea48f279973372d08522a8f0b7ab0e4971bb88817c5f8c4,00753e672ed2e48915c1db54664e1d4c6a759ee9966d8daa954bd2f6f5d8bac7,57c18a23f50fddf7105ba9e37b2888edd4014a8bc249971413c53a3e2625de2b
G004,"M=20,20,20,20,|T=0,0,0,0,|B=2,15,1,50;",1,0.120997001140184,0.2,0,1,0.999979305330199,33,1.025,1.1,independent_test,scale_large,diagnostic_r001,combined_broad35_n100,402671101,3328ecca81f94a2fbea48f279973372d08522a8f0b7ab0e4971bb88817c5f8c4,00753e672ed2e48915c1db54664e1d4c6a759ee9966d8daa954bd2f6f5d8bac7,57c18a23f50fddf7105ba9e37b2888edd4014a8bc249971413c53a3e2625de2b
G005,"M=20,20,20,20,|T=0,0,0,0,|B=2,15,1,50;3,15,1,50;",5,0.162254083187826,0.2,0,0,5.68156036859752e-12,42,1.025,1.2,independent_test,scale_large,diagnostic_r001,combined_broad35_n100,402671101,3328ecca81f94a2fbea48f279973372d08522a8f0b7ab0e4971bb88817c5f8c4,00753e672ed2e48915c1db54664e1d4c6a759ee9966d8daa954bd2f6f5d8bac7,57c18a23f50fddf7105ba9e37b2888edd4014a8bc249971413c53a3e2625de2b
G006,"M=20,20,20,20,|T=0,0,0,0,|B=2,15,1,50;3,15,1,50;3,15,1,50;",12,0.191250408242643,0.2,0,0,7.09386150041584e-20,42,1.025,1.2,independent_test,scale_large,diagnostic_r001,combined_broad35_n100,402671101,3328ecca81f94a2fbea48f279973372d08522a8f0b7ab0e4971bb88817c5f8c4,00753e672ed2e48915c1db54664e1d4c6a759ee9966d8daa954bd2f6f5d8bac7,57c18a23f50fddf7105ba9e37b2888edd4014a8bc249971413c53a3e2625de2b
G007,"M=20,20,20,20,|T=0,0,0,0,|B=2,15,1,50;2,15,1,50;",2,0.138181943882267,0.2,0,0,2.06946280176783e-05,42,1.025,1.2,independent_test,scale_large,diagnostic_r001,combined_broad35_n100,402671101,3328ecca81f94a2fbea48f279973372d08522a8f0b7ab0e4971bb88817c5f8c4,00753e672ed2e48915c1db54664e1d4c6a759ee9966d8daa954bd2f6f5d8bac7,57c18a23f50fddf7105ba9e37b2888edd4014a8bc249971413c53a3e2625de2b
G008,"M=20,20,20,20,|T=0,0,0,0,|B=2,15,1,50;2,15,1,50;3,15,1,50;",10,0.187612565486213,0.2,0,0,6.95755432844158e-19,42,1.025,1.2,independent_test,scale_large,diagnostic_r001,combined_broad35_n100,402671101,3328ecca81f94a2fbea48f279973372d08522a8f0b7ab0e4971bb88817c5f8c4,00753e672ed2e48915c1db54664e1d4c6a759ee9966d8daa954bd2f6f5d8bac7,57c18a23f50fddf7105ba9e37b2888edd4014a8bc249971413c53a3e2625de2b
G009,"M=20,20,20,20,|T=0,0,0,0,|B=2,15,1,50;2,15,1,50;3,15,1,50;3,15,1,50;",17,0.213113484596598,0.2,0,0,7.79150416234905e-26,42,1.025,1.2,independent_test,scale_large,diagnostic_r001,combined_broad35_n100,402671101,3328ecca81f94a2fbea48f279973372d08522a8f0b7ab0e4971bb88817c5f8c4,00753e672ed2e48915c1db54664e1d4c6a759ee9966d8daa954bd2f6f5d8bac7,57c18a23f50fddf7105ba9e37b2888edd4014a8bc249971413c53a3e2625de2b
G010,"M=20,20,20,20,|T=0,0,0,0,|B=1,15,1,50;",4,0.160690448015682,0.2,0,0,1.51590057129002e-11,42,1.025,1.2,independent_test,scale_large,diagnostic_r001,combined_broad35_n100,402671101,3328ecca81f94a2fbea48f279973372d08522a8f0b7ab0e4971bb88817c5f8c4,00753e672ed2e48915c1db54664e1d4c6a759ee9966d8daa954bd2f6f5d8bac7,57c18a23f50fddf7105ba9e37b2888edd4014a8bc249971413c53a3e2625de2b
G011,"M=20,20,20,20,|T=0,0,0,0,|B=1,15,1,50;3,15,1,50;",9,0.171486329401502,0.2,0,0,1.72988110068471e-14,42,1.025,1.2,independent_test,scale_large,diagnostic_r001,combined_broad35_n100,402671101,3328ecca81f94a2fbea48f279973372d08522a8f0b7ab0e4971bb88817c5f8c4,00753e672ed2e48915c1db54664e1d4c6a759ee9966d8daa954bd2f6f5d8bac7,57c18a23f50fddf7105ba9e37b2888edd4014a8bc249971413c53a3e2625de2b
G012,"M=20,20,20,20,|T=0,0,0,0,|B=1,15,1,50;3,15,1,50;3,15,1,50;",14,0.19383530404263,0.2,0,0,1.40059512777804e-20,42,1.025,1.2,independent_test,scale_large,diagnostic_r001,combined_broad35_n100,402671101,3328ecca81f94a2fbea48f279973372d08522a8f0b7ab0e4971bb88817c5f8c4,00753e672ed2e48915c1db54664e1d4c6a759ee9966d8daa954bd2f6f5d8bac7,57c18a23f50fddf7105ba9e37b2888edd4014a8bc249971413c53a3e2625de2b
G013,"M=20,20,20,20,|T=0,0,0,0,|B=1,15,1,50;2,15,1,50;",6,0.162254083187826,0.2,0,0,5.68156036859752e-12,42,1.025,1.2,independent_test,scale_large,diagnostic_r001,combined_broad35_n100,402671101,3328ecca81f94a2fbea48f279973372d08522a8f0b7ab0e4971bb88817c5f8c4,00753e672ed2e48915c1db54664e1d4c6a759ee9966d8daa954bd2f6f5d8bac7,57c18a23f50fddf7105ba9e37b2888edd4014a8bc249971413c53a3e2625de2b
G014,"M=20,20,20,20,|T=0,0,0,0,|B=1,15,1,50;2,15,1,50;3,15,1,50;",16,0.205970960641686,0.2,0,0,6.89402737319815e-24,42,1.025,1.2,independent_test,scale_large,diagnostic_r001,combined_broad35_n100,402671101,3328ecca81f94a2fbea48f279973372d08522a8f0b7ab0e4971bb88817c5f8c4,00753e672ed2e48915c1db54664e1d4c6a759ee9966d8daa954bd2f6f5d8bac7,57c18a23f50fddf7105ba9e37b2888edd4014a8bc249971413c53a3e2625de2b
G015,"M=20,20,20,20,|T=0,0,0,0,|B=1,15,1,50;2,15,1,50;3,15,1,50;3,15,1,50;",21,0.225980263904055,0.2,0,0,2.4238076701822e-29,42,1.025,1.2,independent_test,scale_large,diagnostic_r001,combined_broad35_n100,402671101,3328ecca81f94a2fbea48f279973372d08522a8f0b7ab0e4971bb88817c5f8c4,00753e672ed2e48915c1db54664e1d4c6a759ee9966d8daa954bd2f6f5d8bac7,57c18a23f50fddf7105ba9e37b2888edd4014a8bc249971413c53a3e2625de2b
G016,"M=20,20,20,20,|T=0,0,0,0,|B=1,15,1,50;2,15,1,50;2,15,1,50;",11,0.187612565486213,0.2,0,0,6.95755432844158e-19,42,1.025,1.2,independent_test,scale_large,diagnostic_r001,combined_broad35_n100,402671101,3328ecca81f94a2fbea48f279973372d08522a8f0b7ab0e4971bb88817c5f8c4,00753e672ed2e48915c1db54664e1d4c6a759ee9966d8daa954bd2f6f5d8bac7,57c18a23f50fddf7105ba9e37b2888edd4014a8bc249971413c53a3e2625de2b
G017,"M=20,20,20,20,|T=0,0,0,0,|B=1,15,1,50;2,15,1,50;2,15,1,50;3,15,1,50;",20,0.22548467512993,0.2,0,0,3.30812380927551e-29,42,1.025,1.2,independent_test,scale_large,diagnostic_r001,combined_broad35_n100,402671101,3328ecca81f94a2fbea48f279973372d08522a8f0b7ab0e4971bb88817c5f8c4,00753e672ed2e48915c1db54664e1d4c6a759ee9966d8daa954bd2f6f5d8bac7,57c18a23f50fddf7105ba9e37b2888edd4014a8bc249971413c53a3e2625de2b
G018,"M=20,20,20,20,|T=0,0,0,0,|B=1,15,1,50;1,15,1,50;",8,0.170065593555663,0.2,0,0,4.21957777994065e-14,42,1.025,1.2,independent_test,scale_large,diagnostic_r001,combined_broad35_n100,402671101,3328ecca81f94a2fbea48f279973372d08522a8f0b7ab0e4971bb88817c5f8c4,00753e672ed2e48915c1db54664e1d4c6a759ee9966d8daa954bd2f6f5d8bac7,57c18a23f50fddf7105ba9e37b2888edd4014a8bc249971413c53a3e2625de2b
G019,"M=20,20,20,20,|T=0,0,0,0,|B=1,15,1,50;1,15,1,50;3,15,1,50;",15,0.19383530404263,0.2,0,0,1.40059512777804e-20,42,1.025,1.2,independent_test,scale_large,diagnostic_r001,combined_broad35_n100,402671101,3328ecca81f94a2fbea48f279973372d08522a8f0b7ab0e4971bb88817c5f8c4,00753e672ed2e48915c1db54664e1d4c6a759ee9966d8daa954bd2f6f5d8bac7,57c18a23f50fddf7105ba9e37b2888edd4014a8bc249971413c53a3e2625de2b
G020,"M=20,20,20,20,|T=0,0,0,0,|B=1,15,1,50;1,15,1,50;3,15,1,50;3,15,1,50;",19,0.215224038676342,0.2,0,0,2.07177916735718e-26,42,1.025,1.2,independent_test,scale_large,diagnostic_r001,combined_broad35_n100,402671101,3328ecca81f94a2fbea48f279973372d08522a8f0b7ab0e4971bb88817c5f8c4,00753e672ed2e48915c1db54664e1d4c6a759ee9966d8daa954bd2f6f5d8bac7,57c18a23f50fddf7105ba9e37b2888edd4014a8bc249971413c53a3e2625de2b
G021,"M=20,20,20,20,|T=0,0,0,0,|B=1,15,1,50;1,15,1,50;2,15,1,50;",13,0.191250408242643,0.2,0,0,7.09386150041584e-20,42,1.025,1.2,independent_test,scale_large,diagnostic_r001,combined_broad35_n100,402671101,3328ecca81f94a2fbea48f279973372d08522a8f0b7ab0e4971bb88817c5f8c4,00753e672ed2e48915c1db54664e1d4c6a759ee9966d8daa954bd2f6f5d8bac7,57c18a23f50fddf7105ba9e37b2888edd4014a8bc249971413c53a3e2625de2b
G022,"M=20,20,20,20,|T=0,0,0,0,|B=1,15,1,50;1,15,1,50;2,15,1,50;3,15,1,50;",22,0.225980263904055,0.2,0,0,2.4238076701822e-29,42,1.025,1.2,independent_test,scale_large,diagnostic_r001,combined_broad35_n100,402671101,3328ecca81f94a2fbea48f279973372d08522a8f0b7ab0e4971bb88817c5f8c4,00753e672ed2e48915c1db54664e1d4c6a759ee9966d8daa954bd2f6f5d8bac7,57c18a23f50fddf7105ba9e37b2888edd4014a8bc249971413c53a3e2625de2b
G023,"M=20,20,20,20,|T=0,0,0,0,|B=1,15,1,50;1,15,1,50;2,15,1,50;2,15,1,50;",18,0.213113484596598,0.2,0,0,7.79150416234894e-26,42,1.025,1.2,independent_test,scale_large,diagnostic_r001,combined_broad35_n100,402671101,3328ecca81f94a2fbea48f279973372d08522a8f0b7ab0e4971bb88817c5f8c4,00753e672ed2e48915c1db54664e1d4c6a759ee9966d8daa954bd2f6f5d8bac7,57c18a23f50fddf7105ba9e37b2888edd4014a8bc249971413c53a3e2625de2b
G001,"M=20,20,20,20,|T=0,0,0,0,|B=none",23,0.227470249721074,0.2,0,0,0.000211448309594091,6,1.025,0.8,independent_test,scale_large,diagnostic_r001,originalset_split_evidence_n20,402671101,32ccdbbd7834dc6906cf747a042cccb7d5b41e6f463cf2cc13c2e679b7cacb40,1d74c5e8bed74229f46a87758271c20a7f25144c2d4c8e2138924f9de5797c0b,57c18a23f50fddf7105ba9e37b2888edd4014a8bc249971413c53a3e2625de2b
G002,"M=20,20,20,20,|T=0,0,0,0,|B=3,15,1,50;",3,0.160690448015682,0.2,0,0,0.0320744047495093,42,1.025,1.2,independent_test,scale_large,diagnostic_r001,originalset_split_evidence_n20,402671101,32ccdbbd7834dc6906cf747a042cccb7d5b41e6f463cf2cc13c2e679b7cacb40,1d74c5e8bed74229f46a87758271c20a7f25144c2d4c8e2138924f9de5797c0b,57c18a23f50fddf7105ba9e37b2888edd4014a8bc249971413c53a3e2625de2b
G003,"M=20,20,20,20,|T=0,0,0,0,|B=3,15,1,50;3,15,1,50;",7,0.170065593555663,0.2,0,0,0.0158480828073352,42,1.025,1.2,independent_test,scale_large,diagnostic_r001,originalset_split_evidence_n20,402671101,32ccdbbd7834dc6906cf747a042cccb7d5b41e6f463cf2cc13c2e679b7cacb40,1d74c5e8bed74229f46a87758271c20a7f25144c2d4c8e2138924f9de5797c0b,57c18a23f50fddf7105ba9e37b2888edd4014a8bc249971413c53a3e2625de2b
G004,"M=20,20,20,20,|T=0,0,0,0,|B=2,15,1,50;",1,0.120997001140184,0.4,1,1,0.634603748726839,33,1.025,1.1,independent_test,scale_large,diagnostic_r001,originalset_split_evidence_n20,402671101,32ccdbbd7834dc6906cf747a042cccb7d5b41e6f463cf2cc13c2e679b7cacb40,1d74c5e8bed74229f46a87758271c20a7f25144c2d4c8e2138924f9de5797c0b,57c18a23f50fddf7105ba9e37b2888edd4014a8bc249971413c53a3e2625de2b
G005,"M=20,20,20,20,|T=0,0,0,0,|B=2,15,1,50;3,15,1,50;",5,0.162254083187826,0.2,0,0,0.0285162236229669,42,1.025,1.2,independent_test,scale_large,diagnostic_r001,originalset_split_evidence_n20,402671101,32ccdbbd7834dc6906cf747a042cccb7d5b41e6f463cf2cc13c2e679b7cacb40,1d74c5e8bed74229f46a87758271c20a7f25144c2d4c8e2138924f9de5797c0b,57c18a23f50fddf7105ba9e37b2888edd4014a8bc249971413c53a3e2625de2b
G006,"M=20,20,20,20,|T=0,0,0,0,|B=2,15,1,50;3,15,1,50;3,15,1,50;",12,0.191250408242643,0.2,0,0,0.00322184126098784,42,1.025,1.2,independent_test,scale_large,diagnostic_r001,originalset_split_evidence_n20,402671101,32ccdbbd7834dc6906cf747a042cccb7d5b41e6f463cf2cc13c2e679b7cacb40,1d74c5e8bed74229f46a87758271c20a7f25144c2d4c8e2138924f9de5797c0b,57c18a23f50fddf7105ba9e37b2888edd4014a8bc249971413c53a3e2625de2b
G007,"M=20,20,20,20,|T=0,0,0,0,|B=2,15,1,50;2,15,1,50;",2,0.138181943882267,0.2,0,0,0.174285569456901,42,1.025,1.2,independent_test,scale_large,diagnostic_r001,originalset_split_evidence_n20,402671101,32ccdbbd7834dc6906cf747a042cccb7d5b41e6f463cf2cc13c2e679b7cacb40,1d74c5e8bed74229f46a87758271c20a7f25144c2d4c8e2138924f9de5797c0b,57c18a23f50fddf7105ba9e37b2888edd4014a8bc249971413c53a3e2625de2b
G008,"M=20,20,20,20,|T=0,0,0,0,|B=2,15,1,50;2,15,1,50;3,15,1,50;",10,0.187612565486213,0.2,0,0,0.00423557187474992,42,1.025,1.2,independent_test,scale_large,diagnostic_r001,originalset_split_evidence_n20,402671101,32ccdbbd7834dc6906cf747a042cccb7d5b41e6f463cf2cc13c2e679b7cacb40,1d74c5e8bed74229f46a87758271c20a7f25144c2d4c8e2138924f9de5797c0b,57c18a23f50fddf7105ba9e37b2888edd4014a8bc249971413c53a3e2625de2b
G009,"M=20,20,20,20,|T=0,0,0,0,|B=2,15,1,50;2,15,1,50;3,15,1,50;3,15,1,50;",17,0.213113484596598,0.2,0,0,0.000622415316474755,42,1.025,1.2,independent_test,scale_large,diagnostic_r001,originalset_split_evidence_n20,402671101,32ccdbbd7834dc6906cf747a042cccb7d5b41e6f463cf2cc13c2e679b7cacb40,1d74c5e8bed74229f46a87758271c20a7f25144c2d4c8e2138924f9de5797c0b,57c18a23f50fddf7105ba9e37b2888edd4014a8bc249971413c53a3e2625de2b
G010,"M=20,20,20,20,|T=0,0,0,0,|B=1,15,1,50;",4,0.160690448015682,0.2,0,0,0.0320744047495093,42,1.025,1.2,independent_test,scale_large,diagnostic_r001,originalset_split_evidence_n20,402671101,32ccdbbd7834dc6906cf747a042cccb7d5b41e6f463cf2cc13c2e679b7cacb40,1d74c5e8bed74229f46a87758271c20a7f25144c2d4c8e2138924f9de5797c0b,57c18a23f50fddf7105ba9e37b2888edd4014a8bc249971413c53a3e2625de2b
G011,"M=20,20,20,20,|T=0,0,0,0,|B=1,15,1,50;3,15,1,50;",9,0.171486329401502,0.2,0,0,0.0142421997323016,42,1.025,1.2,independent_test,scale_large,diagnostic_r001,originalset_split_evidence_n20,402671101,32ccdbbd7834dc6906cf747a042cccb7d5b41e6f463cf2cc13c2e679b7cacb40,1d74c5e8bed74229f46a87758271c20a7f25144c2d4c8e2138924f9de5797c0b,57c18a23f50fddf7105ba9e37b2888edd4014a8bc249971413c53a3e2625de2b
G012,"M=20,20,20,20,|T=0,0,0,0,|B=1,15,1,50;3,15,1,50;3,15,1,50;",14,0.19383530404263,0.2,0,0,0.00265267658634817,42,1.025,1.2,independent_test,scale_large,diagnostic_r001,originalset_split_evidence_n20,402671101,32ccdbbd7834dc6906cf747a042cccb7d5b41e6f463cf2cc13c2e679b7cacb40,1d74c5e8bed74229f46a87758271c20a7f25144c2d4c8e2138924f9de5797c0b,57c18a23f50fddf7105ba9e37b2888edd4014a8bc249971413c53a3e2625de2b
G013,"M=20,20,20,20,|T=0,0,0,0,|B=1,15,1,50;2,15,1,50;",6,0.162254083187826,0.2,0,0,0.0285162236229669,42,1.025,1.2,independent_test,scale_large,diagnostic_r001,originalset_split_evidence_n20,402671101,32ccdbbd7834dc6906cf747a042cccb7d5b41e6f463cf2cc13c2e679b7cacb40,1d74c5e8bed74229f46a87758271c20a7f25144c2d4c8e2138924f9de5797c0b,57c18a23f50fddf7105ba9e37b2888edd4014a8bc249971413c53a3e2625de2b
G014,"M=20,20,20,20,|T=0,0,0,0,|B=1,15,1,50;2,15,1,50;3,15,1,50;",16,0.205970960641686,0.2,0,0,0.00106499408507958,42,1.025,1.2,independent_test,scale_large,diagnostic_r001,originalset_split_evidence_n20,402671101,32ccdbbd7834dc6906cf747a042cccb7d5b41e6f463cf2cc13c2e679b7cacb40,1d74c5e8bed74229f46a87758271c20a7f25144c2d4c8e2138924f9de5797c0b,57c18a23f50fddf7105ba9e37b2888edd4014a8bc249971413c53a3e2625de2b
G015,"M=20,20,20,20,|T=0,0,0,0,|B=1,15,1,50;2,15,1,50;3,15,1,50;3,15,1,50;",21,0.225980263904055,0.2,0,0,0.00023651871166326,42,1.025,1.2,independent_test,scale_large,diagnostic_r001,originalset_split_evidence_n20,402671101,32ccdbbd7834dc6906cf747a042cccb7d5b41e6f463cf2cc13c2e679b7cacb40,1d74c5e8bed74229f46a87758271c20a7f25144c2d4c8e2138924f9de5797c0b,57c18a23f50fddf7105ba9e37b2888edd4014a8bc249971413c53a3e2625de2b
G016,"M=20,20,20,20,|T=0,0,0,0,|B=1,15,1,50;2,15,1,50;2,15,1,50;",11,0.187612565486213,0.2,0,0,0.00423557187474992,42,1.025,1.2,independent_test,scale_large,diagnostic_r001,originalset_split_evidence_n20,402671101,32ccdbbd7834dc6906cf747a042cccb7d5b41e6f463cf2cc13c2e679b7cacb40,1d74c5e8bed74229f46a87758271c20a7f25144c2d4c8e2138924f9de5797c0b,57c18a23f50fddf7105ba9e37b2888edd4014a8bc249971413c53a3e2625de2b
G017,"M=20,20,20,20,|T=0,0,0,0,|B=1,15,1,50;2,15,1,50;2,15,1,50;3,15,1,50;",20,0.22548467512993,0.2,0,0,0.000245499654556822,42,1.025,1.2,independent_test,scale_large,diagnostic_r001,originalset_split_evidence_n20,402671101,32ccdbbd7834dc6906cf747a042cccb7d5b41e6f463cf2cc13c2e679b7cacb40,1d74c5e8bed74229f46a87758271c20a7f25144c2d4c8e2138924f9de5797c0b,57c18a23f50fddf7105ba9e37b2888edd4014a8bc249971413c53a3e2625de2b
G018,"M=20,20,20,20,|T=0,0,0,0,|B=1,15,1,50;1,15,1,50;",8,0.170065593555663,0.2,0,0,0.0158480828073352,42,1.025,1.2,independent_test,scale_large,diagnostic_r001,originalset_split_evidence_n20,402671101,32ccdbbd7834dc6906cf747a042cccb7d5b41e6f463cf2cc13c2e679b7cacb40,1d74c5e8bed74229f46a87758271c20a7f25144c2d4c8e2138924f9de5797c0b,57c18a23f50fddf7105ba9e37b2888edd4014a8bc249971413c53a3e2625de2b
G019,"M=20,20,20,20,|T=0,0,0,0,|B=1,15,1,50;1,15,1,50;3,15,1,50;",15,0.19383530404263,0.2,0,0,0.00265267658634817,42,1.025,1.2,independent_test,scale_large,diagnostic_r001,originalset_split_evidence_n20,402671101,32ccdbbd7834dc6906cf747a042cccb7d5b41e6f463cf2cc13c2e679b7cacb40,1d74c5e8bed74229f46a87758271c20a7f25144c2d4c8e2138924f9de5797c0b,57c18a23f50fddf7105ba9e37b2888edd4014a8bc249971413c53a3e2625de2b
G020,"M=20,20,20,20,|T=0,0,0,0,|B=1,15,1,50;1,15,1,50;3,15,1,50;3,15,1,50;",19,0.215224038676342,0.2,0,0,0.00053107017465704,42,1.025,1.2,independent_test,scale_large,diagnostic_r001,originalset_split_evidence_n20,402671101,32ccdbbd7834dc6906cf747a042cccb7d5b41e6f463cf2cc13c2e679b7cacb40,1d74c5e8bed74229f46a87758271c20a7f25144c2d4c8e2138924f9de5797c0b,57c18a23f50fddf7105ba9e37b2888edd4014a8bc249971413c53a3e2625de2b
G021,"M=20,20,20,20,|T=0,0,0,0,|B=1,15,1,50;1,15,1,50;2,15,1,50;",13,0.191250408242643,0.2,0,0,0.00322184126098784,42,1.025,1.2,independent_test,scale_large,diagnostic_r001,originalset_split_evidence_n20,402671101,32ccdbbd7834dc6906cf747a042cccb7d5b41e6f463cf2cc13c2e679b7cacb40,1d74c5e8bed74229f46a87758271c20a7f25144c2d4c8e2138924f9de5797c0b,57c18a23f50fddf7105ba9e37b2888edd4014a8bc249971413c53a3e2625de2b
G022,"M=20,20,20,20,|T=0,0,0,0,|B=1,15,1,50;1,15,1,50;2,15,1,50;3,15,1,50;",22,0.225980263904055,0.2,0,0,0.00023651871166326,42,1.025,1.2,independent_test,scale_large,diagnostic_r001,originalset_split_evidence_n20,402671101,32ccdbbd7834dc6906cf747a042cccb7d5b41e6f463cf2cc13c2e679b7cacb40,1d74c5e8bed74229f46a87758271c20a7f25144c2d4c8e2138924f9de5797c0b,57c18a23f50fddf7105ba9e37b2888edd4014a8bc249971413c53a3e2625de2b
G023,"M=20,20,20,20,|T=0,0,0,0,|B=1,15,1,50;1,15,1,50;2,15,1,50;2,15,1,50;",18,0.213113484596598,0.2,0,0,0.000622415316474754,42,1.025,1.2,independent_test,scale_large,diagnostic_r001,originalset_split_evidence_n20,402671101,32ccdbbd7834dc6906cf747a042cccb7d5b41e6f463cf2cc13c2e679b7cacb40,1d74c5e8bed74229f46a87758271c20a7f25144c2d4c8e2138924f9de5797c0b,57c18a23f50fddf7105ba9e37b2888edd4014a8bc249971413c53a3e2625de2b
G001,"M=20,20,20,20,|T=0,0,0,0,|B=none",17,0.196931313203572,0.0476190476190476,0,0,0.000139006110981804,NaN,NaN,NaN,independent_test,scale_large,diagnostic_r002,stage6b_baseline,402671102,851af8abec0d70cb6170646809285f754b55ab622f4155ab4475c365125b9460,677b6b9604e64137446cb90453346eea03c9b84bf17254c890306bd420917c07,57c18a23f50fddf7105ba9e37b2888edd4014a8bc249971413c53a3e2625de2b
G002,"M=20,20,20,20,|T=0,0,0,0,|B=3,15,1,50;",3,0.131348347245674,0.0476190476190476,0,0,0.00943428538052201,NaN,NaN,NaN,independent_test,scale_large,diagnostic_r002,stage6b_baseline,402671102,851af8abec0d70cb6170646809285f754b55ab622f4155ab4475c365125b9460,677b6b9604e64137446cb90453346eea03c9b84bf17254c890306bd420917c07,57c18a23f50fddf7105ba9e37b2888edd4014a8bc249971413c53a3e2625de2b
G003,"M=20,20,20,20,|T=0,0,0,0,|B=3,15,1,50;3,15,1,50;",7,0.14845778128791,0.0476190476190476,0,0,0.00313947781744859,NaN,NaN,NaN,independent_test,scale_large,diagnostic_r002,stage6b_baseline,402671102,851af8abec0d70cb6170646809285f754b55ab622f4155ab4475c365125b9460,677b6b9604e64137446cb90453346eea03c9b84bf17254c890306bd420917c07,57c18a23f50fddf7105ba9e37b2888edd4014a8bc249971413c53a3e2625de2b
G004,"M=20,20,20,20,|T=0,0,0,0,|B=2,15,1,50;",1,0.0605791695040507,0.666666666666667,1,1,0.893779734378141,NaN,NaN,NaN,independent_test,scale_large,diagnostic_r002,stage6b_baseline,402671102,851af8abec0d70cb6170646809285f754b55ab622f4155ab4475c365125b9460,677b6b9604e64137446cb90453346eea03c9b84bf17254c890306bd420917c07,57c18a23f50fddf7105ba9e37b2888edd4014a8bc249971413c53a3e2625de2b
G005,"M=20,20,20,20,|T=0,0,0,0,|B=2,15,1,50;3,15,1,50;",5,0.141454630506999,0.0476190476190476,0,0,0.00492548862395565,NaN,NaN,NaN,independent_test,scale_large,diagnostic_r002,stage6b_baseline,402671102,851af8abec0d70cb6170646809285f754b55ab622f4155ab4475c365125b9460,677b6b9604e64137446cb90453346eea03c9b84bf17254c890306bd420917c07,57c18a23f50fddf7105ba9e37b2888edd4014a8bc249971413c53a3e2625de2b
G006,"M=20,20,20,20,|T=0,0,0,0,|B=2,15,1,50;3,15,1,50;3,15,1,50;",13,0.177619090054457,0.0476190476190476,0,0,0.000481290694184415,NaN,NaN,NaN,independent_test,scale_large,diagnostic_r002,stage6b_baseline,402671102,851af8abec0d70cb6170646809285f754b55ab622f4155ab4475c365125b9460,677b6b9604e64137446cb90453346eea03c9b84bf17254c890306bd420917c07,57c18a23f50fddf7105ba9e37b2888edd4014a8bc249971413c53a3e2625de2b
G007,"M=20,20,20,20,|T=0,0,0,0,|B=2,15,1,50;2,15,1,50;",2,0.10126757602724,0.0476190476190476,0,0,0.0652888093860954,NaN,NaN,NaN,independent_test,scale_large,diagnostic_r002,stage6b_baseline,402671102,851af8abec0d70cb6170646809285f754b55ab622f4155ab4475c365125b9460,677b6b9604e64137446cb90453346eea03c9b84bf17254c890306bd420917c07,57c18a23f50fddf7105ba9e37b2888edd4014a8bc249971413c53a3e2625de2b
G008,"M=20,20,20,20,|T=0,0,0,0,|B=2,15,1,50;2,15,1,50;3,15,1,50;",10,0.173512817905785,0.0476190476190476,0,0,0.0006267467190444,NaN,NaN,NaN,independent_test,scale_large,diagnostic_r002,stage6b_baseline,402671102,851af8abec0d70cb6170646809285f754b55ab622f4155ab4475c365125b9460,677b6b9604e64137446cb90453346eea03c9b84bf17254c890306bd420917c07,57c18a23f50fddf7105ba9e37b2888edd4014a8bc249971413c53a3e2625de2b
G009,"M=20,20,20,20,|T=0,0,0,0,|B=2,15,1,50;2,15,1,50;3,15,1,50;3,15,1,50;",18,0.203851470224375,0.0476190476190476,0,0,8.90758417439553e-05,NaN,NaN,NaN,independent_test,scale_large,diagnostic_r002,stage6b_baseline,402671102,851af8abec0d70cb6170646809285f754b55ab622f4155ab4475c365125b9460,677b6b9604e64137446cb90453346eea03c9b84bf17254c890306bd420917c07,57c18a23f50fddf7105ba9e37b2888edd4014a8bc249971413c53a3e2625de2b
G010,"M=20,20,20,20,|T=0,0,0,0,|B=1,15,1,50;",4,0.131348347245674,0.0476190476190476,0,0,0.00943428538052201,NaN,NaN,NaN,independent_test,scale_large,diagnostic_r002,stage6b_baseline,402671102,851af8abec0d70cb6170646809285f754b55ab622f4155ab4475c365125b9460,677b6b9604e64137446cb90453346eea03c9b84bf17254c890306bd420917c07,57c18a23f50fddf7105ba9e37b2888edd4014a8bc249971413c53a3e2625de2b
G011,"M=20,20,20,20,|T=0,0,0,0,|B=1,15,1,50;3,15,1,50;",9,0.15320115715513,0.0476190476190476,0,0,0.00231408369519065,NaN,NaN,NaN,independent_test,scale_large,diagnostic_r002,stage6b_baseline,402671102,851af8abec0d70cb6170646809285f754b55ab622f4155ab4475c365125b9460,677b6b9604e64137446cb90453346eea03c9b84bf17254c890306bd420917c07,57c18a23f50fddf7105ba9e37b2888edd4014a8bc249971413c53a3e2625de2b
G012,"M=20,20,20,20,|T=0,0,0,0,|B=1,15,1,50;3,15,1,50;3,15,1,50;",14,0.181322772621725,0.0476190476190476,0,0,0.000379286020862582,NaN,NaN,NaN,independent_test,scale_large,diagnostic_r002,stage6b_baseline,402671102,851af8abec0d70cb6170646809285f754b55ab622f4155ab4475c365125b9460,677b6b9604e64137446cb90453346eea03c9b84bf17254c890306bd420917c07,57c18a23f50fddf7105ba9e37b2888edd4014a8bc249971413c53a3e2625de2b
G013,"M=20,20,20,20,|T=0,0,0,0,|B=1,15,1,50;2,15,1,50;",6,0.141454630506999,0.0476190476190476,0,0,0.00492548862395565,NaN,NaN,NaN,independent_test,scale_large,diagnostic_r002,stage6b_baseline,402671102,851af8abec0d70cb6170646809285f754b55ab622f4155ab4475c365125b9460,677b6b9604e64137446cb90453346eea03c9b84bf17254c890306bd420917c07,57c18a23f50fddf7105ba9e37b2888edd4014a8bc249971413c53a3e2625de2b
G014,"M=20,20,20,20,|T=0,0,0,0,|B=1,15,1,50;2,15,1,50;3,15,1,50;",16,0.195893674492831,0.0476190476190476,0,0,0.000148598436006843,NaN,NaN,NaN,independent_test,scale_large,diagnostic_r002,stage6b_baseline,402671102,851af8abec0d70cb6170646809285f754b55ab622f4155ab4475c365125b9460,677b6b9604e64137446cb90453346eea03c9b84bf17254c890306bd420917c07,57c18a23f50fddf7105ba9e37b2888edd4014a8bc249971413c53a3e2625de2b
G015,"M=20,20,20,20,|T=0,0,0,0,|B=1,15,1,50;2,15,1,50;3,15,1,50;3,15,1,50;",22,0.218954345152999,0.0476190476190476,0,0,3.37248318467074e-05,NaN,NaN,NaN,independent_test,scale_large,diagnostic_r002,stage6b_baseline,402671102,851af8abec0d70cb6170646809285f754b55ab622f4155ab4475c365125b9460,677b6b9604e64137446cb90453346eea03c9b84bf17254c890306bd420917c07,57c18a23f50fddf7105ba9e37b2888edd4014a8bc249971413c53a3e2625de2b
G016,"M=20,20,20,20,|T=0,0,0,0,|B=1,15,1,50;2,15,1,50;2,15,1,50;",11,0.173512817905785,0.0476190476190476,0,0,0.0006267467190444,NaN,NaN,NaN,independent_test,scale_large,diagnostic_r002,stage6b_baseline,402671102,851af8abec0d70cb6170646809285f754b55ab622f4155ab4475c365125b9460,677b6b9604e64137446cb90453346eea03c9b84bf17254c890306bd420917c07,57c18a23f50fddf7105ba9e37b2888edd4014a8bc249971413c53a3e2625de2b
G017,"M=20,20,20,20,|T=0,0,0,0,|B=1,15,1,50;2,15,1,50;2,15,1,50;3,15,1,50;",21,0.21824626236859,0.0476190476190476,0,0,3.52960355650874e-05,NaN,NaN,NaN,independent_test,scale_large,diagnostic_r002,stage6b_baseline,402671102,851af8abec0d70cb6170646809285f754b55ab622f4155ab4475c365125b9460,677b6b9604e64137446cb90453346eea03c9b84bf17254c890306bd420917c07,57c18a23f50fddf7105ba9e37b2888edd4014a8bc249971413c53a3e2625de2b
G018,"M=20,20,20,20,|T=0,0,0,0,|B=1,15,1,50;1,15,1,50;",8,0.14845778128791,0.0476190476190476,0,0,0.00313947781744859,NaN,NaN,NaN,independent_test,scale_large,diagnostic_r002,stage6b_baseline,402671102,851af8abec0d70cb6170646809285f754b55ab622f4155ab4475c365125b9460,677b6b9604e64137446cb90453346eea03c9b84bf17254c890306bd420917c07,57c18a23f50fddf7105ba9e37b2888edd4014a8bc249971413c53a3e2625de2b
G019,"M=20,20,20,20,|T=0,0,0,0,|B=1,15,1,50;1,15,1,50;3,15,1,50;",15,0.181322772621725,0.0476190476190476,0,0,0.000379286020862582,NaN,NaN,NaN,independent_test,scale_large,diagnostic_r002,stage6b_baseline,402671102,851af8abec0d70cb6170646809285f754b55ab622f4155ab4475c365125b9460,677b6b9604e64137446cb90453346eea03c9b84bf17254c890306bd420917c07,57c18a23f50fddf7105ba9e37b2888edd4014a8bc249971413c53a3e2625de2b
G020,"M=20,20,20,20,|T=0,0,0,0,|B=1,15,1,50;1,15,1,50;3,15,1,50;3,15,1,50;",20,0.206377462461716,0.0476190476190476,0,0,7.57200988027681e-05,NaN,NaN,NaN,independent_test,scale_large,diagnostic_r002,stage6b_baseline,402671102,851af8abec0d70cb6170646809285f754b55ab622f4155ab4475c365125b9460,677b6b9604e64137446cb90453346eea03c9b84bf17254c890306bd420917c07,57c18a23f50fddf7105ba9e37b2888edd4014a8bc249971413c53a3e2625de2b
G021,"M=20,20,20,20,|T=0,0,0,0,|B=1,15,1,50;1,15,1,50;2,15,1,50;",12,0.177619090054457,0.0476190476190476,0,0,0.000481290694184416,NaN,NaN,NaN,independent_test,scale_large,diagnostic_r002,stage6b_baseline,402671102,851af8abec0d70cb6170646809285f754b55ab622f4155ab4475c365125b9460,677b6b9604e64137446cb90453346eea03c9b84bf17254c890306bd420917c07,57c18a23f50fddf7105ba9e37b2888edd4014a8bc249971413c53a3e2625de2b
G022,"M=20,20,20,20,|T=0,0,0,0,|B=1,15,1,50;1,15,1,50;2,15,1,50;3,15,1,50;",23,0.218954345152999,0.0476190476190476,0,0,3.37248318467072e-05,NaN,NaN,NaN,independent_test,scale_large,diagnostic_r002,stage6b_baseline,402671102,851af8abec0d70cb6170646809285f754b55ab622f4155ab4475c365125b9460,677b6b9604e64137446cb90453346eea03c9b84bf17254c890306bd420917c07,57c18a23f50fddf7105ba9e37b2888edd4014a8bc249971413c53a3e2625de2b
G023,"M=20,20,20,20,|T=0,0,0,0,|B=1,15,1,50;1,15,1,50;2,15,1,50;2,15,1,50;",19,0.203851470224375,0.0476190476190476,0,0,8.90758417439553e-05,NaN,NaN,NaN,independent_test,scale_large,diagnostic_r002,stage6b_baseline,402671102,851af8abec0d70cb6170646809285f754b55ab622f4155ab4475c365125b9460,677b6b9604e64137446cb90453346eea03c9b84bf17254c890306bd420917c07,57c18a23f50fddf7105ba9e37b2888edd4014a8bc249971413c53a3e2625de2b
G001,"M=20,20,20,20,|T=0,0,0,0,|B=none",17,0.196931313203572,0.2,0,0,2.29879068121722e-07,5,1,0.8,independent_test,scale_large,diagnostic_r002,stage7a_original_reused,402671102,32ccdbbd7834dc6906cf747a042cccb7d5b41e6f463cf2cc13c2e679b7cacb40,cd052a667080961a5ccc904d3889d04e10ddbc41dc47c29d449b6e29b037d97c,57c18a23f50fddf7105ba9e37b2888edd4014a8bc249971413c53a3e2625de2b
G002,"M=20,20,20,20,|T=0,0,0,0,|B=3,15,1,50;",4,0.130739907372286,0.2,0,0,0.000379221395482429,41,1,1.2,independent_test,scale_large,diagnostic_r002,stage7a_original_reused,402671102,32ccdbbd7834dc6906cf747a042cccb7d5b41e6f463cf2cc13c2e679b7cacb40,cd052a667080961a5ccc904d3889d04e10ddbc41dc47c29d449b6e29b037d97c,57c18a23f50fddf7105ba9e37b2888edd4014a8bc249971413c53a3e2625de2b
G003,"M=20,20,20,20,|T=0,0,0,0,|B=3,15,1,50;3,15,1,50;",7,0.147768264168674,0.2,0,0,5.63882162546689e-05,41,1,1.2,independent_test,scale_large,diagnostic_r002,stage7a_original_reused,402671102,32ccdbbd7834dc6906cf747a042cccb7d5b41e6f463cf2cc13c2e679b7cacb40,cd052a667080961a5ccc904d3889d04e10ddbc41dc47c29d449b6e29b037d97c,57c18a23f50fddf7105ba9e37b2888edd4014a8bc249971413c53a3e2625de2b
G004,"M=20,20,20,20,|T=0,0,0,0,|B=2,15,1,50;",1,0.0604752162167045,0.8,1,1,0.986911303179864,32,1,1.1,independent_test,scale_large,diagnostic_r002,stage7a_original_reused,402671102,32ccdbbd7834dc6906cf747a042cccb7d5b41e6f463cf2cc13c2e679b7cacb40,cd052a667080961a5ccc904d3889d04e10ddbc41dc47c29d449b6e29b037d97c,57c18a23f50fddf7105ba9e37b2888edd4014a8bc249971413c53a3e2625de2b
G005,"M=20,20,20,20,|T=0,0,0,0,|B=2,15,1,50;3,15,1,50;",5,0.139178559362136,0.2,0,0,0.000147472736174145,41,1,1.2,independent_test,scale_large,diagnostic_r002,stage7a_original_reused,402671102,32ccdbbd7834dc6906cf747a042cccb7d5b41e6f463cf2cc13c2e679b7cacb40,cd052a667080961a5ccc904d3889d04e10ddbc41dc47c29d449b6e29b037d97c,57c18a23f50fddf7105ba9e37b2888edd4014a8bc249971413c53a3e2625de2b
G006,"M=20,20,20,20,|T=0,0,0,0,|B=2,15,1,50;3,15,1,50;3,15,1,50;",12,0.175731785878684,0.2,0,0,2.46577665961603e-06,41,1,1.2,independent_test,scale_large,diagnostic_r002,stage7a_original_reused,402671102,32ccdbbd7834dc6906cf747a042cccb7d5b41e6f463cf2cc13c2e679b7cacb40,cd052a667080961a5ccc904d3889d04e10ddbc41dc47c29d449b6e29b037d97c,57c18a23f50fddf7105ba9e37b2888edd4014a8bc249971413c53a3e2625de2b
G007,"M=20,20,20,20,|T=0,0,0,0,|B=2,15,1,50;2,15,1,50;",2,0.0999757067553426,0.4,1,0,0.0118648219330175,41,1,1.2,independent_test,scale_large,diagnostic_r002,stage7a_original_reused,402671102,32ccdbbd7834dc6906cf747a042cccb7d5b41e6f463cf2cc13c2e679b7cacb40,cd052a667080961a5ccc904d3889d04e10ddbc41dc47c29d449b6e29b037d97c,57c18a23f50fddf7105ba9e37b2888edd4014a8bc249971413c53a3e2625de2b
G008,"M=20,20,20,20,|T=0,0,0,0,|B=2,15,1,50;2,15,1,50;3,15,1,50;",10,0.17130014387964,0.2,0,0,4.04915514543716e-06,41,1,1.2,independent_test,scale_large,diagnostic_r002,stage7a_original_reused,402671102,32ccdbbd7834dc6906cf747a042cccb7d5b41e6f463cf2cc13c2e679b7cacb40,cd052a667080961a5ccc904d3889d04e10ddbc41dc47c29d449b6e29b037d97c,57c18a23f50fddf7105ba9e37b2888edd4014a8bc249971413c53a3e2625de2b
G009,"M=20,20,20,20,|T=0,0,0,0,|B=2,15,1,50;2,15,1,50;3,15,1,50;3,15,1,50;",18,0.201679343761949,0.2,0,0,1.35116975932005e-07,41,1,1.2,independent_test,scale_large,diagnostic_r002,stage7a_original_reused,402671102,32ccdbbd7834dc6906cf747a042cccb7d5b41e6f463cf2cc13c2e679b7cacb40,cd052a667080961a5ccc904d3889d04e10ddbc41dc47c29d449b6e29b037d97c,57c18a23f50fddf7105ba9e37b2888edd4014a8bc249971413c53a3e2625de2b
G010,"M=20,20,20,20,|T=0,0,0,0,|B=1,15,1,50;",3,0.130739907372286,0.2,0,0,0.000379221395482431,41,1,1.2,independent_test,scale_large,diagnostic_r002,stage7a_original_reused,402671102,32ccdbbd7834dc6906cf747a042cccb7d5b41e6f463cf2cc13c2e679b7cacb40,cd052a667080961a5ccc904d3889d04e10ddbc41dc47c29d449b6e29b037d97c,57c18a23f50fddf7105ba9e37b2888edd4014a8bc249971413c53a3e2625de2b
G011,"M=20,20,20,20,|T=0,0,0,0,|B=1,15,1,50;3,15,1,50;",9,0.150789313292956,0.2,0,0,4.02108224237806e-05,41,1,1.2,independent_test,scale_large,diagnostic_r002,stage7a_original_reused,402671102,32ccdbbd7834dc6906cf747a042cccb7d5b41e6f463cf2cc13c2e679b7cacb40,cd052a667080961a5ccc904d3889d04e10ddbc41dc47c29d449b6e29b037d97c,57c18a23f50fddf7105ba9e37b2888edd4014a8bc249971413c53a3e2625de2b
G012,"M=20,20,20,20,|T=0,0,0,0,|B=1,15,1,50;3,15,1,50;3,15,1,50;",14,0.178998396135645,0.2,0,0,1.71069365096051e-06,41,1,1.2,independent_test,scale_large,diagnostic_r002,stage7a_original_reused,402671102,32ccdbbd7834dc6906cf747a042cccb7d5b41e6f463cf2cc13c2e679b7cacb40,cd052a667080961a5ccc904d3889d04e10ddbc41dc47c29d449b6e29b037d97c,57c18a23f50fddf7105ba9e37b2888edd4014a8bc249971413c53a3e2625de2b
G013,"M=20,20,20,20,|T=0,0,0,0,|B=1,15,1,50;2,15,1,50;",6,0.139178559362136,0.2,0,0,0.000147472736174145,41,1,1.2,independent_test,scale_large,diagnostic_r002,stage7a_original_reused,402671102,32ccdbbd7834dc6906cf747a042cccb7d5b41e6f463cf2cc13c2e679b7cacb40,cd052a667080961a5ccc904d3889d04e10ddbc41dc47c29d449b6e29b037d97c,57c18a23f50fddf7105ba9e37b2888edd4014a8bc249971413c53a3e2625de2b
G014,"M=20,20,20,20,|T=0,0,0,0,|B=1,15,1,50;2,15,1,50;3,15,1,50;",16,0.192888787442838,0.2,0,0,3.61406676921974e-07,41,1,1.2,independent_test,scale_large,diagnostic_r002,stage7a_original_reused,402671102,32ccdbbd7834dc6906cf747a042cccb7d5b41e6f463cf2cc13c2e679b7cacb40,cd052a667080961a5ccc904d3889d04e10ddbc41dc47c29d449b6e29b037d97c,57c18a23f50fddf7105ba9e37b2888edd4014a8bc249971413c53a3e2625de2b
G015,"M=20,20,20,20,|T=0,0,0,0,|B=1,15,1,50;2,15,1,50;3,15,1,50;3,15,1,50;",23,0.216117698284291,0.2,0,0,2.68471857304673e-08,41,1,1.2,independent_test,scale_large,diagnostic_r002,stage7a_original_reused,402671102,32ccdbbd7834dc6906cf747a042cccb7d5b41e6f463cf2cc13c2e679b7cacb40,cd052a667080961a5ccc904d3889d04e10ddbc41dc47c29d449b6e29b037d97c,57c18a23f50fddf7105ba9e37b2888edd4014a8bc249971413c53a3e2625de2b
G016,"M=20,20,20,20,|T=0,0,0,0,|B=1,15,1,50;2,15,1,50;2,15,1,50;",11,0.17130014387964,0.2,0,0,4.04915514543714e-06,41,1,1.2,independent_test,scale_large,diagnostic_r002,stage7a_original_reused,402671102,32ccdbbd7834dc6906cf747a042cccb7d5b41e6f463cf2cc13c2e679b7cacb40,cd052a667080961a5ccc904d3889d04e10ddbc41dc47c29d449b6e29b037d97c,57c18a23f50fddf7105ba9e37b2888edd4014a8bc249971413c53a3e2625de2b
G017,"M=20,20,20,20,|T=0,0,0,0,|B=1,15,1,50;2,15,1,50;2,15,1,50;3,15,1,50;",21,0.215525933980069,0.2,0,0,2.86855316130349e-08,41,1,1.2,independent_test,scale_large,diagnostic_r002,stage7a_original_reused,402671102,32ccdbbd7834dc6906cf747a042cccb7d5b41e6f463cf2cc13c2e679b7cacb40,cd052a667080961a5ccc904d3889d04e10ddbc41dc47c29d449b6e29b037d97c,57c18a23f50fddf7105ba9e37b2888edd4014a8bc249971413c53a3e2625de2b
G018,"M=20,20,20,20,|T=0,0,0,0,|B=1,15,1,50;1,15,1,50;",8,0.147768264168674,0.2,0,0,5.63882162546689e-05,41,1,1.2,independent_test,scale_large,diagnostic_r002,stage7a_original_reused,402671102,32ccdbbd7834dc6906cf747a042cccb7d5b41e6f463cf2cc13c2e679b7cacb40,cd052a667080961a5ccc904d3889d04e10ddbc41dc47c29d449b6e29b037d97c,57c18a23f50fddf7105ba9e37b2888edd4014a8bc249971413c53a3e2625de2b
G019,"M=20,20,20,20,|T=0,0,0,0,|B=1,15,1,50;1,15,1,50;3,15,1,50;",15,0.178998396135645,0.2,0,0,1.7106936509605e-06,41,1,1.2,independent_test,scale_large,diagnostic_r002,stage7a_original_reused,402671102,32ccdbbd7834dc6906cf747a042cccb7d5b41e6f463cf2cc13c2e679b7cacb40,cd052a667080961a5ccc904d3889d04e10ddbc41dc47c29d449b6e29b037d97c,57c18a23f50fddf7105ba9e37b2888edd4014a8bc249971413c53a3e2625de2b
G020,"M=20,20,20,20,|T=0,0,0,0,|B=1,15,1,50;1,15,1,50;3,15,1,50;3,15,1,50;",20,0.203999271102126,0.2,0,0,1.04218360342704e-07,41,1,1.2,independent_test,scale_large,diagnostic_r002,stage7a_original_reused,402671102,32ccdbbd7834dc6906cf747a042cccb7d5b41e6f463cf2cc13c2e679b7cacb40,cd052a667080961a5ccc904d3889d04e10ddbc41dc47c29d449b6e29b037d97c,57c18a23f50fddf7105ba9e37b2888edd4014a8bc249971413c53a3e2625de2b
G021,"M=20,20,20,20,|T=0,0,0,0,|B=1,15,1,50;1,15,1,50;2,15,1,50;",13,0.175731785878684,0.2,0,0,2.46577665961603e-06,41,1,1.2,independent_test,scale_large,diagnostic_r002,stage7a_original_reused,402671102,32ccdbbd7834dc6906cf747a042cccb7d5b41e6f463cf2cc13c2e679b7cacb40,cd052a667080961a5ccc904d3889d04e10ddbc41dc47c29d449b6e29b037d97c,57c18a23f50fddf7105ba9e37b2888edd4014a8bc249971413c53a3e2625de2b
G022,"M=20,20,20,20,|T=0,0,0,0,|B=1,15,1,50;1,15,1,50;2,15,1,50;3,15,1,50;",22,0.216117698284291,0.2,0,0,2.68471857304674e-08,41,1,1.2,independent_test,scale_large,diagnostic_r002,stage7a_original_reused,402671102,32ccdbbd7834dc6906cf747a042cccb7d5b41e6f463cf2cc13c2e679b7cacb40,cd052a667080961a5ccc904d3889d04e10ddbc41dc47c29d449b6e29b037d97c,57c18a23f50fddf7105ba9e37b2888edd4014a8bc249971413c53a3e2625de2b
G023,"M=20,20,20,20,|T=0,0,0,0,|B=1,15,1,50;1,15,1,50;2,15,1,50;2,15,1,50;",19,0.201679343761949,0.2,0,0,1.35116975932005e-07,41,1,1.2,independent_test,scale_large,diagnostic_r002,stage7a_original_reused,402671102,32ccdbbd7834dc6906cf747a042cccb7d5b41e6f463cf2cc13c2e679b7cacb40,cd052a667080961a5ccc904d3889d04e10ddbc41dc47c29d449b6e29b037d97c,57c18a23f50fddf7105ba9e37b2888edd4014a8bc249971413c53a3e2625de2b
G001,"M=20,20,20,20,|T=0,0,0,0,|B=none",17,0.196931313203572,0.2,0,0,2.86016290847714e-08,5,1,0.8,independent_test,scale_large,diagnostic_r002,matched20_n20,402671102,554cf6d421a0394f6bf5192f22636942d89fdad6ea1da5c3b0ed828c76948081,ea4d8c09762cc33c6990b9f0978b6f9051e5e487e82502c0badb280e1800481e,57c18a23f50fddf7105ba9e37b2888edd4014a8bc249971413c53a3e2625de2b
G002,"M=20,20,20,20,|T=0,0,0,0,|B=3,15,1,50;",4,0.130739907372286,0.2,0,0,0.000130060105084837,41,1,1.2,independent_test,scale_large,diagnostic_r002,matched20_n20,402671102,554cf6d421a0394f6bf5192f22636942d89fdad6ea1da5c3b0ed828c76948081,ea4d8c09762cc33c6990b9f0978b6f9051e5e487e82502c0badb280e1800481e,57c18a23f50fddf7105ba9e37b2888edd4014a8bc249971413c53a3e2625de2b
G003,"M=20,20,20,20,|T=0,0,0,0,|B=3,15,1,50;3,15,1,50;",7,0.147768264168674,0.2,0,0,1.48988560831127e-05,41,1,1.2,independent_test,scale_large,diagnostic_r002,matched20_n20,402671102,554cf6d421a0394f6bf5192f22636942d89fdad6ea1da5c3b0ed828c76948081,ea4d8c09762cc33c6990b9f0978b6f9051e5e487e82502c0badb280e1800481e,57c18a23f50fddf7105ba9e37b2888edd4014a8bc249971413c53a3e2625de2b
G004,"M=20,20,20,20,|T=0,0,0,0,|B=2,15,1,50;",1,0.0604752162167045,0.6,1,1,0.993089013898786,32,1,1.1,independent_test,scale_large,diagnostic_r002,matched20_n20,402671102,554cf6d421a0394f6bf5192f22636942d89fdad6ea1da5c3b0ed828c76948081,ea4d8c09762cc33c6990b9f0978b6f9051e5e487e82502c0badb280e1800481e,57c18a23f50fddf7105ba9e37b2888edd4014a8bc249971413c53a3e2625de2b
G005,"M=20,20,20,20,|T=0,0,0,0,|B=2,15,1,50;3,15,1,50;",5,0.139178559362136,0.2,0,0,4.44449191672682e-05,41,1,1.2,independent_test,scale_large,diagnostic_r002,matched20_n20,402671102,554cf6d421a0394f6bf5192f22636942d89fdad6ea1da5c3b0ed828c76948081,ea4d8c09762cc33c6990b9f0978b6f9051e5e487e82502c0badb280e1800481e,57c18a23f50fddf7105ba9e37b2888edd4014a8bc249971413c53a3e2625de2b
G006,"M=20,20,20,20,|T=0,0,0,0,|B=2,15,1,50;3,15,1,50;3,15,1,50;",12,0.175731785878684,0.2,0,0,4.24504064492277e-07,41,1,1.2,independent_test,scale_large,diagnostic_r002,matched20_n20,402671102,554cf6d421a0394f6bf5192f22636942d89fdad6ea1da5c3b0ed828c76948081,ea4d8c09762cc33c6990b9f0978b6f9051e5e487e82502c0badb280e1800481e,57c18a23f50fddf7105ba9e37b2888edd4014a8bc249971413c53a3e2625de2b
G007,"M=20,20,20,20,|T=0,0,0,0,|B=2,15,1,50;2,15,1,50;",2,0.0999757067553426,0.8,1,0,0.00651900593630902,41,1,1.2,independent_test,scale_large,diagnostic_r002,matched20_n20,402671102,554cf6d421a0394f6bf5192f22636942d89fdad6ea1da5c3b0ed828c76948081,ea4d8c09762cc33c6990b9f0978b6f9051e5e487e82502c0badb280e1800481e,57c18a23f50fddf7105ba9e37b2888edd4014a8bc249971413c53a3e2625de2b
G008,"M=20,20,20,20,|T=0,0,0,0,|B=2,15,1,50;2,15,1,50;3,15,1,50;",10,0.17130014387964,0.2,0,0,7.46062957057762e-07,41,1,1.2,independent_test,scale_large,diagnostic_r002,matched20_n20,402671102,554cf6d421a0394f6bf5192f22636942d89fdad6ea1da5c3b0ed828c76948081,ea4d8c09762cc33c6990b9f0978b6f9051e5e487e82502c0badb280e1800481e,57c18a23f50fddf7105ba9e37b2888edd4014a8bc249971413c53a3e2625de2b
G009,"M=20,20,20,20,|T=0,0,0,0,|B=2,15,1,50;2,15,1,50;3,15,1,50;3,15,1,50;",18,0.201679343761949,0.2,0,0,1.56319600477272e-08,41,1,1.2,independent_test,scale_large,diagnostic_r002,matched20_n20,402671102,554cf6d421a0394f6bf5192f22636942d89fdad6ea1da5c3b0ed828c76948081,ea4d8c09762cc33c6990b9f0978b6f9051e5e487e82502c0badb280e1800481e,57c18a23f50fddf7105ba9e37b2888edd4014a8bc249971413c53a3e2625de2b
G010,"M=20,20,20,20,|T=0,0,0,0,|B=1,15,1,50;",3,0.130739907372286,0.2,0,0,0.000130060105084838,41,1,1.2,independent_test,scale_large,diagnostic_r002,matched20_n20,402671102,554cf6d421a0394f6bf5192f22636942d89fdad6ea1da5c3b0ed828c76948081,ea4d8c09762cc33c6990b9f0978b6f9051e5e487e82502c0badb280e1800481e,57c18a23f50fddf7105ba9e37b2888edd4014a8bc249971413c53a3e2625de2b
G011,"M=20,20,20,20,|T=0,0,0,0,|B=1,15,1,50;3,15,1,50;",9,0.150789313292956,0.2,0,0,1.01439945933055e-05,41,1,1.2,independent_test,scale_large,diagnostic_r002,matched20_n20,402671102,554cf6d421a0394f6bf5192f22636942d89fdad6ea1da5c3b0ed828c76948081,ea4d8c09762cc33c6990b9f0978b6f9051e5e487e82502c0badb280e1800481e,57c18a23f50fddf7105ba9e37b2888edd4014a8bc249971413c53a3e2625de2b
G012,"M=20,20,20,20,|T=0,0,0,0,|B=1,15,1,50;3,15,1,50;3,15,1,50;",14,0.178998396135645,0.2,0,0,2.80135513132165e-07,41,1,1.2,independent_test,scale_large,diagnostic_r002,matched20_n20,402671102,554cf6d421a0394f6bf5192f22636942d89fdad6ea1da5c3b0ed828c76948081,ea4d8c09762cc33c6990b9f0978b6f9051e5e487e82502c0badb280e1800481e,57c18a23f50fddf7105ba9e37b2888edd4014a8bc249971413c53a3e2625de2b
G013,"M=20,20,20,20,|T=0,0,0,0,|B=1,15,1,50;2,15,1,50;",6,0.139178559362136,0.2,0,0,4.44449191672682e-05,41,1,1.2,independent_test,scale_large,diagnostic_r002,matched20_n20,402671102,554cf6d421a0394f6bf5192f22636942d89fdad6ea1da5c3b0ed828c76948081,ea4d8c09762cc33c6990b9f0978b6f9051e5e487e82502c0badb280e1800481e,57c18a23f50fddf7105ba9e37b2888edd4014a8bc249971413c53a3e2625de2b
G014,"M=20,20,20,20,|T=0,0,0,0,|B=1,15,1,50;2,15,1,50;3,15,1,50;",16,0.192888787442838,0.2,0,0,4.78389606826915e-08,41,1,1.2,independent_test,scale_large,diagnostic_r002,matched20_n20,402671102,554cf6d421a0394f6bf5192f22636942d89fdad6ea1da5c3b0ed828c76948081,ea4d8c09762cc33c6990b9f0978b6f9051e5e487e82502c0badb280e1800481e,57c18a23f50fddf7105ba9e37b2888edd4014a8bc249971413c53a3e2625de2b
G015,"M=20,20,20,20,|T=0,0,0,0,|B=1,15,1,50;2,15,1,50;3,15,1,50;3,15,1,50;",23,0.216117698284291,0.2,0,0,2.48969657680575e-09,41,1,1.2,independent_test,scale_large,diagnostic_r002,matched20_n20,402671102,554cf6d421a0394f6bf5192f22636942d89fdad6ea1da5c3b0ed828c76948081,ea4d8c09762cc33c6990b9f0978b6f9051e5e487e82502c0badb280e1800481e,57c18a23f50fddf7105ba9e37b2888edd4014a8bc249971413c53a3e2625de2b
G016,"M=20,20,20,20,|T=0,0,0,0,|B=1,15,1,50;2,15,1,50;2,15,1,50;",11,0.17130014387964,0.2,0,0,7.4606295705776e-07,41,1,1.2,independent_test,scale_large,diagnostic_r002,matched20_n20,402671102,554cf6d421a0394f6bf5192f22636942d89fdad6ea1da5c3b0ed828c76948081,ea4d8c09762cc33c6990b9f0978b6f9051e5e487e82502c0badb280e1800481e,57c18a23f50fddf7105ba9e37b2888edd4014a8bc249971413c53a3e2625de2b
G017,"M=20,20,20,20,|T=0,0,0,0,|B=1,15,1,50;2,15,1,50;2,15,1,50;3,15,1,50;",21,0.215525933980069,0.2,0,0,2.68440143838756e-09,41,1,1.2,independent_test,scale_large,diagnostic_r002,matched20_n20,402671102,554cf6d421a0394f6bf5192f22636942d89fdad6ea1da5c3b0ed828c76948081,ea4d8c09762cc33c6990b9f0978b6f9051e5e487e82502c0badb280e1800481e,57c18a23f50fddf7105ba9e37b2888edd4014a8bc249971413c53a3e2625de2b
G018,"M=20,20,20,20,|T=0,0,0,0,|B=1,15,1,50;1,15,1,50;",8,0.147768264168674,0.2,0,0,1.48988560831127e-05,41,1,1.2,independent_test,scale_large,diagnostic_r002,matched20_n20,402671102,554cf6d421a0394f6bf5192f22636942d89fdad6ea1da5c3b0ed828c76948081,ea4d8c09762cc33c6990b9f0978b6f9051e5e487e82502c0badb280e1800481e,57c18a23f50fddf7105ba9e37b2888edd4014a8bc249971413c53a3e2625de2b
G019,"M=20,20,20,20,|T=0,0,0,0,|B=1,15,1,50;1,15,1,50;3,15,1,50;",15,0.178998396135645,0.2,0,0,2.80135513132163e-07,41,1,1.2,independent_test,scale_large,diagnostic_r002,matched20_n20,402671102,554cf6d421a0394f6bf5192f22636942d89fdad6ea1da5c3b0ed828c76948081,ea4d8c09762cc33c6990b9f0978b6f9051e5e487e82502c0badb280e1800481e,57c18a23f50fddf7105ba9e37b2888edd4014a8bc249971413c53a3e2625de2b
G020,"M=20,20,20,20,|T=0,0,0,0,|B=1,15,1,50;1,15,1,50;3,15,1,50;3,15,1,50;",20,0.203999271102126,0.2,0,0,1.16362671193946e-08,41,1,1.2,independent_test,scale_large,diagnostic_r002,matched20_n20,402671102,554cf6d421a0394f6bf5192f22636942d89fdad6ea1da5c3b0ed828c76948081,ea4d8c09762cc33c6990b9f0978b6f9051e5e487e82502c0badb280e1800481e,57c18a23f50fddf7105ba9e37b2888edd4014a8bc249971413c53a3e2625de2b
G021,"M=20,20,20,20,|T=0,0,0,0,|B=1,15,1,50;1,15,1,50;2,15,1,50;",13,0.175731785878684,0.2,0,0,4.24504064492277e-07,41,1,1.2,independent_test,scale_large,diagnostic_r002,matched20_n20,402671102,554cf6d421a0394f6bf5192f22636942d89fdad6ea1da5c3b0ed828c76948081,ea4d8c09762cc33c6990b9f0978b6f9051e5e487e82502c0badb280e1800481e,57c18a23f50fddf7105ba9e37b2888edd4014a8bc249971413c53a3e2625de2b
G022,"M=20,20,20,20,|T=0,0,0,0,|B=1,15,1,50;1,15,1,50;2,15,1,50;3,15,1,50;",22,0.216117698284291,0.2,0,0,2.48969657680576e-09,41,1,1.2,independent_test,scale_large,diagnostic_r002,matched20_n20,402671102,554cf6d421a0394f6bf5192f22636942d89fdad6ea1da5c3b0ed828c76948081,ea4d8c09762cc33c6990b9f0978b6f9051e5e487e82502c0badb280e1800481e,57c18a23f50fddf7105ba9e37b2888edd4014a8bc249971413c53a3e2625de2b
G023,"M=20,20,20,20,|T=0,0,0,0,|B=1,15,1,50;1,15,1,50;2,15,1,50;2,15,1,50;",19,0.201679343761949,0.2,0,0,1.56319600477272e-08,41,1,1.2,independent_test,scale_large,diagnostic_r002,matched20_n20,402671102,554cf6d421a0394f6bf5192f22636942d89fdad6ea1da5c3b0ed828c76948081,ea4d8c09762cc33c6990b9f0978b6f9051e5e487e82502c0badb280e1800481e,57c18a23f50fddf7105ba9e37b2888edd4014a8bc249971413c53a3e2625de2b
G001,"M=20,20,20,20,|T=0,0,0,0,|B=none",17,0.196931313203572,0.2,0,0,0.000314178734047255,5,1,0.8,independent_test,scale_large,diagnostic_r002,matched20_n100,402671102,c51670f635606682ebb5034831545b9e4fbe27a3d29633538290ade5603a04e3,50411359b9d8e8414c97493c694f8b57f2ae63d4a05f6f27ead601bc734785df,57c18a23f50fddf7105ba9e37b2888edd4014a8bc249971413c53a3e2625de2b
G002,"M=20,20,20,20,|T=0,0,0,0,|B=3,15,1,50;",4,0.130739907372286,0.2,0,0,0.0144714724839469,41,1,1.2,independent_test,scale_large,diagnostic_r002,matched20_n100,402671102,c51670f635606682ebb5034831545b9e4fbe27a3d29633538290ade5603a04e3,50411359b9d8e8414c97493c694f8b57f2ae63d4a05f6f27ead601bc734785df,57c18a23f50fddf7105ba9e37b2888edd4014a8bc249971413c53a3e2625de2b
G003,"M=20,20,20,20,|T=0,0,0,0,|B=3,15,1,50;3,15,1,50;",7,0.147768264168674,0.2,0,0,0.00540261515180876,41,1,1.2,independent_test,scale_large,diagnostic_r002,matched20_n100,402671102,c51670f635606682ebb5034831545b9e4fbe27a3d29633538290ade5603a04e3,50411359b9d8e8414c97493c694f8b57f2ae63d4a05f6f27ead601bc734785df,57c18a23f50fddf7105ba9e37b2888edd4014a8bc249971413c53a3e2625de2b
G004,"M=20,20,20,20,|T=0,0,0,0,|B=2,15,1,50;",1,0.0604752162167045,0.4,1,1,0.843736801966992,32,1,1.1,independent_test,scale_large,diagnostic_r002,matched20_n100,402671102,c51670f635606682ebb5034831545b9e4fbe27a3d29633538290ade5603a04e3,50411359b9d8e8414c97493c694f8b57f2ae63d4a05f6f27ead601bc734785df,57c18a23f50fddf7105ba9e37b2888edd4014a8bc249971413c53a3e2625de2b
G005,"M=20,20,20,20,|T=0,0,0,0,|B=2,15,1,50;3,15,1,50;",5,0.139178559362136,0.2,0,0,0.00888088598738812,41,1,1.2,independent_test,scale_large,diagnostic_r002,matched20_n100,402671102,c51670f635606682ebb5034831545b9e4fbe27a3d29633538290ade5603a04e3,50411359b9d8e8414c97493c694f8b57f2ae63d4a05f6f27ead601bc734785df,57c18a23f50fddf7105ba9e37b2888edd4014a8bc249971413c53a3e2625de2b
G006,"M=20,20,20,20,|T=0,0,0,0,|B=2,15,1,50;3,15,1,50;3,15,1,50;",12,0.175731785878684,0.2,0,0,0.00107128144567868,41,1,1.2,independent_test,scale_large,diagnostic_r002,matched20_n100,402671102,c51670f635606682ebb5034831545b9e4fbe27a3d29633538290ade5603a04e3,50411359b9d8e8414c97493c694f8b57f2ae63d4a05f6f27ead601bc734785df,57c18a23f50fddf7105ba9e37b2888edd4014a8bc249971413c53a3e2625de2b
G007,"M=20,20,20,20,|T=0,0,0,0,|B=2,15,1,50;2,15,1,50;",2,0.0999757067553426,0.2,0,0,0.0858206786613924,41,1,1.2,independent_test,scale_large,diagnostic_r002,matched20_n100,402671102,c51670f635606682ebb5034831545b9e4fbe27a3d29633538290ade5603a04e3,50411359b9d8e8414c97493c694f8b57f2ae63d4a05f6f27ead601bc734785df,57c18a23f50fddf7105ba9e37b2888edd4014a8bc249971413c53a3e2625de2b
G008,"M=20,20,20,20,|T=0,0,0,0,|B=2,15,1,50;2,15,1,50;3,15,1,50;",10,0.17130014387964,0.2,0,0,0.00138441764224037,41,1,1.2,independent_test,scale_large,diagnostic_r002,matched20_n100,402671102,c51670f635606682ebb5034831545b9e4fbe27a3d29633538290ade5603a04e3,50411359b9d8e8414c97493c694f8b57f2ae63d4a05f6f27ead601bc734785df,57c18a23f50fddf7105ba9e37b2888edd4014a8bc249971413c53a3e2625de2b
G009,"M=20,20,20,20,|T=0,0,0,0,|B=2,15,1,50;2,15,1,50;3,15,1,50;3,15,1,50;",18,0.201679343761949,0.2,0,0,0.000238705627428983,41,1,1.2,independent_test,scale_large,diagnostic_r002,matched20_n100,402671102,c51670f635606682ebb5034831545b9e4fbe27a3d29633538290ade5603a04e3,50411359b9d8e8414c97493c694f8b57f2ae63d4a05f6f27ead601bc734785df,57c18a23f50fddf7105ba9e37b2888edd4014a8bc249971413c53a3e2625de2b
G010,"M=20,20,20,20,|T=0,0,0,0,|B=1,15,1,50;",3,0.130739907372286,0.2,0,0,0.0144714724839469,41,1,1.2,independent_test,scale_large,diagnostic_r002,matched20_n100,402671102,c51670f635606682ebb5034831545b9e4fbe27a3d29633538290ade5603a04e3,50411359b9d8e8414c97493c694f8b57f2ae63d4a05f6f27ead601bc734785df,57c18a23f50fddf7105ba9e37b2888edd4014a8bc249971413c53a3e2625de2b
G011,"M=20,20,20,20,|T=0,0,0,0,|B=1,15,1,50;3,15,1,50;",9,0.150789313292956,0.2,0,0,0.00453615135027927,41,1,1.2,independent_test,scale_large,diagnostic_r002,matched20_n100,402671102,c51670f635606682ebb5034831545b9e4fbe27a3d29633538290ade5603a04e3,50411359b9d8e8414c97493c694f8b57f2ae63d4a05f6f27ead601bc734785df,57c18a23f50fddf7105ba9e37b2888edd4014a8bc249971413c53a3e2625de2b
G012,"M=20,20,20,20,|T=0,0,0,0,|B=1,15,1,50;3,15,1,50;3,15,1,50;",14,0.178998396135645,0.2,0,0,0.00088678091291639,41,1,1.2,independent_test,scale_large,diagnostic_r002,matched20_n100,402671102,c51670f635606682ebb5034831545b9e4fbe27a3d29633538290ade5603a04e3,50411359b9d8e8414c97493c694f8b57f2ae63d4a05f6f27ead601bc734785df,57c18a23f50fddf7105ba9e37b2888edd4014a8bc249971413c53a3e2625de2b
G013,"M=20,20,20,20,|T=0,0,0,0,|B=1,15,1,50;2,15,1,50;",6,0.139178559362136,0.2,0,0,0.00888088598738812,41,1,1.2,independent_test,scale_large,diagnostic_r002,matched20_n100,402671102,c51670f635606682ebb5034831545b9e4fbe27a3d29633538290ade5603a04e3,50411359b9d8e8414c97493c694f8b57f2ae63d4a05f6f27ead601bc734785df,57c18a23f50fddf7105ba9e37b2888edd4014a8bc249971413c53a3e2625de2b
G014,"M=20,20,20,20,|T=0,0,0,0,|B=1,15,1,50;2,15,1,50;3,15,1,50;",16,0.192888787442838,0.2,0,0,0.000396974083100986,41,1,1.2,independent_test,scale_large,diagnostic_r002,matched20_n100,402671102,c51670f635606682ebb5034831545b9e4fbe27a3d29633538290ade5603a04e3,50411359b9d8e8414c97493c694f8b57f2ae63d4a05f6f27ead601bc734785df,57c18a23f50fddf7105ba9e37b2888edd4014a8bc249971413c53a3e2625de2b
G015,"M=20,20,20,20,|T=0,0,0,0,|B=1,15,1,50;2,15,1,50;3,15,1,50;3,15,1,50;",23,0.216117698284291,0.2,0,0,0.000103523419117196,41,1,1.2,independent_test,scale_large,diagnostic_r002,matched20_n100,402671102,c51670f635606682ebb5034831545b9e4fbe27a3d29633538290ade5603a04e3,50411359b9d8e8414c97493c694f8b57f2ae63d4a05f6f27ead601bc734785df,57c18a23f50fddf7105ba9e37b2888edd4014a8bc249971413c53a3e2625de2b
G016,"M=20,20,20,20,|T=0,0,0,0,|B=1,15,1,50;2,15,1,50;2,15,1,50;",11,0.17130014387964,0.2,0,0,0.00138441764224037,41,1,1.2,independent_test,scale_large,diagnostic_r002,matched20_n100,402671102,c51670f635606682ebb5034831545b9e4fbe27a3d29633538290ade5603a04e3,50411359b9d8e8414c97493c694f8b57f2ae63d4a05f6f27ead601bc734785df,57c18a23f50fddf7105ba9e37b2888edd4014a8bc249971413c53a3e2625de2b
G017,"M=20,20,20,20,|T=0,0,0,0,|B=1,15,1,50;2,15,1,50;2,15,1,50;3,15,1,50;",21,0.215525933980069,0.2,0,0,0.000107129520384661,41,1,1.2,independent_test,scale_large,diagnostic_r002,matched20_n100,402671102,c51670f635606682ebb5034831545b9e4fbe27a3d29633538290ade5603a04e3,50411359b9d8e8414c97493c694f8b57f2ae63d4a05f6f27ead601bc734785df,57c18a23f50fddf7105ba9e37b2888edd4014a8bc249971413c53a3e2625de2b
G018,"M=20,20,20,20,|T=0,0,0,0,|B=1,15,1,50;1,15,1,50;",8,0.147768264168674,0.2,0,0,0.00540261515180876,41,1,1.2,independent_test,scale_large,diagnostic_r002,matched20_n100,402671102,c51670f635606682ebb5034831545b9e4fbe27a3d29633538290ade5603a04e3,50411359b9d8e8414c97493c694f8b57f2ae63d4a05f6f27ead601bc734785df,57c18a23f50fddf7105ba9e37b2888edd4014a8bc249971413c53a3e2625de2b
G019,"M=20,20,20,20,|T=0,0,0,0,|B=1,15,1,50;1,15,1,50;3,15,1,50;",15,0.178998396135645,0.2,0,0,0.000886780912916387,41,1,1.2,independent_test,scale_large,diagnostic_r002,matched20_n100,402671102,c51670f635606682ebb5034831545b9e4fbe27a3d29633538290ade5603a04e3,50411359b9d8e8414c97493c694f8b57f2ae63d4a05f6f27ead601bc734785df,57c18a23f50fddf7105ba9e37b2888edd4014a8bc249971413c53a3e2625de2b
G020,"M=20,20,20,20,|T=0,0,0,0,|B=1,15,1,50;1,15,1,50;3,15,1,50;3,15,1,50;",20,0.203999271102126,0.2,0,0,0.00020872034275243,41,1,1.2,independent_test,scale_large,diagnostic_r002,matched20_n100,402671102,c51670f635606682ebb5034831545b9e4fbe27a3d29633538290ade5603a04e3,50411359b9d8e8414c97493c694f8b57f2ae63d4a05f6f27ead601bc734785df,57c18a23f50fddf7105ba9e37b2888edd4014a8bc249971413c53a3e2625de2b
G021,"M=20,20,20,20,|T=0,0,0,0,|B=1,15,1,50;1,15,1,50;2,15,1,50;",13,0.175731785878684,0.2,0,0,0.00107128144567868,41,1,1.2,independent_test,scale_large,diagnostic_r002,matched20_n100,402671102,c51670f635606682ebb5034831545b9e4fbe27a3d29633538290ade5603a04e3,50411359b9d8e8414c97493c694f8b57f2ae63d4a05f6f27ead601bc734785df,57c18a23f50fddf7105ba9e37b2888edd4014a8bc249971413c53a3e2625de2b
G022,"M=20,20,20,20,|T=0,0,0,0,|B=1,15,1,50;1,15,1,50;2,15,1,50;3,15,1,50;",22,0.216117698284291,0.2,0,0,0.000103523419117196,41,1,1.2,independent_test,scale_large,diagnostic_r002,matched20_n100,402671102,c51670f635606682ebb5034831545b9e4fbe27a3d29633538290ade5603a04e3,50411359b9d8e8414c97493c694f8b57f2ae63d4a05f6f27ead601bc734785df,57c18a23f50fddf7105ba9e37b2888edd4014a8bc249971413c53a3e2625de2b
G023,"M=20,20,20,20,|T=0,0,0,0,|B=1,15,1,50;1,15,1,50;2,15,1,50;2,15,1,50;",19,0.201679343761949,0.2,0,0,0.000238705627428983,41,1,1.2,independent_test,scale_large,diagnostic_r002,matched20_n100,402671102,c51670f635606682ebb5034831545b9e4fbe27a3d29633538290ade5603a04e3,50411359b9d8e8414c97493c694f8b57f2ae63d4a05f6f27ead601bc734785df,57c18a23f50fddf7105ba9e37b2888edd4014a8bc249971413c53a3e2625de2b
G001,"M=20,20,20,20,|T=0,0,0,0,|B=none",17,0.196931313203572,0.2,0,0,4.91454430061508e-05,5,1,0.8,independent_test,scale_large,diagnostic_r002,matched20_n200,402671102,93c61652d78f416159d96552b5883c0ccfa294ced34adadd7e42586ab76c3b31,da71c555a0fd1496b9e6344563a622e82fcec7dd4c0c111ea1950591688d5074,57c18a23f50fddf7105ba9e37b2888edd4014a8bc249971413c53a3e2625de2b
G002,"M=20,20,20,20,|T=0,0,0,0,|B=3,15,1,50;",4,0.130739907372286,0.2,0,0,0.00581250865005155,41,1,1.2,independent_test,scale_large,diagnostic_r002,matched20_n200,402671102,93c61652d78f416159d96552b5883c0ccfa294ced34adadd7e42586ab76c3b31,da71c555a0fd1496b9e6344563a622e82fcec7dd4c0c111ea1950591688d5074,57c18a23f50fddf7105ba9e37b2888edd4014a8bc249971413c53a3e2625de2b
G003,"M=20,20,20,20,|T=0,0,0,0,|B=3,15,1,50;3,15,1,50;",7,0.147768264168674,0.2,0,0,0.0017025340156434,41,1,1.2,independent_test,scale_large,diagnostic_r002,matched20_n200,402671102,93c61652d78f416159d96552b5883c0ccfa294ced34adadd7e42586ab76c3b31,da71c555a0fd1496b9e6344563a622e82fcec7dd4c0c111ea1950591688d5074,57c18a23f50fddf7105ba9e37b2888edd4014a8bc249971413c53a3e2625de2b
G004,"M=20,20,20,20,|T=0,0,0,0,|B=2,15,1,50;",1,0.0604752162167045,1,1,1,0.922156936881916,32,1,1.1,independent_test,scale_large,diagnostic_r002,matched20_n200,402671102,93c61652d78f416159d96552b5883c0ccfa294ced34adadd7e42586ab76c3b31,da71c555a0fd1496b9e6344563a622e82fcec7dd4c0c111ea1950591688d5074,57c18a23f50fddf7105ba9e37b2888edd4014a8bc249971413c53a3e2625de2b
G005,"M=20,20,20,20,|T=0,0,0,0,|B=2,15,1,50;3,15,1,50;",5,0.139178559362136,0.2,0,0,0.0031629689201194,41,1,1.2,independent_test,scale_large,diagnostic_r002,matched20_n200,402671102,93c61652d78f416159d96552b5883c0ccfa294ced34adadd7e42586ab76c3b31,da71c555a0fd1496b9e6344563a622e82fcec7dd4c0c111ea1950591688d5074,57c18a23f50fddf7105ba9e37b2888edd4014a8bc249971413c53a3e2625de2b
G006,"M=20,20,20,20,|T=0,0,0,0,|B=2,15,1,50;3,15,1,50;3,15,1,50;",12,0.175731785878684,0.2,0,0,0.000226661288907816,41,1,1.2,independent_test,scale_large,diagnostic_r002,matched20_n200,402671102,93c61652d78f416159d96552b5883c0ccfa294ced34adadd7e42586ab76c3b31,da71c555a0fd1496b9e6344563a622e82fcec7dd4c0c111ea1950591688d5074,57c18a23f50fddf7105ba9e37b2888edd4014a8bc249971413c53a3e2625de2b
G007,"M=20,20,20,20,|T=0,0,0,0,|B=2,15,1,50;2,15,1,50;",2,0.0999757067553426,0.4,1,0,0.0534305196685701,41,1,1.2,independent_test,scale_large,diagnostic_r002,matched20_n200,402671102,93c61652d78f416159d96552b5883c0ccfa294ced34adadd7e42586ab76c3b31,da71c555a0fd1496b9e6344563a622e82fcec7dd4c0c111ea1950591688d5074,57c18a23f50fddf7105ba9e37b2888edd4014a8bc249971413c53a3e2625de2b
G008,"M=20,20,20,20,|T=0,0,0,0,|B=2,15,1,50;2,15,1,50;3,15,1,50;",10,0.17130014387964,0.2,0,0,0.000312004374441772,41,1,1.2,independent_test,scale_large,diagnostic_r002,matched20_n200,402671102,93c61652d78f416159d96552b5883c0ccfa294ced34adadd7e42586ab76c3b31,da71c555a0fd1496b9e6344563a622e82fcec7dd4c0c111ea1950591688d5074,57c18a23f50fddf7105ba9e37b2888edd4014a8bc249971413c53a3e2625de2b
G009,"M=20,20,20,20,|T=0,0,0,0,|B=2,15,1,50;2,15,1,50;3,15,1,50;3,15,1,50;",18,0.201679343761949,0.2,0,0,3.4897294323069e-05,41,1,1.2,independent_test,scale_large,diagnostic_r002,matched20_n200,402671102,93c61652d78f416159d96552b5883c0ccfa294ced34adadd7e42586ab76c3b31,da71c555a0fd1496b9e6344563a622e82fcec7dd4c0c111ea1950591688d5074,57c18a23f50fddf7105ba9e37b2888edd4014a8bc249971413c53a3e2625de2b
G010,"M=20,20,20,20,|T=0,0,0,0,|B=1,15,1,50;",3,0.130739907372286,0.2,0,0,0.00581250865005156,41,1,1.2,independent_test,scale_large,diagnostic_r002,matched20_n200,402671102,93c61652d78f416159d96552b5883c0ccfa294ced34adadd7e42586ab76c3b31,da71c555a0fd1496b9e6344563a622e82fcec7dd4c0c111ea1950591688d5074,57c18a23f50fddf7105ba9e37b2888edd4014a8bc249971413c53a3e2625de2b
G011,"M=20,20,20,20,|T=0,0,0,0,|B=1,15,1,50;3,15,1,50;",9,0.150789313292956,0.2,0,0,0.00136926415949773,41,1,1.2,independent_test,scale_large,diagnostic_r002,matched20_n200,402671102,93c61652d78f416159d96552b5883c0ccfa294ced34adadd7e42586ab76c3b31,da71c555a0fd1496b9e6344563a622e82fcec7dd4c0c111ea1950591688d5074,57c18a23f50fddf7105ba9e37b2888edd4014a8bc249971413c53a3e2625de2b
G012,"M=20,20,20,20,|T=0,0,0,0,|B=1,15,1,50;3,15,1,50;3,15,1,50;",14,0.178998396135645,0.2,0,0,0.000179093033336586,41,1,1.2,independent_test,scale_large,diagnostic_r002,matched20_n200,402671102,93c61652d78f416159d96552b5883c0ccfa294ced34adadd7e42586ab76c3b31,da71c555a0fd1496b9e6344563a622e82fcec7dd4c0c111ea1950591688d5074,57c18a23f50fddf7105ba9e37b2888edd4014a8bc249971413c53a3e2625de2b
G013,"M=20,20,20,20,|T=0,0,0,0,|B=1,15,1,50;2,15,1,50;",6,0.139178559362136,0.2,0,0,0.0031629689201194,41,1,1.2,independent_test,scale_large,diagnostic_r002,matched20_n200,402671102,93c61652d78f416159d96552b5883c0ccfa294ced34adadd7e42586ab76c3b31,da71c555a0fd1496b9e6344563a622e82fcec7dd4c0c111ea1950591688d5074,57c18a23f50fddf7105ba9e37b2888edd4014a8bc249971413c53a3e2625de2b
G014,"M=20,20,20,20,|T=0,0,0,0,|B=1,15,1,50;2,15,1,50;3,15,1,50;",16,0.192888787442838,0.2,0,0,6.57780267407385e-05,41,1,1.2,independent_test,scale_large,diagnostic_r002,matched20_n200,402671102,93c61652d78f416159d96552b5883c0ccfa294ced34adadd7e42586ab76c3b31,da71c555a0fd1496b9e6344563a622e82fcec7dd4c0c111ea1950591688d5074,57c18a23f50fddf7105ba9e37b2888edd4014a8bc249971413c53a3e2625de2b
G015,"M=20,20,20,20,|T=0,0,0,0,|B=1,15,1,50;2,15,1,50;3,15,1,50;3,15,1,50;",23,0.216117698284291,0.2,0,0,1.23206505042088e-05,41,1,1.2,independent_test,scale_large,diagnostic_r002,matched20_n200,402671102,93c61652d78f416159d96552b5883c0ccfa294ced34adadd7e42586ab76c3b31,da71c555a0fd1496b9e6344563a622e82fcec7dd4c0c111ea1950591688d5074,57c18a23f50fddf7105ba9e37b2888edd4014a8bc249971413c53a3e2625de2b
G016,"M=20,20,20,20,|T=0,0,0,0,|B=1,15,1,50;2,15,1,50;2,15,1,50;",11,0.17130014387964,0.2,0,0,0.000312004374441771,41,1,1.2,independent_test,scale_large,diagnostic_r002,matched20_n200,402671102,93c61652d78f416159d96552b5883c0ccfa294ced34adadd7e42586ab76c3b31,da71c555a0fd1496b9e6344563a622e82fcec7dd4c0c111ea1950591688d5074,57c18a23f50fddf7105ba9e37b2888edd4014a8bc249971413c53a3e2625de2b
G017,"M=20,20,20,20,|T=0,0,0,0,|B=1,15,1,50;2,15,1,50;2,15,1,50;3,15,1,50;",21,0.215525933980069,0.2,0,0,1.28577684370639e-05,41,1,1.2,independent_test,scale_large,diagnostic_r002,matched20_n200,402671102,93c61652d78f416159d96552b5883c0ccfa294ced34adadd7e42586ab76c3b31,da71c555a0fd1496b9e6344563a622e82fcec7dd4c0c111ea1950591688d5074,57c18a23f50fddf7105ba9e37b2888edd4014a8bc249971413c53a3e2625de2b
G018,"M=20,20,20,20,|T=0,0,0,0,|B=1,15,1,50;1,15,1,50;",8,0.147768264168674,0.2,0,0,0.0017025340156434,41,1,1.2,independent_test,scale_large,diagnostic_r002,matched20_n200,402671102,93c61652d78f416159d96552b5883c0ccfa294ced34adadd7e42586ab76c3b31,da71c555a0fd1496b9e6344563a622e82fcec7dd4c0c111ea1950591688d5074,57c18a23f50fddf7105ba9e37b2888edd4014a8bc249971413c53a3e2625de2b
G019,"M=20,20,20,20,|T=0,0,0,0,|B=1,15,1,50;1,15,1,50;3,15,1,50;",15,0.178998396135645,0.2,0,0,0.000179093033336585,41,1,1.2,independent_test,scale_large,diagnostic_r002,matched20_n200,402671102,93c61652d78f416159d96552b5883c0ccfa294ced34adadd7e42586ab76c3b31,da71c555a0fd1496b9e6344563a622e82fcec7dd4c0c111ea1950591688d5074,57c18a23f50fddf7105ba9e37b2888edd4014a8bc249971413c53a3e2625de2b
G020,"M=20,20,20,20,|T=0,0,0,0,|B=1,15,1,50;1,15,1,50;3,15,1,50;3,15,1,50;",20,0.203999271102126,0.2,0,0,2.95215971770588e-05,41,1,1.2,independent_test,scale_large,diagnostic_r002,matched20_n200,402671102,93c61652d78f416159d96552b5883c0ccfa294ced34adadd7e42586ab76c3b31,da71c555a0fd1496b9e6344563a622e82fcec7dd4c0c111ea1950591688d5074,57c18a23f50fddf7105ba9e37b2888edd4014a8bc249971413c53a3e2625de2b
G021,"M=20,20,20,20,|T=0,0,0,0,|B=1,15,1,50;1,15,1,50;2,15,1,50;",13,0.175731785878684,0.2,0,0,0.000226661288907816,41,1,1.2,independent_test,scale_large,diagnostic_r002,matched20_n200,402671102,93c61652d78f416159d96552b5883c0ccfa294ced34adadd7e42586ab76c3b31,da71c555a0fd1496b9e6344563a622e82fcec7dd4c0c111ea1950591688d5074,57c18a23f50fddf7105ba9e37b2888edd4014a8bc249971413c53a3e2625de2b
G022,"M=20,20,20,20,|T=0,0,0,0,|B=1,15,1,50;1,15,1,50;2,15,1,50;3,15,1,50;",22,0.216117698284291,0.2,0,0,1.23206505042089e-05,41,1,1.2,independent_test,scale_large,diagnostic_r002,matched20_n200,402671102,93c61652d78f416159d96552b5883c0ccfa294ced34adadd7e42586ab76c3b31,da71c555a0fd1496b9e6344563a622e82fcec7dd4c0c111ea1950591688d5074,57c18a23f50fddf7105ba9e37b2888edd4014a8bc249971413c53a3e2625de2b
G023,"M=20,20,20,20,|T=0,0,0,0,|B=1,15,1,50;1,15,1,50;2,15,1,50;2,15,1,50;",19,0.201679343761949,0.2,0,0,3.4897294323069e-05,41,1,1.2,independent_test,scale_large,diagnostic_r002,matched20_n200,402671102,93c61652d78f416159d96552b5883c0ccfa294ced34adadd7e42586ab76c3b31,da71c555a0fd1496b9e6344563a622e82fcec7dd4c0c111ea1950591688d5074,57c18a23f50fddf7105ba9e37b2888edd4014a8bc249971413c53a3e2625de2b
G001,"M=20,20,20,20,|T=0,0,0,0,|B=none",17,0.196931313203572,0.2,0,0,2.88346471716371e-17,5,1,0.8,independent_test,scale_large,diagnostic_r002,snr35_n100,402671102,c965159e805bda580f3df93aa7c809fa347dccdfe07d3177e76400fbd2ac6e15,23aaee4d5c66d6ea7a32e1c5b876e05a99f164d3785cdfeb8460698437b340e4,57c18a23f50fddf7105ba9e37b2888edd4014a8bc249971413c53a3e2625de2b
G002,"M=20,20,20,20,|T=0,0,0,0,|B=3,15,1,50;",4,0.130739907372286,0.2,0,0,3.04150699641962e-09,41,1,1.2,independent_test,scale_large,diagnostic_r002,snr35_n100,402671102,c965159e805bda580f3df93aa7c809fa347dccdfe07d3177e76400fbd2ac6e15,23aaee4d5c66d6ea7a32e1c5b876e05a99f164d3785cdfeb8460698437b340e4,57c18a23f50fddf7105ba9e37b2888edd4014a8bc249971413c53a3e2625de2b
G003,"M=20,20,20,20,|T=0,0,0,0,|B=3,15,1,50;3,15,1,50;",7,0.147768264168674,0.2,0,0,2.6245351676785e-11,41,1,1.2,independent_test,scale_large,diagnostic_r002,snr35_n100,402671102,c965159e805bda580f3df93aa7c809fa347dccdfe07d3177e76400fbd2ac6e15,23aaee4d5c66d6ea7a32e1c5b876e05a99f164d3785cdfeb8460698437b340e4,57c18a23f50fddf7105ba9e37b2888edd4014a8bc249971413c53a3e2625de2b
G004,"M=20,20,20,20,|T=0,0,0,0,|B=2,15,1,50;",1,0.0604752162167045,1,1,1,0.999983697670424,32,1,1.1,independent_test,scale_large,diagnostic_r002,snr35_n100,402671102,c965159e805bda580f3df93aa7c809fa347dccdfe07d3177e76400fbd2ac6e15,23aaee4d5c66d6ea7a32e1c5b876e05a99f164d3785cdfeb8460698437b340e4,57c18a23f50fddf7105ba9e37b2888edd4014a8bc249971413c53a3e2625de2b
G005,"M=20,20,20,20,|T=0,0,0,0,|B=2,15,1,50;3,15,1,50;",5,0.139178559362136,0.2,0,0,2.88552800777518e-10,41,1,1.2,independent_test,scale_large,diagnostic_r002,snr35_n100,402671102,c965159e805bda580f3df93aa7c809fa347dccdfe07d3177e76400fbd2ac6e15,23aaee4d5c66d6ea7a32e1c5b876e05a99f164d3785cdfeb8460698437b340e4,57c18a23f50fddf7105ba9e37b2888edd4014a8bc249971413c53a3e2625de2b
G006,"M=20,20,20,20,|T=0,0,0,0,|B=2,15,1,50;3,15,1,50;3,15,1,50;",12,0.175731785878684,0.2,0,0,1.07039931103495e-14,41,1,1.2,independent_test,scale_large,diagnostic_r002,snr35_n100,402671102,c965159e805bda580f3df93aa7c809fa347dccdfe07d3177e76400fbd2ac6e15,23aaee4d5c66d6ea7a32e1c5b876e05a99f164d3785cdfeb8460698437b340e4,57c18a23f50fddf7105ba9e37b2888edd4014a8bc249971413c53a3e2625de2b
G007,"M=20,20,20,20,|T=0,0,0,0,|B=2,15,1,50;2,15,1,50;",2,0.0999757067553426,0.4,1,0,1.6295605567848e-05,41,1,1.2,independent_test,scale_large,diagnostic_r002,snr35_n100,402671102,c965159e805bda580f3df93aa7c809fa347dccdfe07d3177e76400fbd2ac6e15,23aaee4d5c66d6ea7a32e1c5b876e05a99f164d3785cdfeb8460698437b340e4,57c18a23f50fddf7105ba9e37b2888edd4014a8bc249971413c53a3e2625de2b
G008,"M=20,20,20,20,|T=0,0,0,0,|B=2,15,1,50;2,15,1,50;3,15,1,50;",10,0.17130014387964,0.2,0,0,3.68733649591187e-14,41,1,1.2,independent_test,scale_large,diagnostic_r002,snr35_n100,402671102,c965159e805bda580f3df93aa7c809fa347dccdfe07d3177e76400fbd2ac6e15,23aaee4d5c66d6ea7a32e1c5b876e05a99f164d3785cdfeb8460698437b340e4,57c18a23f50fddf7105ba9e37b2888edd4014a8bc249971413c53a3e2625de2b
G009,"M=20,20,20,20,|T=0,0,0,0,|B=2,15,1,50;2,15,1,50;3,15,1,50;3,15,1,50;",18,0.201679343761949,0.2,0,0,7.66297994625156e-18,41,1,1.2,independent_test,scale_large,diagnostic_r002,snr35_n100,402671102,c965159e805bda580f3df93aa7c809fa347dccdfe07d3177e76400fbd2ac6e15,23aaee4d5c66d6ea7a32e1c5b876e05a99f164d3785cdfeb8460698437b340e4,57c18a23f50fddf7105ba9e37b2888edd4014a8bc249971413c53a3e2625de2b
G010,"M=20,20,20,20,|T=0,0,0,0,|B=1,15,1,50;",3,0.130739907372286,0.2,0,0,3.04150699641964e-09,41,1,1.2,independent_test,scale_large,diagnostic_r002,snr35_n100,402671102,c965159e805bda580f3df93aa7c809fa347dccdfe07d3177e76400fbd2ac6e15,23aaee4d5c66d6ea7a32e1c5b876e05a99f164d3785cdfeb8460698437b340e4,57c18a23f50fddf7105ba9e37b2888edd4014a8bc249971413c53a3e2625de2b
G011,"M=20,20,20,20,|T=0,0,0,0,|B=1,15,1,50;3,15,1,50;",9,0.150789313292956,0.2,0,0,1.12944694400257e-11,41,1,1.2,independent_test,scale_large,diagnostic_r002,snr35_n100,402671102,c965159e805bda580f3df93aa7c809fa347dccdfe07d3177e76400fbd2ac6e15,23aaee4d5c66d6ea7a32e1c5b876e05a99f164d3785cdfeb8460698437b340e4,57c18a23f50fddf7105ba9e37b2888edd4014a8bc249971413c53a3e2625de2b
G012,"M=20,20,20,20,|T=0,0,0,0,|B=1,15,1,50;3,15,1,50;3,15,1,50;",14,0.178998396135645,0.2,0,0,4.30124689069342e-15,41,1,1.2,independent_test,scale_large,diagnostic_r002,snr35_n100,402671102,c965159e805bda580f3df93aa7c809fa347dccdfe07d3177e76400fbd2ac6e15,23aaee4d5c66d6ea7a32e1c5b876e05a99f164d3785cdfeb8460698437b340e4,57c18a23f50fddf7105ba9e37b2888edd4014a8bc249971413c53a3e2625de2b
G013,"M=20,20,20,20,|T=0,0,0,0,|B=1,15,1,50;2,15,1,50;",6,0.139178559362136,0.2,0,0,2.88552800777518e-10,41,1,1.2,independent_test,scale_large,diagnostic_r002,snr35_n100,402671102,c965159e805bda580f3df93aa7c809fa347dccdfe07d3177e76400fbd2ac6e15,23aaee4d5c66d6ea7a32e1c5b876e05a99f164d3785cdfeb8460698437b340e4,57c18a23f50fddf7105ba9e37b2888edd4014a8bc249971413c53a3e2625de2b
G014,"M=20,20,20,20,|T=0,0,0,0,|B=1,15,1,50;2,15,1,50;3,15,1,50;",16,0.192888787442838,0.2,0,0,8.91078866962593e-17,41,1,1.2,independent_test,scale_large,diagnostic_r002,snr35_n100,402671102,c965159e805bda580f3df93aa7c809fa347dccdfe07d3177e76400fbd2ac6e15,23aaee4d5c66d6ea7a32e1c5b876e05a99f164d3785cdfeb8460698437b340e4,57c18a23f50fddf7105ba9e37b2888edd4014a8bc249971413c53a3e2625de2b
G015,"M=20,20,20,20,|T=0,0,0,0,|B=1,15,1,50;2,15,1,50;3,15,1,50;3,15,1,50;",23,0.216117698284291,0.2,0,0,1.36238513774118e-19,41,1,1.2,independent_test,scale_large,diagnostic_r002,snr35_n100,402671102,c965159e805bda580f3df93aa7c809fa347dccdfe07d3177e76400fbd2ac6e15,23aaee4d5c66d6ea7a32e1c5b876e05a99f164d3785cdfeb8460698437b340e4,57c18a23f50fddf7105ba9e37b2888edd4014a8bc249971413c53a3e2625de2b
G016,"M=20,20,20,20,|T=0,0,0,0,|B=1,15,1,50;2,15,1,50;2,15,1,50;",11,0.17130014387964,0.2,0,0,3.68733649591183e-14,41,1,1.2,independent_test,scale_large,diagnostic_r002,snr35_n100,402671102,c965159e805bda580f3df93aa7c809fa347dccdfe07d3177e76400fbd2ac6e15,23aaee4d5c66d6ea7a32e1c5b876e05a99f164d3785cdfeb8460698437b340e4,57c18a23f50fddf7105ba9e37b2888edd4014a8bc249971413c53a3e2625de2b
G017,"M=20,20,20,20,|T=0,0,0,0,|B=1,15,1,50;2,15,1,50;2,15,1,50;3,15,1,50;",21,0.215525933980069,0.2,0,0,1.60704732657771e-19,41,1,1.2,independent_test,scale_large,diagnostic_r002,snr35_n100,402671102,c965159e805bda580f3df93aa7c809fa347dccdfe07d3177e76400fbd2ac6e15,23aaee4d5c66d6ea7a32e1c5b876e05a99f164d3785cdfeb8460698437b340e4,57c18a23f50fddf7105ba9e37b2888edd4014a8bc249971413c53a3e2625de2b
G018,"M=20,20,20,20,|T=0,0,0,0,|B=1,15,1,50;1,15,1,50;",8,0.147768264168674,0.2,0,0,2.6245351676785e-11,41,1,1.2,independent_test,scale_large,diagnostic_r002,snr35_n100,402671102,c965159e805bda580f3df93aa7c809fa347dccdfe07d3177e76400fbd2ac6e15,23aaee4d5c66d6ea7a32e1c5b876e05a99f164d3785cdfeb8460698437b340e4,57c18a23f50fddf7105ba9e37b2888edd4014a8bc249971413c53a3e2625de2b
G019,"M=20,20,20,20,|T=0,0,0,0,|B=1,15,1,50;1,15,1,50;3,15,1,50;",15,0.178998396135645,0.2,0,0,4.30124689069336e-15,41,1,1.2,independent_test,scale_large,diagnostic_r002,snr35_n100,402671102,c965159e805bda580f3df93aa7c809fa347dccdfe07d3177e76400fbd2ac6e15,23aaee4d5c66d6ea7a32e1c5b876e05a99f164d3785cdfeb8460698437b340e4,57c18a23f50fddf7105ba9e37b2888edd4014a8bc249971413c53a3e2625de2b
G020,"M=20,20,20,20,|T=0,0,0,0,|B=1,15,1,50;1,15,1,50;3,15,1,50;3,15,1,50;",20,0.203999271102126,0.2,0,0,4.0104703036032e-18,41,1,1.2,independent_test,scale_large,diagnostic_r002,snr35_n100,402671102,c965159e805bda580f3df93aa7c809fa347dccdfe07d3177e76400fbd2ac6e15,23aaee4d5c66d6ea7a32e1c5b876e05a99f164d3785cdfeb8460698437b340e4,57c18a23f50fddf7105ba9e37b2888edd4014a8bc249971413c53a3e2625de2b
G021,"M=20,20,20,20,|T=0,0,0,0,|B=1,15,1,50;1,15,1,50;2,15,1,50;",13,0.175731785878684,0.2,0,0,1.07039931103495e-14,41,1,1.2,independent_test,scale_large,diagnostic_r002,snr35_n100,402671102,c965159e805bda580f3df93aa7c809fa347dccdfe07d3177e76400fbd2ac6e15,23aaee4d5c66d6ea7a32e1c5b876e05a99f164d3785cdfeb8460698437b340e4,57c18a23f50fddf7105ba9e37b2888edd4014a8bc249971413c53a3e2625de2b
G022,"M=20,20,20,20,|T=0,0,0,0,|B=1,15,1,50;1,15,1,50;2,15,1,50;3,15,1,50;",22,0.216117698284291,0.2,0,0,1.36238513774119e-19,41,1,1.2,independent_test,scale_large,diagnostic_r002,snr35_n100,402671102,c965159e805bda580f3df93aa7c809fa347dccdfe07d3177e76400fbd2ac6e15,23aaee4d5c66d6ea7a32e1c5b876e05a99f164d3785cdfeb8460698437b340e4,57c18a23f50fddf7105ba9e37b2888edd4014a8bc249971413c53a3e2625de2b
G023,"M=20,20,20,20,|T=0,0,0,0,|B=1,15,1,50;1,15,1,50;2,15,1,50;2,15,1,50;",19,0.201679343761949,0.2,0,0,7.66297994625156e-18,41,1,1.2,independent_test,scale_large,diagnostic_r002,snr35_n100,402671102,c965159e805bda580f3df93aa7c809fa347dccdfe07d3177e76400fbd2ac6e15,23aaee4d5c66d6ea7a32e1c5b876e05a99f164d3785cdfeb8460698437b340e4,57c18a23f50fddf7105ba9e37b2888edd4014a8bc249971413c53a3e2625de2b
G001,"M=20,20,20,20,|T=0,0,0,0,|B=none",17,0.196931313203572,0.2,0,0,0.000194422072552476,5,1,0.8,independent_test,scale_large,diagnostic_r002,nuisance_broad20_n100,402671102,1e557fd04443066e94d5e51b2f3e510ba8758cf9a36c9b29f55981d91e1a7283,670a0d2feeea64ab36d74bfcdcfab015ef4123c29da6f390c3e26d90b8915a02,57c18a23f50fddf7105ba9e37b2888edd4014a8bc249971413c53a3e2625de2b
G002,"M=20,20,20,20,|T=0,0,0,0,|B=3,15,1,50;",4,0.130739907372286,0.2,0,0,0.011473122571582,41,1,1.2,independent_test,scale_large,diagnostic_r002,nuisance_broad20_n100,402671102,1e557fd04443066e94d5e51b2f3e510ba8758cf9a36c9b29f55981d91e1a7283,670a0d2feeea64ab36d74bfcdcfab015ef4123c29da6f390c3e26d90b8915a02,57c18a23f50fddf7105ba9e37b2888edd4014a8bc249971413c53a3e2625de2b
G003,"M=20,20,20,20,|T=0,0,0,0,|B=3,15,1,50;3,15,1,50;",7,0.147768264168674,0.2,0,0,0.00401875754517631,41,1,1.2,independent_test,scale_large,diagnostic_r002,nuisance_broad20_n100,402671102,1e557fd04443066e94d5e51b2f3e510ba8758cf9a36c9b29f55981d91e1a7283,670a0d2feeea64ab36d74bfcdcfab015ef4123c29da6f390c3e26d90b8915a02,57c18a23f50fddf7105ba9e37b2888edd4014a8bc249971413c53a3e2625de2b
G004,"M=20,20,20,20,|T=0,0,0,0,|B=2,15,1,50;",1,0.0604752162167045,1,1,1,0.870156811489254,32,1,1.1,independent_test,scale_large,diagnostic_r002,nuisance_broad20_n100,402671102,1e557fd04443066e94d5e51b2f3e510ba8758cf9a36c9b29f55981d91e1a7283,670a0d2feeea64ab36d74bfcdcfab015ef4123c29da6f390c3e26d90b8915a02,57c18a23f50fddf7105ba9e37b2888edd4014a8bc249971413c53a3e2625de2b
G005,"M=20,20,20,20,|T=0,0,0,0,|B=2,15,1,50;3,15,1,50;",5,0.139178559362136,0.2,0,0,0.00682193239782786,41,1,1.2,independent_test,scale_large,diagnostic_r002,nuisance_broad20_n100,402671102,1e557fd04443066e94d5e51b2f3e510ba8758cf9a36c9b29f55981d91e1a7283,670a0d2feeea64ab36d74bfcdcfab015ef4123c29da6f390c3e26d90b8915a02,57c18a23f50fddf7105ba9e37b2888edd4014a8bc249971413c53a3e2625de2b
G006,"M=20,20,20,20,|T=0,0,0,0,|B=2,15,1,50;3,15,1,50;3,15,1,50;",12,0.175731785878684,0.2,0,0,0.00071768541169341,41,1,1.2,independent_test,scale_large,diagnostic_r002,nuisance_broad20_n100,402671102,1e557fd04443066e94d5e51b2f3e510ba8758cf9a36c9b29f55981d91e1a7283,670a0d2feeea64ab36d74bfcdcfab015ef4123c29da6f390c3e26d90b8915a02,57c18a23f50fddf7105ba9e37b2888edd4014a8bc249971413c53a3e2625de2b
G007,"M=20,20,20,20,|T=0,0,0,0,|B=2,15,1,50;2,15,1,50;",2,0.0999757067553426,0.2,0,0,0.0763432861715268,41,1,1.2,independent_test,scale_large,diagnostic_r002,nuisance_broad20_n100,402671102,1e557fd04443066e94d5e51b2f3e510ba8758cf9a36c9b29f55981d91e1a7283,670a0d2feeea64ab36d74bfcdcfab015ef4123c29da6f390c3e26d90b8915a02,57c18a23f50fddf7105ba9e37b2888edd4014a8bc249971413c53a3e2625de2b
G008,"M=20,20,20,20,|T=0,0,0,0,|B=2,15,1,50;2,15,1,50;3,15,1,50;",10,0.17130014387964,0.2,0,0,0.000942978293960513,41,1,1.2,independent_test,scale_large,diagnostic_r002,nuisance_broad20_n100,402671102,1e557fd04443066e94d5e51b2f3e510ba8758cf9a36c9b29f55981d91e1a7283,670a0d2feeea64ab36d74bfcdcfab015ef4123c29da6f390c3e26d90b8915a02,57c18a23f50fddf7105ba9e37b2888edd4014a8bc249971413c53a3e2625de2b
G009,"M=20,20,20,20,|T=0,0,0,0,|B=2,15,1,50;2,15,1,50;3,15,1,50;3,15,1,50;",18,0.201679343761949,0.2,0,0,0.000145115260799548,41,1,1.2,independent_test,scale_large,diagnostic_r002,nuisance_broad20_n100,402671102,1e557fd04443066e94d5e51b2f3e510ba8758cf9a36c9b29f55981d91e1a7283,670a0d2feeea64ab36d74bfcdcfab015ef4123c29da6f390c3e26d90b8915a02,57c18a23f50fddf7105ba9e37b2888edd4014a8bc249971413c53a3e2625de2b
G010,"M=20,20,20,20,|T=0,0,0,0,|B=1,15,1,50;",3,0.130739907372286,0.2,0,0,0.011473122571582,41,1,1.2,independent_test,scale_large,diagnostic_r002,nuisance_broad20_n100,402671102,1e557fd04443066e94d5e51b2f3e510ba8758cf9a36c9b29f55981d91e1a7283,670a0d2feeea64ab36d74bfcdcfab015ef4123c29da6f390c3e26d90b8915a02,57c18a23f50fddf7105ba9e37b2888edd4014a8bc249971413c53a3e2625de2b
G011,"M=20,20,20,20,|T=0,0,0,0,|B=1,15,1,50;3,15,1,50;",9,0.150789313292956,0.2,0,0,0.0033362940493906,41,1,1.2,independent_test,scale_large,diagnostic_r002,nuisance_broad20_n100,402671102,1e557fd04443066e94d5e51b2f3e510ba8758cf9a36c9b29f55981d91e1a7283,670a0d2feeea64ab36d74bfcdcfab015ef4123c29da6f390c3e26d90b8915a02,57c18a23f50fddf7105ba9e37b2888edd4014a8bc249971413c53a3e2625de2b
G012,"M=20,20,20,20,|T=0,0,0,0,|B=1,15,1,50;3,15,1,50;3,15,1,50;",14,0.178998396135645,0.2,0,0,0.000586862961945887,41,1,1.2,independent_test,scale_large,diagnostic_r002,nuisance_broad20_n100,402671102,1e557fd04443066e94d5e51b2f3e510ba8758cf9a36c9b29f55981d91e1a7283,670a0d2feeea64ab36d74bfcdcfab015ef4123c29da6f390c3e26d90b8915a02,57c18a23f50fddf7105ba9e37b2888edd4014a8bc249971413c53a3e2625de2b
G013,"M=20,20,20,20,|T=0,0,0,0,|B=1,15,1,50;2,15,1,50;",6,0.139178559362136,0.2,0,0,0.00682193239782786,41,1,1.2,independent_test,scale_large,diagnostic_r002,nuisance_broad20_n100,402671102,1e557fd04443066e94d5e51b2f3e510ba8758cf9a36c9b29f55981d91e1a7283,670a0d2feeea64ab36d74bfcdcfab015ef4123c29da6f390c3e26d90b8915a02,57c18a23f50fddf7105ba9e37b2888edd4014a8bc249971413c53a3e2625de2b
G014,"M=20,20,20,20,|T=0,0,0,0,|B=1,15,1,50;2,15,1,50;3,15,1,50;",16,0.192888787442838,0.2,0,0,0.00024940343414393,41,1,1.2,independent_test,scale_large,diagnostic_r002,nuisance_broad20_n100,402671102,1e557fd04443066e94d5e51b2f3e510ba8758cf9a36c9b29f55981d91e1a7283,670a0d2feeea64ab36d74bfcdcfab015ef4123c29da6f390c3e26d90b8915a02,57c18a23f50fddf7105ba9e37b2888edd4014a8bc249971413c53a3e2625de2b
G015,"M=20,20,20,20,|T=0,0,0,0,|B=1,15,1,50;2,15,1,50;3,15,1,50;3,15,1,50;",23,0.216117698284291,0.2,0,0,5.96235983963653e-05,41,1,1.2,independent_test,scale_large,diagnostic_r002,nuisance_broad20_n100,402671102,1e557fd04443066e94d5e51b2f3e510ba8758cf9a36c9b29f55981d91e1a7283,670a0d2feeea64ab36d74bfcdcfab015ef4123c29da6f390c3e26d90b8915a02,57c18a23f50fddf7105ba9e37b2888edd4014a8bc249971413c53a3e2625de2b
G016,"M=20,20,20,20,|T=0,0,0,0,|B=1,15,1,50;2,15,1,50;2,15,1,50;",11,0.17130014387964,0.2,0,0,0.000942978293960511,41,1,1.2,independent_test,scale_large,diagnostic_r002,nuisance_broad20_n100,402671102,1e557fd04443066e94d5e51b2f3e510ba8758cf9a36c9b29f55981d91e1a7283,670a0d2feeea64ab36d74bfcdcfab015ef4123c29da6f390c3e26d90b8915a02,57c18a23f50fddf7105ba9e37b2888edd4014a8bc249971413c53a3e2625de2b
G017,"M=20,20,20,20,|T=0,0,0,0,|B=1,15,1,50;2,15,1,50;2,15,1,50;3,15,1,50;",21,0.215525933980069,0.2,0,0,6.18373262148694e-05,41,1,1.2,independent_test,scale_large,diagnostic_r002,nuisance_broad20_n100,402671102,1e557fd04443066e94d5e51b2f3e510ba8758cf9a36c9b29f55981d91e1a7283,670a0d2feeea64ab36d74bfcdcfab015ef4123c29da6f390c3e26d90b8915a02,57c18a23f50fddf7105ba9e37b2888edd4014a8bc249971413c53a3e2625de2b
G018,"M=20,20,20,20,|T=0,0,0,0,|B=1,15,1,50;1,15,1,50;",8,0.147768264168674,0.2,0,0,0.00401875754517631,41,1,1.2,independent_test,scale_large,diagnostic_r002,nuisance_broad20_n100,402671102,1e557fd04443066e94d5e51b2f3e510ba8758cf9a36c9b29f55981d91e1a7283,670a0d2feeea64ab36d74bfcdcfab015ef4123c29da6f390c3e26d90b8915a02,57c18a23f50fddf7105ba9e37b2888edd4014a8bc249971413c53a3e2625de2b
G019,"M=20,20,20,20,|T=0,0,0,0,|B=1,15,1,50;1,15,1,50;3,15,1,50;",15,0.178998396135645,0.2,0,0,0.000586862961945885,41,1,1.2,independent_test,scale_large,diagnostic_r002,nuisance_broad20_n100,402671102,1e557fd04443066e94d5e51b2f3e510ba8758cf9a36c9b29f55981d91e1a7283,670a0d2feeea64ab36d74bfcdcfab015ef4123c29da6f390c3e26d90b8915a02,57c18a23f50fddf7105ba9e37b2888edd4014a8bc249971413c53a3e2625de2b
G020,"M=20,20,20,20,|T=0,0,0,0,|B=1,15,1,50;1,15,1,50;3,15,1,50;3,15,1,50;",20,0.203999271102126,0.2,0,0,0.000125789374152971,41,1,1.2,independent_test,scale_large,diagnostic_r002,nuisance_broad20_n100,402671102,1e557fd04443066e94d5e51b2f3e510ba8758cf9a36c9b29f55981d91e1a7283,670a0d2feeea64ab36d74bfcdcfab015ef4123c29da6f390c3e26d90b8915a02,57c18a23f50fddf7105ba9e37b2888edd4014a8bc249971413c53a3e2625de2b
G021,"M=20,20,20,20,|T=0,0,0,0,|B=1,15,1,50;1,15,1,50;2,15,1,50;",13,0.175731785878684,0.2,0,0,0.00071768541169341,41,1,1.2,independent_test,scale_large,diagnostic_r002,nuisance_broad20_n100,402671102,1e557fd04443066e94d5e51b2f3e510ba8758cf9a36c9b29f55981d91e1a7283,670a0d2feeea64ab36d74bfcdcfab015ef4123c29da6f390c3e26d90b8915a02,57c18a23f50fddf7105ba9e37b2888edd4014a8bc249971413c53a3e2625de2b
G022,"M=20,20,20,20,|T=0,0,0,0,|B=1,15,1,50;1,15,1,50;2,15,1,50;3,15,1,50;",22,0.216117698284291,0.2,0,0,5.96235983963654e-05,41,1,1.2,independent_test,scale_large,diagnostic_r002,nuisance_broad20_n100,402671102,1e557fd04443066e94d5e51b2f3e510ba8758cf9a36c9b29f55981d91e1a7283,670a0d2feeea64ab36d74bfcdcfab015ef4123c29da6f390c3e26d90b8915a02,57c18a23f50fddf7105ba9e37b2888edd4014a8bc249971413c53a3e2625de2b
G023,"M=20,20,20,20,|T=0,0,0,0,|B=1,15,1,50;1,15,1,50;2,15,1,50;2,15,1,50;",19,0.201679343761949,0.2,0,0,0.000145115260799548,41,1,1.2,independent_test,scale_large,diagnostic_r002,nuisance_broad20_n100,402671102,1e557fd04443066e94d5e51b2f3e510ba8758cf9a36c9b29f55981d91e1a7283,670a0d2feeea64ab36d74bfcdcfab015ef4123c29da6f390c3e26d90b8915a02,57c18a23f50fddf7105ba9e37b2888edd4014a8bc249971413c53a3e2625de2b
G001,"M=20,20,20,20,|T=0,0,0,0,|B=none",17,0.196931313203572,0.2,0,0,0.00457501145762758,5,1,0.8,independent_test,scale_large,diagnostic_r002,combined_broad35_n20,402671102,2081316e727819833ac0b8951866c9f958204017c1edb97e1ccc7856952f4813,c96dfab3d90e2f9bda8bdab148880b65ce60e283da92e332dcd1368e3e73e2a2,57c18a23f50fddf7105ba9e37b2888edd4014a8bc249971413c53a3e2625de2b
G002,"M=20,20,20,20,|T=0,0,0,0,|B=3,15,1,50;",4,0.130739907372286,0.2,0,0,0.046342329309283,41,1,1.2,independent_test,scale_large,diagnostic_r002,combined_broad35_n20,402671102,2081316e727819833ac0b8951866c9f958204017c1edb97e1ccc7856952f4813,c96dfab3d90e2f9bda8bdab148880b65ce60e283da92e332dcd1368e3e73e2a2,57c18a23f50fddf7105ba9e37b2888edd4014a8bc249971413c53a3e2625de2b
G003,"M=20,20,20,20,|T=0,0,0,0,|B=3,15,1,50;3,15,1,50;",7,0.147768264168674,0.2,0,0,0.0255435680356612,41,1,1.2,independent_test,scale_large,diagnostic_r002,combined_broad35_n20,402671102,2081316e727819833ac0b8951866c9f958204017c1edb97e1ccc7856952f4813,c96dfab3d90e2f9bda8bdab148880b65ce60e283da92e332dcd1368e3e73e2a2,57c18a23f50fddf7105ba9e37b2888edd4014a8bc249971413c53a3e2625de2b
G004,"M=20,20,20,20,|T=0,0,0,0,|B=2,15,1,50;",1,0.0604752162167045,0.6,1,1,0.541308992272241,32,1,1.1,independent_test,scale_large,diagnostic_r002,combined_broad35_n20,402671102,2081316e727819833ac0b8951866c9f958204017c1edb97e1ccc7856952f4813,c96dfab3d90e2f9bda8bdab148880b65ce60e283da92e332dcd1368e3e73e2a2,57c18a23f50fddf7105ba9e37b2888edd4014a8bc249971413c53a3e2625de2b
G005,"M=20,20,20,20,|T=0,0,0,0,|B=2,15,1,50;3,15,1,50;",5,0.139178559362136,0.2,0,0,0.0344966652184544,41,1,1.2,independent_test,scale_large,diagnostic_r002,combined_broad35_n20,402671102,2081316e727819833ac0b8951866c9f958204017c1edb97e1ccc7856952f4813,c96dfab3d90e2f9bda8bdab148880b65ce60e283da92e332dcd1368e3e73e2a2,57c18a23f50fddf7105ba9e37b2888edd4014a8bc249971413c53a3e2625de2b
G006,"M=20,20,20,20,|T=0,0,0,0,|B=2,15,1,50;3,15,1,50;3,15,1,50;",12,0.175731785878684,0.2,0,0,0.00960411328577361,41,1,1.2,independent_test,scale_large,diagnostic_r002,combined_broad35_n20,402671102,2081316e727819833ac0b8951866c9f958204017c1edb97e1ccc7856952f4813,c96dfab3d90e2f9bda8bdab148880b65ce60e283da92e332dcd1368e3e73e2a2,57c18a23f50fddf7105ba9e37b2888edd4014a8bc249971413c53a3e2625de2b
G007,"M=20,20,20,20,|T=0,0,0,0,|B=2,15,1,50;2,15,1,50;",2,0.0999757067553426,0.4,1,0,0.135940952003875,41,1,1.2,independent_test,scale_large,diagnostic_r002,combined_broad35_n20,402671102,2081316e727819833ac0b8951866c9f958204017c1edb97e1ccc7856952f4813,c96dfab3d90e2f9bda8bdab148880b65ce60e283da92e332dcd1368e3e73e2a2,57c18a23f50fddf7105ba9e37b2888edd4014a8bc249971413c53a3e2625de2b
G008,"M=20,20,20,20,|T=0,0,0,0,|B=2,15,1,50;2,15,1,50;3,15,1,50;",10,0.17130014387964,0.2,0,0,0.0112145840477734,41,1,1.2,independent_test,scale_large,diagnostic_r002,combined_broad35_n20,402671102,2081316e727819833ac0b8951866c9f958204017c1edb97e1ccc7856952f4813,c96dfab3d90e2f9bda8bdab148880b65ce60e283da92e332dcd1368e3e73e2a2,57c18a23f50fddf7105ba9e37b2888edd4014a8bc249971413c53a3e2625de2b
G009,"M=20,20,20,20,|T=0,0,0,0,|B=2,15,1,50;2,15,1,50;3,15,1,50;3,15,1,50;",18,0.201679343761949,0.2,0,0,0.00387489275610876,41,1,1.2,independent_test,scale_large,diagnostic_r002,combined_broad35_n20,402671102,2081316e727819833ac0b8951866c9f958204017c1edb97e1ccc7856952f4813,c96dfab3d90e2f9bda8bdab148880b65ce60e283da92e332dcd1368e3e73e2a2,57c18a23f50fddf7105ba9e37b2888edd4014a8bc249971413c53a3e2625de2b
G010,"M=20,20,20,20,|T=0,0,0,0,|B=1,15,1,50;",3,0.130739907372286,0.2,0,0,0.046342329309283,41,1,1.2,independent_test,scale_large,diagnostic_r002,combined_broad35_n20,402671102,2081316e727819833ac0b8951866c9f958204017c1edb97e1ccc7856952f4813,c96dfab3d90e2f9bda8bdab148880b65ce60e283da92e332dcd1368e3e73e2a2,57c18a23f50fddf7105ba9e37b2888edd4014a8bc249971413c53a3e2625de2b
G011,"M=20,20,20,20,|T=0,0,0,0,|B=1,15,1,50;3,15,1,50;",9,0.150789313292956,0.2,0,0,0.0229818780951998,41,1,1.2,independent_test,scale_large,diagnostic_r002,combined_broad35_n20,402671102,2081316e727819833ac0b8951866c9f958204017c1edb97e1ccc7856952f4813,c96dfab3d90e2f9bda8bdab148880b65ce60e283da92e332dcd1368e3e73e2a2,57c18a23f50fddf7105ba9e37b2888edd4014a8bc249971413c53a3e2625de2b
G012,"M=20,20,20,20,|T=0,0,0,0,|B=1,15,1,50;3,15,1,50;3,15,1,50;",14,0.178998396135645,0.2,0,0,0.00856703701128201,41,1,1.2,independent_test,scale_large,diagnostic_r002,combined_broad35_n20,402671102,2081316e727819833ac0b8951866c9f958204017c1edb97e1ccc7856952f4813,c96dfab3d90e2f9bda8bdab148880b65ce60e283da92e332dcd1368e3e73e2a2,57c18a23f50fddf7105ba9e37b2888edd4014a8bc249971413c53a3e2625de2b
G013,"M=20,20,20,20,|T=0,0,0,0,|B=1,15,1,50;2,15,1,50;",6,0.139178559362136,0.2,0,0,0.0344966652184544,41,1,1.2,independent_test,scale_large,diagnostic_r002,combined_broad35_n20,402671102,2081316e727819833ac0b8951866c9f958204017c1edb97e1ccc7856952f4813,c96dfab3d90e2f9bda8bdab148880b65ce60e283da92e332dcd1368e3e73e2a2,57c18a23f50fddf7105ba9e37b2888edd4014a8bc249971413c53a3e2625de2b
G014,"M=20,20,20,20,|T=0,0,0,0,|B=1,15,1,50;2,15,1,50;3,15,1,50;",16,0.192888787442838,0.2,0,0,0.00526995120191625,41,1,1.2,independent_test,scale_large,diagnostic_r002,combined_broad35_n20,402671102,2081316e727819833ac0b8951866c9f958204017c1edb97e1ccc7856952f4813,c96dfab3d90e2f9bda8bdab148880b65ce60e283da92e332dcd1368e3e73e2a2,57c18a23f50fddf7105ba9e37b2888edd4014a8bc249971413c53a3e2625de2b
G015,"M=20,20,20,20,|T=0,0,0,0,|B=1,15,1,50;2,15,1,50;3,15,1,50;3,15,1,50;",23,0.216117698284291,0.2,0,0,0.00233835762567867,41,1,1.2,independent_test,scale_large,diagnostic_r002,combined_broad35_n20,402671102,2081316e727819833ac0b8951866c9f958204017c1edb97e1ccc7856952f4813,c96dfab3d90e2f9bda8bdab148880b65ce60e283da92e332dcd1368e3e73e2a2,57c18a23f50fddf7105ba9e37b2888edd4014a8bc249971413c53a3e2625de2b
G016,"M=20,20,20,20,|T=0,0,0,0,|B=1,15,1,50;2,15,1,50;2,15,1,50;",11,0.17130014387964,0.2,0,0,0.0112145840477734,41,1,1.2,independent_test,scale_large,diagnostic_r002,combined_broad35_n20,402671102,2081316e727819833ac0b8951866c9f958204017c1edb97e1ccc7856952f4813,c96dfab3d90e2f9bda8bdab148880b65ce60e283da92e332dcd1368e3e73e2a2,57c18a23f50fddf7105ba9e37b2888edd4014a8bc249971413c53a3e2625de2b
G017,"M=20,20,20,20,|T=0,0,0,0,|B=1,15,1,50;2,15,1,50;2,15,1,50;3,15,1,50;",21,0.215525933980069,0.2,0,0,0.00238726740232744,41,1,1.2,independent_test,scale_large,diagnostic_r002,combined_broad35_n20,402671102,2081316e727819833ac0b8951866c9f958204017c1edb97e1ccc7856952f4813,c96dfab3d90e2f9bda8bdab148880b65ce60e283da92e332dcd1368e3e73e2a2,57c18a23f50fddf7105ba9e37b2888edd4014a8bc249971413c53a3e2625de2b
G018,"M=20,20,20,20,|T=0,0,0,0,|B=1,15,1,50;1,15,1,50;",8,0.147768264168674,0.2,0,0,0.0255435680356612,41,1,1.2,independent_test,scale_large,diagnostic_r002,combined_broad35_n20,402671102,2081316e727819833ac0b8951866c9f958204017c1edb97e1ccc7856952f4813,c96dfab3d90e2f9bda8bdab148880b65ce60e283da92e332dcd1368e3e73e2a2,57c18a23f50fddf7105ba9e37b2888edd4014a8bc249971413c53a3e2625de2b
G019,"M=20,20,20,20,|T=0,0,0,0,|B=1,15,1,50;1,15,1,50;3,15,1,50;",15,0.178998396135645,0.2,0,0,0.00856703701128199,41,1,1.2,independent_test,scale_large,diagnostic_r002,combined_broad35_n20,402671102,2081316e727819833ac0b8951866c9f958204017c1edb97e1ccc7856952f4813,c96dfab3d90e2f9bda8bdab148880b65ce60e283da92e332dcd1368e3e73e2a2,57c18a23f50fddf7105ba9e37b2888edd4014a8bc249971413c53a3e2625de2b
G020,"M=20,20,20,20,|T=0,0,0,0,|B=1,15,1,50;1,15,1,50;3,15,1,50;3,15,1,50;",20,0.203999271102126,0.2,0,0,0.0035728529867828,41,1,1.2,independent_test,scale_large,diagnostic_r002,combined_broad35_n20,402671102,2081316e727819833ac0b8951866c9f958204017c1edb97e1ccc7856952f4813,c96dfab3d90e2f9bda8bdab148880b65ce60e283da92e332dcd1368e3e73e2a2,57c18a23f50fddf7105ba9e37b2888edd4014a8bc249971413c53a3e2625de2b
G021,"M=20,20,20,20,|T=0,0,0,0,|B=1,15,1,50;1,15,1,50;2,15,1,50;",13,0.175731785878684,0.2,0,0,0.00960411328577361,41,1,1.2,independent_test,scale_large,diagnostic_r002,combined_broad35_n20,402671102,2081316e727819833ac0b8951866c9f958204017c1edb97e1ccc7856952f4813,c96dfab3d90e2f9bda8bdab148880b65ce60e283da92e332dcd1368e3e73e2a2,57c18a23f50fddf7105ba9e37b2888edd4014a8bc249971413c53a3e2625de2b
G022,"M=20,20,20,20,|T=0,0,0,0,|B=1,15,1,50;1,15,1,50;2,15,1,50;3,15,1,50;",22,0.216117698284291,0.2,0,0,0.00233835762567867,41,1,1.2,independent_test,scale_large,diagnostic_r002,combined_broad35_n20,402671102,2081316e727819833ac0b8951866c9f958204017c1edb97e1ccc7856952f4813,c96dfab3d90e2f9bda8bdab148880b65ce60e283da92e332dcd1368e3e73e2a2,57c18a23f50fddf7105ba9e37b2888edd4014a8bc249971413c53a3e2625de2b
G023,"M=20,20,20,20,|T=0,0,0,0,|B=1,15,1,50;1,15,1,50;2,15,1,50;2,15,1,50;",19,0.201679343761949,0.2,0,0,0.00387489275610876,41,1,1.2,independent_test,scale_large,diagnostic_r002,combined_broad35_n20,402671102,2081316e727819833ac0b8951866c9f958204017c1edb97e1ccc7856952f4813,c96dfab3d90e2f9bda8bdab148880b65ce60e283da92e332dcd1368e3e73e2a2,57c18a23f50fddf7105ba9e37b2888edd4014a8bc249971413c53a3e2625de2b
G001,"M=20,20,20,20,|T=0,0,0,0,|B=none",17,0.196931313203572,0.2,0,0,6.39580603713308e-38,5,1,0.8,independent_test,scale_large,diagnostic_r002,combined_broad35_n100,402671102,3328ecca81f94a2fbea48f279973372d08522a8f0b7ab0e4971bb88817c5f8c4,00753e672ed2e48915c1db54664e1d4c6a759ee9966d8daa954bd2f6f5d8bac7,57c18a23f50fddf7105ba9e37b2888edd4014a8bc249971413c53a3e2625de2b
G002,"M=20,20,20,20,|T=0,0,0,0,|B=3,15,1,50;",4,0.130739907372286,0.2,0,0,7.04394532617128e-20,41,1,1.2,independent_test,scale_large,diagnostic_r002,combined_broad35_n100,402671102,3328ecca81f94a2fbea48f279973372d08522a8f0b7ab0e4971bb88817c5f8c4,00753e672ed2e48915c1db54664e1d4c6a759ee9966d8daa954bd2f6f5d8bac7,57c18a23f50fddf7105ba9e37b2888edd4014a8bc249971413c53a3e2625de2b
G003,"M=20,20,20,20,|T=0,0,0,0,|B=3,15,1,50;3,15,1,50;",7,0.147768264168674,0.2,0,0,1.60828690326859e-24,41,1,1.2,independent_test,scale_large,diagnostic_r002,combined_broad35_n100,402671102,3328ecca81f94a2fbea48f279973372d08522a8f0b7ab0e4971bb88817c5f8c4,00753e672ed2e48915c1db54664e1d4c6a759ee9966d8daa954bd2f6f5d8bac7,57c18a23f50fddf7105ba9e37b2888edd4014a8bc249971413c53a3e2625de2b
G004,"M=20,20,20,20,|T=0,0,0,0,|B=2,15,1,50;",1,0.0604752162167045,0.4,1,1,0.999999999982889,32,1,1.1,independent_test,scale_large,diagnostic_r002,combined_broad35_n100,402671102,3328ecca81f94a2fbea48f279973372d08522a8f0b7ab0e4971bb88817c5f8c4,00753e672ed2e48915c1db54664e1d4c6a759ee9966d8daa954bd2f6f5d8bac7,57c18a23f50fddf7105ba9e37b2888edd4014a8bc249971413c53a3e2625de2b
G005,"M=20,20,20,20,|T=0,0,0,0,|B=2,15,1,50;3,15,1,50;",5,0.139178559362136,0.2,0,0,3.52919886946374e-22,41,1,1.2,independent_test,scale_large,diagnostic_r002,combined_broad35_n100,402671102,3328ecca81f94a2fbea48f279973372d08522a8f0b7ab0e4971bb88817c5f8c4,00753e672ed2e48915c1db54664e1d4c6a759ee9966d8daa954bd2f6f5d8bac7,57c18a23f50fddf7105ba9e37b2888edd4014a8bc249971413c53a3e2625de2b
G006,"M=20,20,20,20,|T=0,0,0,0,|B=2,15,1,50;3,15,1,50;3,15,1,50;",12,0.175731785878684,0.2,0,0,3.83965168152641e-32,41,1,1.2,independent_test,scale_large,diagnostic_r002,combined_broad35_n100,402671102,3328ecca81f94a2fbea48f279973372d08522a8f0b7ab0e4971bb88817c5f8c4,00753e672ed2e48915c1db54664e1d4c6a759ee9966d8daa954bd2f6f5d8bac7,57c18a23f50fddf7105ba9e37b2888edd4014a8bc249971413c53a3e2625de2b
G007,"M=20,20,20,20,|T=0,0,0,0,|B=2,15,1,50;2,15,1,50;",2,0.0999757067553426,0.4,1,0,1.71109526570343e-11,41,1,1.2,independent_test,scale_large,diagnostic_r002,combined_broad35_n100,402671102,3328ecca81f94a2fbea48f279973372d08522a8f0b7ab0e4971bb88817c5f8c4,00753e672ed2e48915c1db54664e1d4c6a759ee9966d8daa954bd2f6f5d8bac7,57c18a23f50fddf7105ba9e37b2888edd4014a8bc249971413c53a3e2625de2b
G008,"M=20,20,20,20,|T=0,0,0,0,|B=2,15,1,50;2,15,1,50;3,15,1,50;",10,0.17130014387964,0.2,0,0,6.1977369387518e-31,41,1,1.2,independent_test,scale_large,diagnostic_r002,combined_broad35_n100,402671102,3328ecca81f94a2fbea48f279973372d08522a8f0b7ab0e4971bb88817c5f8c4,00753e672ed2e48915c1db54664e1d4c6a759ee9966d8daa954bd2f6f5d8bac7,57c18a23f50fddf7105ba9e37b2888edd4014a8bc249971413c53a3e2625de2b
G009,"M=20,20,20,20,|T=0,0,0,0,|B=2,15,1,50;2,15,1,50;3,15,1,50;3,15,1,50;",18,0.201679343761949,0.2,0,0,3.24874277936825e-39,41,1,1.2,independent_test,scale_large,diagnostic_r002,combined_broad35_n100,402671102,3328ecca81f94a2fbea48f279973372d08522a8f0b7ab0e4971bb88817c5f8c4,00753e672ed2e48915c1db54664e1d4c6a759ee9966d8daa954bd2f6f5d8bac7,57c18a23f50fddf7105ba9e37b2888edd4014a8bc249971413c53a3e2625de2b
G010,"M=20,20,20,20,|T=0,0,0,0,|B=1,15,1,50;",3,0.130739907372286,0.2,0,0,7.04394532617138e-20,41,1,1.2,independent_test,scale_large,diagnostic_r002,combined_broad35_n100,402671102,3328ecca81f94a2fbea48f279973372d08522a8f0b7ab0e4971bb88817c5f8c4,00753e672ed2e48915c1db54664e1d4c6a759ee9966d8daa954bd2f6f5d8bac7,57c18a23f50fddf7105ba9e37b2888edd4014a8bc249971413c53a3e2625de2b
G011,"M=20,20,20,20,|T=0,0,0,0,|B=1,15,1,50;3,15,1,50;",9,0.150789313292956,0.2,0,0,2.41496181720782e-25,41,1,1.2,independent_test,scale_large,diagnostic_r002,combined_broad35_n100,402671102,3328ecca81f94a2fbea48f279973372d08522a8f0b7ab0e4971bb88817c5f8c4,00753e672ed2e48915c1db54664e1d4c6a759ee9966d8daa954bd2f6f5d8bac7,57c18a23f50fddf7105ba9e37b2888edd4014a8bc249971413c53a3e2625de2b
G012,"M=20,20,20,20,|T=0,0,0,0,|B=1,15,1,50;3,15,1,50;3,15,1,50;",14,0.178998396135645,0.2,0,0,4.94203133273884e-33,41,1,1.2,independent_test,scale_large,diagnostic_r002,combined_broad35_n100,402671102,3328ecca81f94a2fbea48f279973372d08522a8f0b7ab0e4971bb88817c5f8c4,00753e672ed2e48915c1db54664e1d4c6a759ee9966d8daa954bd2f6f5d8bac7,57c18a23f50fddf7105ba9e37b2888edd4014a8bc249971413c53a3e2625de2b
G013,"M=20,20,20,20,|T=0,0,0,0,|B=1,15,1,50;2,15,1,50;",6,0.139178559362136,0.2,0,0,3.52919886946374e-22,41,1,1.2,independent_test,scale_large,diagnostic_r002,combined_broad35_n100,402671102,3328ecca81f94a2fbea48f279973372d08522a8f0b7ab0e4971bb88817c5f8c4,00753e672ed2e48915c1db54664e1d4c6a759ee9966d8daa954bd2f6f5d8bac7,57c18a23f50fddf7105ba9e37b2888edd4014a8bc249971413c53a3e2625de2b
G014,"M=20,20,20,20,|T=0,0,0,0,|B=1,15,1,50;2,15,1,50;3,15,1,50;",16,0.192888787442838,0.2,0,0,8.08675754019524e-37,41,1,1.2,independent_test,scale_large,diagnostic_r002,combined_broad35_n100,402671102,3328ecca81f94a2fbea48f279973372d08522a8f0b7ab0e4971bb88817c5f8c4,00753e672ed2e48915c1db54664e1d4c6a759ee9966d8daa954bd2f6f5d8bac7,57c18a23f50fddf7105ba9e37b2888edd4014a8bc249971413c53a3e2625de2b
G015,"M=20,20,20,20,|T=0,0,0,0,|B=1,15,1,50;2,15,1,50;3,15,1,50;3,15,1,50;",23,0.216117698284291,0.2,0,0,3.76898884176446e-43,41,1,1.2,independent_test,scale_large,diagnostic_r002,combined_broad35_n100,402671102,3328ecca81f94a2fbea48f279973372d08522a8f0b7ab0e4971bb88817c5f8c4,00753e672ed2e48915c1db54664e1d4c6a759ee9966d8daa954bd2f6f5d8bac7,57c18a23f50fddf7105ba9e37b2888edd4014a8bc249971413c53a3e2625de2b
G016,"M=20,20,20,20,|T=0,0,0,0,|B=1,15,1,50;2,15,1,50;2,15,1,50;",11,0.17130014387964,0.2,0,0,6.19773693875171e-31,41,1,1.2,independent_test,scale_large,diagnostic_r002,combined_broad35_n100,402671102,3328ecca81f94a2fbea48f279973372d08522a8f0b7ab0e4971bb88817c5f8c4,00753e672ed2e48915c1db54664e1d4c6a759ee9966d8daa954bd2f6f5d8bac7,57c18a23f50fddf7105ba9e37b2888edd4014a8bc249971413c53a3e2625de2b
G017,"M=20,20,20,20,|T=0,0,0,0,|B=1,15,1,50;2,15,1,50;2,15,1,50;3,15,1,50;",21,0.215525933980069,0.2,0,0,5.46415742668666e-43,41,1,1.2,independent_test,scale_large,diagnostic_r002,combined_broad35_n100,402671102,3328ecca81f94a2fbea48f279973372d08522a8f0b7ab0e4971bb88817c5f8c4,00753e672ed2e48915c1db54664e1d4c6a759ee9966d8daa954bd2f6f5d8bac7,57c18a23f50fddf7105ba9e37b2888edd4014a8bc249971413c53a3e2625de2b
G018,"M=20,20,20,20,|T=0,0,0,0,|B=1,15,1,50;1,15,1,50;",8,0.147768264168674,0.2,0,0,1.60828690326859e-24,41,1,1.2,independent_test,scale_large,diagnostic_r002,combined_broad35_n100,402671102,3328ecca81f94a2fbea48f279973372d08522a8f0b7ab0e4971bb88817c5f8c4,00753e672ed2e48915c1db54664e1d4c6a759ee9966d8daa954bd2f6f5d8bac7,57c18a23f50fddf7105ba9e37b2888edd4014a8bc249971413c53a3e2625de2b
G019,"M=20,20,20,20,|T=0,0,0,0,|B=1,15,1,50;1,15,1,50;3,15,1,50;",15,0.178998396135645,0.2,0,0,4.94203133273863e-33,41,1,1.2,independent_test,scale_large,diagnostic_r002,combined_broad35_n100,402671102,3328ecca81f94a2fbea48f279973372d08522a8f0b7ab0e4971bb88817c5f8c4,00753e672ed2e48915c1db54664e1d4c6a759ee9966d8daa954bd2f6f5d8bac7,57c18a23f50fddf7105ba9e37b2888edd4014a8bc249971413c53a3e2625de2b
G020,"M=20,20,20,20,|T=0,0,0,0,|B=1,15,1,50;1,15,1,50;3,15,1,50;3,15,1,50;",20,0.203999271102126,0.2,0,0,7.57474825407531e-40,41,1,1.2,independent_test,scale_large,diagnostic_r002,combined_broad35_n100,402671102,3328ecca81f94a2fbea48f279973372d08522a8f0b7ab0e4971bb88817c5f8c4,00753e672ed2e48915c1db54664e1d4c6a759ee9966d8daa954bd2f6f5d8bac7,57c18a23f50fddf7105ba9e37b2888edd4014a8bc249971413c53a3e2625de2b
G021,"M=20,20,20,20,|T=0,0,0,0,|B=1,15,1,50;1,15,1,50;2,15,1,50;",13,0.175731785878684,0.2,0,0,3.83965168152641e-32,41,1,1.2,independent_test,scale_large,diagnostic_r002,combined_broad35_n100,402671102,3328ecca81f94a2fbea48f279973372d08522a8f0b7ab0e4971bb88817c5f8c4,00753e672ed2e48915c1db54664e1d4c6a759ee9966d8daa954bd2f6f5d8bac7,57c18a23f50fddf7105ba9e37b2888edd4014a8bc249971413c53a3e2625de2b
G022,"M=20,20,20,20,|T=0,0,0,0,|B=1,15,1,50;1,15,1,50;2,15,1,50;3,15,1,50;",22,0.216117698284291,0.2,0,0,3.76898884176451e-43,41,1,1.2,independent_test,scale_large,diagnostic_r002,combined_broad35_n100,402671102,3328ecca81f94a2fbea48f279973372d08522a8f0b7ab0e4971bb88817c5f8c4,00753e672ed2e48915c1db54664e1d4c6a759ee9966d8daa954bd2f6f5d8bac7,57c18a23f50fddf7105ba9e37b2888edd4014a8bc249971413c53a3e2625de2b
G023,"M=20,20,20,20,|T=0,0,0,0,|B=1,15,1,50;1,15,1,50;2,15,1,50;2,15,1,50;",19,0.201679343761949,0.2,0,0,3.24874277936825e-39,41,1,1.2,independent_test,scale_large,diagnostic_r002,combined_broad35_n100,402671102,3328ecca81f94a2fbea48f279973372d08522a8f0b7ab0e4971bb88817c5f8c4,00753e672ed2e48915c1db54664e1d4c6a759ee9966d8daa954bd2f6f5d8bac7,57c18a23f50fddf7105ba9e37b2888edd4014a8bc249971413c53a3e2625de2b
G001,"M=20,20,20,20,|T=0,0,0,0,|B=none",17,0.196931313203572,0.2,0,0,3.26056431124114e-05,5,1,0.8,independent_test,scale_large,diagnostic_r002,originalset_split_evidence_n20,402671102,32ccdbbd7834dc6906cf747a042cccb7d5b41e6f463cf2cc13c2e679b7cacb40,1d74c5e8bed74229f46a87758271c20a7f25144c2d4c8e2138924f9de5797c0b,57c18a23f50fddf7105ba9e37b2888edd4014a8bc249971413c53a3e2625de2b
G002,"M=20,20,20,20,|T=0,0,0,0,|B=3,15,1,50;",4,0.130739907372286,0.2,0,0,0.00473184816479472,41,1,1.2,independent_test,scale_large,diagnostic_r002,originalset_split_evidence_n20,402671102,32ccdbbd7834dc6906cf747a042cccb7d5b41e6f463cf2cc13c2e679b7cacb40,1d74c5e8bed74229f46a87758271c20a7f25144c2d4c8e2138924f9de5797c0b,57c18a23f50fddf7105ba9e37b2888edd4014a8bc249971413c53a3e2625de2b
G003,"M=20,20,20,20,|T=0,0,0,0,|B=3,15,1,50;3,15,1,50;",7,0.147768264168674,0.2,0,0,0.00131493268515749,41,1,1.2,independent_test,scale_large,diagnostic_r002,originalset_split_evidence_n20,402671102,32ccdbbd7834dc6906cf747a042cccb7d5b41e6f463cf2cc13c2e679b7cacb40,1d74c5e8bed74229f46a87758271c20a7f25144c2d4c8e2138924f9de5797c0b,57c18a23f50fddf7105ba9e37b2888edd4014a8bc249971413c53a3e2625de2b
G004,"M=20,20,20,20,|T=0,0,0,0,|B=2,15,1,50;",1,0.0604752162167045,0.8,1,1,0.932819936567197,32,1,1.1,independent_test,scale_large,diagnostic_r002,originalset_split_evidence_n20,402671102,32ccdbbd7834dc6906cf747a042cccb7d5b41e6f463cf2cc13c2e679b7cacb40,1d74c5e8bed74229f46a87758271c20a7f25144c2d4c8e2138924f9de5797c0b,57c18a23f50fddf7105ba9e37b2888edd4014a8bc249971413c53a3e2625de2b
G005,"M=20,20,20,20,|T=0,0,0,0,|B=2,15,1,50;3,15,1,50;",5,0.139178559362136,0.2,0,0,0.00250861358344103,41,1,1.2,independent_test,scale_large,diagnostic_r002,originalset_split_evidence_n20,402671102,32ccdbbd7834dc6906cf747a042cccb7d5b41e6f463cf2cc13c2e679b7cacb40,1d74c5e8bed74229f46a87758271c20a7f25144c2d4c8e2138924f9de5797c0b,57c18a23f50fddf7105ba9e37b2888edd4014a8bc249971413c53a3e2625de2b
G006,"M=20,20,20,20,|T=0,0,0,0,|B=2,15,1,50;3,15,1,50;3,15,1,50;",12,0.175731785878684,0.2,0,0,0.000160563143359116,41,1,1.2,independent_test,scale_large,diagnostic_r002,originalset_split_evidence_n20,402671102,32ccdbbd7834dc6906cf747a042cccb7d5b41e6f463cf2cc13c2e679b7cacb40,1d74c5e8bed74229f46a87758271c20a7f25144c2d4c8e2138924f9de5797c0b,57c18a23f50fddf7105ba9e37b2888edd4014a8bc249971413c53a3e2625de2b
G007,"M=20,20,20,20,|T=0,0,0,0,|B=2,15,1,50;2,15,1,50;",2,0.0999757067553426,0.4,1,0,0.0478360743041606,41,1,1.2,independent_test,scale_large,diagnostic_r002,originalset_split_evidence_n20,402671102,32ccdbbd7834dc6906cf747a042cccb7d5b41e6f463cf2cc13c2e679b7cacb40,1d74c5e8bed74229f46a87758271c20a7f25144c2d4c8e2138924f9de5797c0b,57c18a23f50fddf7105ba9e37b2888edd4014a8bc249971413c53a3e2625de2b
G008,"M=20,20,20,20,|T=0,0,0,0,|B=2,15,1,50;2,15,1,50;3,15,1,50;",10,0.17130014387964,0.2,0,0,0.000224067249423821,41,1,1.2,independent_test,scale_large,diagnostic_r002,originalset_split_evidence_n20,402671102,32ccdbbd7834dc6906cf747a042cccb7d5b41e6f463cf2cc13c2e679b7cacb40,1d74c5e8bed74229f46a87758271c20a7f25144c2d4c8e2138924f9de5797c0b,57c18a23f50fddf7105ba9e37b2888edd4014a8bc249971413c53a3e2625de2b
G009,"M=20,20,20,20,|T=0,0,0,0,|B=2,15,1,50;2,15,1,50;3,15,1,50;3,15,1,50;",18,0.201679343761949,0.2,0,0,2.28153612399823e-05,41,1,1.2,independent_test,scale_large,diagnostic_r002,originalset_split_evidence_n20,402671102,32ccdbbd7834dc6906cf747a042cccb7d5b41e6f463cf2cc13c2e679b7cacb40,1d74c5e8bed74229f46a87758271c20a7f25144c2d4c8e2138924f9de5797c0b,57c18a23f50fddf7105ba9e37b2888edd4014a8bc249971413c53a3e2625de2b
G010,"M=20,20,20,20,|T=0,0,0,0,|B=1,15,1,50;",3,0.130739907372286,0.2,0,0,0.00473184816479473,41,1,1.2,independent_test,scale_large,diagnostic_r002,originalset_split_evidence_n20,402671102,32ccdbbd7834dc6906cf747a042cccb7d5b41e6f463cf2cc13c2e679b7cacb40,1d74c5e8bed74229f46a87758271c20a7f25144c2d4c8e2138924f9de5797c0b,57c18a23f50fddf7105ba9e37b2888edd4014a8bc249971413c53a3e2625de2b
G011,"M=20,20,20,20,|T=0,0,0,0,|B=1,15,1,50;3,15,1,50;",9,0.150789313292956,0.2,0,0,0.00104770592781446,41,1,1.2,independent_test,scale_large,diagnostic_r002,originalset_split_evidence_n20,402671102,32ccdbbd7834dc6906cf747a042cccb7d5b41e6f463cf2cc13c2e679b7cacb40,1d74c5e8bed74229f46a87758271c20a7f25144c2d4c8e2138924f9de5797c0b,57c18a23f50fddf7105ba9e37b2888edd4014a8bc249971413c53a3e2625de2b
G012,"M=20,20,20,20,|T=0,0,0,0,|B=1,15,1,50;3,15,1,50;3,15,1,50;",14,0.178998396135645,0.2,0,0,0.000125592003182016,41,1,1.2,independent_test,scale_large,diagnostic_r002,originalset_split_evidence_n20,402671102,32ccdbbd7834dc6906cf747a042cccb7d5b41e6f463cf2cc13c2e679b7cacb40,1d74c5e8bed74229f46a87758271c20a7f25144c2d4c8e2138924f9de5797c0b,57c18a23f50fddf7105ba9e37b2888edd4014a8bc249971413c53a3e2625de2b
G013,"M=20,20,20,20,|T=0,0,0,0,|B=1,15,1,50;2,15,1,50;",6,0.139178559362136,0.2,0,0,0.00250861358344103,41,1,1.2,independent_test,scale_large,diagnostic_r002,originalset_split_evidence_n20,402671102,32ccdbbd7834dc6906cf747a042cccb7d5b41e6f463cf2cc13c2e679b7cacb40,1d74c5e8bed74229f46a87758271c20a7f25144c2d4c8e2138924f9de5797c0b,57c18a23f50fddf7105ba9e37b2888edd4014a8bc249971413c53a3e2625de2b
G014,"M=20,20,20,20,|T=0,0,0,0,|B=1,15,1,50;2,15,1,50;3,15,1,50;",16,0.192888787442838,0.2,0,0,4.41893065395518e-05,41,1,1.2,independent_test,scale_large,diagnostic_r002,originalset_split_evidence_n20,402671102,32ccdbbd7834dc6906cf747a042cccb7d5b41e6f463cf2cc13c2e679b7cacb40,1d74c5e8bed74229f46a87758271c20a7f25144c2d4c8e2138924f9de5797c0b,57c18a23f50fddf7105ba9e37b2888edd4014a8bc249971413c53a3e2625de2b
G015,"M=20,20,20,20,|T=0,0,0,0,|B=1,15,1,50;2,15,1,50;3,15,1,50;3,15,1,50;",23,0.216117698284291,0.2,0,0,7.70347497894888e-06,41,1,1.2,independent_test,scale_large,diagnostic_r002,originalset_split_evidence_n20,402671102,32ccdbbd7834dc6906cf747a042cccb7d5b41e6f463cf2cc13c2e679b7cacb40,1d74c5e8bed74229f46a87758271c20a7f25144c2d4c8e2138924f9de5797c0b,57c18a23f50fddf7105ba9e37b2888edd4014a8bc249971413c53a3e2625de2b
G016,"M=20,20,20,20,|T=0,0,0,0,|B=1,15,1,50;2,15,1,50;2,15,1,50;",11,0.17130014387964,0.2,0,0,0.00022406724942382,41,1,1.2,independent_test,scale_large,diagnostic_r002,originalset_split_evidence_n20,402671102,32ccdbbd7834dc6906cf747a042cccb7d5b41e6f463cf2cc13c2e679b7cacb40,1d74c5e8bed74229f46a87758271c20a7f25144c2d4c8e2138924f9de5797c0b,57c18a23f50fddf7105ba9e37b2888edd4014a8bc249971413c53a3e2625de2b
G017,"M=20,20,20,20,|T=0,0,0,0,|B=1,15,1,50;2,15,1,50;2,15,1,50;3,15,1,50;",21,0.215525933980069,0.2,0,0,8.05402629752221e-06,41,1,1.2,independent_test,scale_large,diagnostic_r002,originalset_split_evidence_n20,402671102,32ccdbbd7834dc6906cf747a042cccb7d5b41e6f463cf2cc13c2e679b7cacb40,1d74c5e8bed74229f46a87758271c20a7f25144c2d4c8e2138924f9de5797c0b,57c18a23f50fddf7105ba9e37b2888edd4014a8bc249971413c53a3e2625de2b
G018,"M=20,20,20,20,|T=0,0,0,0,|B=1,15,1,50;1,15,1,50;",8,0.147768264168674,0.2,0,0,0.00131493268515749,41,1,1.2,independent_test,scale_large,diagnostic_r002,originalset_split_evidence_n20,402671102,32ccdbbd7834dc6906cf747a042cccb7d5b41e6f463cf2cc13c2e679b7cacb40,1d74c5e8bed74229f46a87758271c20a7f25144c2d4c8e2138924f9de5797c0b,57c18a23f50fddf7105ba9e37b2888edd4014a8bc249971413c53a3e2625de2b
G019,"M=20,20,20,20,|T=0,0,0,0,|B=1,15,1,50;1,15,1,50;3,15,1,50;",15,0.178998396135645,0.2,0,0,0.000125592003182016,41,1,1.2,independent_test,scale_large,diagnostic_r002,originalset_split_evidence_n20,402671102,32ccdbbd7834dc6906cf747a042cccb7d5b41e6f463cf2cc13c2e679b7cacb40,1d74c5e8bed74229f46a87758271c20a7f25144c2d4c8e2138924f9de5797c0b,57c18a23f50fddf7105ba9e37b2888edd4014a8bc249971413c53a3e2625de2b
G020,"M=20,20,20,20,|T=0,0,0,0,|B=1,15,1,50;1,15,1,50;3,15,1,50;3,15,1,50;",20,0.203999271102126,0.2,0,0,1.91628937236468e-05,41,1,1.2,independent_test,scale_large,diagnostic_r002,originalset_split_evidence_n20,402671102,32ccdbbd7834dc6906cf747a042cccb7d5b41e6f463cf2cc13c2e679b7cacb40,1d74c5e8bed74229f46a87758271c20a7f25144c2d4c8e2138924f9de5797c0b,57c18a23f50fddf7105ba9e37b2888edd4014a8bc249971413c53a3e2625de2b
G021,"M=20,20,20,20,|T=0,0,0,0,|B=1,15,1,50;1,15,1,50;2,15,1,50;",13,0.175731785878684,0.2,0,0,0.000160563143359116,41,1,1.2,independent_test,scale_large,diagnostic_r002,originalset_split_evidence_n20,402671102,32ccdbbd7834dc6906cf747a042cccb7d5b41e6f463cf2cc13c2e679b7cacb40,1d74c5e8bed74229f46a87758271c20a7f25144c2d4c8e2138924f9de5797c0b,57c18a23f50fddf7105ba9e37b2888edd4014a8bc249971413c53a3e2625de2b
G022,"M=20,20,20,20,|T=0,0,0,0,|B=1,15,1,50;1,15,1,50;2,15,1,50;3,15,1,50;",22,0.216117698284291,0.2,0,0,7.7034749789489e-06,41,1,1.2,independent_test,scale_large,diagnostic_r002,originalset_split_evidence_n20,402671102,32ccdbbd7834dc6906cf747a042cccb7d5b41e6f463cf2cc13c2e679b7cacb40,1d74c5e8bed74229f46a87758271c20a7f25144c2d4c8e2138924f9de5797c0b,57c18a23f50fddf7105ba9e37b2888edd4014a8bc249971413c53a3e2625de2b
G023,"M=20,20,20,20,|T=0,0,0,0,|B=1,15,1,50;1,15,1,50;2,15,1,50;2,15,1,50;",19,0.201679343761949,0.2,0,0,2.28153612399823e-05,41,1,1.2,independent_test,scale_large,diagnostic_r002,originalset_split_evidence_n20,402671102,32ccdbbd7834dc6906cf747a042cccb7d5b41e6f463cf2cc13c2e679b7cacb40,1d74c5e8bed74229f46a87758271c20a7f25144c2d4c8e2138924f9de5797c0b,57c18a23f50fddf7105ba9e37b2888edd4014a8bc249971413c53a3e2625de2b
