sample_id,noise_snr_db,truth_equivalence_set,truth_equivalence_size,accepted_set,set_size,contains_any,contains_complete,false_unique,parameter_vector_hash,noiseless_cfr_hash,observation_hash,calibration_hash,stage,mode,git_head_at_run,git_branch_at_run,git_dirty_at_run,source_tree_hash,configuration_hash,matlab_version,platform,computer_arch,use_parallel,worker_count,run_command,start_time_utc,runtime_environment_hash,experiment_hash,end_time_utc,runtime_s,selected_method,domain_calibration_hash,frozen_topology_experiment_hash,frozen_topology_calibration_hash
r73_non_Inf_01,Inf,"T3,T5",2,"T3,T5",2,1,1,0,5c3d7b24e1abe0470ece9a1b436d8d3f7015eb6abaf6ce7ec565eaadf9f1bbf7,ee467b3aef0ca5557021fa33c858fa26c60c3bc84d21832bf5c02ddbc4e436ce,ee467b3aef0ca5557021fa33c858fa26c60c3bc84d21832bf5c02ddbc4e436ce,b4a33f3be72f0351e918202afcb738dbb39b2be6b266655b01ebe1aa49cb1230,Stage 4A Freeze-R.1,formal,0a3f215400ce715684eb98cdce75ccbda7301b84,main,1,1d2a5ade681a6f79e6045da6f1441fc08d1b37261a7decfaf510b6b764a97576,5b3c9a914e70cd1472a611ad784ca51d2af269f307ec4c3c53cc40c7f4d2931b,24.1.0.2537033 (R2024a),GLNXA64,glnxa64,0,1,"run_stage4_freeze_r1(pwd,'formal')",2026-09-09T12:56:33.685Z,8313f3a14914316354fa22dbe4ec3d546eb572e0092c5305b62000dfdd90c16f,c35f63e2bd2189bf1b30eb0943414e5cd037c2886918c7f413299bca79c67e5c,2026-09-09T13:02:43.716Z,370.16586,profile_relative_distance,0829042b4eaa7f045282fbc9fe08c209fd5c7d2b1197539791792966f906954c,36ab4a9a2ffceeeb1e7241d89cf281540d0e78acce35f27e068187e3fe0832c8,1535f33c75884c347c812f61aa056635072181ac37a47ce44ebfb1afc16ea87b
r73_non_Inf_02,Inf,"T3,T5",2,"T3,T5",2,1,1,0,9362c789cc3eb1d5d137342ce9dc942091d5bd952f1d4bb6c158dfa2c88bad4c,828a79af408b3cfdcc32d3bb1cb66a0ed99e1edd368d96b6a931333fa011bcea,828a79af408b3cfdcc32d3bb1cb66a0ed99e1edd368d96b6a931333fa011bcea,b4a33f3be72f0351e918202afcb738dbb39b2be6b266655b01ebe1aa49cb1230,Stage 4A Freeze-R.1,formal,0a3f215400ce715684eb98cdce75ccbda7301b84,main,1,1d2a5ade681a6f79e6045da6f1441fc08d1b37261a7decfaf510b6b764a97576,5b3c9a914e70cd1472a611ad784ca51d2af269f307ec4c3c53cc40c7f4d2931b,24.1.0.2537033 (R2024a),GLNXA64,glnxa64,0,1,"run_stage4_freeze_r1(pwd,'formal')",2026-09-09T12:56:33.685Z,8313f3a14914316354fa22dbe4ec3d546eb572e0092c5305b62000dfdd90c16f,c35f63e2bd2189bf1b30eb0943414e5cd037c2886918c7f413299bca79c67e5c,2026-09-09T13:02:43.716Z,370.16586,profile_relative_distance,0829042b4eaa7f045282fbc9fe08c209fd5c7d2b1197539791792966f906954c,36ab4a9a2ffceeeb1e7241d89cf281540d0e78acce35f27e068187e3fe0832c8,1535f33c75884c347c812f61aa056635072181ac37a47ce44ebfb1afc16ea87b
r73_non_Inf_03,Inf,"T3,T5",2,"T3,T5",2,1,1,0,49b12b5041a30a84f71b7094b8c3494fdd37106a8f3b9ec9fbcba23b56af3e5d,11f6a1a3f3ee47054f6eb206536f0613e38ff5bead778e7f20b8c601a365fabb,11f6a1a3f3ee47054f6eb206536f0613e38ff5bead778e7f20b8c601a365fabb,b4a33f3be72f0351e918202afcb738dbb39b2be6b266655b01ebe1aa49cb1230,Stage 4A Freeze-R.1,formal,0a3f215400ce715684eb98cdce75ccbda7301b84,main,1,1d2a5ade681a6f79e6045da6f1441fc08d1b37261a7decfaf510b6b764a97576,5b3c9a914e70cd1472a611ad784ca51d2af269f307ec4c3c53cc40c7f4d2931b,24.1.0.2537033 (R2024a),GLNXA64,glnxa64,0,1,"run_stage4_freeze_r1(pwd,'formal')",2026-09-09T12:56:33.685Z,8313f3a14914316354fa22dbe4ec3d546eb572e0092c5305b62000dfdd90c16f,c35f63e2bd2189bf1b30eb0943414e5cd037c2886918c7f413299bca79c67e5c,2026-09-09T13:02:43.716Z,370.16586,profile_relative_distance,0829042b4eaa7f045282fbc9fe08c209fd5c7d2b1197539791792966f906954c,36ab4a9a2ffceeeb1e7241d89cf281540d0e78acce35f27e068187e3fe0832c8,1535f33c75884c347c812f61aa056635072181ac37a47ce44ebfb1afc16ea87b
r73_non_Inf_04,Inf,"T3,T5",2,"T3,T5",2,1,1,0,6c9a09f8dc411558ee5ab6ebd582a1166be79f9face0d8dae2bf08695b70cef9,a87f3667b4a3dbdb9aea5c76932bddb5cdbb105f115dc46028c3ac367731ce02,a87f3667b4a3dbdb9aea5c76932bddb5cdbb105f115dc46028c3ac367731ce02,b4a33f3be72f0351e918202afcb738dbb39b2be6b266655b01ebe1aa49cb1230,Stage 4A Freeze-R.1,formal,0a3f215400ce715684eb98cdce75ccbda7301b84,main,1,1d2a5ade681a6f79e6045da6f1441fc08d1b37261a7decfaf510b6b764a97576,5b3c9a914e70cd1472a611ad784ca51d2af269f307ec4c3c53cc40c7f4d2931b,24.1.0.2537033 (R2024a),GLNXA64,glnxa64,0,1,"run_stage4_freeze_r1(pwd,'formal')",2026-09-09T12:56:33.685Z,8313f3a14914316354fa22dbe4ec3d546eb572e0092c5305b62000dfdd90c16f,c35f63e2bd2189bf1b30eb0943414e5cd037c2886918c7f413299bca79c67e5c,2026-09-09T13:02:43.716Z,370.16586,profile_relative_distance,0829042b4eaa7f045282fbc9fe08c209fd5c7d2b1197539791792966f906954c,36ab4a9a2ffceeeb1e7241d89cf281540d0e78acce35f27e068187e3fe0832c8,1535f33c75884c347c812f61aa056635072181ac37a47ce44ebfb1afc16ea87b
r73_non_Inf_05,Inf,"T3,T5",2,"T3,T5",2,1,1,0,304c86cad5dcbd0ac15c5b9fcd3ed67e6230c461499db00efd1b516a559dd93d,15dca5c9a45d62716ded88eb091cb9a7e0b5b23a208de8896d561eb18abfccda,15dca5c9a45d62716ded88eb091cb9a7e0b5b23a208de8896d561eb18abfccda,b4a33f3be72f0351e918202afcb738dbb39b2be6b266655b01ebe1aa49cb1230,Stage 4A Freeze-R.1,formal,0a3f215400ce715684eb98cdce75ccbda7301b84,main,1,1d2a5ade681a6f79e6045da6f1441fc08d1b37261a7decfaf510b6b764a97576,5b3c9a914e70cd1472a611ad784ca51d2af269f307ec4c3c53cc40c7f4d2931b,24.1.0.2537033 (R2024a),GLNXA64,glnxa64,0,1,"run_stage4_freeze_r1(pwd,'formal')",2026-09-09T12:56:33.685Z,8313f3a14914316354fa22dbe4ec3d546eb572e0092c5305b62000dfdd90c16f,c35f63e2bd2189bf1b30eb0943414e5cd037c2886918c7f413299bca79c67e5c,2026-09-09T13:02:43.716Z,370.16586,profile_relative_distance,0829042b4eaa7f045282fbc9fe08c209fd5c7d2b1197539791792966f906954c,36ab4a9a2ffceeeb1e7241d89cf281540d0e78acce35f27e068187e3fe0832c8,1535f33c75884c347c812f61aa056635072181ac37a47ce44ebfb1afc16ea87b
r73_non_Inf_06,Inf,"T3,T5",2,"T3,T5",2,1,1,0,4568e52301c98b67497053c6293673e7c14edfba03b7cd9d11e1e3ef0365c672,9436eb873f2c09c54b19d7ac77d37c7f527c791c8554bcc552872efad696dd25,9436eb873f2c09c54b19d7ac77d37c7f527c791c8554bcc552872efad696dd25,b4a33f3be72f0351e918202afcb738dbb39b2be6b266655b01ebe1aa49cb1230,Stage 4A Freeze-R.1,formal,0a3f215400ce715684eb98cdce75ccbda7301b84,main,1,1d2a5ade681a6f79e6045da6f1441fc08d1b37261a7decfaf510b6b764a97576,5b3c9a914e70cd1472a611ad784ca51d2af269f307ec4c3c53cc40c7f4d2931b,24.1.0.2537033 (R2024a),GLNXA64,glnxa64,0,1,"run_stage4_freeze_r1(pwd,'formal')",2026-09-09T12:56:33.685Z,8313f3a14914316354fa22dbe4ec3d546eb572e0092c5305b62000dfdd90c16f,c35f63e2bd2189bf1b30eb0943414e5cd037c2886918c7f413299bca79c67e5c,2026-09-09T13:02:43.716Z,370.16586,profile_relative_distance,0829042b4eaa7f045282fbc9fe08c209fd5c7d2b1197539791792966f906954c,36ab4a9a2ffceeeb1e7241d89cf281540d0e78acce35f27e068187e3fe0832c8,1535f33c75884c347c812f61aa056635072181ac37a47ce44ebfb1afc16ea87b
r73_non_Inf_07,Inf,"T3,T5",2,"T3,T5",2,1,1,0,83330acb87d3309042b07d3a15d3e2f4c3d31dc5f4583baecb891cd81a405bbc,58a84e3a0230f3ef51e1275581e80773a93cebbb4094c8eb94d496b3488aba2a,58a84e3a0230f3ef51e1275581e80773a93cebbb4094c8eb94d496b3488aba2a,b4a33f3be72f0351e918202afcb738dbb39b2be6b266655b01ebe1aa49cb1230,Stage 4A Freeze-R.1,formal,0a3f215400ce715684eb98cdce75ccbda7301b84,main,1,1d2a5ade681a6f79e6045da6f1441fc08d1b37261a7decfaf510b6b764a97576,5b3c9a914e70cd1472a611ad784ca51d2af269f307ec4c3c53cc40c7f4d2931b,24.1.0.2537033 (R2024a),GLNXA64,glnxa64,0,1,"run_stage4_freeze_r1(pwd,'formal')",2026-09-09T12:56:33.685Z,8313f3a14914316354fa22dbe4ec3d546eb572e0092c5305b62000dfdd90c16f,c35f63e2bd2189bf1b30eb0943414e5cd037c2886918c7f413299bca79c67e5c,2026-09-09T13:02:43.716Z,370.16586,profile_relative_distance,0829042b4eaa7f045282fbc9fe08c209fd5c7d2b1197539791792966f906954c,36ab4a9a2ffceeeb1e7241d89cf281540d0e78acce35f27e068187e3fe0832c8,1535f33c75884c347c812f61aa056635072181ac37a47ce44ebfb1afc16ea87b
r73_non_Inf_08,Inf,"T3,T5",2,"T3,T5",2,1,1,0,2f10c26ad098694e992f410470c6ecdfea46c93751bf41048c70d36d266fac56,29006e5444a05a6d4ae80cb83cd8713b36d43212a8d795b47988b4eee0df0ce2,29006e5444a05a6d4ae80cb83cd8713b36d43212a8d795b47988b4eee0df0ce2,b4a33f3be72f0351e918202afcb738dbb39b2be6b266655b01ebe1aa49cb1230,Stage 4A Freeze-R.1,formal,0a3f215400ce715684eb98cdce75ccbda7301b84,main,1,1d2a5ade681a6f79e6045da6f1441fc08d1b37261a7decfaf510b6b764a97576,5b3c9a914e70cd1472a611ad784ca51d2af269f307ec4c3c53cc40c7f4d2931b,24.1.0.2537033 (R2024a),GLNXA64,glnxa64,0,1,"run_stage4_freeze_r1(pwd,'formal')",2026-09-09T12:56:33.685Z,8313f3a14914316354fa22dbe4ec3d546eb572e0092c5305b62000dfdd90c16f,c35f63e2bd2189bf1b30eb0943414e5cd037c2886918c7f413299bca79c67e5c,2026-09-09T13:02:43.716Z,370.16586,profile_relative_distance,0829042b4eaa7f045282fbc9fe08c209fd5c7d2b1197539791792966f906954c,36ab4a9a2ffceeeb1e7241d89cf281540d0e78acce35f27e068187e3fe0832c8,1535f33c75884c347c812f61aa056635072181ac37a47ce44ebfb1afc16ea87b
r73_non_Inf_09,Inf,"T3,T5",2,"T3,T5",2,1,1,0,dca57527a0f4c1912402e83f608ccba76a819cad46bebec48d9536f20df50310,a47dbbe4860b803abf440a1e96e342b73335dd09d2357777e1e6c37b67be7f19,a47dbbe4860b803abf440a1e96e342b73335dd09d2357777e1e6c37b67be7f19,b4a33f3be72f0351e918202afcb738dbb39b2be6b266655b01ebe1aa49cb1230,Stage 4A Freeze-R.1,formal,0a3f215400ce715684eb98cdce75ccbda7301b84,main,1,1d2a5ade681a6f79e6045da6f1441fc08d1b37261a7decfaf510b6b764a97576,5b3c9a914e70cd1472a611ad784ca51d2af269f307ec4c3c53cc40c7f4d2931b,24.1.0.2537033 (R2024a),GLNXA64,glnxa64,0,1,"run_stage4_freeze_r1(pwd,'formal')",2026-09-09T12:56:33.685Z,8313f3a14914316354fa22dbe4ec3d546eb572e0092c5305b62000dfdd90c16f,c35f63e2bd2189bf1b30eb0943414e5cd037c2886918c7f413299bca79c67e5c,2026-09-09T13:02:43.716Z,370.16586,profile_relative_distance,0829042b4eaa7f045282fbc9fe08c209fd5c7d2b1197539791792966f906954c,36ab4a9a2ffceeeb1e7241d89cf281540d0e78acce35f27e068187e3fe0832c8,1535f33c75884c347c812f61aa056635072181ac37a47ce44ebfb1afc16ea87b
r73_non_Inf_10,Inf,"T3,T5",2,"T3,T5",2,1,1,0,340327d8bb10dc3935bee7e4b62071fc944e72c32333550220bcfc8d7242c8a6,72098c092148c442fd13b5446593ae2eafe25c99704b56337eba6f02a87acb26,72098c092148c442fd13b5446593ae2eafe25c99704b56337eba6f02a87acb26,b4a33f3be72f0351e918202afcb738dbb39b2be6b266655b01ebe1aa49cb1230,Stage 4A Freeze-R.1,formal,0a3f215400ce715684eb98cdce75ccbda7301b84,main,1,1d2a5ade681a6f79e6045da6f1441fc08d1b37261a7decfaf510b6b764a97576,5b3c9a914e70cd1472a611ad784ca51d2af269f307ec4c3c53cc40c7f4d2931b,24.1.0.2537033 (R2024a),GLNXA64,glnxa64,0,1,"run_stage4_freeze_r1(pwd,'formal')",2026-09-09T12:56:33.685Z,8313f3a14914316354fa22dbe4ec3d546eb572e0092c5305b62000dfdd90c16f,c35f63e2bd2189bf1b30eb0943414e5cd037c2886918c7f413299bca79c67e5c,2026-09-09T13:02:43.716Z,370.16586,profile_relative_distance,0829042b4eaa7f045282fbc9fe08c209fd5c7d2b1197539791792966f906954c,36ab4a9a2ffceeeb1e7241d89cf281540d0e78acce35f27e068187e3fe0832c8,1535f33c75884c347c812f61aa056635072181ac37a47ce44ebfb1afc16ea87b
r73_non_Inf_11,Inf,"T3,T5",2,"T3,T5",2,1,1,0,69842e19ff032a6d594dc53f70f5190b8f54136f7caa6c95a35dcd4e63695509,343acc3d7ef0d2e091d78ae4fc9574cc4e1de1ebc7544ae8dc9084a817189185,343acc3d7ef0d2e091d78ae4fc9574cc4e1de1ebc7544ae8dc9084a817189185,b4a33f3be72f0351e918202afcb738dbb39b2be6b266655b01ebe1aa49cb1230,Stage 4A Freeze-R.1,formal,0a3f215400ce715684eb98cdce75ccbda7301b84,main,1,1d2a5ade681a6f79e6045da6f1441fc08d1b37261a7decfaf510b6b764a97576,5b3c9a914e70cd1472a611ad784ca51d2af269f307ec4c3c53cc40c7f4d2931b,24.1.0.2537033 (R2024a),GLNXA64,glnxa64,0,1,"run_stage4_freeze_r1(pwd,'formal')",2026-09-09T12:56:33.685Z,8313f3a14914316354fa22dbe4ec3d546eb572e0092c5305b62000dfdd90c16f,c35f63e2bd2189bf1b30eb0943414e5cd037c2886918c7f413299bca79c67e5c,2026-09-09T13:02:43.716Z,370.16586,profile_relative_distance,0829042b4eaa7f045282fbc9fe08c209fd5c7d2b1197539791792966f906954c,36ab4a9a2ffceeeb1e7241d89cf281540d0e78acce35f27e068187e3fe0832c8,1535f33c75884c347c812f61aa056635072181ac37a47ce44ebfb1afc16ea87b
r73_non_Inf_12,Inf,"T3,T5",2,"T3,T5",2,1,1,0,42d4ec5c8d4fab645c1bb6d60921786c38dafc83f6906f7015eaf11bc83d67e6,224efcc7e99db84e0dba144c02edf36986c8b697976f5c746625396b4ca10f47,224efcc7e99db84e0dba144c02edf36986c8b697976f5c746625396b4ca10f47,b4a33f3be72f0351e918202afcb738dbb39b2be6b266655b01ebe1aa49cb1230,Stage 4A Freeze-R.1,formal,0a3f215400ce715684eb98cdce75ccbda7301b84,main,1,1d2a5ade681a6f79e6045da6f1441fc08d1b37261a7decfaf510b6b764a97576,5b3c9a914e70cd1472a611ad784ca51d2af269f307ec4c3c53cc40c7f4d2931b,24.1.0.2537033 (R2024a),GLNXA64,glnxa64,0,1,"run_stage4_freeze_r1(pwd,'formal')",2026-09-09T12:56:33.685Z,8313f3a14914316354fa22dbe4ec3d546eb572e0092c5305b62000dfdd90c16f,c35f63e2bd2189bf1b30eb0943414e5cd037c2886918c7f413299bca79c67e5c,2026-09-09T13:02:43.716Z,370.16586,profile_relative_distance,0829042b4eaa7f045282fbc9fe08c209fd5c7d2b1197539791792966f906954c,36ab4a9a2ffceeeb1e7241d89cf281540d0e78acce35f27e068187e3fe0832c8,1535f33c75884c347c812f61aa056635072181ac37a47ce44ebfb1afc16ea87b
r73_non_Inf_13,Inf,"T3,T5",2,"T3,T5",2,1,1,0,36e32f1c8fb92b284ed8af019942ac16f50fe948c6c75a4e1f73fd2e341733b8,f00a488454975bea7724a5f5729a4b7d6a1b6252b78b522c6d92f8683fd87a2f,f00a488454975bea7724a5f5729a4b7d6a1b6252b78b522c6d92f8683fd87a2f,b4a33f3be72f0351e918202afcb738dbb39b2be6b266655b01ebe1aa49cb1230,Stage 4A Freeze-R.1,formal,0a3f215400ce715684eb98cdce75ccbda7301b84,main,1,1d2a5ade681a6f79e6045da6f1441fc08d1b37261a7decfaf510b6b764a97576,5b3c9a914e70cd1472a611ad784ca51d2af269f307ec4c3c53cc40c7f4d2931b,24.1.0.2537033 (R2024a),GLNXA64,glnxa64,0,1,"run_stage4_freeze_r1(pwd,'formal')",2026-09-09T12:56:33.685Z,8313f3a14914316354fa22dbe4ec3d546eb572e0092c5305b62000dfdd90c16f,c35f63e2bd2189bf1b30eb0943414e5cd037c2886918c7f413299bca79c67e5c,2026-09-09T13:02:43.716Z,370.16586,profile_relative_distance,0829042b4eaa7f045282fbc9fe08c209fd5c7d2b1197539791792966f906954c,36ab4a9a2ffceeeb1e7241d89cf281540d0e78acce35f27e068187e3fe0832c8,1535f33c75884c347c812f61aa056635072181ac37a47ce44ebfb1afc16ea87b
r73_non_Inf_14,Inf,"T3,T5",2,"T3,T5",2,1,1,0,f78bfab63a60da4908749b4fa5120b7999883c1cb4b3d8fe37a12c5feefbf91e,b9eea23b7942b8ae9ab8c9b66e9f11d988dca39aff2715c05617947a53ab1169,b9eea23b7942b8ae9ab8c9b66e9f11d988dca39aff2715c05617947a53ab1169,b4a33f3be72f0351e918202afcb738dbb39b2be6b266655b01ebe1aa49cb1230,Stage 4A Freeze-R.1,formal,0a3f215400ce715684eb98cdce75ccbda7301b84,main,1,1d2a5ade681a6f79e6045da6f1441fc08d1b37261a7decfaf510b6b764a97576,5b3c9a914e70cd1472a611ad784ca51d2af269f307ec4c3c53cc40c7f4d2931b,24.1.0.2537033 (R2024a),GLNXA64,glnxa64,0,1,"run_stage4_freeze_r1(pwd,'formal')",2026-09-09T12:56:33.685Z,8313f3a14914316354fa22dbe4ec3d546eb572e0092c5305b62000dfdd90c16f,c35f63e2bd2189bf1b30eb0943414e5cd037c2886918c7f413299bca79c67e5c,2026-09-09T13:02:43.716Z,370.16586,profile_relative_distance,0829042b4eaa7f045282fbc9fe08c209fd5c7d2b1197539791792966f906954c,36ab4a9a2ffceeeb1e7241d89cf281540d0e78acce35f27e068187e3fe0832c8,1535f33c75884c347c812f61aa056635072181ac37a47ce44ebfb1afc16ea87b
r73_non_Inf_15,Inf,"T3,T5",2,"T3,T5",2,1,1,0,2e002c31ed0c2c0a48927ff4a58bb5630866b06e2bea71d81a5e1c8121b09f2c,941bc843953b74b3f6e48dfebbbdd3fa18776799c0451bf4982f9ec88e71482e,941bc843953b74b3f6e48dfebbbdd3fa18776799c0451bf4982f9ec88e71482e,b4a33f3be72f0351e918202afcb738dbb39b2be6b266655b01ebe1aa49cb1230,Stage 4A Freeze-R.1,formal,0a3f215400ce715684eb98cdce75ccbda7301b84,main,1,1d2a5ade681a6f79e6045da6f1441fc08d1b37261a7decfaf510b6b764a97576,5b3c9a914e70cd1472a611ad784ca51d2af269f307ec4c3c53cc40c7f4d2931b,24.1.0.2537033 (R2024a),GLNXA64,glnxa64,0,1,"run_stage4_freeze_r1(pwd,'formal')",2026-09-09T12:56:33.685Z,8313f3a14914316354fa22dbe4ec3d546eb572e0092c5305b62000dfdd90c16f,c35f63e2bd2189bf1b30eb0943414e5cd037c2886918c7f413299bca79c67e5c,2026-09-09T13:02:43.716Z,370.16586,profile_relative_distance,0829042b4eaa7f045282fbc9fe08c209fd5c7d2b1197539791792966f906954c,36ab4a9a2ffceeeb1e7241d89cf281540d0e78acce35f27e068187e3fe0832c8,1535f33c75884c347c812f61aa056635072181ac37a47ce44ebfb1afc16ea87b
r73_non_Inf_16,Inf,"T3,T5",2,"T3,T5",2,1,1,0,74cb3692b8ad09b67f1e8d5527f65cc54dc32e49d562d3a1d1185da976158fbb,a52ac312dad4023a9ef85ad16ea731ec72de73d77ae5173d153ffd3311ea3c82,a52ac312dad4023a9ef85ad16ea731ec72de73d77ae5173d153ffd3311ea3c82,b4a33f3be72f0351e918202afcb738dbb39b2be6b266655b01ebe1aa49cb1230,Stage 4A Freeze-R.1,formal,0a3f215400ce715684eb98cdce75ccbda7301b84,main,1,1d2a5ade681a6f79e6045da6f1441fc08d1b37261a7decfaf510b6b764a97576,5b3c9a914e70cd1472a611ad784ca51d2af269f307ec4c3c53cc40c7f4d2931b,24.1.0.2537033 (R2024a),GLNXA64,glnxa64,0,1,"run_stage4_freeze_r1(pwd,'formal')",2026-09-09T12:56:33.685Z,8313f3a14914316354fa22dbe4ec3d546eb572e0092c5305b62000dfdd90c16f,c35f63e2bd2189bf1b30eb0943414e5cd037c2886918c7f413299bca79c67e5c,2026-09-09T13:02:43.716Z,370.16586,profile_relative_distance,0829042b4eaa7f045282fbc9fe08c209fd5c7d2b1197539791792966f906954c,36ab4a9a2ffceeeb1e7241d89cf281540d0e78acce35f27e068187e3fe0832c8,1535f33c75884c347c812f61aa056635072181ac37a47ce44ebfb1afc16ea87b
r73_non_Inf_17,Inf,"T3,T5",2,"T3,T5",2,1,1,0,5ba73bab6205a84126708b800a31b37149224ba10135f074466fbb24376eb3c3,d5462b11beaa54552b21b7e43dfb3981c7e54726a592c78be1829afb4b33561f,d5462b11beaa54552b21b7e43dfb3981c7e54726a592c78be1829afb4b33561f,b4a33f3be72f0351e918202afcb738dbb39b2be6b266655b01ebe1aa49cb1230,Stage 4A Freeze-R.1,formal,0a3f215400ce715684eb98cdce75ccbda7301b84,main,1,1d2a5ade681a6f79e6045da6f1441fc08d1b37261a7decfaf510b6b764a97576,5b3c9a914e70cd1472a611ad784ca51d2af269f307ec4c3c53cc40c7f4d2931b,24.1.0.2537033 (R2024a),GLNXA64,glnxa64,0,1,"run_stage4_freeze_r1(pwd,'formal')",2026-09-09T12:56:33.685Z,8313f3a14914316354fa22dbe4ec3d546eb572e0092c5305b62000dfdd90c16f,c35f63e2bd2189bf1b30eb0943414e5cd037c2886918c7f413299bca79c67e5c,2026-09-09T13:02:43.716Z,370.16586,profile_relative_distance,0829042b4eaa7f045282fbc9fe08c209fd5c7d2b1197539791792966f906954c,36ab4a9a2ffceeeb1e7241d89cf281540d0e78acce35f27e068187e3fe0832c8,1535f33c75884c347c812f61aa056635072181ac37a47ce44ebfb1afc16ea87b
r73_non_Inf_18,Inf,"T3,T5",2,"T3,T5",2,1,1,0,fe31f362fbf5b9e3c45e6f84f3b5efec256982684304594e769901eabb5a77c9,9e2ec5acdb8c67f15f74aa6d53ebb9a96c7dac7e3f36760682238e71b13ff508,9e2ec5acdb8c67f15f74aa6d53ebb9a96c7dac7e3f36760682238e71b13ff508,b4a33f3be72f0351e918202afcb738dbb39b2be6b266655b01ebe1aa49cb1230,Stage 4A Freeze-R.1,formal,0a3f215400ce715684eb98cdce75ccbda7301b84,main,1,1d2a5ade681a6f79e6045da6f1441fc08d1b37261a7decfaf510b6b764a97576,5b3c9a914e70cd1472a611ad784ca51d2af269f307ec4c3c53cc40c7f4d2931b,24.1.0.2537033 (R2024a),GLNXA64,glnxa64,0,1,"run_stage4_freeze_r1(pwd,'formal')",2026-09-09T12:56:33.685Z,8313f3a14914316354fa22dbe4ec3d546eb572e0092c5305b62000dfdd90c16f,c35f63e2bd2189bf1b30eb0943414e5cd037c2886918c7f413299bca79c67e5c,2026-09-09T13:02:43.716Z,370.16586,profile_relative_distance,0829042b4eaa7f045282fbc9fe08c209fd5c7d2b1197539791792966f906954c,36ab4a9a2ffceeeb1e7241d89cf281540d0e78acce35f27e068187e3fe0832c8,1535f33c75884c347c812f61aa056635072181ac37a47ce44ebfb1afc16ea87b
r73_non_Inf_19,Inf,"T3,T5",2,"T3,T5",2,1,1,0,aee20585ac301a84bd6913b9c638927c14b3daa1627d98b7150580e5bd7bcbed,6df9ab2e025484abddbefcc30fc9dfdcb1693ee9e5ef575140ee0a0f2ca40128,6df9ab2e025484abddbefcc30fc9dfdcb1693ee9e5ef575140ee0a0f2ca40128,b4a33f3be72f0351e918202afcb738dbb39b2be6b266655b01ebe1aa49cb1230,Stage 4A Freeze-R.1,formal,0a3f215400ce715684eb98cdce75ccbda7301b84,main,1,1d2a5ade681a6f79e6045da6f1441fc08d1b37261a7decfaf510b6b764a97576,5b3c9a914e70cd1472a611ad784ca51d2af269f307ec4c3c53cc40c7f4d2931b,24.1.0.2537033 (R2024a),GLNXA64,glnxa64,0,1,"run_stage4_freeze_r1(pwd,'formal')",2026-09-09T12:56:33.685Z,8313f3a14914316354fa22dbe4ec3d546eb572e0092c5305b62000dfdd90c16f,c35f63e2bd2189bf1b30eb0943414e5cd037c2886918c7f413299bca79c67e5c,2026-09-09T13:02:43.716Z,370.16586,profile_relative_distance,0829042b4eaa7f045282fbc9fe08c209fd5c7d2b1197539791792966f906954c,36ab4a9a2ffceeeb1e7241d89cf281540d0e78acce35f27e068187e3fe0832c8,1535f33c75884c347c812f61aa056635072181ac37a47ce44ebfb1afc16ea87b
r73_non_Inf_20,Inf,"T3,T5",2,"T3,T5",2,1,1,0,b9a7f4cc65c08e8e1914f4a6c8d4cf2cee9a0f4b8621440cf1bfa66273bddfd7,974c8ff8b04b3ac4df45fdab232f18a26e4a60d9efd76941368f82cc5b86b57f,974c8ff8b04b3ac4df45fdab232f18a26e4a60d9efd76941368f82cc5b86b57f,b4a33f3be72f0351e918202afcb738dbb39b2be6b266655b01ebe1aa49cb1230,Stage 4A Freeze-R.1,formal,0a3f215400ce715684eb98cdce75ccbda7301b84,main,1,1d2a5ade681a6f79e6045da6f1441fc08d1b37261a7decfaf510b6b764a97576,5b3c9a914e70cd1472a611ad784ca51d2af269f307ec4c3c53cc40c7f4d2931b,24.1.0.2537033 (R2024a),GLNXA64,glnxa64,0,1,"run_stage4_freeze_r1(pwd,'formal')",2026-09-09T12:56:33.685Z,8313f3a14914316354fa22dbe4ec3d546eb572e0092c5305b62000dfdd90c16f,c35f63e2bd2189bf1b30eb0943414e5cd037c2886918c7f413299bca79c67e5c,2026-09-09T13:02:43.716Z,370.16586,profile_relative_distance,0829042b4eaa7f045282fbc9fe08c209fd5c7d2b1197539791792966f906954c,36ab4a9a2ffceeeb1e7241d89cf281540d0e78acce35f27e068187e3fe0832c8,1535f33c75884c347c812f61aa056635072181ac37a47ce44ebfb1afc16ea87b
r73_non_Inf_21,Inf,"T3,T5",2,"T3,T5",2,1,1,0,430def29b4e0644e8cb3cbdc04d9f512a21738949af284d68d95889909561300,17eba1ccc6bcd0bc0df3f8c93c16e6ad84727be9a96eb2d09ac4be6a9d24ecbb,17eba1ccc6bcd0bc0df3f8c93c16e6ad84727be9a96eb2d09ac4be6a9d24ecbb,b4a33f3be72f0351e918202afcb738dbb39b2be6b266655b01ebe1aa49cb1230,Stage 4A Freeze-R.1,formal,0a3f215400ce715684eb98cdce75ccbda7301b84,main,1,1d2a5ade681a6f79e6045da6f1441fc08d1b37261a7decfaf510b6b764a97576,5b3c9a914e70cd1472a611ad784ca51d2af269f307ec4c3c53cc40c7f4d2931b,24.1.0.2537033 (R2024a),GLNXA64,glnxa64,0,1,"run_stage4_freeze_r1(pwd,'formal')",2026-09-09T12:56:33.685Z,8313f3a14914316354fa22dbe4ec3d546eb572e0092c5305b62000dfdd90c16f,c35f63e2bd2189bf1b30eb0943414e5cd037c2886918c7f413299bca79c67e5c,2026-09-09T13:02:43.716Z,370.16586,profile_relative_distance,0829042b4eaa7f045282fbc9fe08c209fd5c7d2b1197539791792966f906954c,36ab4a9a2ffceeeb1e7241d89cf281540d0e78acce35f27e068187e3fe0832c8,1535f33c75884c347c812f61aa056635072181ac37a47ce44ebfb1afc16ea87b
r73_non_Inf_22,Inf,"T3,T5",2,"T3,T5",2,1,1,0,f112356baadf7da2e35b6a9ce44144c08092d17cad1a1c8ab17a9ca9f5bf0128,2ecf5728ffbedd8fd1ba0d14faecd9e7907219a8857938792c45b03a9cd5e5fc,2ecf5728ffbedd8fd1ba0d14faecd9e7907219a8857938792c45b03a9cd5e5fc,b4a33f3be72f0351e918202afcb738dbb39b2be6b266655b01ebe1aa49cb1230,Stage 4A Freeze-R.1,formal,0a3f215400ce715684eb98cdce75ccbda7301b84,main,1,1d2a5ade681a6f79e6045da6f1441fc08d1b37261a7decfaf510b6b764a97576,5b3c9a914e70cd1472a611ad784ca51d2af269f307ec4c3c53cc40c7f4d2931b,24.1.0.2537033 (R2024a),GLNXA64,glnxa64,0,1,"run_stage4_freeze_r1(pwd,'formal')",2026-09-09T12:56:33.685Z,8313f3a14914316354fa22dbe4ec3d546eb572e0092c5305b62000dfdd90c16f,c35f63e2bd2189bf1b30eb0943414e5cd037c2886918c7f413299bca79c67e5c,2026-09-09T13:02:43.716Z,370.16586,profile_relative_distance,0829042b4eaa7f045282fbc9fe08c209fd5c7d2b1197539791792966f906954c,36ab4a9a2ffceeeb1e7241d89cf281540d0e78acce35f27e068187e3fe0832c8,1535f33c75884c347c812f61aa056635072181ac37a47ce44ebfb1afc16ea87b
r73_non_Inf_23,Inf,"T3,T5",2,"T3,T5",2,1,1,0,6ba82d30ae6c1e943ca9e93c87d2d0cdfba0c863c7edd612fc424ca9f43be7f6,782fd75c9e32e9137a52d7b8716b57fb978b07df805bb851b92f5d66b6500d66,782fd75c9e32e9137a52d7b8716b57fb978b07df805bb851b92f5d66b6500d66,b4a33f3be72f0351e918202afcb738dbb39b2be6b266655b01ebe1aa49cb1230,Stage 4A Freeze-R.1,formal,0a3f215400ce715684eb98cdce75ccbda7301b84,main,1,1d2a5ade681a6f79e6045da6f1441fc08d1b37261a7decfaf510b6b764a97576,5b3c9a914e70cd1472a611ad784ca51d2af269f307ec4c3c53cc40c7f4d2931b,24.1.0.2537033 (R2024a),GLNXA64,glnxa64,0,1,"run_stage4_freeze_r1(pwd,'formal')",2026-09-09T12:56:33.685Z,8313f3a14914316354fa22dbe4ec3d546eb572e0092c5305b62000dfdd90c16f,c35f63e2bd2189bf1b30eb0943414e5cd037c2886918c7f413299bca79c67e5c,2026-09-09T13:02:43.716Z,370.16586,profile_relative_distance,0829042b4eaa7f045282fbc9fe08c209fd5c7d2b1197539791792966f906954c,36ab4a9a2ffceeeb1e7241d89cf281540d0e78acce35f27e068187e3fe0832c8,1535f33c75884c347c812f61aa056635072181ac37a47ce44ebfb1afc16ea87b
r73_non_Inf_24,Inf,"T3,T5",2,"T3,T5",2,1,1,0,9fd5ef7ade1435c3862ab9936db1c0c343b0c6e21912c21d987d3b132c29d71a,c89414d81b0da9330e77a13e7c6fd13d9741b8c306d4594e3e70d53de40e3d59,c89414d81b0da9330e77a13e7c6fd13d9741b8c306d4594e3e70d53de40e3d59,b4a33f3be72f0351e918202afcb738dbb39b2be6b266655b01ebe1aa49cb1230,Stage 4A Freeze-R.1,formal,0a3f215400ce715684eb98cdce75ccbda7301b84,main,1,1d2a5ade681a6f79e6045da6f1441fc08d1b37261a7decfaf510b6b764a97576,5b3c9a914e70cd1472a611ad784ca51d2af269f307ec4c3c53cc40c7f4d2931b,24.1.0.2537033 (R2024a),GLNXA64,glnxa64,0,1,"run_stage4_freeze_r1(pwd,'formal')",2026-09-09T12:56:33.685Z,8313f3a14914316354fa22dbe4ec3d546eb572e0092c5305b62000dfdd90c16f,c35f63e2bd2189bf1b30eb0943414e5cd037c2886918c7f413299bca79c67e5c,2026-09-09T13:02:43.716Z,370.16586,profile_relative_distance,0829042b4eaa7f045282fbc9fe08c209fd5c7d2b1197539791792966f906954c,36ab4a9a2ffceeeb1e7241d89cf281540d0e78acce35f27e068187e3fe0832c8,1535f33c75884c347c812f61aa056635072181ac37a47ce44ebfb1afc16ea87b
r73_non_Inf_25,Inf,"T3,T5",2,"T3,T5",2,1,1,0,b0911b42799d34f8b912732914445e09651e6533ba160f8718b6802481760758,da7183e866878d781dcc9e116fc0a447ad066902077670ce224892f926dd650b,da7183e866878d781dcc9e116fc0a447ad066902077670ce224892f926dd650b,b4a33f3be72f0351e918202afcb738dbb39b2be6b266655b01ebe1aa49cb1230,Stage 4A Freeze-R.1,formal,0a3f215400ce715684eb98cdce75ccbda7301b84,main,1,1d2a5ade681a6f79e6045da6f1441fc08d1b37261a7decfaf510b6b764a97576,5b3c9a914e70cd1472a611ad784ca51d2af269f307ec4c3c53cc40c7f4d2931b,24.1.0.2537033 (R2024a),GLNXA64,glnxa64,0,1,"run_stage4_freeze_r1(pwd,'formal')",2026-09-09T12:56:33.685Z,8313f3a14914316354fa22dbe4ec3d546eb572e0092c5305b62000dfdd90c16f,c35f63e2bd2189bf1b30eb0943414e5cd037c2886918c7f413299bca79c67e5c,2026-09-09T13:02:43.716Z,370.16586,profile_relative_distance,0829042b4eaa7f045282fbc9fe08c209fd5c7d2b1197539791792966f906954c,36ab4a9a2ffceeeb1e7241d89cf281540d0e78acce35f27e068187e3fe0832c8,1535f33c75884c347c812f61aa056635072181ac37a47ce44ebfb1afc16ea87b
r73_non_Inf_26,Inf,"T3,T5",2,"T3,T5",2,1,1,0,dad390a3e445aa3592c48c3f65ea9786c3faeb44fd8cc66b75e7b59afccf72d9,5984285b4a49905fed237a77ca3830f65e3e5d9f48f8d7cb26e199285aa1929c,5984285b4a49905fed237a77ca3830f65e3e5d9f48f8d7cb26e199285aa1929c,b4a33f3be72f0351e918202afcb738dbb39b2be6b266655b01ebe1aa49cb1230,Stage 4A Freeze-R.1,formal,0a3f215400ce715684eb98cdce75ccbda7301b84,main,1,1d2a5ade681a6f79e6045da6f1441fc08d1b37261a7decfaf510b6b764a97576,5b3c9a914e70cd1472a611ad784ca51d2af269f307ec4c3c53cc40c7f4d2931b,24.1.0.2537033 (R2024a),GLNXA64,glnxa64,0,1,"run_stage4_freeze_r1(pwd,'formal')",2026-09-09T12:56:33.685Z,8313f3a14914316354fa22dbe4ec3d546eb572e0092c5305b62000dfdd90c16f,c35f63e2bd2189bf1b30eb0943414e5cd037c2886918c7f413299bca79c67e5c,2026-09-09T13:02:43.716Z,370.16586,profile_relative_distance,0829042b4eaa7f045282fbc9fe08c209fd5c7d2b1197539791792966f906954c,36ab4a9a2ffceeeb1e7241d89cf281540d0e78acce35f27e068187e3fe0832c8,1535f33c75884c347c812f61aa056635072181ac37a47ce44ebfb1afc16ea87b
r73_non_Inf_27,Inf,"T3,T5",2,"T3,T5",2,1,1,0,b12d8512c97b8ca0769a9c293a4ef33d3b9e1b4c5511d6af4f013f5555ec387f,7589d23e2d683589ba6c23d4a683e306126da77dd04cf8e10fc7162c534bcfb7,7589d23e2d683589ba6c23d4a683e306126da77dd04cf8e10fc7162c534bcfb7,b4a33f3be72f0351e918202afcb738dbb39b2be6b266655b01ebe1aa49cb1230,Stage 4A Freeze-R.1,formal,0a3f215400ce715684eb98cdce75ccbda7301b84,main,1,1d2a5ade681a6f79e6045da6f1441fc08d1b37261a7decfaf510b6b764a97576,5b3c9a914e70cd1472a611ad784ca51d2af269f307ec4c3c53cc40c7f4d2931b,24.1.0.2537033 (R2024a),GLNXA64,glnxa64,0,1,"run_stage4_freeze_r1(pwd,'formal')",2026-09-09T12:56:33.685Z,8313f3a14914316354fa22dbe4ec3d546eb572e0092c5305b62000dfdd90c16f,c35f63e2bd2189bf1b30eb0943414e5cd037c2886918c7f413299bca79c67e5c,2026-09-09T13:02:43.716Z,370.16586,profile_relative_distance,0829042b4eaa7f045282fbc9fe08c209fd5c7d2b1197539791792966f906954c,36ab4a9a2ffceeeb1e7241d89cf281540d0e78acce35f27e068187e3fe0832c8,1535f33c75884c347c812f61aa056635072181ac37a47ce44ebfb1afc16ea87b
r73_non_Inf_28,Inf,"T3,T5",2,"T3,T5",2,1,1,0,36b34c5926850cf53d569514537c7dfde9ad830646fc88306cec91464d32b54a,2a68f089a7e61f4f20dfcc9f52533b4b8d801111b3b7cd0020d0b670f9bcf82d,2a68f089a7e61f4f20dfcc9f52533b4b8d801111b3b7cd0020d0b670f9bcf82d,b4a33f3be72f0351e918202afcb738dbb39b2be6b266655b01ebe1aa49cb1230,Stage 4A Freeze-R.1,formal,0a3f215400ce715684eb98cdce75ccbda7301b84,main,1,1d2a5ade681a6f79e6045da6f1441fc08d1b37261a7decfaf510b6b764a97576,5b3c9a914e70cd1472a611ad784ca51d2af269f307ec4c3c53cc40c7f4d2931b,24.1.0.2537033 (R2024a),GLNXA64,glnxa64,0,1,"run_stage4_freeze_r1(pwd,'formal')",2026-09-09T12:56:33.685Z,8313f3a14914316354fa22dbe4ec3d546eb572e0092c5305b62000dfdd90c16f,c35f63e2bd2189bf1b30eb0943414e5cd037c2886918c7f413299bca79c67e5c,2026-09-09T13:02:43.716Z,370.16586,profile_relative_distance,0829042b4eaa7f045282fbc9fe08c209fd5c7d2b1197539791792966f906954c,36ab4a9a2ffceeeb1e7241d89cf281540d0e78acce35f27e068187e3fe0832c8,1535f33c75884c347c812f61aa056635072181ac37a47ce44ebfb1afc16ea87b
r73_non_Inf_29,Inf,"T3,T5",2,"T3,T5",2,1,1,0,5fb903d1c13f014298309bbebf9d897cf4f8a557b1c52ed2fb9633d0b69c172a,39c6afd26c1ca5dc6bf901a961c1db05e50c4839cd02b344aee1c331ca2a104a,39c6afd26c1ca5dc6bf901a961c1db05e50c4839cd02b344aee1c331ca2a104a,b4a33f3be72f0351e918202afcb738dbb39b2be6b266655b01ebe1aa49cb1230,Stage 4A Freeze-R.1,formal,0a3f215400ce715684eb98cdce75ccbda7301b84,main,1,1d2a5ade681a6f79e6045da6f1441fc08d1b37261a7decfaf510b6b764a97576,5b3c9a914e70cd1472a611ad784ca51d2af269f307ec4c3c53cc40c7f4d2931b,24.1.0.2537033 (R2024a),GLNXA64,glnxa64,0,1,"run_stage4_freeze_r1(pwd,'formal')",2026-09-09T12:56:33.685Z,8313f3a14914316354fa22dbe4ec3d546eb572e0092c5305b62000dfdd90c16f,c35f63e2bd2189bf1b30eb0943414e5cd037c2886918c7f413299bca79c67e5c,2026-09-09T13:02:43.716Z,370.16586,profile_relative_distance,0829042b4eaa7f045282fbc9fe08c209fd5c7d2b1197539791792966f906954c,36ab4a9a2ffceeeb1e7241d89cf281540d0e78acce35f27e068187e3fe0832c8,1535f33c75884c347c812f61aa056635072181ac37a47ce44ebfb1afc16ea87b
r73_non_Inf_30,Inf,"T3,T5",2,"T3,T5",2,1,1,0,47c62afa51ac75615dd9d3ffa24e065b407aec4e9012257fbd46807b6d7811db,2bb76d700e26119615a5bda2f428f449ea99a117fc4a386f202e13a81cc1f90e,2bb76d700e26119615a5bda2f428f449ea99a117fc4a386f202e13a81cc1f90e,b4a33f3be72f0351e918202afcb738dbb39b2be6b266655b01ebe1aa49cb1230,Stage 4A Freeze-R.1,formal,0a3f215400ce715684eb98cdce75ccbda7301b84,main,1,1d2a5ade681a6f79e6045da6f1441fc08d1b37261a7decfaf510b6b764a97576,5b3c9a914e70cd1472a611ad784ca51d2af269f307ec4c3c53cc40c7f4d2931b,24.1.0.2537033 (R2024a),GLNXA64,glnxa64,0,1,"run_stage4_freeze_r1(pwd,'formal')",2026-09-09T12:56:33.685Z,8313f3a14914316354fa22dbe4ec3d546eb572e0092c5305b62000dfdd90c16f,c35f63e2bd2189bf1b30eb0943414e5cd037c2886918c7f413299bca79c67e5c,2026-09-09T13:02:43.716Z,370.16586,profile_relative_distance,0829042b4eaa7f045282fbc9fe08c209fd5c7d2b1197539791792966f906954c,36ab4a9a2ffceeeb1e7241d89cf281540d0e78acce35f27e068187e3fe0832c8,1535f33c75884c347c812f61aa056635072181ac37a47ce44ebfb1afc16ea87b
r73_non_Inf_31,Inf,"T3,T5",2,"T3,T5",2,1,1,0,9781e1e80f64bf97d768f4fa787926d90c0c871e311c4535bd2238731aeac2cc,d337ff1e172acf57f28e324fef2539a24cb31fb7f08ad5a05afb84cc5bdf61d8,d337ff1e172acf57f28e324fef2539a24cb31fb7f08ad5a05afb84cc5bdf61d8,b4a33f3be72f0351e918202afcb738dbb39b2be6b266655b01ebe1aa49cb1230,Stage 4A Freeze-R.1,formal,0a3f215400ce715684eb98cdce75ccbda7301b84,main,1,1d2a5ade681a6f79e6045da6f1441fc08d1b37261a7decfaf510b6b764a97576,5b3c9a914e70cd1472a611ad784ca51d2af269f307ec4c3c53cc40c7f4d2931b,24.1.0.2537033 (R2024a),GLNXA64,glnxa64,0,1,"run_stage4_freeze_r1(pwd,'formal')",2026-09-09T12:56:33.685Z,8313f3a14914316354fa22dbe4ec3d546eb572e0092c5305b62000dfdd90c16f,c35f63e2bd2189bf1b30eb0943414e5cd037c2886918c7f413299bca79c67e5c,2026-09-09T13:02:43.716Z,370.16586,profile_relative_distance,0829042b4eaa7f045282fbc9fe08c209fd5c7d2b1197539791792966f906954c,36ab4a9a2ffceeeb1e7241d89cf281540d0e78acce35f27e068187e3fe0832c8,1535f33c75884c347c812f61aa056635072181ac37a47ce44ebfb1afc16ea87b
r73_non_Inf_32,Inf,"T3,T5",2,"T3,T5",2,1,1,0,caa3779fcec0b23b44eefa46ff1ff48fdf3e6ab91e0517f8842a23ab1f29018b,e73e902362d1c17aece377d603326b3a05d9dab42123014257b23a5413f22fdb,e73e902362d1c17aece377d603326b3a05d9dab42123014257b23a5413f22fdb,b4a33f3be72f0351e918202afcb738dbb39b2be6b266655b01ebe1aa49cb1230,Stage 4A Freeze-R.1,formal,0a3f215400ce715684eb98cdce75ccbda7301b84,main,1,1d2a5ade681a6f79e6045da6f1441fc08d1b37261a7decfaf510b6b764a97576,5b3c9a914e70cd1472a611ad784ca51d2af269f307ec4c3c53cc40c7f4d2931b,24.1.0.2537033 (R2024a),GLNXA64,glnxa64,0,1,"run_stage4_freeze_r1(pwd,'formal')",2026-09-09T12:56:33.685Z,8313f3a14914316354fa22dbe4ec3d546eb572e0092c5305b62000dfdd90c16f,c35f63e2bd2189bf1b30eb0943414e5cd037c2886918c7f413299bca79c67e5c,2026-09-09T13:02:43.716Z,370.16586,profile_relative_distance,0829042b4eaa7f045282fbc9fe08c209fd5c7d2b1197539791792966f906954c,36ab4a9a2ffceeeb1e7241d89cf281540d0e78acce35f27e068187e3fe0832c8,1535f33c75884c347c812f61aa056635072181ac37a47ce44ebfb1afc16ea87b
r73_non_Inf_33,Inf,"T3,T5",2,"T3,T5",2,1,1,0,a2c78da0a5a085f2505818f08bf4b43db6dd06e90cfa56bdfbcc30cf26d3a63c,dee5f3c9b89704811fbe867dbe508fe0b36ff970ecdd67f5ea458bdd2e12c2a6,dee5f3c9b89704811fbe867dbe508fe0b36ff970ecdd67f5ea458bdd2e12c2a6,b4a33f3be72f0351e918202afcb738dbb39b2be6b266655b01ebe1aa49cb1230,Stage 4A Freeze-R.1,formal,0a3f215400ce715684eb98cdce75ccbda7301b84,main,1,1d2a5ade681a6f79e6045da6f1441fc08d1b37261a7decfaf510b6b764a97576,5b3c9a914e70cd1472a611ad784ca51d2af269f307ec4c3c53cc40c7f4d2931b,24.1.0.2537033 (R2024a),GLNXA64,glnxa64,0,1,"run_stage4_freeze_r1(pwd,'formal')",2026-09-09T12:56:33.685Z,8313f3a14914316354fa22dbe4ec3d546eb572e0092c5305b62000dfdd90c16f,c35f63e2bd2189bf1b30eb0943414e5cd037c2886918c7f413299bca79c67e5c,2026-09-09T13:02:43.716Z,370.16586,profile_relative_distance,0829042b4eaa7f045282fbc9fe08c209fd5c7d2b1197539791792966f906954c,36ab4a9a2ffceeeb1e7241d89cf281540d0e78acce35f27e068187e3fe0832c8,1535f33c75884c347c812f61aa056635072181ac37a47ce44ebfb1afc16ea87b
r73_non_Inf_34,Inf,"T3,T5",2,"T3,T5",2,1,1,0,8f1d1191e1669b1dd983c7b16c382a1c19b8b2de0e6823d2be1f8e32567115c2,77614e0cb295cb4c9b04a910ea0cef4e79f9c9ae6ac989bac370c91b8581cb03,77614e0cb295cb4c9b04a910ea0cef4e79f9c9ae6ac989bac370c91b8581cb03,b4a33f3be72f0351e918202afcb738dbb39b2be6b266655b01ebe1aa49cb1230,Stage 4A Freeze-R.1,formal,0a3f215400ce715684eb98cdce75ccbda7301b84,main,1,1d2a5ade681a6f79e6045da6f1441fc08d1b37261a7decfaf510b6b764a97576,5b3c9a914e70cd1472a611ad784ca51d2af269f307ec4c3c53cc40c7f4d2931b,24.1.0.2537033 (R2024a),GLNXA64,glnxa64,0,1,"run_stage4_freeze_r1(pwd,'formal')",2026-09-09T12:56:33.685Z,8313f3a14914316354fa22dbe4ec3d546eb572e0092c5305b62000dfdd90c16f,c35f63e2bd2189bf1b30eb0943414e5cd037c2886918c7f413299bca79c67e5c,2026-09-09T13:02:43.716Z,370.16586,profile_relative_distance,0829042b4eaa7f045282fbc9fe08c209fd5c7d2b1197539791792966f906954c,36ab4a9a2ffceeeb1e7241d89cf281540d0e78acce35f27e068187e3fe0832c8,1535f33c75884c347c812f61aa056635072181ac37a47ce44ebfb1afc16ea87b
r73_non_Inf_35,Inf,"T3,T5",2,"T3,T5",2,1,1,0,821ffa1be60d288350f41fac4f8d0f3df95d3a0b12a420cf552a2610a33a8a80,11983d53d90dfe89d712100de5828d560dea7bcb499f0a5e4f99b82b492d90c6,11983d53d90dfe89d712100de5828d560dea7bcb499f0a5e4f99b82b492d90c6,b4a33f3be72f0351e918202afcb738dbb39b2be6b266655b01ebe1aa49cb1230,Stage 4A Freeze-R.1,formal,0a3f215400ce715684eb98cdce75ccbda7301b84,main,1,1d2a5ade681a6f79e6045da6f1441fc08d1b37261a7decfaf510b6b764a97576,5b3c9a914e70cd1472a611ad784ca51d2af269f307ec4c3c53cc40c7f4d2931b,24.1.0.2537033 (R2024a),GLNXA64,glnxa64,0,1,"run_stage4_freeze_r1(pwd,'formal')",2026-09-09T12:56:33.685Z,8313f3a14914316354fa22dbe4ec3d546eb572e0092c5305b62000dfdd90c16f,c35f63e2bd2189bf1b30eb0943414e5cd037c2886918c7f413299bca79c67e5c,2026-09-09T13:02:43.716Z,370.16586,profile_relative_distance,0829042b4eaa7f045282fbc9fe08c209fd5c7d2b1197539791792966f906954c,36ab4a9a2ffceeeb1e7241d89cf281540d0e78acce35f27e068187e3fe0832c8,1535f33c75884c347c812f61aa056635072181ac37a47ce44ebfb1afc16ea87b
r73_non_Inf_36,Inf,"T3,T5",2,"T3,T5",2,1,1,0,30cb27213ce96b818e4d80949368e7001089b38a59b16203f32d63432a8ebbe3,aa5e49226bd5ad3a441b857913d161f5bda2f5d909bdd1e738689016257b3c32,aa5e49226bd5ad3a441b857913d161f5bda2f5d909bdd1e738689016257b3c32,b4a33f3be72f0351e918202afcb738dbb39b2be6b266655b01ebe1aa49cb1230,Stage 4A Freeze-R.1,formal,0a3f215400ce715684eb98cdce75ccbda7301b84,main,1,1d2a5ade681a6f79e6045da6f1441fc08d1b37261a7decfaf510b6b764a97576,5b3c9a914e70cd1472a611ad784ca51d2af269f307ec4c3c53cc40c7f4d2931b,24.1.0.2537033 (R2024a),GLNXA64,glnxa64,0,1,"run_stage4_freeze_r1(pwd,'formal')",2026-09-09T12:56:33.685Z,8313f3a14914316354fa22dbe4ec3d546eb572e0092c5305b62000dfdd90c16f,c35f63e2bd2189bf1b30eb0943414e5cd037c2886918c7f413299bca79c67e5c,2026-09-09T13:02:43.716Z,370.16586,profile_relative_distance,0829042b4eaa7f045282fbc9fe08c209fd5c7d2b1197539791792966f906954c,36ab4a9a2ffceeeb1e7241d89cf281540d0e78acce35f27e068187e3fe0832c8,1535f33c75884c347c812f61aa056635072181ac37a47ce44ebfb1afc16ea87b
r73_non_Inf_37,Inf,"T3,T5",2,"T3,T5",2,1,1,0,10f65e77741f36a1ded5aba2213c132ba8645a3759162b613af34e33e2c79e2b,da9bf34dc75660f50e0e83e36500214f2c0d4fe46630f57155dd2813c0aa99f7,da9bf34dc75660f50e0e83e36500214f2c0d4fe46630f57155dd2813c0aa99f7,b4a33f3be72f0351e918202afcb738dbb39b2be6b266655b01ebe1aa49cb1230,Stage 4A Freeze-R.1,formal,0a3f215400ce715684eb98cdce75ccbda7301b84,main,1,1d2a5ade681a6f79e6045da6f1441fc08d1b37261a7decfaf510b6b764a97576,5b3c9a914e70cd1472a611ad784ca51d2af269f307ec4c3c53cc40c7f4d2931b,24.1.0.2537033 (R2024a),GLNXA64,glnxa64,0,1,"run_stage4_freeze_r1(pwd,'formal')",2026-09-09T12:56:33.685Z,8313f3a14914316354fa22dbe4ec3d546eb572e0092c5305b62000dfdd90c16f,c35f63e2bd2189bf1b30eb0943414e5cd037c2886918c7f413299bca79c67e5c,2026-09-09T13:02:43.716Z,370.16586,profile_relative_distance,0829042b4eaa7f045282fbc9fe08c209fd5c7d2b1197539791792966f906954c,36ab4a9a2ffceeeb1e7241d89cf281540d0e78acce35f27e068187e3fe0832c8,1535f33c75884c347c812f61aa056635072181ac37a47ce44ebfb1afc16ea87b
r73_non_Inf_38,Inf,"T3,T5",2,"T3,T5",2,1,1,0,002cd4caf410c19a873088ce6fc7ea6a1bc2dad5f8c028997c2a337f386f8990,bdbe4bc746d1e33bef5bf71bc7b98bd370e68fa3ba1c1e8ee169f2c0814c6b58,bdbe4bc746d1e33bef5bf71bc7b98bd370e68fa3ba1c1e8ee169f2c0814c6b58,b4a33f3be72f0351e918202afcb738dbb39b2be6b266655b01ebe1aa49cb1230,Stage 4A Freeze-R.1,formal,0a3f215400ce715684eb98cdce75ccbda7301b84,main,1,1d2a5ade681a6f79e6045da6f1441fc08d1b37261a7decfaf510b6b764a97576,5b3c9a914e70cd1472a611ad784ca51d2af269f307ec4c3c53cc40c7f4d2931b,24.1.0.2537033 (R2024a),GLNXA64,glnxa64,0,1,"run_stage4_freeze_r1(pwd,'formal')",2026-09-09T12:56:33.685Z,8313f3a14914316354fa22dbe4ec3d546eb572e0092c5305b62000dfdd90c16f,c35f63e2bd2189bf1b30eb0943414e5cd037c2886918c7f413299bca79c67e5c,2026-09-09T13:02:43.716Z,370.16586,profile_relative_distance,0829042b4eaa7f045282fbc9fe08c209fd5c7d2b1197539791792966f906954c,36ab4a9a2ffceeeb1e7241d89cf281540d0e78acce35f27e068187e3fe0832c8,1535f33c75884c347c812f61aa056635072181ac37a47ce44ebfb1afc16ea87b
r73_non_Inf_39,Inf,"T3,T5",2,"T3,T5",2,1,1,0,cee0fec6fe3c76cb40d737ddfc822c481371caba9249f0cbe7198b08e0283f32,e1a9917bd97041846e87d6cdaf6fcee9f87da0d27bf08bcc3e8dd9ae082eb6c9,e1a9917bd97041846e87d6cdaf6fcee9f87da0d27bf08bcc3e8dd9ae082eb6c9,b4a33f3be72f0351e918202afcb738dbb39b2be6b266655b01ebe1aa49cb1230,Stage 4A Freeze-R.1,formal,0a3f215400ce715684eb98cdce75ccbda7301b84,main,1,1d2a5ade681a6f79e6045da6f1441fc08d1b37261a7decfaf510b6b764a97576,5b3c9a914e70cd1472a611ad784ca51d2af269f307ec4c3c53cc40c7f4d2931b,24.1.0.2537033 (R2024a),GLNXA64,glnxa64,0,1,"run_stage4_freeze_r1(pwd,'formal')",2026-09-09T12:56:33.685Z,8313f3a14914316354fa22dbe4ec3d546eb572e0092c5305b62000dfdd90c16f,c35f63e2bd2189bf1b30eb0943414e5cd037c2886918c7f413299bca79c67e5c,2026-09-09T13:02:43.716Z,370.16586,profile_relative_distance,0829042b4eaa7f045282fbc9fe08c209fd5c7d2b1197539791792966f906954c,36ab4a9a2ffceeeb1e7241d89cf281540d0e78acce35f27e068187e3fe0832c8,1535f33c75884c347c812f61aa056635072181ac37a47ce44ebfb1afc16ea87b
r73_non_Inf_40,Inf,"T3,T5",2,"T3,T5",2,1,1,0,47ce300a1327f90aab1c4ee295b82155f1d3a7ac1825a01545d3a1c44eef848c,3fe4ba7e57b5d5a40ff18135d52ecb2cefa15beaaeccdf9dd9c75ac2341eb7fc,3fe4ba7e57b5d5a40ff18135d52ecb2cefa15beaaeccdf9dd9c75ac2341eb7fc,b4a33f3be72f0351e918202afcb738dbb39b2be6b266655b01ebe1aa49cb1230,Stage 4A Freeze-R.1,formal,0a3f215400ce715684eb98cdce75ccbda7301b84,main,1,1d2a5ade681a6f79e6045da6f1441fc08d1b37261a7decfaf510b6b764a97576,5b3c9a914e70cd1472a611ad784ca51d2af269f307ec4c3c53cc40c7f4d2931b,24.1.0.2537033 (R2024a),GLNXA64,glnxa64,0,1,"run_stage4_freeze_r1(pwd,'formal')",2026-09-09T12:56:33.685Z,8313f3a14914316354fa22dbe4ec3d546eb572e0092c5305b62000dfdd90c16f,c35f63e2bd2189bf1b30eb0943414e5cd037c2886918c7f413299bca79c67e5c,2026-09-09T13:02:43.716Z,370.16586,profile_relative_distance,0829042b4eaa7f045282fbc9fe08c209fd5c7d2b1197539791792966f906954c,36ab4a9a2ffceeeb1e7241d89cf281540d0e78acce35f27e068187e3fe0832c8,1535f33c75884c347c812f61aa056635072181ac37a47ce44ebfb1afc16ea87b
r73_non_30_01,30,"T3,T5",2,"T3,T5",2,1,1,0,41f51b463d34fac0a0e9e936adf348909639d5ee8c8ff7f7a3deb7a4ab69b973,5744a58f0ca0e79a6e097a85c25d1421e41fe03efb13418b5362eb98ac794093,9aece2e27d1bbe3d67e77b5c7885c5dce0ce18b72c4a20cb5b11951e66a3936f,b4a33f3be72f0351e918202afcb738dbb39b2be6b266655b01ebe1aa49cb1230,Stage 4A Freeze-R.1,formal,0a3f215400ce715684eb98cdce75ccbda7301b84,main,1,1d2a5ade681a6f79e6045da6f1441fc08d1b37261a7decfaf510b6b764a97576,5b3c9a914e70cd1472a611ad784ca51d2af269f307ec4c3c53cc40c7f4d2931b,24.1.0.2537033 (R2024a),GLNXA64,glnxa64,0,1,"run_stage4_freeze_r1(pwd,'formal')",2026-09-09T12:56:33.685Z,8313f3a14914316354fa22dbe4ec3d546eb572e0092c5305b62000dfdd90c16f,c35f63e2bd2189bf1b30eb0943414e5cd037c2886918c7f413299bca79c67e5c,2026-09-09T13:02:43.716Z,370.16586,profile_relative_distance,0829042b4eaa7f045282fbc9fe08c209fd5c7d2b1197539791792966f906954c,36ab4a9a2ffceeeb1e7241d89cf281540d0e78acce35f27e068187e3fe0832c8,1535f33c75884c347c812f61aa056635072181ac37a47ce44ebfb1afc16ea87b
r73_non_30_02,30,"T3,T5",2,"T3,T5",2,1,1,0,63d18e127b81c5e0276a7f3b1659f7428d642d5f98a65ce98bb088f1b55cc52f,628cfd9066148bfc11e96109933c890734614ae3d7a19f910165d2e122dcb35a,7d6da51c50d90b0615ebc3ea4ee9d15173166461b0fade5848c35e4ead1cfca9,b4a33f3be72f0351e918202afcb738dbb39b2be6b266655b01ebe1aa49cb1230,Stage 4A Freeze-R.1,formal,0a3f215400ce715684eb98cdce75ccbda7301b84,main,1,1d2a5ade681a6f79e6045da6f1441fc08d1b37261a7decfaf510b6b764a97576,5b3c9a914e70cd1472a611ad784ca51d2af269f307ec4c3c53cc40c7f4d2931b,24.1.0.2537033 (R2024a),GLNXA64,glnxa64,0,1,"run_stage4_freeze_r1(pwd,'formal')",2026-09-09T12:56:33.685Z,8313f3a14914316354fa22dbe4ec3d546eb572e0092c5305b62000dfdd90c16f,c35f63e2bd2189bf1b30eb0943414e5cd037c2886918c7f413299bca79c67e5c,2026-09-09T13:02:43.716Z,370.16586,profile_relative_distance,0829042b4eaa7f045282fbc9fe08c209fd5c7d2b1197539791792966f906954c,36ab4a9a2ffceeeb1e7241d89cf281540d0e78acce35f27e068187e3fe0832c8,1535f33c75884c347c812f61aa056635072181ac37a47ce44ebfb1afc16ea87b
r73_non_30_03,30,"T3,T5",2,"T3,T5",2,1,1,0,414fd9ec22f450ffbba4ad90c9fe5b5a3e5821dcaebe81668d7b45147c79f492,239742ba6c085a65e271a22731527e6b18ff21bbf7a1bc2ca065783973a58c04,1fc51f8fe0641e62090b36d24e7f1ca7a9f9e34047843d2ff738de9bb6b32bb5,b4a33f3be72f0351e918202afcb738dbb39b2be6b266655b01ebe1aa49cb1230,Stage 4A Freeze-R.1,formal,0a3f215400ce715684eb98cdce75ccbda7301b84,main,1,1d2a5ade681a6f79e6045da6f1441fc08d1b37261a7decfaf510b6b764a97576,5b3c9a914e70cd1472a611ad784ca51d2af269f307ec4c3c53cc40c7f4d2931b,24.1.0.2537033 (R2024a),GLNXA64,glnxa64,0,1,"run_stage4_freeze_r1(pwd,'formal')",2026-09-09T12:56:33.685Z,8313f3a14914316354fa22dbe4ec3d546eb572e0092c5305b62000dfdd90c16f,c35f63e2bd2189bf1b30eb0943414e5cd037c2886918c7f413299bca79c67e5c,2026-09-09T13:02:43.716Z,370.16586,profile_relative_distance,0829042b4eaa7f045282fbc9fe08c209fd5c7d2b1197539791792966f906954c,36ab4a9a2ffceeeb1e7241d89cf281540d0e78acce35f27e068187e3fe0832c8,1535f33c75884c347c812f61aa056635072181ac37a47ce44ebfb1afc16ea87b
r73_non_30_04,30,"T3,T5",2,"T3,T5",2,1,1,0,0dbef71907b5ec8ee5857cdb3015a0f1b78e60b78c050afd3f51377e98e49249,f79e1b919ebf0b5bf3e33dbca75be29a54de19a47fa68ca6ebe6c7160a389ce8,b39abbaed8aece410669f3d573371d946b56d6bc1eefb34330d9c2126602c549,b4a33f3be72f0351e918202afcb738dbb39b2be6b266655b01ebe1aa49cb1230,Stage 4A Freeze-R.1,formal,0a3f215400ce715684eb98cdce75ccbda7301b84,main,1,1d2a5ade681a6f79e6045da6f1441fc08d1b37261a7decfaf510b6b764a97576,5b3c9a914e70cd1472a611ad784ca51d2af269f307ec4c3c53cc40c7f4d2931b,24.1.0.2537033 (R2024a),GLNXA64,glnxa64,0,1,"run_stage4_freeze_r1(pwd,'formal')",2026-09-09T12:56:33.685Z,8313f3a14914316354fa22dbe4ec3d546eb572e0092c5305b62000dfdd90c16f,c35f63e2bd2189bf1b30eb0943414e5cd037c2886918c7f413299bca79c67e5c,2026-09-09T13:02:43.716Z,370.16586,profile_relative_distance,0829042b4eaa7f045282fbc9fe08c209fd5c7d2b1197539791792966f906954c,36ab4a9a2ffceeeb1e7241d89cf281540d0e78acce35f27e068187e3fe0832c8,1535f33c75884c347c812f61aa056635072181ac37a47ce44ebfb1afc16ea87b
r73_non_30_05,30,"T3,T5",2,"T3,T5",2,1,1,0,467c7467c3359d59677364003bc992c2dd8163966868f19165d658408b87466e,bb5f70f0ab7fd19cfbd6a0252e75a9b20864656a935d2e9c691217eabb6166ee,ce744c00524f4317a0dc411fbdc6e73e522a1de748624197c51a6ed256db44d4,b4a33f3be72f0351e918202afcb738dbb39b2be6b266655b01ebe1aa49cb1230,Stage 4A Freeze-R.1,formal,0a3f215400ce715684eb98cdce75ccbda7301b84,main,1,1d2a5ade681a6f79e6045da6f1441fc08d1b37261a7decfaf510b6b764a97576,5b3c9a914e70cd1472a611ad784ca51d2af269f307ec4c3c53cc40c7f4d2931b,24.1.0.2537033 (R2024a),GLNXA64,glnxa64,0,1,"run_stage4_freeze_r1(pwd,'formal')",2026-09-09T12:56:33.685Z,8313f3a14914316354fa22dbe4ec3d546eb572e0092c5305b62000dfdd90c16f,c35f63e2bd2189bf1b30eb0943414e5cd037c2886918c7f413299bca79c67e5c,2026-09-09T13:02:43.716Z,370.16586,profile_relative_distance,0829042b4eaa7f045282fbc9fe08c209fd5c7d2b1197539791792966f906954c,36ab4a9a2ffceeeb1e7241d89cf281540d0e78acce35f27e068187e3fe0832c8,1535f33c75884c347c812f61aa056635072181ac37a47ce44ebfb1afc16ea87b
r73_non_30_06,30,"T3,T5",2,"T3,T5",2,1,1,0,49d4064309c8fa84cf761a60f6b41598452831fe301fc5193db78491642f32a5,1c313f0b72554a124d0efc9f701c26b615396170cab03c7e60ead0058fd39b99,e412bb8108ab39dfd95e787935d1e0bafb164c81c49f67982eef59dc607722e8,b4a33f3be72f0351e918202afcb738dbb39b2be6b266655b01ebe1aa49cb1230,Stage 4A Freeze-R.1,formal,0a3f215400ce715684eb98cdce75ccbda7301b84,main,1,1d2a5ade681a6f79e6045da6f1441fc08d1b37261a7decfaf510b6b764a97576,5b3c9a914e70cd1472a611ad784ca51d2af269f307ec4c3c53cc40c7f4d2931b,24.1.0.2537033 (R2024a),GLNXA64,glnxa64,0,1,"run_stage4_freeze_r1(pwd,'formal')",2026-09-09T12:56:33.685Z,8313f3a14914316354fa22dbe4ec3d546eb572e0092c5305b62000dfdd90c16f,c35f63e2bd2189bf1b30eb0943414e5cd037c2886918c7f413299bca79c67e5c,2026-09-09T13:02:43.716Z,370.16586,profile_relative_distance,0829042b4eaa7f045282fbc9fe08c209fd5c7d2b1197539791792966f906954c,36ab4a9a2ffceeeb1e7241d89cf281540d0e78acce35f27e068187e3fe0832c8,1535f33c75884c347c812f61aa056635072181ac37a47ce44ebfb1afc16ea87b
r73_non_30_07,30,"T3,T5",2,"T3,T5",2,1,1,0,b755e17409e561c1d473b8d20ef4c6b037ed5852512514788cbc7ceb7dd4221f,cf25d592186e2ef613fe9c2e473040b404b571370752faafb24d486ad4854824,89a9aac6b3cc17c857854062e2992425dd0d8ceeeb91bdb3926958707e90cf15,b4a33f3be72f0351e918202afcb738dbb39b2be6b266655b01ebe1aa49cb1230,Stage 4A Freeze-R.1,formal,0a3f215400ce715684eb98cdce75ccbda7301b84,main,1,1d2a5ade681a6f79e6045da6f1441fc08d1b37261a7decfaf510b6b764a97576,5b3c9a914e70cd1472a611ad784ca51d2af269f307ec4c3c53cc40c7f4d2931b,24.1.0.2537033 (R2024a),GLNXA64,glnxa64,0,1,"run_stage4_freeze_r1(pwd,'formal')",2026-09-09T12:56:33.685Z,8313f3a14914316354fa22dbe4ec3d546eb572e0092c5305b62000dfdd90c16f,c35f63e2bd2189bf1b30eb0943414e5cd037c2886918c7f413299bca79c67e5c,2026-09-09T13:02:43.716Z,370.16586,profile_relative_distance,0829042b4eaa7f045282fbc9fe08c209fd5c7d2b1197539791792966f906954c,36ab4a9a2ffceeeb1e7241d89cf281540d0e78acce35f27e068187e3fe0832c8,1535f33c75884c347c812f61aa056635072181ac37a47ce44ebfb1afc16ea87b
r73_non_30_08,30,"T3,T5",2,"T3,T5",2,1,1,0,99d506227484e811964fe971ff4c1bd39c0f59fa2980fc29f21ee5a661efd68c,7414b8cf236f46c403458df6ec44c0e9fd7c1aaac51731e48d32d19c861a90c4,74b18170a16b14a218ca190e7575e232b77479fae36da852f177d2ceda603e63,b4a33f3be72f0351e918202afcb738dbb39b2be6b266655b01ebe1aa49cb1230,Stage 4A Freeze-R.1,formal,0a3f215400ce715684eb98cdce75ccbda7301b84,main,1,1d2a5ade681a6f79e6045da6f1441fc08d1b37261a7decfaf510b6b764a97576,5b3c9a914e70cd1472a611ad784ca51d2af269f307ec4c3c53cc40c7f4d2931b,24.1.0.2537033 (R2024a),GLNXA64,glnxa64,0,1,"run_stage4_freeze_r1(pwd,'formal')",2026-09-09T12:56:33.685Z,8313f3a14914316354fa22dbe4ec3d546eb572e0092c5305b62000dfdd90c16f,c35f63e2bd2189bf1b30eb0943414e5cd037c2886918c7f413299bca79c67e5c,2026-09-09T13:02:43.716Z,370.16586,profile_relative_distance,0829042b4eaa7f045282fbc9fe08c209fd5c7d2b1197539791792966f906954c,36ab4a9a2ffceeeb1e7241d89cf281540d0e78acce35f27e068187e3fe0832c8,1535f33c75884c347c812f61aa056635072181ac37a47ce44ebfb1afc16ea87b
r73_non_30_09,30,"T3,T5",2,"T3,T5",2,1,1,0,15d9bf733fb1def6b50e4f82d073eda78c2bc6c841ba30fcc02d96d40dbd5ced,b89a7d3534945220c5a1829b4d91aacab5f32b984fb9e003b39ae13a2fd41a0b,53bed25cf7d265e6e0f1a707c1bfc61fd6e8d4d102c29e4914522987caebafb8,b4a33f3be72f0351e918202afcb738dbb39b2be6b266655b01ebe1aa49cb1230,Stage 4A Freeze-R.1,formal,0a3f215400ce715684eb98cdce75ccbda7301b84,main,1,1d2a5ade681a6f79e6045da6f1441fc08d1b37261a7decfaf510b6b764a97576,5b3c9a914e70cd1472a611ad784ca51d2af269f307ec4c3c53cc40c7f4d2931b,24.1.0.2537033 (R2024a),GLNXA64,glnxa64,0,1,"run_stage4_freeze_r1(pwd,'formal')",2026-09-09T12:56:33.685Z,8313f3a14914316354fa22dbe4ec3d546eb572e0092c5305b62000dfdd90c16f,c35f63e2bd2189bf1b30eb0943414e5cd037c2886918c7f413299bca79c67e5c,2026-09-09T13:02:43.716Z,370.16586,profile_relative_distance,0829042b4eaa7f045282fbc9fe08c209fd5c7d2b1197539791792966f906954c,36ab4a9a2ffceeeb1e7241d89cf281540d0e78acce35f27e068187e3fe0832c8,1535f33c75884c347c812f61aa056635072181ac37a47ce44ebfb1afc16ea87b
r73_non_30_10,30,"T3,T5",2,"T3,T5",2,1,1,0,65d3d48bac97cdb8faf257484408bf32d1ce2a0b7244212f11ba441978510d26,e0b2bd87340ac2fac60758bab4ab74e574f0892afdd7d6b5d0423fc9a65cd3da,3ebb3184f7cf7901e450ddf534d87668e15ec0403e5847fcf31198108c023056,b4a33f3be72f0351e918202afcb738dbb39b2be6b266655b01ebe1aa49cb1230,Stage 4A Freeze-R.1,formal,0a3f215400ce715684eb98cdce75ccbda7301b84,main,1,1d2a5ade681a6f79e6045da6f1441fc08d1b37261a7decfaf510b6b764a97576,5b3c9a914e70cd1472a611ad784ca51d2af269f307ec4c3c53cc40c7f4d2931b,24.1.0.2537033 (R2024a),GLNXA64,glnxa64,0,1,"run_stage4_freeze_r1(pwd,'formal')",2026-09-09T12:56:33.685Z,8313f3a14914316354fa22dbe4ec3d546eb572e0092c5305b62000dfdd90c16f,c35f63e2bd2189bf1b30eb0943414e5cd037c2886918c7f413299bca79c67e5c,2026-09-09T13:02:43.716Z,370.16586,profile_relative_distance,0829042b4eaa7f045282fbc9fe08c209fd5c7d2b1197539791792966f906954c,36ab4a9a2ffceeeb1e7241d89cf281540d0e78acce35f27e068187e3fe0832c8,1535f33c75884c347c812f61aa056635072181ac37a47ce44ebfb1afc16ea87b
r73_non_30_11,30,"T3,T5",2,"T3,T5",2,1,1,0,2831794933e4a67dba6bcefe0f5fcf45627775be210e913a61897707d48951ed,b16f4e5fe8e9e9928217acc131c9ed4eba49e355f93520106aa8ec7292bae1d8,f9fe1babad4b33d9246451e2918dd60446c99e97453d50d2de36926f7cd82771,b4a33f3be72f0351e918202afcb738dbb39b2be6b266655b01ebe1aa49cb1230,Stage 4A Freeze-R.1,formal,0a3f215400ce715684eb98cdce75ccbda7301b84,main,1,1d2a5ade681a6f79e6045da6f1441fc08d1b37261a7decfaf510b6b764a97576,5b3c9a914e70cd1472a611ad784ca51d2af269f307ec4c3c53cc40c7f4d2931b,24.1.0.2537033 (R2024a),GLNXA64,glnxa64,0,1,"run_stage4_freeze_r1(pwd,'formal')",2026-09-09T12:56:33.685Z,8313f3a14914316354fa22dbe4ec3d546eb572e0092c5305b62000dfdd90c16f,c35f63e2bd2189bf1b30eb0943414e5cd037c2886918c7f413299bca79c67e5c,2026-09-09T13:02:43.716Z,370.16586,profile_relative_distance,0829042b4eaa7f045282fbc9fe08c209fd5c7d2b1197539791792966f906954c,36ab4a9a2ffceeeb1e7241d89cf281540d0e78acce35f27e068187e3fe0832c8,1535f33c75884c347c812f61aa056635072181ac37a47ce44ebfb1afc16ea87b
r73_non_30_12,30,"T3,T5",2,"T3,T5",2,1,1,0,d2a6ec77b6470b691c2b6586cd5c1ff2b043b3da22b4364eea6576927e5e02e9,09ada9cbd39aa7f7aac2394c9c10efa7b45e88ad8b73d874ba90b58fee416982,d6dc367dd5cc68630dab4081acab3af362717f2526e81d3f2dbf5b9e5cbfc651,b4a33f3be72f0351e918202afcb738dbb39b2be6b266655b01ebe1aa49cb1230,Stage 4A Freeze-R.1,formal,0a3f215400ce715684eb98cdce75ccbda7301b84,main,1,1d2a5ade681a6f79e6045da6f1441fc08d1b37261a7decfaf510b6b764a97576,5b3c9a914e70cd1472a611ad784ca51d2af269f307ec4c3c53cc40c7f4d2931b,24.1.0.2537033 (R2024a),GLNXA64,glnxa64,0,1,"run_stage4_freeze_r1(pwd,'formal')",2026-09-09T12:56:33.685Z,8313f3a14914316354fa22dbe4ec3d546eb572e0092c5305b62000dfdd90c16f,c35f63e2bd2189bf1b30eb0943414e5cd037c2886918c7f413299bca79c67e5c,2026-09-09T13:02:43.716Z,370.16586,profile_relative_distance,0829042b4eaa7f045282fbc9fe08c209fd5c7d2b1197539791792966f906954c,36ab4a9a2ffceeeb1e7241d89cf281540d0e78acce35f27e068187e3fe0832c8,1535f33c75884c347c812f61aa056635072181ac37a47ce44ebfb1afc16ea87b
r73_non_30_13,30,"T3,T5",2,"T3,T5",2,1,1,0,dc4fed57f56e3d5f02e7216dd2a6e9a1725b85ddd1857e72865d9301af8b3be2,e148d89b29948dee5c3a864beb187b7f5929ab3d1a00064e54e299293d0efbfc,810246e604361b4d154eaf12e6b221039621e576853cebbb06bdec7cfb3308aa,b4a33f3be72f0351e918202afcb738dbb39b2be6b266655b01ebe1aa49cb1230,Stage 4A Freeze-R.1,formal,0a3f215400ce715684eb98cdce75ccbda7301b84,main,1,1d2a5ade681a6f79e6045da6f1441fc08d1b37261a7decfaf510b6b764a97576,5b3c9a914e70cd1472a611ad784ca51d2af269f307ec4c3c53cc40c7f4d2931b,24.1.0.2537033 (R2024a),GLNXA64,glnxa64,0,1,"run_stage4_freeze_r1(pwd,'formal')",2026-09-09T12:56:33.685Z,8313f3a14914316354fa22dbe4ec3d546eb572e0092c5305b62000dfdd90c16f,c35f63e2bd2189bf1b30eb0943414e5cd037c2886918c7f413299bca79c67e5c,2026-09-09T13:02:43.716Z,370.16586,profile_relative_distance,0829042b4eaa7f045282fbc9fe08c209fd5c7d2b1197539791792966f906954c,36ab4a9a2ffceeeb1e7241d89cf281540d0e78acce35f27e068187e3fe0832c8,1535f33c75884c347c812f61aa056635072181ac37a47ce44ebfb1afc16ea87b
r73_non_30_14,30,"T3,T5",2,"T3,T5",2,1,1,0,8bef9cafd60a2f7cb8fac9857bf5574a1ca2b18e7860bf2cf929f298a13045bd,9be531b15610c53ccd2e2f2791d788417a609d310d9811c7726c036edabb476a,5adf9daa0a5d16c417b5427077a659f0338cc914c6dde22ad615ffc66cf3ba05,b4a33f3be72f0351e918202afcb738dbb39b2be6b266655b01ebe1aa49cb1230,Stage 4A Freeze-R.1,formal,0a3f215400ce715684eb98cdce75ccbda7301b84,main,1,1d2a5ade681a6f79e6045da6f1441fc08d1b37261a7decfaf510b6b764a97576,5b3c9a914e70cd1472a611ad784ca51d2af269f307ec4c3c53cc40c7f4d2931b,24.1.0.2537033 (R2024a),GLNXA64,glnxa64,0,1,"run_stage4_freeze_r1(pwd,'formal')",2026-09-09T12:56:33.685Z,8313f3a14914316354fa22dbe4ec3d546eb572e0092c5305b62000dfdd90c16f,c35f63e2bd2189bf1b30eb0943414e5cd037c2886918c7f413299bca79c67e5c,2026-09-09T13:02:43.716Z,370.16586,profile_relative_distance,0829042b4eaa7f045282fbc9fe08c209fd5c7d2b1197539791792966f906954c,36ab4a9a2ffceeeb1e7241d89cf281540d0e78acce35f27e068187e3fe0832c8,1535f33c75884c347c812f61aa056635072181ac37a47ce44ebfb1afc16ea87b
r73_non_30_15,30,"T3,T5",2,"T3,T5",2,1,1,0,c72be9b7d003128d1fe289cf6e432ec8ec46833a9fc65b269a9b127c6b90ebe9,11f83a0d1f77eb548fcc96ce0d6c4fbfd18735f48d363672e6d22c653f00d27d,73bfacd08b67c40f89d887adc41ec76bacc4442625d13a2e4d330fb12abbbffe,b4a33f3be72f0351e918202afcb738dbb39b2be6b266655b01ebe1aa49cb1230,Stage 4A Freeze-R.1,formal,0a3f215400ce715684eb98cdce75ccbda7301b84,main,1,1d2a5ade681a6f79e6045da6f1441fc08d1b37261a7decfaf510b6b764a97576,5b3c9a914e70cd1472a611ad784ca51d2af269f307ec4c3c53cc40c7f4d2931b,24.1.0.2537033 (R2024a),GLNXA64,glnxa64,0,1,"run_stage4_freeze_r1(pwd,'formal')",2026-09-09T12:56:33.685Z,8313f3a14914316354fa22dbe4ec3d546eb572e0092c5305b62000dfdd90c16f,c35f63e2bd2189bf1b30eb0943414e5cd037c2886918c7f413299bca79c67e5c,2026-09-09T13:02:43.716Z,370.16586,profile_relative_distance,0829042b4eaa7f045282fbc9fe08c209fd5c7d2b1197539791792966f906954c,36ab4a9a2ffceeeb1e7241d89cf281540d0e78acce35f27e068187e3fe0832c8,1535f33c75884c347c812f61aa056635072181ac37a47ce44ebfb1afc16ea87b
r73_non_30_16,30,"T3,T5",2,"T3,T5",2,1,1,0,834b731c5909598097cc95ddcd8c5cc115223184de50f80ad3361ea1c9023a92,f99032be6acbe6f9c0bc9375e53ea2030344fd3a17007e1a2e67035c5beb0a7d,133b8a1304c4aecb9c204e2c65dd290abe8515fdb72ce98da78425fc664c9a26,b4a33f3be72f0351e918202afcb738dbb39b2be6b266655b01ebe1aa49cb1230,Stage 4A Freeze-R.1,formal,0a3f215400ce715684eb98cdce75ccbda7301b84,main,1,1d2a5ade681a6f79e6045da6f1441fc08d1b37261a7decfaf510b6b764a97576,5b3c9a914e70cd1472a611ad784ca51d2af269f307ec4c3c53cc40c7f4d2931b,24.1.0.2537033 (R2024a),GLNXA64,glnxa64,0,1,"run_stage4_freeze_r1(pwd,'formal')",2026-09-09T12:56:33.685Z,8313f3a14914316354fa22dbe4ec3d546eb572e0092c5305b62000dfdd90c16f,c35f63e2bd2189bf1b30eb0943414e5cd037c2886918c7f413299bca79c67e5c,2026-09-09T13:02:43.716Z,370.16586,profile_relative_distance,0829042b4eaa7f045282fbc9fe08c209fd5c7d2b1197539791792966f906954c,36ab4a9a2ffceeeb1e7241d89cf281540d0e78acce35f27e068187e3fe0832c8,1535f33c75884c347c812f61aa056635072181ac37a47ce44ebfb1afc16ea87b
r73_non_30_17,30,"T3,T5",2,"T3,T5",2,1,1,0,8ba6ca896dea08ff2c771c016e671a8befa876eca34fadd7e7ab5e60385b65fa,07b81283a3cd5ef4d43377ff3e3586eed9686a3eaddbb10859760fcfc60f828d,94d6ff1a729a6ddf24cdb8881720880606bd04e2d1076b532b508be07dfda47c,b4a33f3be72f0351e918202afcb738dbb39b2be6b266655b01ebe1aa49cb1230,Stage 4A Freeze-R.1,formal,0a3f215400ce715684eb98cdce75ccbda7301b84,main,1,1d2a5ade681a6f79e6045da6f1441fc08d1b37261a7decfaf510b6b764a97576,5b3c9a914e70cd1472a611ad784ca51d2af269f307ec4c3c53cc40c7f4d2931b,24.1.0.2537033 (R2024a),GLNXA64,glnxa64,0,1,"run_stage4_freeze_r1(pwd,'formal')",2026-09-09T12:56:33.685Z,8313f3a14914316354fa22dbe4ec3d546eb572e0092c5305b62000dfdd90c16f,c35f63e2bd2189bf1b30eb0943414e5cd037c2886918c7f413299bca79c67e5c,2026-09-09T13:02:43.716Z,370.16586,profile_relative_distance,0829042b4eaa7f045282fbc9fe08c209fd5c7d2b1197539791792966f906954c,36ab4a9a2ffceeeb1e7241d89cf281540d0e78acce35f27e068187e3fe0832c8,1535f33c75884c347c812f61aa056635072181ac37a47ce44ebfb1afc16ea87b
r73_non_30_18,30,"T3,T5",2,"T3,T5",2,1,1,0,797f5ad439544da164bc1cdfc3a48923fc52fe9722cb7af7b8a826e8a8a236e5,ee8a52fd71ac08611e05e8265803c430ed41d5f4a23125b958a057c6e5f96493,775a9863b1d78733454a9d1299fcb4a16a078cf1a739a6ea1a6890dfd5678788,b4a33f3be72f0351e918202afcb738dbb39b2be6b266655b01ebe1aa49cb1230,Stage 4A Freeze-R.1,formal,0a3f215400ce715684eb98cdce75ccbda7301b84,main,1,1d2a5ade681a6f79e6045da6f1441fc08d1b37261a7decfaf510b6b764a97576,5b3c9a914e70cd1472a611ad784ca51d2af269f307ec4c3c53cc40c7f4d2931b,24.1.0.2537033 (R2024a),GLNXA64,glnxa64,0,1,"run_stage4_freeze_r1(pwd,'formal')",2026-09-09T12:56:33.685Z,8313f3a14914316354fa22dbe4ec3d546eb572e0092c5305b62000dfdd90c16f,c35f63e2bd2189bf1b30eb0943414e5cd037c2886918c7f413299bca79c67e5c,2026-09-09T13:02:43.716Z,370.16586,profile_relative_distance,0829042b4eaa7f045282fbc9fe08c209fd5c7d2b1197539791792966f906954c,36ab4a9a2ffceeeb1e7241d89cf281540d0e78acce35f27e068187e3fe0832c8,1535f33c75884c347c812f61aa056635072181ac37a47ce44ebfb1afc16ea87b
r73_non_30_19,30,"T3,T5",2,"T3,T5",2,1,1,0,b6f7626a29aacc4ad73df29eadf3f66d9f594f54ca80a52de858d8872e5657a9,869c9e0f794a6dec034e86f11a92e6b531b3262c9f7a9f815e090a067b7efe7b,6e94ea6e55b6b26154fb31d6c4838ca013bd9f5751d398e8e567fcd02f464435,b4a33f3be72f0351e918202afcb738dbb39b2be6b266655b01ebe1aa49cb1230,Stage 4A Freeze-R.1,formal,0a3f215400ce715684eb98cdce75ccbda7301b84,main,1,1d2a5ade681a6f79e6045da6f1441fc08d1b37261a7decfaf510b6b764a97576,5b3c9a914e70cd1472a611ad784ca51d2af269f307ec4c3c53cc40c7f4d2931b,24.1.0.2537033 (R2024a),GLNXA64,glnxa64,0,1,"run_stage4_freeze_r1(pwd,'formal')",2026-09-09T12:56:33.685Z,8313f3a14914316354fa22dbe4ec3d546eb572e0092c5305b62000dfdd90c16f,c35f63e2bd2189bf1b30eb0943414e5cd037c2886918c7f413299bca79c67e5c,2026-09-09T13:02:43.716Z,370.16586,profile_relative_distance,0829042b4eaa7f045282fbc9fe08c209fd5c7d2b1197539791792966f906954c,36ab4a9a2ffceeeb1e7241d89cf281540d0e78acce35f27e068187e3fe0832c8,1535f33c75884c347c812f61aa056635072181ac37a47ce44ebfb1afc16ea87b
r73_non_30_20,30,"T3,T5",2,"T3,T5",2,1,1,0,2fd6a68e7a19050edc9b83a51d1680040651ea4acf06814ab41114d03447b8f1,88411b53fe4200447d2833a57b6b8858f98a2eac60997e3ed7deb6882e5a5211,2c5d8c34d22a9170a63bb04ca1f13fb3c890b2df2ff9c00ed706057cb69b7acc,b4a33f3be72f0351e918202afcb738dbb39b2be6b266655b01ebe1aa49cb1230,Stage 4A Freeze-R.1,formal,0a3f215400ce715684eb98cdce75ccbda7301b84,main,1,1d2a5ade681a6f79e6045da6f1441fc08d1b37261a7decfaf510b6b764a97576,5b3c9a914e70cd1472a611ad784ca51d2af269f307ec4c3c53cc40c7f4d2931b,24.1.0.2537033 (R2024a),GLNXA64,glnxa64,0,1,"run_stage4_freeze_r1(pwd,'formal')",2026-09-09T12:56:33.685Z,8313f3a14914316354fa22dbe4ec3d546eb572e0092c5305b62000dfdd90c16f,c35f63e2bd2189bf1b30eb0943414e5cd037c2886918c7f413299bca79c67e5c,2026-09-09T13:02:43.716Z,370.16586,profile_relative_distance,0829042b4eaa7f045282fbc9fe08c209fd5c7d2b1197539791792966f906954c,36ab4a9a2ffceeeb1e7241d89cf281540d0e78acce35f27e068187e3fe0832c8,1535f33c75884c347c812f61aa056635072181ac37a47ce44ebfb1afc16ea87b
r73_non_30_21,30,"T3,T5",2,"T3,T5",2,1,1,0,bdd525460a2703a9f19e0805ba77ee5c4965626926a838e3083d6b677e830572,c2e4f9caa23bfa98a0c171ab52f349169014067f8059a71a48bf29d6803b05f3,72e2ddaaec8c6f6e70f0c57e05e95a722d3bd018a6c63331df892c97191624b0,b4a33f3be72f0351e918202afcb738dbb39b2be6b266655b01ebe1aa49cb1230,Stage 4A Freeze-R.1,formal,0a3f215400ce715684eb98cdce75ccbda7301b84,main,1,1d2a5ade681a6f79e6045da6f1441fc08d1b37261a7decfaf510b6b764a97576,5b3c9a914e70cd1472a611ad784ca51d2af269f307ec4c3c53cc40c7f4d2931b,24.1.0.2537033 (R2024a),GLNXA64,glnxa64,0,1,"run_stage4_freeze_r1(pwd,'formal')",2026-09-09T12:56:33.685Z,8313f3a14914316354fa22dbe4ec3d546eb572e0092c5305b62000dfdd90c16f,c35f63e2bd2189bf1b30eb0943414e5cd037c2886918c7f413299bca79c67e5c,2026-09-09T13:02:43.716Z,370.16586,profile_relative_distance,0829042b4eaa7f045282fbc9fe08c209fd5c7d2b1197539791792966f906954c,36ab4a9a2ffceeeb1e7241d89cf281540d0e78acce35f27e068187e3fe0832c8,1535f33c75884c347c812f61aa056635072181ac37a47ce44ebfb1afc16ea87b
r73_non_30_22,30,"T3,T5",2,"T3,T5",2,1,1,0,83a4384b9581d26dc4e4a3712698bb295d8d97f3a0f19aaedd2a2fbcfb8cbeb8,139d9140b98539f84bcdce70ad2ad7f360178e30c86cf8a7bfa3423aee9926d6,ff10404d944ca56fa63fbbecb84efc88fee52e99f589d87973b4636f1697c4a7,b4a33f3be72f0351e918202afcb738dbb39b2be6b266655b01ebe1aa49cb1230,Stage 4A Freeze-R.1,formal,0a3f215400ce715684eb98cdce75ccbda7301b84,main,1,1d2a5ade681a6f79e6045da6f1441fc08d1b37261a7decfaf510b6b764a97576,5b3c9a914e70cd1472a611ad784ca51d2af269f307ec4c3c53cc40c7f4d2931b,24.1.0.2537033 (R2024a),GLNXA64,glnxa64,0,1,"run_stage4_freeze_r1(pwd,'formal')",2026-09-09T12:56:33.685Z,8313f3a14914316354fa22dbe4ec3d546eb572e0092c5305b62000dfdd90c16f,c35f63e2bd2189bf1b30eb0943414e5cd037c2886918c7f413299bca79c67e5c,2026-09-09T13:02:43.716Z,370.16586,profile_relative_distance,0829042b4eaa7f045282fbc9fe08c209fd5c7d2b1197539791792966f906954c,36ab4a9a2ffceeeb1e7241d89cf281540d0e78acce35f27e068187e3fe0832c8,1535f33c75884c347c812f61aa056635072181ac37a47ce44ebfb1afc16ea87b
r73_non_30_23,30,"T3,T5",2,"T3,T5",2,1,1,0,3d7c8c131eb4ddd436b3c9f6a6e6614a15952f640c07fe63ea2c21a6be9c01a3,c04ca1f2c6901f607655222233b09ed70d7b2646d3677ed277ebe34f20817953,58d6858fbaed2d194e4b827fc388d0cd360ebc1dd2775ee683d83848b1230f36,b4a33f3be72f0351e918202afcb738dbb39b2be6b266655b01ebe1aa49cb1230,Stage 4A Freeze-R.1,formal,0a3f215400ce715684eb98cdce75ccbda7301b84,main,1,1d2a5ade681a6f79e6045da6f1441fc08d1b37261a7decfaf510b6b764a97576,5b3c9a914e70cd1472a611ad784ca51d2af269f307ec4c3c53cc40c7f4d2931b,24.1.0.2537033 (R2024a),GLNXA64,glnxa64,0,1,"run_stage4_freeze_r1(pwd,'formal')",2026-09-09T12:56:33.685Z,8313f3a14914316354fa22dbe4ec3d546eb572e0092c5305b62000dfdd90c16f,c35f63e2bd2189bf1b30eb0943414e5cd037c2886918c7f413299bca79c67e5c,2026-09-09T13:02:43.716Z,370.16586,profile_relative_distance,0829042b4eaa7f045282fbc9fe08c209fd5c7d2b1197539791792966f906954c,36ab4a9a2ffceeeb1e7241d89cf281540d0e78acce35f27e068187e3fe0832c8,1535f33c75884c347c812f61aa056635072181ac37a47ce44ebfb1afc16ea87b
r73_non_30_24,30,"T3,T5",2,"T3,T5",2,1,1,0,7fa42d771ce3f885406bd8367247d98fd10a27e2c3aabcea3f41ceda22602fb7,a3cd44be96875c3398a4fe0bf99a4c513d682509ffc4d857319a7226d1f73253,0a6cda0b646c97bb77eba7a6c9cc17b69aaad792782c3837b05996109be5a0ad,b4a33f3be72f0351e918202afcb738dbb39b2be6b266655b01ebe1aa49cb1230,Stage 4A Freeze-R.1,formal,0a3f215400ce715684eb98cdce75ccbda7301b84,main,1,1d2a5ade681a6f79e6045da6f1441fc08d1b37261a7decfaf510b6b764a97576,5b3c9a914e70cd1472a611ad784ca51d2af269f307ec4c3c53cc40c7f4d2931b,24.1.0.2537033 (R2024a),GLNXA64,glnxa64,0,1,"run_stage4_freeze_r1(pwd,'formal')",2026-09-09T12:56:33.685Z,8313f3a14914316354fa22dbe4ec3d546eb572e0092c5305b62000dfdd90c16f,c35f63e2bd2189bf1b30eb0943414e5cd037c2886918c7f413299bca79c67e5c,2026-09-09T13:02:43.716Z,370.16586,profile_relative_distance,0829042b4eaa7f045282fbc9fe08c209fd5c7d2b1197539791792966f906954c,36ab4a9a2ffceeeb1e7241d89cf281540d0e78acce35f27e068187e3fe0832c8,1535f33c75884c347c812f61aa056635072181ac37a47ce44ebfb1afc16ea87b
r73_non_30_25,30,"T3,T5",2,"T3,T5",2,1,1,0,02a5abf179a31656290773d0846d227f7acebf40c1174054256e50e11610d8f7,748d361a6b31b97c2b83c97434e0e82569f0336eae2c00a7a9e393a34a14311d,7912de4892e12c8941622669764d67b4aba14e4ffc4c8bf777374bc7f9fcd275,b4a33f3be72f0351e918202afcb738dbb39b2be6b266655b01ebe1aa49cb1230,Stage 4A Freeze-R.1,formal,0a3f215400ce715684eb98cdce75ccbda7301b84,main,1,1d2a5ade681a6f79e6045da6f1441fc08d1b37261a7decfaf510b6b764a97576,5b3c9a914e70cd1472a611ad784ca51d2af269f307ec4c3c53cc40c7f4d2931b,24.1.0.2537033 (R2024a),GLNXA64,glnxa64,0,1,"run_stage4_freeze_r1(pwd,'formal')",2026-09-09T12:56:33.685Z,8313f3a14914316354fa22dbe4ec3d546eb572e0092c5305b62000dfdd90c16f,c35f63e2bd2189bf1b30eb0943414e5cd037c2886918c7f413299bca79c67e5c,2026-09-09T13:02:43.716Z,370.16586,profile_relative_distance,0829042b4eaa7f045282fbc9fe08c209fd5c7d2b1197539791792966f906954c,36ab4a9a2ffceeeb1e7241d89cf281540d0e78acce35f27e068187e3fe0832c8,1535f33c75884c347c812f61aa056635072181ac37a47ce44ebfb1afc16ea87b
r73_non_30_26,30,"T3,T5",2,"T3,T5",2,1,1,0,96f9f463837ee75fa4e814bb119795d03fee6cb0e1280979fff61376325c5a65,2da14a1c3b7a7c2109fe5e6eeceec9758c125dc2fd9476ccfe0206b9e0ae34e6,367b3d7bec73be7bc31cf7fccca384c88329b92e0974ce7e01cb1bc68a234f8f,b4a33f3be72f0351e918202afcb738dbb39b2be6b266655b01ebe1aa49cb1230,Stage 4A Freeze-R.1,formal,0a3f215400ce715684eb98cdce75ccbda7301b84,main,1,1d2a5ade681a6f79e6045da6f1441fc08d1b37261a7decfaf510b6b764a97576,5b3c9a914e70cd1472a611ad784ca51d2af269f307ec4c3c53cc40c7f4d2931b,24.1.0.2537033 (R2024a),GLNXA64,glnxa64,0,1,"run_stage4_freeze_r1(pwd,'formal')",2026-09-09T12:56:33.685Z,8313f3a14914316354fa22dbe4ec3d546eb572e0092c5305b62000dfdd90c16f,c35f63e2bd2189bf1b30eb0943414e5cd037c2886918c7f413299bca79c67e5c,2026-09-09T13:02:43.716Z,370.16586,profile_relative_distance,0829042b4eaa7f045282fbc9fe08c209fd5c7d2b1197539791792966f906954c,36ab4a9a2ffceeeb1e7241d89cf281540d0e78acce35f27e068187e3fe0832c8,1535f33c75884c347c812f61aa056635072181ac37a47ce44ebfb1afc16ea87b
r73_non_30_27,30,"T3,T5",2,"T3,T5",2,1,1,0,fd2bb1a518127305dec56d83236e4f7c8049180d8b6f67e332ec87c369a22cc0,dbffa370d941c4994ab5459aa3a4dbd03107935bfaaca7ab584ff8f6fa36880a,7c0073189f4cc45fa002dbf60c913eda632c79a4197680026c30492dceef10ad,b4a33f3be72f0351e918202afcb738dbb39b2be6b266655b01ebe1aa49cb1230,Stage 4A Freeze-R.1,formal,0a3f215400ce715684eb98cdce75ccbda7301b84,main,1,1d2a5ade681a6f79e6045da6f1441fc08d1b37261a7decfaf510b6b764a97576,5b3c9a914e70cd1472a611ad784ca51d2af269f307ec4c3c53cc40c7f4d2931b,24.1.0.2537033 (R2024a),GLNXA64,glnxa64,0,1,"run_stage4_freeze_r1(pwd,'formal')",2026-09-09T12:56:33.685Z,8313f3a14914316354fa22dbe4ec3d546eb572e0092c5305b62000dfdd90c16f,c35f63e2bd2189bf1b30eb0943414e5cd037c2886918c7f413299bca79c67e5c,2026-09-09T13:02:43.716Z,370.16586,profile_relative_distance,0829042b4eaa7f045282fbc9fe08c209fd5c7d2b1197539791792966f906954c,36ab4a9a2ffceeeb1e7241d89cf281540d0e78acce35f27e068187e3fe0832c8,1535f33c75884c347c812f61aa056635072181ac37a47ce44ebfb1afc16ea87b
r73_non_30_28,30,"T3,T5",2,"T3,T5",2,1,1,0,63f8216bc627d40c8f62acf78b58782a5acdd0134f9ac6fdbd2ac9f20d19e96a,75963b0957bb121a922463b17588d45d7d00ca2a546eeab6e26ca15c4d4636fd,354c109375a5103d1b9280f6b77cc8e4dd844861f6aa943b2456010224ff503f,b4a33f3be72f0351e918202afcb738dbb39b2be6b266655b01ebe1aa49cb1230,Stage 4A Freeze-R.1,formal,0a3f215400ce715684eb98cdce75ccbda7301b84,main,1,1d2a5ade681a6f79e6045da6f1441fc08d1b37261a7decfaf510b6b764a97576,5b3c9a914e70cd1472a611ad784ca51d2af269f307ec4c3c53cc40c7f4d2931b,24.1.0.2537033 (R2024a),GLNXA64,glnxa64,0,1,"run_stage4_freeze_r1(pwd,'formal')",2026-09-09T12:56:33.685Z,8313f3a14914316354fa22dbe4ec3d546eb572e0092c5305b62000dfdd90c16f,c35f63e2bd2189bf1b30eb0943414e5cd037c2886918c7f413299bca79c67e5c,2026-09-09T13:02:43.716Z,370.16586,profile_relative_distance,0829042b4eaa7f045282fbc9fe08c209fd5c7d2b1197539791792966f906954c,36ab4a9a2ffceeeb1e7241d89cf281540d0e78acce35f27e068187e3fe0832c8,1535f33c75884c347c812f61aa056635072181ac37a47ce44ebfb1afc16ea87b
r73_non_30_29,30,"T3,T5",2,"T3,T5",2,1,1,0,971980423d4dcb27a64e5b6e5c5a04c9bdc874ab361267406e2115f04ee7b32d,83f36f72c2b114daefaa797466be2fcbe5b5c42e1892f6e746dbf4cb135e64b0,18c3fc1bf62e0a8af3365df551608d6232842f8ea3caaa3008d77f3059c1f424,b4a33f3be72f0351e918202afcb738dbb39b2be6b266655b01ebe1aa49cb1230,Stage 4A Freeze-R.1,formal,0a3f215400ce715684eb98cdce75ccbda7301b84,main,1,1d2a5ade681a6f79e6045da6f1441fc08d1b37261a7decfaf510b6b764a97576,5b3c9a914e70cd1472a611ad784ca51d2af269f307ec4c3c53cc40c7f4d2931b,24.1.0.2537033 (R2024a),GLNXA64,glnxa64,0,1,"run_stage4_freeze_r1(pwd,'formal')",2026-09-09T12:56:33.685Z,8313f3a14914316354fa22dbe4ec3d546eb572e0092c5305b62000dfdd90c16f,c35f63e2bd2189bf1b30eb0943414e5cd037c2886918c7f413299bca79c67e5c,2026-09-09T13:02:43.716Z,370.16586,profile_relative_distance,0829042b4eaa7f045282fbc9fe08c209fd5c7d2b1197539791792966f906954c,36ab4a9a2ffceeeb1e7241d89cf281540d0e78acce35f27e068187e3fe0832c8,1535f33c75884c347c812f61aa056635072181ac37a47ce44ebfb1afc16ea87b
r73_non_30_30,30,"T3,T5",2,"T3,T5",2,1,1,0,d8c95161f1d57bf5ab65d12a8b48fa75e3b374a145110a614f9e5f67b8aa9a9d,c66ecff246b8df90e7497e6b656620fc54ba50de5f6970b9128fc5c7ef78b4f5,054d2862bef92f86daed4bd8727db428d72415af66b810a581e629a768bc5a8a,b4a33f3be72f0351e918202afcb738dbb39b2be6b266655b01ebe1aa49cb1230,Stage 4A Freeze-R.1,formal,0a3f215400ce715684eb98cdce75ccbda7301b84,main,1,1d2a5ade681a6f79e6045da6f1441fc08d1b37261a7decfaf510b6b764a97576,5b3c9a914e70cd1472a611ad784ca51d2af269f307ec4c3c53cc40c7f4d2931b,24.1.0.2537033 (R2024a),GLNXA64,glnxa64,0,1,"run_stage4_freeze_r1(pwd,'formal')",2026-09-09T12:56:33.685Z,8313f3a14914316354fa22dbe4ec3d546eb572e0092c5305b62000dfdd90c16f,c35f63e2bd2189bf1b30eb0943414e5cd037c2886918c7f413299bca79c67e5c,2026-09-09T13:02:43.716Z,370.16586,profile_relative_distance,0829042b4eaa7f045282fbc9fe08c209fd5c7d2b1197539791792966f906954c,36ab4a9a2ffceeeb1e7241d89cf281540d0e78acce35f27e068187e3fe0832c8,1535f33c75884c347c812f61aa056635072181ac37a47ce44ebfb1afc16ea87b
r73_non_30_31,30,"T3,T5",2,"T3,T5",2,1,1,0,873e08070a1393a74e0024b204a8ec825097897304b12ed701a87a0824667387,58b91e900ab79a1e8a1536ac48c82c44d11a918d278fbb22bb04e1352f9d66a4,9940b3ba553384e002c64c0590837cf5549852d2202d877abd6678ec05d9d7fb,b4a33f3be72f0351e918202afcb738dbb39b2be6b266655b01ebe1aa49cb1230,Stage 4A Freeze-R.1,formal,0a3f215400ce715684eb98cdce75ccbda7301b84,main,1,1d2a5ade681a6f79e6045da6f1441fc08d1b37261a7decfaf510b6b764a97576,5b3c9a914e70cd1472a611ad784ca51d2af269f307ec4c3c53cc40c7f4d2931b,24.1.0.2537033 (R2024a),GLNXA64,glnxa64,0,1,"run_stage4_freeze_r1(pwd,'formal')",2026-09-09T12:56:33.685Z,8313f3a14914316354fa22dbe4ec3d546eb572e0092c5305b62000dfdd90c16f,c35f63e2bd2189bf1b30eb0943414e5cd037c2886918c7f413299bca79c67e5c,2026-09-09T13:02:43.716Z,370.16586,profile_relative_distance,0829042b4eaa7f045282fbc9fe08c209fd5c7d2b1197539791792966f906954c,36ab4a9a2ffceeeb1e7241d89cf281540d0e78acce35f27e068187e3fe0832c8,1535f33c75884c347c812f61aa056635072181ac37a47ce44ebfb1afc16ea87b
r73_non_30_32,30,"T3,T5",2,"T3,T5",2,1,1,0,429220c1363c74f7a8360634051df65ce5d938eb1c90ddcc2c24bb1d4ada5f7a,17a4b31e4255bcab1035e065fcd364fb8b8b7b7b9c122bcef077e13a1307b6c2,cba2989885f27563039c1f7a53ee60a02b22d256e8cd03c2c5f5453a9cb5e36c,b4a33f3be72f0351e918202afcb738dbb39b2be6b266655b01ebe1aa49cb1230,Stage 4A Freeze-R.1,formal,0a3f215400ce715684eb98cdce75ccbda7301b84,main,1,1d2a5ade681a6f79e6045da6f1441fc08d1b37261a7decfaf510b6b764a97576,5b3c9a914e70cd1472a611ad784ca51d2af269f307ec4c3c53cc40c7f4d2931b,24.1.0.2537033 (R2024a),GLNXA64,glnxa64,0,1,"run_stage4_freeze_r1(pwd,'formal')",2026-09-09T12:56:33.685Z,8313f3a14914316354fa22dbe4ec3d546eb572e0092c5305b62000dfdd90c16f,c35f63e2bd2189bf1b30eb0943414e5cd037c2886918c7f413299bca79c67e5c,2026-09-09T13:02:43.716Z,370.16586,profile_relative_distance,0829042b4eaa7f045282fbc9fe08c209fd5c7d2b1197539791792966f906954c,36ab4a9a2ffceeeb1e7241d89cf281540d0e78acce35f27e068187e3fe0832c8,1535f33c75884c347c812f61aa056635072181ac37a47ce44ebfb1afc16ea87b
r73_non_30_33,30,"T3,T5",2,"T3,T5",2,1,1,0,b7f88ab0d42aea56b58aa684147a60296f0d4f2fb7b6f5ad14bf7088ef2b0e72,df132ce58dc12fa67bdd4e7e2378c69527521fac64b94f8dcd6ecd4fe97429ad,80974412f79934d00ec84404c2d5f944ab26aa054d6f3f0916125fce77be549c,b4a33f3be72f0351e918202afcb738dbb39b2be6b266655b01ebe1aa49cb1230,Stage 4A Freeze-R.1,formal,0a3f215400ce715684eb98cdce75ccbda7301b84,main,1,1d2a5ade681a6f79e6045da6f1441fc08d1b37261a7decfaf510b6b764a97576,5b3c9a914e70cd1472a611ad784ca51d2af269f307ec4c3c53cc40c7f4d2931b,24.1.0.2537033 (R2024a),GLNXA64,glnxa64,0,1,"run_stage4_freeze_r1(pwd,'formal')",2026-09-09T12:56:33.685Z,8313f3a14914316354fa22dbe4ec3d546eb572e0092c5305b62000dfdd90c16f,c35f63e2bd2189bf1b30eb0943414e5cd037c2886918c7f413299bca79c67e5c,2026-09-09T13:02:43.716Z,370.16586,profile_relative_distance,0829042b4eaa7f045282fbc9fe08c209fd5c7d2b1197539791792966f906954c,36ab4a9a2ffceeeb1e7241d89cf281540d0e78acce35f27e068187e3fe0832c8,1535f33c75884c347c812f61aa056635072181ac37a47ce44ebfb1afc16ea87b
r73_non_30_34,30,"T3,T5",2,"T3,T5",2,1,1,0,e6123a76057b239a625c07df32a14f8c578d282474dd2eac6eae91dc4b62588e,e275dee781384e16a5346e5013cdc3c45857c83f2245c1d9926e94977410670b,e545d77b6b04b2c790700cd565b566d9a19afd50a84433e9baa2b797c5927d4f,b4a33f3be72f0351e918202afcb738dbb39b2be6b266655b01ebe1aa49cb1230,Stage 4A Freeze-R.1,formal,0a3f215400ce715684eb98cdce75ccbda7301b84,main,1,1d2a5ade681a6f79e6045da6f1441fc08d1b37261a7decfaf510b6b764a97576,5b3c9a914e70cd1472a611ad784ca51d2af269f307ec4c3c53cc40c7f4d2931b,24.1.0.2537033 (R2024a),GLNXA64,glnxa64,0,1,"run_stage4_freeze_r1(pwd,'formal')",2026-09-09T12:56:33.685Z,8313f3a14914316354fa22dbe4ec3d546eb572e0092c5305b62000dfdd90c16f,c35f63e2bd2189bf1b30eb0943414e5cd037c2886918c7f413299bca79c67e5c,2026-09-09T13:02:43.716Z,370.16586,profile_relative_distance,0829042b4eaa7f045282fbc9fe08c209fd5c7d2b1197539791792966f906954c,36ab4a9a2ffceeeb1e7241d89cf281540d0e78acce35f27e068187e3fe0832c8,1535f33c75884c347c812f61aa056635072181ac37a47ce44ebfb1afc16ea87b
r73_non_30_35,30,"T3,T5",2,"T3,T5",2,1,1,0,79389da8643a0d91c76cbb9b107d47609180ef996a54fdbcc6dbee04257b231e,893a9f7b528b7603b2828c28de710036bccd43c3d05cebe1deb6d6729e03dad4,61ea9a546fdee23910e6144f6f3db3519acc162d321e79e00ae49cc99b9fd664,b4a33f3be72f0351e918202afcb738dbb39b2be6b266655b01ebe1aa49cb1230,Stage 4A Freeze-R.1,formal,0a3f215400ce715684eb98cdce75ccbda7301b84,main,1,1d2a5ade681a6f79e6045da6f1441fc08d1b37261a7decfaf510b6b764a97576,5b3c9a914e70cd1472a611ad784ca51d2af269f307ec4c3c53cc40c7f4d2931b,24.1.0.2537033 (R2024a),GLNXA64,glnxa64,0,1,"run_stage4_freeze_r1(pwd,'formal')",2026-09-09T12:56:33.685Z,8313f3a14914316354fa22dbe4ec3d546eb572e0092c5305b62000dfdd90c16f,c35f63e2bd2189bf1b30eb0943414e5cd037c2886918c7f413299bca79c67e5c,2026-09-09T13:02:43.716Z,370.16586,profile_relative_distance,0829042b4eaa7f045282fbc9fe08c209fd5c7d2b1197539791792966f906954c,36ab4a9a2ffceeeb1e7241d89cf281540d0e78acce35f27e068187e3fe0832c8,1535f33c75884c347c812f61aa056635072181ac37a47ce44ebfb1afc16ea87b
r73_non_30_36,30,"T3,T5",2,"T3,T5",2,1,1,0,3dcd318e72babb9b733519c0c6b6ad7fe4f8bcffdd5e2192b00c7d076f424f25,6bb1cd71fc807a1b9df330fb6361a6930cbd173e67b511bf74c7d3c171c468fa,4b1043db593ddf718019d5ee3e10bbbdecc9d72cdc2b8a3910ba673aaa135574,b4a33f3be72f0351e918202afcb738dbb39b2be6b266655b01ebe1aa49cb1230,Stage 4A Freeze-R.1,formal,0a3f215400ce715684eb98cdce75ccbda7301b84,main,1,1d2a5ade681a6f79e6045da6f1441fc08d1b37261a7decfaf510b6b764a97576,5b3c9a914e70cd1472a611ad784ca51d2af269f307ec4c3c53cc40c7f4d2931b,24.1.0.2537033 (R2024a),GLNXA64,glnxa64,0,1,"run_stage4_freeze_r1(pwd,'formal')",2026-09-09T12:56:33.685Z,8313f3a14914316354fa22dbe4ec3d546eb572e0092c5305b62000dfdd90c16f,c35f63e2bd2189bf1b30eb0943414e5cd037c2886918c7f413299bca79c67e5c,2026-09-09T13:02:43.716Z,370.16586,profile_relative_distance,0829042b4eaa7f045282fbc9fe08c209fd5c7d2b1197539791792966f906954c,36ab4a9a2ffceeeb1e7241d89cf281540d0e78acce35f27e068187e3fe0832c8,1535f33c75884c347c812f61aa056635072181ac37a47ce44ebfb1afc16ea87b
r73_non_30_37,30,"T3,T5",2,"T3,T5",2,1,1,0,3f79fd9b27cc06e06c5b85084e5a707b3b1841e952bd659ac11997c2dcc9b5fd,6bbcef66675bc7a1b596c899cfe4846bac6073832dd904a6395a1bc1abc88c8e,4faafd8980bd77e3a2b13c09f50d2ad84d947ab7d9c5b431cf6294acad6e8c48,b4a33f3be72f0351e918202afcb738dbb39b2be6b266655b01ebe1aa49cb1230,Stage 4A Freeze-R.1,formal,0a3f215400ce715684eb98cdce75ccbda7301b84,main,1,1d2a5ade681a6f79e6045da6f1441fc08d1b37261a7decfaf510b6b764a97576,5b3c9a914e70cd1472a611ad784ca51d2af269f307ec4c3c53cc40c7f4d2931b,24.1.0.2537033 (R2024a),GLNXA64,glnxa64,0,1,"run_stage4_freeze_r1(pwd,'formal')",2026-09-09T12:56:33.685Z,8313f3a14914316354fa22dbe4ec3d546eb572e0092c5305b62000dfdd90c16f,c35f63e2bd2189bf1b30eb0943414e5cd037c2886918c7f413299bca79c67e5c,2026-09-09T13:02:43.716Z,370.16586,profile_relative_distance,0829042b4eaa7f045282fbc9fe08c209fd5c7d2b1197539791792966f906954c,36ab4a9a2ffceeeb1e7241d89cf281540d0e78acce35f27e068187e3fe0832c8,1535f33c75884c347c812f61aa056635072181ac37a47ce44ebfb1afc16ea87b
r73_non_30_38,30,"T3,T5",2,"T3,T5",2,1,1,0,b54e2d10be9df7fe74d76c0505e02b25ac136ea576e445fcd1f9f5fb8817b3ed,4392368ac8ba5540b140c2c7ef1044d286f87f2d595eece704ccbc8eb984172d,067984c500030ca95457c68c291e8d37975b43a1dcf42ea2b36dc2349b59b7b0,b4a33f3be72f0351e918202afcb738dbb39b2be6b266655b01ebe1aa49cb1230,Stage 4A Freeze-R.1,formal,0a3f215400ce715684eb98cdce75ccbda7301b84,main,1,1d2a5ade681a6f79e6045da6f1441fc08d1b37261a7decfaf510b6b764a97576,5b3c9a914e70cd1472a611ad784ca51d2af269f307ec4c3c53cc40c7f4d2931b,24.1.0.2537033 (R2024a),GLNXA64,glnxa64,0,1,"run_stage4_freeze_r1(pwd,'formal')",2026-09-09T12:56:33.685Z,8313f3a14914316354fa22dbe4ec3d546eb572e0092c5305b62000dfdd90c16f,c35f63e2bd2189bf1b30eb0943414e5cd037c2886918c7f413299bca79c67e5c,2026-09-09T13:02:43.716Z,370.16586,profile_relative_distance,0829042b4eaa7f045282fbc9fe08c209fd5c7d2b1197539791792966f906954c,36ab4a9a2ffceeeb1e7241d89cf281540d0e78acce35f27e068187e3fe0832c8,1535f33c75884c347c812f61aa056635072181ac37a47ce44ebfb1afc16ea87b
r73_non_30_39,30,"T3,T5",2,"T3,T5",2,1,1,0,508555d63a3974556dd596a9f1b4d7f69bb3bd91d0e7c27b09757da85a5d265a,8a596d425ab7056e3458812363427dadb0a1ceb5cccc4be973fcc7c77ff8b1b6,2590ab741f6430f24b91a46d9afb0c94b69ff6144bd168a89af17b1a746cde6a,b4a33f3be72f0351e918202afcb738dbb39b2be6b266655b01ebe1aa49cb1230,Stage 4A Freeze-R.1,formal,0a3f215400ce715684eb98cdce75ccbda7301b84,main,1,1d2a5ade681a6f79e6045da6f1441fc08d1b37261a7decfaf510b6b764a97576,5b3c9a914e70cd1472a611ad784ca51d2af269f307ec4c3c53cc40c7f4d2931b,24.1.0.2537033 (R2024a),GLNXA64,glnxa64,0,1,"run_stage4_freeze_r1(pwd,'formal')",2026-09-09T12:56:33.685Z,8313f3a14914316354fa22dbe4ec3d546eb572e0092c5305b62000dfdd90c16f,c35f63e2bd2189bf1b30eb0943414e5cd037c2886918c7f413299bca79c67e5c,2026-09-09T13:02:43.716Z,370.16586,profile_relative_distance,0829042b4eaa7f045282fbc9fe08c209fd5c7d2b1197539791792966f906954c,36ab4a9a2ffceeeb1e7241d89cf281540d0e78acce35f27e068187e3fe0832c8,1535f33c75884c347c812f61aa056635072181ac37a47ce44ebfb1afc16ea87b
r73_non_30_40,30,"T3,T5",2,"T3,T5",2,1,1,0,ac6d6c76e97cd6a2f3f320da59e4fab151ef93a25c4df4c7d30f3e4f99f2adb8,cdb3197e97df44c0d892dd5f901b63dac6fcc53c27b3ef727dcdc10471c33fa2,f41d03a452168f8a8a9eba5112b83acda84fcc42352225f4c91bfe8e283c0f1d,b4a33f3be72f0351e918202afcb738dbb39b2be6b266655b01ebe1aa49cb1230,Stage 4A Freeze-R.1,formal,0a3f215400ce715684eb98cdce75ccbda7301b84,main,1,1d2a5ade681a6f79e6045da6f1441fc08d1b37261a7decfaf510b6b764a97576,5b3c9a914e70cd1472a611ad784ca51d2af269f307ec4c3c53cc40c7f4d2931b,24.1.0.2537033 (R2024a),GLNXA64,glnxa64,0,1,"run_stage4_freeze_r1(pwd,'formal')",2026-09-09T12:56:33.685Z,8313f3a14914316354fa22dbe4ec3d546eb572e0092c5305b62000dfdd90c16f,c35f63e2bd2189bf1b30eb0943414e5cd037c2886918c7f413299bca79c67e5c,2026-09-09T13:02:43.716Z,370.16586,profile_relative_distance,0829042b4eaa7f045282fbc9fe08c209fd5c7d2b1197539791792966f906954c,36ab4a9a2ffceeeb1e7241d89cf281540d0e78acce35f27e068187e3fe0832c8,1535f33c75884c347c812f61aa056635072181ac37a47ce44ebfb1afc16ea87b
r73_non_10_01,10,"T3,T5",2,"T3,T5",2,1,1,0,049760f201fbd588c31835a9b5910b8f07cd5d8656c8209bda79f7ac101b8db1,fc423d46eb8249ee09383ca27f76348674cbf254fd45601558f0683bbcae76d3,9d743dc89fa0a2c97525e9a73ca29c3e1917f81156479232d6a2b24b2417fc28,b4a33f3be72f0351e918202afcb738dbb39b2be6b266655b01ebe1aa49cb1230,Stage 4A Freeze-R.1,formal,0a3f215400ce715684eb98cdce75ccbda7301b84,main,1,1d2a5ade681a6f79e6045da6f1441fc08d1b37261a7decfaf510b6b764a97576,5b3c9a914e70cd1472a611ad784ca51d2af269f307ec4c3c53cc40c7f4d2931b,24.1.0.2537033 (R2024a),GLNXA64,glnxa64,0,1,"run_stage4_freeze_r1(pwd,'formal')",2026-09-09T12:56:33.685Z,8313f3a14914316354fa22dbe4ec3d546eb572e0092c5305b62000dfdd90c16f,c35f63e2bd2189bf1b30eb0943414e5cd037c2886918c7f413299bca79c67e5c,2026-09-09T13:02:43.716Z,370.16586,profile_relative_distance,0829042b4eaa7f045282fbc9fe08c209fd5c7d2b1197539791792966f906954c,36ab4a9a2ffceeeb1e7241d89cf281540d0e78acce35f27e068187e3fe0832c8,1535f33c75884c347c812f61aa056635072181ac37a47ce44ebfb1afc16ea87b
r73_non_10_02,10,"T3,T5",2,"T3,T5",2,1,1,0,426e2e98318ca9f07bec00bb5d8e88408d2a5f35c92d23de5d2b3a98441b570b,e8c1998ea8792fbc3a8ecbc42266f85c516e85124b103ba43189b7f91ad2f5c8,261c901598c3fbe62a77eb4b142f3d890080c8da044f5f259483df68dd98bc54,b4a33f3be72f0351e918202afcb738dbb39b2be6b266655b01ebe1aa49cb1230,Stage 4A Freeze-R.1,formal,0a3f215400ce715684eb98cdce75ccbda7301b84,main,1,1d2a5ade681a6f79e6045da6f1441fc08d1b37261a7decfaf510b6b764a97576,5b3c9a914e70cd1472a611ad784ca51d2af269f307ec4c3c53cc40c7f4d2931b,24.1.0.2537033 (R2024a),GLNXA64,glnxa64,0,1,"run_stage4_freeze_r1(pwd,'formal')",2026-09-09T12:56:33.685Z,8313f3a14914316354fa22dbe4ec3d546eb572e0092c5305b62000dfdd90c16f,c35f63e2bd2189bf1b30eb0943414e5cd037c2886918c7f413299bca79c67e5c,2026-09-09T13:02:43.716Z,370.16586,profile_relative_distance,0829042b4eaa7f045282fbc9fe08c209fd5c7d2b1197539791792966f906954c,36ab4a9a2ffceeeb1e7241d89cf281540d0e78acce35f27e068187e3fe0832c8,1535f33c75884c347c812f61aa056635072181ac37a47ce44ebfb1afc16ea87b
r73_non_10_03,10,"T3,T5",2,"T3,T5",2,1,1,0,b85b1e058613a51a69a53ffdb3913d520cae431e583850aa2568b12ef1ee12d3,6ff9a4d4a25a2a286ce3353ca7f5eb3fd047511a32bac6c975790c8abdb671bb,dc3cde93710294807a897e6a758bd6044e7cd6739e2610bdbcf7a4cec3c21813,b4a33f3be72f0351e918202afcb738dbb39b2be6b266655b01ebe1aa49cb1230,Stage 4A Freeze-R.1,formal,0a3f215400ce715684eb98cdce75ccbda7301b84,main,1,1d2a5ade681a6f79e6045da6f1441fc08d1b37261a7decfaf510b6b764a97576,5b3c9a914e70cd1472a611ad784ca51d2af269f307ec4c3c53cc40c7f4d2931b,24.1.0.2537033 (R2024a),GLNXA64,glnxa64,0,1,"run_stage4_freeze_r1(pwd,'formal')",2026-09-09T12:56:33.685Z,8313f3a14914316354fa22dbe4ec3d546eb572e0092c5305b62000dfdd90c16f,c35f63e2bd2189bf1b30eb0943414e5cd037c2886918c7f413299bca79c67e5c,2026-09-09T13:02:43.716Z,370.16586,profile_relative_distance,0829042b4eaa7f045282fbc9fe08c209fd5c7d2b1197539791792966f906954c,36ab4a9a2ffceeeb1e7241d89cf281540d0e78acce35f27e068187e3fe0832c8,1535f33c75884c347c812f61aa056635072181ac37a47ce44ebfb1afc16ea87b
r73_non_10_04,10,"T3,T5",2,"T3,T5",2,1,1,0,a7afe840bd28dca07d310a7d23c72d1a11ac811705e6a581459a3de05a6275a8,b1db9a9bf7e9bddf4d5519aa8cef5298fd34e3d365a0ff902895d0fc9fcfbcac,53aa5083c8d12b559d2060ddbca6e51ffe93a5c2fa92167643ada2300c3c404f,b4a33f3be72f0351e918202afcb738dbb39b2be6b266655b01ebe1aa49cb1230,Stage 4A Freeze-R.1,formal,0a3f215400ce715684eb98cdce75ccbda7301b84,main,1,1d2a5ade681a6f79e6045da6f1441fc08d1b37261a7decfaf510b6b764a97576,5b3c9a914e70cd1472a611ad784ca51d2af269f307ec4c3c53cc40c7f4d2931b,24.1.0.2537033 (R2024a),GLNXA64,glnxa64,0,1,"run_stage4_freeze_r1(pwd,'formal')",2026-09-09T12:56:33.685Z,8313f3a14914316354fa22dbe4ec3d546eb572e0092c5305b62000dfdd90c16f,c35f63e2bd2189bf1b30eb0943414e5cd037c2886918c7f413299bca79c67e5c,2026-09-09T13:02:43.716Z,370.16586,profile_relative_distance,0829042b4eaa7f045282fbc9fe08c209fd5c7d2b1197539791792966f906954c,36ab4a9a2ffceeeb1e7241d89cf281540d0e78acce35f27e068187e3fe0832c8,1535f33c75884c347c812f61aa056635072181ac37a47ce44ebfb1afc16ea87b
r73_non_10_05,10,"T3,T5",2,"T3,T5",2,1,1,0,2869b899dcbd2a423649b3bd41311aaa64fdd859f6eb53b63a29fd06d0525620,035b4ccafdb4e8f8fe6550ed8b7136616c8342f00fbc72db9cc5e8023427423e,4f3a8518f85fb6ee42821401adace703e0b2b0dbb38ea2a9e480c30ed65fa5a0,b4a33f3be72f0351e918202afcb738dbb39b2be6b266655b01ebe1aa49cb1230,Stage 4A Freeze-R.1,formal,0a3f215400ce715684eb98cdce75ccbda7301b84,main,1,1d2a5ade681a6f79e6045da6f1441fc08d1b37261a7decfaf510b6b764a97576,5b3c9a914e70cd1472a611ad784ca51d2af269f307ec4c3c53cc40c7f4d2931b,24.1.0.2537033 (R2024a),GLNXA64,glnxa64,0,1,"run_stage4_freeze_r1(pwd,'formal')",2026-09-09T12:56:33.685Z,8313f3a14914316354fa22dbe4ec3d546eb572e0092c5305b62000dfdd90c16f,c35f63e2bd2189bf1b30eb0943414e5cd037c2886918c7f413299bca79c67e5c,2026-09-09T13:02:43.716Z,370.16586,profile_relative_distance,0829042b4eaa7f045282fbc9fe08c209fd5c7d2b1197539791792966f906954c,36ab4a9a2ffceeeb1e7241d89cf281540d0e78acce35f27e068187e3fe0832c8,1535f33c75884c347c812f61aa056635072181ac37a47ce44ebfb1afc16ea87b
r73_non_10_06,10,"T3,T5",2,"T3,T5",2,1,1,0,6b99282d50b496db1832ff4e29c6f5e8adf75232ac87570452459de98ca5b6ea,5f9f919ce893e5843b0303451c69bbfdb44b42c603e4555d929ffb6cd25d8724,8aa6e704b88b1309dda1497a8531ac0c741430b1f433b0f8fd1c011c017809b0,b4a33f3be72f0351e918202afcb738dbb39b2be6b266655b01ebe1aa49cb1230,Stage 4A Freeze-R.1,formal,0a3f215400ce715684eb98cdce75ccbda7301b84,main,1,1d2a5ade681a6f79e6045da6f1441fc08d1b37261a7decfaf510b6b764a97576,5b3c9a914e70cd1472a611ad784ca51d2af269f307ec4c3c53cc40c7f4d2931b,24.1.0.2537033 (R2024a),GLNXA64,glnxa64,0,1,"run_stage4_freeze_r1(pwd,'formal')",2026-09-09T12:56:33.685Z,8313f3a14914316354fa22dbe4ec3d546eb572e0092c5305b62000dfdd90c16f,c35f63e2bd2189bf1b30eb0943414e5cd037c2886918c7f413299bca79c67e5c,2026-09-09T13:02:43.716Z,370.16586,profile_relative_distance,0829042b4eaa7f045282fbc9fe08c209fd5c7d2b1197539791792966f906954c,36ab4a9a2ffceeeb1e7241d89cf281540d0e78acce35f27e068187e3fe0832c8,1535f33c75884c347c812f61aa056635072181ac37a47ce44ebfb1afc16ea87b
r73_non_10_07,10,"T3,T5",2,"T3,T5",2,1,1,0,411527b85c1594bd822e19211986692f0c406815690dd883e595b79ba3841d56,8e01709f3d58e9c169bbe2c19c68f5959291033be773bfa155d31614cc123f32,bd61a92eef61383eecceeefd8549b5e8ed0a9e5473ca7bafbec9b384244d8438,b4a33f3be72f0351e918202afcb738dbb39b2be6b266655b01ebe1aa49cb1230,Stage 4A Freeze-R.1,formal,0a3f215400ce715684eb98cdce75ccbda7301b84,main,1,1d2a5ade681a6f79e6045da6f1441fc08d1b37261a7decfaf510b6b764a97576,5b3c9a914e70cd1472a611ad784ca51d2af269f307ec4c3c53cc40c7f4d2931b,24.1.0.2537033 (R2024a),GLNXA64,glnxa64,0,1,"run_stage4_freeze_r1(pwd,'formal')",2026-09-09T12:56:33.685Z,8313f3a14914316354fa22dbe4ec3d546eb572e0092c5305b62000dfdd90c16f,c35f63e2bd2189bf1b30eb0943414e5cd037c2886918c7f413299bca79c67e5c,2026-09-09T13:02:43.716Z,370.16586,profile_relative_distance,0829042b4eaa7f045282fbc9fe08c209fd5c7d2b1197539791792966f906954c,36ab4a9a2ffceeeb1e7241d89cf281540d0e78acce35f27e068187e3fe0832c8,1535f33c75884c347c812f61aa056635072181ac37a47ce44ebfb1afc16ea87b
r73_non_10_08,10,"T3,T5",2,"T3,T5",2,1,1,0,f9f89d3c7a89c778db028b83bed9370ef1a8efbb1cbb73d339022d7f53a415b6,254195a89baaf5e23a1caf7bbb6f094a58dc0c91c84f9eec16bd22c0505a5cca,1efdc6a0ba5c13ebc74cdaceb9e79e8e2f9cd0850939220879ba70f044aef829,b4a33f3be72f0351e918202afcb738dbb39b2be6b266655b01ebe1aa49cb1230,Stage 4A Freeze-R.1,formal,0a3f215400ce715684eb98cdce75ccbda7301b84,main,1,1d2a5ade681a6f79e6045da6f1441fc08d1b37261a7decfaf510b6b764a97576,5b3c9a914e70cd1472a611ad784ca51d2af269f307ec4c3c53cc40c7f4d2931b,24.1.0.2537033 (R2024a),GLNXA64,glnxa64,0,1,"run_stage4_freeze_r1(pwd,'formal')",2026-09-09T12:56:33.685Z,8313f3a14914316354fa22dbe4ec3d546eb572e0092c5305b62000dfdd90c16f,c35f63e2bd2189bf1b30eb0943414e5cd037c2886918c7f413299bca79c67e5c,2026-09-09T13:02:43.716Z,370.16586,profile_relative_distance,0829042b4eaa7f045282fbc9fe08c209fd5c7d2b1197539791792966f906954c,36ab4a9a2ffceeeb1e7241d89cf281540d0e78acce35f27e068187e3fe0832c8,1535f33c75884c347c812f61aa056635072181ac37a47ce44ebfb1afc16ea87b
r73_non_10_09,10,"T3,T5",2,"T3,T5",2,1,1,0,03f5e3f78f52359d13785490af8804d4c200fea87383ebeb7fbbb4e2abc7f541,1355e2cbab6c9f2c3c415c5c58f9fad8430cdd620488d11484528ee876937a16,88500b79d39ee19c127f35103f034364a4fb8f00ce49c2ae8767ce56c60fe747,b4a33f3be72f0351e918202afcb738dbb39b2be6b266655b01ebe1aa49cb1230,Stage 4A Freeze-R.1,formal,0a3f215400ce715684eb98cdce75ccbda7301b84,main,1,1d2a5ade681a6f79e6045da6f1441fc08d1b37261a7decfaf510b6b764a97576,5b3c9a914e70cd1472a611ad784ca51d2af269f307ec4c3c53cc40c7f4d2931b,24.1.0.2537033 (R2024a),GLNXA64,glnxa64,0,1,"run_stage4_freeze_r1(pwd,'formal')",2026-09-09T12:56:33.685Z,8313f3a14914316354fa22dbe4ec3d546eb572e0092c5305b62000dfdd90c16f,c35f63e2bd2189bf1b30eb0943414e5cd037c2886918c7f413299bca79c67e5c,2026-09-09T13:02:43.716Z,370.16586,profile_relative_distance,0829042b4eaa7f045282fbc9fe08c209fd5c7d2b1197539791792966f906954c,36ab4a9a2ffceeeb1e7241d89cf281540d0e78acce35f27e068187e3fe0832c8,1535f33c75884c347c812f61aa056635072181ac37a47ce44ebfb1afc16ea87b
r73_non_10_10,10,"T3,T5",2,"T3,T5",2,1,1,0,e94a58d1fccc6b50a1c669b5014c31d4abb20120030657555e5fa2682ee60128,02fb4a6e7d173da500bf37f7de2814589d3d9a9f30d11d686fffcdac85c3a913,62618571de77862f0164bb11da9cf047b3e8a4d18a0ca62ada62b83de24533ad,b4a33f3be72f0351e918202afcb738dbb39b2be6b266655b01ebe1aa49cb1230,Stage 4A Freeze-R.1,formal,0a3f215400ce715684eb98cdce75ccbda7301b84,main,1,1d2a5ade681a6f79e6045da6f1441fc08d1b37261a7decfaf510b6b764a97576,5b3c9a914e70cd1472a611ad784ca51d2af269f307ec4c3c53cc40c7f4d2931b,24.1.0.2537033 (R2024a),GLNXA64,glnxa64,0,1,"run_stage4_freeze_r1(pwd,'formal')",2026-09-09T12:56:33.685Z,8313f3a14914316354fa22dbe4ec3d546eb572e0092c5305b62000dfdd90c16f,c35f63e2bd2189bf1b30eb0943414e5cd037c2886918c7f413299bca79c67e5c,2026-09-09T13:02:43.716Z,370.16586,profile_relative_distance,0829042b4eaa7f045282fbc9fe08c209fd5c7d2b1197539791792966f906954c,36ab4a9a2ffceeeb1e7241d89cf281540d0e78acce35f27e068187e3fe0832c8,1535f33c75884c347c812f61aa056635072181ac37a47ce44ebfb1afc16ea87b
r73_non_10_11,10,"T3,T5",2,"T3,T5",2,1,1,0,54f6ff6c91edf1ddf18f67288bd7fde43ea0fa99213bfaf76ef8e465780f445b,605344720a3a008ade8fc24fc5ca9e2beefeb8649ec79176b236394a7a491f99,60400c66a0a144ab542a55f357b7a6359ddd353a09159e755d569e12f35a3cdb,b4a33f3be72f0351e918202afcb738dbb39b2be6b266655b01ebe1aa49cb1230,Stage 4A Freeze-R.1,formal,0a3f215400ce715684eb98cdce75ccbda7301b84,main,1,1d2a5ade681a6f79e6045da6f1441fc08d1b37261a7decfaf510b6b764a97576,5b3c9a914e70cd1472a611ad784ca51d2af269f307ec4c3c53cc40c7f4d2931b,24.1.0.2537033 (R2024a),GLNXA64,glnxa64,0,1,"run_stage4_freeze_r1(pwd,'formal')",2026-09-09T12:56:33.685Z,8313f3a14914316354fa22dbe4ec3d546eb572e0092c5305b62000dfdd90c16f,c35f63e2bd2189bf1b30eb0943414e5cd037c2886918c7f413299bca79c67e5c,2026-09-09T13:02:43.716Z,370.16586,profile_relative_distance,0829042b4eaa7f045282fbc9fe08c209fd5c7d2b1197539791792966f906954c,36ab4a9a2ffceeeb1e7241d89cf281540d0e78acce35f27e068187e3fe0832c8,1535f33c75884c347c812f61aa056635072181ac37a47ce44ebfb1afc16ea87b
r73_non_10_12,10,"T3,T5",2,"T3,T5",2,1,1,0,c1b9b56c7f61ec222a888d274529c7a4eeb77f6fd6327de1755e895e7b85d5d8,c26adb6683b38b1d82e3e287131e414e72fb59a20d0f1a948413e9c2bffd7b38,3e402da7ff2ae214714841b637a985e351b35e1eacae9d57e881102d655c8464,b4a33f3be72f0351e918202afcb738dbb39b2be6b266655b01ebe1aa49cb1230,Stage 4A Freeze-R.1,formal,0a3f215400ce715684eb98cdce75ccbda7301b84,main,1,1d2a5ade681a6f79e6045da6f1441fc08d1b37261a7decfaf510b6b764a97576,5b3c9a914e70cd1472a611ad784ca51d2af269f307ec4c3c53cc40c7f4d2931b,24.1.0.2537033 (R2024a),GLNXA64,glnxa64,0,1,"run_stage4_freeze_r1(pwd,'formal')",2026-09-09T12:56:33.685Z,8313f3a14914316354fa22dbe4ec3d546eb572e0092c5305b62000dfdd90c16f,c35f63e2bd2189bf1b30eb0943414e5cd037c2886918c7f413299bca79c67e5c,2026-09-09T13:02:43.716Z,370.16586,profile_relative_distance,0829042b4eaa7f045282fbc9fe08c209fd5c7d2b1197539791792966f906954c,36ab4a9a2ffceeeb1e7241d89cf281540d0e78acce35f27e068187e3fe0832c8,1535f33c75884c347c812f61aa056635072181ac37a47ce44ebfb1afc16ea87b
r73_non_10_13,10,"T3,T5",2,"T3,T5",2,1,1,0,b592048561b3728f24a729c5dce0d8f0ba9d641dcdee898e47e21c33e96e72cd,4e6f10722d15054c465269132358fae4ce74a30c1987741a1f5aa66ea11e78aa,079af2a46ebf8bceafd43737a447e6b70e98ef27b095adb632f30f0afe1c2410,b4a33f3be72f0351e918202afcb738dbb39b2be6b266655b01ebe1aa49cb1230,Stage 4A Freeze-R.1,formal,0a3f215400ce715684eb98cdce75ccbda7301b84,main,1,1d2a5ade681a6f79e6045da6f1441fc08d1b37261a7decfaf510b6b764a97576,5b3c9a914e70cd1472a611ad784ca51d2af269f307ec4c3c53cc40c7f4d2931b,24.1.0.2537033 (R2024a),GLNXA64,glnxa64,0,1,"run_stage4_freeze_r1(pwd,'formal')",2026-09-09T12:56:33.685Z,8313f3a14914316354fa22dbe4ec3d546eb572e0092c5305b62000dfdd90c16f,c35f63e2bd2189bf1b30eb0943414e5cd037c2886918c7f413299bca79c67e5c,2026-09-09T13:02:43.716Z,370.16586,profile_relative_distance,0829042b4eaa7f045282fbc9fe08c209fd5c7d2b1197539791792966f906954c,36ab4a9a2ffceeeb1e7241d89cf281540d0e78acce35f27e068187e3fe0832c8,1535f33c75884c347c812f61aa056635072181ac37a47ce44ebfb1afc16ea87b
r73_non_10_14,10,"T3,T5",2,"T3,T5",2,1,1,0,2cb9fa128238f7ca7cf9dbd9912faff1930fcfb48d6944b7fff3b354a484abf6,022d718b590fefd4c5d842618d51e550a1986b69a0a17de415b2d81a617f8103,d38e8f766821534a04ae4a2be73d78002caf5e1898715d2cb940d60d987ba511,b4a33f3be72f0351e918202afcb738dbb39b2be6b266655b01ebe1aa49cb1230,Stage 4A Freeze-R.1,formal,0a3f215400ce715684eb98cdce75ccbda7301b84,main,1,1d2a5ade681a6f79e6045da6f1441fc08d1b37261a7decfaf510b6b764a97576,5b3c9a914e70cd1472a611ad784ca51d2af269f307ec4c3c53cc40c7f4d2931b,24.1.0.2537033 (R2024a),GLNXA64,glnxa64,0,1,"run_stage4_freeze_r1(pwd,'formal')",2026-09-09T12:56:33.685Z,8313f3a14914316354fa22dbe4ec3d546eb572e0092c5305b62000dfdd90c16f,c35f63e2bd2189bf1b30eb0943414e5cd037c2886918c7f413299bca79c67e5c,2026-09-09T13:02:43.716Z,370.16586,profile_relative_distance,0829042b4eaa7f045282fbc9fe08c209fd5c7d2b1197539791792966f906954c,36ab4a9a2ffceeeb1e7241d89cf281540d0e78acce35f27e068187e3fe0832c8,1535f33c75884c347c812f61aa056635072181ac37a47ce44ebfb1afc16ea87b
r73_non_10_15,10,"T3,T5",2,"T3,T5",2,1,1,0,738ef2d65c7676e101a4b4be6d8e7b909109cfd16f20bf4e6aaf7067c92c21e5,e5cc349c904f2e46d24c30b252eb05edbdf33d9c49219e9d52c5184ed56ee91e,21db60258586755ae4eef00796425cb96daac2c17fc5ee2c081ced69d79f4f7d,b4a33f3be72f0351e918202afcb738dbb39b2be6b266655b01ebe1aa49cb1230,Stage 4A Freeze-R.1,formal,0a3f215400ce715684eb98cdce75ccbda7301b84,main,1,1d2a5ade681a6f79e6045da6f1441fc08d1b37261a7decfaf510b6b764a97576,5b3c9a914e70cd1472a611ad784ca51d2af269f307ec4c3c53cc40c7f4d2931b,24.1.0.2537033 (R2024a),GLNXA64,glnxa64,0,1,"run_stage4_freeze_r1(pwd,'formal')",2026-09-09T12:56:33.685Z,8313f3a14914316354fa22dbe4ec3d546eb572e0092c5305b62000dfdd90c16f,c35f63e2bd2189bf1b30eb0943414e5cd037c2886918c7f413299bca79c67e5c,2026-09-09T13:02:43.716Z,370.16586,profile_relative_distance,0829042b4eaa7f045282fbc9fe08c209fd5c7d2b1197539791792966f906954c,36ab4a9a2ffceeeb1e7241d89cf281540d0e78acce35f27e068187e3fe0832c8,1535f33c75884c347c812f61aa056635072181ac37a47ce44ebfb1afc16ea87b
r73_non_10_16,10,"T3,T5",2,"T3,T5",2,1,1,0,11cddf456e10e01f9dff897aa8c7262bafa0b0c61016054dd935f961029fa314,00e0fd3276416592529e7eabd169ea6ce7dc3cc40d206c9fad3b609d3fb0ce2a,026bd71ac6896b88e29fa093f7cf80a39e0e1179303c1799e7b56a9e4b02b880,b4a33f3be72f0351e918202afcb738dbb39b2be6b266655b01ebe1aa49cb1230,Stage 4A Freeze-R.1,formal,0a3f215400ce715684eb98cdce75ccbda7301b84,main,1,1d2a5ade681a6f79e6045da6f1441fc08d1b37261a7decfaf510b6b764a97576,5b3c9a914e70cd1472a611ad784ca51d2af269f307ec4c3c53cc40c7f4d2931b,24.1.0.2537033 (R2024a),GLNXA64,glnxa64,0,1,"run_stage4_freeze_r1(pwd,'formal')",2026-09-09T12:56:33.685Z,8313f3a14914316354fa22dbe4ec3d546eb572e0092c5305b62000dfdd90c16f,c35f63e2bd2189bf1b30eb0943414e5cd037c2886918c7f413299bca79c67e5c,2026-09-09T13:02:43.716Z,370.16586,profile_relative_distance,0829042b4eaa7f045282fbc9fe08c209fd5c7d2b1197539791792966f906954c,36ab4a9a2ffceeeb1e7241d89cf281540d0e78acce35f27e068187e3fe0832c8,1535f33c75884c347c812f61aa056635072181ac37a47ce44ebfb1afc16ea87b
r73_non_10_17,10,"T3,T5",2,"T3,T5",2,1,1,0,64440079f6383cefbddc43d120373e73eb0069ea0d6b407cda4082bd25b4d5b9,1524f46c787b05b90890922f15e0090ea529962b968a1f900b1d4a3c48bb5c77,40f6dde87c114ee2cc893465ba3c3a1c4909f27fd9176195a9fba8c3d8a28f00,b4a33f3be72f0351e918202afcb738dbb39b2be6b266655b01ebe1aa49cb1230,Stage 4A Freeze-R.1,formal,0a3f215400ce715684eb98cdce75ccbda7301b84,main,1,1d2a5ade681a6f79e6045da6f1441fc08d1b37261a7decfaf510b6b764a97576,5b3c9a914e70cd1472a611ad784ca51d2af269f307ec4c3c53cc40c7f4d2931b,24.1.0.2537033 (R2024a),GLNXA64,glnxa64,0,1,"run_stage4_freeze_r1(pwd,'formal')",2026-09-09T12:56:33.685Z,8313f3a14914316354fa22dbe4ec3d546eb572e0092c5305b62000dfdd90c16f,c35f63e2bd2189bf1b30eb0943414e5cd037c2886918c7f413299bca79c67e5c,2026-09-09T13:02:43.716Z,370.16586,profile_relative_distance,0829042b4eaa7f045282fbc9fe08c209fd5c7d2b1197539791792966f906954c,36ab4a9a2ffceeeb1e7241d89cf281540d0e78acce35f27e068187e3fe0832c8,1535f33c75884c347c812f61aa056635072181ac37a47ce44ebfb1afc16ea87b
r73_non_10_18,10,"T3,T5",2,"T3,T5",2,1,1,0,4f08d23f542923a02781487188d3829a86b8ca043c6522db0a77ad9668cbc9d7,615c507b73ffe80b440b97427a7f1e933f980ab2ce278fefb8b8c1c228ce63f5,81bb8ac3859c9c792a1a8c131b78df6d1673f1a399b6afefa7fdd15eb3345e73,b4a33f3be72f0351e918202afcb738dbb39b2be6b266655b01ebe1aa49cb1230,Stage 4A Freeze-R.1,formal,0a3f215400ce715684eb98cdce75ccbda7301b84,main,1,1d2a5ade681a6f79e6045da6f1441fc08d1b37261a7decfaf510b6b764a97576,5b3c9a914e70cd1472a611ad784ca51d2af269f307ec4c3c53cc40c7f4d2931b,24.1.0.2537033 (R2024a),GLNXA64,glnxa64,0,1,"run_stage4_freeze_r1(pwd,'formal')",2026-09-09T12:56:33.685Z,8313f3a14914316354fa22dbe4ec3d546eb572e0092c5305b62000dfdd90c16f,c35f63e2bd2189bf1b30eb0943414e5cd037c2886918c7f413299bca79c67e5c,2026-09-09T13:02:43.716Z,370.16586,profile_relative_distance,0829042b4eaa7f045282fbc9fe08c209fd5c7d2b1197539791792966f906954c,36ab4a9a2ffceeeb1e7241d89cf281540d0e78acce35f27e068187e3fe0832c8,1535f33c75884c347c812f61aa056635072181ac37a47ce44ebfb1afc16ea87b
r73_non_10_19,10,"T3,T5",2,"T3,T5",2,1,1,0,89e39c6e4231f844abbdc4cade3878d7149ccdf9fa9bb0be8f6c93aaadf69a50,96f485b43fb5245bc6bd9d9e5deae063eded869b3e685c7c2098cad1d5f257f8,741d43bc9ef9a7687d979893aa07bf17e98c2c86496ce65cad6cd305dbabe392,b4a33f3be72f0351e918202afcb738dbb39b2be6b266655b01ebe1aa49cb1230,Stage 4A Freeze-R.1,formal,0a3f215400ce715684eb98cdce75ccbda7301b84,main,1,1d2a5ade681a6f79e6045da6f1441fc08d1b37261a7decfaf510b6b764a97576,5b3c9a914e70cd1472a611ad784ca51d2af269f307ec4c3c53cc40c7f4d2931b,24.1.0.2537033 (R2024a),GLNXA64,glnxa64,0,1,"run_stage4_freeze_r1(pwd,'formal')",2026-09-09T12:56:33.685Z,8313f3a14914316354fa22dbe4ec3d546eb572e0092c5305b62000dfdd90c16f,c35f63e2bd2189bf1b30eb0943414e5cd037c2886918c7f413299bca79c67e5c,2026-09-09T13:02:43.716Z,370.16586,profile_relative_distance,0829042b4eaa7f045282fbc9fe08c209fd5c7d2b1197539791792966f906954c,36ab4a9a2ffceeeb1e7241d89cf281540d0e78acce35f27e068187e3fe0832c8,1535f33c75884c347c812f61aa056635072181ac37a47ce44ebfb1afc16ea87b
r73_non_10_20,10,"T3,T5",2,"T3,T5",2,1,1,0,94f047639911d5ed3b86b048baa5d2d3b7823361aa683ca6b386f6344bce3173,54c7013e49bc97131ef1dd7f138f7aa8de7b1befc6577e1ab995b119222c2196,7708c3e76f38aba9cad0bbd49bda3c48ef7e83d48af685b70dc5852cc2865f32,b4a33f3be72f0351e918202afcb738dbb39b2be6b266655b01ebe1aa49cb1230,Stage 4A Freeze-R.1,formal,0a3f215400ce715684eb98cdce75ccbda7301b84,main,1,1d2a5ade681a6f79e6045da6f1441fc08d1b37261a7decfaf510b6b764a97576,5b3c9a914e70cd1472a611ad784ca51d2af269f307ec4c3c53cc40c7f4d2931b,24.1.0.2537033 (R2024a),GLNXA64,glnxa64,0,1,"run_stage4_freeze_r1(pwd,'formal')",2026-09-09T12:56:33.685Z,8313f3a14914316354fa22dbe4ec3d546eb572e0092c5305b62000dfdd90c16f,c35f63e2bd2189bf1b30eb0943414e5cd037c2886918c7f413299bca79c67e5c,2026-09-09T13:02:43.716Z,370.16586,profile_relative_distance,0829042b4eaa7f045282fbc9fe08c209fd5c7d2b1197539791792966f906954c,36ab4a9a2ffceeeb1e7241d89cf281540d0e78acce35f27e068187e3fe0832c8,1535f33c75884c347c812f61aa056635072181ac37a47ce44ebfb1afc16ea87b
r73_non_10_21,10,"T3,T5",2,"T3,T5",2,1,1,0,4ba6771e6fb5db4817cd9e81cdfa033c1847dd1c0c303201d8bc8108b2b84633,74656784ac57b5a5b8ac5e21a44c853342746fe86438abdb8f86c0391aac4226,9f3ab5a514d1cf64c9d8c2d716848a33bb003b87ffdeb6ff6c4f4678d6ad8687,b4a33f3be72f0351e918202afcb738dbb39b2be6b266655b01ebe1aa49cb1230,Stage 4A Freeze-R.1,formal,0a3f215400ce715684eb98cdce75ccbda7301b84,main,1,1d2a5ade681a6f79e6045da6f1441fc08d1b37261a7decfaf510b6b764a97576,5b3c9a914e70cd1472a611ad784ca51d2af269f307ec4c3c53cc40c7f4d2931b,24.1.0.2537033 (R2024a),GLNXA64,glnxa64,0,1,"run_stage4_freeze_r1(pwd,'formal')",2026-09-09T12:56:33.685Z,8313f3a14914316354fa22dbe4ec3d546eb572e0092c5305b62000dfdd90c16f,c35f63e2bd2189bf1b30eb0943414e5cd037c2886918c7f413299bca79c67e5c,2026-09-09T13:02:43.716Z,370.16586,profile_relative_distance,0829042b4eaa7f045282fbc9fe08c209fd5c7d2b1197539791792966f906954c,36ab4a9a2ffceeeb1e7241d89cf281540d0e78acce35f27e068187e3fe0832c8,1535f33c75884c347c812f61aa056635072181ac37a47ce44ebfb1afc16ea87b
r73_non_10_22,10,"T3,T5",2,"T3,T5",2,1,1,0,1b7d18d6bfa798ae678a2634693178c042cb79c1cf1b433e77e914c8e4ee2ef0,d42490f6cee8963a8015a83d57642c28080a4d3ac65f3b1c787edfc2115e4384,ecb03961740ac36106f154bf9588cc8ebd4038e43c72ea0bb6c5c08882e27a9c,b4a33f3be72f0351e918202afcb738dbb39b2be6b266655b01ebe1aa49cb1230,Stage 4A Freeze-R.1,formal,0a3f215400ce715684eb98cdce75ccbda7301b84,main,1,1d2a5ade681a6f79e6045da6f1441fc08d1b37261a7decfaf510b6b764a97576,5b3c9a914e70cd1472a611ad784ca51d2af269f307ec4c3c53cc40c7f4d2931b,24.1.0.2537033 (R2024a),GLNXA64,glnxa64,0,1,"run_stage4_freeze_r1(pwd,'formal')",2026-09-09T12:56:33.685Z,8313f3a14914316354fa22dbe4ec3d546eb572e0092c5305b62000dfdd90c16f,c35f63e2bd2189bf1b30eb0943414e5cd037c2886918c7f413299bca79c67e5c,2026-09-09T13:02:43.716Z,370.16586,profile_relative_distance,0829042b4eaa7f045282fbc9fe08c209fd5c7d2b1197539791792966f906954c,36ab4a9a2ffceeeb1e7241d89cf281540d0e78acce35f27e068187e3fe0832c8,1535f33c75884c347c812f61aa056635072181ac37a47ce44ebfb1afc16ea87b
r73_non_10_23,10,"T3,T5",2,"T3,T5",2,1,1,0,466406f6c738b637ceaded0acff90063db8f4e2cde4bae633afa4fb5b7906ed5,2599fa202d1aa3cf8d640b8ad6255e544c1382985aa1a5974ac79c01db605a36,706380a9bedc24cb0b4c200c7c38675cf5ba4bb2a9c90514f2fc77eceef5108f,b4a33f3be72f0351e918202afcb738dbb39b2be6b266655b01ebe1aa49cb1230,Stage 4A Freeze-R.1,formal,0a3f215400ce715684eb98cdce75ccbda7301b84,main,1,1d2a5ade681a6f79e6045da6f1441fc08d1b37261a7decfaf510b6b764a97576,5b3c9a914e70cd1472a611ad784ca51d2af269f307ec4c3c53cc40c7f4d2931b,24.1.0.2537033 (R2024a),GLNXA64,glnxa64,0,1,"run_stage4_freeze_r1(pwd,'formal')",2026-09-09T12:56:33.685Z,8313f3a14914316354fa22dbe4ec3d546eb572e0092c5305b62000dfdd90c16f,c35f63e2bd2189bf1b30eb0943414e5cd037c2886918c7f413299bca79c67e5c,2026-09-09T13:02:43.716Z,370.16586,profile_relative_distance,0829042b4eaa7f045282fbc9fe08c209fd5c7d2b1197539791792966f906954c,36ab4a9a2ffceeeb1e7241d89cf281540d0e78acce35f27e068187e3fe0832c8,1535f33c75884c347c812f61aa056635072181ac37a47ce44ebfb1afc16ea87b
r73_non_10_24,10,"T3,T5",2,"T3,T5",2,1,1,0,5d0800bb6bf1a66b0af674668d3d26fa50e122457a1de978a8172e481c840fb8,5cc336c25f51e5863d0502f2124b02688ea89283a3793938835177aca248fb47,855ef712e680cdf55fe975bee96345cfaa94aea50bfd6faba57ca86083015bad,b4a33f3be72f0351e918202afcb738dbb39b2be6b266655b01ebe1aa49cb1230,Stage 4A Freeze-R.1,formal,0a3f215400ce715684eb98cdce75ccbda7301b84,main,1,1d2a5ade681a6f79e6045da6f1441fc08d1b37261a7decfaf510b6b764a97576,5b3c9a914e70cd1472a611ad784ca51d2af269f307ec4c3c53cc40c7f4d2931b,24.1.0.2537033 (R2024a),GLNXA64,glnxa64,0,1,"run_stage4_freeze_r1(pwd,'formal')",2026-09-09T12:56:33.685Z,8313f3a14914316354fa22dbe4ec3d546eb572e0092c5305b62000dfdd90c16f,c35f63e2bd2189bf1b30eb0943414e5cd037c2886918c7f413299bca79c67e5c,2026-09-09T13:02:43.716Z,370.16586,profile_relative_distance,0829042b4eaa7f045282fbc9fe08c209fd5c7d2b1197539791792966f906954c,36ab4a9a2ffceeeb1e7241d89cf281540d0e78acce35f27e068187e3fe0832c8,1535f33c75884c347c812f61aa056635072181ac37a47ce44ebfb1afc16ea87b
r73_non_10_25,10,"T3,T5",2,"T3,T5",2,1,1,0,bd28740ffa299a6d7a7c40f49e09a3aa91e029d5cf4871573339f601dc4dc99c,c8b5bf5f539ec0f4528271ae7c53c4ebf047d102bc632c83fb7953514471e33c,174d242f9220f47c5188c7fc75bbf31d16bde84b63e7c10452e1ea7bca5bc64d,b4a33f3be72f0351e918202afcb738dbb39b2be6b266655b01ebe1aa49cb1230,Stage 4A Freeze-R.1,formal,0a3f215400ce715684eb98cdce75ccbda7301b84,main,1,1d2a5ade681a6f79e6045da6f1441fc08d1b37261a7decfaf510b6b764a97576,5b3c9a914e70cd1472a611ad784ca51d2af269f307ec4c3c53cc40c7f4d2931b,24.1.0.2537033 (R2024a),GLNXA64,glnxa64,0,1,"run_stage4_freeze_r1(pwd,'formal')",2026-09-09T12:56:33.685Z,8313f3a14914316354fa22dbe4ec3d546eb572e0092c5305b62000dfdd90c16f,c35f63e2bd2189bf1b30eb0943414e5cd037c2886918c7f413299bca79c67e5c,2026-09-09T13:02:43.716Z,370.16586,profile_relative_distance,0829042b4eaa7f045282fbc9fe08c209fd5c7d2b1197539791792966f906954c,36ab4a9a2ffceeeb1e7241d89cf281540d0e78acce35f27e068187e3fe0832c8,1535f33c75884c347c812f61aa056635072181ac37a47ce44ebfb1afc16ea87b
r73_non_10_26,10,"T3,T5",2,"T5",1,1,0,1,dc51750578ddfb1e2b8bf14032f9b729b4329d8c81501690080b12de7f7b7989,1647adc4dbab7fb581e326876e3259560758973ff13281bbde16bee257676410,1fa9c386fdf25e901b9a36514cfc7066f9f76453205d69d44d00576a066163c9,b4a33f3be72f0351e918202afcb738dbb39b2be6b266655b01ebe1aa49cb1230,Stage 4A Freeze-R.1,formal,0a3f215400ce715684eb98cdce75ccbda7301b84,main,1,1d2a5ade681a6f79e6045da6f1441fc08d1b37261a7decfaf510b6b764a97576,5b3c9a914e70cd1472a611ad784ca51d2af269f307ec4c3c53cc40c7f4d2931b,24.1.0.2537033 (R2024a),GLNXA64,glnxa64,0,1,"run_stage4_freeze_r1(pwd,'formal')",2026-09-09T12:56:33.685Z,8313f3a14914316354fa22dbe4ec3d546eb572e0092c5305b62000dfdd90c16f,c35f63e2bd2189bf1b30eb0943414e5cd037c2886918c7f413299bca79c67e5c,2026-09-09T13:02:43.716Z,370.16586,profile_relative_distance,0829042b4eaa7f045282fbc9fe08c209fd5c7d2b1197539791792966f906954c,36ab4a9a2ffceeeb1e7241d89cf281540d0e78acce35f27e068187e3fe0832c8,1535f33c75884c347c812f61aa056635072181ac37a47ce44ebfb1afc16ea87b
r73_non_10_27,10,"T3,T5",2,"T3,T5",2,1,1,0,21ddfc9b4dd17bb8128ede2dc2a5577d89f979228d44d68d6df44b8f14ba2fa1,a08562a3fdbbdb3a21c2796a5d87508304e08662df6e656e5b4effb294bc82a8,641f80aa41d3e404a6f000220bc7498448f22ca567f9e7126afa6db24a410829,b4a33f3be72f0351e918202afcb738dbb39b2be6b266655b01ebe1aa49cb1230,Stage 4A Freeze-R.1,formal,0a3f215400ce715684eb98cdce75ccbda7301b84,main,1,1d2a5ade681a6f79e6045da6f1441fc08d1b37261a7decfaf510b6b764a97576,5b3c9a914e70cd1472a611ad784ca51d2af269f307ec4c3c53cc40c7f4d2931b,24.1.0.2537033 (R2024a),GLNXA64,glnxa64,0,1,"run_stage4_freeze_r1(pwd,'formal')",2026-09-09T12:56:33.685Z,8313f3a14914316354fa22dbe4ec3d546eb572e0092c5305b62000dfdd90c16f,c35f63e2bd2189bf1b30eb0943414e5cd037c2886918c7f413299bca79c67e5c,2026-09-09T13:02:43.716Z,370.16586,profile_relative_distance,0829042b4eaa7f045282fbc9fe08c209fd5c7d2b1197539791792966f906954c,36ab4a9a2ffceeeb1e7241d89cf281540d0e78acce35f27e068187e3fe0832c8,1535f33c75884c347c812f61aa056635072181ac37a47ce44ebfb1afc16ea87b
r73_non_10_28,10,"T3,T5",2,"T3,T5",2,1,1,0,353ed2ff1e4b8f0f38dddb6828d98dc048c060952451061f340a60b995b2410c,8a178b26eb8cea021b3c65ec238665bdd9f8214f846fa72cfc5f20366bd64674,81f0dacd78e6b944883f5244a064746effe9d10d681f9c59310ee5d807f9c201,b4a33f3be72f0351e918202afcb738dbb39b2be6b266655b01ebe1aa49cb1230,Stage 4A Freeze-R.1,formal,0a3f215400ce715684eb98cdce75ccbda7301b84,main,1,1d2a5ade681a6f79e6045da6f1441fc08d1b37261a7decfaf510b6b764a97576,5b3c9a914e70cd1472a611ad784ca51d2af269f307ec4c3c53cc40c7f4d2931b,24.1.0.2537033 (R2024a),GLNXA64,glnxa64,0,1,"run_stage4_freeze_r1(pwd,'formal')",2026-09-09T12:56:33.685Z,8313f3a14914316354fa22dbe4ec3d546eb572e0092c5305b62000dfdd90c16f,c35f63e2bd2189bf1b30eb0943414e5cd037c2886918c7f413299bca79c67e5c,2026-09-09T13:02:43.716Z,370.16586,profile_relative_distance,0829042b4eaa7f045282fbc9fe08c209fd5c7d2b1197539791792966f906954c,36ab4a9a2ffceeeb1e7241d89cf281540d0e78acce35f27e068187e3fe0832c8,1535f33c75884c347c812f61aa056635072181ac37a47ce44ebfb1afc16ea87b
r73_non_10_29,10,"T3,T5",2,"T3,T5",2,1,1,0,7685c11d763ef0ca054db33ba47ba5ec33e4e5b0f071eaddc4f8c3de2ac1bf85,3988cd517fb9eee477b3f03e9f2fcb508b521a0b0727d269c0538504fdbcd6ca,8c7ce41a1ef133806c573005ba0f4afa64836dd50ecaa4996b7f16c9a33b8a6d,b4a33f3be72f0351e918202afcb738dbb39b2be6b266655b01ebe1aa49cb1230,Stage 4A Freeze-R.1,formal,0a3f215400ce715684eb98cdce75ccbda7301b84,main,1,1d2a5ade681a6f79e6045da6f1441fc08d1b37261a7decfaf510b6b764a97576,5b3c9a914e70cd1472a611ad784ca51d2af269f307ec4c3c53cc40c7f4d2931b,24.1.0.2537033 (R2024a),GLNXA64,glnxa64,0,1,"run_stage4_freeze_r1(pwd,'formal')",2026-09-09T12:56:33.685Z,8313f3a14914316354fa22dbe4ec3d546eb572e0092c5305b62000dfdd90c16f,c35f63e2bd2189bf1b30eb0943414e5cd037c2886918c7f413299bca79c67e5c,2026-09-09T13:02:43.716Z,370.16586,profile_relative_distance,0829042b4eaa7f045282fbc9fe08c209fd5c7d2b1197539791792966f906954c,36ab4a9a2ffceeeb1e7241d89cf281540d0e78acce35f27e068187e3fe0832c8,1535f33c75884c347c812f61aa056635072181ac37a47ce44ebfb1afc16ea87b
r73_non_10_30,10,"T3,T5",2,"T3,T5",2,1,1,0,5ca73999aa420de7d76853ae736ea26c4f3c4b75d41edea460e8c410c15bcd17,0de4c3e069a62340e320a08a1bef264cb3b2b9c6b48939ce28cb8fb67d7959b6,42296ec0d717c92d85c6f986be72f99e4389246bbe08150579d064c94b90dbb2,b4a33f3be72f0351e918202afcb738dbb39b2be6b266655b01ebe1aa49cb1230,Stage 4A Freeze-R.1,formal,0a3f215400ce715684eb98cdce75ccbda7301b84,main,1,1d2a5ade681a6f79e6045da6f1441fc08d1b37261a7decfaf510b6b764a97576,5b3c9a914e70cd1472a611ad784ca51d2af269f307ec4c3c53cc40c7f4d2931b,24.1.0.2537033 (R2024a),GLNXA64,glnxa64,0,1,"run_stage4_freeze_r1(pwd,'formal')",2026-09-09T12:56:33.685Z,8313f3a14914316354fa22dbe4ec3d546eb572e0092c5305b62000dfdd90c16f,c35f63e2bd2189bf1b30eb0943414e5cd037c2886918c7f413299bca79c67e5c,2026-09-09T13:02:43.716Z,370.16586,profile_relative_distance,0829042b4eaa7f045282fbc9fe08c209fd5c7d2b1197539791792966f906954c,36ab4a9a2ffceeeb1e7241d89cf281540d0e78acce35f27e068187e3fe0832c8,1535f33c75884c347c812f61aa056635072181ac37a47ce44ebfb1afc16ea87b
r73_non_10_31,10,"T3,T5",2,"T3,T5",2,1,1,0,1fcdb9f89e71a84bb4d364240bffb1a7c1eb7738721034ded96a72c7196cbb68,4941d169ca9d6f8f723bf812b16c20202587025b6b9d90d49821754166edbbc8,cf655cf9c1914b7b4a61880adca440db93887f94fcd33b5ae1e1ab9063cff06d,b4a33f3be72f0351e918202afcb738dbb39b2be6b266655b01ebe1aa49cb1230,Stage 4A Freeze-R.1,formal,0a3f215400ce715684eb98cdce75ccbda7301b84,main,1,1d2a5ade681a6f79e6045da6f1441fc08d1b37261a7decfaf510b6b764a97576,5b3c9a914e70cd1472a611ad784ca51d2af269f307ec4c3c53cc40c7f4d2931b,24.1.0.2537033 (R2024a),GLNXA64,glnxa64,0,1,"run_stage4_freeze_r1(pwd,'formal')",2026-09-09T12:56:33.685Z,8313f3a14914316354fa22dbe4ec3d546eb572e0092c5305b62000dfdd90c16f,c35f63e2bd2189bf1b30eb0943414e5cd037c2886918c7f413299bca79c67e5c,2026-09-09T13:02:43.716Z,370.16586,profile_relative_distance,0829042b4eaa7f045282fbc9fe08c209fd5c7d2b1197539791792966f906954c,36ab4a9a2ffceeeb1e7241d89cf281540d0e78acce35f27e068187e3fe0832c8,1535f33c75884c347c812f61aa056635072181ac37a47ce44ebfb1afc16ea87b
r73_non_10_32,10,"T3,T5",2,"T3,T5",2,1,1,0,e65b8c6599f1e0671a1505b0af8e50a26d74cd15f710b336722216c11888d207,d9d0b6486ea5a338ae63b0542d3e0285fa0ab8b9f49e617ecf94227978796f30,22d7023dde2a87e0de83cff957ae1be14038979e80d8abef67a6305c7ef83fa2,b4a33f3be72f0351e918202afcb738dbb39b2be6b266655b01ebe1aa49cb1230,Stage 4A Freeze-R.1,formal,0a3f215400ce715684eb98cdce75ccbda7301b84,main,1,1d2a5ade681a6f79e6045da6f1441fc08d1b37261a7decfaf510b6b764a97576,5b3c9a914e70cd1472a611ad784ca51d2af269f307ec4c3c53cc40c7f4d2931b,24.1.0.2537033 (R2024a),GLNXA64,glnxa64,0,1,"run_stage4_freeze_r1(pwd,'formal')",2026-09-09T12:56:33.685Z,8313f3a14914316354fa22dbe4ec3d546eb572e0092c5305b62000dfdd90c16f,c35f63e2bd2189bf1b30eb0943414e5cd037c2886918c7f413299bca79c67e5c,2026-09-09T13:02:43.716Z,370.16586,profile_relative_distance,0829042b4eaa7f045282fbc9fe08c209fd5c7d2b1197539791792966f906954c,36ab4a9a2ffceeeb1e7241d89cf281540d0e78acce35f27e068187e3fe0832c8,1535f33c75884c347c812f61aa056635072181ac37a47ce44ebfb1afc16ea87b
r73_non_10_33,10,"T3,T5",2,"T3,T5",2,1,1,0,a7886f8b9d19158d10c95207cd50a2e59d04b9ae26138e03e8e0d33aa409a665,2e1492b50e690fd88ab328c0f0282d8e3fa41b2dcda6a40f5b05eb5b6e1aa3a5,1ebacf768962c2bbdb6bcebdb61f32f422686068c45f9d7755a5a86cabf45ed1,b4a33f3be72f0351e918202afcb738dbb39b2be6b266655b01ebe1aa49cb1230,Stage 4A Freeze-R.1,formal,0a3f215400ce715684eb98cdce75ccbda7301b84,main,1,1d2a5ade681a6f79e6045da6f1441fc08d1b37261a7decfaf510b6b764a97576,5b3c9a914e70cd1472a611ad784ca51d2af269f307ec4c3c53cc40c7f4d2931b,24.1.0.2537033 (R2024a),GLNXA64,glnxa64,0,1,"run_stage4_freeze_r1(pwd,'formal')",2026-09-09T12:56:33.685Z,8313f3a14914316354fa22dbe4ec3d546eb572e0092c5305b62000dfdd90c16f,c35f63e2bd2189bf1b30eb0943414e5cd037c2886918c7f413299bca79c67e5c,2026-09-09T13:02:43.716Z,370.16586,profile_relative_distance,0829042b4eaa7f045282fbc9fe08c209fd5c7d2b1197539791792966f906954c,36ab4a9a2ffceeeb1e7241d89cf281540d0e78acce35f27e068187e3fe0832c8,1535f33c75884c347c812f61aa056635072181ac37a47ce44ebfb1afc16ea87b
r73_non_10_34,10,"T3,T5",2,"T3,T5",2,1,1,0,4115fc5b05b8208b96d3e38b524aa62036965f07b1e7d5012684907046eed594,f8d1a3cbb5759e651fad22eb8c9f3b6d8bfb75999181337687b00558516e746e,14318c7a2afd8050c137762405a50b908e945d3f52be4ec6200862a653db5dd8,b4a33f3be72f0351e918202afcb738dbb39b2be6b266655b01ebe1aa49cb1230,Stage 4A Freeze-R.1,formal,0a3f215400ce715684eb98cdce75ccbda7301b84,main,1,1d2a5ade681a6f79e6045da6f1441fc08d1b37261a7decfaf510b6b764a97576,5b3c9a914e70cd1472a611ad784ca51d2af269f307ec4c3c53cc40c7f4d2931b,24.1.0.2537033 (R2024a),GLNXA64,glnxa64,0,1,"run_stage4_freeze_r1(pwd,'formal')",2026-09-09T12:56:33.685Z,8313f3a14914316354fa22dbe4ec3d546eb572e0092c5305b62000dfdd90c16f,c35f63e2bd2189bf1b30eb0943414e5cd037c2886918c7f413299bca79c67e5c,2026-09-09T13:02:43.716Z,370.16586,profile_relative_distance,0829042b4eaa7f045282fbc9fe08c209fd5c7d2b1197539791792966f906954c,36ab4a9a2ffceeeb1e7241d89cf281540d0e78acce35f27e068187e3fe0832c8,1535f33c75884c347c812f61aa056635072181ac37a47ce44ebfb1afc16ea87b
r73_non_10_35,10,"T3,T5",2,"T3,T5",2,1,1,0,d27c6cc358e1f01b45b2df31c27c7583919a8e5f439ba48c1e8b81f15f2d933c,8547d84d9c0d42f65efb5ce635f9adfa8d7d489eeddec2ae19891d18c091ee02,fdf475940ff553e9b61ddb9b3d2975aea3d53b8eae5f492e34b6dc462826c3bb,b4a33f3be72f0351e918202afcb738dbb39b2be6b266655b01ebe1aa49cb1230,Stage 4A Freeze-R.1,formal,0a3f215400ce715684eb98cdce75ccbda7301b84,main,1,1d2a5ade681a6f79e6045da6f1441fc08d1b37261a7decfaf510b6b764a97576,5b3c9a914e70cd1472a611ad784ca51d2af269f307ec4c3c53cc40c7f4d2931b,24.1.0.2537033 (R2024a),GLNXA64,glnxa64,0,1,"run_stage4_freeze_r1(pwd,'formal')",2026-09-09T12:56:33.685Z,8313f3a14914316354fa22dbe4ec3d546eb572e0092c5305b62000dfdd90c16f,c35f63e2bd2189bf1b30eb0943414e5cd037c2886918c7f413299bca79c67e5c,2026-09-09T13:02:43.716Z,370.16586,profile_relative_distance,0829042b4eaa7f045282fbc9fe08c209fd5c7d2b1197539791792966f906954c,36ab4a9a2ffceeeb1e7241d89cf281540d0e78acce35f27e068187e3fe0832c8,1535f33c75884c347c812f61aa056635072181ac37a47ce44ebfb1afc16ea87b
r73_non_10_36,10,"T3,T5",2,"T3,T5",2,1,1,0,8eef4295438a411d170220371fdc0cde48461a92fe303955ac6deee64097c80d,ac074d165982a861d0d6aec45ed588be0fa846174dd2dc3f204fa21be543d126,5a0cc70bb0a79fc77e3c3d52655bfcad8929f855974a12aedb69948f9aa43695,b4a33f3be72f0351e918202afcb738dbb39b2be6b266655b01ebe1aa49cb1230,Stage 4A Freeze-R.1,formal,0a3f215400ce715684eb98cdce75ccbda7301b84,main,1,1d2a5ade681a6f79e6045da6f1441fc08d1b37261a7decfaf510b6b764a97576,5b3c9a914e70cd1472a611ad784ca51d2af269f307ec4c3c53cc40c7f4d2931b,24.1.0.2537033 (R2024a),GLNXA64,glnxa64,0,1,"run_stage4_freeze_r1(pwd,'formal')",2026-09-09T12:56:33.685Z,8313f3a14914316354fa22dbe4ec3d546eb572e0092c5305b62000dfdd90c16f,c35f63e2bd2189bf1b30eb0943414e5cd037c2886918c7f413299bca79c67e5c,2026-09-09T13:02:43.716Z,370.16586,profile_relative_distance,0829042b4eaa7f045282fbc9fe08c209fd5c7d2b1197539791792966f906954c,36ab4a9a2ffceeeb1e7241d89cf281540d0e78acce35f27e068187e3fe0832c8,1535f33c75884c347c812f61aa056635072181ac37a47ce44ebfb1afc16ea87b
r73_non_10_37,10,"T3,T5",2,"T3,T5",2,1,1,0,0ed5abc87222984315fd574b859d67f00b1e0700bf31d3a2172da32878c5130a,8094a7baa65f7cf7f831a1ff2f7c04acb7bb5f3a8deca9f4073f9860584f9c6d,3ba6b3792aae70d4024856b0cb2f047a21a457c41e4ff43a546767ca9daae4f9,b4a33f3be72f0351e918202afcb738dbb39b2be6b266655b01ebe1aa49cb1230,Stage 4A Freeze-R.1,formal,0a3f215400ce715684eb98cdce75ccbda7301b84,main,1,1d2a5ade681a6f79e6045da6f1441fc08d1b37261a7decfaf510b6b764a97576,5b3c9a914e70cd1472a611ad784ca51d2af269f307ec4c3c53cc40c7f4d2931b,24.1.0.2537033 (R2024a),GLNXA64,glnxa64,0,1,"run_stage4_freeze_r1(pwd,'formal')",2026-09-09T12:56:33.685Z,8313f3a14914316354fa22dbe4ec3d546eb572e0092c5305b62000dfdd90c16f,c35f63e2bd2189bf1b30eb0943414e5cd037c2886918c7f413299bca79c67e5c,2026-09-09T13:02:43.716Z,370.16586,profile_relative_distance,0829042b4eaa7f045282fbc9fe08c209fd5c7d2b1197539791792966f906954c,36ab4a9a2ffceeeb1e7241d89cf281540d0e78acce35f27e068187e3fe0832c8,1535f33c75884c347c812f61aa056635072181ac37a47ce44ebfb1afc16ea87b
r73_non_10_38,10,"T3,T5",2,"T3,T5",2,1,1,0,683423dd913f89cbb2bd228cb35354e94b2a06ccb4923c19b41f699ac344422a,d52132dd1aa9b5eed706222e112fcba1579f8901aebb9feaa684871b3d9aaf15,eb48afc0792d64a7727b84e3b35b30d20948c74e2d075abcf8414e580c354c61,b4a33f3be72f0351e918202afcb738dbb39b2be6b266655b01ebe1aa49cb1230,Stage 4A Freeze-R.1,formal,0a3f215400ce715684eb98cdce75ccbda7301b84,main,1,1d2a5ade681a6f79e6045da6f1441fc08d1b37261a7decfaf510b6b764a97576,5b3c9a914e70cd1472a611ad784ca51d2af269f307ec4c3c53cc40c7f4d2931b,24.1.0.2537033 (R2024a),GLNXA64,glnxa64,0,1,"run_stage4_freeze_r1(pwd,'formal')",2026-09-09T12:56:33.685Z,8313f3a14914316354fa22dbe4ec3d546eb572e0092c5305b62000dfdd90c16f,c35f63e2bd2189bf1b30eb0943414e5cd037c2886918c7f413299bca79c67e5c,2026-09-09T13:02:43.716Z,370.16586,profile_relative_distance,0829042b4eaa7f045282fbc9fe08c209fd5c7d2b1197539791792966f906954c,36ab4a9a2ffceeeb1e7241d89cf281540d0e78acce35f27e068187e3fe0832c8,1535f33c75884c347c812f61aa056635072181ac37a47ce44ebfb1afc16ea87b
r73_non_10_39,10,"T3,T5",2,"T3,T5",2,1,1,0,f42e57dbb47a87c881752a0fb914d9e9980469737d2dae9ff7446de4e6970397,31368a13e03808c2e6fe3abd6ec05617357847bb8cd4b493cf8dc159da073431,499c592d33f48480d5219d7decdab008feb80e513641502eda1721e22d08af1d,b4a33f3be72f0351e918202afcb738dbb39b2be6b266655b01ebe1aa49cb1230,Stage 4A Freeze-R.1,formal,0a3f215400ce715684eb98cdce75ccbda7301b84,main,1,1d2a5ade681a6f79e6045da6f1441fc08d1b37261a7decfaf510b6b764a97576,5b3c9a914e70cd1472a611ad784ca51d2af269f307ec4c3c53cc40c7f4d2931b,24.1.0.2537033 (R2024a),GLNXA64,glnxa64,0,1,"run_stage4_freeze_r1(pwd,'formal')",2026-09-09T12:56:33.685Z,8313f3a14914316354fa22dbe4ec3d546eb572e0092c5305b62000dfdd90c16f,c35f63e2bd2189bf1b30eb0943414e5cd037c2886918c7f413299bca79c67e5c,2026-09-09T13:02:43.716Z,370.16586,profile_relative_distance,0829042b4eaa7f045282fbc9fe08c209fd5c7d2b1197539791792966f906954c,36ab4a9a2ffceeeb1e7241d89cf281540d0e78acce35f27e068187e3fe0832c8,1535f33c75884c347c812f61aa056635072181ac37a47ce44ebfb1afc16ea87b
r73_non_10_40,10,"T3,T5",2,"T3,T5",2,1,1,0,eac9fc0c5d944ada76ed8a37f63ea6071faf987967b941b6115b7e2e02af7c98,856342e1344a504c904c5d24ca0f3a8d436d2e87304e86aa7faf705c725e5ab2,436e876fc0afd0f2ffb9d111be5b39dd0dc8e727e59257c476438ac311291128,b4a33f3be72f0351e918202afcb738dbb39b2be6b266655b01ebe1aa49cb1230,Stage 4A Freeze-R.1,formal,0a3f215400ce715684eb98cdce75ccbda7301b84,main,1,1d2a5ade681a6f79e6045da6f1441fc08d1b37261a7decfaf510b6b764a97576,5b3c9a914e70cd1472a611ad784ca51d2af269f307ec4c3c53cc40c7f4d2931b,24.1.0.2537033 (R2024a),GLNXA64,glnxa64,0,1,"run_stage4_freeze_r1(pwd,'formal')",2026-09-09T12:56:33.685Z,8313f3a14914316354fa22dbe4ec3d546eb572e0092c5305b62000dfdd90c16f,c35f63e2bd2189bf1b30eb0943414e5cd037c2886918c7f413299bca79c67e5c,2026-09-09T13:02:43.716Z,370.16586,profile_relative_distance,0829042b4eaa7f045282fbc9fe08c209fd5c7d2b1197539791792966f906954c,36ab4a9a2ffceeeb1e7241d89cf281540d0e78acce35f27e068187e3fe0832c8,1535f33c75884c347c812f61aa056635072181ac37a47ce44ebfb1afc16ea87b
