sample_id,split,scenario,scheme,flow,budget,truth_id,truth_signature,truth_in_initial,truth_in_search_pool,theoretically_reachable,min_edit_steps,domain_out,parameter_seed,noise_seed,true_main_scale,true_load_scale,generated,active,not_generated,pruned,truth_in_set,candidate_count,profile_evaluations,optimizer_evaluations,forward_calls,wall_clock_s,best_candidate,second_candidate,truth_rank,truth_distance,closest_competitor,competitor_distance,distance_1,distance_2,margin,candidate_set,set_size,fit_statistic,fit_threshold,fit_pass,search_truncated,state,reason,correct_unique,false_unique
T_inlib_G001_001,T_inlib,G001,H50,B,0,G001,"M=20,20,20,20,|T=0,0,0,0,|B=none",1,1,1,0,0,211100001,311100001,1.01963586068804,1.06123958804439,0,1,0,0,1,3,3,132,133,0.043363,G001,G003,1,1.06604730400494,G003,5.94795133367101,1.06604730400494,5.94795133367101,4.88190402966606,G001,1,1.00393747380672,1.31144114284432,1,0,UNIQUE_CONFIDENT,single_candidate_with_margin,1,0
T_inlib_G001_001,T_inlib,G001,H50,C,5,G001,"M=20,20,20,20,|T=0,0,0,0,|B=none",1,1,1,0,0,211100001,311100001,1.01963586068804,1.06123958804439,0,1,0,0,1,5,8,352,353,0.104642,G001,MIRROR_M3,1,1.06604730400494,MIRROR_M3,5.947951333671,1.06604730400494,5.947951333671,4.88190402966606,G001,1,1.00393747380672,1.31144114284432,1,1,LOW_CONFIDENCE,search_budget_truncated,0,0
T_inlib_G001_002,T_inlib,G001,H50,B,0,G001,"M=20,20,20,20,|T=0,0,0,0,|B=none",1,1,1,0,0,211100002,311100002,1.00847276378123,0.918128102411007,0,1,0,0,1,3,3,132,133,0.038523,G001,G003,1,1.02684977944494,G003,6.09483716285741,1.02684977944494,6.09483716285741,5.06798738341247,G001,1,1.22516358691557,1.31144114284432,1,0,UNIQUE_CONFIDENT,single_candidate_with_margin,1,0
T_inlib_G001_002,T_inlib,G001,H50,C,5,G001,"M=20,20,20,20,|T=0,0,0,0,|B=none",1,1,1,0,0,211100002,311100002,1.00847276378123,0.918128102411007,0,1,0,0,1,5,8,352,353,0.104241,G001,MIRROR_M3,1,1.02684977944494,MIRROR_M3,6.09483716285741,1.02684977944494,6.09483716285741,5.06798738341247,G001,1,1.22516358691557,1.31144114284432,1,1,LOW_CONFIDENCE,search_budget_truncated,0,0
T_inlib_G001_003,T_inlib,G001,H50,B,0,G001,"M=20,20,20,20,|T=0,0,0,0,|B=none",1,1,1,0,0,211100003,311100003,1.0194099508561,1.14100091425716,0,1,0,0,1,3,3,130,131,0.039883,G001,G003,1,1.25380603659024,G003,5.80003589016753,1.25380603659024,5.80003589016753,4.5462298535773,G001,1,1.04803515986536,1.31144114284432,1,0,UNIQUE_CONFIDENT,single_candidate_with_margin,1,0
T_inlib_G001_003,T_inlib,G001,H50,C,5,G001,"M=20,20,20,20,|T=0,0,0,0,|B=none",1,1,1,0,0,211100003,311100003,1.0194099508561,1.14100091425716,0,1,0,0,1,5,8,348,349,0.103884,G001,MIRROR_M3,1,1.25380603659024,MIRROR_M3,5.80003589016753,1.25380603659024,5.80003589016753,4.5462298535773,G001,1,1.04803515986536,1.31144114284432,1,1,LOW_CONFIDENCE,search_budget_truncated,0,0
T_inlib_G001_004,T_inlib,G001,H50,B,0,G001,"M=20,20,20,20,|T=0,0,0,0,|B=none",1,1,1,0,0,211100004,311100004,1.00035273128711,1.16233951895729,0,1,0,0,1,3,3,132,133,0.03854,G001,G003,1,1.06192674926587,G003,6.04065362350332,1.06192674926587,6.04065362350332,4.97872687423745,G001,1,1.13110262972309,1.31144114284432,1,0,UNIQUE_CONFIDENT,single_candidate_with_margin,1,0
T_inlib_G001_004,T_inlib,G001,H50,C,5,G001,"M=20,20,20,20,|T=0,0,0,0,|B=none",1,1,1,0,0,211100004,311100004,1.00035273128711,1.16233951895729,0,1,0,0,1,5,8,352,353,0.104837,G001,MIRROR_M3,1,1.06192674926587,MIRROR_M3,6.04065362350332,1.06192674926587,6.04065362350332,4.97872687423745,G001,1,1.13110262972309,1.31144114284432,1,1,LOW_CONFIDENCE,search_budget_truncated,0,0
T_inlib_G001_005,T_inlib,G001,H50,B,0,G001,"M=20,20,20,20,|T=0,0,0,0,|B=none",1,1,1,0,0,211100005,311100005,0.987619997429068,1.05404849361647,0,1,0,0,1,3,3,132,133,0.039094,G001,G003,1,1.13617113784124,G003,6.05996286559153,1.13617113784124,6.05996286559153,4.92379172775028,G001,1,1.08747826687442,1.31144114284432,1,0,UNIQUE_CONFIDENT,single_candidate_with_margin,1,0
T_inlib_G001_005,T_inlib,G001,H50,C,5,G001,"M=20,20,20,20,|T=0,0,0,0,|B=none",1,1,1,0,0,211100005,311100005,0.987619997429068,1.05404849361647,0,1,0,0,1,5,8,352,353,0.104105,G001,G003,1,1.13617113784124,G003,6.05996286559153,1.13617113784124,6.05996286559153,4.92379172775028,G001,1,1.08747826687442,1.31144114284432,1,1,LOW_CONFIDENCE,search_budget_truncated,0,0
T_inlib_G001_006,T_inlib,G001,H50,B,0,G001,"M=20,20,20,20,|T=0,0,0,0,|B=none",1,1,1,0,0,211100006,311100006,1.01111381015056,0.877460815019134,0,1,0,0,1,3,3,132,133,0.038133,G001,G003,1,1.38661268045115,G003,5.79827554304731,1.38661268045115,5.79827554304731,4.41166286259617,G001,1,1.13100626828464,1.31144114284432,1,0,UNIQUE_CONFIDENT,single_candidate_with_margin,1,0
T_inlib_G001_006,T_inlib,G001,H50,C,5,G001,"M=20,20,20,20,|T=0,0,0,0,|B=none",1,1,1,0,0,211100006,311100006,1.01111381015056,0.877460815019134,0,1,0,0,1,5,8,352,353,0.102714,G001,G003,1,1.38661268045115,G003,5.79827554304731,1.38661268045115,5.79827554304731,4.41166286259617,G001,1,1.13100626828464,1.31144114284432,1,1,LOW_CONFIDENCE,search_budget_truncated,0,0
T_inlib_G001_007,T_inlib,G001,H50,B,0,G001,"M=20,20,20,20,|T=0,0,0,0,|B=none",1,1,1,0,0,211100007,311100007,1.00938518506595,1.09008223757048,0,1,0,0,1,3,3,132,133,0.037549,G001,G003,1,1.24041272897787,G003,6.01225794592421,1.24041272897787,6.01225794592421,4.77184521694634,G001,1,1.18453206444166,1.31144114284432,1,0,UNIQUE_CONFIDENT,single_candidate_with_margin,1,0
T_inlib_G001_007,T_inlib,G001,H50,C,5,G001,"M=20,20,20,20,|T=0,0,0,0,|B=none",1,1,1,0,0,211100007,311100007,1.00938518506595,1.09008223757048,0,1,0,0,1,5,8,352,353,0.102675,G001,G003,1,1.24041272897787,G003,6.01225794592421,1.24041272897787,6.01225794592421,4.77184521694634,G001,1,1.18453206444166,1.31144114284432,1,1,LOW_CONFIDENCE,search_budget_truncated,0,0
T_inlib_G001_008,T_inlib,G001,H50,B,0,G001,"M=20,20,20,20,|T=0,0,0,0,|B=none",1,1,1,0,0,211100008,311100008,1.01151445398556,1.01574116969389,0,1,0,0,1,3,3,132,133,0.037432,G001,G003,1,1.09822438522686,G003,5.65412818858565,1.09822438522686,5.65412818858565,4.55590380335879,G001,1,1.2022781096066,1.31144114284432,1,0,UNIQUE_CONFIDENT,single_candidate_with_margin,1,0
T_inlib_G001_008,T_inlib,G001,H50,C,5,G001,"M=20,20,20,20,|T=0,0,0,0,|B=none",1,1,1,0,0,211100008,311100008,1.01151445398556,1.01574116969389,0,1,0,0,1,5,8,352,353,0.102927,G001,G003,1,1.09822438522686,G003,5.65412818858565,1.09822438522686,5.65412818858565,4.55590380335879,G001,1,1.2022781096066,1.31144114284432,1,1,LOW_CONFIDENCE,search_budget_truncated,0,0
T_inlib_G001_009,T_inlib,G001,H50,B,0,G001,"M=20,20,20,20,|T=0,0,0,0,|B=none",1,1,1,0,0,211100009,311100009,0.998768836482004,0.848139127578722,0,1,0,0,1,3,3,132,133,0.03817,G001,G003,1,1.04717779544829,G003,5.72742047292067,1.04717779544829,5.72742047292067,4.68024267747239,G001,1,1.16210583612197,1.31144114284432,1,0,UNIQUE_CONFIDENT,single_candidate_with_margin,1,0
T_inlib_G001_009,T_inlib,G001,H50,C,5,G001,"M=20,20,20,20,|T=0,0,0,0,|B=none",1,1,1,0,0,211100009,311100009,0.998768836482004,0.848139127578722,0,1,0,0,1,5,8,352,353,0.103972,G001,MIRROR_M3,1,1.04717779544829,MIRROR_M3,5.72742047292067,1.04717779544829,5.72742047292067,4.68024267747239,G001,1,1.16210583612197,1.31144114284432,1,1,LOW_CONFIDENCE,search_budget_truncated,0,0
T_inlib_G001_010,T_inlib,G001,H50,B,0,G001,"M=20,20,20,20,|T=0,0,0,0,|B=none",1,1,1,0,0,211100010,311100010,0.994508713389179,0.823288415099976,0,1,0,0,1,3,3,132,133,0.037395,G001,G003,1,1.19665786613394,G003,5.89821477069261,1.19665786613394,5.89821477069261,4.70155690455868,G001,1,1.28878285686161,1.31144114284432,1,0,UNIQUE_CONFIDENT,single_candidate_with_margin,1,0
T_inlib_G001_010,T_inlib,G001,H50,C,5,G001,"M=20,20,20,20,|T=0,0,0,0,|B=none",1,1,1,0,0,211100010,311100010,0.994508713389179,0.823288415099976,0,1,0,0,1,5,8,352,353,0.10308,G001,G003,1,1.19665786613394,G003,5.89821477069261,1.19665786613394,5.89821477069261,4.70155690455868,G001,1,1.28878285686161,1.31144114284432,1,1,LOW_CONFIDENCE,search_budget_truncated,0,0
T_inlib_G001_011,T_inlib,G001,H50,B,0,G001,"M=20,20,20,20,|T=0,0,0,0,|B=none",1,1,1,0,0,211100011,311100011,0.98115676378414,1.06656809392733,0,1,0,0,1,3,3,132,133,0.037775,G001,G003,1,1.29454640425795,G003,6.00074597877093,1.29454640425795,6.00074597877093,4.70619957451298,G001,1,1.26502673085668,1.31144114284432,1,0,UNIQUE_CONFIDENT,single_candidate_with_margin,1,0
T_inlib_G001_011,T_inlib,G001,H50,C,5,G001,"M=20,20,20,20,|T=0,0,0,0,|B=none",1,1,1,0,0,211100011,311100011,0.98115676378414,1.06656809392733,0,1,0,0,1,5,8,352,353,0.102996,G001,G003,1,1.29454640425795,G003,6.00074597877093,1.29454640425795,6.00074597877093,4.70619957451298,G001,1,1.26502673085668,1.31144114284432,1,1,LOW_CONFIDENCE,search_budget_truncated,0,0
T_inlib_G001_012,T_inlib,G001,H50,B,0,G001,"M=20,20,20,20,|T=0,0,0,0,|B=none",1,1,1,0,0,211100012,311100012,1.01224739004301,0.954024267764673,0,1,0,0,1,3,3,134,135,0.037943,G001,G003,1,1.35685048945439,G003,6.09301726845253,1.35685048945439,6.09301726845253,4.73616677899814,G001,1,1.15013796158367,1.31144114284432,1,0,UNIQUE_CONFIDENT,single_candidate_with_margin,1,0
T_inlib_G001_012,T_inlib,G001,H50,C,5,G001,"M=20,20,20,20,|T=0,0,0,0,|B=none",1,1,1,0,0,211100012,311100012,1.01224739004301,0.954024267764673,0,1,0,0,1,5,8,356,357,0.105446,G001,MIRROR_M3,1,1.35685048945439,MIRROR_M3,6.09301726845253,1.35685048945439,6.09301726845253,4.73616677899814,G001,1,1.15013796158367,1.31144114284432,1,1,LOW_CONFIDENCE,search_budget_truncated,0,0
T_inlib_G001_013,T_inlib,G001,H50,B,0,G001,"M=20,20,20,20,|T=0,0,0,0,|B=none",1,1,1,0,0,211100013,311100013,1.01827350156317,1.12766695918233,0,1,0,0,1,3,3,132,133,0.038073,G001,G003,1,1.13039005396571,G003,5.92595773778836,1.13039005396571,5.92595773778836,4.79556768382266,G001,1,1.22892922579885,1.31144114284432,1,0,UNIQUE_CONFIDENT,single_candidate_with_margin,1,0
T_inlib_G001_013,T_inlib,G001,H50,C,5,G001,"M=20,20,20,20,|T=0,0,0,0,|B=none",1,1,1,0,0,211100013,311100013,1.01827350156317,1.12766695918233,0,1,0,0,1,5,8,352,353,0.104772,G001,MIRROR_M3,1,1.13039005396571,MIRROR_M3,5.92595773778836,1.13039005396571,5.92595773778836,4.79556768382266,G001,1,1.22892922579885,1.31144114284432,1,1,LOW_CONFIDENCE,search_budget_truncated,0,0
T_inlib_G001_014,T_inlib,G001,H50,B,0,G001,"M=20,20,20,20,|T=0,0,0,0,|B=none",1,1,1,0,0,211100014,311100014,0.992879546426457,0.810697832483884,0,1,0,0,1,3,3,132,133,0.038047,G001,G003,1,1.12353402539657,G003,5.94704598363589,1.12353402539657,5.94704598363589,4.82351195823932,G001,1,1.10484572308437,1.31144114284432,1,0,UNIQUE_CONFIDENT,single_candidate_with_margin,1,0
T_inlib_G001_014,T_inlib,G001,H50,C,5,G001,"M=20,20,20,20,|T=0,0,0,0,|B=none",1,1,1,0,0,211100014,311100014,0.992879546426457,0.810697832483884,0,1,0,0,1,5,8,352,353,0.103724,G001,MIRROR_M3,1,1.12353402539657,MIRROR_M3,5.94704598363589,1.12353402539657,5.94704598363589,4.82351195823932,G001,1,1.10484572308437,1.31144114284432,1,1,LOW_CONFIDENCE,search_budget_truncated,0,0
T_inlib_G001_015,T_inlib,G001,H50,B,0,G001,"M=20,20,20,20,|T=0,0,0,0,|B=none",1,1,1,0,0,211100015,311100015,1.01102016489543,0.831480146802876,0,1,0,0,1,3,3,132,133,0.037904,G001,G003,1,1.13409150257632,G003,5.71114786157921,1.13409150257632,5.71114786157921,4.57705635900289,G001,1,1.25771644728844,1.31144114284432,1,0,UNIQUE_CONFIDENT,single_candidate_with_margin,1,0
T_inlib_G001_015,T_inlib,G001,H50,C,5,G001,"M=20,20,20,20,|T=0,0,0,0,|B=none",1,1,1,0,0,211100015,311100015,1.01102016489543,0.831480146802876,0,1,0,0,1,5,8,352,353,0.103545,G001,G003,1,1.13409150257632,G003,5.71114786157921,1.13409150257632,5.71114786157921,4.57705635900289,G001,1,1.25771644728844,1.31144114284432,1,1,LOW_CONFIDENCE,search_budget_truncated,0,0
T_inlib_G001_016,T_inlib,G001,H50,B,0,G001,"M=20,20,20,20,|T=0,0,0,0,|B=none",1,1,1,0,0,211100016,311100016,0.980539687162597,0.936372355997619,0,1,0,0,1,3,3,132,133,0.039384,G001,G003,1,0.913249936016406,G003,5.94684146822243,0.913249936016406,5.94684146822243,5.03359153220602,G001,1,1.23751016442868,1.31144114284432,1,0,UNIQUE_CONFIDENT,single_candidate_with_margin,1,0
T_inlib_G001_016,T_inlib,G001,H50,C,5,G001,"M=20,20,20,20,|T=0,0,0,0,|B=none",1,1,1,0,0,211100016,311100016,0.980539687162597,0.936372355997619,0,1,0,0,1,5,8,352,353,0.104802,G001,G003,1,0.913249936016406,G003,5.94684146822243,0.913249936016406,5.94684146822243,5.03359153220602,G001,1,1.23751016442868,1.31144114284432,1,1,LOW_CONFIDENCE,search_budget_truncated,0,0
T_inlib_G001_017,T_inlib,G001,H50,B,0,G001,"M=20,20,20,20,|T=0,0,0,0,|B=none",1,1,1,0,0,211100017,311100017,1.00501125191144,0.903677471384804,0,1,0,0,1,3,3,132,133,0.038309,G001,G003,1,1.1818431740726,G003,5.77944399499463,1.1818431740726,5.77944399499463,4.59760082092203,G001,1,1.09227766055808,1.31144114284432,1,0,UNIQUE_CONFIDENT,single_candidate_with_margin,1,0
T_inlib_G001_017,T_inlib,G001,H50,C,5,G001,"M=20,20,20,20,|T=0,0,0,0,|B=none",1,1,1,0,0,211100017,311100017,1.00501125191144,0.903677471384804,0,1,0,0,1,5,8,352,353,0.10528,G001,G003,1,1.1818431740726,G003,5.77944399499463,1.1818431740726,5.77944399499463,4.59760082092203,G001,1,1.09227766055808,1.31144114284432,1,1,LOW_CONFIDENCE,search_budget_truncated,0,0
T_inlib_G001_018,T_inlib,G001,H50,B,0,G001,"M=20,20,20,20,|T=0,0,0,0,|B=none",1,1,1,0,0,211100018,311100018,1.01787463165805,1.16619517854142,0,1,0,0,1,3,3,134,135,0.039418,G001,G003,1,1.23666378619442,G003,5.90950244428957,1.23666378619442,5.90950244428957,4.67283865809515,G001,1,1.13502201763459,1.31144114284432,1,0,UNIQUE_CONFIDENT,single_candidate_with_margin,1,0
T_inlib_G001_018,T_inlib,G001,H50,C,5,G001,"M=20,20,20,20,|T=0,0,0,0,|B=none",1,1,1,0,0,211100018,311100018,1.01787463165805,1.16619517854142,0,1,0,0,1,5,8,356,357,0.106335,G001,MIRROR_M3,1,1.23666378619442,MIRROR_M3,5.90950244428957,1.23666378619442,5.90950244428957,4.67283865809515,G001,1,1.13502201763459,1.31144114284432,1,1,LOW_CONFIDENCE,search_budget_truncated,0,0
T_inlib_G001_019,T_inlib,G001,H50,B,0,G001,"M=20,20,20,20,|T=0,0,0,0,|B=none",1,1,1,0,0,211100019,311100019,1.01659425783645,0.891704779136126,0,1,0,0,1,3,3,130,131,0.037681,G001,G003,1,0.974048494161956,G003,5.80610698309283,0.974048494161956,5.80610698309283,4.83205848893087,G001,1,1.3117707554437,1.31144114284432,0,0,REJECTED,fit_quality_gate,0,0
T_inlib_G001_019,T_inlib,G001,H50,C,5,G001,"M=20,20,20,20,|T=0,0,0,0,|B=none",1,1,1,0,0,211100019,311100019,1.01659425783645,0.891704779136126,0,1,0,0,1,5,8,348,349,0.103316,G001,MIRROR_M3,1,0.974048494161956,MIRROR_M3,5.80610698309283,0.974048494161956,5.80610698309283,4.83205848893087,G001,1,1.3117707554437,1.31144114284432,0,1,REJECTED,fit_quality_gate,0,0
T_inlib_G001_020,T_inlib,G001,H50,B,0,G001,"M=20,20,20,20,|T=0,0,0,0,|B=none",1,1,1,0,0,211100020,311100020,1.00447825221441,0.90774391601705,0,1,0,0,1,3,3,132,133,0.038062,G001,G003,1,1.14625883149789,G003,5.79011435240518,1.14625883149789,5.79011435240518,4.64385552090728,G001,1,1.16980246773298,1.31144114284432,1,0,UNIQUE_CONFIDENT,single_candidate_with_margin,1,0
T_inlib_G001_020,T_inlib,G001,H50,C,5,G001,"M=20,20,20,20,|T=0,0,0,0,|B=none",1,1,1,0,0,211100020,311100020,1.00447825221441,0.90774391601705,0,1,0,0,1,5,8,354,355,0.105283,G001,MIRROR_M3,1,1.14625883149789,MIRROR_M3,5.79011435240517,1.14625883149789,5.79011435240517,4.64385552090728,G001,1,1.16980246773298,1.31144114284432,1,1,LOW_CONFIDENCE,search_budget_truncated,0,0
T_inlib_G002_001,T_inlib,G002,H50,B,0,G002,"M=20,20,20,20,|T=0,0,0,0,|B=2,15,1,50;",1,1,1,0,0,211400001,311400001,0.982942271130011,1.08141065748981,0,1,0,0,1,3,3,114,115,0.032488,G002,G003,1,0.826338747514616,G003,3.97588970554719,0.826338747514616,3.97588970554719,3.14955095803258,G002,1,1.02256266299166,1.31144114284432,1,0,UNIQUE_CONFIDENT,single_candidate_with_margin,1,0
T_inlib_G002_001,T_inlib,G002,H50,C,5,G002,"M=20,20,20,20,|T=0,0,0,0,|B=2,15,1,50;",1,1,1,0,0,211400001,311400001,0.982942271130011,1.08141065748981,0,1,0,0,1,5,8,314,315,0.092405,G002,MIRROR_M3,1,0.826338747514616,MIRROR_M3,3.97588970554719,0.826338747514616,3.97588970554719,3.14955095803258,G002,1,1.02256266299166,1.31144114284432,1,1,LOW_CONFIDENCE,search_budget_truncated,0,0
T_inlib_G002_002,T_inlib,G002,H50,B,0,G002,"M=20,20,20,20,|T=0,0,0,0,|B=2,15,1,50;",1,1,1,0,0,211400002,311400002,1.00972660960375,1.14844229199326,0,1,0,0,1,3,3,113,114,0.032296,G002,G003,1,0.835900071223349,G003,3.77162021444763,0.835900071223349,3.77162021444763,2.93572014322428,G002,1,0.858854879069051,1.31144114284432,1,0,LOW_CONFIDENCE,insufficient_unique_margin,0,0
T_inlib_G002_002,T_inlib,G002,H50,C,5,G002,"M=20,20,20,20,|T=0,0,0,0,|B=2,15,1,50;",1,1,1,0,0,211400002,311400002,1.00972660960375,1.14844229199326,0,1,0,0,1,5,8,314,315,0.092329,G002,MIRROR_M3,1,0.835900071223349,MIRROR_M3,3.77162021444763,0.835900071223349,3.77162021444763,2.93572014322428,G002,1,0.858854879069051,1.31144114284432,1,1,LOW_CONFIDENCE,insufficient_unique_margin,0,0
T_inlib_G002_003,T_inlib,G002,H50,B,0,G002,"M=20,20,20,20,|T=0,0,0,0,|B=2,15,1,50;",1,1,1,0,0,211400003,311400003,0.988413477265969,1.17353453921573,0,1,0,0,1,3,3,113,114,0.032875,G002,G003,1,0.822483582257456,G003,3.96056969585319,0.822483582257456,3.96056969585319,3.13808611359574,G002,1,0.831580779572684,1.31144114284432,1,0,UNIQUE_CONFIDENT,single_candidate_with_margin,1,0
T_inlib_G002_003,T_inlib,G002,H50,C,5,G002,"M=20,20,20,20,|T=0,0,0,0,|B=2,15,1,50;",1,1,1,0,0,211400003,311400003,0.988413477265969,1.17353453921573,0,1,0,0,1,5,8,316,317,0.092926,G002,MIRROR_M3,1,0.822483582257456,MIRROR_M3,3.96056969585319,0.822483582257456,3.96056969585319,3.13808611359574,G002,1,0.831580779572684,1.31144114284432,1,1,LOW_CONFIDENCE,search_budget_truncated,0,0
T_inlib_G002_004,T_inlib,G002,H50,B,0,G002,"M=20,20,20,20,|T=0,0,0,0,|B=2,15,1,50;",1,1,1,0,0,211400004,311400004,1.00079973057211,0.908123284924249,0,1,0,0,1,3,3,95,96,0.027806,G002,G003,1,0.821359084681765,G003,4.10504312402228,0.821359084681765,4.10504312402228,3.28368403934051,G002,1,0.824651978856746,1.31144114284432,1,0,UNIQUE_CONFIDENT,single_candidate_with_margin,1,0
T_inlib_G002_004,T_inlib,G002,H50,C,5,G002,"M=20,20,20,20,|T=0,0,0,0,|B=2,15,1,50;",1,1,1,0,0,211400004,311400004,1.00079973057211,0.908123284924249,0,1,0,0,1,5,8,260,261,0.079733,G002,ADD_M2_M3,1,0.821359084681765,ADD_M2_M3,3.99727421021036,0.821359084681765,3.99727421021036,3.1759151255286,G002,1,0.824651978856746,1.31144114284432,1,1,LOW_CONFIDENCE,search_budget_truncated,0,0
T_inlib_G002_005,T_inlib,G002,H50,B,0,G002,"M=20,20,20,20,|T=0,0,0,0,|B=2,15,1,50;",1,1,1,0,0,211400005,311400005,1.00707383833492,0.837680085463745,0,1,0,0,1,3,3,96,97,0.027373,G002,G003,1,0.812544751137649,G003,3.96366026266866,0.812544751137649,3.96366026266866,3.15111551153101,G002,1,0.922550013864101,1.31144114284432,1,0,UNIQUE_CONFIDENT,single_candidate_with_margin,1,0
T_inlib_G002_005,T_inlib,G002,H50,C,5,G002,"M=20,20,20,20,|T=0,0,0,0,|B=2,15,1,50;",1,1,1,0,0,211400005,311400005,1.00707383833492,0.837680085463745,0,1,0,0,1,5,8,262,263,0.079239,G002,MIRROR_M3,1,0.812544751137649,MIRROR_M3,3.96366026266866,0.812544751137649,3.96366026266866,3.15111551153101,G002,1,0.922550013864101,1.31144114284432,1,1,LOW_CONFIDENCE,search_budget_truncated,0,0
T_inlib_G002_006,T_inlib,G002,H50,B,0,G002,"M=20,20,20,20,|T=0,0,0,0,|B=2,15,1,50;",1,1,1,0,0,211400006,311400006,1.01040602283666,1.01572142031686,0,1,0,0,1,3,3,113,114,0.032596,G002,G003,1,1.01418815980385,G003,3.88904975014044,1.01418815980385,3.88904975014044,2.87486159033659,G002,1,0.784012668768689,1.31144114284432,1,0,LOW_CONFIDENCE,insufficient_unique_margin,0,0
T_inlib_G002_006,T_inlib,G002,H50,C,5,G002,"M=20,20,20,20,|T=0,0,0,0,|B=2,15,1,50;",1,1,1,0,0,211400006,311400006,1.01040602283666,1.01572142031686,0,1,0,0,1,5,8,314,315,0.099953,G002,G003,1,1.01418815980385,G003,3.88904975014044,1.01418815980385,3.88904975014044,2.87486159033659,G002,1,0.784012668768689,1.31144114284432,1,1,LOW_CONFIDENCE,insufficient_unique_margin,0,0
T_inlib_G002_007,T_inlib,G002,H50,B,0,G002,"M=20,20,20,20,|T=0,0,0,0,|B=2,15,1,50;",1,1,1,0,0,211400007,311400007,1.01005113211621,0.826407347442136,0,1,0,0,1,3,3,98,99,0.028698,G002,G003,1,0.895126486597598,G003,3.96267816388074,0.895126486597598,3.96267816388074,3.06755167728315,G002,1,1.02054268419131,1.31144114284432,1,0,UNIQUE_CONFIDENT,single_candidate_with_margin,1,0
T_inlib_G002_007,T_inlib,G002,H50,C,5,G002,"M=20,20,20,20,|T=0,0,0,0,|B=2,15,1,50;",1,1,1,0,0,211400007,311400007,1.01005113211621,0.826407347442136,0,1,0,0,1,5,8,265,266,0.080586,G002,G003,1,0.895126486597598,G003,3.96267816388074,0.895126486597598,3.96267816388074,3.06755167728315,G002,1,1.02054268419131,1.31144114284432,1,1,LOW_CONFIDENCE,search_budget_truncated,0,0
T_inlib_G002_008,T_inlib,G002,H50,B,0,G002,"M=20,20,20,20,|T=0,0,0,0,|B=2,15,1,50;",1,1,1,0,0,211400008,311400008,1.00013829395491,1.11151193799706,0,1,0,0,1,3,3,113,114,0.033302,G002,G003,1,0.916691286178864,G003,3.90360767920768,0.916691286178864,3.90360767920768,2.98691639302881,G002,1,1.01386235039177,1.31144114284432,1,0,LOW_CONFIDENCE,insufficient_unique_margin,0,0
T_inlib_G002_008,T_inlib,G002,H50,C,5,G002,"M=20,20,20,20,|T=0,0,0,0,|B=2,15,1,50;",1,1,1,0,0,211400008,311400008,1.00013829395491,1.11151193799706,0,1,0,0,1,5,8,314,315,0.0949,G002,MIRROR_M3,1,0.916691286178864,MIRROR_M3,3.90360767920767,0.916691286178864,3.90360767920767,2.98691639302881,G002,1,1.01386235039177,1.31144114284432,1,1,LOW_CONFIDENCE,insufficient_unique_margin,0,0
T_inlib_G002_009,T_inlib,G002,H50,B,0,G002,"M=20,20,20,20,|T=0,0,0,0,|B=2,15,1,50;",1,1,1,0,0,211400009,311400009,1.01483644372167,0.809298088810732,0,1,0,0,1,3,3,113,114,0.033621,G002,G003,1,1.0065114562301,G003,4.16620561615357,1.0065114562301,4.16620561615357,3.15969415992346,G002,1,0.892387844618191,1.31144114284432,1,0,UNIQUE_CONFIDENT,single_candidate_with_margin,1,0
T_inlib_G002_009,T_inlib,G002,H50,C,5,G002,"M=20,20,20,20,|T=0,0,0,0,|B=2,15,1,50;",1,1,1,0,0,211400009,311400009,1.01483644372167,0.809298088810732,0,1,0,0,1,5,8,293,294,0.091614,G002,G003,1,1.0065114562301,G003,4.16620561615357,1.0065114562301,4.16620561615357,3.15969415992346,G002,1,0.892387844618191,1.31144114284432,1,1,LOW_CONFIDENCE,search_budget_truncated,0,0
T_inlib_G002_010,T_inlib,G002,H50,B,0,G002,"M=20,20,20,20,|T=0,0,0,0,|B=2,15,1,50;",1,1,1,0,0,211400010,311400010,1.00138552505049,1.14792408319694,0,1,0,0,1,3,3,111,112,0.032466,G002,G003,1,0.898074901261189,G003,3.88620992241183,0.898074901261189,3.88620992241183,2.98813502115064,G002,1,0.906669960345123,1.31144114284432,1,0,LOW_CONFIDENCE,insufficient_unique_margin,0,0
T_inlib_G002_010,T_inlib,G002,H50,C,5,G002,"M=20,20,20,20,|T=0,0,0,0,|B=2,15,1,50;",1,1,1,0,0,211400010,311400010,1.00138552505049,1.14792408319694,0,1,0,0,1,5,8,310,311,0.092329,G002,MIRROR_M3,1,0.898074901261189,MIRROR_M3,3.88620992241183,0.898074901261189,3.88620992241183,2.98813502115064,G002,1,0.906669960345123,1.31144114284432,1,1,LOW_CONFIDENCE,insufficient_unique_margin,0,0
T_inlib_G002_011,T_inlib,G002,H50,B,0,G002,"M=20,20,20,20,|T=0,0,0,0,|B=2,15,1,50;",1,1,1,0,0,211400011,311400011,0.99955395780327,1.19521923824093,0,1,0,0,1,3,3,132,133,0.039557,G002,G003,1,0.841231789381804,G003,3.83897443479585,0.841231789381804,3.83897443479585,2.99774264541404,G002,1,0.947455503925789,1.31144114284432,1,0,LOW_CONFIDENCE,insufficient_unique_margin,0,0
T_inlib_G002_011,T_inlib,G002,H50,C,5,G002,"M=20,20,20,20,|T=0,0,0,0,|B=2,15,1,50;",1,1,1,0,0,211400011,311400011,0.99955395780327,1.19521923824093,0,1,0,0,1,5,8,352,353,0.109013,G002,MIRROR_M3,1,0.841231789381804,MIRROR_M3,3.83897443479585,0.841231789381804,3.83897443479585,2.99774264541404,G002,1,0.947455503925789,1.31144114284432,1,1,LOW_CONFIDENCE,insufficient_unique_margin,0,0
T_inlib_G002_012,T_inlib,G002,H50,B,0,G002,"M=20,20,20,20,|T=0,0,0,0,|B=2,15,1,50;",1,1,1,0,0,211400012,311400012,1.01301217010732,1.04610265694345,0,1,0,0,1,3,3,113,114,0.032868,G002,G003,1,0.971187807375125,G003,3.77052960166457,0.971187807375125,3.77052960166457,2.79934179428944,G002,1,1.10883885096898,1.31144114284432,1,0,LOW_CONFIDENCE,insufficient_unique_margin,0,0
T_inlib_G002_012,T_inlib,G002,H50,C,5,G002,"M=20,20,20,20,|T=0,0,0,0,|B=2,15,1,50;",1,1,1,0,0,211400012,311400012,1.01301217010732,1.04610265694345,0,1,0,0,1,5,8,314,315,0.095003,G002,MIRROR_M3,1,0.971187807375125,MIRROR_M3,3.77052960166457,0.971187807375125,3.77052960166457,2.79934179428944,G002,1,1.10883885096898,1.31144114284432,1,1,LOW_CONFIDENCE,insufficient_unique_margin,0,0
T_inlib_G002_013,T_inlib,G002,H50,B,0,G002,"M=20,20,20,20,|T=0,0,0,0,|B=2,15,1,50;",1,1,1,0,0,211400013,311400013,0.981335286464749,1.17617200237125,0,1,0,0,1,3,3,132,133,0.038333,G002,G003,1,0.950397593303473,G003,4.08949260212353,0.950397593303473,4.08949260212353,3.13909500882006,G002,1,0.923410763330788,1.31144114284432,1,0,UNIQUE_CONFIDENT,single_candidate_with_margin,1,0
T_inlib_G002_013,T_inlib,G002,H50,C,5,G002,"M=20,20,20,20,|T=0,0,0,0,|B=2,15,1,50;",1,1,1,0,0,211400013,311400013,0.981335286464749,1.17617200237125,0,1,0,0,1,5,8,352,353,0.104301,G002,G003,1,0.950397593303473,G003,4.08949260212353,0.950397593303473,4.08949260212353,3.13909500882006,G002,1,0.923410763330788,1.31144114284432,1,1,LOW_CONFIDENCE,search_budget_truncated,0,0
T_inlib_G002_014,T_inlib,G002,H50,B,0,G002,"M=20,20,20,20,|T=0,0,0,0,|B=2,15,1,50;",1,1,1,0,0,211400014,311400014,0.996033276616239,0.837032620711407,0,1,0,0,1,3,3,97,98,0.028317,G002,G003,1,0.97404694599858,G003,4.01943398621043,0.97404694599858,4.01943398621043,3.04538704021185,G002,1,0.782571021557213,1.31144114284432,1,0,UNIQUE_CONFIDENT,single_candidate_with_margin,1,0
T_inlib_G002_014,T_inlib,G002,H50,C,5,G002,"M=20,20,20,20,|T=0,0,0,0,|B=2,15,1,50;",1,1,1,0,0,211400014,311400014,0.996033276616239,0.837032620711407,0,1,0,0,1,5,8,264,265,0.079253,G002,ADD_M2_M3,1,0.97404694599858,ADD_M2_M3,4.00520603178688,0.97404694599858,4.00520603178688,3.0311590857883,G002,1,0.782571021557213,1.31144114284432,1,1,LOW_CONFIDENCE,search_budget_truncated,0,0
T_inlib_G002_015,T_inlib,G002,H50,B,0,G002,"M=20,20,20,20,|T=0,0,0,0,|B=2,15,1,50;",1,1,1,0,0,211400015,311400015,0.982709792316038,0.985349064893359,0,1,0,0,1,3,3,113,114,0.032986,G002,G003,1,0.937603000530051,G003,4.05228236679599,0.937603000530051,4.05228236679599,3.11467936626594,G002,1,0.968344973875519,1.31144114284432,1,0,UNIQUE_CONFIDENT,single_candidate_with_margin,1,0
T_inlib_G002_015,T_inlib,G002,H50,C,5,G002,"M=20,20,20,20,|T=0,0,0,0,|B=2,15,1,50;",1,1,1,0,0,211400015,311400015,0.982709792316038,0.985349064893359,0,1,0,0,1,5,8,314,315,0.094666,G002,G003,1,0.937603000530051,G003,4.05228236679599,0.937603000530051,4.05228236679599,3.11467936626594,G002,1,0.968344973875519,1.31144114284432,1,1,LOW_CONFIDENCE,search_budget_truncated,0,0
T_inlib_G002_016,T_inlib,G002,H50,B,0,G002,"M=20,20,20,20,|T=0,0,0,0,|B=2,15,1,50;",1,1,1,0,0,211400016,311400016,1.00786080389983,1.11873759986713,0,1,0,0,1,3,3,113,114,0.032683,G002,G003,1,0.886929655537516,G003,4.10150968390048,0.886929655537516,4.10150968390048,3.21458002836296,G002,1,0.953789936018989,1.31144114284432,1,0,UNIQUE_CONFIDENT,single_candidate_with_margin,1,0
T_inlib_G002_016,T_inlib,G002,H50,C,5,G002,"M=20,20,20,20,|T=0,0,0,0,|B=2,15,1,50;",1,1,1,0,0,211400016,311400016,1.00786080389983,1.11873759986713,0,1,0,0,1,5,8,314,315,0.092959,G002,G003,1,0.886929655537516,G003,4.10150968390048,0.886929655537516,4.10150968390048,3.21458002836296,G002,1,0.953789936018989,1.31144114284432,1,1,LOW_CONFIDENCE,search_budget_truncated,0,0
T_inlib_G002_017,T_inlib,G002,H50,B,0,G002,"M=20,20,20,20,|T=0,0,0,0,|B=2,15,1,50;",1,1,1,0,0,211400017,311400017,1.01113198483151,1.04869804479663,0,1,0,0,1,3,3,113,114,0.032457,G002,G003,1,0.905804830865376,G003,3.83992001950452,0.905804830865376,3.83992001950452,2.93411518863914,G002,1,1.03227262266211,1.31144114284432,1,0,LOW_CONFIDENCE,insufficient_unique_margin,0,0
T_inlib_G002_017,T_inlib,G002,H50,C,5,G002,"M=20,20,20,20,|T=0,0,0,0,|B=2,15,1,50;",1,1,1,0,0,211400017,311400017,1.01113198483151,1.04869804479663,0,1,0,0,1,5,8,314,315,0.093283,G002,G003,1,0.905804830865376,G003,3.83992001950452,0.905804830865376,3.83992001950452,2.93411518863914,G002,1,1.03227262266211,1.31144114284432,1,1,LOW_CONFIDENCE,insufficient_unique_margin,0,0
T_inlib_G002_018,T_inlib,G002,H50,B,0,G002,"M=20,20,20,20,|T=0,0,0,0,|B=2,15,1,50;",1,1,1,0,0,211400018,311400018,1.00341908887851,0.863129132431272,0,1,0,0,1,3,3,113,114,0.033001,G002,G003,1,0.917264660713773,G003,4.03767385097127,0.917264660713773,4.03767385097127,3.12040919025749,G002,1,0.890728607949536,1.31144114284432,1,0,UNIQUE_CONFIDENT,single_candidate_with_margin,1,0
T_inlib_G002_018,T_inlib,G002,H50,C,5,G002,"M=20,20,20,20,|T=0,0,0,0,|B=2,15,1,50;",1,1,1,0,0,211400018,311400018,1.00341908887851,0.863129132431272,0,1,0,0,1,5,8,297,298,0.088429,G002,ADD_M2_M3,1,0.917264660713773,ADD_M2_M3,3.97495164687166,0.917264660713773,3.97495164687166,3.05768698615789,G002,1,0.890728607949536,1.31144114284432,1,1,LOW_CONFIDENCE,search_budget_truncated,0,0
T_inlib_G002_019,T_inlib,G002,H50,B,0,G002,"M=20,20,20,20,|T=0,0,0,0,|B=2,15,1,50;",1,1,1,0,0,211400019,311400019,1.01630742097361,0.877738043727809,0,1,0,0,1,3,3,95,96,0.027771,G002,G003,1,0.843266638992219,G003,4.01228082796985,0.843266638992219,4.01228082796985,3.16901418897764,G002,1,0.90737718113135,1.31144114284432,1,0,UNIQUE_CONFIDENT,single_candidate_with_margin,1,0
T_inlib_G002_019,T_inlib,G002,H50,C,5,G002,"M=20,20,20,20,|T=0,0,0,0,|B=2,15,1,50;",1,1,1,0,0,211400019,311400019,1.01630742097361,0.877738043727809,0,1,0,0,1,5,8,258,259,0.076628,G002,MIRROR_M3,1,0.843266638992219,MIRROR_M3,4.01228082796985,0.843266638992219,4.01228082796985,3.16901418897763,G002,1,0.90737718113135,1.31144114284432,1,1,LOW_CONFIDENCE,search_budget_truncated,0,0
T_inlib_G002_020,T_inlib,G002,H50,B,0,G002,"M=20,20,20,20,|T=0,0,0,0,|B=2,15,1,50;",1,1,1,0,0,211400020,311400020,0.986258218817417,1.16988645176234,0,1,0,0,1,3,3,132,133,0.037742,G002,G003,1,0.968076741150344,G003,3.89645519240595,0.968076741150344,3.89645519240595,2.9283784512556,G002,1,0.901739415392265,1.31144114284432,1,0,LOW_CONFIDENCE,insufficient_unique_margin,0,0
T_inlib_G002_020,T_inlib,G002,H50,C,5,G002,"M=20,20,20,20,|T=0,0,0,0,|B=2,15,1,50;",1,1,1,0,0,211400020,311400020,0.986258218817417,1.16988645176234,0,1,0,0,1,5,8,352,353,0.104781,G002,MIRROR_M3,1,0.968076741150344,MIRROR_M3,3.89645519240595,0.968076741150344,3.89645519240595,2.9283784512556,G002,1,0.901739415392265,1.31144114284432,1,1,LOW_CONFIDENCE,insufficient_unique_margin,0,0
T_inlib_G003_001,T_inlib,G003,H50,B,0,G003,"M=20,20,20,20,|T=0,0,0,0,|B=1,15,1,50;",1,1,1,0,0,211900001,311900001,0.996444568375341,1.01241927361008,0,1,0,0,1,3,3,113,114,0.033505,G003,G002,1,0.845071704809094,G002,3.84412132375954,0.845071704809094,3.84412132375954,2.99904961895045,G003,1,0.845613902702768,1.31144114284432,1,0,LOW_CONFIDENCE,insufficient_unique_margin,0,0
T_inlib_G003_001,T_inlib,G003,H50,C,5,G003,"M=20,20,20,20,|T=0,0,0,0,|B=1,15,1,50;",1,1,1,0,0,211900001,311900001,0.996444568375341,1.01241927361008,0,1,0,0,1,5,8,295,296,0.088986,MIRROR_M3,G003,2,0.845071704809094,MIRROR_M3,0.845071704809093,0.845071704809093,0.845071704809094,2.22044604925031e-16,MIRROR_M3;G003,2,0.845613902702761,1.31144114284432,1,1,MULTIPLE_AMBIGUOUS,multiple_candidates,0,0
T_inlib_G003_002,T_inlib,G003,H50,B,0,G003,"M=20,20,20,20,|T=0,0,0,0,|B=1,15,1,50;",1,1,1,0,0,211900002,311900002,1.00146723328963,0.976913746223095,0,1,0,0,1,3,3,113,114,0.032834,G003,G002,1,0.808553983906162,G002,3.6385308688569,0.808553983906162,3.6385308688569,2.82997688495074,G003,1,0.810580980981357,1.31144114284432,1,0,LOW_CONFIDENCE,insufficient_unique_margin,0,0
T_inlib_G003_002,T_inlib,G003,H50,C,5,G003,"M=20,20,20,20,|T=0,0,0,0,|B=1,15,1,50;",1,1,1,0,0,211900002,311900002,1.00146723328963,0.976913746223095,0,1,0,0,0,5,8,297,298,0.088681,MIRROR_M3,G003,2,0.808553983906162,MIRROR_M3,0.808553983906158,0.808553983906158,0.808553983906162,3.66373598126302e-15,MIRROR_M3,1,0.810580980981089,1.31144114284432,1,1,LOW_CONFIDENCE,insufficient_unique_margin,0,0
T_inlib_G003_003,T_inlib,G003,H50,B,0,G003,"M=20,20,20,20,|T=0,0,0,0,|B=1,15,1,50;",1,1,1,0,0,211900003,311900003,1.01826475052545,0.94452927731466,0,1,0,0,1,3,3,112,113,0.032515,G003,G002,1,0.783984170156887,G002,3.87960557744945,0.783984170156887,3.87960557744945,3.09562140729256,G003,1,1.01166230159078,1.31144114284432,1,0,UNIQUE_CONFIDENT,single_candidate_with_margin,1,0
T_inlib_G003_003,T_inlib,G003,H50,C,5,G003,"M=20,20,20,20,|T=0,0,0,0,|B=1,15,1,50;",1,1,1,0,0,211900003,311900003,1.01826475052545,0.94452927731466,0,1,0,0,0,5,8,290,291,0.086189,MIRROR_M3,G003,2,0.783984170156887,MIRROR_M3,0.783984170156884,0.783984170156884,0.783984170156887,3.33066907387547e-15,MIRROR_M3,1,1.01166230159111,1.31144114284432,1,1,LOW_CONFIDENCE,insufficient_unique_margin,0,0
T_inlib_G003_004,T_inlib,G003,H50,B,0,G003,"M=20,20,20,20,|T=0,0,0,0,|B=1,15,1,50;",1,1,1,0,0,211900004,311900004,1.01315681861748,0.819058241146404,0,1,0,0,1,3,3,132,133,0.038508,G003,G002,1,0.787359142590969,G002,3.76525400176047,0.787359142590969,3.76525400176047,2.9778948591695,G003,1,0.912475102993231,1.31144114284432,1,0,LOW_CONFIDENCE,insufficient_unique_margin,0,0
T_inlib_G003_004,T_inlib,G003,H50,C,5,G003,"M=20,20,20,20,|T=0,0,0,0,|B=1,15,1,50;",1,1,1,0,0,211900004,311900004,1.01315681861748,0.819058241146404,0,1,0,0,0,5,8,352,353,0.104587,MIRROR_M3,G003,2,0.787359142590969,MIRROR_M3,0.787359142590965,0.787359142590965,0.787359142590969,3.88578058618805e-15,MIRROR_M3,1,0.912475102993213,1.31144114284432,1,1,LOW_CONFIDENCE,insufficient_unique_margin,0,0
T_inlib_G003_005,T_inlib,G003,H50,B,0,G003,"M=20,20,20,20,|T=0,0,0,0,|B=1,15,1,50;",1,1,1,0,0,211900005,311900005,0.982320050012495,1.11668564213681,0,1,0,0,1,3,3,113,114,0.032703,G003,G002,1,0.92701915371792,G002,4.04190737280455,0.92701915371792,4.04190737280455,3.11488821908663,G003,1,1.06918468375717,1.31144114284432,1,0,UNIQUE_CONFIDENT,single_candidate_with_margin,1,0
T_inlib_G003_005,T_inlib,G003,H50,C,5,G003,"M=20,20,20,20,|T=0,0,0,0,|B=1,15,1,50;",1,1,1,0,0,211900005,311900005,0.982320050012495,1.11668564213681,0,1,0,0,1,5,8,295,296,0.089106,G003,MIRROR_M3,1,0.92701915371792,MIRROR_M3,0.927019153717922,0.92701915371792,0.927019153717922,1.55431223447522e-15,MIRROR_M3;G003,2,1.06918468375717,1.31144114284432,1,1,MULTIPLE_AMBIGUOUS,multiple_candidates,0,0
T_inlib_G003_006,T_inlib,G003,H50,B,0,G003,"M=20,20,20,20,|T=0,0,0,0,|B=1,15,1,50;",1,1,1,0,0,211900006,311900006,1.00132410395884,1.06332583329502,0,1,0,0,1,3,3,113,114,0.032197,G003,G002,1,0.900064593157112,G002,3.81481228468889,0.900064593157112,3.81481228468889,2.91474769153177,G003,1,0.871418755722804,1.31144114284432,1,0,LOW_CONFIDENCE,insufficient_unique_margin,0,0
T_inlib_G003_006,T_inlib,G003,H50,C,5,G003,"M=20,20,20,20,|T=0,0,0,0,|B=1,15,1,50;",1,1,1,0,0,211900006,311900006,1.00132410395884,1.06332583329502,0,1,0,0,1,5,8,295,296,0.087755,MIRROR_M3,G003,2,0.900064593157112,MIRROR_M3,0.900064593157111,0.900064593157111,0.900064593157112,1.11022302462516e-15,MIRROR_M3;G003,2,0.871418755722936,1.31144114284432,1,1,MULTIPLE_AMBIGUOUS,multiple_candidates,0,0
T_inlib_G003_007,T_inlib,G003,H50,B,0,G003,"M=20,20,20,20,|T=0,0,0,0,|B=1,15,1,50;",1,1,1,0,0,211900007,311900007,0.987124896704994,1.06789152588308,0,1,0,0,1,3,3,132,133,0.03832,G003,G002,1,0.85147007554669,G002,3.87574019976519,0.85147007554669,3.87574019976519,3.0242701242185,G003,1,0.771726835393374,1.31144114284432,1,0,UNIQUE_CONFIDENT,single_candidate_with_margin,1,0
T_inlib_G003_007,T_inlib,G003,H50,C,5,G003,"M=20,20,20,20,|T=0,0,0,0,|B=1,15,1,50;",1,1,1,0,0,211900007,311900007,0.987124896704994,1.06789152588308,0,1,0,0,1,5,8,352,353,0.112498,MIRROR_M3,G003,2,0.85147007554669,MIRROR_M3,0.85147007554669,0.85147007554669,0.85147007554669,0,MIRROR_M3;G003,2,0.771726835393374,1.31144114284432,1,1,MULTIPLE_AMBIGUOUS,multiple_candidates,0,0
T_inlib_G003_008,T_inlib,G003,H50,B,0,G003,"M=20,20,20,20,|T=0,0,0,0,|B=1,15,1,50;",1,1,1,0,0,211900008,311900008,1.0109690700107,0.909534399143958,0,1,0,0,1,3,3,112,113,0.033304,G003,G002,1,0.820067570096769,G002,3.89220520618535,0.820067570096769,3.89220520618535,3.07213763608858,G003,1,0.750276871962518,1.31144114284432,1,0,UNIQUE_CONFIDENT,single_candidate_with_margin,1,0
T_inlib_G003_008,T_inlib,G003,H50,C,5,G003,"M=20,20,20,20,|T=0,0,0,0,|B=1,15,1,50;",1,1,1,0,0,211900008,311900008,1.0109690700107,0.909534399143958,0,1,0,0,1,5,8,292,293,0.093762,G003,MIRROR_M3,1,0.820067570096769,MIRROR_M3,0.82006757009677,0.820067570096769,0.82006757009677,1.11022302462516e-15,MIRROR_M3;G003,2,0.750276871962518,1.31144114284432,1,1,MULTIPLE_AMBIGUOUS,multiple_candidates,0,0
T_inlib_G003_009,T_inlib,G003,H50,B,0,G003,"M=20,20,20,20,|T=0,0,0,0,|B=1,15,1,50;",1,1,1,0,0,211900009,311900009,1.01335810064386,0.866885576857883,0,1,0,0,1,3,3,114,115,0.034398,G003,G002,1,0.801849478471639,G002,3.70245394199609,0.801849478471639,3.70245394199609,2.90060446352445,G003,1,0.776205576306677,1.31144114284432,1,0,LOW_CONFIDENCE,insufficient_unique_margin,0,0
T_inlib_G003_009,T_inlib,G003,H50,C,5,G003,"M=20,20,20,20,|T=0,0,0,0,|B=1,15,1,50;",1,1,1,0,0,211900009,311900009,1.01335810064386,0.866885576857883,0,1,0,0,1,5,8,298,299,0.09224,G003,MIRROR_M3,1,0.801849478471639,MIRROR_M3,0.801849478471639,0.801849478471639,0.801849478471639,6.66133814775094e-16,MIRROR_M3;G003,2,0.776205576306677,1.31144114284432,1,1,MULTIPLE_AMBIGUOUS,multiple_candidates,0,0
T_inlib_G003_010,T_inlib,G003,H50,B,0,G003,"M=20,20,20,20,|T=0,0,0,0,|B=1,15,1,50;",1,1,1,0,0,211900010,311900010,1.0077892392433,0.945972439984064,0,1,0,0,1,3,3,113,114,0.032923,G003,G002,1,0.839139018984515,G002,3.72792992654626,0.839139018984515,3.72792992654626,2.88879090756174,G003,1,0.930407675758394,1.31144114284432,1,0,LOW_CONFIDENCE,insufficient_unique_margin,0,0
T_inlib_G003_010,T_inlib,G003,H50,C,5,G003,"M=20,20,20,20,|T=0,0,0,0,|B=1,15,1,50;",1,1,1,0,0,211900010,311900010,1.0077892392433,0.945972439984064,0,1,0,0,1,5,8,295,296,0.087306,MIRROR_M3,G003,2,0.839139018984515,MIRROR_M3,0.839139018984514,0.839139018984514,0.839139018984515,4.44089209850063e-16,MIRROR_M3;G003,2,0.930407675758706,1.31144114284432,1,1,MULTIPLE_AMBIGUOUS,multiple_candidates,0,0
T_inlib_G003_011,T_inlib,G003,H50,B,0,G003,"M=20,20,20,20,|T=0,0,0,0,|B=1,15,1,50;",1,1,1,0,0,211900011,311900011,0.98137489287187,0.862953058752879,0,1,0,0,1,3,3,132,133,0.037571,G003,G002,1,0.878337149533043,G002,3.95975327704329,0.878337149533043,3.95975327704329,3.08141612751024,G003,1,0.778097303946469,1.31144114284432,1,0,UNIQUE_CONFIDENT,single_candidate_with_margin,1,0
T_inlib_G003_011,T_inlib,G003,H50,C,5,G003,"M=20,20,20,20,|T=0,0,0,0,|B=1,15,1,50;",1,1,1,0,0,211900011,311900011,0.98137489287187,0.862953058752879,0,1,0,0,1,5,8,352,353,0.10316,G003,MIRROR_M3,1,0.878337149533043,MIRROR_M3,0.878337149533047,0.878337149533043,0.878337149533047,3.99680288865056e-15,G003,1,0.778097303946469,1.31144114284432,1,1,LOW_CONFIDENCE,insufficient_unique_margin,0,0
T_inlib_G003_012,T_inlib,G003,H50,B,0,G003,"M=20,20,20,20,|T=0,0,0,0,|B=1,15,1,50;",1,1,1,0,0,211900012,311900012,1.00851633633424,1.14863459877797,0,1,0,0,1,3,3,114,115,0.032874,G003,G002,1,0.875692054779114,G002,3.70556669810941,0.875692054779114,3.70556669810941,2.8298746433303,G003,1,1.00320595728087,1.31144114284432,1,0,LOW_CONFIDENCE,insufficient_unique_margin,0,0
T_inlib_G003_012,T_inlib,G003,H50,C,5,G003,"M=20,20,20,20,|T=0,0,0,0,|B=1,15,1,50;",1,1,1,0,0,211900012,311900012,1.00851633633424,1.14863459877797,0,1,0,0,1,5,8,298,299,0.088117,G003,MIRROR_M3,1,0.875692054779114,MIRROR_M3,0.875692054779115,0.875692054779114,0.875692054779115,9.99200722162641e-16,MIRROR_M3;G003,2,1.00320595728087,1.31144114284432,1,1,MULTIPLE_AMBIGUOUS,multiple_candidates,0,0
T_inlib_G003_013,T_inlib,G003,H50,B,0,G003,"M=20,20,20,20,|T=0,0,0,0,|B=1,15,1,50;",1,1,1,0,0,211900013,311900013,0.982263824825956,0.924223237231223,0,1,0,0,1,3,3,112,113,0.031832,G003,G002,1,0.808641972087719,G002,3.87908792170311,0.808641972087719,3.87908792170311,3.07044594961539,G003,1,0.677842591271982,1.31144114284432,1,0,UNIQUE_CONFIDENT,single_candidate_with_margin,1,0
T_inlib_G003_013,T_inlib,G003,H50,C,5,G003,"M=20,20,20,20,|T=0,0,0,0,|B=1,15,1,50;",1,1,1,0,0,211900013,311900013,0.982263824825956,0.924223237231223,0,1,0,0,1,5,8,292,293,0.086195,MIRROR_M3,G003,2,0.808641972087719,MIRROR_M3,0.808641972087717,0.808641972087717,0.808641972087719,2.22044604925031e-15,MIRROR_M3;G003,2,0.677842591271706,1.31144114284432,1,1,MULTIPLE_AMBIGUOUS,multiple_candidates,0,0
T_inlib_G003_014,T_inlib,G003,H50,B,0,G003,"M=20,20,20,20,|T=0,0,0,0,|B=1,15,1,50;",1,1,1,0,0,211900014,311900014,1.00520682328109,0.856430674965758,0,1,0,0,1,3,3,113,114,0.032656,G003,G002,1,0.794453606200625,G002,3.75409436840232,0.794453606200625,3.75409436840232,2.9596407622017,G003,1,0.864871254972315,1.31144114284432,1,0,LOW_CONFIDENCE,insufficient_unique_margin,0,0
T_inlib_G003_014,T_inlib,G003,H50,C,5,G003,"M=20,20,20,20,|T=0,0,0,0,|B=1,15,1,50;",1,1,1,0,0,211900014,311900014,1.00520682328109,0.856430674965758,0,1,0,0,1,5,8,295,296,0.087841,MIRROR_M3,G003,2,0.794453606200625,MIRROR_M3,0.794453606200622,0.794453606200622,0.794453606200625,2.33146835171283e-15,MIRROR_M3;G003,2,0.864871254972356,1.31144114284432,1,1,MULTIPLE_AMBIGUOUS,multiple_candidates,0,0
T_inlib_G003_015,T_inlib,G003,H50,B,0,G003,"M=20,20,20,20,|T=0,0,0,0,|B=1,15,1,50;",1,1,1,0,0,211900015,311900015,1.01726741495775,0.970549356808858,0,1,0,0,1,3,3,111,112,0.032079,G003,G002,1,0.793931499560212,G002,3.80525516881224,0.793931499560212,3.80525516881224,3.01132366925203,G003,1,1.11287788486566,1.31144114284432,1,0,UNIQUE_CONFIDENT,single_candidate_with_margin,1,0
T_inlib_G003_015,T_inlib,G003,H50,C,5,G003,"M=20,20,20,20,|T=0,0,0,0,|B=1,15,1,50;",1,1,1,0,0,211900015,311900015,1.01726741495775,0.970549356808858,0,1,0,0,1,5,8,289,290,0.085845,MIRROR_M3,G003,2,0.793931499560212,MIRROR_M3,0.793931499560212,0.793931499560212,0.793931499560212,0,MIRROR_M3;G003,2,1.11287788486588,1.31144114284432,1,1,MULTIPLE_AMBIGUOUS,multiple_candidates,0,0
T_inlib_G003_016,T_inlib,G003,H50,B,0,G003,"M=20,20,20,20,|T=0,0,0,0,|B=1,15,1,50;",1,1,1,0,0,211900016,311900016,0.987213954452901,1.11393642672308,0,1,0,0,1,3,3,114,115,0.032842,G003,G002,1,0.899562946430224,G002,3.81314267369125,0.899562946430224,3.81314267369125,2.91357972726103,G003,1,0.986972373572696,1.31144114284432,1,0,LOW_CONFIDENCE,insufficient_unique_margin,0,0
T_inlib_G003_016,T_inlib,G003,H50,C,5,G003,"M=20,20,20,20,|T=0,0,0,0,|B=1,15,1,50;",1,1,1,0,0,211900016,311900016,0.987213954452901,1.11393642672308,0,1,0,0,1,5,8,298,299,0.088754,G003,MIRROR_M3,1,0.899562946430224,MIRROR_M3,0.899562946430224,0.899562946430224,0.899562946430224,2.22044604925031e-16,MIRROR_M3;G003,2,0.986972373572696,1.31144114284432,1,1,MULTIPLE_AMBIGUOUS,multiple_candidates,0,0
T_inlib_G003_017,T_inlib,G003,H50,B,0,G003,"M=20,20,20,20,|T=0,0,0,0,|B=1,15,1,50;",1,1,1,0,0,211900017,311900017,0.999614373096596,1.19505328011474,0,1,0,0,1,3,3,113,114,0.032575,G003,G002,1,0.965525488442333,G002,3.8680049741357,0.965525488442333,3.8680049741357,2.90247948569337,G003,1,1.02226502321936,1.31144114284432,1,0,LOW_CONFIDENCE,insufficient_unique_margin,0,0
T_inlib_G003_017,T_inlib,G003,H50,C,5,G003,"M=20,20,20,20,|T=0,0,0,0,|B=1,15,1,50;",1,1,1,0,0,211900017,311900017,0.999614373096596,1.19505328011474,0,1,0,0,1,5,8,297,298,0.088383,MIRROR_M3,G003,2,0.965525488442333,MIRROR_M3,0.965525488442332,0.965525488442332,0.965525488442333,1.22124532708767e-15,MIRROR_M3;G003,2,1.02226502321889,1.31144114284432,1,1,MULTIPLE_AMBIGUOUS,multiple_candidates,0,0
T_inlib_G003_018,T_inlib,G003,H50,B,0,G003,"M=20,20,20,20,|T=0,0,0,0,|B=1,15,1,50;",1,1,1,0,0,211900018,311900018,0.98712156811959,1.1105330319849,0,1,0,0,1,3,3,114,115,0.032777,G003,G002,1,0.750472909831462,G002,3.90725352751265,0.750472909831462,3.90725352751265,3.15678061768118,G003,1,0.839152638460208,1.31144114284432,1,0,UNIQUE_CONFIDENT,single_candidate_with_margin,1,0
T_inlib_G003_018,T_inlib,G003,H50,C,5,G003,"M=20,20,20,20,|T=0,0,0,0,|B=1,15,1,50;",1,1,1,0,0,211900018,311900018,0.98712156811959,1.1105330319849,0,1,0,0,1,5,8,298,299,0.088109,MIRROR_M3,G003,2,0.750472909831462,MIRROR_M3,0.750472909831461,0.750472909831461,0.750472909831462,6.66133814775094e-16,MIRROR_M3;G003,2,0.839152638460296,1.31144114284432,1,1,MULTIPLE_AMBIGUOUS,multiple_candidates,0,0
T_inlib_G003_019,T_inlib,G003,H50,B,0,G003,"M=20,20,20,20,|T=0,0,0,0,|B=1,15,1,50;",1,1,1,0,0,211900019,311900019,0.991574027313442,0.930791779135527,0,1,0,0,1,3,3,114,115,0.033046,G003,G002,1,0.829841309008135,G002,3.92981381417072,0.829841309008135,3.92981381417072,3.09997250516258,G003,1,0.885993236083412,1.31144114284432,1,0,UNIQUE_CONFIDENT,single_candidate_with_margin,1,0
T_inlib_G003_019,T_inlib,G003,H50,C,5,G003,"M=20,20,20,20,|T=0,0,0,0,|B=1,15,1,50;",1,1,1,0,0,211900019,311900019,0.991574027313442,0.930791779135527,0,1,0,0,1,5,8,298,299,0.088909,MIRROR_M3,G003,2,0.829841309008135,MIRROR_M3,0.829841309008133,0.829841309008133,0.829841309008135,1.4432899320127e-15,MIRROR_M3;G003,2,0.885993236083774,1.31144114284432,1,1,MULTIPLE_AMBIGUOUS,multiple_candidates,0,0
T_inlib_G003_020,T_inlib,G003,H50,B,0,G003,"M=20,20,20,20,|T=0,0,0,0,|B=1,15,1,50;",1,1,1,0,0,211900020,311900020,1.00400459752034,0.983358907436542,0,1,0,0,1,3,3,111,112,0.032064,G003,G002,1,0.765670426128027,G002,3.77635466945974,0.765670426128027,3.77635466945974,3.01068424333172,G003,1,0.720539821389283,1.31144114284432,1,0,UNIQUE_CONFIDENT,single_candidate_with_margin,1,0
T_inlib_G003_020,T_inlib,G003,H50,C,5,G003,"M=20,20,20,20,|T=0,0,0,0,|B=1,15,1,50;",1,1,1,0,0,211900020,311900020,1.00400459752034,0.983358907436542,0,1,0,0,0,5,8,289,290,0.088185,MIRROR_M3,G003,2,0.765670426128027,MIRROR_M3,0.765670426128024,0.765670426128024,0.765670426128027,2.99760216648792e-15,MIRROR_M3,1,0.720539821388583,1.31144114284432,1,1,LOW_CONFIDENCE,insufficient_unique_margin,0,0
T_old_out_MIRROR_M3_001,T_old_out,MIRROR_M3,H50,B,0,MIRROR_M3,"M=20,20,20,20,|T=0,0,0,0,|B=3,15,1,50;",0,1,1,1,0,221200001,321200001,1.00406875809291,1.11705939829097,0,0,1,0,0,3,3,112,113,0.032776,G003,G002,0,NaN,G003,0.904406079758437,0.904406079758437,3.72627798564492,2.82187190588648,G003,1,0.894583009595699,1.31144114284432,1,0,LOW_CONFIDENCE,insufficient_unique_margin,0,0
T_old_out_MIRROR_M3_001,T_old_out,MIRROR_M3,H50,C,5,MIRROR_M3,"M=20,20,20,20,|T=0,0,0,0,|B=3,15,1,50;",0,1,1,1,0,221200001,321200001,1.00406875809291,1.11705939829097,1,1,0,0,1,5,8,292,293,0.085505,MIRROR_M3,G003,1,0.904406079758434,G003,0.904406079758437,0.904406079758434,0.904406079758437,2.88657986402541e-15,MIRROR_M3,1,0.89458300959833,1.31144114284432,1,1,LOW_CONFIDENCE,insufficient_unique_margin,0,0
T_old_out_MIRROR_M3_002,T_old_out,MIRROR_M3,H50,B,0,MIRROR_M3,"M=20,20,20,20,|T=0,0,0,0,|B=3,15,1,50;",0,1,1,1,0,221200002,321200002,0.98763258810792,1.01316828160613,0,0,1,0,0,3,3,113,114,0.032379,G003,G002,0,NaN,G003,0.921751388864394,0.921751388864394,3.91474790058718,2.99299651172279,G003,1,0.855502650878076,1.31144114284432,1,0,LOW_CONFIDENCE,insufficient_unique_margin,0,0
T_old_out_MIRROR_M3_002,T_old_out,MIRROR_M3,H50,C,5,MIRROR_M3,"M=20,20,20,20,|T=0,0,0,0,|B=3,15,1,50;",0,1,1,1,0,221200002,321200002,0.98763258810792,1.01316828160613,1,1,0,0,1,5,8,295,296,0.087403,G003,MIRROR_M3,2,0.921751388864394,G003,0.921751388864394,0.921751388864394,0.921751388864394,6.66133814775094e-16,MIRROR_M3;G003,2,0.855502650878076,1.31144114284432,1,1,MULTIPLE_AMBIGUOUS,multiple_candidates,0,0
T_old_out_MIRROR_M3_003,T_old_out,MIRROR_M3,H50,B,0,MIRROR_M3,"M=20,20,20,20,|T=0,0,0,0,|B=3,15,1,50;",0,1,1,1,0,221200003,321200003,1.0011829389597,0.867963270483399,0,0,1,0,0,3,3,113,114,0.032375,G003,G002,0,NaN,G003,0.830198942131393,0.830198942131393,4.04612337921431,3.21592443708292,G003,1,0.786517739839755,1.31144114284432,1,0,UNIQUE_CONFIDENT,single_candidate_with_margin,0,1
T_old_out_MIRROR_M3_003,T_old_out,MIRROR_M3,H50,C,5,MIRROR_M3,"M=20,20,20,20,|T=0,0,0,0,|B=3,15,1,50;",0,1,1,1,0,221200003,321200003,1.0011829389597,0.867963270483399,1,1,0,0,0,5,8,295,296,0.088079,G003,MIRROR_M3,2,0.830198942131397,G003,0.830198942131393,0.830198942131393,0.830198942131397,3.99680288865056e-15,G003,1,0.786517739839755,1.31144114284432,1,1,LOW_CONFIDENCE,insufficient_unique_margin,0,0
T_old_out_MIRROR_M3_004,T_old_out,MIRROR_M3,H50,B,0,MIRROR_M3,"M=20,20,20,20,|T=0,0,0,0,|B=3,15,1,50;",0,1,1,1,0,221200004,321200004,1.00033902986124,1.15915848771527,0,0,1,0,0,3,3,132,133,0.038281,G003,G002,0,NaN,G003,0.765027780317833,0.765027780317833,3.78646204405151,3.02143426373368,G003,1,1.02585938967097,1.31144114284432,1,0,UNIQUE_CONFIDENT,single_candidate_with_margin,0,1
T_old_out_MIRROR_M3_004,T_old_out,MIRROR_M3,H50,C,5,MIRROR_M3,"M=20,20,20,20,|T=0,0,0,0,|B=3,15,1,50;",0,1,1,1,0,221200004,321200004,1.00033902986124,1.15915848771527,1,1,0,0,1,5,8,352,353,0.104153,G003,MIRROR_M3,2,0.765027780317834,G003,0.765027780317833,0.765027780317833,0.765027780317834,6.66133814775094e-16,MIRROR_M3;G003,2,1.02585938967097,1.31144114284432,1,1,MULTIPLE_AMBIGUOUS,multiple_candidates,0,0
T_old_out_MIRROR_M3_005,T_old_out,MIRROR_M3,H50,B,0,MIRROR_M3,"M=20,20,20,20,|T=0,0,0,0,|B=3,15,1,50;",0,1,1,1,0,221200005,321200005,0.996952672587834,1.15920338877623,0,0,1,0,0,3,3,132,133,0.03792,G003,G002,0,NaN,G003,0.778536865669159,0.778536865669159,3.81844844692705,3.0399115812579,G003,1,0.927476145595956,1.31144114284432,1,0,UNIQUE_CONFIDENT,single_candidate_with_margin,0,1
T_old_out_MIRROR_M3_005,T_old_out,MIRROR_M3,H50,C,5,MIRROR_M3,"M=20,20,20,20,|T=0,0,0,0,|B=3,15,1,50;",0,1,1,1,0,221200005,321200005,0.996952672587834,1.15920338877623,1,1,0,0,1,5,8,352,353,0.103582,G003,MIRROR_M3,2,0.77853686566916,G003,0.778536865669159,0.778536865669159,0.77853686566916,1.77635683940025e-15,MIRROR_M3;G003,2,0.927476145595956,1.31144114284432,1,1,MULTIPLE_AMBIGUOUS,multiple_candidates,0,0
T_old_out_MIRROR_M3_006,T_old_out,MIRROR_M3,H50,B,0,MIRROR_M3,"M=20,20,20,20,|T=0,0,0,0,|B=3,15,1,50;",0,1,1,1,0,221200006,321200006,1.01339618047337,1.166645742881,0,0,1,0,0,3,3,132,133,0.038067,G003,G002,0,NaN,G003,0.918168751246364,0.918168751246364,3.73508887168378,2.81692012043741,G003,1,0.643698918481195,1.31144114284432,1,0,LOW_CONFIDENCE,insufficient_unique_margin,0,0
T_old_out_MIRROR_M3_006,T_old_out,MIRROR_M3,H50,C,5,MIRROR_M3,"M=20,20,20,20,|T=0,0,0,0,|B=3,15,1,50;",0,1,1,1,0,221200006,321200006,1.01339618047337,1.166645742881,1,1,0,0,0,5,8,352,353,0.104339,G003,MIRROR_M3,2,0.918168751246367,G003,0.918168751246364,0.918168751246364,0.918168751246367,3.21964677141295e-15,G003,1,0.643698918481195,1.31144114284432,1,1,LOW_CONFIDENCE,insufficient_unique_margin,0,0
T_old_out_MIRROR_M3_007,T_old_out,MIRROR_M3,H50,B,0,MIRROR_M3,"M=20,20,20,20,|T=0,0,0,0,|B=3,15,1,50;",0,1,1,1,0,221200007,321200007,1.01585122348028,1.12971814176768,0,0,1,0,0,3,3,116,117,0.034824,G003,G002,0,NaN,G003,0.714010729800727,0.714010729800727,3.64448572714058,2.93047499733985,G003,1,0.915987251453028,1.31144114284432,1,0,LOW_CONFIDENCE,insufficient_unique_margin,0,0
T_old_out_MIRROR_M3_007,T_old_out,MIRROR_M3,H50,C,5,MIRROR_M3,"M=20,20,20,20,|T=0,0,0,0,|B=3,15,1,50;",0,1,1,1,0,221200007,321200007,1.01585122348028,1.12971814176768,1,1,0,0,1,5,8,302,303,0.091789,MIRROR_M3,G003,1,0.714010729800727,G003,0.714010729800727,0.714010729800727,0.714010729800727,1.11022302462516e-16,MIRROR_M3;G003,2,0.915987251453185,1.31144114284432,1,1,MULTIPLE_AMBIGUOUS,multiple_candidates,0,0
T_old_out_MIRROR_M3_008,T_old_out,MIRROR_M3,H50,B,0,MIRROR_M3,"M=20,20,20,20,|T=0,0,0,0,|B=3,15,1,50;",0,1,1,1,0,221200008,321200008,0.992652346754893,0.854650098486517,0,0,1,0,0,3,3,132,133,0.038844,G003,G002,0,NaN,G003,0.774230142393294,0.774230142393294,3.94443700129299,3.17020685889969,G003,1,0.83935826274505,1.31144114284432,1,0,UNIQUE_CONFIDENT,single_candidate_with_margin,0,1
T_old_out_MIRROR_M3_008,T_old_out,MIRROR_M3,H50,C,5,MIRROR_M3,"M=20,20,20,20,|T=0,0,0,0,|B=3,15,1,50;",0,1,1,1,0,221200008,321200008,0.992652346754893,0.854650098486517,1,1,0,0,1,5,8,352,353,0.107184,MIRROR_M3,G003,1,0.774230142393294,G003,0.774230142393294,0.774230142393294,0.774230142393294,0,MIRROR_M3;G003,2,0.83935826274505,1.31144114284432,1,1,MULTIPLE_AMBIGUOUS,multiple_candidates,0,0
T_old_out_MIRROR_M3_009,T_old_out,MIRROR_M3,H50,B,0,MIRROR_M3,"M=20,20,20,20,|T=0,0,0,0,|B=3,15,1,50;",0,1,1,1,0,221200009,321200009,1.01547198524103,0.862885403973009,0,0,1,0,0,3,3,113,114,0.034275,G003,G002,0,NaN,G003,0.959638155367335,0.959638155367335,3.74006122677482,2.78042307140749,G003,1,0.850867510209598,1.31144114284432,1,0,LOW_CONFIDENCE,insufficient_unique_margin,0,0
T_old_out_MIRROR_M3_009,T_old_out,MIRROR_M3,H50,C,5,MIRROR_M3,"M=20,20,20,20,|T=0,0,0,0,|B=3,15,1,50;",0,1,1,1,0,221200009,321200009,1.01547198524103,0.862885403973009,1,1,0,0,1,5,8,295,296,0.090201,G003,MIRROR_M3,2,0.959638155367337,G003,0.959638155367335,0.959638155367335,0.959638155367337,1.55431223447522e-15,MIRROR_M3;G003,2,0.850867510209598,1.31144114284432,1,1,MULTIPLE_AMBIGUOUS,multiple_candidates,0,0
T_old_out_MIRROR_M3_010,T_old_out,MIRROR_M3,H50,B,0,MIRROR_M3,"M=20,20,20,20,|T=0,0,0,0,|B=3,15,1,50;",0,1,1,1,0,221200010,321200010,0.9811981320872,0.917301891742347,0,0,1,0,0,3,3,113,114,0.033563,G003,G002,0,NaN,G003,0.986120585410215,0.986120585410215,4.01441565402826,3.02829506861804,G003,1,0.762918467928411,1.31144114284432,1,0,UNIQUE_CONFIDENT,single_candidate_with_margin,0,1
T_old_out_MIRROR_M3_010,T_old_out,MIRROR_M3,H50,C,5,MIRROR_M3,"M=20,20,20,20,|T=0,0,0,0,|B=3,15,1,50;",0,1,1,1,0,221200010,321200010,0.9811981320872,0.917301891742347,1,1,0,0,0,5,8,293,294,0.090757,G003,MIRROR_M3,2,0.986120585410218,G003,0.986120585410215,0.986120585410215,0.986120585410218,3.44169137633799e-15,G003,1,0.762918467928411,1.31144114284432,1,1,LOW_CONFIDENCE,insufficient_unique_margin,0,0
T_old_out_ADD_M1_M3_001,T_old_out,ADD_M1_M3,H50,B,0,ADD_M1_M3,"M=20,20,20,20,|T=0,0,0,0,|B=1,15,1,50;3,15,1,50;",0,1,1,1,0,222000001,322000001,1.00334600057533,1.1443417439571,0,0,1,0,0,3,3,114,115,0.033906,G003,G002,0,NaN,G003,3.21637773702892,3.21637773702892,4.14427409144255,0.927896354413629,G003,1,3.14716138811963,1.31144114284432,0,0,REJECTED,fit_quality_gate,0,0
T_old_out_ADD_M1_M3_001,T_old_out,ADD_M1_M3,H50,C,5,ADD_M1_M3,"M=20,20,20,20,|T=0,0,0,0,|B=1,15,1,50;3,15,1,50;",0,1,1,1,0,222000001,322000001,1.00334600057533,1.1443417439571,1,1,0,0,1,5,8,278,279,0.084192,ADD_M1_M3,G003,1,0.698555795500563,G003,3.21637773702892,0.698555795500563,3.21637773702892,2.51782194152836,ADD_M1_M3,1,0.623241754722819,1.31144114284432,1,1,LOW_CONFIDENCE,insufficient_unique_margin,0,0
T_old_out_ADD_M1_M3_002,T_old_out,ADD_M1_M3,H50,B,0,ADD_M1_M3,"M=20,20,20,20,|T=0,0,0,0,|B=1,15,1,50;3,15,1,50;",0,1,1,1,0,222000002,322000002,0.981757864070129,1.18109601819489,0,0,1,0,0,3,3,112,113,0.033176,G003,G002,0,NaN,G003,3.51252884679528,3.51252884679528,4.43456833751074,0.922039490715463,G003,1,3.25264498177905,1.31144114284432,0,0,REJECTED,fit_quality_gate,0,0
T_old_out_ADD_M1_M3_002,T_old_out,ADD_M1_M3,H50,C,5,ADD_M1_M3,"M=20,20,20,20,|T=0,0,0,0,|B=1,15,1,50;3,15,1,50;",0,1,1,1,0,222000002,322000002,0.981757864070129,1.18109601819489,1,1,0,0,1,5,8,293,294,0.090921,ADD_M1_M3,MIRROR_M3,1,0.657881581183301,MIRROR_M3,3.51252884679528,0.657881581183301,3.51252884679528,2.85464726561198,ADD_M1_M3,1,0.647934911427838,1.31144114284432,1,1,LOW_CONFIDENCE,insufficient_unique_margin,0,0
T_old_out_ADD_M1_M3_003,T_old_out,ADD_M1_M3,H50,B,0,ADD_M1_M3,"M=20,20,20,20,|T=0,0,0,0,|B=1,15,1,50;3,15,1,50;",0,1,1,1,0,222000003,322000003,1.01576022424224,1.00482629495733,0,0,1,0,0,3,3,94,95,0.028169,G003,G002,0,NaN,G003,3.28597302325431,3.28597302325431,4.240876396483,0.954903373228685,G003,1,3.31324589962746,1.31144114284432,0,0,REJECTED,fit_quality_gate,0,0
T_old_out_ADD_M1_M3_003,T_old_out,ADD_M1_M3,H50,C,5,ADD_M1_M3,"M=20,20,20,20,|T=0,0,0,0,|B=1,15,1,50;3,15,1,50;",0,1,1,1,0,222000003,322000003,1.01576022424224,1.00482629495733,1,1,0,0,1,5,8,238,239,0.072879,ADD_M1_M3,MIRROR_M3,1,0.78234661461022,MIRROR_M3,3.28597302325431,0.78234661461022,3.28597302325431,2.50362640864409,ADD_M1_M3,1,0.63740558180404,1.31144114284432,1,1,LOW_CONFIDENCE,insufficient_unique_margin,0,0
T_old_out_ADD_M1_M3_004,T_old_out,ADD_M1_M3,H50,B,0,ADD_M1_M3,"M=20,20,20,20,|T=0,0,0,0,|B=1,15,1,50;3,15,1,50;",0,1,1,1,0,222000004,322000004,0.994524441047987,1.05277095313711,0,0,1,0,0,3,3,94,95,0.027915,G003,G002,0,NaN,G003,3.53028088500647,3.53028088500647,4.41190794599809,0.881627060991617,G003,1,3.22253583711441,1.31144114284432,0,0,REJECTED,fit_quality_gate,0,0
T_old_out_ADD_M1_M3_004,T_old_out,ADD_M1_M3,H50,C,5,ADD_M1_M3,"M=20,20,20,20,|T=0,0,0,0,|B=1,15,1,50;3,15,1,50;",0,1,1,1,0,222000004,322000004,0.994524441047987,1.05277095313711,1,1,0,0,1,5,8,238,239,0.0719,ADD_M1_M3,MIRROR_M3,1,0.713532391756055,MIRROR_M3,3.53028088500647,0.713532391756055,3.53028088500647,2.81674849325041,ADD_M1_M3,1,0.835572507313481,1.31144114284432,1,1,LOW_CONFIDENCE,insufficient_unique_margin,0,0
T_old_out_ADD_M1_M3_005,T_old_out,ADD_M1_M3,H50,B,0,ADD_M1_M3,"M=20,20,20,20,|T=0,0,0,0,|B=1,15,1,50;3,15,1,50;",0,1,1,1,0,222000005,322000005,1.01850725174033,1.00039752434527,0,0,1,0,0,3,3,94,95,0.027969,G003,G002,0,NaN,G003,3.34922434815985,3.34922434815985,4.21531156123028,0.866087213070429,G003,1,3.37430360709565,1.31144114284432,0,0,REJECTED,fit_quality_gate,0,0
T_old_out_ADD_M1_M3_005,T_old_out,ADD_M1_M3,H50,C,5,ADD_M1_M3,"M=20,20,20,20,|T=0,0,0,0,|B=1,15,1,50;3,15,1,50;",0,1,1,1,0,222000005,322000005,1.01850725174033,1.00039752434527,1,1,0,0,1,5,8,238,239,0.071655,ADD_M1_M3,G003,1,0.695345210143773,G003,3.34922434815985,0.695345210143773,3.34922434815985,2.65387913801607,ADD_M1_M3,1,0.601457615432334,1.31144114284432,1,1,LOW_CONFIDENCE,insufficient_unique_margin,0,0
T_old_out_ADD_M1_M3_006,T_old_out,ADD_M1_M3,H50,B,0,ADD_M1_M3,"M=20,20,20,20,|T=0,0,0,0,|B=1,15,1,50;3,15,1,50;",0,1,1,1,0,222000006,322000006,0.99241865836427,1.03333469366746,0,0,1,0,0,3,3,93,94,0.026696,G003,G002,0,NaN,G003,3.54423694443923,3.54423694443923,4.59190636635548,1.04766942191625,G003,1,3.08526220402379,1.31144114284432,0,0,REJECTED,fit_quality_gate,0,0
T_old_out_ADD_M1_M3_006,T_old_out,ADD_M1_M3,H50,C,5,ADD_M1_M3,"M=20,20,20,20,|T=0,0,0,0,|B=1,15,1,50;3,15,1,50;",0,1,1,1,0,222000006,322000006,0.99241865836427,1.03333469366746,1,1,0,0,1,5,8,235,236,0.069507,ADD_M1_M3,MIRROR_M3,1,0.5833093460867,MIRROR_M3,3.54423694443923,0.5833093460867,3.54423694443923,2.96092759835253,ADD_M1_M3,1,0.743370817447633,1.31144114284432,1,1,LOW_CONFIDENCE,insufficient_unique_margin,0,0
T_old_out_ADD_M1_M3_007,T_old_out,ADD_M1_M3,H50,B,0,ADD_M1_M3,"M=20,20,20,20,|T=0,0,0,0,|B=1,15,1,50;3,15,1,50;",0,1,1,1,0,222000007,322000007,1.00663943656884,0.942582122455765,0,0,1,0,0,3,3,93,94,0.026737,G003,G002,0,NaN,G003,3.51991476830656,3.51991476830656,4.38678871429331,0.866873945986752,G003,1,3.48653618220626,1.31144114284432,0,0,REJECTED,fit_quality_gate,0,0
T_old_out_ADD_M1_M3_007,T_old_out,ADD_M1_M3,H50,C,5,ADD_M1_M3,"M=20,20,20,20,|T=0,0,0,0,|B=1,15,1,50;3,15,1,50;",0,1,1,1,0,222000007,322000007,1.00663943656884,0.942582122455765,1,1,0,0,1,5,8,233,234,0.067839,ADD_M1_M3,MIRROR_M3,1,0.68371093163002,MIRROR_M3,3.51991476830656,0.68371093163002,3.51991476830656,2.83620383667654,ADD_M1_M3,1,0.73089832365888,1.31144114284432,1,1,LOW_CONFIDENCE,insufficient_unique_margin,0,0
T_old_out_ADD_M1_M3_008,T_old_out,ADD_M1_M3,H50,B,0,ADD_M1_M3,"M=20,20,20,20,|T=0,0,0,0,|B=1,15,1,50;3,15,1,50;",0,1,1,1,0,222000008,322000008,1.00862760854044,1.05297660275313,0,0,1,0,0,3,3,95,96,0.027299,G003,G002,0,NaN,G003,3.45031661569585,3.45031661569585,4.38443788028174,0.934121264585891,G003,1,3.44785353047856,1.31144114284432,0,0,REJECTED,fit_quality_gate,0,0
T_old_out_ADD_M1_M3_008,T_old_out,ADD_M1_M3,H50,C,5,ADD_M1_M3,"M=20,20,20,20,|T=0,0,0,0,|B=1,15,1,50;3,15,1,50;",0,1,1,1,0,222000008,322000008,1.00862760854044,1.05297660275313,1,1,0,0,1,5,8,240,241,0.070732,ADD_M1_M3,G003,1,0.703264273479135,G003,3.45031661569585,0.703264273479135,3.45031661569585,2.74705234221672,ADD_M1_M3,1,0.746576604654075,1.31144114284432,1,1,LOW_CONFIDENCE,insufficient_unique_margin,0,0
T_old_out_ADD_M1_M3_009,T_old_out,ADD_M1_M3,H50,B,0,ADD_M1_M3,"M=20,20,20,20,|T=0,0,0,0,|B=1,15,1,50;3,15,1,50;",0,1,1,1,0,222000009,322000009,0.997678307019556,0.814234232107336,0,0,1,0,0,3,3,94,95,0.027118,G003,G002,0,NaN,G003,3.67762216866585,3.67762216866585,4.51530536421177,0.83768319554592,G003,1,3.50846797796983,1.31144114284432,0,0,REJECTED,fit_quality_gate,0,0
T_old_out_ADD_M1_M3_009,T_old_out,ADD_M1_M3,H50,C,5,ADD_M1_M3,"M=20,20,20,20,|T=0,0,0,0,|B=1,15,1,50;3,15,1,50;",0,1,1,1,0,222000009,322000009,0.997678307019556,0.814234232107336,1,1,0,0,1,5,8,241,242,0.07169,ADD_M1_M3,MIRROR_M3,1,0.742479887389664,MIRROR_M3,3.67762216866584,0.742479887389664,3.67762216866584,2.93514228127617,ADD_M1_M3,1,0.673698273990806,1.31144114284432,1,1,LOW_CONFIDENCE,insufficient_unique_margin,0,0
T_old_out_ADD_M1_M3_010,T_old_out,ADD_M1_M3,H50,B,0,ADD_M1_M3,"M=20,20,20,20,|T=0,0,0,0,|B=1,15,1,50;3,15,1,50;",0,1,1,1,0,222000010,322000010,1.01319822793212,1.0406706490673,0,0,1,0,0,3,3,94,95,0.027599,G003,G002,0,NaN,G003,3.36403945098869,3.36403945098869,4.33318148253941,0.969142031550715,G003,1,3.3928967768774,1.31144114284432,0,0,REJECTED,fit_quality_gate,0,0
T_old_out_ADD_M1_M3_010,T_old_out,ADD_M1_M3,H50,C,5,ADD_M1_M3,"M=20,20,20,20,|T=0,0,0,0,|B=1,15,1,50;3,15,1,50;",0,1,1,1,0,222000010,322000010,1.01319822793212,1.0406706490673,1,1,0,0,1,5,8,238,239,0.071445,ADD_M1_M3,G003,1,0.701672510776476,G003,3.36403945098869,0.701672510776476,3.36403945098869,2.66236694021222,ADD_M1_M3,1,0.658321994234553,1.31144114284432,1,1,LOW_CONFIDENCE,insufficient_unique_margin,0,0
T_old_out_ADD_M2_M3_001,T_old_out,ADD_M2_M3,H50,B,0,ADD_M2_M3,"M=20,20,20,20,|T=0,0,0,0,|B=2,15,1,50;3,15,1,50;",0,1,1,1,0,221500001,321500001,0.990731678794334,1.10268054761598,0,0,1,0,0,3,3,113,114,0.032784,G003,G002,0,NaN,G003,3.66238653036431,3.66238653036431,4.25153647091052,0.589149940546202,G003,1,3.00840757302532,1.31144114284432,0,0,REJECTED,fit_quality_gate,0,0
T_old_out_ADD_M2_M3_001,T_old_out,ADD_M2_M3,H50,C,5,ADD_M2_M3,"M=20,20,20,20,|T=0,0,0,0,|B=2,15,1,50;3,15,1,50;",0,1,1,1,0,221500001,321500001,0.990731678794334,1.10268054761598,0,0,1,0,0,5,8,277,278,0.08326,ADD_M1_M3,MIRROR_M3,0,NaN,ADD_M1_M3,1.53129004768369,1.53129004768369,3.6623865303643,2.13109648268061,ADD_M1_M3,1,1.38926729510407,1.31144114284432,0,1,REJECTED,fit_quality_gate,0,0
T_old_out_ADD_M2_M3_002,T_old_out,ADD_M2_M3,H50,B,0,ADD_M2_M3,"M=20,20,20,20,|T=0,0,0,0,|B=2,15,1,50;3,15,1,50;",0,1,1,1,0,221500002,321500002,0.992131347999929,1.15445559333443,0,0,1,0,0,3,3,112,113,0.03255,G003,G002,0,NaN,G003,3.55657053068083,3.55657053068083,4.08161907268407,0.525048542003244,G003,1,3.27202894044466,1.31144114284432,0,0,REJECTED,fit_quality_gate,0,0
T_old_out_ADD_M2_M3_002,T_old_out,ADD_M2_M3,H50,C,5,ADD_M2_M3,"M=20,20,20,20,|T=0,0,0,0,|B=2,15,1,50;3,15,1,50;",0,1,1,1,0,221500002,321500002,0.992131347999929,1.15445559333443,0,0,1,0,0,5,8,292,293,0.088257,ADD_M1_M3,G003,0,NaN,ADD_M1_M3,1.41584281713464,1.41584281713464,3.55657053068083,2.14072771354619,ADD_M1_M3,1,1.41277417925993,1.31144114284432,0,1,REJECTED,fit_quality_gate,0,0
T_old_out_ADD_M2_M3_003,T_old_out,ADD_M2_M3,H50,B,0,ADD_M2_M3,"M=20,20,20,20,|T=0,0,0,0,|B=2,15,1,50;3,15,1,50;",0,1,1,1,0,221500003,321500003,1.0194339057581,1.10518663769606,0,0,1,0,0,3,3,113,114,0.032506,G003,G002,0,NaN,G003,3.56330611526994,3.56330611526994,4.0373633865268,0.474057271256856,G003,1,3.13598324083024,1.31144114284432,0,0,REJECTED,fit_quality_gate,0,0
T_old_out_ADD_M2_M3_003,T_old_out,ADD_M2_M3,H50,C,5,ADD_M2_M3,"M=20,20,20,20,|T=0,0,0,0,|B=2,15,1,50;3,15,1,50;",0,1,1,1,0,221500003,321500003,1.0194339057581,1.10518663769606,0,0,1,0,0,5,8,295,296,0.086862,ADD_M1_M3,G003,0,NaN,ADD_M1_M3,1.56591457347129,1.56591457347129,3.56330611526994,1.99739154179865,ADD_M1_M3,1,1.30596769509888,1.31144114284432,1,1,LOW_CONFIDENCE,insufficient_unique_margin,0,0
T_old_out_ADD_M2_M3_004,T_old_out,ADD_M2_M3,H50,B,0,ADD_M2_M3,"M=20,20,20,20,|T=0,0,0,0,|B=2,15,1,50;3,15,1,50;",0,1,1,1,0,221500004,321500004,1.00973418370602,0.933737225655837,0,0,1,0,0,3,3,95,96,0.02681,G003,G002,0,NaN,G003,3.71010271091188,3.71010271091188,4.14940049213402,0.439297781222137,G003,1,3.17474711205963,1.31144114284432,0,0,REJECTED,fit_quality_gate,0,0
T_old_out_ADD_M2_M3_004,T_old_out,ADD_M2_M3,H50,C,5,ADD_M2_M3,"M=20,20,20,20,|T=0,0,0,0,|B=2,15,1,50;3,15,1,50;",0,1,1,1,0,221500004,321500004,1.00973418370602,0.933737225655837,0,0,1,0,0,5,8,240,241,0.07065,ADD_M1_M3,G003,0,NaN,ADD_M1_M3,1.65172767842853,1.65172767842853,3.71010271091188,2.05837503248335,ADD_M1_M3,1,1.49677649815088,1.31144114284432,0,1,REJECTED,fit_quality_gate,0,0
T_old_out_ADD_M2_M3_005,T_old_out,ADD_M2_M3,H50,B,0,ADD_M2_M3,"M=20,20,20,20,|T=0,0,0,0,|B=2,15,1,50;3,15,1,50;",0,1,1,1,0,221500005,321500005,1.00186513813201,1.12149727138877,0,0,1,0,0,3,3,113,114,0.033662,G003,G002,0,NaN,G003,3.56234991886141,3.56234991886141,3.86571757667412,0.303367657812719,G003,1,3.20130226372458,1.31144114284432,0,0,REJECTED,fit_quality_gate,0,0
T_old_out_ADD_M2_M3_005,T_old_out,ADD_M2_M3,H50,C,5,ADD_M2_M3,"M=20,20,20,20,|T=0,0,0,0,|B=2,15,1,50;3,15,1,50;",0,1,1,1,0,221500005,321500005,1.00186513813201,1.12149727138877,0,0,1,0,0,5,8,295,296,0.087971,ADD_M1_M3,G003,0,NaN,ADD_M1_M3,1.63049327860021,1.63049327860021,3.56234991886141,1.9318566402612,ADD_M1_M3,1,1.34773326831204,1.31144114284432,0,1,REJECTED,fit_quality_gate,0,0
T_old_out_ADD_M2_M3_006,T_old_out,ADD_M2_M3,H50,B,0,ADD_M2_M3,"M=20,20,20,20,|T=0,0,0,0,|B=2,15,1,50;3,15,1,50;",0,1,1,1,0,221500006,321500006,1.00472152767441,0.925670891846818,0,0,1,0,0,3,3,94,95,0.027455,G003,G002,0,NaN,G003,3.65665408448594,3.65665408448594,4.02263152966026,0.365977445174317,G003,1,3.12963014275944,1.31144114284432,0,0,REJECTED,fit_quality_gate,0,0
T_old_out_ADD_M2_M3_006,T_old_out,ADD_M2_M3,H50,C,5,ADD_M2_M3,"M=20,20,20,20,|T=0,0,0,0,|B=2,15,1,50;3,15,1,50;",0,1,1,1,0,221500006,321500006,1.00472152767441,0.925670891846818,0,0,1,0,0,5,8,238,239,0.069924,ADD_M1_M3,G003,0,NaN,ADD_M1_M3,1.59797021694036,1.59797021694036,3.65665408448594,2.05868386754558,ADD_M1_M3,1,1.4571799569598,1.31144114284432,0,1,REJECTED,fit_quality_gate,0,0
T_old_out_ADD_M2_M3_007,T_old_out,ADD_M2_M3,H50,B,0,ADD_M2_M3,"M=20,20,20,20,|T=0,0,0,0,|B=2,15,1,50;3,15,1,50;",0,1,1,1,0,221500007,321500007,1.00155638355125,1.0863238974922,0,0,1,0,0,3,3,115,116,0.033238,G003,G002,0,NaN,G003,3.53365808866713,3.53365808866713,3.93983347925516,0.406175390588026,G003,1,3.04937115977918,1.31144114284432,0,0,REJECTED,fit_quality_gate,0,0
T_old_out_ADD_M2_M3_007,T_old_out,ADD_M2_M3,H50,C,5,ADD_M2_M3,"M=20,20,20,20,|T=0,0,0,0,|B=2,15,1,50;3,15,1,50;",0,1,1,1,0,221500007,321500007,1.00155638355125,1.0863238974922,0,0,1,0,0,5,8,279,280,0.081433,ADD_M1_M3,G003,0,NaN,ADD_M1_M3,1.54438102926937,1.54438102926937,3.53365808866713,1.98927705939776,ADD_M1_M3,1,1.5066152236956,1.31144114284432,0,1,REJECTED,fit_quality_gate,0,0
T_old_out_ADD_M2_M3_008,T_old_out,ADD_M2_M3,H50,B,0,ADD_M2_M3,"M=20,20,20,20,|T=0,0,0,0,|B=2,15,1,50;3,15,1,50;",0,1,1,1,0,221500008,321500008,1.0091051649374,0.915948119442266,0,0,1,0,0,3,3,95,96,0.027463,G003,G002,0,NaN,G003,3.607340327114,3.607340327114,4.04875444071843,0.44141411360443,G003,1,3.35325078034701,1.31144114284432,0,0,REJECTED,fit_quality_gate,0,0
T_old_out_ADD_M2_M3_008,T_old_out,ADD_M2_M3,H50,C,5,ADD_M2_M3,"M=20,20,20,20,|T=0,0,0,0,|B=2,15,1,50;3,15,1,50;",0,1,1,1,0,221500008,321500008,1.0091051649374,0.915948119442266,0,0,1,0,0,5,8,240,241,0.071089,ADD_M1_M3,G003,0,NaN,ADD_M1_M3,1.49726408391799,1.49726408391799,3.607340327114,2.11007624319601,ADD_M1_M3,1,1.46734075858524,1.31144114284432,0,1,REJECTED,fit_quality_gate,0,0
T_old_out_ADD_M2_M3_009,T_old_out,ADD_M2_M3,H50,B,0,ADD_M2_M3,"M=20,20,20,20,|T=0,0,0,0,|B=2,15,1,50;3,15,1,50;",0,1,1,1,0,221500009,321500009,0.98954624170233,1.0301655517293,0,0,1,0,0,3,3,113,114,0.033283,G003,G002,0,NaN,G003,3.62222313350373,3.62222313350373,4.12651415921886,0.504291025715124,G003,1,3.32545723500274,1.31144114284432,0,0,REJECTED,fit_quality_gate,0,0
T_old_out_ADD_M2_M3_009,T_old_out,ADD_M2_M3,H50,C,5,ADD_M2_M3,"M=20,20,20,20,|T=0,0,0,0,|B=2,15,1,50;3,15,1,50;",0,1,1,1,0,221500009,321500009,0.98954624170233,1.0301655517293,0,0,1,0,0,5,8,277,278,0.082463,ADD_M1_M3,G003,0,NaN,ADD_M1_M3,1.47073868731568,1.47073868731568,3.62222313350373,2.15148444618805,ADD_M1_M3,1,1.42066210142408,1.31144114284432,0,1,REJECTED,fit_quality_gate,0,0
T_old_out_ADD_M2_M3_010,T_old_out,ADD_M2_M3,H50,B,0,ADD_M2_M3,"M=20,20,20,20,|T=0,0,0,0,|B=2,15,1,50;3,15,1,50;",0,1,1,1,0,221500010,321500010,1.00280632383977,1.17235963061604,0,0,1,0,0,3,3,113,114,0.032575,G003,G002,0,NaN,G003,3.5239465417886,3.5239465417886,4.00990738921056,0.485960847421955,G003,1,3.31354006010851,1.31144114284432,0,0,REJECTED,fit_quality_gate,0,0
T_old_out_ADD_M2_M3_010,T_old_out,ADD_M2_M3,H50,C,5,ADD_M2_M3,"M=20,20,20,20,|T=0,0,0,0,|B=2,15,1,50;3,15,1,50;",0,1,1,1,0,221500010,321500010,1.00280632383977,1.17235963061604,0,0,1,0,0,5,8,295,296,0.088443,ADD_M1_M3,G003,0,NaN,ADD_M1_M3,1.59323477328468,1.59323477328468,3.5239465417886,1.93071176850393,ADD_M1_M3,1,1.31686570573847,1.31144114284432,0,1,REJECTED,fit_quality_gate,0,0
T_old_out_DOUBLE_M3_001,T_old_out,DOUBLE_M3,H50,B,0,DOUBLE_M3,"M=20,20,20,20,|T=0,0,0,0,|B=3,15,1,50;3,15,1,50;",0,1,1,2,0,221300001,321300001,1.01078295860006,0.805759553262045,0,0,1,0,0,3,3,117,118,0.034013,G003,G002,0,NaN,G003,2.34858948439962,2.34858948439962,4.2133808463466,1.86479136194698,G003,1,2.36056843204019,1.31144114284432,0,0,REJECTED,fit_quality_gate,0,0
T_old_out_DOUBLE_M3_001,T_old_out,DOUBLE_M3,H50,C,5,DOUBLE_M3,"M=20,20,20,20,|T=0,0,0,0,|B=3,15,1,50;3,15,1,50;",0,1,1,2,0,221300001,321300001,1.01078295860006,0.805759553262045,0,0,1,0,0,5,8,305,306,0.090175,ADD_M1_M3,MIRROR_M3,0,NaN,ADD_M1_M3,1.68388167222978,1.68388167222978,2.34858948439962,0.664707812169846,ADD_M1_M3,1,1.63370299872277,1.31144114284432,0,1,REJECTED,fit_quality_gate,0,0
T_old_out_DOUBLE_M3_002,T_old_out,DOUBLE_M3,H50,B,0,DOUBLE_M3,"M=20,20,20,20,|T=0,0,0,0,|B=3,15,1,50;3,15,1,50;",0,1,1,2,0,221300002,321300002,1.01543089965921,0.904386190214276,0,0,1,0,0,3,3,134,135,0.038466,G003,G002,0,NaN,G003,2.45725404365583,2.45725404365583,4.25703173637437,1.79977769271854,G003,1,2.31096288257845,1.31144114284432,0,0,REJECTED,fit_quality_gate,0,0
T_old_out_DOUBLE_M3_002,T_old_out,DOUBLE_M3,H50,C,5,DOUBLE_M3,"M=20,20,20,20,|T=0,0,0,0,|B=3,15,1,50;3,15,1,50;",0,1,1,2,0,221300002,321300002,1.01543089965921,0.904386190214276,0,0,1,0,0,5,8,356,357,0.105208,ADD_M1_M3,MIRROR_M3,0,NaN,ADD_M1_M3,1.66153729180812,1.66153729180812,2.45725404365583,0.795716751847711,ADD_M1_M3,1,1.60832862036846,1.31144114284432,0,1,REJECTED,fit_quality_gate,0,0
T_old_out_DOUBLE_M3_003,T_old_out,DOUBLE_M3,H50,B,0,DOUBLE_M3,"M=20,20,20,20,|T=0,0,0,0,|B=3,15,1,50;3,15,1,50;",0,1,1,2,0,221300003,321300003,0.986295915583244,0.866167068001144,0,0,1,0,0,3,3,114,115,0.033031,G003,G002,0,NaN,G003,2.40336364206515,2.40336364206515,4.43896417854522,2.03560053648007,G003,1,2.61745167945597,1.31144114284432,0,0,REJECTED,fit_quality_gate,0,0
T_old_out_DOUBLE_M3_003,T_old_out,DOUBLE_M3,H50,C,5,DOUBLE_M3,"M=20,20,20,20,|T=0,0,0,0,|B=3,15,1,50;3,15,1,50;",0,1,1,2,0,221300003,321300003,0.986295915583244,0.866167068001144,0,0,1,0,0,5,8,298,299,0.088094,ADD_M1_M3,MIRROR_M3,0,NaN,ADD_M1_M3,1.78975562320122,1.78975562320122,2.40336364206515,0.613608018863931,ADD_M1_M3,1,1.3702189737023,1.31144114284432,0,1,REJECTED,fit_quality_gate,0,0
T_old_out_DOUBLE_M3_004,T_old_out,DOUBLE_M3,H50,B,0,DOUBLE_M3,"M=20,20,20,20,|T=0,0,0,0,|B=3,15,1,50;3,15,1,50;",0,1,1,2,0,221300004,321300004,1.01584518652287,0.860882837453385,0,0,1,0,0,3,3,117,118,0.033479,G003,G002,0,NaN,G003,2.57329752292857,2.57329752292857,4.23016626698818,1.65686874405961,G003,1,2.48238664589887,1.31144114284432,0,0,REJECTED,fit_quality_gate,0,0
T_old_out_DOUBLE_M3_004,T_old_out,DOUBLE_M3,H50,C,5,DOUBLE_M3,"M=20,20,20,20,|T=0,0,0,0,|B=3,15,1,50;3,15,1,50;",0,1,1,2,0,221300004,321300004,1.01584518652287,0.860882837453385,0,0,1,0,0,5,8,301,302,0.089457,ADD_M1_M3,MIRROR_M3,0,NaN,ADD_M1_M3,1.52966052240463,1.52966052240463,2.57329752292857,1.04363700052394,ADD_M1_M3,1,1.40631883686895,1.31144114284432,0,1,REJECTED,fit_quality_gate,0,0
T_old_out_DOUBLE_M3_005,T_old_out,DOUBLE_M3,H50,B,0,DOUBLE_M3,"M=20,20,20,20,|T=0,0,0,0,|B=3,15,1,50;3,15,1,50;",0,1,1,2,0,221300005,321300005,1.00493795389583,0.917245059046898,0,0,1,0,0,3,3,114,115,0.033195,G003,G002,0,NaN,G003,2.5249677821709,2.5249677821709,4.41060190837785,1.88563412620694,G003,1,2.56208536458333,1.31144114284432,0,0,REJECTED,fit_quality_gate,0,0
T_old_out_DOUBLE_M3_005,T_old_out,DOUBLE_M3,H50,C,5,DOUBLE_M3,"M=20,20,20,20,|T=0,0,0,0,|B=3,15,1,50;3,15,1,50;",0,1,1,2,0,221300005,321300005,1.00493795389583,0.917245059046898,0,0,1,0,0,5,8,298,299,0.089373,ADD_M1_M3,MIRROR_M3,0,NaN,ADD_M1_M3,1.78654857625438,1.78654857625438,2.5249677821709,0.73841920591652,ADD_M1_M3,1,1.39823861803441,1.31144114284432,0,1,REJECTED,fit_quality_gate,0,0
T_old_out_DOUBLE_M3_006,T_old_out,DOUBLE_M3,H50,B,0,DOUBLE_M3,"M=20,20,20,20,|T=0,0,0,0,|B=3,15,1,50;3,15,1,50;",0,1,1,2,0,221300006,321300006,0.984970999780883,1.062724825624,0,0,1,0,0,3,3,130,131,0.03732,G003,G002,0,NaN,G003,2.31860671357933,2.31860671357933,4.38425230017362,2.06564558659429,G003,1,2.46541569202758,1.31144114284432,0,0,REJECTED,fit_quality_gate,0,0
T_old_out_DOUBLE_M3_006,T_old_out,DOUBLE_M3,H50,C,5,DOUBLE_M3,"M=20,20,20,20,|T=0,0,0,0,|B=3,15,1,50;3,15,1,50;",0,1,1,2,0,221300006,321300006,0.984970999780883,1.062724825624,0,0,1,0,0,5,8,346,347,0.102082,ADD_M1_M3,MIRROR_M3,0,NaN,ADD_M1_M3,1.7285817835172,1.7285817835172,2.31860671357932,0.590024930062117,ADD_M1_M3,1,1.2883785657954,1.31144114284432,1,1,LOW_CONFIDENCE,insufficient_unique_margin,0,0
T_old_out_DOUBLE_M3_007,T_old_out,DOUBLE_M3,H50,B,0,DOUBLE_M3,"M=20,20,20,20,|T=0,0,0,0,|B=3,15,1,50;3,15,1,50;",0,1,1,2,0,221300007,321300007,0.995597492366327,1.17191944600992,0,0,1,0,0,3,3,132,133,0.038106,G003,G002,0,NaN,G003,2.40097098871608,2.40097098871608,4.29897354818764,1.89800255947156,G003,1,2.24319446420351,1.31144114284432,0,0,REJECTED,fit_quality_gate,0,0
T_old_out_DOUBLE_M3_007,T_old_out,DOUBLE_M3,H50,C,5,DOUBLE_M3,"M=20,20,20,20,|T=0,0,0,0,|B=3,15,1,50;3,15,1,50;",0,1,1,2,0,221300007,321300007,0.995597492366327,1.17191944600992,0,0,1,0,0,5,8,352,353,0.104517,ADD_M1_M3,MIRROR_M3,0,NaN,ADD_M1_M3,1.72758884926384,1.72758884926384,2.40097098871608,0.673382139452241,ADD_M1_M3,1,1.59228409049988,1.31144114284432,0,1,REJECTED,fit_quality_gate,0,0
T_old_out_DOUBLE_M3_008,T_old_out,DOUBLE_M3,H50,B,0,DOUBLE_M3,"M=20,20,20,20,|T=0,0,0,0,|B=3,15,1,50;3,15,1,50;",0,1,1,2,0,221300008,321300008,0.995671204336404,1.13004045625412,0,0,1,0,0,3,3,132,133,0.038147,G003,G002,0,NaN,G003,2.46726351365969,2.46726351365969,4.35200179936268,1.88473828570299,G003,1,2.37549153095022,1.31144114284432,0,0,REJECTED,fit_quality_gate,0,0
T_old_out_DOUBLE_M3_008,T_old_out,DOUBLE_M3,H50,C,5,DOUBLE_M3,"M=20,20,20,20,|T=0,0,0,0,|B=3,15,1,50;3,15,1,50;",0,1,1,2,0,221300008,321300008,0.995671204336404,1.13004045625412,0,0,1,0,0,5,8,352,353,0.103937,ADD_M1_M3,MIRROR_M3,0,NaN,ADD_M1_M3,1.72928939494156,1.72928939494156,2.46726351365969,0.73797411871813,ADD_M1_M3,1,1.44276294029129,1.31144114284432,0,1,REJECTED,fit_quality_gate,0,0
T_old_out_DOUBLE_M3_009,T_old_out,DOUBLE_M3,H50,B,0,DOUBLE_M3,"M=20,20,20,20,|T=0,0,0,0,|B=3,15,1,50;3,15,1,50;",0,1,1,2,0,221300009,321300009,1.00646530844528,1.10494493843731,0,0,1,0,0,3,3,132,133,0.038099,G003,G002,0,NaN,G003,2.41101412126046,2.41101412126046,4.35301462267236,1.9420005014119,G003,1,2.2568991386557,1.31144114284432,0,0,REJECTED,fit_quality_gate,0,0
T_old_out_DOUBLE_M3_009,T_old_out,DOUBLE_M3,H50,C,5,DOUBLE_M3,"M=20,20,20,20,|T=0,0,0,0,|B=3,15,1,50;3,15,1,50;",0,1,1,2,0,221300009,321300009,1.00646530844528,1.10494493843731,0,0,1,0,0,5,8,352,353,0.104669,ADD_M1_M3,MIRROR_M3,0,NaN,ADD_M1_M3,1.69689733499564,1.69689733499564,2.41101412126046,0.714116786264826,ADD_M1_M3,1,1.44608270824951,1.31144114284432,0,1,REJECTED,fit_quality_gate,0,0
T_old_out_DOUBLE_M3_010,T_old_out,DOUBLE_M3,H50,B,0,DOUBLE_M3,"M=20,20,20,20,|T=0,0,0,0,|B=3,15,1,50;3,15,1,50;",0,1,1,2,0,221300010,321300010,0.99609372806939,1.13895613992335,0,0,1,0,0,3,3,132,133,0.037843,G003,G002,0,NaN,G003,2.33445960708767,2.33445960708767,4.26503963871979,1.93058003163212,G003,1,2.34157905273065,1.31144114284432,0,0,REJECTED,fit_quality_gate,0,0
T_old_out_DOUBLE_M3_010,T_old_out,DOUBLE_M3,H50,C,5,DOUBLE_M3,"M=20,20,20,20,|T=0,0,0,0,|B=3,15,1,50;3,15,1,50;",0,1,1,2,0,221300010,321300010,0.99609372806939,1.13895613992335,0,0,1,0,0,5,8,352,353,0.104461,ADD_M1_M3,MIRROR_M3,0,NaN,ADD_M1_M3,1.71604626142066,1.71604626142066,2.33445960708767,0.618413345667013,ADD_M1_M3,1,1.53333017979504,1.31144114284432,0,1,REJECTED,fit_quality_gate,0,0
T_reachable_EXT_111_001,T_reachable,EXT_111,H50,B,0,EXT_111,"M=20,20,20,20,|T=0,0,0,0,|B=1,15,1,50;2,15,1,50;3,15,1,50;",0,1,1,2,0,232300001,332300001,0.987434482896372,0.859649750716911,0,0,1,0,0,3,3,134,135,0.038636,G003,G002,0,NaN,G003,5.41355626472799,5.41355626472799,6.08323796641362,0.66968170168563,G003,1,4.99179240925359,1.31144114284432,0,0,REJECTED,fit_quality_gate,0,0
T_reachable_EXT_111_001,T_reachable,EXT_111,H50,C,5,EXT_111,"M=20,20,20,20,|T=0,0,0,0,|B=1,15,1,50;2,15,1,50;3,15,1,50;",0,1,1,2,0,232300001,332300001,0.987434482896372,0.859649750716911,0,0,1,0,0,5,8,337,338,0.097993,ADD_M1_M3,MIRROR_M3,0,NaN,ADD_M1_M3,2.51090065367744,2.51090065367744,5.41355626472799,2.90265561105054,ADD_M1_M3,1,2.14586335189642,1.31144114284432,0,1,REJECTED,fit_quality_gate,0,0
T_reachable_EXT_111_002,T_reachable,EXT_111,H50,B,0,EXT_111,"M=20,20,20,20,|T=0,0,0,0,|B=1,15,1,50;2,15,1,50;3,15,1,50;",0,1,1,2,0,232300002,332300002,1.01585203495671,0.96809071615578,0,0,1,0,0,3,3,134,135,0.038685,G003,G002,0,NaN,G003,5.2091817085464,5.2091817085464,5.84365807052905,0.634476361982649,G003,1,4.90701717634278,1.31144114284432,0,0,REJECTED,fit_quality_gate,0,0
T_reachable_EXT_111_002,T_reachable,EXT_111,H50,C,5,EXT_111,"M=20,20,20,20,|T=0,0,0,0,|B=1,15,1,50;2,15,1,50;3,15,1,50;",0,1,1,2,0,232300002,332300002,1.01585203495671,0.96809071615578,0,0,1,0,0,5,8,339,340,0.098644,ADD_M1_M3,MIRROR_M3,0,NaN,ADD_M1_M3,2.49816406761635,2.49816406761635,5.2091817085464,2.71101764093004,ADD_M1_M3,1,2.0685322330608,1.31144114284432,0,1,REJECTED,fit_quality_gate,0,0
T_reachable_EXT_111_003,T_reachable,EXT_111,H50,B,0,EXT_111,"M=20,20,20,20,|T=0,0,0,0,|B=1,15,1,50;2,15,1,50;3,15,1,50;",0,1,1,2,0,232300003,332300003,1.0173795581067,1.08140553760661,0,0,1,0,0,3,3,134,135,0.038642,G003,G002,0,NaN,G003,5.14951467471583,5.14951467471583,5.7841147009887,0.634600026272863,G003,1,5.03704701396495,1.31144114284432,0,0,REJECTED,fit_quality_gate,0,0
T_reachable_EXT_111_003,T_reachable,EXT_111,H50,C,5,EXT_111,"M=20,20,20,20,|T=0,0,0,0,|B=1,15,1,50;2,15,1,50;3,15,1,50;",0,1,1,2,0,232300003,332300003,1.0173795581067,1.08140553760661,0,0,1,0,0,5,8,356,357,0.105733,ADD_M1_M3,G003,0,NaN,ADD_M1_M3,2.46135167885305,2.46135167885305,5.14951467471583,2.68816299586279,ADD_M1_M3,1,2.11109447028428,1.31144114284432,0,1,REJECTED,fit_quality_gate,0,0
T_reachable_EXT_111_004,T_reachable,EXT_111,H50,B,0,EXT_111,"M=20,20,20,20,|T=0,0,0,0,|B=1,15,1,50;2,15,1,50;3,15,1,50;",0,1,1,2,0,232300004,332300004,1.00934136949258,1.01962920732108,0,0,1,0,0,3,3,132,133,0.037982,G003,G002,0,NaN,G003,5.02367174743069,5.02367174743069,5.61606449097857,0.592392743547879,G003,1,5.02267087668384,1.31144114284432,0,0,REJECTED,fit_quality_gate,0,0
T_reachable_EXT_111_004,T_reachable,EXT_111,H50,C,5,EXT_111,"M=20,20,20,20,|T=0,0,0,0,|B=1,15,1,50;2,15,1,50;3,15,1,50;",0,1,1,2,0,232300004,332300004,1.00934136949258,1.01962920732108,0,0,1,0,0,5,8,352,353,0.103956,ADD_M1_M3,MIRROR_M3,0,NaN,ADD_M1_M3,2.26189810143729,2.26189810143729,5.02367174743069,2.76177364599339,ADD_M1_M3,1,2.22785208885962,1.31144114284432,0,1,REJECTED,fit_quality_gate,0,0
T_reachable_EXT_111_005,T_reachable,EXT_111,H50,B,0,EXT_111,"M=20,20,20,20,|T=0,0,0,0,|B=1,15,1,50;2,15,1,50;3,15,1,50;",0,1,1,2,0,232300005,332300005,1.01765807216801,0.985737583418872,0,0,1,0,0,3,3,132,133,0.037955,G003,G002,0,NaN,G003,5.19097362162354,5.19097362162354,5.82573092737977,0.634757305756229,G003,1,4.99902501060649,1.31144114284432,0,0,REJECTED,fit_quality_gate,0,0
T_reachable_EXT_111_005,T_reachable,EXT_111,H50,C,5,EXT_111,"M=20,20,20,20,|T=0,0,0,0,|B=1,15,1,50;2,15,1,50;3,15,1,50;",0,1,1,2,0,232300005,332300005,1.01765807216801,0.985737583418872,0,0,1,0,0,5,8,333,334,0.097589,ADD_M1_M3,MIRROR_M3,0,NaN,ADD_M1_M3,2.47603029706875,2.47603029706875,5.19097362162354,2.71494332455479,ADD_M1_M3,1,2.16530085693498,1.31144114284432,0,1,REJECTED,fit_quality_gate,0,0
T_reachable_EXT_111_006,T_reachable,EXT_111,H50,B,0,EXT_111,"M=20,20,20,20,|T=0,0,0,0,|B=1,15,1,50;2,15,1,50;3,15,1,50;",0,1,1,2,0,232300006,332300006,0.995871411942127,1.11374824487911,0,0,1,0,0,3,3,132,133,0.037838,G003,G002,0,NaN,G003,5.03318334057067,5.03318334057067,5.79756397814861,0.764380637577938,G003,1,5.03276202162653,1.31144114284432,0,0,REJECTED,fit_quality_gate,0,0
T_reachable_EXT_111_006,T_reachable,EXT_111,H50,C,5,EXT_111,"M=20,20,20,20,|T=0,0,0,0,|B=1,15,1,50;2,15,1,50;3,15,1,50;",0,1,1,2,0,232300006,332300006,0.995871411942127,1.11374824487911,0,0,1,0,0,5,8,352,353,0.104326,ADD_M1_M3,MIRROR_M3,0,NaN,ADD_M1_M3,2.22711382769519,2.22711382769519,5.03318334057067,2.80606951287548,ADD_M1_M3,1,2.20268739584327,1.31144114284432,0,1,REJECTED,fit_quality_gate,0,0
T_reachable_EXT_111_007,T_reachable,EXT_111,H50,B,0,EXT_111,"M=20,20,20,20,|T=0,0,0,0,|B=1,15,1,50;2,15,1,50;3,15,1,50;",0,1,1,2,0,232300007,332300007,0.996047561117332,0.988160087568167,0,0,1,0,0,3,3,136,137,0.039499,G003,G002,0,NaN,G003,5.18080660807224,5.18080660807224,5.89907074494954,0.718264136877299,G003,1,5.05119686418411,1.31144114284432,0,0,REJECTED,fit_quality_gate,0,0
T_reachable_EXT_111_007,T_reachable,EXT_111,H50,C,5,EXT_111,"M=20,20,20,20,|T=0,0,0,0,|B=1,15,1,50;2,15,1,50;3,15,1,50;",0,1,1,2,0,232300007,332300007,0.996047561117332,0.988160087568167,0,0,1,0,0,5,8,360,361,0.105304,ADD_M1_M3,G003,0,NaN,ADD_M1_M3,2.40691044244791,2.40691044244791,5.18080660807224,2.77389616562433,ADD_M1_M3,1,2.21975171216418,1.31144114284432,0,1,REJECTED,fit_quality_gate,0,0
T_reachable_EXT_111_008,T_reachable,EXT_111,H50,B,0,EXT_111,"M=20,20,20,20,|T=0,0,0,0,|B=1,15,1,50;2,15,1,50;3,15,1,50;",0,1,1,2,0,232300008,332300008,1.00285559888014,1.18774902916379,0,0,1,0,0,3,3,134,135,0.039387,G003,G002,0,NaN,G003,5.09546066715436,5.09546066715436,5.7359153574119,0.640454690257544,G003,1,4.76253131469465,1.31144114284432,0,0,REJECTED,fit_quality_gate,0,0
T_reachable_EXT_111_008,T_reachable,EXT_111,H50,C,5,EXT_111,"M=20,20,20,20,|T=0,0,0,0,|B=1,15,1,50;2,15,1,50;3,15,1,50;",0,1,1,2,0,232300008,332300008,1.00285559888014,1.18774902916379,0,0,1,0,0,5,8,356,357,0.1045,ADD_M1_M3,G003,0,NaN,ADD_M1_M3,2.31010166544595,2.31010166544595,5.09546066715436,2.78535900170841,ADD_M1_M3,1,1.97600044861282,1.31144114284432,0,1,REJECTED,fit_quality_gate,0,0
T_reachable_EXT_111_009,T_reachable,EXT_111,H50,B,0,EXT_111,"M=20,20,20,20,|T=0,0,0,0,|B=1,15,1,50;2,15,1,50;3,15,1,50;",0,1,1,2,0,232300009,332300009,0.984730838454395,0.801816510097153,0,0,1,0,0,3,3,134,135,0.037921,G003,G002,0,NaN,G003,5.45342025386425,5.45342025386425,6.15764150280145,0.704221248937198,G003,1,5.18824723971696,1.31144114284432,0,0,REJECTED,fit_quality_gate,0,0
T_reachable_EXT_111_009,T_reachable,EXT_111,H50,C,5,EXT_111,"M=20,20,20,20,|T=0,0,0,0,|B=1,15,1,50;2,15,1,50;3,15,1,50;",0,1,1,2,0,232300009,332300009,0.984730838454395,0.801816510097153,0,0,1,0,0,5,8,337,338,0.098602,ADD_M1_M3,MIRROR_M3,0,NaN,ADD_M1_M3,2.57324736737222,2.57324736737222,5.45342025386424,2.88017288649202,ADD_M1_M3,1,2.30397257639176,1.31144114284432,0,1,REJECTED,fit_quality_gate,0,0
T_reachable_EXT_111_010,T_reachable,EXT_111,H50,B,0,EXT_111,"M=20,20,20,20,|T=0,0,0,0,|B=1,15,1,50;2,15,1,50;3,15,1,50;",0,1,1,2,0,232300010,332300010,0.990764391667185,0.991053705242658,0,0,1,0,0,3,3,134,135,0.039301,G003,G002,0,NaN,G003,5.36530590945915,5.36530590945915,6.05637365436922,0.691067744910065,G003,1,5.02060622286059,1.31144114284432,0,0,REJECTED,fit_quality_gate,0,0
T_reachable_EXT_111_010,T_reachable,EXT_111,H50,C,5,EXT_111,"M=20,20,20,20,|T=0,0,0,0,|B=1,15,1,50;2,15,1,50;3,15,1,50;",0,1,1,2,0,232300010,332300010,0.990764391667185,0.991053705242658,0,0,1,0,0,5,8,358,359,0.105556,ADD_M1_M3,MIRROR_M3,0,NaN,ADD_M1_M3,2.49629825483543,2.49629825483543,5.36530590945915,2.86900765462372,ADD_M1_M3,1,2.22971647461612,1.31144114284432,0,1,REJECTED,fit_quality_gate,0,0
T_reachable_EXT_021_001,T_reachable,EXT_021,H50,B,0,EXT_021,"M=20,20,20,20,|T=0,0,0,0,|B=2,15,1,50;2,15,1,50;3,15,1,50;",0,1,1,2,0,231800001,331800001,0.980091288420694,0.909901313291851,0,0,1,0,0,3,3,132,133,0.038992,G003,G002,0,NaN,G003,4.90262641698246,4.90262641698246,5.46538891127377,0.562762494291317,G003,1,4.73807341009057,1.31144114284432,0,0,REJECTED,fit_quality_gate,0,0
T_reachable_EXT_021_001,T_reachable,EXT_021,H50,C,5,EXT_021,"M=20,20,20,20,|T=0,0,0,0,|B=2,15,1,50;2,15,1,50;3,15,1,50;",0,1,1,2,0,231800001,331800001,0.980091288420694,0.909901313291851,0,0,1,0,0,5,8,352,353,0.10771,ADD_M1_M3,MIRROR_M3,0,NaN,ADD_M1_M3,2.55529773735607,2.55529773735607,4.90262641698246,2.34732867962639,ADD_M1_M3,1,2.42807098043552,1.31144114284432,0,1,REJECTED,fit_quality_gate,0,0
T_reachable_EXT_021_002,T_reachable,EXT_021,H50,B,0,EXT_021,"M=20,20,20,20,|T=0,0,0,0,|B=2,15,1,50;2,15,1,50;3,15,1,50;",0,1,1,2,0,231800002,331800002,1.00637302375357,1.1491780192423,0,0,1,0,0,3,3,132,133,0.038578,G003,G002,0,NaN,G003,4.64233973996499,4.64233973996499,5.02623942724123,0.383899687276243,G003,1,4.14031571553131,1.31144114284432,0,0,REJECTED,fit_quality_gate,0,0
T_reachable_EXT_021_002,T_reachable,EXT_021,H50,C,5,EXT_021,"M=20,20,20,20,|T=0,0,0,0,|B=2,15,1,50;2,15,1,50;3,15,1,50;",0,1,1,2,0,231800002,331800002,1.00637302375357,1.1491780192423,0,0,1,0,0,5,8,352,353,0.105587,ADD_M1_M3,MIRROR_M3,0,NaN,ADD_M1_M3,2.41937844452307,2.41937844452307,4.64233973996499,2.22296129544192,ADD_M1_M3,1,2.05753797126252,1.31144114284432,0,1,REJECTED,fit_quality_gate,0,0
T_reachable_EXT_021_003,T_reachable,EXT_021,H50,B,0,EXT_021,"M=20,20,20,20,|T=0,0,0,0,|B=2,15,1,50;2,15,1,50;3,15,1,50;",0,1,1,2,0,231800003,331800003,0.98034917735092,0.977370943701964,0,0,1,0,0,3,3,130,131,0.038098,G003,G002,0,NaN,G003,4.77604548986938,4.77604548986938,5.24126237647447,0.46521688660509,G003,1,4.78393922734429,1.31144114284432,0,0,REJECTED,fit_quality_gate,0,0
T_reachable_EXT_021_003,T_reachable,EXT_021,H50,C,5,EXT_021,"M=20,20,20,20,|T=0,0,0,0,|B=2,15,1,50;2,15,1,50;3,15,1,50;",0,1,1,2,0,231800003,331800003,0.98034917735092,0.977370943701964,0,0,1,0,0,5,8,348,349,0.105966,ADD_M1_M3,G003,0,NaN,ADD_M1_M3,2.38034315665154,2.38034315665154,4.77604548986938,2.39570233321784,ADD_M1_M3,1,2.51006077189159,1.31144114284432,0,1,REJECTED,fit_quality_gate,0,0
T_reachable_EXT_021_004,T_reachable,EXT_021,H50,B,0,EXT_021,"M=20,20,20,20,|T=0,0,0,0,|B=2,15,1,50;2,15,1,50;3,15,1,50;",0,1,1,2,0,231800004,331800004,1.00652806871223,1.05926401515962,0,0,1,0,0,3,3,132,133,0.070121,G003,G002,0,NaN,G003,4.76282903731956,4.76282903731956,5.10806734662205,0.34523830930249,G003,1,4.33478608219972,1.31144114284432,0,0,REJECTED,fit_quality_gate,0,0
T_reachable_EXT_021_004,T_reachable,EXT_021,H50,C,5,EXT_021,"M=20,20,20,20,|T=0,0,0,0,|B=2,15,1,50;2,15,1,50;3,15,1,50;",0,1,1,2,0,231800004,331800004,1.00652806871223,1.05926401515962,0,0,1,0,0,5,8,352,353,0.107258,ADD_M1_M3,G003,0,NaN,ADD_M1_M3,2.42795471645171,2.42795471645171,4.76282903731956,2.33487432086786,ADD_M1_M3,1,2.13785750777473,1.31144114284432,0,1,REJECTED,fit_quality_gate,0,0
T_reachable_EXT_021_005,T_reachable,EXT_021,H50,B,0,EXT_021,"M=20,20,20,20,|T=0,0,0,0,|B=2,15,1,50;2,15,1,50;3,15,1,50;",0,1,1,2,0,231800005,331800005,1.01823783296738,0.828631938747896,0,0,1,0,0,3,3,132,133,0.038054,G003,G002,0,NaN,G003,4.93717314419596,4.93717314419596,5.22352487279627,0.286351728600308,G003,1,4.42219861159221,1.31144114284432,0,0,REJECTED,fit_quality_gate,0,0
T_reachable_EXT_021_005,T_reachable,EXT_021,H50,C,5,EXT_021,"M=20,20,20,20,|T=0,0,0,0,|B=2,15,1,50;2,15,1,50;3,15,1,50;",0,1,1,2,0,231800005,331800005,1.01823783296738,0.828631938747896,0,0,1,0,0,5,8,348,349,0.104279,ADD_M1_M3,G003,0,NaN,ADD_M1_M3,2.77821702550458,2.77821702550458,4.93717314419596,2.15895611869138,ADD_M1_M3,1,2.16653511533266,1.31144114284432,0,1,REJECTED,fit_quality_gate,0,0
T_reachable_EXT_021_006,T_reachable,EXT_021,H50,B,0,EXT_021,"M=20,20,20,20,|T=0,0,0,0,|B=2,15,1,50;2,15,1,50;3,15,1,50;",0,1,1,2,0,231800006,331800006,1.00125619767031,0.86726264464831,0,0,1,0,0,3,3,134,135,0.038963,G003,G002,0,NaN,G003,5.09962342457724,5.09962342457724,5.30018189393632,0.200558469359077,G003,1,4.494488477324,1.31144114284432,0,0,REJECTED,fit_quality_gate,0,0
T_reachable_EXT_021_006,T_reachable,EXT_021,H50,C,5,EXT_021,"M=20,20,20,20,|T=0,0,0,0,|B=2,15,1,50;2,15,1,50;3,15,1,50;",0,1,1,2,0,231800006,331800006,1.00125619767031,0.86726264464831,0,0,1,0,0,5,8,358,359,0.108001,ADD_M1_M3,G003,0,NaN,ADD_M1_M3,2.7190905467597,2.7190905467597,5.09962342457724,2.38053287781754,ADD_M1_M3,1,2.27946049193387,1.31144114284432,0,1,REJECTED,fit_quality_gate,0,0
T_reachable_EXT_021_007,T_reachable,EXT_021,H50,B,0,EXT_021,"M=20,20,20,20,|T=0,0,0,0,|B=2,15,1,50;2,15,1,50;3,15,1,50;",0,1,1,2,0,231800007,331800007,0.986885365338252,0.947285065002071,0,0,1,0,0,3,3,136,137,0.039182,G003,G002,0,NaN,G003,4.9168859500539,4.9168859500539,5.29929216425724,0.382406214203345,G003,1,4.70778041468293,1.31144114284432,0,0,REJECTED,fit_quality_gate,0,0
T_reachable_EXT_021_007,T_reachable,EXT_021,H50,C,5,EXT_021,"M=20,20,20,20,|T=0,0,0,0,|B=2,15,1,50;2,15,1,50;3,15,1,50;",0,1,1,2,0,231800007,331800007,0.986885365338252,0.947285065002071,0,0,1,0,0,5,8,362,363,0.109666,ADD_M1_M3,G003,0,NaN,ADD_M1_M3,2.58461244008489,2.58461244008489,4.9168859500539,2.33227350996901,ADD_M1_M3,1,2.39331316245242,1.31144114284432,0,1,REJECTED,fit_quality_gate,0,0
T_reachable_EXT_021_008,T_reachable,EXT_021,H50,B,0,EXT_021,"M=20,20,20,20,|T=0,0,0,0,|B=2,15,1,50;2,15,1,50;3,15,1,50;",0,1,1,2,0,231800008,331800008,1.00956071226801,0.834475123360377,0,0,1,0,0,3,3,134,135,0.039388,G003,G002,0,NaN,G003,4.94576116553284,4.94576116553284,5.24747668325698,0.301715517724142,G003,1,4.33405441296208,1.31144114284432,0,0,REJECTED,fit_quality_gate,0,0
T_reachable_EXT_021_008,T_reachable,EXT_021,H50,C,5,EXT_021,"M=20,20,20,20,|T=0,0,0,0,|B=2,15,1,50;2,15,1,50;3,15,1,50;",0,1,1,2,0,231800008,331800008,1.00956071226801,0.834475123360377,0,0,1,0,0,5,8,356,357,0.113017,ADD_M1_M3,MIRROR_M3,0,NaN,ADD_M1_M3,2.75341914619248,2.75341914619248,4.94576116553284,2.19234201934036,ADD_M1_M3,1,2.11614305779027,1.31144114284432,0,1,REJECTED,fit_quality_gate,0,0
T_reachable_EXT_021_009,T_reachable,EXT_021,H50,B,0,EXT_021,"M=20,20,20,20,|T=0,0,0,0,|B=2,15,1,50;2,15,1,50;3,15,1,50;",0,1,1,2,0,231800009,331800009,0.983450815195425,0.927170396622051,0,0,1,0,0,3,3,132,133,0.037813,G003,G002,0,NaN,G003,4.84248510003217,4.84248510003217,5.2578306250141,0.415345524981931,G003,1,4.43949011343711,1.31144114284432,0,0,REJECTED,fit_quality_gate,0,0
T_reachable_EXT_021_009,T_reachable,EXT_021,H50,C,5,EXT_021,"M=20,20,20,20,|T=0,0,0,0,|B=2,15,1,50;2,15,1,50;3,15,1,50;",0,1,1,2,0,231800009,331800009,0.983450815195425,0.927170396622051,0,0,1,0,0,5,8,352,353,0.104423,ADD_M1_M3,MIRROR_M3,0,NaN,ADD_M1_M3,2.52585187942802,2.52585187942802,4.84248510003216,2.31663322060414,ADD_M1_M3,1,2.1826664434582,1.31144114284432,0,1,REJECTED,fit_quality_gate,0,0
T_reachable_EXT_021_010,T_reachable,EXT_021,H50,B,0,EXT_021,"M=20,20,20,20,|T=0,0,0,0,|B=2,15,1,50;2,15,1,50;3,15,1,50;",0,1,1,2,0,231800010,331800010,1.00940951839313,1.09462463695743,0,0,1,0,0,3,3,136,137,0.03972,G003,G002,0,NaN,G003,4.67886180018781,4.67886180018781,4.99531062164932,0.316448821461513,G003,1,4.35830916351836,1.31144114284432,0,0,REJECTED,fit_quality_gate,0,0
T_reachable_EXT_021_010,T_reachable,EXT_021,H50,C,5,EXT_021,"M=20,20,20,20,|T=0,0,0,0,|B=2,15,1,50;2,15,1,50;3,15,1,50;",0,1,1,2,0,231800010,331800010,1.00940951839313,1.09462463695743,0,0,1,0,0,5,8,360,361,0.109985,ADD_M1_M3,MIRROR_M3,0,NaN,ADD_M1_M3,2.3830185491024,2.3830185491024,4.67886180018781,2.2958432510854,ADD_M1_M3,1,2.13101435913665,1.31144114284432,0,1,REJECTED,fit_quality_gate,0,0
T_grammar_out_MID30_001,T_grammar_out,MID30,H50,B,0,MID30,"M=20,10,10,20,20,|T=0,0,0,0,0,|B=2,15,1,50;",0,0,0,Inf,0,242800001,342800001,0.983716543362399,0.967417677027269,0,0,0,0,0,3,3,134,135,0.038724,G003,G002,0,NaN,G003,3.81255216663511,3.81255216663511,4.27666180150545,0.464109634870342,G003,1,2.94801645343434,1.31144114284432,0,0,REJECTED,fit_quality_gate,0,0
T_grammar_out_MID30_001,T_grammar_out,MID30,H50,C,5,MID30,"M=20,10,10,20,20,|T=0,0,0,0,0,|B=2,15,1,50;",0,0,0,Inf,0,242800001,342800001,0.983716543362399,0.967417677027269,0,0,0,0,0,5,8,360,361,0.108041,MIRROR_M3,G003,0,NaN,MIRROR_M3,3.81255216663511,3.81255216663511,3.81255216663511,7.105427357601e-15,MIRROR_M3,1,2.94801645343538,1.31144114284432,0,1,REJECTED,fit_quality_gate,0,0
T_grammar_out_MID30_002,T_grammar_out,MID30,H50,B,0,MID30,"M=20,10,10,20,20,|T=0,0,0,0,0,|B=2,15,1,50;",0,0,0,Inf,0,242800002,342800002,1.01484371112145,1.16052876468506,0,0,0,0,0,3,3,132,133,0.038483,G003,G002,0,NaN,G003,3.41142154122553,3.41142154122553,3.92911162119847,0.517690079972948,G003,1,3.68005365380043,1.31144114284432,0,0,REJECTED,fit_quality_gate,0,0
T_grammar_out_MID30_002,T_grammar_out,MID30,H50,C,5,MID30,"M=20,10,10,20,20,|T=0,0,0,0,0,|B=2,15,1,50;",0,0,0,Inf,0,242800002,342800002,1.01484371112145,1.16052876468506,0,0,0,0,0,5,8,352,353,0.106092,MIRROR_M3,G003,0,NaN,MIRROR_M3,3.41142154122552,3.41142154122552,3.41142154122553,3.10862446895044e-15,MIRROR_M3,1,3.68005365380043,1.31144114284432,0,1,REJECTED,fit_quality_gate,0,0
T_grammar_out_MID30_003,T_grammar_out,MID30,H50,B,0,MID30,"M=20,10,10,20,20,|T=0,0,0,0,0,|B=2,15,1,50;",0,0,0,Inf,0,242800003,342800003,0.996335571763129,0.863042137829078,0,0,0,0,0,3,3,132,133,0.03806,G003,G002,0,NaN,G003,3.83294964798632,3.83294964798632,4.23801077767545,0.405061129689138,G003,1,3.20553080021674,1.31144114284432,0,0,REJECTED,fit_quality_gate,0,0
T_grammar_out_MID30_003,T_grammar_out,MID30,H50,C,5,MID30,"M=20,10,10,20,20,|T=0,0,0,0,0,|B=2,15,1,50;",0,0,0,Inf,0,242800003,342800003,0.996335571763129,0.863042137829078,0,0,0,0,0,5,8,352,353,0.104126,MIRROR_M3,G003,0,NaN,MIRROR_M3,3.83294964798632,3.83294964798632,3.83294964798632,4.44089209850063e-16,MIRROR_M3;G003,2,3.20553080021619,1.31144114284432,0,1,REJECTED,fit_quality_gate,0,0
T_grammar_out_MID30_004,T_grammar_out,MID30,H50,B,0,MID30,"M=20,10,10,20,20,|T=0,0,0,0,0,|B=2,15,1,50;",0,0,0,Inf,0,242800004,342800004,1.00595996426783,1.05350647178938,0,0,0,0,0,3,3,130,131,0.037478,G003,G002,0,NaN,G003,3.78175747466038,3.78175747466038,4.26885974658297,0.487102271922584,G003,1,3.75869210811795,1.31144114284432,0,0,REJECTED,fit_quality_gate,0,0
T_grammar_out_MID30_004,T_grammar_out,MID30,H50,C,5,MID30,"M=20,10,10,20,20,|T=0,0,0,0,0,|B=2,15,1,50;",0,0,0,Inf,0,242800004,342800004,1.00595996426783,1.05350647178938,0,0,0,0,0,5,8,346,347,0.101965,G003,MIRROR_M3,0,NaN,G003,3.78175747466038,3.78175747466038,3.78175747466039,4.44089209850063e-15,G003,1,3.75869210811795,1.31144114284432,0,1,REJECTED,fit_quality_gate,0,0
T_grammar_out_MID30_005,T_grammar_out,MID30,H50,B,0,MID30,"M=20,10,10,20,20,|T=0,0,0,0,0,|B=2,15,1,50;",0,0,0,Inf,0,242800005,342800005,0.985142005802534,1.18528114799685,0,0,0,0,0,3,3,132,133,0.038264,G003,G002,0,NaN,G003,3.71242758227798,3.71242758227798,4.42755584648676,0.715128264208782,G003,1,3.3279041235723,1.31144114284432,0,0,REJECTED,fit_quality_gate,0,0
T_grammar_out_MID30_005,T_grammar_out,MID30,H50,C,5,MID30,"M=20,10,10,20,20,|T=0,0,0,0,0,|B=2,15,1,50;",0,0,0,Inf,0,242800005,342800005,0.985142005802534,1.18528114799685,0,0,0,0,0,5,8,352,353,0.104977,G003,MIRROR_M3,0,NaN,G003,3.71242758227798,3.71242758227798,3.71242758227798,8.88178419700125e-16,MIRROR_M3;G003,2,3.3279041235723,1.31144114284432,0,1,REJECTED,fit_quality_gate,0,0
T_grammar_out_MID30_006,T_grammar_out,MID30,H50,B,0,MID30,"M=20,10,10,20,20,|T=0,0,0,0,0,|B=2,15,1,50;",0,0,0,Inf,0,242800006,342800006,0.987682000373989,0.802206314827554,0,0,0,0,0,3,3,120,121,0.034588,G003,G002,0,NaN,G003,3.99783298228236,3.99783298228236,4.32820440110503,0.330371418822665,G003,1,3.06203021903697,1.31144114284432,0,0,REJECTED,fit_quality_gate,0,0
T_grammar_out_MID30_006,T_grammar_out,MID30,H50,C,5,MID30,"M=20,10,10,20,20,|T=0,0,0,0,0,|B=2,15,1,50;",0,0,0,Inf,0,242800006,342800006,0.987682000373989,0.802206314827554,0,0,0,0,0,5,8,316,317,0.094338,G003,MIRROR_M3,0,NaN,G003,3.99783298228236,3.99783298228236,3.99783298228237,3.5527136788005e-15,G003,1,3.06203021903697,1.31144114284432,0,1,REJECTED,fit_quality_gate,0,0
T_grammar_out_MID30_007,T_grammar_out,MID30,H50,B,0,MID30,"M=20,10,10,20,20,|T=0,0,0,0,0,|B=2,15,1,50;",0,0,0,Inf,0,242800007,342800007,0.982262275505921,0.94177983753489,0,0,0,0,0,3,3,132,133,0.038274,G003,G002,0,NaN,G003,3.91805176943085,3.91805176943085,4.52499327027998,0.606941500849131,G003,1,3.26939694709641,1.31144114284432,0,0,REJECTED,fit_quality_gate,0,0
T_grammar_out_MID30_007,T_grammar_out,MID30,H50,C,5,MID30,"M=20,10,10,20,20,|T=0,0,0,0,0,|B=2,15,1,50;",0,0,0,Inf,0,242800007,342800007,0.982262275505921,0.94177983753489,0,0,0,0,0,5,8,352,353,0.104918,G003,MIRROR_M3,0,NaN,G003,3.91805176943085,3.91805176943085,3.91805176943085,1.77635683940025e-15,MIRROR_M3;G003,2,3.26939694709641,1.31144114284432,0,1,REJECTED,fit_quality_gate,0,0
T_grammar_out_MID30_008,T_grammar_out,MID30,H50,B,0,MID30,"M=20,10,10,20,20,|T=0,0,0,0,0,|B=2,15,1,50;",0,0,0,Inf,0,242800008,342800008,1.00494674444873,1.06052210729358,0,0,0,0,0,3,3,132,133,0.038299,G003,G002,0,NaN,G003,3.84344354896522,3.84344354896522,4.26939584405498,0.425952295089761,G003,1,3.38155021124473,1.31144114284432,0,0,REJECTED,fit_quality_gate,0,0
T_grammar_out_MID30_008,T_grammar_out,MID30,H50,C,5,MID30,"M=20,10,10,20,20,|T=0,0,0,0,0,|B=2,15,1,50;",0,0,0,Inf,0,242800008,342800008,1.00494674444873,1.06052210729358,0,0,0,0,0,5,8,350,351,0.103911,MIRROR_M3,G003,0,NaN,MIRROR_M3,3.84344354896521,3.84344354896521,3.84344354896522,8.88178419700125e-16,MIRROR_M3;G003,2,3.38155021124473,1.31144114284432,0,1,REJECTED,fit_quality_gate,0,0
T_grammar_out_MID30_009,T_grammar_out,MID30,H50,B,0,MID30,"M=20,10,10,20,20,|T=0,0,0,0,0,|B=2,15,1,50;",0,0,0,Inf,0,242800009,342800009,0.987435447804454,1.09805321826806,0,0,0,0,0,3,3,132,133,0.038272,G003,G002,0,NaN,G003,3.82083899176009,3.82083899176009,4.40156014975598,0.58072115799589,G003,1,3.26469638900571,1.31144114284432,0,0,REJECTED,fit_quality_gate,0,0
T_grammar_out_MID30_009,T_grammar_out,MID30,H50,C,5,MID30,"M=20,10,10,20,20,|T=0,0,0,0,0,|B=2,15,1,50;",0,0,0,Inf,0,242800009,342800009,0.987435447804454,1.09805321826806,0,0,0,0,0,5,8,352,353,0.105464,MIRROR_M3,G003,0,NaN,MIRROR_M3,3.82083899176008,3.82083899176008,3.82083899176009,4.44089209850063e-15,MIRROR_M3,1,3.264696389006,1.31144114284432,0,1,REJECTED,fit_quality_gate,0,0
T_grammar_out_MID30_010,T_grammar_out,MID30,H50,B,0,MID30,"M=20,10,10,20,20,|T=0,0,0,0,0,|B=2,15,1,50;",0,0,0,Inf,0,242800010,342800010,1.00731847402506,1.10541904138986,0,0,0,0,0,3,3,132,133,0.037938,G003,G002,0,NaN,G003,3.50648130599629,3.50648130599629,4.04579734645017,0.539316040453874,G003,1,3.29792119098141,1.31144114284432,0,0,REJECTED,fit_quality_gate,0,0
T_grammar_out_MID30_010,T_grammar_out,MID30,H50,C,5,MID30,"M=20,10,10,20,20,|T=0,0,0,0,0,|B=2,15,1,50;",0,0,0,Inf,0,242800010,342800010,1.00731847402506,1.10541904138986,0,0,0,0,0,5,8,352,353,0.102391,G003,MIRROR_M3,0,NaN,G003,3.50648130599629,3.50648130599629,3.50648130599629,4.44089209850063e-16,MIRROR_M3;G003,2,3.29792119098141,1.31144114284432,0,1,REJECTED,fit_quality_gate,0,0
T_grammar_out_MID50_001,T_grammar_out,MID50,H50,B,0,MID50,"M=20,20,10,10,20,|T=0,0,0,0,0,|B=3,15,1,50;",0,0,0,Inf,0,242900001,342900001,0.993825457114523,0.945602971358004,0,0,0,0,0,3,3,126,127,0.036352,G003,G002,0,NaN,G003,3.93711748346246,3.93711748346246,4.22934565933969,0.292228175877238,G003,1,3.28977463478582,1.31144114284432,0,0,REJECTED,fit_quality_gate,0,0
T_grammar_out_MID50_001,T_grammar_out,MID50,H50,C,5,MID50,"M=20,20,10,10,20,|T=0,0,0,0,0,|B=3,15,1,50;",0,0,0,Inf,0,242900001,342900001,0.993825457114523,0.945602971358004,0,0,0,0,0,5,8,338,339,0.101635,MIRROR_M3,G003,0,NaN,MIRROR_M3,3.93711748346245,3.93711748346245,3.93711748346246,7.54951656745106e-15,MIRROR_M3,1,3.28977463478591,1.31144114284432,0,1,REJECTED,fit_quality_gate,0,0
T_grammar_out_MID50_002,T_grammar_out,MID50,H50,B,0,MID50,"M=20,20,10,10,20,|T=0,0,0,0,0,|B=3,15,1,50;",0,0,0,Inf,0,242900002,342900002,1.01886536154462,1.11367549770806,0,0,0,0,0,3,3,128,129,0.037369,G003,G002,0,NaN,G003,3.30306291320107,3.30306291320107,3.87325037761295,0.570187464411883,G003,1,3.64925859599394,1.31144114284432,0,0,REJECTED,fit_quality_gate,0,0
T_grammar_out_MID50_002,T_grammar_out,MID50,H50,C,5,MID50,"M=20,20,10,10,20,|T=0,0,0,0,0,|B=3,15,1,50;",0,0,0,Inf,0,242900002,342900002,1.01886536154462,1.11367549770806,0,0,0,0,0,5,8,344,345,0.102589,G003,MIRROR_M3,0,NaN,G003,3.30306291320107,3.30306291320107,3.30306291320107,2.22044604925031e-15,MIRROR_M3;G003,2,3.64925859599394,1.31144114284432,0,1,REJECTED,fit_quality_gate,0,0
T_grammar_out_MID50_003,T_grammar_out,MID50,H50,B,0,MID50,"M=20,20,10,10,20,|T=0,0,0,0,0,|B=3,15,1,50;",0,0,0,Inf,0,242900003,342900003,0.986680603502236,0.92295269156599,0,0,0,0,0,3,3,132,133,0.038118,G003,G002,0,NaN,G003,4.1326379489893,4.1326379489893,4.50706918473594,0.374431235746647,G003,1,3.18692886857183,1.31144114284432,0,0,REJECTED,fit_quality_gate,0,0
T_grammar_out_MID50_003,T_grammar_out,MID50,H50,C,5,MID50,"M=20,20,10,10,20,|T=0,0,0,0,0,|B=3,15,1,50;",0,0,0,Inf,0,242900003,342900003,0.986680603502236,0.92295269156599,0,0,0,0,0,5,8,352,353,0.104257,MIRROR_M3,G003,0,NaN,MIRROR_M3,4.1326379489893,4.1326379489893,4.1326379489893,0,MIRROR_M3;G003,2,3.18692886857194,1.31144114284432,0,1,REJECTED,fit_quality_gate,0,0
T_grammar_out_MID50_004,T_grammar_out,MID50,H50,B,0,MID50,"M=20,20,10,10,20,|T=0,0,0,0,0,|B=3,15,1,50;",0,0,0,Inf,0,242900004,342900004,0.998841131381175,0.906297783747369,0,0,0,0,0,3,3,136,137,0.038827,G003,G002,0,NaN,G003,3.72319508387868,3.72319508387868,4.23632441592303,0.513129332044357,G003,1,3.3699078240461,1.31144114284432,0,0,REJECTED,fit_quality_gate,0,0
T_grammar_out_MID50_004,T_grammar_out,MID50,H50,C,5,MID50,"M=20,20,10,10,20,|T=0,0,0,0,0,|B=3,15,1,50;",0,0,0,Inf,0,242900004,342900004,0.998841131381175,0.906297783747369,0,0,0,0,0,5,8,362,363,0.107272,G003,MIRROR_M3,0,NaN,G003,3.72319508387868,3.72319508387868,3.72319508387868,8.88178419700125e-16,MIRROR_M3;G003,2,3.3699078240461,1.31144114284432,0,1,REJECTED,fit_quality_gate,0,0
T_grammar_out_MID50_005,T_grammar_out,MID50,H50,B,0,MID50,"M=20,20,10,10,20,|T=0,0,0,0,0,|B=3,15,1,50;",0,0,0,Inf,0,242900005,342900005,1.00019422655809,0.913100211714432,0,0,0,0,0,3,3,134,135,0.038675,G003,G002,0,NaN,G003,3.85080351966413,3.85080351966413,4.20564725323296,0.354843733568832,G003,1,3.33072502477499,1.31144114284432,0,0,REJECTED,fit_quality_gate,0,0
T_grammar_out_MID50_005,T_grammar_out,MID50,H50,C,5,MID50,"M=20,20,10,10,20,|T=0,0,0,0,0,|B=3,15,1,50;",0,0,0,Inf,0,242900005,342900005,1.00019422655809,0.913100211714432,0,0,0,0,0,5,8,356,357,0.106147,MIRROR_M3,G003,0,NaN,MIRROR_M3,3.85080351966412,3.85080351966412,3.85080351966413,8.88178419700125e-15,MIRROR_M3,1,3.33072502477499,1.31144114284432,0,1,REJECTED,fit_quality_gate,0,0
T_grammar_out_MID50_006,T_grammar_out,MID50,H50,B,0,MID50,"M=20,20,10,10,20,|T=0,0,0,0,0,|B=3,15,1,50;",0,0,0,Inf,0,242900006,342900006,0.991373303219484,1.02976728177452,0,0,0,0,0,3,3,132,133,0.038282,G003,G002,0,NaN,G003,3.7505491569282,3.7505491569282,4.2827640901577,0.532214933229505,G003,1,3.14595874735308,1.31144114284432,0,0,REJECTED,fit_quality_gate,0,0
T_grammar_out_MID50_006,T_grammar_out,MID50,H50,C,5,MID50,"M=20,20,10,10,20,|T=0,0,0,0,0,|B=3,15,1,50;",0,0,0,Inf,0,242900006,342900006,0.991373303219484,1.02976728177452,0,0,0,0,0,5,8,352,353,0.104812,MIRROR_M3,G003,0,NaN,MIRROR_M3,3.75054915692819,3.75054915692819,3.7505491569282,5.77315972805081e-15,MIRROR_M3,1,3.14595874735308,1.31144114284432,0,1,REJECTED,fit_quality_gate,0,0
T_grammar_out_MID50_007,T_grammar_out,MID50,H50,B,0,MID50,"M=20,20,10,10,20,|T=0,0,0,0,0,|B=3,15,1,50;",0,0,0,Inf,0,242900007,342900007,1.00387612519048,0.902367725055742,0,0,0,0,0,3,3,134,135,0.038502,G003,G002,0,NaN,G003,3.7844199831054,3.7844199831054,4.06860957100499,0.284189587899594,G003,1,3.54419878198915,1.31144114284432,0,0,REJECTED,fit_quality_gate,0,0
T_grammar_out_MID50_007,T_grammar_out,MID50,H50,C,5,MID50,"M=20,20,10,10,20,|T=0,0,0,0,0,|B=3,15,1,50;",0,0,0,Inf,0,242900007,342900007,1.00387612519048,0.902367725055742,0,0,0,0,0,5,8,356,357,0.104792,MIRROR_M3,G003,0,NaN,MIRROR_M3,3.7844199831054,3.7844199831054,3.7844199831054,8.88178419700125e-16,MIRROR_M3;G003,2,3.54419878198913,1.31144114284432,0,1,REJECTED,fit_quality_gate,0,0
T_grammar_out_MID50_008,T_grammar_out,MID50,H50,B,0,MID50,"M=20,20,10,10,20,|T=0,0,0,0,0,|B=3,15,1,50;",0,0,0,Inf,0,242900008,342900008,1.00506748138176,0.927990249180435,0,0,0,0,0,3,3,126,127,0.036084,G003,G002,0,NaN,G003,3.6910127694142,3.6910127694142,4.05485842808918,0.363845658674983,G003,1,3.40098931319435,1.31144114284432,0,0,REJECTED,fit_quality_gate,0,0
T_grammar_out_MID50_008,T_grammar_out,MID50,H50,C,5,MID50,"M=20,20,10,10,20,|T=0,0,0,0,0,|B=3,15,1,50;",0,0,0,Inf,0,242900008,342900008,1.00506748138176,0.927990249180435,0,0,0,0,0,5,8,336,337,0.100255,MIRROR_M3,G003,0,NaN,MIRROR_M3,3.6910127694142,3.6910127694142,3.6910127694142,3.10862446895044e-15,MIRROR_M3,1,3.40098931319434,1.31144114284432,0,1,REJECTED,fit_quality_gate,0,0
T_grammar_out_MID50_009,T_grammar_out,MID50,H50,B,0,MID50,"M=20,20,10,10,20,|T=0,0,0,0,0,|B=3,15,1,50;",0,0,0,Inf,0,242900009,342900009,0.986129211753495,0.856667984299075,0,0,0,0,0,3,3,134,135,0.039128,G003,G002,0,NaN,G003,4.15839052400732,4.15839052400732,4.68783675777056,0.529446233763238,G003,1,3.31919461077772,1.31144114284432,0,0,REJECTED,fit_quality_gate,0,0
T_grammar_out_MID50_009,T_grammar_out,MID50,H50,C,5,MID50,"M=20,20,10,10,20,|T=0,0,0,0,0,|B=3,15,1,50;",0,0,0,Inf,0,242900009,342900009,0.986129211753495,0.856667984299075,0,0,0,0,0,5,8,358,359,0.109275,MIRROR_M3,G003,0,NaN,MIRROR_M3,4.15839052400731,4.15839052400731,4.15839052400732,3.5527136788005e-15,MIRROR_M3,1,3.31919461076345,1.31144114284432,0,1,REJECTED,fit_quality_gate,0,0
T_grammar_out_MID50_010,T_grammar_out,MID50,H50,B,0,MID50,"M=20,20,10,10,20,|T=0,0,0,0,0,|B=3,15,1,50;",0,0,0,Inf,0,242900010,342900010,0.98884908128585,1.00013073051934,0,0,0,0,0,3,3,132,133,0.038333,G003,G002,0,NaN,G003,3.76729036806821,3.76729036806821,4.22398819826352,0.456697830195309,G003,1,3.21042110585189,1.31144114284432,0,0,REJECTED,fit_quality_gate,0,0
T_grammar_out_MID50_010,T_grammar_out,MID50,H50,C,5,MID50,"M=20,20,10,10,20,|T=0,0,0,0,0,|B=3,15,1,50;",0,0,0,Inf,0,242900010,342900010,0.98884908128585,1.00013073051934,0,0,0,0,0,5,8,352,353,0.108499,G003,MIRROR_M3,0,NaN,G003,3.76729036806821,3.76729036806821,3.76729036806821,3.5527136788005e-15,G003,1,3.21042110585189,1.31144114284432,0,1,REJECTED,fit_quality_gate,0,0
T_domain_G002_001,T_domain,G002_domain_out,H50,B,0,G002,"M=20,20,20,20,|T=0,0,0,0,|B=2,15,1,50;",1,1,1,0,1,251400001,351400001,1.15,0.885326870616278,0,1,0,0,1,3,3,216,217,0.062634,G002,G003,1,9.83546643315242,G003,9.94006363356145,9.83546643315242,9.94006363356145,0.104597200409033,G002,1,10.9800869676499,1.31144114284432,0,0,REJECTED,fit_quality_gate,0,0
T_domain_G002_001,T_domain,G002_domain_out,H50,C,5,G002,"M=20,20,20,20,|T=0,0,0,0,|B=2,15,1,50;",1,1,1,0,1,251400001,351400001,1.15,0.885326870616278,0,1,0,0,0,5,8,576,577,0.169844,ADD_M2_M3,G002,2,9.83546643315242,ADD_M2_M3,9.24100966173004,9.24100966173004,9.83546643315242,0.594456771422379,ADD_M2_M3,1,9.7491356887088,1.31144114284432,0,1,REJECTED,fit_quality_gate,0,0
T_domain_G002_002,T_domain,G002_domain_out,H50,B,0,G002,"M=20,20,20,20,|T=0,0,0,0,|B=2,15,1,50;",1,1,1,0,1,251400002,351400002,1.15,0.904518816542838,0,1,0,0,1,3,3,216,217,0.061666,G002,G003,1,9.97989854900352,G003,10.0530565470985,9.97989854900352,10.0530565470985,0.0731579980949988,G002,1,11.0295881719547,1.31144114284432,0,0,REJECTED,fit_quality_gate,0,0
T_domain_G002_002,T_domain,G002_domain_out,H50,C,5,G002,"M=20,20,20,20,|T=0,0,0,0,|B=2,15,1,50;",1,1,1,0,1,251400002,351400002,1.15,0.904518816542838,0,1,0,0,0,5,8,576,577,0.171793,ADD_M2_M3,G002,2,9.97989854900352,ADD_M2_M3,9.30354049423959,9.30354049423959,9.97989854900352,0.676358054763933,ADD_M2_M3,1,9.75401116934038,1.31144114284432,0,1,REJECTED,fit_quality_gate,0,0
T_domain_G002_003,T_domain,G002_domain_out,H50,B,0,G002,"M=20,20,20,20,|T=0,0,0,0,|B=2,15,1,50;",1,1,1,0,1,251400003,351400003,1.15,1.06566948246336,0,1,0,0,1,3,3,216,217,0.060896,G002,G003,1,9.87118110490569,G003,9.96597007823702,9.87118110490569,9.96597007823702,0.0947889733313296,G002,1,10.8759622378689,1.31144114284432,0,0,REJECTED,fit_quality_gate,0,0
T_domain_G002_003,T_domain,G002_domain_out,H50,C,5,G002,"M=20,20,20,20,|T=0,0,0,0,|B=2,15,1,50;",1,1,1,0,1,251400003,351400003,1.15,1.06566948246336,0,1,0,0,0,5,8,576,577,0.170504,ADD_M2_M3,G002,2,9.87118110490569,ADD_M2_M3,9.16235232363484,9.16235232363484,9.87118110490569,0.708828781270849,ADD_M2_M3,1,9.58589117090825,1.31144114284432,0,1,REJECTED,fit_quality_gate,0,0
T_domain_G002_004,T_domain,G002_domain_out,H50,B,0,G002,"M=20,20,20,20,|T=0,0,0,0,|B=2,15,1,50;",1,1,1,0,1,251400004,351400004,1.15,1.1854446637649,0,1,0,0,1,3,3,216,217,0.060901,G002,G003,1,9.88298497924268,G003,9.90021699039265,9.88298497924268,9.90021699039265,0.0172320111499715,G002,1,11.1692045959964,1.31144114284432,0,0,REJECTED,fit_quality_gate,0,0
T_domain_G002_004,T_domain,G002_domain_out,H50,C,5,G002,"M=20,20,20,20,|T=0,0,0,0,|B=2,15,1,50;",1,1,1,0,1,251400004,351400004,1.15,1.1854446637649,0,1,0,0,0,5,8,576,577,0.170443,ADD_M2_M3,G002,2,9.88298497924268,ADD_M2_M3,9.18244934156032,9.18244934156032,9.88298497924268,0.700535637682359,ADD_M2_M3,1,9.90688964521093,1.31144114284432,0,1,REJECTED,fit_quality_gate,0,0
T_domain_G002_005,T_domain,G002_domain_out,H50,B,0,G002,"M=20,20,20,20,|T=0,0,0,0,|B=2,15,1,50;",1,1,1,0,1,251400005,351400005,1.15,1.17797897167081,0,1,0,0,1,3,3,216,217,0.064592,G002,G003,1,9.82649406813375,G003,9.91021505257776,9.82649406813375,9.91021505257776,0.0837209844440068,G002,1,10.7528827071723,1.31144114284432,0,0,REJECTED,fit_quality_gate,0,0
T_domain_G002_005,T_domain,G002_domain_out,H50,C,5,G002,"M=20,20,20,20,|T=0,0,0,0,|B=2,15,1,50;",1,1,1,0,1,251400005,351400005,1.15,1.17797897167081,0,1,0,0,0,5,8,576,577,0.170895,ADD_M2_M3,G002,2,9.82649406813375,ADD_M2_M3,9.18350988668172,9.18350988668172,9.82649406813375,0.642984181452036,ADD_M2_M3,1,9.58309978978481,1.31144114284432,0,1,REJECTED,fit_quality_gate,0,0
T_domain_G002_006,T_domain,G002_domain_out,H50,B,0,G002,"M=20,20,20,20,|T=0,0,0,0,|B=2,15,1,50;",1,1,1,0,1,251400006,351400006,1.15,0.904996448175689,0,1,0,0,1,3,3,216,217,0.061057,G002,G003,1,9.88396041286831,G003,9.96584669662097,9.88396041286831,9.96584669662097,0.0818862837526524,G002,1,11.28721698512,1.31144114284432,0,0,REJECTED,fit_quality_gate,0,0
T_domain_G002_006,T_domain,G002_domain_out,H50,C,5,G002,"M=20,20,20,20,|T=0,0,0,0,|B=2,15,1,50;",1,1,1,0,1,251400006,351400006,1.15,0.904996448175689,0,1,0,0,0,5,8,576,577,0.170515,ADD_M2_M3,G002,2,9.88396041286831,ADD_M2_M3,9.19126099229637,9.19126099229637,9.88396041286831,0.692699420571941,ADD_M2_M3,1,10.0975296060355,1.31144114284432,0,1,REJECTED,fit_quality_gate,0,0
T_domain_G002_007,T_domain,G002_domain_out,H50,B,0,G002,"M=20,20,20,20,|T=0,0,0,0,|B=2,15,1,50;",1,1,1,0,1,251400007,351400007,1.15,1.03393623184478,0,1,0,0,1,3,3,216,217,0.061878,G002,G003,1,9.85390486899357,G003,9.99031425177856,9.85390486899357,9.99031425177856,0.136409382784985,G002,1,10.9370750476481,1.31144114284432,0,0,REJECTED,fit_quality_gate,0,0
T_domain_G002_007,T_domain,G002_domain_out,H50,C,5,G002,"M=20,20,20,20,|T=0,0,0,0,|B=2,15,1,50;",1,1,1,0,1,251400007,351400007,1.15,1.03393623184478,0,1,0,0,0,5,8,576,577,0.169567,ADD_M2_M3,G002,2,9.85390486899357,ADD_M2_M3,9.23432461762484,9.23432461762484,9.85390486899357,0.619580251368728,ADD_M2_M3,1,9.64297769796001,1.31144114284432,0,1,REJECTED,fit_quality_gate,0,0
T_domain_G002_008,T_domain,G002_domain_out,H50,B,0,G002,"M=20,20,20,20,|T=0,0,0,0,|B=2,15,1,50;",1,1,1,0,1,251400008,351400008,1.15,0.936437218014875,0,1,0,0,1,3,3,216,217,0.068308,G002,G003,1,9.78519151570939,G003,9.84542057304096,9.78519151570939,9.84542057304096,0.060229057331572,G002,1,11.0942798968915,1.31144114284432,0,0,REJECTED,fit_quality_gate,0,0
T_domain_G002_008,T_domain,G002_domain_out,H50,C,5,G002,"M=20,20,20,20,|T=0,0,0,0,|B=2,15,1,50;",1,1,1,0,1,251400008,351400008,1.15,0.936437218014875,0,1,0,0,0,5,8,576,577,0.16462,ADD_M2_M3,G002,2,9.78519151570939,ADD_M2_M3,9.1384626061281,9.1384626061281,9.78519151570939,0.646728909581281,ADD_M2_M3,1,9.69811145683445,1.31144114284432,0,1,REJECTED,fit_quality_gate,0,0
T_domain_G002_009,T_domain,G002_domain_out,H50,B,0,G002,"M=20,20,20,20,|T=0,0,0,0,|B=2,15,1,50;",1,1,1,0,1,251400009,351400009,1.15,0.815351339973218,0,1,0,0,1,3,3,216,217,0.059352,G002,G003,1,9.90713030563818,G003,9.97249718646454,9.90713030563818,9.97249718646454,0.0653668808263568,G002,1,11.193438057499,1.31144114284432,0,0,REJECTED,fit_quality_gate,0,0
T_domain_G002_009,T_domain,G002_domain_out,H50,C,5,G002,"M=20,20,20,20,|T=0,0,0,0,|B=2,15,1,50;",1,1,1,0,1,251400009,351400009,1.15,0.815351339973218,0,1,0,0,0,5,8,576,577,0.164229,ADD_M2_M3,G002,2,9.90713030563818,ADD_M2_M3,9.22853988382514,9.22853988382514,9.90713030563818,0.678590421813039,ADD_M2_M3,1,9.92894058837422,1.31144114284432,0,1,REJECTED,fit_quality_gate,0,0
T_domain_G002_010,T_domain,G002_domain_out,H50,B,0,G002,"M=20,20,20,20,|T=0,0,0,0,|B=2,15,1,50;",1,1,1,0,1,251400010,351400010,1.15,0.979976230691482,0,1,0,0,1,3,3,216,217,0.059972,G002,G003,1,9.91310536902969,G003,9.99948417196709,9.91310536902969,9.99948417196709,0.0863788029374017,G002,1,11.1317663494286,1.31144114284432,0,0,REJECTED,fit_quality_gate,0,0
T_domain_G002_010,T_domain,G002_domain_out,H50,C,5,G002,"M=20,20,20,20,|T=0,0,0,0,|B=2,15,1,50;",1,1,1,0,1,251400010,351400010,1.15,0.979976230691482,0,1,0,0,0,5,8,576,577,0.165469,ADD_M2_M3,G002,2,9.91310536902969,ADD_M2_M3,9.2381541716757,9.2381541716757,9.91310536902969,0.674951197353987,ADD_M2_M3,1,9.72977333170865,1.31144114284432,0,1,REJECTED,fit_quality_gate,0,0
T_domain_G003_001,T_domain,G003_domain_out,H50,B,0,G003,"M=20,20,20,20,|T=0,0,0,0,|B=1,15,1,50;",1,1,1,0,1,251900001,351900001,1.15,0.931007797893732,0,1,0,0,1,3,3,216,217,0.059763,G003,G002,1,9.65777077466811,G002,9.75546085531104,9.65777077466811,9.75546085531104,0.0976900806429235,G003,1,10.4393540338877,1.31144114284432,0,0,REJECTED,fit_quality_gate,0,0
T_domain_G003_001,T_domain,G003_domain_out,H50,C,5,G003,"M=20,20,20,20,|T=0,0,0,0,|B=1,15,1,50;",1,1,1,0,1,251900001,351900001,1.15,0.931007797893732,0,1,0,0,0,5,8,576,577,0.165007,ADD_M1_M3,MIRROR_M3,3,9.65777077466811,ADD_M1_M3,8.93229737065987,8.93229737065987,9.65777077466811,0.725473404008248,ADD_M1_M3,1,9.62702100105895,1.31144114284432,0,1,REJECTED,fit_quality_gate,0,0
T_domain_G003_002,T_domain,G003_domain_out,H50,B,0,G003,"M=20,20,20,20,|T=0,0,0,0,|B=1,15,1,50;",1,1,1,0,1,251900002,351900002,1.15,0.858788001432265,0,1,0,0,1,3,3,216,217,0.059752,G003,G002,1,9.62760427137477,G002,9.76807987125705,9.62760427137477,9.76807987125705,0.140475599882278,G003,1,10.5784080688115,1.31144114284432,0,0,REJECTED,fit_quality_gate,0,0
T_domain_G003_002,T_domain,G003_domain_out,H50,C,5,G003,"M=20,20,20,20,|T=0,0,0,0,|B=1,15,1,50;",1,1,1,0,1,251900002,351900002,1.15,0.858788001432265,0,1,0,0,0,5,8,576,577,0.164917,ADD_M1_M3,MIRROR_M3,3,9.62760427137477,ADD_M1_M3,8.9391792412536,8.9391792412536,9.62760427137477,0.688425030121172,ADD_M1_M3,1,9.75850693395905,1.31144114284432,0,1,REJECTED,fit_quality_gate,0,0
T_domain_G003_003,T_domain,G003_domain_out,H50,B,0,G003,"M=20,20,20,20,|T=0,0,0,0,|B=1,15,1,50;",1,1,1,0,1,251900003,351900003,1.15,1.06923832244796,0,1,0,0,1,3,3,216,217,0.059764,G003,G002,1,9.45891545448732,G002,9.57564694532389,9.45891545448732,9.57564694532389,0.116731490836569,G003,1,10.2777770911097,1.31144114284432,0,0,REJECTED,fit_quality_gate,0,0
T_domain_G003_003,T_domain,G003_domain_out,H50,C,5,G003,"M=20,20,20,20,|T=0,0,0,0,|B=1,15,1,50;",1,1,1,0,1,251900003,351900003,1.15,1.06923832244796,0,1,0,0,0,5,8,576,577,0.168777,ADD_M1_M3,MIRROR_M3,3,9.45891545448732,ADD_M1_M3,8.75147116655667,8.75147116655667,9.45891545448732,0.707444287930647,ADD_M1_M3,1,9.41369289348843,1.31144114284432,0,1,REJECTED,fit_quality_gate,0,0
T_domain_G003_004,T_domain,G003_domain_out,H50,B,0,G003,"M=20,20,20,20,|T=0,0,0,0,|B=1,15,1,50;",1,1,1,0,1,251900004,351900004,1.15,0.912811168563008,0,1,0,0,1,3,3,216,217,0.062486,G003,G002,1,9.82191880643688,G002,9.93287520097493,9.82191880643688,9.93287520097493,0.110956394538052,G003,1,10.3184557677442,1.31144114284432,0,0,REJECTED,fit_quality_gate,0,0
T_domain_G003_004,T_domain,G003_domain_out,H50,C,5,G003,"M=20,20,20,20,|T=0,0,0,0,|B=1,15,1,50;",1,1,1,0,1,251900004,351900004,1.15,0.912811168563008,0,1,0,0,0,5,8,576,577,0.170121,ADD_M1_M3,MIRROR_M3,3,9.82191880643688,ADD_M1_M3,9.09106923496087,9.09106923496087,9.82191880643688,0.730849571476014,ADD_M1_M3,1,9.50966170772671,1.31144114284432,0,1,REJECTED,fit_quality_gate,0,0
T_domain_G003_005,T_domain,G003_domain_out,H50,B,0,G003,"M=20,20,20,20,|T=0,0,0,0,|B=1,15,1,50;",1,1,1,0,1,251900005,351900005,1.15,1.14403843690415,0,1,0,0,1,3,3,216,217,0.061445,G003,G002,1,9.69899880907963,G002,9.84294115704205,9.69899880907963,9.84294115704205,0.143942347962414,G003,1,10.2216393480152,1.31144114284432,0,0,REJECTED,fit_quality_gate,0,0
T_domain_G003_005,T_domain,G003_domain_out,H50,C,5,G003,"M=20,20,20,20,|T=0,0,0,0,|B=1,15,1,50;",1,1,1,0,1,251900005,351900005,1.15,1.14403843690415,0,1,0,0,0,5,8,576,577,0.172325,ADD_M1_M3,MIRROR_M3,3,9.69899880907963,ADD_M1_M3,8.9352573312921,8.9352573312921,9.69899880907963,0.763741477787534,ADD_M1_M3,1,9.32637787309673,1.31144114284432,0,1,REJECTED,fit_quality_gate,0,0
T_domain_G003_006,T_domain,G003_domain_out,H50,B,0,G003,"M=20,20,20,20,|T=0,0,0,0,|B=1,15,1,50;",1,1,1,0,1,251900006,351900006,1.15,1.08377527672715,0,1,0,0,1,3,3,216,217,0.061799,G003,G002,1,9.7984858084274,G002,9.91707489103497,9.7984858084274,9.91707489103497,0.118589082607565,G003,1,10.6142654944577,1.31144114284432,0,0,REJECTED,fit_quality_gate,0,0
T_domain_G003_006,T_domain,G003_domain_out,H50,C,5,G003,"M=20,20,20,20,|T=0,0,0,0,|B=1,15,1,50;",1,1,1,0,1,251900006,351900006,1.15,1.08377527672715,0,1,0,0,0,5,8,576,577,0.16685,ADD_M1_M3,MIRROR_M3,3,9.7984858084274,ADD_M1_M3,9.02585215899491,9.02585215899491,9.7984858084274,0.772633649432487,ADD_M1_M3,1,9.68018572203303,1.31144114284432,0,1,REJECTED,fit_quality_gate,0,0
T_domain_G003_007,T_domain,G003_domain_out,H50,B,0,G003,"M=20,20,20,20,|T=0,0,0,0,|B=1,15,1,50;",1,1,1,0,1,251900007,351900007,1.15,0.931641139252082,0,1,0,0,1,3,3,216,217,0.060527,G003,G002,1,9.71135840329516,G002,9.81100116925605,9.71135840329516,9.81100116925605,0.0996427659608869,G003,1,10.6453652934606,1.31144114284432,0,0,REJECTED,fit_quality_gate,0,0
T_domain_G003_007,T_domain,G003_domain_out,H50,C,5,G003,"M=20,20,20,20,|T=0,0,0,0,|B=1,15,1,50;",1,1,1,0,1,251900007,351900007,1.15,0.931641139252082,0,1,0,0,0,5,8,576,577,0.167536,ADD_M1_M3,MIRROR_M3,3,9.71135840329516,ADD_M1_M3,8.96715036655696,8.96715036655696,9.71135840329516,0.7442080367382,ADD_M1_M3,1,9.83269013106635,1.31144114284432,0,1,REJECTED,fit_quality_gate,0,0
T_domain_G003_008,T_domain,G003_domain_out,H50,B,0,G003,"M=20,20,20,20,|T=0,0,0,0,|B=1,15,1,50;",1,1,1,0,1,251900008,351900008,1.15,0.825825443859764,0,1,0,0,1,3,3,216,217,0.061155,G003,G002,1,9.81396289830301,G002,9.87654148383766,9.81396289830301,9.87654148383766,0.0625785855346468,G003,1,10.5841775152077,1.31144114284432,0,0,REJECTED,fit_quality_gate,0,0
T_domain_G003_008,T_domain,G003_domain_out,H50,C,5,G003,"M=20,20,20,20,|T=0,0,0,0,|B=1,15,1,50;",1,1,1,0,1,251900008,351900008,1.15,0.825825443859764,0,1,0,0,0,5,8,576,577,0.166422,ADD_M1_M3,MIRROR_M3,3,9.81396289830301,ADD_M1_M3,9.00174977916254,9.00174977916254,9.81396289830301,0.812213119140468,ADD_M1_M3,1,9.76037769398041,1.31144114284432,0,1,REJECTED,fit_quality_gate,0,0
T_domain_G003_009,T_domain,G003_domain_out,H50,B,0,G003,"M=20,20,20,20,|T=0,0,0,0,|B=1,15,1,50;",1,1,1,0,1,251900009,351900009,1.15,0.953140176988325,0,1,0,0,1,3,3,216,217,0.060274,G003,G002,1,9.67132324010807,G002,9.75538560700017,9.67132324010807,9.75538560700017,0.0840623668921072,G003,1,10.3388734520309,1.31144114284432,0,0,REJECTED,fit_quality_gate,0,0
T_domain_G003_009,T_domain,G003_domain_out,H50,C,5,G003,"M=20,20,20,20,|T=0,0,0,0,|B=1,15,1,50;",1,1,1,0,1,251900009,351900009,1.15,0.953140176988325,0,1,0,0,0,5,8,576,577,0.166872,ADD_M1_M3,MIRROR_M3,3,9.67132324010807,ADD_M1_M3,8.91676974816702,8.91676974816702,9.67132324010807,0.754553491941046,ADD_M1_M3,1,9.5280763184796,1.31144114284432,0,1,REJECTED,fit_quality_gate,0,0
T_domain_G003_010,T_domain,G003_domain_out,H50,B,0,G003,"M=20,20,20,20,|T=0,0,0,0,|B=1,15,1,50;",1,1,1,0,1,251900010,351900010,1.15,1.04475052201209,0,1,0,0,1,3,3,216,217,0.060733,G003,G002,1,9.60072725763186,G002,9.65824674651441,9.60072725763186,9.65824674651441,0.0575194888825443,G003,1,10.5354435516377,1.31144114284432,0,0,REJECTED,fit_quality_gate,0,0
T_domain_G003_010,T_domain,G003_domain_out,H50,C,5,G003,"M=20,20,20,20,|T=0,0,0,0,|B=1,15,1,50;",1,1,1,0,1,251900010,351900010,1.15,1.04475052201209,0,1,0,0,0,5,8,576,577,0.168539,ADD_M1_M3,MIRROR_M3,3,9.60072725763186,ADD_M1_M3,8.83624249870876,8.83624249870876,9.60072725763186,0.764484758923102,ADD_M1_M3,1,9.67641269717516,1.31144114284432,0,1,REJECTED,fit_quality_gate,0,0
T_inlib_G001_001,T_inlib,G001,Zin50,B,0,G001,"M=20,20,20,20,|T=0,0,0,0,|B=none",1,1,1,0,0,211100001,311100001,1.01963586068804,1.06123958804439,0,1,0,0,1,3,3,138,139,0.041107,G001,G002,1,0.961518714139245,G002,252.243157668422,0.961518714139245,252.243157668422,251.281638954283,G001,1,1.04582139782868,1.20711206757417,1,0,UNIQUE_CONFIDENT,single_candidate_with_margin,1,0
T_inlib_G001_001,T_inlib,G001,Zin50,C,5,G001,"M=20,20,20,20,|T=0,0,0,0,|B=none",1,1,1,0,0,211100001,311100001,1.01963586068804,1.06123958804439,0,1,0,0,1,5,8,366,367,0.109195,G001,MIRROR_M3,1,0.961518714139245,MIRROR_M3,221.997906487159,0.961518714139245,221.997906487159,221.03638777302,G001,1,1.04582139782868,1.20711206757417,1,1,LOW_CONFIDENCE,search_budget_truncated,0,0
T_inlib_G001_002,T_inlib,G001,Zin50,B,0,G001,"M=20,20,20,20,|T=0,0,0,0,|B=none",1,1,1,0,0,211100002,311100002,1.00847276378123,0.918128102411007,0,1,0,0,1,3,3,136,137,0.039317,G001,G002,1,0.924224976207919,G002,253.790533384737,0.924224976207919,253.790533384737,252.866308408529,G001,1,1.23355638197211,1.20711206757417,0,0,REJECTED,fit_quality_gate,0,0
T_inlib_G001_002,T_inlib,G001,Zin50,C,5,G001,"M=20,20,20,20,|T=0,0,0,0,|B=none",1,1,1,0,0,211100002,311100002,1.00847276378123,0.918128102411007,0,1,0,0,1,5,8,362,363,0.108968,G001,MIRROR_M3,1,0.924224976207919,MIRROR_M3,228.769345898017,0.924224976207919,228.769345898017,227.845120921809,G001,1,1.23355638197211,1.20711206757417,0,1,REJECTED,fit_quality_gate,0,0
T_inlib_G001_003,T_inlib,G001,Zin50,B,0,G001,"M=20,20,20,20,|T=0,0,0,0,|B=none",1,1,1,0,0,211100003,311100003,1.0194099508561,1.14100091425716,0,1,0,0,1,3,3,138,139,0.040222,G001,G002,1,1.10071295752876,G002,252.327665283349,1.10071295752876,252.327665283349,251.22695232582,G001,1,1.16023400609718,1.20711206757417,1,0,UNIQUE_CONFIDENT,single_candidate_with_margin,1,0
T_inlib_G001_003,T_inlib,G001,Zin50,C,5,G001,"M=20,20,20,20,|T=0,0,0,0,|B=none",1,1,1,0,0,211100003,311100003,1.0194099508561,1.14100091425716,0,1,0,0,1,5,8,366,367,0.109499,G001,MIRROR_M3,1,1.10071295752876,MIRROR_M3,222.510426971248,1.10071295752876,222.510426971248,221.409714013719,G001,1,1.16023400609718,1.20711206757417,1,1,LOW_CONFIDENCE,search_budget_truncated,0,0
T_inlib_G001_004,T_inlib,G001,Zin50,B,0,G001,"M=20,20,20,20,|T=0,0,0,0,|B=none",1,1,1,0,0,211100004,311100004,1.00035273128711,1.16233951895729,0,1,0,0,1,3,3,136,137,0.039338,G001,G002,1,0.9922265277329,G002,256.133256141896,0.9922265277329,256.133256141896,255.141029614163,G001,1,0.970163807374179,1.20711206757417,1,0,UNIQUE_CONFIDENT,single_candidate_with_margin,1,0
T_inlib_G001_004,T_inlib,G001,Zin50,C,5,G001,"M=20,20,20,20,|T=0,0,0,0,|B=none",1,1,1,0,0,211100004,311100004,1.00035273128711,1.16233951895729,0,1,0,0,1,5,8,362,363,0.108576,G001,MIRROR_M3,1,0.9922265277329,MIRROR_M3,231.574798220734,0.9922265277329,231.574798220734,230.582571693001,G001,1,0.970163807374179,1.20711206757417,1,1,LOW_CONFIDENCE,search_budget_truncated,0,0
T_inlib_G001_005,T_inlib,G001,Zin50,B,0,G001,"M=20,20,20,20,|T=0,0,0,0,|B=none",1,1,1,0,0,211100005,311100005,0.987619997429068,1.05404849361647,0,1,0,0,1,3,3,136,137,0.039068,G001,G002,1,1.04705146299803,G002,256.261897590157,1.04705146299803,256.261897590157,255.214846127159,G001,1,0.8385114748968,1.20711206757417,1,0,UNIQUE_CONFIDENT,single_candidate_with_margin,1,0
T_inlib_G001_005,T_inlib,G001,Zin50,C,5,G001,"M=20,20,20,20,|T=0,0,0,0,|B=none",1,1,1,0,0,211100005,311100005,0.987619997429068,1.05404849361647,0,1,0,0,1,5,8,345,346,0.102383,G001,MIRROR_M3,1,1.04705146299803,MIRROR_M3,248.768704093549,1.04705146299803,248.768704093549,247.721652630551,G001,1,0.8385114748968,1.20711206757417,1,1,LOW_CONFIDENCE,search_budget_truncated,0,0
T_inlib_G001_006,T_inlib,G001,Zin50,B,0,G001,"M=20,20,20,20,|T=0,0,0,0,|B=none",1,1,1,0,0,211100006,311100006,1.01111381015056,0.877460815019134,0,1,0,0,1,3,3,136,137,0.039032,G001,G002,1,1.00048246398447,G002,253.146644583241,1.00048246398447,253.146644583241,252.146162119256,G001,1,1.04893595315822,1.20711206757417,1,0,UNIQUE_CONFIDENT,single_candidate_with_margin,1,0
T_inlib_G001_006,T_inlib,G001,Zin50,C,5,G001,"M=20,20,20,20,|T=0,0,0,0,|B=none",1,1,1,0,0,211100006,311100006,1.01111381015056,0.877460815019134,0,1,0,0,1,5,8,362,363,0.106419,G001,MIRROR_M3,1,1.00048246398447,MIRROR_M3,227.886996677721,1.00048246398447,227.886996677721,226.886514213736,G001,1,1.04893595315822,1.20711206757417,1,1,LOW_CONFIDENCE,search_budget_truncated,0,0
T_inlib_G001_007,T_inlib,G001,Zin50,B,0,G001,"M=20,20,20,20,|T=0,0,0,0,|B=none",1,1,1,0,0,211100007,311100007,1.00938518506595,1.09008223757048,0,1,0,0,1,3,3,134,135,0.038667,G001,G002,1,1.14711261115014,G002,253.314772502406,1.14711261115014,253.314772502406,252.167659891256,G001,1,1.06612599320543,1.20711206757417,1,0,UNIQUE_CONFIDENT,single_candidate_with_margin,1,0
T_inlib_G001_007,T_inlib,G001,Zin50,C,5,G001,"M=20,20,20,20,|T=0,0,0,0,|B=none",1,1,1,0,0,211100007,311100007,1.00938518506595,1.09008223757048,0,1,0,0,1,5,8,358,359,0.106516,G001,MIRROR_M3,1,1.14711261115014,MIRROR_M3,228.367794342151,1.14711261115014,228.367794342151,227.220681731001,G001,1,1.06612599320543,1.20711206757417,1,1,LOW_CONFIDENCE,search_budget_truncated,0,0
T_inlib_G001_008,T_inlib,G001,Zin50,B,0,G001,"M=20,20,20,20,|T=0,0,0,0,|B=none",1,1,1,0,0,211100008,311100008,1.01151445398556,1.01574116969389,0,1,0,0,1,3,3,136,137,0.040178,G001,G002,1,0.912987735487636,G002,252.962733868211,0.912987735487636,252.962733868211,252.049746132723,G001,1,1.2407217133685,1.20711206757417,0,0,REJECTED,fit_quality_gate,0,0
T_inlib_G001_008,T_inlib,G001,Zin50,C,5,G001,"M=20,20,20,20,|T=0,0,0,0,|B=none",1,1,1,0,0,211100008,311100008,1.01151445398556,1.01574116969389,0,1,0,0,1,5,8,360,361,0.108271,G001,MIRROR_M3,1,0.912987735487636,MIRROR_M3,227.61822731068,0.912987735487636,227.61822731068,226.705239575192,G001,1,1.2407217133685,1.20711206757417,0,1,REJECTED,fit_quality_gate,0,0
T_inlib_G001_009,T_inlib,G001,Zin50,B,0,G001,"M=20,20,20,20,|T=0,0,0,0,|B=none",1,1,1,0,0,211100009,311100009,0.998768836482004,0.848139127578722,0,1,0,0,1,3,3,138,139,0.040143,G001,G002,1,0.983828828148349,G002,256.185408282618,0.983828828148349,256.185408282618,255.201579454469,G001,1,0.98440858137218,1.20711206757417,1,0,UNIQUE_CONFIDENT,single_candidate_with_margin,1,0
T_inlib_G001_009,T_inlib,G001,Zin50,C,5,G001,"M=20,20,20,20,|T=0,0,0,0,|B=none",1,1,1,0,0,211100009,311100009,0.998768836482004,0.848139127578722,0,1,0,0,1,5,8,366,367,0.109894,G001,MIRROR_M3,1,0.983828828148349,MIRROR_M3,232.134574265353,0.983828828148349,232.134574265353,231.150745437204,G001,1,0.98440858137218,1.20711206757417,1,1,LOW_CONFIDENCE,search_budget_truncated,0,0
T_inlib_G001_010,T_inlib,G001,Zin50,B,0,G001,"M=20,20,20,20,|T=0,0,0,0,|B=none",1,1,1,0,0,211100010,311100010,0.994508713389179,0.823288415099976,0,1,0,0,1,3,3,136,137,0.040066,G001,G002,1,0.977678233594595,G002,256.318397454794,0.977678233594595,256.318397454794,255.340719221199,G001,1,1.12730695155032,1.20711206757417,1,0,UNIQUE_CONFIDENT,single_candidate_with_margin,1,0
T_inlib_G001_010,T_inlib,G001,Zin50,C,5,G001,"M=20,20,20,20,|T=0,0,0,0,|B=none",1,1,1,0,0,211100010,311100010,0.994508713389179,0.823288415099976,0,1,0,0,1,5,8,360,361,0.109793,G001,MIRROR_M3,1,0.977678233594595,MIRROR_M3,234.273992068928,0.977678233594595,234.273992068928,233.296313835334,G001,1,1.12730695155032,1.20711206757417,1,1,LOW_CONFIDENCE,search_budget_truncated,0,0
T_inlib_G001_011,T_inlib,G001,Zin50,B,0,G001,"M=20,20,20,20,|T=0,0,0,0,|B=none",1,1,1,0,0,211100011,311100011,0.98115676378414,1.06656809392733,0,1,0,0,1,3,3,138,139,0.040351,G001,G002,1,0.964324166700208,G002,256.788537002904,0.964324166700208,256.788537002904,255.824212836204,G001,1,1.03181460811886,1.20711206757417,1,0,UNIQUE_CONFIDENT,single_candidate_with_margin,1,0
T_inlib_G001_011,T_inlib,G001,Zin50,C,5,G001,"M=20,20,20,20,|T=0,0,0,0,|B=none",1,1,1,0,0,211100011,311100011,0.98115676378414,1.06656809392733,0,1,0,0,1,5,8,364,365,0.10841,G001,MIRROR_M3,1,0.964324166700208,MIRROR_M3,244.811432919438,0.964324166700208,244.811432919438,243.847108752738,G001,1,1.03181460811886,1.20711206757417,1,1,LOW_CONFIDENCE,search_budget_truncated,0,0
T_inlib_G001_012,T_inlib,G001,Zin50,B,0,G001,"M=20,20,20,20,|T=0,0,0,0,|B=none",1,1,1,0,0,211100012,311100012,1.01224739004301,0.954024267764673,0,1,0,0,1,3,3,136,137,0.03951,G001,G002,1,0.912063048459547,G002,252.947054764326,0.912063048459547,252.947054764326,252.034991715866,G001,1,1.03737973725121,1.20711206757417,1,0,UNIQUE_CONFIDENT,single_candidate_with_margin,1,0
T_inlib_G001_012,T_inlib,G001,Zin50,C,5,G001,"M=20,20,20,20,|T=0,0,0,0,|B=none",1,1,1,0,0,211100012,311100012,1.01224739004301,0.954024267764673,0,1,0,0,1,5,8,362,363,0.110064,G001,MIRROR_M3,1,0.912063048459547,MIRROR_M3,227.248434906192,0.912063048459547,227.248434906192,226.336371857733,G001,1,1.03737973725121,1.20711206757417,1,1,LOW_CONFIDENCE,search_budget_truncated,0,0
T_inlib_G001_013,T_inlib,G001,Zin50,B,0,G001,"M=20,20,20,20,|T=0,0,0,0,|B=none",1,1,1,0,0,211100013,311100013,1.01827350156317,1.12766695918233,0,1,0,0,1,3,3,136,137,0.040214,G001,G002,1,0.97439675619015,G002,252.145847288136,0.97439675619015,252.145847288136,251.171450531946,G001,1,0.825555648728988,1.20711206757417,1,0,UNIQUE_CONFIDENT,single_candidate_with_margin,1,0
T_inlib_G001_013,T_inlib,G001,Zin50,C,5,G001,"M=20,20,20,20,|T=0,0,0,0,|B=none",1,1,1,0,0,211100013,311100013,1.01827350156317,1.12766695918233,0,1,0,0,1,5,8,362,363,0.108355,G001,MIRROR_M3,1,0.97439675619015,MIRROR_M3,222.989879618666,0.97439675619015,222.989879618666,222.015482862476,G001,1,0.825555648728988,1.20711206757417,1,1,LOW_CONFIDENCE,search_budget_truncated,0,0
T_inlib_G001_014,T_inlib,G001,Zin50,B,0,G001,"M=20,20,20,20,|T=0,0,0,0,|B=none",1,1,1,0,0,211100014,311100014,0.992879546426457,0.810697832483884,0,1,0,0,1,3,3,136,137,0.039911,G001,G002,1,0.846458421984363,G002,256.418668739727,0.846458421984363,256.418668739727,255.572210317743,G001,1,1.05845210402295,1.20711206757417,1,0,UNIQUE_CONFIDENT,single_candidate_with_margin,1,0
T_inlib_G001_014,T_inlib,G001,Zin50,C,5,G001,"M=20,20,20,20,|T=0,0,0,0,|B=none",1,1,1,0,0,211100014,311100014,0.992879546426457,0.810697832483884,0,1,0,0,1,5,8,360,361,0.108827,G001,MIRROR_M3,1,0.846458421984363,MIRROR_M3,235.56784007124,0.846458421984363,235.56784007124,234.721381649256,G001,1,1.05845210402295,1.20711206757417,1,1,LOW_CONFIDENCE,search_budget_truncated,0,0
T_inlib_G001_015,T_inlib,G001,Zin50,B,0,G001,"M=20,20,20,20,|T=0,0,0,0,|B=none",1,1,1,0,0,211100015,311100015,1.01102016489543,0.831480146802876,0,1,0,0,1,3,3,138,139,0.040367,G001,G002,1,0.97799282166945,G002,252.907634447713,0.97799282166945,252.907634447713,251.929641626043,G001,1,1.18005322095797,1.20711206757417,1,0,UNIQUE_CONFIDENT,single_candidate_with_margin,1,0
T_inlib_G001_015,T_inlib,G001,Zin50,C,5,G001,"M=20,20,20,20,|T=0,0,0,0,|B=none",1,1,1,0,0,211100015,311100015,1.01102016489543,0.831480146802876,0,1,0,0,1,5,8,366,367,0.107419,G001,MIRROR_M3,1,0.97799282166945,MIRROR_M3,227.633132879317,0.97799282166945,227.633132879317,226.655140057647,G001,1,1.18005322095797,1.20711206757417,1,1,LOW_CONFIDENCE,search_budget_truncated,0,0
T_inlib_G001_016,T_inlib,G001,Zin50,B,0,G001,"M=20,20,20,20,|T=0,0,0,0,|B=none",1,1,1,0,0,211100016,311100016,0.980539687162597,0.936372355997619,0,1,0,0,1,3,3,134,135,0.040198,G001,G002,1,0.999679410867378,G002,257.064414630346,0.999679410867378,257.064414630346,256.064735219479,G001,1,0.944281102592969,1.20711206757417,1,0,UNIQUE_CONFIDENT,single_candidate_with_margin,1,0
T_inlib_G001_016,T_inlib,G001,Zin50,C,5,G001,"M=20,20,20,20,|T=0,0,0,0,|B=none",1,1,1,0,0,211100016,311100016,0.980539687162597,0.936372355997619,0,1,0,0,1,5,8,356,357,0.107409,G001,MIRROR_M3,1,0.999679410867378,MIRROR_M3,245.410211458009,0.999679410867378,245.410211458009,244.410532047142,G001,1,0.944281102592969,1.20711206757417,1,1,LOW_CONFIDENCE,search_budget_truncated,0,0
T_inlib_G001_017,T_inlib,G001,Zin50,B,0,G001,"M=20,20,20,20,|T=0,0,0,0,|B=none",1,1,1,0,0,211100017,311100017,1.00501125191144,0.903677471384804,0,1,0,0,1,3,3,134,135,0.03929,G001,G002,1,1.02381108278603,G002,254.758370252229,1.02381108278603,254.758370252229,253.734559169443,G001,1,1.00319460501712,1.20711206757417,1,0,UNIQUE_CONFIDENT,single_candidate_with_margin,1,0
T_inlib_G001_017,T_inlib,G001,Zin50,C,5,G001,"M=20,20,20,20,|T=0,0,0,0,|B=none",1,1,1,0,0,211100017,311100017,1.00501125191144,0.903677471384804,0,1,0,0,1,5,8,358,359,0.106515,G001,MIRROR_M3,1,1.02381108278603,MIRROR_M3,229.972065413521,1.02381108278603,229.972065413521,228.948254330735,G001,1,1.00319460501712,1.20711206757417,1,1,LOW_CONFIDENCE,search_budget_truncated,0,0
T_inlib_G001_018,T_inlib,G001,Zin50,B,0,G001,"M=20,20,20,20,|T=0,0,0,0,|B=none",1,1,1,0,0,211100018,311100018,1.01787463165805,1.16619517854142,0,1,0,0,1,3,3,136,137,0.039155,G001,G002,1,0.958311178056278,G002,252.441672239044,0.958311178056278,252.441672239044,251.483361060988,G001,1,0.968462365946232,1.20711206757417,1,0,UNIQUE_CONFIDENT,single_candidate_with_margin,1,0
T_inlib_G001_018,T_inlib,G001,Zin50,C,5,G001,"M=20,20,20,20,|T=0,0,0,0,|B=none",1,1,1,0,0,211100018,311100018,1.01787463165805,1.16619517854142,0,1,0,0,1,5,8,362,363,0.107042,G001,MIRROR_M3,1,0.958311178056278,MIRROR_M3,223.501075552494,0.958311178056278,223.501075552494,222.542764374438,G001,1,0.968462365946232,1.20711206757417,1,1,LOW_CONFIDENCE,search_budget_truncated,0,0
T_inlib_G001_019,T_inlib,G001,Zin50,B,0,G001,"M=20,20,20,20,|T=0,0,0,0,|B=none",1,1,1,0,0,211100019,311100019,1.01659425783645,0.891704779136126,0,1,0,0,1,3,3,134,135,0.038678,G001,G002,1,1.02757731657128,G002,252.427167146052,1.02757731657128,252.427167146052,251.399589829481,G001,1,1.06968299880736,1.20711206757417,1,0,UNIQUE_CONFIDENT,single_candidate_with_margin,1,0
T_inlib_G001_019,T_inlib,G001,Zin50,C,5,G001,"M=20,20,20,20,|T=0,0,0,0,|B=none",1,1,1,0,0,211100019,311100019,1.01659425783645,0.891704779136126,0,1,0,0,1,5,8,356,357,0.106013,G001,MIRROR_M3,1,1.02757731657128,MIRROR_M3,224.436849152661,1.02757731657128,224.436849152661,223.409271836089,G001,1,1.06968299880736,1.20711206757417,1,1,LOW_CONFIDENCE,search_budget_truncated,0,0
T_inlib_G001_020,T_inlib,G001,Zin50,B,0,G001,"M=20,20,20,20,|T=0,0,0,0,|B=none",1,1,1,0,0,211100020,311100020,1.00447825221441,0.90774391601705,0,1,0,0,1,3,3,134,135,0.039017,G001,G002,1,0.983583469324389,G002,255.005047554564,0.983583469324389,255.005047554564,254.02146408524,G001,1,1.01712899911069,1.20711206757417,1,0,UNIQUE_CONFIDENT,single_candidate_with_margin,1,0
T_inlib_G001_020,T_inlib,G001,Zin50,C,5,G001,"M=20,20,20,20,|T=0,0,0,0,|B=none",1,1,1,0,0,211100020,311100020,1.00447825221441,0.90774391601705,0,1,0,0,1,5,8,358,359,0.108707,G001,MIRROR_M3,1,0.983583469324389,MIRROR_M3,230.157163794968,0.983583469324389,230.157163794968,229.173580325643,G001,1,1.01712899911069,1.20711206757417,1,1,LOW_CONFIDENCE,search_budget_truncated,0,0
T_inlib_G002_001,T_inlib,G002,Zin50,B,0,G002,"M=20,20,20,20,|T=0,0,0,0,|B=2,15,1,50;",1,1,1,0,0,211400001,311400001,0.982942271130011,1.08141065748981,0,1,0,0,1,3,3,145,146,0.043434,G002,G001,1,0.962434444996,G001,262.01061149622,0.962434444996,262.01061149622,261.048177051224,G002,1,0.97462963980961,1.20711206757417,1,0,UNIQUE_CONFIDENT,single_candidate_with_margin,1,0
T_inlib_G002_001,T_inlib,G002,Zin50,C,5,G002,"M=20,20,20,20,|T=0,0,0,0,|B=2,15,1,50;",1,1,1,0,0,211400001,311400001,0.982942271130011,1.08141065748981,0,1,0,0,1,5,8,363,364,0.110679,G002,ADD_M2_M3,1,0.962434444996,ADD_M2_M3,94.6039604654048,0.962434444996,94.6039604654048,93.6415260204088,G002,1,0.97462963980961,1.20711206757417,1,1,LOW_CONFIDENCE,search_budget_truncated,0,0
T_inlib_G002_002,T_inlib,G002,Zin50,B,0,G002,"M=20,20,20,20,|T=0,0,0,0,|B=2,15,1,50;",1,1,1,0,0,211400002,311400002,1.00972660960375,1.14844229199326,0,1,0,0,1,3,3,146,147,0.043071,G002,G001,1,0.972760147521188,G001,254.56728998337,0.972760147521188,254.56728998337,253.594529835849,G002,1,0.819479204550994,1.20711206757417,1,0,UNIQUE_CONFIDENT,single_candidate_with_margin,1,0
T_inlib_G002_002,T_inlib,G002,Zin50,C,5,G002,"M=20,20,20,20,|T=0,0,0,0,|B=2,15,1,50;",1,1,1,0,0,211400002,311400002,1.00972660960375,1.14844229199326,0,1,0,0,1,5,8,363,364,0.108224,G002,ADD_M2_M3,1,0.972760147521188,ADD_M2_M3,89.7472917037101,0.972760147521188,89.7472917037101,88.7745315561889,G002,1,0.819479204550994,1.20711206757417,1,1,LOW_CONFIDENCE,search_budget_truncated,0,0
T_inlib_G002_003,T_inlib,G002,Zin50,B,0,G002,"M=20,20,20,20,|T=0,0,0,0,|B=2,15,1,50;",1,1,1,0,0,211400003,311400003,0.988413477265969,1.17353453921573,0,1,0,0,1,3,3,144,145,0.042369,G002,G001,1,0.977267132287437,G001,257.393005620188,0.977267132287437,257.393005620188,256.415738487901,G002,1,0.964210300031331,1.20711206757417,1,0,UNIQUE_CONFIDENT,single_candidate_with_margin,1,0
T_inlib_G002_003,T_inlib,G002,Zin50,C,5,G002,"M=20,20,20,20,|T=0,0,0,0,|B=2,15,1,50;",1,1,1,0,0,211400003,311400003,0.988413477265969,1.17353453921573,0,1,0,0,1,5,8,361,362,0.107201,G002,ADD_M2_M3,1,0.977267132287437,ADD_M2_M3,93.4385861849152,0.977267132287437,93.4385861849152,92.4613190526278,G002,1,0.964210300031331,1.20711206757417,1,1,LOW_CONFIDENCE,search_budget_truncated,0,0
T_inlib_G002_004,T_inlib,G002,Zin50,B,0,G002,"M=20,20,20,20,|T=0,0,0,0,|B=2,15,1,50;",1,1,1,0,0,211400004,311400004,1.00079973057211,0.908123284924249,0,1,0,0,1,3,3,147,148,0.043639,G002,G001,1,0.97050492440675,G001,267.102408493801,0.97050492440675,267.102408493801,266.131903569394,G002,1,0.749573513131427,1.20711206757417,1,0,UNIQUE_CONFIDENT,single_candidate_with_margin,1,0
T_inlib_G002_004,T_inlib,G002,Zin50,C,5,G002,"M=20,20,20,20,|T=0,0,0,0,|B=2,15,1,50;",1,1,1,0,0,211400004,311400004,1.00079973057211,0.908123284924249,0,1,0,0,1,5,8,363,364,0.109738,G002,ADD_M2_M3,1,0.97050492440675,ADD_M2_M3,100.62917090282,0.97050492440675,100.62917090282,99.6586659784135,G002,1,0.749573513131427,1.20711206757417,1,1,LOW_CONFIDENCE,search_budget_truncated,0,0
T_inlib_G002_005,T_inlib,G002,Zin50,B,0,G002,"M=20,20,20,20,|T=0,0,0,0,|B=2,15,1,50;",1,1,1,0,0,211400005,311400005,1.00707383833492,0.837680085463745,0,1,0,0,1,3,3,144,145,0.042291,G002,G001,1,0.945267519540116,G001,267.697491537782,0.945267519540116,267.697491537782,266.752224018242,G002,1,1.0533167748764,1.20711206757417,1,0,UNIQUE_CONFIDENT,single_candidate_with_margin,1,0
T_inlib_G002_005,T_inlib,G002,Zin50,C,5,G002,"M=20,20,20,20,|T=0,0,0,0,|B=2,15,1,50;",1,1,1,0,0,211400005,311400005,1.00707383833492,0.837680085463745,0,1,0,0,1,5,8,378,379,0.113531,G002,ADD_M2_M3,1,0.945267519540116,ADD_M2_M3,100.166836870187,0.945267519540116,100.166836870187,99.2215693506464,G002,1,1.0533167748764,1.20711206757417,1,1,LOW_CONFIDENCE,search_budget_truncated,0,0
T_inlib_G002_006,T_inlib,G002,Zin50,B,0,G002,"M=20,20,20,20,|T=0,0,0,0,|B=2,15,1,50;",1,1,1,0,0,211400006,311400006,1.01040602283666,1.01572142031686,0,1,0,0,1,3,3,149,150,0.043029,G002,G001,1,1.01523835502677,G001,259.472009767916,1.01523835502677,259.472009767916,258.45677141289,G002,1,0.950181081876085,1.20711206757417,1,0,UNIQUE_CONFIDENT,single_candidate_with_margin,1,0
T_inlib_G002_006,T_inlib,G002,Zin50,C,5,G002,"M=20,20,20,20,|T=0,0,0,0,|B=2,15,1,50;",1,1,1,0,0,211400006,311400006,1.01040602283666,1.01572142031686,0,1,0,0,1,5,8,371,372,0.110421,G002,ADD_M2_M3,1,1.01523835502677,ADD_M2_M3,92.7558189030337,1.01523835502677,92.7558189030337,91.7405805480069,G002,1,0.950181081876085,1.20711206757417,1,1,LOW_CONFIDENCE,search_budget_truncated,0,0
T_inlib_G002_007,T_inlib,G002,Zin50,B,0,G002,"M=20,20,20,20,|T=0,0,0,0,|B=2,15,1,50;",1,1,1,0,0,211400007,311400007,1.01005113211621,0.826407347442136,0,1,0,0,1,3,3,148,149,0.044068,G002,G001,1,1.07597308115574,G001,267.217522970716,1.07597308115574,267.217522970716,266.14154988956,G002,1,1.00842303557714,1.20711206757417,1,0,UNIQUE_CONFIDENT,single_candidate_with_margin,1,0
T_inlib_G002_007,T_inlib,G002,Zin50,C,5,G002,"M=20,20,20,20,|T=0,0,0,0,|B=2,15,1,50;",1,1,1,0,0,211400007,311400007,1.01005113211621,0.826407347442136,0,1,0,0,1,5,8,390,391,0.119159,G002,ADD_M2_M3,1,1.07597308115574,ADD_M2_M3,98.8767306014134,1.07597308115574,98.8767306014134,97.8007575202577,G002,1,1.00842303557714,1.20711206757417,1,1,LOW_CONFIDENCE,search_budget_truncated,0,0
T_inlib_G002_008,T_inlib,G002,Zin50,B,0,G002,"M=20,20,20,20,|T=0,0,0,0,|B=2,15,1,50;",1,1,1,0,0,211400008,311400008,1.00013829395491,1.11151193799706,0,1,0,0,1,3,3,145,146,0.041259,G002,G001,1,1.03769864997635,G001,258.932911407766,1.03769864997635,258.932911407766,257.89521275779,G002,1,1.01344935713859,1.20711206757417,1,0,UNIQUE_CONFIDENT,single_candidate_with_margin,1,0
T_inlib_G002_008,T_inlib,G002,Zin50,C,5,G002,"M=20,20,20,20,|T=0,0,0,0,|B=2,15,1,50;",1,1,1,0,0,211400008,311400008,1.00013829395491,1.11151193799706,0,1,0,0,1,5,8,361,362,0.105137,G002,ADD_M2_M3,1,1.03769864997635,ADD_M2_M3,94.1842706664441,1.03769864997635,94.1842706664441,93.1465720164678,G002,1,1.01344935713859,1.20711206757417,1,1,LOW_CONFIDENCE,search_budget_truncated,0,0
T_inlib_G002_009,T_inlib,G002,Zin50,B,0,G002,"M=20,20,20,20,|T=0,0,0,0,|B=2,15,1,50;",1,1,1,0,0,211400009,311400009,1.01483644372167,0.809298088810732,0,1,0,0,1,3,3,148,149,0.042153,G002,G001,1,0.92526865951911,G001,267.801778554997,0.92526865951911,267.801778554997,266.876509895478,G002,1,1.18763486826585,1.20711206757417,1,0,UNIQUE_CONFIDENT,single_candidate_with_margin,1,0
T_inlib_G002_009,T_inlib,G002,Zin50,C,5,G002,"M=20,20,20,20,|T=0,0,0,0,|B=2,15,1,50;",1,1,1,0,0,211400009,311400009,1.01483644372167,0.809298088810732,0,1,0,0,1,5,8,386,387,0.113672,G002,ADD_M2_M3,1,0.92526865951911,ADD_M2_M3,96.6609648196191,0.92526865951911,96.6609648196191,95.7356961601,G002,1,1.18763486826585,1.20711206757417,1,1,LOW_CONFIDENCE,search_budget_truncated,0,0
T_inlib_G002_010,T_inlib,G002,Zin50,B,0,G002,"M=20,20,20,20,|T=0,0,0,0,|B=2,15,1,50;",1,1,1,0,0,211400010,311400010,1.00138552505049,1.14792408319694,0,1,0,0,1,3,3,146,147,0.04199,G002,G001,1,1.11675028069728,G001,257.168827694698,1.11675028069728,257.168827694698,256.052077414001,G002,1,1.19418956402417,1.20711206757417,1,0,UNIQUE_CONFIDENT,single_candidate_with_margin,1,0
T_inlib_G002_010,T_inlib,G002,Zin50,C,5,G002,"M=20,20,20,20,|T=0,0,0,0,|B=2,15,1,50;",1,1,1,0,0,211400010,311400010,1.00138552505049,1.14792408319694,0,1,0,0,1,5,8,363,364,0.10632,G002,ADD_M2_M3,1,1.11675028069728,ADD_M2_M3,92.723772818799,1.11675028069728,92.723772818799,91.6070225381017,G002,1,1.19418956402417,1.20711206757417,1,1,LOW_CONFIDENCE,search_budget_truncated,0,0
T_inlib_G002_011,T_inlib,G002,Zin50,B,0,G002,"M=20,20,20,20,|T=0,0,0,0,|B=2,15,1,50;",1,1,1,0,0,211400011,311400011,0.99955395780327,1.19521923824093,0,1,0,0,1,3,3,148,149,0.042454,G002,G001,1,0.944219934375454,G001,256.052635446117,0.944219934375454,256.052635446117,255.108415511741,G002,1,1.14278961064193,1.20711206757417,1,0,UNIQUE_CONFIDENT,single_candidate_with_margin,1,0
T_inlib_G002_011,T_inlib,G002,Zin50,C,5,G002,"M=20,20,20,20,|T=0,0,0,0,|B=2,15,1,50;",1,1,1,0,0,211400011,311400011,0.99955395780327,1.19521923824093,0,1,0,0,1,5,8,367,368,0.106433,G002,ADD_M2_M3,1,0.944219934375454,ADD_M2_M3,91.9963900572312,0.944219934375454,91.9963900572312,91.0521701228557,G002,1,1.14278961064193,1.20711206757417,1,1,LOW_CONFIDENCE,search_budget_truncated,0,0
T_inlib_G002_012,T_inlib,G002,Zin50,B,0,G002,"M=20,20,20,20,|T=0,0,0,0,|B=2,15,1,50;",1,1,1,0,0,211400012,311400012,1.01301217010732,1.04610265694345,0,1,0,0,1,3,3,145,146,0.04308,G002,G001,1,0.967934601884624,G001,257.782568824306,0.967934601884624,257.782568824306,256.814634222421,G002,1,1.01398091605315,1.20711206757417,1,0,UNIQUE_CONFIDENT,single_candidate_with_margin,1,0
T_inlib_G002_012,T_inlib,G002,Zin50,C,5,G002,"M=20,20,20,20,|T=0,0,0,0,|B=2,15,1,50;",1,1,1,0,0,211400012,311400012,1.01301217010732,1.04610265694345,0,1,0,0,1,5,8,361,362,0.108495,G002,ADD_M2_M3,1,0.967934601884624,ADD_M2_M3,90.6028481113088,0.967934601884624,90.6028481113088,89.6349135094242,G002,1,1.01398091605315,1.20711206757417,1,1,LOW_CONFIDENCE,search_budget_truncated,0,0
T_inlib_G002_013,T_inlib,G002,Zin50,B,0,G002,"M=20,20,20,20,|T=0,0,0,0,|B=2,15,1,50;",1,1,1,0,0,211400013,311400013,0.981335286464749,1.17617200237125,0,1,0,0,1,3,3,142,143,0.041566,G002,G001,1,0.930333851994816,G001,258.096937394569,0.930333851994816,258.096937394569,257.166603542574,G002,1,1.0628346740308,1.20711206757417,1,0,UNIQUE_CONFIDENT,single_candidate_with_margin,1,0
T_inlib_G002_013,T_inlib,G002,Zin50,C,5,G002,"M=20,20,20,20,|T=0,0,0,0,|B=2,15,1,50;",1,1,1,0,0,211400013,311400013,0.981335286464749,1.17617200237125,0,1,0,0,1,5,8,353,354,0.103942,G002,ADD_M2_M3,1,0.930333851994816,ADD_M2_M3,91.6415819805184,0.930333851994816,91.6415819805184,90.7112481285236,G002,1,1.0628346740308,1.20711206757417,1,1,LOW_CONFIDENCE,search_budget_truncated,0,0
T_inlib_G002_014,T_inlib,G002,Zin50,B,0,G002,"M=20,20,20,20,|T=0,0,0,0,|B=2,15,1,50;",1,1,1,0,0,211400014,311400014,0.996033276616239,0.837032620711407,0,1,0,0,1,3,3,146,147,0.04433,G002,G001,1,0.909005826211059,G001,272.187070210223,0.909005826211059,272.187070210223,271.278064384012,G002,1,1.06867077191169,1.20711206757417,1,0,UNIQUE_CONFIDENT,single_candidate_with_margin,1,0
T_inlib_G002_014,T_inlib,G002,Zin50,C,5,G002,"M=20,20,20,20,|T=0,0,0,0,|B=2,15,1,50;",1,1,1,0,0,211400014,311400014,0.996033276616239,0.837032620711407,0,1,0,0,1,5,8,367,368,0.106245,G002,ADD_M2_M3,1,0.909005826211059,ADD_M2_M3,104.664182078426,0.909005826211059,104.664182078426,103.755176252215,G002,1,1.06867077191169,1.20711206757417,1,1,LOW_CONFIDENCE,search_budget_truncated,0,0
T_inlib_G002_015,T_inlib,G002,Zin50,B,0,G002,"M=20,20,20,20,|T=0,0,0,0,|B=2,15,1,50;",1,1,1,0,0,211400015,311400015,0.982709792316038,0.985349064893359,0,1,0,0,1,3,3,145,146,0.041638,G002,G001,1,1.18243062840115,G001,266.628169416325,1.18243062840115,266.628169416325,265.445738787923,G002,1,1.10318436310298,1.20711206757417,1,0,UNIQUE_CONFIDENT,single_candidate_with_margin,1,0
T_inlib_G002_015,T_inlib,G002,Zin50,C,5,G002,"M=20,20,20,20,|T=0,0,0,0,|B=2,15,1,50;",1,1,1,0,0,211400015,311400015,0.982709792316038,0.985349064893359,0,1,0,0,1,5,8,359,360,0.104914,G002,ADD_M2_M3,1,1.18243062840115,ADD_M2_M3,97.539039420674,1.18243062840115,97.539039420674,96.3566087922728,G002,1,1.10318436310298,1.20711206757417,1,1,LOW_CONFIDENCE,search_budget_truncated,0,0
T_inlib_G002_016,T_inlib,G002,Zin50,B,0,G002,"M=20,20,20,20,|T=0,0,0,0,|B=2,15,1,50;",1,1,1,0,0,211400016,311400016,1.00786080389983,1.11873759986713,0,1,0,0,1,3,3,143,144,0.041584,G002,G001,1,1.04444074340665,G001,256.083175913415,1.04444074340665,256.083175913415,255.038735170009,G002,1,0.847762943766192,1.20711206757417,1,0,UNIQUE_CONFIDENT,single_candidate_with_margin,1,0
T_inlib_G002_016,T_inlib,G002,Zin50,C,5,G002,"M=20,20,20,20,|T=0,0,0,0,|B=2,15,1,50;",1,1,1,0,0,211400016,311400016,1.00786080389983,1.11873759986713,0,1,0,0,1,5,8,357,358,0.106118,G002,ADD_M2_M3,1,1.04444074340665,ADD_M2_M3,91.3317987489206,1.04444074340665,91.3317987489206,90.2873580055139,G002,1,0.847762943766192,1.20711206757417,1,1,LOW_CONFIDENCE,search_budget_truncated,0,0
T_inlib_G002_017,T_inlib,G002,Zin50,B,0,G002,"M=20,20,20,20,|T=0,0,0,0,|B=2,15,1,50;",1,1,1,0,0,211400017,311400017,1.01113198483151,1.04869804479663,0,1,0,0,1,3,3,146,147,0.04252,G002,G001,1,1.0849975370639,G001,258.138172411743,1.0849975370639,258.138172411743,257.053174874679,G002,1,0.957048905124846,1.20711206757417,1,0,UNIQUE_CONFIDENT,single_candidate_with_margin,1,0
T_inlib_G002_017,T_inlib,G002,Zin50,C,5,G002,"M=20,20,20,20,|T=0,0,0,0,|B=2,15,1,50;",1,1,1,0,0,211400017,311400017,1.01113198483151,1.04869804479663,0,1,0,0,1,5,8,367,368,0.107845,G002,ADD_M2_M3,1,1.0849975370639,ADD_M2_M3,91.5221094632879,1.0849975370639,91.5221094632879,90.437111926224,G002,1,0.957048905124846,1.20711206757417,1,1,LOW_CONFIDENCE,search_budget_truncated,0,0
T_inlib_G002_018,T_inlib,G002,Zin50,B,0,G002,"M=20,20,20,20,|T=0,0,0,0,|B=2,15,1,50;",1,1,1,0,0,211400018,311400018,1.00341908887851,0.863129132431272,0,1,0,0,1,3,3,146,147,0.041452,G002,G001,1,0.955873726696945,G001,267.710986278028,0.955873726696945,267.710986278028,266.755112551331,G002,1,1.12527841547104,1.20711206757417,1,0,UNIQUE_CONFIDENT,single_candidate_with_margin,1,0
T_inlib_G002_018,T_inlib,G002,Zin50,C,5,G002,"M=20,20,20,20,|T=0,0,0,0,|B=2,15,1,50;",1,1,1,0,0,211400018,311400018,1.00341908887851,0.863129132431272,0,1,0,0,1,5,8,364,365,0.107449,G002,ADD_M2_M3,1,0.955873726696945,ADD_M2_M3,101.293286900504,0.955873726696945,101.293286900504,100.337413173807,G002,1,1.12527841547104,1.20711206757417,1,1,LOW_CONFIDENCE,search_budget_truncated,0,0
T_inlib_G002_019,T_inlib,G002,Zin50,B,0,G002,"M=20,20,20,20,|T=0,0,0,0,|B=2,15,1,50;",1,1,1,0,0,211400019,311400019,1.01630742097361,0.877738043727809,0,1,0,0,1,3,3,147,148,0.043287,G002,G001,1,0.957648524594552,G001,264.817150580295,0.957648524594552,264.817150580295,263.8595020557,G002,1,0.926267728047849,1.20711206757417,1,0,UNIQUE_CONFIDENT,single_candidate_with_margin,1,0
T_inlib_G002_019,T_inlib,G002,Zin50,C,5,G002,"M=20,20,20,20,|T=0,0,0,0,|B=2,15,1,50;",1,1,1,0,0,211400019,311400019,1.01630742097361,0.877738043727809,0,1,0,0,1,5,8,386,387,0.11496,G002,ADD_M2_M3,1,0.957648524594552,ADD_M2_M3,93.2500926818327,0.957648524594552,93.2500926818327,92.2924441572381,G002,1,0.926267728047849,1.20711206757417,1,1,LOW_CONFIDENCE,search_budget_truncated,0,0
T_inlib_G002_020,T_inlib,G002,Zin50,B,0,G002,"M=20,20,20,20,|T=0,0,0,0,|B=2,15,1,50;",1,1,1,0,0,211400020,311400020,0.986258218817417,1.16988645176234,0,1,0,0,1,3,3,142,143,0.041987,G002,G001,1,1.02245998065948,G001,257.385120436728,1.02245998065948,257.385120436728,256.362660456068,G002,1,0.959203530101611,1.20711206757417,1,0,UNIQUE_CONFIDENT,single_candidate_with_margin,1,0
T_inlib_G002_020,T_inlib,G002,Zin50,C,5,G002,"M=20,20,20,20,|T=0,0,0,0,|B=2,15,1,50;",1,1,1,0,0,211400020,311400020,0.986258218817417,1.16988645176234,0,1,0,0,1,5,8,355,356,0.108703,G002,ADD_M2_M3,1,1.02245998065948,ADD_M2_M3,93.2027875784948,1.02245998065948,93.2027875784948,92.1803275978353,G002,1,0.959203530101611,1.20711206757417,1,1,LOW_CONFIDENCE,search_budget_truncated,0,0
T_inlib_G003_001,T_inlib,G003,Zin50,B,0,G003,"M=20,20,20,20,|T=0,0,0,0,|B=1,15,1,50;",1,1,1,0,0,211900001,311900001,0.996444568375341,1.01241927361008,0,1,0,0,1,3,3,141,142,0.042834,G003,G001,1,0.824989022398775,G001,295.256877946538,0.824989022398775,295.256877946538,294.43188892414,G003,1,1.14114025632885,1.20711206757417,1,0,UNIQUE_CONFIDENT,single_candidate_with_margin,1,0
T_inlib_G003_001,T_inlib,G003,Zin50,C,5,G003,"M=20,20,20,20,|T=0,0,0,0,|B=1,15,1,50;",1,1,1,0,0,211900001,311900001,0.996444568375341,1.01241927361008,0,1,0,0,1,5,8,357,358,0.10737,G003,ADD_M1_M3,1,0.824989022398775,ADD_M1_M3,212.960294809181,0.824989022398775,212.960294809181,212.135305786782,G003,1,1.14114025632885,1.20711206757417,1,1,LOW_CONFIDENCE,search_budget_truncated,0,0
T_inlib_G003_002,T_inlib,G003,Zin50,B,0,G003,"M=20,20,20,20,|T=0,0,0,0,|B=1,15,1,50;",1,1,1,0,0,211900002,311900002,1.00146723328963,0.976913746223095,0,1,0,0,1,3,3,145,146,0.041887,G003,G001,1,0.888795742318862,G001,292.722018719796,0.888795742318862,292.722018719796,291.833222977477,G003,1,1.09720863691736,1.20711206757417,1,0,UNIQUE_CONFIDENT,single_candidate_with_margin,1,0
T_inlib_G003_002,T_inlib,G003,Zin50,C,5,G003,"M=20,20,20,20,|T=0,0,0,0,|B=1,15,1,50;",1,1,1,0,0,211900002,311900002,1.00146723328963,0.976913746223095,0,1,0,0,1,5,8,382,383,0.113532,G003,ADD_M1_M3,1,0.888795742318862,ADD_M1_M3,213.394547050928,0.888795742318862,213.394547050928,212.505751308609,G003,1,1.09720863691736,1.20711206757417,1,1,LOW_CONFIDENCE,search_budget_truncated,0,0
T_inlib_G003_003,T_inlib,G003,Zin50,B,0,G003,"M=20,20,20,20,|T=0,0,0,0,|B=1,15,1,50;",1,1,1,0,0,211900003,311900003,1.01826475052545,0.94452927731466,0,1,0,0,1,3,3,119,120,0.034859,G003,G001,1,0.871105844986916,G001,273.446068490917,0.871105844986916,273.446068490917,272.57496264593,G003,1,1.06036711745174,1.20711206757417,1,0,UNIQUE_CONFIDENT,single_candidate_with_margin,1,0
T_inlib_G003_003,T_inlib,G003,Zin50,C,5,G003,"M=20,20,20,20,|T=0,0,0,0,|B=1,15,1,50;",1,1,1,0,0,211900003,311900003,1.01826475052545,0.94452927731466,0,1,0,0,1,5,8,334,335,0.100406,G003,ADD_M1_M3,1,0.871105844986916,ADD_M1_M3,203.49988750985,0.871105844986916,203.49988750985,202.628781664863,G003,1,1.06036711745174,1.20711206757417,1,1,LOW_CONFIDENCE,search_budget_truncated,0,0
T_inlib_G003_004,T_inlib,G003,Zin50,B,0,G003,"M=20,20,20,20,|T=0,0,0,0,|B=1,15,1,50;",1,1,1,0,0,211900004,311900004,1.01315681861748,0.819058241146404,0,1,0,0,1,3,3,121,122,0.034805,G003,G001,1,0.965896820529024,G001,287.734993388001,0.965896820529024,287.734993388001,286.769096567472,G003,1,1.26350841235113,1.20711206757417,0,0,REJECTED,fit_quality_gate,0,0
T_inlib_G003_004,T_inlib,G003,Zin50,C,5,G003,"M=20,20,20,20,|T=0,0,0,0,|B=1,15,1,50;",1,1,1,0,0,211900004,311900004,1.01315681861748,0.819058241146404,0,1,0,0,1,5,8,336,337,0.100749,G003,ADD_M1_M3,1,0.965896820529024,ADD_M1_M3,214.911252271111,0.965896820529024,214.911252271111,213.945355450582,G003,1,1.26350841235113,1.20711206757417,0,1,REJECTED,fit_quality_gate,0,0
T_inlib_G003_005,T_inlib,G003,Zin50,B,0,G003,"M=20,20,20,20,|T=0,0,0,0,|B=1,15,1,50;",1,1,1,0,0,211900005,311900005,0.982320050012495,1.11668564213681,0,1,0,0,1,3,3,146,147,0.041932,G003,G001,1,0.907258058430082,G001,297.656037300131,0.907258058430082,297.656037300131,296.748779241701,G003,1,0.988070286218255,1.20711206757417,1,0,UNIQUE_CONFIDENT,single_candidate_with_margin,1,0
T_inlib_G003_005,T_inlib,G003,Zin50,C,5,G003,"M=20,20,20,20,|T=0,0,0,0,|B=1,15,1,50;",1,1,1,0,0,211900005,311900005,0.982320050012495,1.11668564213681,0,1,0,0,1,5,8,374,375,0.110524,G003,ADD_M1_M3,1,0.907258058430082,ADD_M1_M3,206.980071301602,0.907258058430082,206.980071301602,206.072813243172,G003,1,0.988070286218255,1.20711206757417,1,1,LOW_CONFIDENCE,search_budget_truncated,0,0
T_inlib_G003_006,T_inlib,G003,Zin50,B,0,G003,"M=20,20,20,20,|T=0,0,0,0,|B=1,15,1,50;",1,1,1,0,0,211900006,311900006,1.00132410395884,1.06332583329502,0,1,0,0,1,3,3,145,146,0.041527,G003,G001,1,1.01152373274303,G001,287.168185066303,1.01152373274303,287.168185066303,286.15666133356,G003,1,0.887403566007483,1.20711206757417,1,0,UNIQUE_CONFIDENT,single_candidate_with_margin,1,0
T_inlib_G003_006,T_inlib,G003,Zin50,C,5,G003,"M=20,20,20,20,|T=0,0,0,0,|B=1,15,1,50;",1,1,1,0,0,211900006,311900006,1.00132410395884,1.06332583329502,0,1,0,0,1,5,8,382,383,0.11253,G003,ADD_M1_M3,1,1.01152373274303,ADD_M1_M3,208.126949822128,1.01152373274303,208.126949822128,207.115426089385,G003,1,0.887403566007483,1.20711206757417,1,1,LOW_CONFIDENCE,search_budget_truncated,0,0
T_inlib_G003_007,T_inlib,G003,Zin50,B,0,G003,"M=20,20,20,20,|T=0,0,0,0,|B=1,15,1,50;",1,1,1,0,0,211900007,311900007,0.987124896704994,1.06789152588308,0,1,0,0,1,3,3,147,148,0.042059,G003,G001,1,1.02059993001657,G001,299.146507424701,1.02059993001657,299.146507424701,298.125907494684,G003,1,0.99414960127809,1.20711206757417,1,0,UNIQUE_CONFIDENT,single_candidate_with_margin,1,0
T_inlib_G003_007,T_inlib,G003,Zin50,C,5,G003,"M=20,20,20,20,|T=0,0,0,0,|B=1,15,1,50;",1,1,1,0,0,211900007,311900007,0.987124896704994,1.06789152588308,0,1,0,0,1,5,8,370,371,0.110448,G003,ADD_M1_M3,1,1.02059993001657,ADD_M1_M3,210.350198553538,1.02059993001657,210.350198553538,209.329598623521,G003,1,0.99414960127809,1.20711206757417,1,1,LOW_CONFIDENCE,search_budget_truncated,0,0
T_inlib_G003_008,T_inlib,G003,Zin50,B,0,G003,"M=20,20,20,20,|T=0,0,0,0,|B=1,15,1,50;",1,1,1,0,0,211900008,311900008,1.0109690700107,0.909534399143958,0,1,0,0,1,3,3,121,122,0.034436,G003,G001,1,0.949614335687409,G001,285.829345615161,0.949614335687409,285.829345615161,284.879731279474,G003,1,1.0452076028866,1.20711206757417,1,0,UNIQUE_CONFIDENT,single_candidate_with_margin,1,0
T_inlib_G003_008,T_inlib,G003,Zin50,C,5,G003,"M=20,20,20,20,|T=0,0,0,0,|B=1,15,1,50;",1,1,1,0,0,211900008,311900008,1.0109690700107,0.909534399143958,0,1,0,0,1,5,8,336,337,0.099529,G003,ADD_M1_M3,1,0.949614335687409,ADD_M1_M3,211.389469976608,0.949614335687409,211.389469976608,210.43985564092,G003,1,1.0452076028866,1.20711206757417,1,1,LOW_CONFIDENCE,search_budget_truncated,0,0
T_inlib_G003_009,T_inlib,G003,Zin50,B,0,G003,"M=20,20,20,20,|T=0,0,0,0,|B=1,15,1,50;",1,1,1,0,0,211900009,311900009,1.01335810064386,0.866885576857883,0,1,0,0,1,3,3,122,123,0.035129,G003,G001,1,0.939542653495487,G001,284.549641795913,0.939542653495487,284.549641795913,283.610099142418,G003,1,0.859779968902265,1.20711206757417,1,0,UNIQUE_CONFIDENT,single_candidate_with_margin,1,0
T_inlib_G003_009,T_inlib,G003,Zin50,C,5,G003,"M=20,20,20,20,|T=0,0,0,0,|B=1,15,1,50;",1,1,1,0,0,211900009,311900009,1.01335810064386,0.866885576857883,0,1,0,0,1,5,8,338,339,0.099937,G003,ADD_M1_M3,1,0.939542653495487,ADD_M1_M3,211.930783365216,0.939542653495487,211.930783365216,210.991240711721,G003,1,0.859779968902265,1.20711206757417,1,1,LOW_CONFIDENCE,search_budget_truncated,0,0
T_inlib_G003_010,T_inlib,G003,Zin50,B,0,G003,"M=20,20,20,20,|T=0,0,0,0,|B=1,15,1,50;",1,1,1,0,0,211900010,311900010,1.0077892392433,0.945972439984064,0,1,0,0,1,3,3,145,146,0.041895,G003,G001,1,1.02041005927531,G001,287.579437892985,1.02041005927531,287.579437892985,286.55902783371,G003,1,0.975617416197578,1.20711206757417,1,0,UNIQUE_CONFIDENT,single_candidate_with_margin,1,0
T_inlib_G003_010,T_inlib,G003,Zin50,C,5,G003,"M=20,20,20,20,|T=0,0,0,0,|B=1,15,1,50;",1,1,1,0,0,211900010,311900010,1.0077892392433,0.945972439984064,0,1,0,0,1,5,8,382,383,0.112862,G003,ADD_M1_M3,1,1.02041005927531,ADD_M1_M3,211.583566915638,1.02041005927531,211.583566915638,210.563156856363,G003,1,0.975617416197578,1.20711206757417,1,1,LOW_CONFIDENCE,search_budget_truncated,0,0
T_inlib_G003_011,T_inlib,G003,Zin50,B,0,G003,"M=20,20,20,20,|T=0,0,0,0,|B=1,15,1,50;",1,1,1,0,0,211900011,311900011,0.98137489287187,0.862953058752879,0,1,0,0,1,3,3,152,153,0.043637,G003,G001,1,0.896412282923173,G001,319.05327431077,0.896412282923173,319.05327431077,318.156862027847,G003,1,1.0109482281732,1.20711206757417,1,0,UNIQUE_CONFIDENT,single_candidate_with_margin,1,0
T_inlib_G003_011,T_inlib,G003,Zin50,C,5,G003,"M=20,20,20,20,|T=0,0,0,0,|B=1,15,1,50;",1,1,1,0,0,211900011,311900011,0.98137489287187,0.862953058752879,0,1,0,0,1,5,8,383,384,0.113217,G003,ADD_M1_M3,1,0.896412282923173,ADD_M1_M3,226.262378333764,0.896412282923173,226.262378333764,225.365966050841,G003,1,1.0109482281732,1.20711206757417,1,1,LOW_CONFIDENCE,search_budget_truncated,0,0
T_inlib_G003_012,T_inlib,G003,Zin50,B,0,G003,"M=20,20,20,20,|T=0,0,0,0,|B=1,15,1,50;",1,1,1,0,0,211900012,311900012,1.00851633633424,1.14863459877797,0,1,0,0,1,3,3,118,119,0.034841,G003,G001,1,1.10533736010581,G001,275.449573871713,1.10533736010581,275.449573871713,274.344236511607,G003,1,0.821818170587977,1.20711206757417,1,0,UNIQUE_CONFIDENT,single_candidate_with_margin,1,0
T_inlib_G003_012,T_inlib,G003,Zin50,C,5,G003,"M=20,20,20,20,|T=0,0,0,0,|B=1,15,1,50;",1,1,1,0,0,211900012,311900012,1.00851633633424,1.14863459877797,0,1,0,0,1,5,8,326,327,0.098768,G003,ADD_M1_M3,1,1.10533736010581,ADD_M1_M3,200.507491898912,1.10533736010581,200.507491898912,199.402154538807,G003,1,0.821818170587977,1.20711206757417,1,1,LOW_CONFIDENCE,search_budget_truncated,0,0
T_inlib_G003_013,T_inlib,G003,Zin50,B,0,G003,"M=20,20,20,20,|T=0,0,0,0,|B=1,15,1,50;",1,1,1,0,0,211900013,311900013,0.982263824825956,0.924223237231223,0,1,0,0,1,3,3,149,150,0.042533,G003,G001,1,0.880101989714963,G001,313.023670602413,0.880101989714963,313.023670602413,312.143568612698,G003,1,0.954905486131895,1.20711206757417,1,0,UNIQUE_CONFIDENT,single_candidate_with_margin,1,0
T_inlib_G003_013,T_inlib,G003,Zin50,C,5,G003,"M=20,20,20,20,|T=0,0,0,0,|B=1,15,1,50;",1,1,1,0,0,211900013,311900013,0.982263824825956,0.924223237231223,0,1,0,0,1,5,8,381,382,0.111816,G003,ADD_M1_M3,1,0.880101989714963,ADD_M1_M3,221.057248405344,0.880101989714963,221.057248405344,220.177146415629,G003,1,0.954905486131895,1.20711206757417,1,1,LOW_CONFIDENCE,search_budget_truncated,0,0
T_inlib_G003_014,T_inlib,G003,Zin50,B,0,G003,"M=20,20,20,20,|T=0,0,0,0,|B=1,15,1,50;",1,1,1,0,0,211900014,311900014,1.00520682328109,0.856430674965758,0,1,0,0,1,3,3,144,145,0.04148,G003,G001,1,1.03645398575086,G001,296.592721129327,1.03645398575086,296.592721129327,295.556267143576,G003,1,0.753871442052659,1.20711206757417,1,0,UNIQUE_CONFIDENT,single_candidate_with_margin,1,0
T_inlib_G003_014,T_inlib,G003,Zin50,C,5,G003,"M=20,20,20,20,|T=0,0,0,0,|B=1,15,1,50;",1,1,1,0,0,211900014,311900014,1.00520682328109,0.856430674965758,0,1,0,0,1,5,8,382,383,0.112947,G003,ADD_M1_M3,1,1.03645398575086,ADD_M1_M3,219.322474433125,1.03645398575086,219.322474433125,218.286020447374,G003,1,0.753871442052659,1.20711206757417,1,1,LOW_CONFIDENCE,search_budget_truncated,0,0
T_inlib_G003_015,T_inlib,G003,Zin50,B,0,G003,"M=20,20,20,20,|T=0,0,0,0,|B=1,15,1,50;",1,1,1,0,0,211900015,311900015,1.01726741495775,0.970549356808858,0,1,0,0,1,3,3,117,118,0.034067,G003,G001,1,1.10477225731966,G001,273.742162475403,1.10477225731966,273.742162475403,272.637390218084,G003,1,1.01249775323112,1.20711206757417,1,0,UNIQUE_CONFIDENT,single_candidate_with_margin,1,0
T_inlib_G003_015,T_inlib,G003,Zin50,C,5,G003,"M=20,20,20,20,|T=0,0,0,0,|B=1,15,1,50;",1,1,1,0,0,211900015,311900015,1.01726741495775,0.970549356808858,0,1,0,0,1,5,8,330,331,0.098477,G003,ADD_M1_M3,1,1.10477225731966,ADD_M1_M3,203.251824644969,1.10477225731966,203.251824644969,202.14705238765,G003,1,1.01249775323112,1.20711206757417,1,1,LOW_CONFIDENCE,search_budget_truncated,0,0
T_inlib_G003_016,T_inlib,G003,Zin50,B,0,G003,"M=20,20,20,20,|T=0,0,0,0,|B=1,15,1,50;",1,1,1,0,0,211900016,311900016,0.987213954452901,1.11393642672308,0,1,0,0,1,3,3,145,146,0.042206,G003,G001,1,0.981230132416567,G001,295.981320867592,0.981230132416567,295.981320867592,295.000090735176,G003,1,1.01891668013057,1.20711206757417,1,0,UNIQUE_CONFIDENT,single_candidate_with_margin,1,0
T_inlib_G003_016,T_inlib,G003,Zin50,C,5,G003,"M=20,20,20,20,|T=0,0,0,0,|B=1,15,1,50;",1,1,1,0,0,211900016,311900016,0.987213954452901,1.11393642672308,0,1,0,0,1,5,8,365,366,0.108186,G003,ADD_M1_M3,1,0.981230132416567,ADD_M1_M3,207.298041431928,0.981230132416567,207.298041431928,206.316811299512,G003,1,1.01891668013057,1.20711206757417,1,1,LOW_CONFIDENCE,search_budget_truncated,0,0
T_inlib_G003_017,T_inlib,G003,Zin50,B,0,G003,"M=20,20,20,20,|T=0,0,0,0,|B=1,15,1,50;",1,1,1,0,0,211900017,311900017,0.999614373096596,1.19505328011474,0,1,0,0,1,3,3,145,146,0.041808,G003,G001,1,0.943203859481804,G001,280.572788422827,0.943203859481804,280.572788422827,279.629584563345,G003,1,1.10897218124936,1.20711206757417,1,0,UNIQUE_CONFIDENT,single_candidate_with_margin,1,0
T_inlib_G003_017,T_inlib,G003,Zin50,C,5,G003,"M=20,20,20,20,|T=0,0,0,0,|B=1,15,1,50;",1,1,1,0,0,211900017,311900017,0.999614373096596,1.19505328011474,0,1,0,0,1,5,8,363,364,0.107468,G003,ADD_M1_M3,1,0.943203859481804,ADD_M1_M3,201.653873171769,0.943203859481804,201.653873171769,200.710669312288,G003,1,1.10897218124936,1.20711206757417,1,1,LOW_CONFIDENCE,search_budget_truncated,0,0
T_inlib_G003_018,T_inlib,G003,Zin50,B,0,G003,"M=20,20,20,20,|T=0,0,0,0,|B=1,15,1,50;",1,1,1,0,0,211900018,311900018,0.98712156811959,1.1105330319849,0,1,0,0,1,3,3,147,148,0.04255,G003,G001,1,0.963943660421634,G001,295.956950712137,0.963943660421634,295.956950712137,294.993007051716,G003,1,0.926954789227285,1.20711206757417,1,0,UNIQUE_CONFIDENT,single_candidate_with_margin,1,0
T_inlib_G003_018,T_inlib,G003,Zin50,C,5,G003,"M=20,20,20,20,|T=0,0,0,0,|B=1,15,1,50;",1,1,1,0,0,211900018,311900018,0.98712156811959,1.1105330319849,0,1,0,0,1,5,8,372,373,0.109303,G003,ADD_M1_M3,1,0.963943660421634,ADD_M1_M3,207.367078928075,0.963943660421634,207.367078928075,206.403135267654,G003,1,0.926954789227285,1.20711206757417,1,1,LOW_CONFIDENCE,search_budget_truncated,0,0
T_inlib_G003_019,T_inlib,G003,Zin50,B,0,G003,"M=20,20,20,20,|T=0,0,0,0,|B=1,15,1,50;",1,1,1,0,0,211900019,311900019,0.991574027313442,0.930791779135527,0,1,0,0,1,3,3,147,148,0.042111,G003,G001,1,0.97180790990057,G001,306.547272819803,0.97180790990057,306.547272819803,305.575464909902,G003,1,0.970481983585371,1.20711206757417,1,0,UNIQUE_CONFIDENT,single_candidate_with_margin,1,0
T_inlib_G003_019,T_inlib,G003,Zin50,C,5,G003,"M=20,20,20,20,|T=0,0,0,0,|B=1,15,1,50;",1,1,1,0,0,211900019,311900019,0.991574027313442,0.930791779135527,0,1,0,0,1,5,8,377,378,0.111046,G003,ADD_M1_M3,1,0.97180790990057,ADD_M1_M3,220.22361236432,0.97180790990057,220.22361236432,219.251804454419,G003,1,0.970481983585371,1.20711206757417,1,1,LOW_CONFIDENCE,search_budget_truncated,0,0
T_inlib_G003_020,T_inlib,G003,Zin50,B,0,G003,"M=20,20,20,20,|T=0,0,0,0,|B=1,15,1,50;",1,1,1,0,0,211900020,311900020,1.00400459752034,0.983358907436542,0,1,0,0,1,3,3,143,144,0.041153,G003,G001,1,0.956407281136116,G001,289.422128336175,0.956407281136116,289.422128336175,288.465721055039,G003,1,1.0374940896059,1.20711206757417,1,0,UNIQUE_CONFIDENT,single_candidate_with_margin,1,0
T_inlib_G003_020,T_inlib,G003,Zin50,C,5,G003,"M=20,20,20,20,|T=0,0,0,0,|B=1,15,1,50;",1,1,1,0,0,211900020,311900020,1.00400459752034,0.983358907436542,0,1,0,0,1,5,8,380,381,0.113221,G003,ADD_M1_M3,1,0.956407281136116,ADD_M1_M3,211.469398385365,0.956407281136116,211.469398385365,210.512991104229,G003,1,1.0374940896059,1.20711206757417,1,1,LOW_CONFIDENCE,search_budget_truncated,0,0
T_old_out_MIRROR_M3_001,T_old_out,MIRROR_M3,Zin50,B,0,MIRROR_M3,"M=20,20,20,20,|T=0,0,0,0,|B=3,15,1,50;",0,1,1,1,0,221200001,321200001,1.00406875809291,1.11705939829097,0,0,1,0,0,3,3,140,141,0.041334,G001,G002,0,NaN,G001,232.566333546823,232.566333546823,248.685898582567,16.1195650357441,G001,1,229.237255214164,1.20711206757417,0,0,REJECTED,fit_quality_gate,0,0
T_old_out_MIRROR_M3_001,T_old_out,MIRROR_M3,Zin50,C,5,MIRROR_M3,"M=20,20,20,20,|T=0,0,0,0,|B=3,15,1,50;",0,1,1,1,0,221200001,321200001,1.00406875809291,1.11705939829097,1,1,0,0,1,5,8,349,350,0.103183,MIRROR_M3,G001,1,0.872619846648059,G001,232.566333546823,0.872619846648059,232.566333546823,231.693713700175,MIRROR_M3,1,1.11110960392586,1.20711206757417,1,1,LOW_CONFIDENCE,search_budget_truncated,0,0
T_old_out_MIRROR_M3_002,T_old_out,MIRROR_M3,Zin50,B,0,MIRROR_M3,"M=20,20,20,20,|T=0,0,0,0,|B=3,15,1,50;",0,1,1,1,0,221200002,321200002,0.98763258810792,1.01316828160613,0,0,1,0,0,3,3,138,139,0.040351,G001,G002,0,NaN,G001,211.105503456327,211.105503456327,250.460435224973,39.3549317686463,G001,1,264.067876822276,1.20711206757417,0,0,REJECTED,fit_quality_gate,0,0
T_old_out_MIRROR_M3_002,T_old_out,MIRROR_M3,Zin50,C,5,MIRROR_M3,"M=20,20,20,20,|T=0,0,0,0,|B=3,15,1,50;",0,1,1,1,0,221200002,321200002,0.98763258810792,1.01316828160613,1,1,0,0,1,5,8,347,348,0.105129,MIRROR_M3,G001,1,1.07768067391984,G001,211.105503456327,1.07768067391984,211.105503456327,210.027822782407,MIRROR_M3,1,0.991509544972225,1.20711206757417,1,1,LOW_CONFIDENCE,search_budget_truncated,0,0
T_old_out_MIRROR_M3_003,T_old_out,MIRROR_M3,Zin50,B,0,MIRROR_M3,"M=20,20,20,20,|T=0,0,0,0,|B=3,15,1,50;",0,1,1,1,0,221200003,321200003,1.0011829389597,0.867963270483399,0,0,1,0,0,3,3,136,137,0.039875,G001,G002,0,NaN,G001,224.647524133206,224.647524133206,255.736964030796,31.0894398975896,G001,1,253.038456482076,1.20711206757417,0,0,REJECTED,fit_quality_gate,0,0
T_old_out_MIRROR_M3_003,T_old_out,MIRROR_M3,Zin50,C,5,MIRROR_M3,"M=20,20,20,20,|T=0,0,0,0,|B=3,15,1,50;",0,1,1,1,0,221200003,321200003,1.0011829389597,0.867963270483399,1,1,0,0,1,5,8,344,345,0.105215,MIRROR_M3,G001,1,0.981331129935352,G001,224.647524133206,0.981331129935352,224.647524133206,223.666193003271,MIRROR_M3,1,0.966990437353,1.20711206757417,1,1,LOW_CONFIDENCE,search_budget_truncated,0,0
T_old_out_MIRROR_M3_004,T_old_out,MIRROR_M3,Zin50,B,0,MIRROR_M3,"M=20,20,20,20,|T=0,0,0,0,|B=3,15,1,50;",0,1,1,1,0,221200004,321200004,1.00033902986124,1.15915848771527,0,0,1,0,0,3,3,140,141,0.041098,G001,G002,0,NaN,G001,232.148962311837,232.148962311837,247.386153968402,15.2371916565648,G001,1,225.611932144025,1.20711206757417,0,0,REJECTED,fit_quality_gate,0,0
T_old_out_MIRROR_M3_004,T_old_out,MIRROR_M3,Zin50,C,5,MIRROR_M3,"M=20,20,20,20,|T=0,0,0,0,|B=3,15,1,50;",0,1,1,1,0,221200004,321200004,1.00033902986124,1.15915848771527,1,1,0,0,1,5,8,352,353,0.105862,MIRROR_M3,G001,1,0.939667298500449,G001,232.148962311837,0.939667298500449,232.148962311837,231.209295013336,MIRROR_M3,1,1.05603218205207,1.20711206757417,1,1,LOW_CONFIDENCE,search_budget_truncated,0,0
T_old_out_MIRROR_M3_005,T_old_out,MIRROR_M3,Zin50,B,0,MIRROR_M3,"M=20,20,20,20,|T=0,0,0,0,|B=3,15,1,50;",0,1,1,1,0,221200005,321200005,0.996952672587834,1.15920338877623,0,0,1,0,0,3,3,160,161,0.04609,G001,G002,0,NaN,G001,221.710669769501,221.710669769501,246.908257489031,25.1975877195302,G001,1,259.770415640642,1.20711206757417,0,0,REJECTED,fit_quality_gate,0,0
T_old_out_MIRROR_M3_005,T_old_out,MIRROR_M3,Zin50,C,5,MIRROR_M3,"M=20,20,20,20,|T=0,0,0,0,|B=3,15,1,50;",0,1,1,1,0,221200005,321200005,0.996952672587834,1.15920338877623,1,1,0,0,1,5,8,396,397,0.11989,MIRROR_M3,G001,1,0.971513431916309,G001,221.710669769501,0.971513431916309,221.710669769501,220.739156337585,MIRROR_M3,1,1.09805549138671,1.20711206757417,1,1,LOW_CONFIDENCE,search_budget_truncated,0,0
T_old_out_MIRROR_M3_006,T_old_out,MIRROR_M3,Zin50,B,0,MIRROR_M3,"M=20,20,20,20,|T=0,0,0,0,|B=3,15,1,50;",0,1,1,1,0,221200006,321200006,1.01339618047337,1.166645742881,0,0,1,0,0,3,3,140,141,0.040152,G001,G002,0,NaN,G001,225.141410045726,225.141410045726,244.217876775878,19.0764667301515,G001,1,229.71492643913,1.20711206757417,0,0,REJECTED,fit_quality_gate,0,0
T_old_out_MIRROR_M3_006,T_old_out,MIRROR_M3,Zin50,C,5,MIRROR_M3,"M=20,20,20,20,|T=0,0,0,0,|B=3,15,1,50;",0,1,1,1,0,221200006,321200006,1.01339618047337,1.166645742881,1,1,0,0,1,5,8,352,353,0.105552,MIRROR_M3,G001,1,0.883933172684383,G001,225.141410045726,0.883933172684383,225.141410045726,224.257476873042,MIRROR_M3,1,1.12141067814939,1.20711206757417,1,1,LOW_CONFIDENCE,search_budget_truncated,0,0
T_old_out_MIRROR_M3_007,T_old_out,MIRROR_M3,Zin50,B,0,MIRROR_M3,"M=20,20,20,20,|T=0,0,0,0,|B=3,15,1,50;",0,1,1,1,0,221200007,321200007,1.01585122348028,1.12971814176768,0,0,1,0,0,3,3,140,141,0.04038,G001,G002,0,NaN,G001,224.553654061075,224.553654061075,244.142504673456,19.5888506123816,G001,1,228.966799932499,1.20711206757417,0,0,REJECTED,fit_quality_gate,0,0
T_old_out_MIRROR_M3_007,T_old_out,MIRROR_M3,Zin50,C,5,MIRROR_M3,"M=20,20,20,20,|T=0,0,0,0,|B=3,15,1,50;",0,1,1,1,0,221200007,321200007,1.01585122348028,1.12971814176768,1,1,0,0,1,5,8,350,351,0.103569,MIRROR_M3,G001,1,1.00809558649524,G001,224.553654061075,1.00809558649524,224.553654061075,223.545558474579,MIRROR_M3,1,0.812254166618118,1.20711206757417,1,1,LOW_CONFIDENCE,search_budget_truncated,0,0
T_old_out_MIRROR_M3_008,T_old_out,MIRROR_M3,Zin50,B,0,MIRROR_M3,"M=20,20,20,20,|T=0,0,0,0,|B=3,15,1,50;",0,1,1,1,0,221200008,321200008,0.992652346754893,0.854650098486517,0,0,1,0,0,3,3,138,139,0.040237,G001,G002,0,NaN,G001,215.810817359872,215.810817359872,254.814158703803,39.003341343931,G001,1,257.145311548902,1.20711206757417,0,0,REJECTED,fit_quality_gate,0,0
T_old_out_MIRROR_M3_008,T_old_out,MIRROR_M3,Zin50,C,5,MIRROR_M3,"M=20,20,20,20,|T=0,0,0,0,|B=3,15,1,50;",0,1,1,1,0,221200008,321200008,0.992652346754893,0.854650098486517,1,1,0,0,1,5,8,374,375,0.115287,MIRROR_M3,G001,1,1.05640941876664,G001,215.810817359872,1.05640941876664,215.810817359872,214.754407941105,MIRROR_M3,1,0.856605277810152,1.20711206757417,1,1,LOW_CONFIDENCE,search_budget_truncated,0,0
T_old_out_MIRROR_M3_009,T_old_out,MIRROR_M3,Zin50,B,0,MIRROR_M3,"M=20,20,20,20,|T=0,0,0,0,|B=3,15,1,50;",0,1,1,1,0,221200009,321200009,1.01547198524103,0.862885403973009,0,0,1,0,0,3,3,142,143,0.040694,G001,G002,0,NaN,G001,236.377955549656,236.377955549656,253.605946369736,17.2279908200797,G001,1,238.996266616475,1.20711206757417,0,0,REJECTED,fit_quality_gate,0,0
T_old_out_MIRROR_M3_009,T_old_out,MIRROR_M3,Zin50,C,5,MIRROR_M3,"M=20,20,20,20,|T=0,0,0,0,|B=3,15,1,50;",0,1,1,1,0,221200009,321200009,1.01547198524103,0.862885403973009,1,1,0,0,1,5,8,352,353,0.103799,MIRROR_M3,G001,1,1.03928101328838,G001,236.377955549656,1.03928101328838,236.377955549656,235.338674536368,MIRROR_M3,1,0.999627379241463,1.20711206757417,1,1,LOW_CONFIDENCE,search_budget_truncated,0,0
T_old_out_MIRROR_M3_010,T_old_out,MIRROR_M3,Zin50,B,0,MIRROR_M3,"M=20,20,20,20,|T=0,0,0,0,|B=3,15,1,50;",0,1,1,1,0,221200010,321200010,0.9811981320872,0.917301891742347,0,0,1,0,0,3,3,134,135,0.039101,G001,G002,0,NaN,G001,204.124708679472,204.124708679472,253.685472888924,49.5607642094518,G001,1,270.04785510678,1.20711206757417,0,0,REJECTED,fit_quality_gate,0,0
T_old_out_MIRROR_M3_010,T_old_out,MIRROR_M3,Zin50,C,5,MIRROR_M3,"M=20,20,20,20,|T=0,0,0,0,|B=3,15,1,50;",0,1,1,1,0,221200010,321200010,0.9811981320872,0.917301891742347,1,1,0,0,1,5,8,339,340,0.101206,MIRROR_M3,G001,1,0.808761809374568,G001,204.124708679472,0.808761809374568,204.124708679472,203.315946870097,MIRROR_M3,1,1.06507380001036,1.20711206757417,1,1,LOW_CONFIDENCE,search_budget_truncated,0,0
T_old_out_ADD_M1_M3_001,T_old_out,ADD_M1_M3,Zin50,B,0,ADD_M1_M3,"M=20,20,20,20,|T=0,0,0,0,|B=1,15,1,50;3,15,1,50;",0,1,1,1,0,222000001,322000001,1.00334600057533,1.1443417439571,0,0,1,0,0,3,3,166,167,0.047651,G003,G002,0,NaN,G003,202.726185154262,202.726185154262,275.545703307823,72.8195181535615,G003,1,124.779049826242,1.20711206757417,0,0,REJECTED,fit_quality_gate,0,0
T_old_out_ADD_M1_M3_001,T_old_out,ADD_M1_M3,Zin50,C,5,ADD_M1_M3,"M=20,20,20,20,|T=0,0,0,0,|B=1,15,1,50;3,15,1,50;",0,1,1,1,0,222000001,322000001,1.00334600057533,1.1443417439571,1,1,0,0,1,5,8,404,405,0.117881,ADD_M1_M3,G003,1,1.06022521820017,G003,202.726185154262,1.06022521820017,202.726185154262,201.665959936062,ADD_M1_M3,1,1.0342917263403,1.20711206757417,1,1,LOW_CONFIDENCE,search_budget_truncated,0,0
T_old_out_ADD_M1_M3_002,T_old_out,ADD_M1_M3,Zin50,B,0,ADD_M1_M3,"M=20,20,20,20,|T=0,0,0,0,|B=1,15,1,50;3,15,1,50;",0,1,1,1,0,222000002,322000002,0.981757864070129,1.18109601819489,0,0,1,0,0,3,3,164,165,0.047804,G003,G002,0,NaN,G003,201.245810596234,201.245810596234,272.813960219621,71.5681496233871,G003,1,117.8984597731,1.20711206757417,0,0,REJECTED,fit_quality_gate,0,0
T_old_out_ADD_M1_M3_002,T_old_out,ADD_M1_M3,Zin50,C,5,ADD_M1_M3,"M=20,20,20,20,|T=0,0,0,0,|B=1,15,1,50;3,15,1,50;",0,1,1,1,0,222000002,322000002,0.981757864070129,1.18109601819489,1,1,0,0,1,5,8,402,403,0.118695,ADD_M1_M3,G003,1,0.980736900178283,G003,201.245810596234,0.980736900178283,201.245810596234,200.265073696056,ADD_M1_M3,1,0.839541022605724,1.20711206757417,1,1,LOW_CONFIDENCE,search_budget_truncated,0,0
T_old_out_ADD_M1_M3_003,T_old_out,ADD_M1_M3,Zin50,B,0,ADD_M1_M3,"M=20,20,20,20,|T=0,0,0,0,|B=1,15,1,50;3,15,1,50;",0,1,1,1,0,222000003,322000003,1.01576022424224,1.00482629495733,0,0,1,0,0,3,3,138,139,0.039828,G003,G002,0,NaN,G003,204.301642010928,204.301642010928,285.329540535875,81.0278985249469,G003,1,123.835358400886,1.20711206757417,0,0,REJECTED,fit_quality_gate,0,0
T_old_out_ADD_M1_M3_003,T_old_out,ADD_M1_M3,Zin50,C,5,ADD_M1_M3,"M=20,20,20,20,|T=0,0,0,0,|B=1,15,1,50;3,15,1,50;",0,1,1,1,0,222000003,322000003,1.01576022424224,1.00482629495733,1,1,0,0,1,5,8,330,331,0.09604,ADD_M1_M3,G003,1,0.972588570940148,G003,204.301642010928,0.972588570940148,204.301642010928,203.329053439988,ADD_M1_M3,1,0.948286163485842,1.20711206757417,1,1,LOW_CONFIDENCE,search_budget_truncated,0,0
T_old_out_ADD_M1_M3_004,T_old_out,ADD_M1_M3,Zin50,B,0,ADD_M1_M3,"M=20,20,20,20,|T=0,0,0,0,|B=1,15,1,50;3,15,1,50;",0,1,1,1,0,222000004,322000004,0.994524441047987,1.05277095313711,0,0,1,0,0,3,3,168,169,0.047948,G003,G002,0,NaN,G003,204.44854263646,204.44854263646,274.18138691504,69.7328442785801,G003,1,123.079380178507,1.20711206757417,0,0,REJECTED,fit_quality_gate,0,0
T_old_out_ADD_M1_M3_004,T_old_out,ADD_M1_M3,Zin50,C,5,ADD_M1_M3,"M=20,20,20,20,|T=0,0,0,0,|B=1,15,1,50;3,15,1,50;",0,1,1,1,0,222000004,322000004,0.994524441047987,1.05277095313711,1,1,0,0,1,5,8,407,408,0.118556,ADD_M1_M3,G003,1,1.10484626830733,G003,204.44854263646,1.10484626830733,204.44854263646,203.343696368152,ADD_M1_M3,1,1.12533463928212,1.20711206757417,1,1,LOW_CONFIDENCE,search_budget_truncated,0,0
T_old_out_ADD_M1_M3_005,T_old_out,ADD_M1_M3,Zin50,B,0,ADD_M1_M3,"M=20,20,20,20,|T=0,0,0,0,|B=1,15,1,50;3,15,1,50;",0,1,1,1,0,222000005,322000005,1.01850725174033,1.00039752434527,0,0,1,0,0,3,3,134,135,0.038719,G003,G002,0,NaN,G003,203.423528500759,203.423528500759,285.068137147277,81.6446086465179,G003,1,121.898262075001,1.20711206757417,0,0,REJECTED,fit_quality_gate,0,0
T_old_out_ADD_M1_M3_005,T_old_out,ADD_M1_M3,Zin50,C,5,ADD_M1_M3,"M=20,20,20,20,|T=0,0,0,0,|B=1,15,1,50;3,15,1,50;",0,1,1,1,0,222000005,322000005,1.01850725174033,1.00039752434527,1,1,0,0,1,5,8,321,322,0.095217,ADD_M1_M3,G003,1,0.928648618691764,G003,203.423528500759,0.928648618691764,203.423528500759,202.494879882067,ADD_M1_M3,1,1.16421660520841,1.20711206757417,1,1,LOW_CONFIDENCE,search_budget_truncated,0,0
T_old_out_ADD_M1_M3_006,T_old_out,ADD_M1_M3,Zin50,B,0,ADD_M1_M3,"M=20,20,20,20,|T=0,0,0,0,|B=1,15,1,50;3,15,1,50;",0,1,1,1,0,222000006,322000006,0.99241865836427,1.03333469366746,0,0,1,0,0,3,3,162,163,0.046778,G003,G002,0,NaN,G003,204.757720776246,204.757720776246,274.422772856444,69.6650520801984,G003,1,122.137945323992,1.20711206757417,0,0,REJECTED,fit_quality_gate,0,0
T_old_out_ADD_M1_M3_006,T_old_out,ADD_M1_M3,Zin50,C,5,ADD_M1_M3,"M=20,20,20,20,|T=0,0,0,0,|B=1,15,1,50;3,15,1,50;",0,1,1,1,0,222000006,322000006,0.99241865836427,1.03333469366746,1,1,0,0,1,5,8,397,398,0.117077,ADD_M1_M3,G003,1,1.14588889138661,G003,204.757720776246,1.14588889138661,204.757720776246,203.611831884859,ADD_M1_M3,1,0.947341414544748,1.20711206757417,1,1,LOW_CONFIDENCE,search_budget_truncated,0,0
T_old_out_ADD_M1_M3_007,T_old_out,ADD_M1_M3,Zin50,B,0,ADD_M1_M3,"M=20,20,20,20,|T=0,0,0,0,|B=1,15,1,50;3,15,1,50;",0,1,1,1,0,222000007,322000007,1.00663943656884,0.942582122455765,0,0,1,0,0,3,3,164,165,0.047478,G003,G002,0,NaN,G003,208.120496550488,208.120496550488,286.519669848275,78.3991732977863,G003,1,132.231760539257,1.20711206757417,0,0,REJECTED,fit_quality_gate,0,0
T_old_out_ADD_M1_M3_007,T_old_out,ADD_M1_M3,Zin50,C,5,ADD_M1_M3,"M=20,20,20,20,|T=0,0,0,0,|B=1,15,1,50;3,15,1,50;",0,1,1,1,0,222000007,322000007,1.00663943656884,0.942582122455765,1,1,0,0,1,5,8,401,402,0.117123,ADD_M1_M3,G003,1,0.934076338893365,G003,208.120496550488,0.934076338893365,208.120496550488,207.186420211595,ADD_M1_M3,1,1.0243624066559,1.20711206757417,1,1,LOW_CONFIDENCE,search_budget_truncated,0,0
T_old_out_ADD_M1_M3_008,T_old_out,ADD_M1_M3,Zin50,B,0,ADD_M1_M3,"M=20,20,20,20,|T=0,0,0,0,|B=1,15,1,50;3,15,1,50;",0,1,1,1,0,222000008,322000008,1.00862760854044,1.05297660275313,0,0,1,0,0,3,3,146,147,0.041905,G003,G002,0,NaN,G003,204.590386231128,204.590386231128,281.980588239977,77.3902020088489,G003,1,127.765048024332,1.20711206757417,0,0,REJECTED,fit_quality_gate,0,0
T_old_out_ADD_M1_M3_008,T_old_out,ADD_M1_M3,Zin50,C,5,ADD_M1_M3,"M=20,20,20,20,|T=0,0,0,0,|B=1,15,1,50;3,15,1,50;",0,1,1,1,0,222000008,322000008,1.00862760854044,1.05297660275313,1,1,0,0,1,5,8,365,366,0.106464,ADD_M1_M3,G003,1,1.01077283880492,G003,204.590386231128,1.01077283880492,204.590386231128,203.579613392324,ADD_M1_M3,1,1.19435754888118,1.20711206757417,1,1,LOW_CONFIDENCE,search_budget_truncated,0,0
T_old_out_ADD_M1_M3_009,T_old_out,ADD_M1_M3,Zin50,B,0,ADD_M1_M3,"M=20,20,20,20,|T=0,0,0,0,|B=1,15,1,50;3,15,1,50;",0,1,1,1,0,222000009,322000009,0.997678307019556,0.814234232107336,0,0,1,0,0,3,3,168,169,0.047965,G003,G002,0,NaN,G003,211.67952031762,211.67952031762,285.618789348462,73.9392690308421,G003,1,132.61674046892,1.20711206757417,0,0,REJECTED,fit_quality_gate,0,0
T_old_out_ADD_M1_M3_009,T_old_out,ADD_M1_M3,Zin50,C,5,ADD_M1_M3,"M=20,20,20,20,|T=0,0,0,0,|B=1,15,1,50;3,15,1,50;",0,1,1,1,0,222000009,322000009,0.997678307019556,0.814234232107336,1,1,0,0,1,5,8,411,412,0.120305,ADD_M1_M3,G003,1,1.04496983235935,G003,211.67952031762,1.04496983235935,211.67952031762,210.63455048526,ADD_M1_M3,1,0.9635528719217,1.20711206757417,1,1,LOW_CONFIDENCE,search_budget_truncated,0,0
T_old_out_ADD_M1_M3_010,T_old_out,ADD_M1_M3,Zin50,B,0,ADD_M1_M3,"M=20,20,20,20,|T=0,0,0,0,|B=1,15,1,50;3,15,1,50;",0,1,1,1,0,222000010,322000010,1.01319822793212,1.0406706490673,0,0,1,0,0,3,3,138,139,0.041187,G003,G002,0,NaN,G003,203.91306232137,203.91306232137,283.535201372565,79.6221390511946,G003,1,125.756377191471,1.20711206757417,0,0,REJECTED,fit_quality_gate,0,0
T_old_out_ADD_M1_M3_010,T_old_out,ADD_M1_M3,Zin50,C,5,ADD_M1_M3,"M=20,20,20,20,|T=0,0,0,0,|B=1,15,1,50;3,15,1,50;",0,1,1,1,0,222000010,322000010,1.01319822793212,1.0406706490673,1,1,0,0,1,5,8,334,335,0.098247,ADD_M1_M3,G003,1,1.0978893764883,G003,203.91306232137,1.0978893764883,203.91306232137,202.815172944882,ADD_M1_M3,1,0.844055011659524,1.20711206757417,1,1,LOW_CONFIDENCE,search_budget_truncated,0,0
T_old_out_ADD_M2_M3_001,T_old_out,ADD_M2_M3,Zin50,B,0,ADD_M2_M3,"M=20,20,20,20,|T=0,0,0,0,|B=2,15,1,50;3,15,1,50;",0,1,1,1,0,221500001,321500001,0.990731678794334,1.10268054761598,0,0,1,0,0,3,3,160,161,0.046138,G002,G001,0,NaN,G002,92.7595881063491,92.7595881063491,277.686687927658,184.927099821309,G002,1,72.3844539499365,1.20711206757417,0,0,REJECTED,fit_quality_gate,0,0
T_old_out_ADD_M2_M3_001,T_old_out,ADD_M2_M3,Zin50,C,5,ADD_M2_M3,"M=20,20,20,20,|T=0,0,0,0,|B=2,15,1,50;3,15,1,50;",0,1,1,1,0,221500001,321500001,0.990731678794334,1.10268054761598,1,1,0,0,1,5,8,393,394,0.115144,ADD_M2_M3,G002,1,1.04592464581747,G002,92.7595881063491,1.04592464581747,92.7595881063491,91.7136634605316,ADD_M2_M3,1,0.859058646065959,1.20711206757417,1,1,LOW_CONFIDENCE,search_budget_truncated,0,0
T_old_out_ADD_M2_M3_002,T_old_out,ADD_M2_M3,Zin50,B,0,ADD_M2_M3,"M=20,20,20,20,|T=0,0,0,0,|B=2,15,1,50;3,15,1,50;",0,1,1,1,0,221500002,321500002,0.992131347999929,1.15445559333443,0,0,1,0,0,3,3,158,159,0.047395,G002,G001,0,NaN,G002,93.018662906496,93.018662906496,276.133564527755,183.114901621259,G002,1,73.3316612076407,1.20711206757417,0,0,REJECTED,fit_quality_gate,0,0
T_old_out_ADD_M2_M3_002,T_old_out,ADD_M2_M3,Zin50,C,5,ADD_M2_M3,"M=20,20,20,20,|T=0,0,0,0,|B=2,15,1,50;3,15,1,50;",0,1,1,1,0,221500002,321500002,0.992131347999929,1.15445559333443,1,1,0,0,1,5,8,388,389,0.112358,ADD_M2_M3,G002,1,1.07470982732428,G002,93.018662906496,1.07470982732428,93.018662906496,91.9439530791717,ADD_M2_M3,1,1.06228438171188,1.20711206757417,1,1,LOW_CONFIDENCE,search_budget_truncated,0,0
T_old_out_ADD_M2_M3_003,T_old_out,ADD_M2_M3,Zin50,B,0,ADD_M2_M3,"M=20,20,20,20,|T=0,0,0,0,|B=2,15,1,50;3,15,1,50;",0,1,1,1,0,221500003,321500003,1.0194339057581,1.10518663769606,0,0,1,0,0,3,3,166,167,0.047148,G002,G001,0,NaN,G002,84.4477073866952,84.4477073866952,280.234982303951,195.787274917255,G002,1,85.4346969244157,1.20711206757417,0,0,REJECTED,fit_quality_gate,0,0
T_old_out_ADD_M2_M3_003,T_old_out,ADD_M2_M3,Zin50,C,5,ADD_M2_M3,"M=20,20,20,20,|T=0,0,0,0,|B=2,15,1,50;3,15,1,50;",0,1,1,1,0,221500003,321500003,1.0194339057581,1.10518663769606,1,1,0,0,1,5,8,399,400,0.116006,ADD_M2_M3,G002,1,1.1342653991159,G002,84.4477073866952,1.1342653991159,84.4477073866952,83.3134419875793,ADD_M2_M3,1,1.09840686139196,1.20711206757417,1,1,LOW_CONFIDENCE,search_budget_truncated,0,0
T_old_out_ADD_M2_M3_004,T_old_out,ADD_M2_M3,Zin50,B,0,ADD_M2_M3,"M=20,20,20,20,|T=0,0,0,0,|B=2,15,1,50;3,15,1,50;",0,1,1,1,0,221500004,321500004,1.00973418370602,0.933737225655837,0,0,1,0,0,3,3,166,167,0.047528,G002,G001,0,NaN,G002,89.527115774779,89.527115774779,285.829825422337,196.302709647558,G002,1,80.8318696673915,1.20711206757417,0,0,REJECTED,fit_quality_gate,0,0
T_old_out_ADD_M2_M3_004,T_old_out,ADD_M2_M3,Zin50,C,5,ADD_M2_M3,"M=20,20,20,20,|T=0,0,0,0,|B=2,15,1,50;3,15,1,50;",0,1,1,1,0,221500004,321500004,1.00973418370602,0.933737225655837,1,1,0,0,1,5,8,402,403,0.123931,ADD_M2_M3,G002,1,1.14205575285326,G002,89.527115774779,1.14205575285326,89.527115774779,88.3850600219258,ADD_M2_M3,1,0.815233024288155,1.20711206757417,1,1,LOW_CONFIDENCE,search_budget_truncated,0,0
T_old_out_ADD_M2_M3_005,T_old_out,ADD_M2_M3,Zin50,B,0,ADD_M2_M3,"M=20,20,20,20,|T=0,0,0,0,|B=2,15,1,50;3,15,1,50;",0,1,1,1,0,221500005,321500005,1.00186513813201,1.12149727138877,0,0,1,0,0,3,3,160,161,0.045492,G002,G001,0,NaN,G002,91.2489190587631,91.2489190587631,278.459214171994,187.210295113231,G002,1,75.8687372321092,1.20711206757417,0,0,REJECTED,fit_quality_gate,0,0
T_old_out_ADD_M2_M3_005,T_old_out,ADD_M2_M3,Zin50,C,5,ADD_M2_M3,"M=20,20,20,20,|T=0,0,0,0,|B=2,15,1,50;3,15,1,50;",0,1,1,1,0,221500005,321500005,1.00186513813201,1.12149727138877,1,1,0,0,1,5,8,390,391,0.114046,ADD_M2_M3,G002,1,0.897305804306581,G002,91.2489190587631,0.897305804306581,91.2489190587631,90.3516132544566,ADD_M2_M3,1,1.01034904760899,1.20711206757417,1,1,LOW_CONFIDENCE,search_budget_truncated,0,0
T_old_out_ADD_M2_M3_006,T_old_out,ADD_M2_M3,Zin50,B,0,ADD_M2_M3,"M=20,20,20,20,|T=0,0,0,0,|B=2,15,1,50;3,15,1,50;",0,1,1,1,0,221500006,321500006,1.00472152767441,0.925670891846818,0,0,1,0,0,3,3,160,161,0.046678,G002,G001,0,NaN,G002,91.7640891185533,91.7640891185533,285.341790141887,193.577701023334,G002,1,78.2000317702991,1.20711206757417,0,0,REJECTED,fit_quality_gate,0,0
T_old_out_ADD_M2_M3_006,T_old_out,ADD_M2_M3,Zin50,C,5,ADD_M2_M3,"M=20,20,20,20,|T=0,0,0,0,|B=2,15,1,50;3,15,1,50;",0,1,1,1,0,221500006,321500006,1.00472152767441,0.925670891846818,1,1,0,0,1,5,8,391,392,0.114553,ADD_M2_M3,G002,1,0.907695872562444,G002,91.7640891185533,0.907695872562444,91.7640891185533,90.8563932459908,ADD_M2_M3,1,1.11305956072139,1.20711206757417,1,1,LOW_CONFIDENCE,search_budget_truncated,0,0
T_old_out_ADD_M2_M3_007,T_old_out,ADD_M2_M3,Zin50,B,0,ADD_M2_M3,"M=20,20,20,20,|T=0,0,0,0,|B=2,15,1,50;3,15,1,50;",0,1,1,1,0,221500007,321500007,1.00155638355125,1.0863238974922,0,0,1,0,0,3,3,160,161,0.04645,G002,G001,0,NaN,G002,91.3216607592259,91.3216607592259,279.522715216374,188.201054457148,G002,1,75.8629699402813,1.20711206757417,0,0,REJECTED,fit_quality_gate,0,0
T_old_out_ADD_M2_M3_007,T_old_out,ADD_M2_M3,Zin50,C,5,ADD_M2_M3,"M=20,20,20,20,|T=0,0,0,0,|B=2,15,1,50;3,15,1,50;",0,1,1,1,0,221500007,321500007,1.00155638355125,1.0863238974922,1,1,0,0,1,5,8,389,390,0.114965,ADD_M2_M3,G002,1,0.915544087956498,G002,91.3216607592259,0.915544087956498,91.3216607592259,90.4061166712694,ADD_M2_M3,1,0.993015929284391,1.20711206757417,1,1,LOW_CONFIDENCE,search_budget_truncated,0,0
T_old_out_ADD_M2_M3_008,T_old_out,ADD_M2_M3,Zin50,B,0,ADD_M2_M3,"M=20,20,20,20,|T=0,0,0,0,|B=2,15,1,50;3,15,1,50;",0,1,1,1,0,221500008,321500008,1.0091051649374,0.915948119442266,0,0,1,0,0,3,3,164,165,0.049095,G002,G001,0,NaN,G002,89.9885417971901,89.9885417971901,286.438976604952,196.450434807762,G002,1,80.3599519634081,1.20711206757417,0,0,REJECTED,fit_quality_gate,0,0
T_old_out_ADD_M2_M3_008,T_old_out,ADD_M2_M3,Zin50,C,5,ADD_M2_M3,"M=20,20,20,20,|T=0,0,0,0,|B=2,15,1,50;3,15,1,50;",0,1,1,1,0,221500008,321500008,1.0091051649374,0.915948119442266,1,1,0,0,1,5,8,400,401,0.11437,ADD_M2_M3,G002,1,1.07517407706147,G002,89.9885417971901,1.07517407706147,89.9885417971901,88.9133677201287,ADD_M2_M3,1,1.1917159363631,1.20711206757417,1,1,LOW_CONFIDENCE,search_budget_truncated,0,0
T_old_out_ADD_M2_M3_009,T_old_out,ADD_M2_M3,Zin50,B,0,ADD_M2_M3,"M=20,20,20,20,|T=0,0,0,0,|B=2,15,1,50;3,15,1,50;",0,1,1,1,0,221500009,321500009,0.98954624170233,1.0301655517293,0,0,1,0,0,3,3,162,163,0.048202,G002,G001,0,NaN,G002,92.9559742171747,92.9559742171747,280.022209006159,187.066234788985,G002,1,73.3206363939704,1.20711206757417,0,0,REJECTED,fit_quality_gate,0,0
T_old_out_ADD_M2_M3_009,T_old_out,ADD_M2_M3,Zin50,C,5,ADD_M2_M3,"M=20,20,20,20,|T=0,0,0,0,|B=2,15,1,50;3,15,1,50;",0,1,1,1,0,221500009,321500009,0.98954624170233,1.0301655517293,1,1,0,0,1,5,8,395,396,0.115678,ADD_M2_M3,G002,1,1.17516932300894,G002,92.9559742171747,1.17516932300894,92.9559742171747,91.7808048941657,ADD_M2_M3,1,1.32962763927779,1.20711206757417,0,1,REJECTED,fit_quality_gate,0,0
T_old_out_ADD_M2_M3_010,T_old_out,ADD_M2_M3,Zin50,B,0,ADD_M2_M3,"M=20,20,20,20,|T=0,0,0,0,|B=2,15,1,50;3,15,1,50;",0,1,1,1,0,221500010,321500010,1.00280632383977,1.17235963061604,0,0,1,0,0,3,3,160,161,0.046707,G002,G001,0,NaN,G002,91.2432075771793,91.2432075771793,277.344070789648,186.100863212469,G002,1,76.3491255870643,1.20711206757417,0,0,REJECTED,fit_quality_gate,0,0
T_old_out_ADD_M2_M3_010,T_old_out,ADD_M2_M3,Zin50,C,5,ADD_M2_M3,"M=20,20,20,20,|T=0,0,0,0,|B=2,15,1,50;3,15,1,50;",0,1,1,1,0,221500010,321500010,1.00280632383977,1.17235963061604,1,1,0,0,1,5,8,392,393,0.114106,ADD_M2_M3,G002,1,0.934166577241555,G002,91.2432075771793,0.934166577241555,91.2432075771793,90.3090409999377,ADD_M2_M3,1,0.899558072870353,1.20711206757417,1,1,LOW_CONFIDENCE,search_budget_truncated,0,0
T_old_out_DOUBLE_M3_001,T_old_out,DOUBLE_M3,Zin50,B,0,DOUBLE_M3,"M=20,20,20,20,|T=0,0,0,0,|B=3,15,1,50;3,15,1,50;",0,1,1,2,0,221300001,321300001,1.01078295860006,0.805759553262045,0,0,1,0,0,3,3,140,141,0.040786,G001,G002,0,NaN,G001,282.793431625512,282.793431625512,289.378229603294,6.58479797778165,G001,1,311.60828640917,1.20711206757417,0,0,REJECTED,fit_quality_gate,0,0
T_old_out_DOUBLE_M3_001,T_old_out,DOUBLE_M3,Zin50,C,5,DOUBLE_M3,"M=20,20,20,20,|T=0,0,0,0,|B=3,15,1,50;3,15,1,50;",0,1,1,2,0,221300001,321300001,1.01078295860006,0.805759553262045,0,0,1,0,0,5,8,353,354,0.106636,MIRROR_M3,ADD_M2_M3,0,NaN,MIRROR_M3,101.187836161767,101.187836161767,261.591171900962,160.403335739195,MIRROR_M3,1,106.806434235235,1.20711206757417,0,1,REJECTED,fit_quality_gate,0,0
T_old_out_DOUBLE_M3_002,T_old_out,DOUBLE_M3,Zin50,B,0,DOUBLE_M3,"M=20,20,20,20,|T=0,0,0,0,|B=3,15,1,50;3,15,1,50;",0,1,1,2,0,221300002,321300002,1.01543089965921,0.904386190214276,0,0,1,0,0,3,3,142,143,0.041889,G001,G002,0,NaN,G001,281.152754745254,281.152754745254,286.766984969509,5.6142302242543,G001,1,303.663663903547,1.20711206757417,0,0,REJECTED,fit_quality_gate,0,0
T_old_out_DOUBLE_M3_002,T_old_out,DOUBLE_M3,Zin50,C,5,DOUBLE_M3,"M=20,20,20,20,|T=0,0,0,0,|B=3,15,1,50;3,15,1,50;",0,1,1,2,0,221300002,321300002,1.01543089965921,0.904386190214276,0,0,1,0,0,5,8,372,373,0.110967,MIRROR_M3,ADD_M2_M3,0,NaN,MIRROR_M3,102.108417836263,102.108417836263,259.539741975423,157.43132413916,MIRROR_M3,1,104.257389067422,1.20711206757417,0,1,REJECTED,fit_quality_gate,0,0
T_old_out_DOUBLE_M3_003,T_old_out,DOUBLE_M3,Zin50,B,0,DOUBLE_M3,"M=20,20,20,20,|T=0,0,0,0,|B=3,15,1,50;3,15,1,50;",0,1,1,2,0,221300003,321300003,0.986295915583244,0.866167068001144,0,0,1,0,0,3,3,164,165,0.047324,G001,G002,0,NaN,G001,243.473968339881,243.473968339881,266.681860289532,23.2078919496518,G001,1,296.111364869639,1.20711206757417,0,0,REJECTED,fit_quality_gate,0,0
T_old_out_DOUBLE_M3_003,T_old_out,DOUBLE_M3,Zin50,C,5,DOUBLE_M3,"M=20,20,20,20,|T=0,0,0,0,|B=3,15,1,50;3,15,1,50;",0,1,1,2,0,221300003,321300003,0.986295915583244,0.866167068001144,0,0,1,0,0,5,8,429,430,0.131386,MIRROR_M3,G001,0,NaN,MIRROR_M3,91.4049930719088,91.4049930719088,243.473968339881,152.068975267972,MIRROR_M3,1,93.019560510226,1.20711206757417,0,1,REJECTED,fit_quality_gate,0,0
T_old_out_DOUBLE_M3_004,T_old_out,DOUBLE_M3,Zin50,B,0,DOUBLE_M3,"M=20,20,20,20,|T=0,0,0,0,|B=3,15,1,50;3,15,1,50;",0,1,1,2,0,221300004,321300004,1.01584518652287,0.860882837453385,0,0,1,0,0,3,3,140,141,0.041359,G001,G002,0,NaN,G001,282.782445199761,282.782445199761,288.19003015877,5.40758495900951,G001,1,305.38618143754,1.20711206757417,0,0,REJECTED,fit_quality_gate,0,0
T_old_out_DOUBLE_M3_004,T_old_out,DOUBLE_M3,Zin50,C,5,DOUBLE_M3,"M=20,20,20,20,|T=0,0,0,0,|B=3,15,1,50;3,15,1,50;",0,1,1,2,0,221300004,321300004,1.01584518652287,0.860882837453385,0,0,1,0,0,5,8,368,369,0.108969,MIRROR_M3,ADD_M2_M3,0,NaN,MIRROR_M3,103.593069021285,103.593069021285,261.325367559131,157.732298537846,MIRROR_M3,1,106.588191663362,1.20711206757417,0,1,REJECTED,fit_quality_gate,0,0
T_old_out_DOUBLE_M3_005,T_old_out,DOUBLE_M3,Zin50,B,0,DOUBLE_M3,"M=20,20,20,20,|T=0,0,0,0,|B=3,15,1,50;3,15,1,50;",0,1,1,2,0,221300005,321300005,1.00493795389583,0.917245059046898,0,0,1,0,0,3,3,138,139,0.040589,G001,G002,0,NaN,G001,266.691057582116,266.691057582116,286.922701183446,20.2316436013303,G001,1,298.801136165272,1.20711206757417,0,0,REJECTED,fit_quality_gate,0,0
T_old_out_DOUBLE_M3_005,T_old_out,DOUBLE_M3,Zin50,C,5,DOUBLE_M3,"M=20,20,20,20,|T=0,0,0,0,|B=3,15,1,50;3,15,1,50;",0,1,1,2,0,221300005,321300005,1.00493795389583,0.917245059046898,0,0,1,0,0,5,8,368,369,0.109827,MIRROR_M3,ADD_M2_M3,0,NaN,MIRROR_M3,94.381793937632,94.381793937632,257.296228124677,162.914434187045,MIRROR_M3,1,100.323786954556,1.20711206757417,0,1,REJECTED,fit_quality_gate,0,0
T_old_out_DOUBLE_M3_006,T_old_out,DOUBLE_M3,Zin50,B,0,DOUBLE_M3,"M=20,20,20,20,|T=0,0,0,0,|B=3,15,1,50;3,15,1,50;",0,1,1,2,0,221300006,321300006,0.984970999780883,1.062724825624,0,0,1,0,0,3,3,164,165,0.04707,G001,G002,0,NaN,G001,243.130294639177,243.130294639177,258.909809960512,15.7795153213351,G001,1,300.32638151592,1.20711206757417,0,0,REJECTED,fit_quality_gate,0,0
T_old_out_DOUBLE_M3_006,T_old_out,DOUBLE_M3,Zin50,C,5,DOUBLE_M3,"M=20,20,20,20,|T=0,0,0,0,|B=3,15,1,50;3,15,1,50;",0,1,1,2,0,221300006,321300006,0.984970999780883,1.062724825624,0,0,1,0,0,5,8,452,453,0.134471,MIRROR_M3,G001,0,NaN,MIRROR_M3,89.318091501065,89.318091501065,243.130294639177,153.812203138112,MIRROR_M3,1,90.488780231323,1.20711206757417,0,1,REJECTED,fit_quality_gate,0,0
T_old_out_DOUBLE_M3_007,T_old_out,DOUBLE_M3,Zin50,B,0,DOUBLE_M3,"M=20,20,20,20,|T=0,0,0,0,|B=3,15,1,50;3,15,1,50;",0,1,1,2,0,221300007,321300007,0.995597492366327,1.17191944600992,0,0,1,0,0,3,3,162,163,0.046214,G001,G002,0,NaN,G001,253.732027376141,253.732027376141,274.890360014689,21.1583326385479,G001,1,298.551803441925,1.20711206757417,0,0,REJECTED,fit_quality_gate,0,0
T_old_out_DOUBLE_M3_007,T_old_out,DOUBLE_M3,Zin50,C,5,DOUBLE_M3,"M=20,20,20,20,|T=0,0,0,0,|B=3,15,1,50;3,15,1,50;",0,1,1,2,0,221300007,321300007,0.995597492366327,1.17191944600992,0,0,1,0,0,5,8,440,441,0.132714,MIRROR_M3,G001,0,NaN,MIRROR_M3,87.4222856216091,87.4222856216091,253.732027376141,166.309741754532,MIRROR_M3,1,91.2312198295554,1.20711206757417,0,1,REJECTED,fit_quality_gate,0,0
T_old_out_DOUBLE_M3_008,T_old_out,DOUBLE_M3,Zin50,B,0,DOUBLE_M3,"M=20,20,20,20,|T=0,0,0,0,|B=3,15,1,50;3,15,1,50;",0,1,1,2,0,221300008,321300008,0.995671204336404,1.13004045625412,0,0,1,0,0,3,3,164,165,0.048092,G001,G002,0,NaN,G001,253.620714026723,253.620714026723,276.097663583291,22.4769495565678,G001,1,298.046032186121,1.20711206757417,0,0,REJECTED,fit_quality_gate,0,0
T_old_out_DOUBLE_M3_008,T_old_out,DOUBLE_M3,Zin50,C,5,DOUBLE_M3,"M=20,20,20,20,|T=0,0,0,0,|B=3,15,1,50;3,15,1,50;",0,1,1,2,0,221300008,321300008,0.995671204336404,1.13004045625412,0,0,1,0,0,5,8,444,445,0.133238,MIRROR_M3,G001,0,NaN,MIRROR_M3,87.5323804849493,87.5323804849493,253.620714026723,166.088333541774,MIRROR_M3,1,92.1478641153717,1.20711206757417,0,1,REJECTED,fit_quality_gate,0,0
T_old_out_DOUBLE_M3_009,T_old_out,DOUBLE_M3,Zin50,B,0,DOUBLE_M3,"M=20,20,20,20,|T=0,0,0,0,|B=3,15,1,50;3,15,1,50;",0,1,1,2,0,221300009,321300009,1.00646530844528,1.10494493843731,0,0,1,0,0,3,3,144,145,0.041704,G001,G002,0,NaN,G001,276.009287627618,276.009287627618,282.609424874334,6.60013724671609,G001,1,303.3968122573,1.20711206757417,0,0,REJECTED,fit_quality_gate,0,0
T_old_out_DOUBLE_M3_009,T_old_out,DOUBLE_M3,Zin50,C,5,DOUBLE_M3,"M=20,20,20,20,|T=0,0,0,0,|B=3,15,1,50;3,15,1,50;",0,1,1,2,0,221300009,321300009,1.00646530844528,1.10494493843731,0,0,1,0,0,5,8,378,379,0.110951,MIRROR_M3,ADD_M2_M3,0,NaN,MIRROR_M3,93.0750800659036,93.0750800659036,252.306297781801,159.231217715897,MIRROR_M3,1,96.3180201435385,1.20711206757417,0,1,REJECTED,fit_quality_gate,0,0
T_old_out_DOUBLE_M3_010,T_old_out,DOUBLE_M3,Zin50,B,0,DOUBLE_M3,"M=20,20,20,20,|T=0,0,0,0,|B=3,15,1,50;3,15,1,50;",0,1,1,2,0,221300010,321300010,0.99609372806939,1.13895613992335,0,0,1,0,0,3,3,162,163,0.047087,G001,G002,0,NaN,G001,253.965117913201,253.965117913201,276.954372863164,22.9892549499634,G001,1,298.286061132149,1.20711206757417,0,0,REJECTED,fit_quality_gate,0,0
T_old_out_DOUBLE_M3_010,T_old_out,DOUBLE_M3,Zin50,C,5,DOUBLE_M3,"M=20,20,20,20,|T=0,0,0,0,|B=3,15,1,50;3,15,1,50;",0,1,1,2,0,221300010,321300010,0.99609372806939,1.13895613992335,0,0,1,0,0,5,8,440,441,0.131962,MIRROR_M3,G001,0,NaN,MIRROR_M3,87.6533825258548,87.6533825258548,253.965117913201,166.311735387346,MIRROR_M3,1,91.7859437394827,1.20711206757417,0,1,REJECTED,fit_quality_gate,0,0
T_reachable_EXT_111_001,T_reachable,EXT_111,Zin50,B,0,EXT_111,"M=20,20,20,20,|T=0,0,0,0,|B=1,15,1,50;2,15,1,50;3,15,1,50;",0,1,1,2,0,232300001,332300001,0.987434482896372,0.859649750716911,0,0,1,0,0,3,3,188,189,0.052594,G003,G002,0,NaN,G003,227.43858442033,227.43858442033,271.718107497676,44.2795230773461,G003,1,109.788498623642,1.20711206757417,0,0,REJECTED,fit_quality_gate,0,0
T_reachable_EXT_111_001,T_reachable,EXT_111,Zin50,C,5,EXT_111,"M=20,20,20,20,|T=0,0,0,0,|B=1,15,1,50;2,15,1,50;3,15,1,50;",0,1,1,2,0,232300001,332300001,0.987434482896372,0.859649750716911,0,0,1,0,0,5,8,470,471,0.135002,ADD_M1_M3,G003,0,NaN,ADD_M1_M3,180.041940482871,180.041940482871,227.43858442033,47.3966439374587,ADD_M1_M3,1,99.2798191125536,1.20711206757417,0,1,REJECTED,fit_quality_gate,0,0
T_reachable_EXT_111_002,T_reachable,EXT_111,Zin50,B,0,EXT_111,"M=20,20,20,20,|T=0,0,0,0,|B=1,15,1,50;2,15,1,50;3,15,1,50;",0,1,1,2,0,232300002,332300002,1.01585203495671,0.96809071615578,0,0,1,0,0,3,3,134,135,0.038929,G003,G002,0,NaN,G003,199.94332416029,199.94332416029,244.351974223677,44.4086500633867,G003,1,112.948723860096,1.20711206757417,0,0,REJECTED,fit_quality_gate,0,0
T_reachable_EXT_111_002,T_reachable,EXT_111,Zin50,C,5,EXT_111,"M=20,20,20,20,|T=0,0,0,0,|B=1,15,1,50;2,15,1,50;3,15,1,50;",0,1,1,2,0,232300002,332300002,1.01585203495671,0.96809071615578,0,0,1,0,0,5,8,362,363,0.107686,ADD_M1_M3,G003,0,NaN,ADD_M1_M3,165.0434863214,165.0434863214,199.94332416029,34.8998378388899,ADD_M1_M3,1,122.593610582102,1.20711206757417,0,1,REJECTED,fit_quality_gate,0,0
T_reachable_EXT_111_003,T_reachable,EXT_111,Zin50,B,0,EXT_111,"M=20,20,20,20,|T=0,0,0,0,|B=1,15,1,50;2,15,1,50;3,15,1,50;",0,1,1,2,0,232300003,332300003,1.0173795581067,1.08140553760661,0,0,1,0,0,3,3,136,137,0.038864,G003,G002,0,NaN,G003,191.844528744298,191.844528744298,239.924054749192,48.0795260048934,G003,1,112.183925366933,1.20711206757417,0,0,REJECTED,fit_quality_gate,0,0
T_reachable_EXT_111_003,T_reachable,EXT_111,Zin50,C,5,EXT_111,"M=20,20,20,20,|T=0,0,0,0,|B=1,15,1,50;2,15,1,50;3,15,1,50;",0,1,1,2,0,232300003,332300003,1.0173795581067,1.08140553760661,0,0,1,0,0,5,8,366,367,0.109398,ADD_M1_M3,G003,0,NaN,ADD_M1_M3,159.027988906479,159.027988906479,191.844528744298,32.8165398378187,ADD_M1_M3,1,114.345221982548,1.20711206757417,0,1,REJECTED,fit_quality_gate,0,0
T_reachable_EXT_111_004,T_reachable,EXT_111,Zin50,B,0,EXT_111,"M=20,20,20,20,|T=0,0,0,0,|B=1,15,1,50;2,15,1,50;3,15,1,50;",0,1,1,2,0,232300004,332300004,1.00934136949258,1.01962920732108,0,0,1,0,0,3,3,142,143,0.040656,G003,G002,0,NaN,G003,200.310457469112,200.310457469112,245.119653403259,44.8091959341466,G003,1,110.845924666434,1.20711206757417,0,0,REJECTED,fit_quality_gate,0,0
T_reachable_EXT_111_004,T_reachable,EXT_111,Zin50,C,5,EXT_111,"M=20,20,20,20,|T=0,0,0,0,|B=1,15,1,50;2,15,1,50;3,15,1,50;",0,1,1,2,0,232300004,332300004,1.00934136949258,1.01962920732108,0,0,1,0,0,5,8,378,379,0.111897,ADD_M1_M3,G003,0,NaN,ADD_M1_M3,163.753356301881,163.753356301881,200.310457469112,36.5571011672305,ADD_M1_M3,1,120.55210259463,1.20711206757417,0,1,REJECTED,fit_quality_gate,0,0
T_reachable_EXT_111_005,T_reachable,EXT_111,Zin50,B,0,EXT_111,"M=20,20,20,20,|T=0,0,0,0,|B=1,15,1,50;2,15,1,50;3,15,1,50;",0,1,1,2,0,232300005,332300005,1.01765807216801,0.985737583418872,0,0,1,0,0,3,3,136,137,0.040313,G003,G002,0,NaN,G003,197.562142552896,197.562142552896,242.873825864682,45.3116833117868,G003,1,112.660293887246,1.20711206757417,0,0,REJECTED,fit_quality_gate,0,0
T_reachable_EXT_111_005,T_reachable,EXT_111,Zin50,C,5,EXT_111,"M=20,20,20,20,|T=0,0,0,0,|B=1,15,1,50;2,15,1,50;3,15,1,50;",0,1,1,2,0,232300005,332300005,1.01765807216801,0.985737583418872,0,0,1,0,0,5,8,366,367,0.112826,ADD_M1_M3,G003,0,NaN,ADD_M1_M3,163.355937557863,163.355937557863,197.562142552896,34.2062049950328,ADD_M1_M3,1,119.869734067055,1.20711206757417,0,1,REJECTED,fit_quality_gate,0,0
T_reachable_EXT_111_006,T_reachable,EXT_111,Zin50,B,0,EXT_111,"M=20,20,20,20,|T=0,0,0,0,|B=1,15,1,50;2,15,1,50;3,15,1,50;",0,1,1,2,0,232300006,332300006,0.995871411942127,1.11374824487911,0,0,1,0,0,3,3,166,167,0.0494,G003,G002,0,NaN,G003,204.138311176074,204.138311176074,248.35881541359,44.2205042375152,G003,1,110.289132338094,1.20711206757417,0,0,REJECTED,fit_quality_gate,0,0
T_reachable_EXT_111_006,T_reachable,EXT_111,Zin50,C,5,EXT_111,"M=20,20,20,20,|T=0,0,0,0,|B=1,15,1,50;2,15,1,50;3,15,1,50;",0,1,1,2,0,232300006,332300006,0.995871411942127,1.11374824487911,0,0,1,0,0,5,8,426,427,0.128114,ADD_M1_M3,G003,0,NaN,ADD_M1_M3,158.519294091742,158.519294091742,204.138311176074,45.6190170843327,ADD_M1_M3,1,101.079926510652,1.20711206757417,0,1,REJECTED,fit_quality_gate,0,0
T_reachable_EXT_111_007,T_reachable,EXT_111,Zin50,B,0,EXT_111,"M=20,20,20,20,|T=0,0,0,0,|B=1,15,1,50;2,15,1,50;3,15,1,50;",0,1,1,2,0,232300007,332300007,0.996047561117332,0.988160087568167,0,0,1,0,0,3,3,166,167,0.048696,G003,G002,0,NaN,G003,210.931386542893,210.931386542893,253.988764332056,43.057377789163,G003,1,111.982398761501,1.20711206757417,0,0,REJECTED,fit_quality_gate,0,0
T_reachable_EXT_111_007,T_reachable,EXT_111,Zin50,C,5,EXT_111,"M=20,20,20,20,|T=0,0,0,0,|B=1,15,1,50;2,15,1,50;3,15,1,50;",0,1,1,2,0,232300007,332300007,0.996047561117332,0.988160087568167,0,0,1,0,0,5,8,428,429,0.130336,ADD_M1_M3,G003,0,NaN,ADD_M1_M3,167.037924806117,167.037924806117,210.931386542893,43.8934617367758,ADD_M1_M3,1,103.211037156843,1.20711206757417,0,1,REJECTED,fit_quality_gate,0,0
T_reachable_EXT_111_008,T_reachable,EXT_111,Zin50,B,0,EXT_111,"M=20,20,20,20,|T=0,0,0,0,|B=1,15,1,50;2,15,1,50;3,15,1,50;",0,1,1,2,0,232300008,332300008,1.00285559888014,1.18774902916379,0,0,1,0,0,3,3,170,171,0.049657,G003,G002,0,NaN,G003,196.163639014634,196.163639014634,241.891439180943,45.727800166309,G003,1,109.9330954791,1.20711206757417,0,0,REJECTED,fit_quality_gate,0,0
T_reachable_EXT_111_008,T_reachable,EXT_111,Zin50,C,5,EXT_111,"M=20,20,20,20,|T=0,0,0,0,|B=1,15,1,50;2,15,1,50;3,15,1,50;",0,1,1,2,0,232300008,332300008,1.00285559888014,1.18774902916379,0,0,1,0,0,5,8,432,433,0.128985,ADD_M1_M3,G003,0,NaN,ADD_M1_M3,155.338497992027,155.338497992027,196.163639014634,40.825141022607,ADD_M1_M3,1,106.209691808401,1.20711206757417,0,1,REJECTED,fit_quality_gate,0,0
T_reachable_EXT_111_009,T_reachable,EXT_111,Zin50,B,0,EXT_111,"M=20,20,20,20,|T=0,0,0,0,|B=1,15,1,50;2,15,1,50;3,15,1,50;",0,1,1,2,0,232300009,332300009,0.984730838454395,0.801816510097153,0,0,1,0,0,3,3,188,189,0.086382,G003,G002,0,NaN,G003,235.802951492234,235.802951492234,280.996427019205,45.1934755269707,G003,1,108.211987492186,1.20711206757417,0,0,REJECTED,fit_quality_gate,0,0
T_reachable_EXT_111_009,T_reachable,EXT_111,Zin50,C,5,EXT_111,"M=20,20,20,20,|T=0,0,0,0,|B=1,15,1,50;2,15,1,50;3,15,1,50;",0,1,1,2,0,232300009,332300009,0.984730838454395,0.801816510097153,0,0,1,0,0,5,8,470,471,0.141622,ADD_M1_M3,G003,0,NaN,ADD_M1_M3,187.917271896747,187.917271896747,235.802951492234,47.8856795954876,ADD_M1_M3,1,98.6514120866572,1.20711206757417,0,1,REJECTED,fit_quality_gate,0,0
T_reachable_EXT_111_010,T_reachable,EXT_111,Zin50,B,0,EXT_111,"M=20,20,20,20,|T=0,0,0,0,|B=1,15,1,50;2,15,1,50;3,15,1,50;",0,1,1,2,0,232300010,332300010,0.990764391667185,0.991053705242658,0,0,1,0,0,3,3,188,189,0.053486,G003,G002,0,NaN,G003,214.612007059063,214.612007059063,258.502455200516,43.890448141453,G003,1,109.624531127565,1.20711206757417,0,0,REJECTED,fit_quality_gate,0,0
T_reachable_EXT_111_010,T_reachable,EXT_111,Zin50,C,5,EXT_111,"M=20,20,20,20,|T=0,0,0,0,|B=1,15,1,50;2,15,1,50;3,15,1,50;",0,1,1,2,0,232300010,332300010,0.990764391667185,0.991053705242658,0,0,1,0,0,5,8,476,477,0.140656,ADD_M1_M3,G003,0,NaN,ADD_M1_M3,166.661802663419,166.661802663419,214.612007059063,47.9502043956443,ADD_M1_M3,1,98.6674718162182,1.20711206757417,0,1,REJECTED,fit_quality_gate,0,0
T_reachable_EXT_021_001,T_reachable,EXT_021,Zin50,B,0,EXT_021,"M=20,20,20,20,|T=0,0,0,0,|B=2,15,1,50;2,15,1,50;3,15,1,50;",0,1,1,2,0,231800001,331800001,0.980091288420694,0.909901313291851,0,0,1,0,0,3,3,162,163,0.050262,G002,G001,0,NaN,G002,162.943635139054,162.943635139054,327.606700296192,164.663065157138,G002,1,109.768392876401,1.20711206757417,0,0,REJECTED,fit_quality_gate,0,0
T_reachable_EXT_021_001,T_reachable,EXT_021,Zin50,C,5,EXT_021,"M=20,20,20,20,|T=0,0,0,0,|B=2,15,1,50;2,15,1,50;3,15,1,50;",0,1,1,2,0,231800001,331800001,0.980091288420694,0.909901313291851,0,0,1,0,0,5,8,393,394,0.123164,ADD_M2_M3,G002,0,NaN,ADD_M2_M3,121.942081109462,121.942081109462,162.943635139054,41.0015540295927,ADD_M2_M3,1,86.4131897667452,1.20711206757417,0,1,REJECTED,fit_quality_gate,0,0
T_reachable_EXT_021_002,T_reachable,EXT_021,Zin50,B,0,EXT_021,"M=20,20,20,20,|T=0,0,0,0,|B=2,15,1,50;2,15,1,50;3,15,1,50;",0,1,1,2,0,231800002,331800002,1.00637302375357,1.1491780192423,0,0,1,0,0,3,3,166,167,0.049578,G002,G001,0,NaN,G002,148.450223438326,148.450223438326,318.157168857178,169.706945418853,G002,1,115.11256228062,1.20711206757417,0,0,REJECTED,fit_quality_gate,0,0
T_reachable_EXT_021_002,T_reachable,EXT_021,Zin50,C,5,EXT_021,"M=20,20,20,20,|T=0,0,0,0,|B=2,15,1,50;2,15,1,50;3,15,1,50;",0,1,1,2,0,231800002,331800002,1.00637302375357,1.1491780192423,0,0,1,0,0,5,8,406,407,0.123553,ADD_M2_M3,G002,0,NaN,ADD_M2_M3,104.779488945857,104.779488945857,148.450223438326,43.6707344924688,ADD_M2_M3,1,85.5622204771989,1.20711206757417,0,1,REJECTED,fit_quality_gate,0,0
T_reachable_EXT_021_003,T_reachable,EXT_021,Zin50,B,0,EXT_021,"M=20,20,20,20,|T=0,0,0,0,|B=2,15,1,50;2,15,1,50;3,15,1,50;",0,1,1,2,0,231800003,331800003,0.98034917735092,0.977370943701964,0,0,1,0,0,3,3,162,163,0.048349,G002,G001,0,NaN,G002,160.070900963509,160.070900963509,324.027285042986,163.956384079476,G002,1,108.787491111513,1.20711206757417,0,0,REJECTED,fit_quality_gate,0,0
T_reachable_EXT_021_003,T_reachable,EXT_021,Zin50,C,5,EXT_021,"M=20,20,20,20,|T=0,0,0,0,|B=2,15,1,50;2,15,1,50;3,15,1,50;",0,1,1,2,0,231800003,331800003,0.98034917735092,0.977370943701964,0,0,1,0,0,5,8,393,394,0.11958,ADD_M2_M3,G002,0,NaN,ADD_M2_M3,119.237898416692,119.237898416692,160.070900963509,40.8330025468175,ADD_M2_M3,1,85.1146798010156,1.20711206757417,0,1,REJECTED,fit_quality_gate,0,0
T_reachable_EXT_021_004,T_reachable,EXT_021,Zin50,B,0,EXT_021,"M=20,20,20,20,|T=0,0,0,0,|B=2,15,1,50;2,15,1,50;3,15,1,50;",0,1,1,2,0,231800004,331800004,1.00652806871223,1.05926401515962,0,0,1,0,0,3,3,166,167,0.050449,G002,G001,0,NaN,G002,149.345437667296,149.345437667296,320.876899325723,171.531461658427,G002,1,115.563156097857,1.20711206757417,0,0,REJECTED,fit_quality_gate,0,0
T_reachable_EXT_021_004,T_reachable,EXT_021,Zin50,C,5,EXT_021,"M=20,20,20,20,|T=0,0,0,0,|B=2,15,1,50;2,15,1,50;3,15,1,50;",0,1,1,2,0,231800004,331800004,1.00652806871223,1.05926401515962,0,0,1,0,0,5,8,405,406,0.12187,ADD_M2_M3,G002,0,NaN,ADD_M2_M3,106.124273488508,106.124273488508,149.345437667296,43.2211641787883,ADD_M2_M3,1,86.6240913553164,1.20711206757417,0,1,REJECTED,fit_quality_gate,0,0
T_reachable_EXT_021_005,T_reachable,EXT_021,Zin50,B,0,EXT_021,"M=20,20,20,20,|T=0,0,0,0,|B=2,15,1,50;2,15,1,50;3,15,1,50;",0,1,1,2,0,231800005,331800005,1.01823783296738,0.828631938747896,0,0,1,0,0,3,3,145,146,0.043612,G002,G001,0,NaN,G002,154.908331984359,154.908331984359,340.829612968503,185.921280984144,G002,1,112.259158439064,1.20711206757417,0,0,REJECTED,fit_quality_gate,0,0
T_reachable_EXT_021_005,T_reachable,EXT_021,Zin50,C,5,EXT_021,"M=20,20,20,20,|T=0,0,0,0,|B=2,15,1,50;2,15,1,50;3,15,1,50;",0,1,1,2,0,231800005,331800005,1.01823783296738,0.828631938747896,0,0,1,0,0,5,8,380,381,0.11644,ADD_M2_M3,G002,0,NaN,ADD_M2_M3,114.420514887637,114.420514887637,154.908331984359,40.4878170967226,ADD_M2_M3,1,81.5422426762367,1.20711206757417,0,1,REJECTED,fit_quality_gate,0,0
T_reachable_EXT_021_006,T_reachable,EXT_021,Zin50,B,0,EXT_021,"M=20,20,20,20,|T=0,0,0,0,|B=2,15,1,50;2,15,1,50;3,15,1,50;",0,1,1,2,0,231800006,331800006,1.00125619767031,0.86726264464831,0,0,1,0,0,3,3,166,167,0.049817,G002,G001,0,NaN,G002,154.180767921118,154.180767921118,325.973853342594,171.793085421476,G002,1,117.836622492598,1.20711206757417,0,0,REJECTED,fit_quality_gate,0,0
T_reachable_EXT_021_006,T_reachable,EXT_021,Zin50,C,5,EXT_021,"M=20,20,20,20,|T=0,0,0,0,|B=2,15,1,50;2,15,1,50;3,15,1,50;",0,1,1,2,0,231800006,331800006,1.00125619767031,0.86726264464831,0,0,1,0,0,5,8,403,404,0.122586,ADD_M2_M3,G002,0,NaN,ADD_M2_M3,110.415639459287,110.415639459287,154.180767921118,43.765128461831,ADD_M2_M3,1,92.3303579208997,1.20711206757417,0,1,REJECTED,fit_quality_gate,0,0
T_reachable_EXT_021_007,T_reachable,EXT_021,Zin50,B,0,EXT_021,"M=20,20,20,20,|T=0,0,0,0,|B=2,15,1,50;2,15,1,50;3,15,1,50;",0,1,1,2,0,231800007,331800007,0.986885365338252,0.947285065002071,0,0,1,0,0,3,3,162,163,0.047696,G002,G001,0,NaN,G002,157.732112592708,157.732112592708,322.006150362596,164.274037769888,G002,1,109.664035070341,1.20711206757417,0,0,REJECTED,fit_quality_gate,0,0
T_reachable_EXT_021_007,T_reachable,EXT_021,Zin50,C,5,EXT_021,"M=20,20,20,20,|T=0,0,0,0,|B=2,15,1,50;2,15,1,50;3,15,1,50;",0,1,1,2,0,231800007,331800007,0.986885365338252,0.947285065002071,0,0,1,0,0,5,8,397,398,0.11957,ADD_M2_M3,G002,0,NaN,ADD_M2_M3,115.729230830059,115.729230830059,157.732112592708,42.0028817626487,ADD_M2_M3,1,86.1208197674757,1.20711206757417,0,1,REJECTED,fit_quality_gate,0,0
T_reachable_EXT_021_008,T_reachable,EXT_021,Zin50,B,0,EXT_021,"M=20,20,20,20,|T=0,0,0,0,|B=2,15,1,50;2,15,1,50;3,15,1,50;",0,1,1,2,0,231800008,331800008,1.00956071226801,0.834475123360377,0,0,1,0,0,3,3,166,167,0.049115,G002,G001,0,NaN,G002,153.807583010062,153.807583010062,331.313052227636,177.505469217573,G002,1,116.350030803324,1.20711206757417,0,0,REJECTED,fit_quality_gate,0,0
T_reachable_EXT_021_008,T_reachable,EXT_021,Zin50,C,5,EXT_021,"M=20,20,20,20,|T=0,0,0,0,|B=2,15,1,50;2,15,1,50;3,15,1,50;",0,1,1,2,0,231800008,331800008,1.00956071226801,0.834475123360377,0,0,1,0,0,5,8,408,409,0.123371,ADD_M2_M3,G002,0,NaN,ADD_M2_M3,111.115076232303,111.115076232303,153.807583010062,42.6925067777589,ADD_M2_M3,1,87.6071051141179,1.20711206757417,0,1,REJECTED,fit_quality_gate,0,0
T_reachable_EXT_021_009,T_reachable,EXT_021,Zin50,B,0,EXT_021,"M=20,20,20,20,|T=0,0,0,0,|B=2,15,1,50;2,15,1,50;3,15,1,50;",0,1,1,2,0,231800009,331800009,0.983450815195425,0.927170396622051,0,0,1,0,0,3,3,162,163,0.049028,G002,G001,0,NaN,G002,160.164504650018,160.164504650018,324.23344627166,164.068941621642,G002,1,109.139330941862,1.20711206757417,0,0,REJECTED,fit_quality_gate,0,0
T_reachable_EXT_021_009,T_reachable,EXT_021,Zin50,C,5,EXT_021,"M=20,20,20,20,|T=0,0,0,0,|B=2,15,1,50;2,15,1,50;3,15,1,50;",0,1,1,2,0,231800009,331800009,0.983450815195425,0.927170396622051,0,0,1,0,0,5,8,395,396,0.119518,ADD_M2_M3,G002,0,NaN,ADD_M2_M3,118.803453600242,118.803453600242,160.164504650018,41.3610510497763,ADD_M2_M3,1,85.7605588648023,1.20711206757417,0,1,REJECTED,fit_quality_gate,0,0
T_reachable_EXT_021_010,T_reachable,EXT_021,Zin50,B,0,EXT_021,"M=20,20,20,20,|T=0,0,0,0,|B=2,15,1,50;2,15,1,50;3,15,1,50;",0,1,1,2,0,231800010,331800010,1.00940951839313,1.09462463695743,0,0,1,0,0,3,3,166,167,0.049439,G002,G001,0,NaN,G002,148.699539685385,148.699539685385,321.639634424604,172.94009473922,G002,1,113.96431940594,1.20711206757417,0,0,REJECTED,fit_quality_gate,0,0
T_reachable_EXT_021_010,T_reachable,EXT_021,Zin50,C,5,EXT_021,"M=20,20,20,20,|T=0,0,0,0,|B=2,15,1,50;2,15,1,50;3,15,1,50;",0,1,1,2,0,231800010,331800010,1.00940951839313,1.09462463695743,0,0,1,0,0,5,8,407,408,0.127579,ADD_M2_M3,G002,0,NaN,ADD_M2_M3,105.883630113152,105.883630113152,148.699539685385,42.8159095722331,ADD_M2_M3,1,84.2095394879327,1.20711206757417,0,1,REJECTED,fit_quality_gate,0,0
T_grammar_out_MID30_001,T_grammar_out,MID30,Zin50,B,0,MID30,"M=20,10,10,20,20,|T=0,0,0,0,0,|B=2,15,1,50;",0,0,0,Inf,0,242800001,342800001,0.983716543362399,0.967417677027269,0,0,0,0,0,3,3,142,143,0.04253,G001,G002,0,NaN,G001,231.775181143054,231.775181143054,292.437165627807,60.6619844847527,G001,1,241.132326036285,1.20711206757417,0,0,REJECTED,fit_quality_gate,0,0
T_grammar_out_MID30_001,T_grammar_out,MID30,Zin50,C,5,MID30,"M=20,10,10,20,20,|T=0,0,0,0,0,|B=2,15,1,50;",0,0,0,Inf,0,242800001,342800001,0.983716543362399,0.967417677027269,0,0,0,0,0,5,8,408,409,0.125764,G001,MIRROR_M3,0,NaN,G001,231.775181143054,231.775181143054,286.044676947896,54.2694958048421,G001,1,241.132326036285,1.20711206757417,0,1,REJECTED,fit_quality_gate,0,0
T_grammar_out_MID30_002,T_grammar_out,MID30,Zin50,B,0,MID30,"M=20,10,10,20,20,|T=0,0,0,0,0,|B=2,15,1,50;",0,0,0,Inf,0,242800002,342800002,1.01484371112145,1.16052876468506,0,0,0,0,0,3,3,142,143,0.04235,G001,G002,0,NaN,G001,243.651223833853,243.651223833853,285.085159299246,41.4339354653928,G001,1,211.821256043393,1.20711206757417,0,0,REJECTED,fit_quality_gate,0,0
T_grammar_out_MID30_002,T_grammar_out,MID30,Zin50,C,5,MID30,"M=20,10,10,20,20,|T=0,0,0,0,0,|B=2,15,1,50;",0,0,0,Inf,0,242800002,342800002,1.01484371112145,1.16052876468506,0,0,0,0,0,5,8,402,403,0.124624,G001,MIRROR_M3,0,NaN,G001,243.651223833853,243.651223833853,264.836210015482,21.1849861816283,G001,1,211.821256043393,1.20711206757417,0,1,REJECTED,fit_quality_gate,0,0
T_grammar_out_MID30_003,T_grammar_out,MID30,Zin50,B,0,MID30,"M=20,10,10,20,20,|T=0,0,0,0,0,|B=2,15,1,50;",0,0,0,Inf,0,242800003,342800003,0.996335571763129,0.863042137829078,0,0,0,0,0,3,3,166,167,0.049576,G001,G002,0,NaN,G001,246.19515477685,246.19515477685,301.315763132114,55.1206083552635,G001,1,226.233194898113,1.20711206757417,0,0,REJECTED,fit_quality_gate,0,0
T_grammar_out_MID30_003,T_grammar_out,MID30,Zin50,C,5,MID30,"M=20,10,10,20,20,|T=0,0,0,0,0,|B=2,15,1,50;",0,0,0,Inf,0,242800003,342800003,0.996335571763129,0.863042137829078,0,0,0,0,0,5,8,456,457,0.139943,G001,MIRROR_M3,0,NaN,G001,246.19515477685,246.19515477685,286.334904354612,40.1397495777617,G001,1,226.233194898113,1.20711206757417,0,1,REJECTED,fit_quality_gate,0,0
T_grammar_out_MID30_004,T_grammar_out,MID30,Zin50,B,0,MID30,"M=20,10,10,20,20,|T=0,0,0,0,0,|B=2,15,1,50;",0,0,0,Inf,0,242800004,342800004,1.00595996426783,1.05350647178938,0,0,0,0,0,3,3,138,139,0.041013,G001,G002,0,NaN,G001,245.851425604805,245.851425604805,294.083224579146,48.2317989743409,G001,1,216.809797456691,1.20711206757417,0,0,REJECTED,fit_quality_gate,0,0
T_grammar_out_MID30_004,T_grammar_out,MID30,Zin50,C,5,MID30,"M=20,10,10,20,20,|T=0,0,0,0,0,|B=2,15,1,50;",0,0,0,Inf,0,242800004,342800004,1.00595996426783,1.05350647178938,0,0,0,0,0,5,8,396,397,0.122111,G001,MIRROR_M3,0,NaN,G001,245.851425604805,245.851425604805,274.313145395284,28.4617197904795,G001,1,216.809797456691,1.20711206757417,0,1,REJECTED,fit_quality_gate,0,0
T_grammar_out_MID30_005,T_grammar_out,MID30,Zin50,B,0,MID30,"M=20,10,10,20,20,|T=0,0,0,0,0,|B=2,15,1,50;",0,0,0,Inf,0,242800005,342800005,0.985142005802534,1.18528114799685,0,0,0,0,0,3,3,140,141,0.041315,G001,G002,0,NaN,G001,226.321236751309,226.321236751309,288.241839805947,61.9206030546382,G001,1,233.046260427794,1.20711206757417,0,0,REJECTED,fit_quality_gate,0,0
T_grammar_out_MID30_005,T_grammar_out,MID30,Zin50,C,5,MID30,"M=20,10,10,20,20,|T=0,0,0,0,0,|B=2,15,1,50;",0,0,0,Inf,0,242800005,342800005,0.985142005802534,1.18528114799685,0,0,0,0,0,5,8,406,407,0.127062,G001,MIRROR_M3,0,NaN,G001,226.321236751309,226.321236751309,278.144487368242,51.8232506169329,G001,1,233.046260427794,1.20711206757417,0,1,REJECTED,fit_quality_gate,0,0
T_grammar_out_MID30_006,T_grammar_out,MID30,Zin50,B,0,MID30,"M=20,10,10,20,20,|T=0,0,0,0,0,|B=2,15,1,50;",0,0,0,Inf,0,242800006,342800006,0.987682000373989,0.802206314827554,0,0,0,0,0,3,3,166,167,0.049869,G001,G002,0,NaN,G001,240.991157688027,240.991157688027,297.598660508507,56.6075028204802,G001,1,238.922756578323,1.20711206757417,0,0,REJECTED,fit_quality_gate,0,0
T_grammar_out_MID30_006,T_grammar_out,MID30,Zin50,C,5,MID30,"M=20,10,10,20,20,|T=0,0,0,0,0,|B=2,15,1,50;",0,0,0,Inf,0,242800006,342800006,0.987682000373989,0.802206314827554,0,0,0,0,0,5,8,452,453,0.138639,G001,MIRROR_M3,0,NaN,G001,240.991157688027,240.991157688027,291.5386460039,50.5474883158732,G001,1,238.922756578323,1.20711206757417,0,1,REJECTED,fit_quality_gate,0,0
T_grammar_out_MID30_007,T_grammar_out,MID30,Zin50,B,0,MID30,"M=20,10,10,20,20,|T=0,0,0,0,0,|B=2,15,1,50;",0,0,0,Inf,0,242800007,342800007,0.982262275505921,0.94177983753489,0,0,0,0,0,3,3,140,141,0.041062,G001,G002,0,NaN,G001,231.678988023407,231.678988023407,292.936896200749,61.2579081773418,G001,1,244.355913339864,1.20711206757417,0,0,REJECTED,fit_quality_gate,0,0
T_grammar_out_MID30_007,T_grammar_out,MID30,Zin50,C,5,MID30,"M=20,10,10,20,20,|T=0,0,0,0,0,|B=2,15,1,50;",0,0,0,Inf,0,242800007,342800007,0.982262275505921,0.94177983753489,0,0,0,0,0,5,8,406,407,0.124692,G001,MIRROR_M3,0,NaN,G001,231.678988023407,231.678988023407,287.618548404296,55.939560380889,G001,1,244.355913339864,1.20711206757417,0,1,REJECTED,fit_quality_gate,0,0
T_grammar_out_MID30_008,T_grammar_out,MID30,Zin50,B,0,MID30,"M=20,10,10,20,20,|T=0,0,0,0,0,|B=2,15,1,50;",0,0,0,Inf,0,242800008,342800008,1.00494674444873,1.06052210729358,0,0,0,0,0,3,3,142,143,0.042004,G001,G002,0,NaN,G001,244.82022250684,244.82022250684,294.134821586919,49.314599080079,G001,1,217.259211085789,1.20711206757417,0,0,REJECTED,fit_quality_gate,0,0
T_grammar_out_MID30_008,T_grammar_out,MID30,Zin50,C,5,MID30,"M=20,10,10,20,20,|T=0,0,0,0,0,|B=2,15,1,50;",0,0,0,Inf,0,242800008,342800008,1.00494674444873,1.06052210729358,0,0,0,0,0,5,8,404,405,0.126458,G001,MIRROR_M3,0,NaN,G001,244.82022250684,244.82022250684,274.21303280249,29.3928102956498,G001,1,217.259211085789,1.20711206757417,0,1,REJECTED,fit_quality_gate,0,0
T_grammar_out_MID30_009,T_grammar_out,MID30,Zin50,B,0,MID30,"M=20,10,10,20,20,|T=0,0,0,0,0,|B=2,15,1,50;",0,0,0,Inf,0,242800009,342800009,0.987435447804454,1.09805321826806,0,0,0,0,0,3,3,144,145,0.050857,G001,G002,0,NaN,G001,229.994811048108,229.994811048108,289.84395799509,59.8491469469828,G001,1,231.694114163939,1.20711206757417,0,0,REJECTED,fit_quality_gate,0,0
T_grammar_out_MID30_009,T_grammar_out,MID30,Zin50,C,5,MID30,"M=20,10,10,20,20,|T=0,0,0,0,0,|B=2,15,1,50;",0,0,0,Inf,0,242800009,342800009,0.987435447804454,1.09805321826806,0,0,0,0,0,5,8,408,409,0.123285,G001,MIRROR_M3,0,NaN,G001,229.994811048108,229.994811048108,279.571330268812,49.5765192207043,G001,1,231.694114163939,1.20711206757417,0,1,REJECTED,fit_quality_gate,0,0
T_grammar_out_MID30_010,T_grammar_out,MID30,Zin50,B,0,MID30,"M=20,10,10,20,20,|T=0,0,0,0,0,|B=2,15,1,50;",0,0,0,Inf,0,242800010,342800010,1.00731847402506,1.10541904138986,0,0,0,0,0,3,3,134,135,0.039278,G001,G002,0,NaN,G001,244.47846639349,244.47846639349,291.594980770946,47.1165143774554,G001,1,215.056005360749,1.20711206757417,0,0,REJECTED,fit_quality_gate,0,0
T_grammar_out_MID30_010,T_grammar_out,MID30,Zin50,C,5,MID30,"M=20,10,10,20,20,|T=0,0,0,0,0,|B=2,15,1,50;",0,0,0,Inf,0,242800010,342800010,1.00731847402506,1.10541904138986,0,0,0,0,0,5,8,386,387,0.116771,G001,MIRROR_M3,0,NaN,G001,244.47846639349,244.47846639349,271.217209545215,26.7387431517244,G001,1,215.056005360749,1.20711206757417,0,1,REJECTED,fit_quality_gate,0,0
T_grammar_out_MID50_001,T_grammar_out,MID50,Zin50,B,0,MID50,"M=20,20,10,10,20,|T=0,0,0,0,0,|B=3,15,1,50;",0,0,0,Inf,0,242900001,342900001,0.993825457114523,0.945602971358004,0,0,0,0,0,3,3,146,147,0.041728,G001,G002,0,NaN,G001,238.8768436701,238.8768436701,259.686322316285,20.8094786461852,G001,1,209.268914254408,1.20711206757417,0,0,REJECTED,fit_quality_gate,0,0
T_grammar_out_MID50_001,T_grammar_out,MID50,Zin50,C,5,MID50,"M=20,20,10,10,20,|T=0,0,0,0,0,|B=3,15,1,50;",0,0,0,Inf,0,242900001,342900001,0.993825457114523,0.945602971358004,0,0,0,0,0,5,8,408,409,0.123316,MIRROR_M3,G001,0,NaN,MIRROR_M3,231.466151524157,231.466151524157,238.8768436701,7.41069214594268,MIRROR_M3,1,177.521111153344,1.20711206757417,0,1,REJECTED,fit_quality_gate,0,0
T_grammar_out_MID50_002,T_grammar_out,MID50,Zin50,B,0,MID50,"M=20,20,10,10,20,|T=0,0,0,0,0,|B=3,15,1,50;",0,0,0,Inf,0,242900002,342900002,1.01886536154462,1.11367549770806,0,0,0,0,0,3,3,160,161,0.046296,G001,G002,0,NaN,G001,228.882052505386,228.882052505386,248.115120239754,19.2330677343683,G001,1,214.001304070685,1.20711206757417,0,0,REJECTED,fit_quality_gate,0,0
T_grammar_out_MID50_002,T_grammar_out,MID50,Zin50,C,5,MID50,"M=20,20,10,10,20,|T=0,0,0,0,0,|B=3,15,1,50;",0,0,0,Inf,0,242900002,342900002,1.01886536154462,1.11367549770806,0,0,0,0,0,5,8,440,441,0.130116,MIRROR_M3,G001,0,NaN,MIRROR_M3,215.78558689417,215.78558689417,228.882052505386,13.0964656112163,MIRROR_M3,1,169.210741150028,1.20711206757417,0,1,REJECTED,fit_quality_gate,0,0
T_grammar_out_MID50_003,T_grammar_out,MID50,Zin50,B,0,MID50,"M=20,20,10,10,20,|T=0,0,0,0,0,|B=3,15,1,50;",0,0,0,Inf,0,242900003,342900003,0.986680603502236,0.92295269156599,0,0,0,0,0,3,3,140,141,0.041102,G001,G002,0,NaN,G001,242.257623513759,242.257623513759,259.205514952428,16.9478914386685,G001,1,212.417220752925,1.20711206757417,0,0,REJECTED,fit_quality_gate,0,0
T_grammar_out_MID50_003,T_grammar_out,MID50,Zin50,C,5,MID50,"M=20,20,10,10,20,|T=0,0,0,0,0,|B=3,15,1,50;",0,0,0,Inf,0,242900003,342900003,0.986680603502236,0.92295269156599,0,0,0,0,0,5,8,370,371,0.109558,MIRROR_M3,G001,0,NaN,MIRROR_M3,233.299436958191,233.299436958191,242.257623513759,8.9581865555688,MIRROR_M3,1,178.273167958479,1.20711206757417,0,1,REJECTED,fit_quality_gate,0,0
T_grammar_out_MID50_004,T_grammar_out,MID50,Zin50,B,0,MID50,"M=20,20,10,10,20,|T=0,0,0,0,0,|B=3,15,1,50;",0,0,0,Inf,0,242900004,342900004,0.998841131381175,0.906297783747369,0,0,0,0,0,3,3,148,149,0.041925,G001,G002,0,NaN,G001,240.916051040888,240.916051040888,261.855344105972,20.9392930650842,G001,1,210.899969989859,1.20711206757417,0,0,REJECTED,fit_quality_gate,0,0
T_grammar_out_MID50_004,T_grammar_out,MID50,Zin50,C,5,MID50,"M=20,20,10,10,20,|T=0,0,0,0,0,|B=3,15,1,50;",0,0,0,Inf,0,242900004,342900004,0.998841131381175,0.906297783747369,0,0,0,0,0,5,8,412,413,0.122448,MIRROR_M3,G001,0,NaN,MIRROR_M3,230.831987551819,230.831987551819,240.916051040888,10.0840634890687,MIRROR_M3,1,178.696152010754,1.20711206757417,0,1,REJECTED,fit_quality_gate,0,0
T_grammar_out_MID50_005,T_grammar_out,MID50,Zin50,B,0,MID50,"M=20,20,10,10,20,|T=0,0,0,0,0,|B=3,15,1,50;",0,0,0,Inf,0,242900005,342900005,1.00019422655809,0.913100211714432,0,0,0,0,0,3,3,142,143,0.040673,G001,G002,0,NaN,G001,240.687405433718,240.687405433718,261.836055333044,21.1486498993255,G001,1,211.593360337897,1.20711206757417,0,0,REJECTED,fit_quality_gate,0,0
T_grammar_out_MID50_005,T_grammar_out,MID50,Zin50,C,5,MID50,"M=20,20,10,10,20,|T=0,0,0,0,0,|B=3,15,1,50;",0,0,0,Inf,0,242900005,342900005,1.00019422655809,0.913100211714432,0,0,0,0,0,5,8,402,403,0.119418,MIRROR_M3,G001,0,NaN,MIRROR_M3,229.934052539777,229.934052539777,240.687405433718,10.7533528939414,MIRROR_M3,1,178.963681841253,1.20711206757417,0,1,REJECTED,fit_quality_gate,0,0
T_grammar_out_MID50_006,T_grammar_out,MID50,Zin50,B,0,MID50,"M=20,20,10,10,20,|T=0,0,0,0,0,|B=3,15,1,50;",0,0,0,Inf,0,242900006,342900006,0.991373303219484,1.02976728177452,0,0,0,0,0,3,3,138,139,0.040768,G001,G002,0,NaN,G001,235.269319337635,235.269319337635,257.187607094555,21.9182877569201,G001,1,207.875845979211,1.20711206757417,0,0,REJECTED,fit_quality_gate,0,0
T_grammar_out_MID50_006,T_grammar_out,MID50,Zin50,C,5,MID50,"M=20,20,10,10,20,|T=0,0,0,0,0,|B=3,15,1,50;",0,0,0,Inf,0,242900006,342900006,0.991373303219484,1.02976728177452,0,0,0,0,0,5,8,392,393,0.11857,MIRROR_M3,G001,0,NaN,MIRROR_M3,230.002132370741,230.002132370741,235.269319337635,5.26718696689323,MIRROR_M3,1,176.089080449533,1.20711206757417,0,1,REJECTED,fit_quality_gate,0,0
T_grammar_out_MID50_007,T_grammar_out,MID50,Zin50,B,0,MID50,"M=20,20,10,10,20,|T=0,0,0,0,0,|B=3,15,1,50;",0,0,0,Inf,0,242900007,342900007,1.00387612519048,0.902367725055742,0,0,0,0,0,3,3,142,143,0.04173,G001,G002,0,NaN,G001,241.036523471465,241.036523471465,263.351286332936,22.3147628614715,G001,1,216.161782187804,1.20711206757417,0,0,REJECTED,fit_quality_gate,0,0
T_grammar_out_MID50_007,T_grammar_out,MID50,Zin50,C,5,MID50,"M=20,20,10,10,20,|T=0,0,0,0,0,|B=3,15,1,50;",0,0,0,Inf,0,242900007,342900007,1.00387612519048,0.902367725055742,0,0,0,0,0,5,8,400,401,0.120473,MIRROR_M3,G001,0,NaN,MIRROR_M3,228.485604128137,228.485604128137,241.036523471465,12.550919343328,MIRROR_M3,1,179.33722111319,1.20711206757417,0,1,REJECTED,fit_quality_gate,0,0
T_grammar_out_MID50_008,T_grammar_out,MID50,Zin50,B,0,MID50,"M=20,20,10,10,20,|T=0,0,0,0,0,|B=3,15,1,50;",0,0,0,Inf,0,242900008,342900008,1.00506748138176,0.927990249180435,0,0,0,0,0,3,3,138,139,0.040042,G001,G002,0,NaN,G001,239.699681165958,239.699681165958,263.21723078526,23.5175496193021,G001,1,217.639563817449,1.20711206757417,0,0,REJECTED,fit_quality_gate,0,0
T_grammar_out_MID50_008,T_grammar_out,MID50,Zin50,C,5,MID50,"M=20,20,10,10,20,|T=0,0,0,0,0,|B=3,15,1,50;",0,0,0,Inf,0,242900008,342900008,1.00506748138176,0.927990249180435,0,0,0,0,0,5,8,394,395,0.11872,MIRROR_M3,G001,0,NaN,MIRROR_M3,227.452910726855,227.452910726855,239.699681165958,12.2467704391031,MIRROR_M3,1,178.413399793689,1.20711206757417,0,1,REJECTED,fit_quality_gate,0,0
T_grammar_out_MID50_009,T_grammar_out,MID50,Zin50,B,0,MID50,"M=20,20,10,10,20,|T=0,0,0,0,0,|B=3,15,1,50;",0,0,0,Inf,0,242900009,342900009,0.986129211753495,0.856667984299075,0,0,0,0,0,3,3,140,141,0.04064,G001,G002,0,NaN,G001,246.232686420239,246.232686420239,261.554536936646,15.3218505164068,G001,1,214.33054505211,1.20711206757417,0,0,REJECTED,fit_quality_gate,0,0
T_grammar_out_MID50_009,T_grammar_out,MID50,Zin50,C,5,MID50,"M=20,20,10,10,20,|T=0,0,0,0,0,|B=3,15,1,50;",0,0,0,Inf,0,242900009,342900009,0.986129211753495,0.856667984299075,0,0,0,0,0,5,8,370,371,0.110064,MIRROR_M3,G001,0,NaN,MIRROR_M3,235.36999050366,235.36999050366,246.232686420239,10.8626959165794,MIRROR_M3,1,179.565227782809,1.20711206757417,0,1,REJECTED,fit_quality_gate,0,0
T_grammar_out_MID50_010,T_grammar_out,MID50,Zin50,B,0,MID50,"M=20,20,10,10,20,|T=0,0,0,0,0,|B=3,15,1,50;",0,0,0,Inf,0,242900010,342900010,0.98884908128585,1.00013073051934,0,0,0,0,0,3,3,134,135,0.039073,G001,G002,0,NaN,G001,237.48276640788,237.48276640788,257.333642174707,19.850875766827,G001,1,209.217860387243,1.20711206757417,0,0,REJECTED,fit_quality_gate,0,0
T_grammar_out_MID50_010,T_grammar_out,MID50,Zin50,C,5,MID50,"M=20,20,10,10,20,|T=0,0,0,0,0,|B=3,15,1,50;",0,0,0,Inf,0,242900010,342900010,0.98884908128585,1.00013073051934,0,0,0,0,0,5,8,356,357,0.109627,MIRROR_M3,G001,0,NaN,MIRROR_M3,230.7949270044,230.7949270044,237.48276640788,6.68783940347996,MIRROR_M3,1,176.685237554095,1.20711206757417,0,1,REJECTED,fit_quality_gate,0,0
T_domain_G002_001,T_domain,G002_domain_out,Zin50,B,0,G002,"M=20,20,20,20,|T=0,0,0,0,|B=2,15,1,50;",1,1,1,0,1,251400001,351400001,1.15,0.885326870616278,0,1,0,0,1,3,3,160,161,0.046127,G002,G001,1,267.994089659742,G001,290.489282898385,267.994089659742,290.489282898385,22.4951932386423,G002,1,276.172807019413,1.20711206757417,0,0,REJECTED,fit_quality_gate,0,0
T_domain_G002_001,T_domain,G002_domain_out,Zin50,C,5,G002,"M=20,20,20,20,|T=0,0,0,0,|B=2,15,1,50;",1,1,1,0,1,251400001,351400001,1.15,0.885326870616278,0,1,0,0,0,5,8,438,439,0.131863,ADD_M2_M3,MIRROR_M3,3,267.994089659742,ADD_M2_M3,257.789349859823,257.789349859823,261.70916777572,3.9198179158974,ADD_M2_M3,1,260.200665644891,1.20711206757417,0,1,REJECTED,fit_quality_gate,0,0
T_domain_G002_002,T_domain,G002_domain_out,Zin50,B,0,G002,"M=20,20,20,20,|T=0,0,0,0,|B=2,15,1,50;",1,1,1,0,1,251400002,351400002,1.15,0.904518816542838,0,1,0,0,1,3,3,162,163,0.047753,G002,G001,1,267.163545860122,G001,289.780688174955,267.163545860122,289.780688174955,22.6171423148331,G002,1,274.957419677219,1.20711206757417,0,0,REJECTED,fit_quality_gate,0,0
T_domain_G002_002,T_domain,G002_domain_out,Zin50,C,5,G002,"M=20,20,20,20,|T=0,0,0,0,|B=2,15,1,50;",1,1,1,0,1,251400002,351400002,1.15,0.904518816542838,0,1,0,0,0,5,8,442,443,0.133332,ADD_M2_M3,MIRROR_M3,3,267.163545860122,ADD_M2_M3,256.935257268241,256.935257268241,260.937737149523,4.00247988128228,ADD_M2_M3,1,258.960285713924,1.20711206757417,0,1,REJECTED,fit_quality_gate,0,0
T_domain_G002_003,T_domain,G002_domain_out,Zin50,B,0,G002,"M=20,20,20,20,|T=0,0,0,0,|B=2,15,1,50;",1,1,1,0,1,251400003,351400003,1.15,1.06566948246336,0,1,0,0,1,3,3,164,165,0.047718,G002,G001,1,260.562734148428,G001,284.576397526755,260.562734148428,284.576397526755,24.0136633783271,G002,1,266.465999746621,1.20711206757417,0,0,REJECTED,fit_quality_gate,0,0
T_domain_G002_003,T_domain,G002_domain_out,Zin50,C,5,G002,"M=20,20,20,20,|T=0,0,0,0,|B=2,15,1,50;",1,1,1,0,1,251400003,351400003,1.15,1.06566948246336,0,1,0,0,0,5,8,446,447,0.132986,ADD_M2_M3,MIRROR_M3,3,260.562734148428,ADD_M2_M3,250.18757028558,250.18757028558,255.967873604446,5.78030331886632,ADD_M2_M3,1,251.530972525397,1.20711206757417,0,1,REJECTED,fit_quality_gate,0,0
T_domain_G002_004,T_domain,G002_domain_out,Zin50,B,0,G002,"M=20,20,20,20,|T=0,0,0,0,|B=2,15,1,50;",1,1,1,0,1,251400004,351400004,1.15,1.1854446637649,0,1,0,0,1,3,3,164,165,0.04805,G002,G001,1,256.499347583493,G001,281.522588347764,256.499347583493,281.522588347764,25.0232407642707,G002,1,260.782444317296,1.20711206757417,0,0,REJECTED,fit_quality_gate,0,0
T_domain_G002_004,T_domain,G002_domain_out,Zin50,C,5,G002,"M=20,20,20,20,|T=0,0,0,0,|B=2,15,1,50;",1,1,1,0,1,251400004,351400004,1.15,1.1854446637649,0,1,0,0,0,5,8,448,449,0.132901,ADD_M2_M3,MIRROR_M3,3,256.499347583493,ADD_M2_M3,245.995509935535,245.995509935535,252.790449431377,6.79493949584156,ADD_M2_M3,1,246.506105660042,1.20711206757417,0,1,REJECTED,fit_quality_gate,0,0
T_domain_G002_005,T_domain,G002_domain_out,Zin50,B,0,G002,"M=20,20,20,20,|T=0,0,0,0,|B=2,15,1,50;",1,1,1,0,1,251400005,351400005,1.15,1.17797897167081,0,1,0,0,1,3,3,164,165,0.046987,G002,G001,1,256.783530246078,G001,281.690963391177,256.783530246078,281.690963391177,24.9074331450992,G002,1,261.217925561998,1.20711206757417,0,0,REJECTED,fit_quality_gate,0,0
T_domain_G002_005,T_domain,G002_domain_out,Zin50,C,5,G002,"M=20,20,20,20,|T=0,0,0,0,|B=2,15,1,50;",1,1,1,0,1,251400005,351400005,1.15,1.17797897167081,0,1,0,0,0,5,8,448,449,0.134672,ADD_M2_M3,MIRROR_M3,3,256.783530246078,ADD_M2_M3,246.197997893705,246.197997893705,252.834890462953,6.63689256924783,ADD_M2_M3,1,246.891468575624,1.20711206757417,0,1,REJECTED,fit_quality_gate,0,0
T_domain_G002_006,T_domain,G002_domain_out,Zin50,B,0,G002,"M=20,20,20,20,|T=0,0,0,0,|B=2,15,1,50;",1,1,1,0,1,251400006,351400006,1.15,0.904996448175689,0,1,0,0,1,3,3,162,163,0.047001,G002,G001,1,266.824884204082,G001,289.600897821969,266.824884204082,289.600897821969,22.7760136178871,G002,1,275.122084452895,1.20711206757417,0,0,REJECTED,fit_quality_gate,0,0
T_domain_G002_006,T_domain,G002_domain_out,Zin50,C,5,G002,"M=20,20,20,20,|T=0,0,0,0,|B=2,15,1,50;",1,1,1,0,1,251400006,351400006,1.15,0.904996448175689,0,1,0,0,0,5,8,444,445,0.13502,ADD_M2_M3,MIRROR_M3,3,266.824884204082,ADD_M2_M3,256.651147224917,256.651147224917,260.74464205298,4.09349482806311,ADD_M2_M3,1,259.297486488121,1.20711206757417,0,1,REJECTED,fit_quality_gate,0,0
T_domain_G002_007,T_domain,G002_domain_out,Zin50,B,0,G002,"M=20,20,20,20,|T=0,0,0,0,|B=2,15,1,50;",1,1,1,0,1,251400007,351400007,1.15,1.03393623184478,0,1,0,0,1,3,3,164,165,0.046807,G002,G001,1,261.658992794806,G001,285.529918083364,261.658992794806,285.529918083364,23.8709252885581,G002,1,268.439790338113,1.20711206757417,0,0,REJECTED,fit_quality_gate,0,0
T_domain_G002_007,T_domain,G002_domain_out,Zin50,C,5,G002,"M=20,20,20,20,|T=0,0,0,0,|B=2,15,1,50;",1,1,1,0,1,251400007,351400007,1.15,1.03393623184478,0,1,0,0,0,5,8,446,447,0.135347,ADD_M2_M3,MIRROR_M3,3,261.658992794806,ADD_M2_M3,251.345029298837,251.345029298837,256.848699635901,5.50367033706405,ADD_M2_M3,1,253.382553218446,1.20711206757417,0,1,REJECTED,fit_quality_gate,0,0
T_domain_G002_008,T_domain,G002_domain_out,Zin50,B,0,G002,"M=20,20,20,20,|T=0,0,0,0,|B=2,15,1,50;",1,1,1,0,1,251400008,351400008,1.15,0.936437218014875,0,1,0,0,1,3,3,162,163,0.04688,G002,G001,1,265.77703772613,G001,288.680931315106,265.77703772613,288.680931315106,22.9038935889758,G002,1,273.299434584889,1.20711206757417,0,0,REJECTED,fit_quality_gate,0,0
T_domain_G002_008,T_domain,G002_domain_out,Zin50,C,5,G002,"M=20,20,20,20,|T=0,0,0,0,|B=2,15,1,50;",1,1,1,0,1,251400008,351400008,1.15,0.936437218014875,0,1,0,0,0,5,8,442,443,0.132979,ADD_M2_M3,MIRROR_M3,3,265.77703772613,ADD_M2_M3,255.531741784528,255.531741784528,259.949029929198,4.41728814467047,ADD_M2_M3,1,257.594885979278,1.20711206757417,0,1,REJECTED,fit_quality_gate,0,0
T_domain_G002_009,T_domain,G002_domain_out,Zin50,B,0,G002,"M=20,20,20,20,|T=0,0,0,0,|B=2,15,1,50;",1,1,1,0,1,251400009,351400009,1.15,0.815351339973218,0,1,0,0,1,3,3,162,163,0.046768,G002,G001,1,270.947535131014,G001,292.939626966235,270.947535131014,292.939626966235,21.9920918352217,G002,1,280.586054647387,1.20711206757417,0,0,REJECTED,fit_quality_gate,0,0
T_domain_G002_009,T_domain,G002_domain_out,Zin50,C,5,G002,"M=20,20,20,20,|T=0,0,0,0,|B=2,15,1,50;",1,1,1,0,1,251400009,351400009,1.15,0.815351339973218,0,1,0,0,0,5,8,444,445,0.132537,ADD_M2_M3,MIRROR_M3,3,270.947535131014,ADD_M2_M3,260.87049135943,260.87049135943,264.085728020391,3.21523666096084,ADD_M2_M3,1,264.105330048943,1.20711206757417,0,1,REJECTED,fit_quality_gate,0,0
T_domain_G002_010,T_domain,G002_domain_out,Zin50,B,0,G002,"M=20,20,20,20,|T=0,0,0,0,|B=2,15,1,50;",1,1,1,0,1,251400010,351400010,1.15,0.979976230691482,0,1,0,0,1,3,3,162,163,0.047361,G002,G001,1,264.042471139654,G001,287.354913051601,264.042471139654,287.354913051601,23.3124419119477,G002,1,270.99937341581,1.20711206757417,0,0,REJECTED,fit_quality_gate,0,0
T_domain_G002_010,T_domain,G002_domain_out,Zin50,C,5,G002,"M=20,20,20,20,|T=0,0,0,0,|B=2,15,1,50;",1,1,1,0,1,251400010,351400010,1.15,0.979976230691482,0,1,0,0,0,5,8,444,445,0.134164,ADD_M2_M3,MIRROR_M3,3,264.042471139654,ADD_M2_M3,253.780722358095,253.780722358095,258.464692468114,4.68397011001866,ADD_M2_M3,1,255.525468667087,1.20711206757417,0,1,REJECTED,fit_quality_gate,0,0
T_domain_G003_001,T_domain,G003_domain_out,Zin50,B,0,G003,"M=20,20,20,20,|T=0,0,0,0,|B=1,15,1,50;",1,1,1,0,1,251900001,351900001,1.15,0.931007797893732,0,1,0,0,1,3,3,164,165,0.047468,G003,G001,1,256.241393865805,G001,317.696669655514,256.241393865805,317.696669655514,61.4552757897092,G003,1,235.2160875072,1.20711206757417,0,0,REJECTED,fit_quality_gate,0,0
T_domain_G003_001,T_domain,G003_domain_out,Zin50,C,5,G003,"M=20,20,20,20,|T=0,0,0,0,|B=1,15,1,50;",1,1,1,0,1,251900001,351900001,1.15,0.931007797893732,0,1,0,0,1,5,8,472,473,0.141088,G003,ADD_M1_M3,1,256.241393865805,ADD_M1_M3,290.251995576408,256.241393865805,290.251995576408,34.0106017106027,G003,1,235.2160875072,1.20711206757417,0,1,REJECTED,fit_quality_gate,0,0
T_domain_G003_002,T_domain,G003_domain_out,Zin50,B,0,G003,"M=20,20,20,20,|T=0,0,0,0,|B=1,15,1,50;",1,1,1,0,1,251900002,351900002,1.15,0.858788001432265,0,1,0,0,1,3,3,164,165,0.047903,G003,G001,1,259.876733685231,G001,321.310653332044,259.876733685231,321.310653332044,61.4339196468126,G003,1,238.179452958199,1.20711206757417,0,0,REJECTED,fit_quality_gate,0,0
T_domain_G003_002,T_domain,G003_domain_out,Zin50,C,5,G003,"M=20,20,20,20,|T=0,0,0,0,|B=1,15,1,50;",1,1,1,0,1,251900002,351900002,1.15,0.858788001432265,0,1,0,0,1,5,8,472,473,0.141142,G003,ADD_M1_M3,1,259.876733685231,ADD_M1_M3,295.12596143587,259.876733685231,295.12596143587,35.2492277506392,G003,1,238.179452958199,1.20711206757417,0,1,REJECTED,fit_quality_gate,0,0
T_domain_G003_003,T_domain,G003_domain_out,Zin50,B,0,G003,"M=20,20,20,20,|T=0,0,0,0,|B=1,15,1,50;",1,1,1,0,1,251900003,351900003,1.15,1.06923832244796,0,1,0,0,1,3,3,164,165,0.047919,G003,G001,1,250.89262402759,G001,312.261948199119,250.89262402759,312.261948199119,61.3693241715288,G003,1,230.437144191341,1.20711206757417,0,0,REJECTED,fit_quality_gate,0,0
T_domain_G003_003,T_domain,G003_domain_out,Zin50,C,5,G003,"M=20,20,20,20,|T=0,0,0,0,|B=1,15,1,50;",1,1,1,0,1,251900003,351900003,1.15,1.06923832244796,0,1,0,0,1,5,8,472,473,0.143402,G003,ADD_M1_M3,1,250.89262402759,ADD_M1_M3,282.62245041863,250.89262402759,282.62245041863,31.7298263910399,G003,1,230.437144191341,1.20711206757417,0,1,REJECTED,fit_quality_gate,0,0
T_domain_G003_004,T_domain,G003_domain_out,Zin50,B,0,G003,"M=20,20,20,20,|T=0,0,0,0,|B=1,15,1,50;",1,1,1,0,1,251900004,351900004,1.15,0.912811168563008,0,1,0,0,1,3,3,164,165,0.046964,G003,G001,1,257.240561660717,G001,318.767644349444,257.240561660717,318.767644349444,61.5270826887265,G003,1,235.927995740316,1.20711206757417,0,0,REJECTED,fit_quality_gate,0,0
T_domain_G003_004,T_domain,G003_domain_out,Zin50,C,5,G003,"M=20,20,20,20,|T=0,0,0,0,|B=1,15,1,50;",1,1,1,0,1,251900004,351900004,1.15,0.912811168563008,0,1,0,0,1,5,8,472,473,0.141586,G003,ADD_M1_M3,1,257.240561660717,ADD_M1_M3,291.612850068011,257.240561660717,291.612850068011,34.3722884072934,G003,1,235.927995740316,1.20711206757417,0,1,REJECTED,fit_quality_gate,0,0
T_domain_G003_005,T_domain,G003_domain_out,Zin50,B,0,G003,"M=20,20,20,20,|T=0,0,0,0,|B=1,15,1,50;",1,1,1,0,1,251900005,351900005,1.15,1.14403843690415,0,1,0,0,1,3,3,164,165,0.047513,G003,G001,1,248.43442280433,G001,309.588817288711,248.43442280433,309.588817288711,61.1543944843813,G003,1,228.02896724214,1.20711206757417,0,0,REJECTED,fit_quality_gate,0,0
T_domain_G003_005,T_domain,G003_domain_out,Zin50,C,5,G003,"M=20,20,20,20,|T=0,0,0,0,|B=1,15,1,50;",1,1,1,0,1,251900005,351900005,1.15,1.14403843690415,0,1,0,0,1,5,8,454,455,0.137838,G003,ADD_M1_M3,1,248.43442280433,ADD_M1_M3,278.978397848622,248.43442280433,278.978397848622,30.5439750442928,G003,1,228.02896724214,1.20711206757417,0,1,REJECTED,fit_quality_gate,0,0
T_domain_G003_006,T_domain,G003_domain_out,Zin50,B,0,G003,"M=20,20,20,20,|T=0,0,0,0,|B=1,15,1,50;",1,1,1,0,1,251900006,351900006,1.15,1.08377527672715,0,1,0,0,1,3,3,164,165,0.047909,G003,G001,1,250.423050094878,G001,311.689653481851,250.423050094878,311.689653481851,61.2666033869728,G003,1,229.834919771923,1.20711206757417,0,0,REJECTED,fit_quality_gate,0,0
T_domain_G003_006,T_domain,G003_domain_out,Zin50,C,5,G003,"M=20,20,20,20,|T=0,0,0,0,|B=1,15,1,50;",1,1,1,0,1,251900006,351900006,1.15,1.08377527672715,0,1,0,0,1,5,8,472,473,0.143169,G003,ADD_M1_M3,1,250.423050094878,ADD_M1_M3,281.827155008495,250.423050094878,281.827155008495,31.404104913617,G003,1,229.834919771923,1.20711206757417,0,1,REJECTED,fit_quality_gate,0,0
T_domain_G003_007,T_domain,G003_domain_out,Zin50,B,0,G003,"M=20,20,20,20,|T=0,0,0,0,|B=1,15,1,50;",1,1,1,0,1,251900007,351900007,1.15,0.931641139252082,0,1,0,0,1,3,3,164,165,0.048766,G003,G001,1,256.165136633827,G001,317.768615847023,256.165136633827,317.768615847023,61.6034792131964,G003,1,235.369341421946,1.20711206757417,0,0,REJECTED,fit_quality_gate,0,0
T_domain_G003_007,T_domain,G003_domain_out,Zin50,C,5,G003,"M=20,20,20,20,|T=0,0,0,0,|B=1,15,1,50;",1,1,1,0,1,251900007,351900007,1.15,0.931641139252082,0,1,0,0,1,5,8,472,473,0.142387,G003,ADD_M1_M3,1,256.165136633827,ADD_M1_M3,290.275816092675,256.165136633827,290.275816092675,34.1106794588477,G003,1,235.369341421946,1.20711206757417,0,1,REJECTED,fit_quality_gate,0,0
T_domain_G003_008,T_domain,G003_domain_out,Zin50,B,0,G003,"M=20,20,20,20,|T=0,0,0,0,|B=1,15,1,50;",1,1,1,0,1,251900008,351900008,1.15,0.825825443859764,0,1,0,0,1,3,3,164,165,0.048565,G003,G001,1,261.740237096,G001,323.209098929242,261.740237096,323.209098929242,61.4688618332419,G003,1,239.244962797642,1.20711206757417,0,0,REJECTED,fit_quality_gate,0,0
T_domain_G003_008,T_domain,G003_domain_out,Zin50,C,5,G003,"M=20,20,20,20,|T=0,0,0,0,|B=1,15,1,50;",1,1,1,0,1,251900008,351900008,1.15,0.825825443859764,0,1,0,0,1,5,8,472,473,0.143445,G003,ADD_M1_M3,1,261.740237096,ADD_M1_M3,297.330624587174,261.740237096,297.330624587174,35.5903874911743,G003,1,239.244962797642,1.20711206757417,0,1,REJECTED,fit_quality_gate,0,0
T_domain_G003_009,T_domain,G003_domain_out,Zin50,B,0,G003,"M=20,20,20,20,|T=0,0,0,0,|B=1,15,1,50;",1,1,1,0,1,251900009,351900009,1.15,0.953140176988325,0,1,0,0,1,3,3,164,165,0.048904,G003,G001,1,255.152195180436,G001,316.812166482855,255.152195180436,316.812166482855,61.6599713024195,G003,1,234.61638059158,1.20711206757417,0,0,REJECTED,fit_quality_gate,0,0
T_domain_G003_009,T_domain,G003_domain_out,Zin50,C,5,G003,"M=20,20,20,20,|T=0,0,0,0,|B=1,15,1,50;",1,1,1,0,1,251900009,351900009,1.15,0.953140176988325,0,1,0,0,1,5,8,472,473,0.141898,G003,ADD_M1_M3,1,255.152195180436,ADD_M1_M3,288.855625137841,255.152195180436,288.855625137841,33.7034299574051,G003,1,234.61638059158,1.20711206757417,0,1,REJECTED,fit_quality_gate,0,0
T_domain_G003_010,T_domain,G003_domain_out,Zin50,B,0,G003,"M=20,20,20,20,|T=0,0,0,0,|B=1,15,1,50;",1,1,1,0,1,251900010,351900010,1.15,1.04475052201209,0,1,0,0,1,3,3,164,165,0.048392,G003,G001,1,251.625475439413,G001,312.895116649433,251.625475439413,312.895116649433,61.2696412100191,G003,1,231.390316466814,1.20711206757417,0,0,REJECTED,fit_quality_gate,0,0
T_domain_G003_010,T_domain,G003_domain_out,Zin50,C,5,G003,"M=20,20,20,20,|T=0,0,0,0,|B=1,15,1,50;",1,1,1,0,1,251900010,351900010,1.15,1.04475052201209,0,1,0,0,1,5,8,472,473,0.14102,G003,ADD_M1_M3,1,251.625475439413,ADD_M1_M3,283.702771903144,251.625475439413,283.702771903144,32.0772964637301,G003,1,231.390316466814,1.20711206757417,0,1,REJECTED,fit_quality_gate,0,0
T_inlib_G001_001,T_inlib,G001,H50_Zin50,B,0,G001,"M=20,20,20,20,|T=0,0,0,0,|B=none",1,1,1,0,0,211100001,311100001,1.01963586068804,1.06123958804439,0,1,0,0,1,3,3,138,139,0.042539,G001,G002,1,1.02052425607589,G002,178.416129755904,1.02052425607589,178.416129755904,177.395605499828,G001,1,1.04170996525127,1.19143277233943,1,0,UNIQUE_CONFIDENT,single_candidate_with_margin,1,0
T_inlib_G001_001,T_inlib,G001,H50_Zin50,C,5,G001,"M=20,20,20,20,|T=0,0,0,0,|B=none",1,1,1,0,0,211100001,311100001,1.01963586068804,1.06123958804439,0,1,0,0,1,5,8,366,367,0.111625,G001,MIRROR_M3,1,1.02052425607589,MIRROR_M3,157.033634873367,1.02052425607589,157.033634873367,156.013110617291,G001,1,1.04170996525127,1.19143277233943,1,1,LOW_CONFIDENCE,search_budget_truncated,0,0
T_inlib_G001_002,T_inlib,G001,H50_Zin50,B,0,G001,"M=20,20,20,20,|T=0,0,0,0,|B=none",1,1,1,0,0,211100002,311100002,1.00847276378123,0.918128102411007,0,1,0,0,1,3,3,136,137,0.040292,G001,G002,1,0.978294241786414,G002,179.511962086333,0.978294241786414,179.511962086333,178.533667844547,G001,1,1.23388299064835,1.19143277233943,0,0,REJECTED,fit_quality_gate,0,0
T_inlib_G001_002,T_inlib,G001,H50_Zin50,C,5,G001,"M=20,20,20,20,|T=0,0,0,0,|B=none",1,1,1,0,0,211100002,311100002,1.00847276378123,0.918128102411007,0,1,0,0,1,5,8,362,363,0.111287,G001,MIRROR_M3,1,0.978294241786414,MIRROR_M3,161.822025275833,0.978294241786414,161.822025275833,160.843731034046,G001,1,1.23388299064835,1.19143277233943,0,1,REJECTED,fit_quality_gate,0,0
T_inlib_G001_003,T_inlib,G001,H50_Zin50,B,0,G001,"M=20,20,20,20,|T=0,0,0,0,|B=none",1,1,1,0,0,211100003,311100003,1.0194099508561,1.14100091425716,0,1,0,0,1,3,3,138,139,0.04056,G001,G002,1,1.18309893445995,G002,178.470409879603,1.18309893445995,178.470409879603,177.287310945144,G001,1,1.11182919265648,1.19143277233943,1,0,UNIQUE_CONFIDENT,single_candidate_with_margin,1,0
T_inlib_G001_003,T_inlib,G001,H50_Zin50,C,5,G001,"M=20,20,20,20,|T=0,0,0,0,|B=none",1,1,1,0,0,211100003,311100003,1.0194099508561,1.14100091425716,0,1,0,0,1,5,8,366,367,0.111866,G001,MIRROR_M3,1,1.18309893445995,MIRROR_M3,157.392787424259,1.18309893445995,157.392787424259,156.209688489799,G001,1,1.11182919265648,1.19143277233943,1,1,LOW_CONFIDENCE,search_budget_truncated,0,0
T_inlib_G001_004,T_inlib,G001,H50_Zin50,B,0,G001,"M=20,20,20,20,|T=0,0,0,0,|B=none",1,1,1,0,0,211100004,311100004,1.00035273128711,1.16233951895729,0,1,0,0,1,3,3,136,137,0.040338,G001,G002,1,1.02890169077236,G002,181.167313232922,1.02890169077236,181.167313232922,180.138411542149,G001,1,1.05419954623935,1.19143277233943,1,0,UNIQUE_CONFIDENT,single_candidate_with_margin,1,0
T_inlib_G001_004,T_inlib,G001,H50_Zin50,C,5,G001,"M=20,20,20,20,|T=0,0,0,0,|B=none",1,1,1,0,0,211100004,311100004,1.00035273128711,1.16233951895729,0,1,0,0,1,5,8,362,363,0.108992,G001,MIRROR_M3,1,1.02890169077236,MIRROR_M3,163.803947708638,1.02890169077236,163.803947708638,162.775046017865,G001,1,1.05419954623935,1.19143277233943,1,1,LOW_CONFIDENCE,search_budget_truncated,0,0
T_inlib_G001_005,T_inlib,G001,H50_Zin50,B,0,G001,"M=20,20,20,20,|T=0,0,0,0,|B=none",1,1,1,0,0,211100005,311100005,0.987619997429068,1.05404849361647,0,1,0,0,1,3,3,136,137,0.040204,G001,G002,1,1.10357780826569,G002,181.258467230985,1.10357780826569,181.258467230985,180.15488942272,G001,1,0.970378520151017,1.19143277233943,1,0,UNIQUE_CONFIDENT,single_candidate_with_margin,1,0
T_inlib_G001_005,T_inlib,G001,H50_Zin50,C,5,G001,"M=20,20,20,20,|T=0,0,0,0,|B=none",1,1,1,0,0,211100005,311100005,0.987619997429068,1.05404849361647,0,1,0,0,1,5,8,345,346,0.105275,G001,MIRROR_M3,1,1.10357780826569,MIRROR_M3,176.241865088037,1.10357780826569,176.241865088037,175.138287279772,G001,1,0.970378520151017,1.19143277233943,1,1,LOW_CONFIDENCE,search_budget_truncated,0,0
T_inlib_G001_006,T_inlib,G001,H50_Zin50,B,0,G001,"M=20,20,20,20,|T=0,0,0,0,|B=none",1,1,1,0,0,211100006,311100006,1.01111381015056,0.877460815019134,0,1,0,0,1,3,3,136,137,0.040565,G001,G002,1,1.21018715987158,G002,179.053974355567,1.21018715987158,179.053974355567,177.843787195696,G001,1,1.07893197757521,1.19143277233943,1,0,UNIQUE_CONFIDENT,single_candidate_with_margin,1,0
T_inlib_G001_006,T_inlib,G001,H50_Zin50,C,5,G001,"M=20,20,20,20,|T=0,0,0,0,|B=none",1,1,1,0,0,211100006,311100006,1.01111381015056,0.877460815019134,0,1,0,0,1,5,8,362,363,0.108667,G001,MIRROR_M3,1,1.21018715987158,MIRROR_M3,161.193128262813,1.21018715987158,161.193128262813,159.982941102942,G001,1,1.07893197757521,1.19143277233943,1,1,LOW_CONFIDENCE,search_budget_truncated,0,0
T_inlib_G001_007,T_inlib,G001,H50_Zin50,B,0,G001,"M=20,20,20,20,|T=0,0,0,0,|B=none",1,1,1,0,0,211100007,311100007,1.00938518506595,1.09008223757048,0,1,0,0,1,3,3,134,135,0.039391,G001,G002,1,1.19500884189938,G002,179.174635924138,1.19500884189938,179.174635924138,177.979627082238,G001,1,1.12836752623571,1.19143277233943,1,0,UNIQUE_CONFIDENT,single_candidate_with_margin,1,0
T_inlib_G001_007,T_inlib,G001,H50_Zin50,C,5,G001,"M=20,20,20,20,|T=0,0,0,0,|B=none",1,1,1,0,0,211100007,311100007,1.00938518506595,1.09008223757048,0,1,0,0,1,5,8,358,359,0.108163,G001,MIRROR_M3,1,1.19500884189938,MIRROR_M3,161.536799691332,1.19500884189938,161.536799691332,160.341790849433,G001,1,1.12836752623571,1.19143277233943,1,1,LOW_CONFIDENCE,search_budget_truncated,0,0
T_inlib_G001_008,T_inlib,G001,H50_Zin50,B,0,G001,"M=20,20,20,20,|T=0,0,0,0,|B=none",1,1,1,0,0,211100008,311100008,1.01151445398556,1.01574116969389,0,1,0,0,1,3,3,136,137,0.040224,G001,G002,1,1.0099096888674,G002,178.918890140274,1.0099096888674,178.918890140274,177.908980451407,G001,1,1.22387584426102,1.19143277233943,0,0,REJECTED,fit_quality_gate,0,0
T_inlib_G001_008,T_inlib,G001,H50_Zin50,C,5,G001,"M=20,20,20,20,|T=0,0,0,0,|B=none",1,1,1,0,0,211100008,311100008,1.01151445398556,1.01574116969389,0,1,0,0,1,5,8,360,361,0.107269,G001,MIRROR_M3,1,1.0099096888674,MIRROR_M3,161.000369054628,1.0099096888674,161.000369054628,159.99045936576,G001,1,1.22387584426102,1.19143277233943,0,1,REJECTED,fit_quality_gate,0,0
T_inlib_G001_009,T_inlib,G001,H50_Zin50,B,0,G001,"M=20,20,20,20,|T=0,0,0,0,|B=none",1,1,1,0,0,211100009,311100009,0.998768836482004,0.848139127578722,0,1,0,0,1,3,3,138,139,0.040197,G001,G002,1,1.01645547062914,G002,181.199344818508,1.01645547062914,181.199344818508,180.182889347879,G001,1,1.07356212832039,1.19143277233943,1,0,UNIQUE_CONFIDENT,single_candidate_with_margin,1,0
T_inlib_G001_009,T_inlib,G001,H50_Zin50,C,5,G001,"M=20,20,20,20,|T=0,0,0,0,|B=none",1,1,1,0,0,211100009,311100009,0.998768836482004,0.848139127578722,0,1,0,0,1,5,8,366,367,0.109168,G001,MIRROR_M3,1,1.01645547062914,MIRROR_M3,164.194086466935,1.01645547062914,164.194086466935,163.177630996306,G001,1,1.07356212832039,1.19143277233943,1,1,LOW_CONFIDENCE,search_budget_truncated,0,0
T_inlib_G001_010,T_inlib,G001,H50_Zin50,B,0,G001,"M=20,20,20,20,|T=0,0,0,0,|B=none",1,1,1,0,0,211100010,311100010,0.994508713389179,0.823288415099976,0,1,0,0,1,3,3,136,137,0.039219,G001,G002,1,1.09553631738687,G002,181.294275085081,1.09553631738687,181.294275085081,180.198738767694,G001,1,1.21522766250903,1.19143277233943,0,0,REJECTED,fit_quality_gate,0,0
T_inlib_G001_010,T_inlib,G001,H50_Zin50,C,5,G001,"M=20,20,20,20,|T=0,0,0,0,|B=none",1,1,1,0,0,211100010,311100010,0.994508713389179,0.823288415099976,0,1,0,0,1,5,8,360,361,0.107121,G001,MIRROR_M3,1,1.09553631738687,MIRROR_M3,165.709317406928,1.09553631738687,165.709317406928,164.613781089541,G001,1,1.21522766250903,1.19143277233943,0,1,REJECTED,fit_quality_gate,0,0
T_inlib_G001_011,T_inlib,G001,H50_Zin50,B,0,G001,"M=20,20,20,20,|T=0,0,0,0,|B=none",1,1,1,0,0,211100011,311100011,0.98115676378414,1.06656809392733,0,1,0,0,1,3,3,138,139,0.040111,G001,G002,1,1.14155648005725,G002,181.62848116062,1.14155648005725,181.62848116062,180.486924680562,G001,1,1.1537794668842,1.19143277233943,1,0,UNIQUE_CONFIDENT,single_candidate_with_margin,1,0
T_inlib_G001_011,T_inlib,G001,H50_Zin50,C,5,G001,"M=20,20,20,20,|T=0,0,0,0,|B=none",1,1,1,0,0,211100011,311100011,0.98115676378414,1.06656809392733,0,1,0,0,1,5,8,364,365,0.109036,G001,MIRROR_M3,1,1.14155648005725,MIRROR_M3,173.159925391015,1.14155648005725,173.159925391015,172.018368910958,G001,1,1.1537794668842,1.19143277233943,1,1,LOW_CONFIDENCE,search_budget_truncated,0,0
T_inlib_G001_012,T_inlib,G001,H50_Zin50,B,0,G001,"M=20,20,20,20,|T=0,0,0,0,|B=none",1,1,1,0,0,211100012,311100012,1.01224739004301,0.954024267764673,0,1,0,0,1,3,3,136,137,0.039799,G001,G002,1,1.17402656852948,G002,178.91544960671,1.17402656852948,178.91544960671,177.74142303818,G001,1,1.06951870986233,1.19143277233943,1,0,UNIQUE_CONFIDENT,single_candidate_with_margin,1,0
T_inlib_G001_012,T_inlib,G001,H50_Zin50,C,5,G001,"M=20,20,20,20,|T=0,0,0,0,|B=none",1,1,1,0,0,211100012,311100012,1.01224739004301,0.954024267764673,0,1,0,0,1,5,8,362,363,0.108704,G001,MIRROR_M3,1,1.17402656852948,MIRROR_M3,160.747003072793,1.17402656852948,160.747003072793,159.572976504264,G001,1,1.06951870986233,1.19143277233943,1,1,LOW_CONFIDENCE,search_budget_truncated,0,0
T_inlib_G001_013,T_inlib,G001,H50_Zin50,B,0,G001,"M=20,20,20,20,|T=0,0,0,0,|B=none",1,1,1,0,0,211100013,311100013,1.01827350156317,1.12766695918233,0,1,0,0,1,3,3,136,137,0.039588,G001,G002,1,1.0562909501879,G002,178.345502469105,1.0562909501879,178.345502469105,177.289211518917,G001,1,1.04828712850742,1.19143277233943,1,0,UNIQUE_CONFIDENT,single_candidate_with_margin,1,0
T_inlib_G001_013,T_inlib,G001,H50_Zin50,C,5,G001,"M=20,20,20,20,|T=0,0,0,0,|B=none",1,1,1,0,0,211100013,311100013,1.01827350156317,1.12766695918233,0,1,0,0,1,5,8,362,363,0.108354,G001,MIRROR_M3,1,1.0562909501879,MIRROR_M3,157.734149169336,1.0562909501879,157.734149169336,156.677858219148,G001,1,1.04828712850742,1.19143277233943,1,1,LOW_CONFIDENCE,search_budget_truncated,0,0
T_inlib_G001_014,T_inlib,G001,H50_Zin50,B,0,G001,"M=20,20,20,20,|T=0,0,0,0,|B=none",1,1,1,0,0,211100014,311100014,0.992879546426457,0.810697832483884,0,1,0,0,1,3,3,136,137,0.039863,G001,G002,1,1.00699956281213,G002,181.369196803152,1.00699956281213,181.369196803152,180.362197240339,G001,1,1.05487258618068,1.19143277233943,1,0,UNIQUE_CONFIDENT,single_candidate_with_margin,1,0
T_inlib_G001_014,T_inlib,G001,H50_Zin50,C,5,G001,"M=20,20,20,20,|T=0,0,0,0,|B=none",1,1,1,0,0,211100014,311100014,0.992879546426457,0.810697832483884,0,1,0,0,1,5,8,360,361,0.107629,G001,MIRROR_M3,1,1.00699956281213,MIRROR_M3,166.624701194042,1.00699956281213,166.624701194042,165.61770163123,G001,1,1.05487258618068,1.19143277233943,1,1,LOW_CONFIDENCE,search_budget_truncated,0,0
T_inlib_G001_015,T_inlib,G001,H50_Zin50,B,0,G001,"M=20,20,20,20,|T=0,0,0,0,|B=none",1,1,1,0,0,211100015,311100015,1.01102016489543,0.831480146802876,0,1,0,0,1,3,3,138,139,0.039788,G001,G002,1,1.05930440378662,G002,178.883878356974,1.05930440378662,178.883878356974,177.824573953187,G001,1,1.21913836641568,1.19143277233943,0,0,REJECTED,fit_quality_gate,0,0
T_inlib_G001_015,T_inlib,G001,H50_Zin50,C,5,G001,"M=20,20,20,20,|T=0,0,0,0,|B=none",1,1,1,0,0,211100015,311100015,1.01102016489543,0.831480146802876,0,1,0,0,1,5,8,366,367,0.108488,G001,MIRROR_M3,1,1.05930440378662,MIRROR_M3,161.012178314671,1.05930440378662,161.012178314671,159.952873910884,G001,1,1.21913836641568,1.19143277233943,0,1,REJECTED,fit_quality_gate,0,0
T_inlib_G001_016,T_inlib,G001,H50_Zin50,B,0,G001,"M=20,20,20,20,|T=0,0,0,0,|B=none",1,1,1,0,0,211100016,311100016,0.980539687162597,0.936372355997619,0,1,0,0,1,3,3,134,135,0.038963,G001,G002,1,0.960180640212026,G002,181.827566299932,0.960180640212026,181.827566299932,180.86738565972,G001,1,1.09746774979155,1.19143277233943,1,0,UNIQUE_CONFIDENT,single_candidate_with_margin,1,0
T_inlib_G001_016,T_inlib,G001,H50_Zin50,C,5,G001,"M=20,20,20,20,|T=0,0,0,0,|B=none",1,1,1,0,0,211100016,311100016,0.980539687162597,0.936372355997619,0,1,0,0,1,5,8,356,357,0.10711,G001,MIRROR_M3,1,0.960180640212026,MIRROR_M3,173.582332718391,0.960180640212026,173.582332718391,172.622152078179,G001,1,1.09746774979155,1.19143277233943,1,1,LOW_CONFIDENCE,search_budget_truncated,0,0
T_inlib_G001_017,T_inlib,G001,H50_Zin50,B,0,G001,"M=20,20,20,20,|T=0,0,0,0,|B=none",1,1,1,0,0,211100017,311100017,1.00501125191144,0.903677471384804,0,1,0,0,1,3,3,134,135,0.039216,G001,G002,1,1.1088190240959,G002,180.193199007089,1.1088190240959,180.193199007089,179.084379982993,G001,1,1.04179734539745,1.19143277233943,1,0,UNIQUE_CONFIDENT,single_candidate_with_margin,1,0
T_inlib_G001_017,T_inlib,G001,H50_Zin50,C,5,G001,"M=20,20,20,20,|T=0,0,0,0,|B=none",1,1,1,0,0,211100017,311100017,1.00501125191144,0.903677471384804,0,1,0,0,1,5,8,358,359,0.106845,G001,MIRROR_M3,1,1.1088190240959,MIRROR_M3,162.666264886485,1.1088190240959,162.666264886485,161.557445862389,G001,1,1.04179734539745,1.19143277233943,1,1,LOW_CONFIDENCE,search_budget_truncated,0,0
T_inlib_G001_018,T_inlib,G001,H50_Zin50,B,0,G001,"M=20,20,20,20,|T=0,0,0,0,|B=none",1,1,1,0,0,211100018,311100018,1.01787463165805,1.16619517854142,0,1,0,0,1,3,3,136,137,0.040041,G001,G002,1,1.10919246014684,G002,178.55629671218,1.10919246014684,178.55629671218,177.447104252033,G001,1,1.04702572714222,1.19143277233943,1,0,UNIQUE_CONFIDENT,single_candidate_with_margin,1,0
T_inlib_G001_018,T_inlib,G001,H50_Zin50,C,5,G001,"M=20,20,20,20,|T=0,0,0,0,|B=none",1,1,1,0,0,211100018,311100018,1.01787463165805,1.16619517854142,0,1,0,0,1,5,8,362,363,0.108667,G001,MIRROR_M3,1,1.10919246014684,MIRROR_M3,158.094839768439,1.10919246014684,158.094839768439,156.985647308292,G001,1,1.04702572714222,1.19143277233943,1,1,LOW_CONFIDENCE,search_budget_truncated,0,0
T_inlib_G001_019,T_inlib,G001,H50_Zin50,B,0,G001,"M=20,20,20,20,|T=0,0,0,0,|B=none",1,1,1,0,0,211100019,311100019,1.01659425783645,0.891704779136126,0,1,0,0,1,3,3,134,135,0.039443,G001,G002,1,1.00117098185357,G002,178.543699872228,1.00117098185357,178.543699872228,177.542528890375,G001,1,1.19699354086307,1.19143277233943,0,0,REJECTED,fit_quality_gate,0,0
T_inlib_G001_019,T_inlib,G001,H50_Zin50,C,5,G001,"M=20,20,20,20,|T=0,0,0,0,|B=none",1,1,1,0,0,211100019,311100019,1.01659425783645,0.891704779136126,0,1,0,0,1,5,8,356,357,0.107166,G001,MIRROR_M3,1,1.00117098185357,MIRROR_M3,158.754627258718,1.00117098185357,158.754627258718,157.753456276864,G001,1,1.19699354086307,1.19143277233943,0,1,REJECTED,fit_quality_gate,0,0
T_inlib_G001_020,T_inlib,G001,H50_Zin50,B,0,G001,"M=20,20,20,20,|T=0,0,0,0,|B=none",1,1,1,0,0,211100020,311100020,1.00447825221441,0.90774391601705,0,1,0,0,1,3,3,134,135,0.038976,G001,G002,1,1.07172602568286,G002,180.365421484979,1.07172602568286,180.365421484979,179.293695459296,G001,1,1.08988109974954,1.19143277233943,1,0,UNIQUE_CONFIDENT,single_candidate_with_margin,1,0
T_inlib_G001_020,T_inlib,G001,H50_Zin50,C,5,G001,"M=20,20,20,20,|T=0,0,0,0,|B=none",1,1,1,0,0,211100020,311100020,1.00447825221441,0.90774391601705,0,1,0,0,1,5,8,358,359,0.107254,G001,MIRROR_M3,1,1.07172602568286,MIRROR_M3,162.797297501387,1.07172602568286,162.797297501387,161.725571475704,G001,1,1.08988109974954,1.19143277233943,1,1,LOW_CONFIDENCE,search_budget_truncated,0,0
T_inlib_G002_001,T_inlib,G002,H50_Zin50,B,0,G002,"M=20,20,20,20,|T=0,0,0,0,|B=2,15,1,50;",1,1,1,0,0,211400001,311400001,0.982942271130011,1.08141065748981,0,1,0,0,1,3,3,145,146,0.042555,G002,G001,1,0.903008329683964,G001,185.319729664085,0.903008329683964,185.319729664085,184.416721334402,G002,1,1.00537022194874,1.19143277233943,1,0,UNIQUE_CONFIDENT,single_candidate_with_margin,1,0
T_inlib_G002_001,T_inlib,G002,H50_Zin50,C,5,G002,"M=20,20,20,20,|T=0,0,0,0,|B=2,15,1,50;",1,1,1,0,0,211400001,311400001,0.982942271130011,1.08141065748981,0,1,0,0,1,5,8,363,364,0.107003,G002,ADD_M2_M3,1,0.903008329683964,ADD_M2_M3,66.9644607936267,0.903008329683964,66.9644607936267,66.0614524639427,G002,1,1.00537022194874,1.19143277233943,1,1,LOW_CONFIDENCE,search_budget_truncated,0,0
T_inlib_G002_002,T_inlib,G002,H50_Zin50,B,0,G002,"M=20,20,20,20,|T=0,0,0,0,|B=2,15,1,50;",1,1,1,0,0,211400002,311400002,1.00972660960375,1.14844229199326,0,1,0,0,1,3,3,146,147,0.042126,G002,G001,1,0.916525644629128,G001,180.059517341671,0.916525644629128,180.059517341671,179.142991697042,G002,1,0.844401714086876,1.19143277233943,1,0,UNIQUE_CONFIDENT,single_candidate_with_margin,1,0
T_inlib_G002_002,T_inlib,G002,H50_Zin50,C,5,G002,"M=20,20,20,20,|T=0,0,0,0,|B=2,15,1,50;",1,1,1,0,0,211400002,311400002,1.00972660960375,1.14844229199326,0,1,0,0,1,5,8,363,364,0.107242,G002,ADD_M2_M3,1,0.916525644629128,ADD_M2_M3,63.521502401908,0.916525644629128,63.521502401908,62.6049767572789,G002,1,0.844401714086876,1.19143277233943,1,1,LOW_CONFIDENCE,search_budget_truncated,0,0
T_inlib_G002_003,T_inlib,G002,H50_Zin50,B,0,G002,"M=20,20,20,20,|T=0,0,0,0,|B=2,15,1,50;",1,1,1,0,0,211400003,311400003,0.988413477265969,1.17353453921573,0,1,0,0,1,3,3,144,145,0.042704,G002,G001,1,0.907752960792812,G001,182.060203535434,0.907752960792812,182.060203535434,181.152450574641,G002,1,0.887545015225144,1.19143277233943,1,0,UNIQUE_CONFIDENT,single_candidate_with_margin,1,0
T_inlib_G002_003,T_inlib,G002,H50_Zin50,C,5,G002,"M=20,20,20,20,|T=0,0,0,0,|B=2,15,1,50;",1,1,1,0,0,211400003,311400003,0.988413477265969,1.17353453921573,0,1,0,0,1,5,8,361,362,0.110271,G002,ADD_M2_M3,1,0.907752960792812,ADD_M2_M3,66.1328812758501,0.907752960792812,66.1328812758501,65.2251283150572,G002,1,0.887545015225144,1.19143277233943,1,1,LOW_CONFIDENCE,search_budget_truncated,0,0
T_inlib_G002_004,T_inlib,G002,H50_Zin50,B,0,G002,"M=20,20,20,20,|T=0,0,0,0,|B=2,15,1,50;",1,1,1,0,0,211400004,311400004,1.00079973057211,0.908123284924249,0,1,0,0,1,3,3,147,148,0.043752,G002,G001,1,0.90065102905831,G001,188.927810241156,0.90065102905831,188.927810241156,188.027159212098,G002,1,0.78209717977168,1.19143277233943,1,0,UNIQUE_CONFIDENT,single_candidate_with_margin,1,0
T_inlib_G002_004,T_inlib,G002,H50_Zin50,C,5,G002,"M=20,20,20,20,|T=0,0,0,0,|B=2,15,1,50;",1,1,1,0,0,211400004,311400004,1.00079973057211,0.908123284924249,0,1,0,0,1,5,8,363,364,0.109575,G002,ADD_M2_M3,1,0.90065102905831,ADD_M2_M3,71.2146902136074,0.90065102905831,71.2146902136074,70.3140391845491,G002,1,0.78209717977168,1.19143277233943,1,1,LOW_CONFIDENCE,search_budget_truncated,0,0
T_inlib_G002_005,T_inlib,G002,H50_Zin50,B,0,G002,"M=20,20,20,20,|T=0,0,0,0,|B=2,15,1,50;",1,1,1,0,0,211400005,311400005,1.00707383833492,0.837680085463745,0,1,0,0,1,3,3,144,145,0.043211,G002,G001,1,0.882373935753308,G001,189.344385464846,0.882373935753308,189.344385464846,188.462011529093,G002,1,0.984705036783428,1.19143277233943,1,0,UNIQUE_CONFIDENT,single_candidate_with_margin,1,0
T_inlib_G002_005,T_inlib,G002,H50_Zin50,C,5,G002,"M=20,20,20,20,|T=0,0,0,0,|B=2,15,1,50;",1,1,1,0,0,211400005,311400005,1.00707383833492,0.837680085463745,0,1,0,0,1,5,8,378,379,0.115096,G002,ADD_M2_M3,1,0.882373935753308,ADD_M2_M3,70.8948413214055,0.882373935753308,70.8948413214055,70.0124673856522,G002,1,0.984705036783428,1.19143277233943,1,1,LOW_CONFIDENCE,search_budget_truncated,0,0
T_inlib_G002_006,T_inlib,G002,H50_Zin50,B,0,G002,"M=20,20,20,20,|T=0,0,0,0,|B=2,15,1,50;",1,1,1,0,0,211400006,311400006,1.01040602283666,1.01572142031686,0,1,0,0,1,3,3,149,150,0.043932,G002,G001,1,1.01597421492748,G001,183.527994207069,1.01597421492748,183.527994207069,182.512019992141,G002,1,0.861685444718869,1.19143277233943,1,0,UNIQUE_CONFIDENT,single_candidate_with_margin,1,0
T_inlib_G002_006,T_inlib,G002,H50_Zin50,C,5,G002,"M=20,20,20,20,|T=0,0,0,0,|B=2,15,1,50;",1,1,1,0,0,211400006,311400006,1.01040602283666,1.01572142031686,0,1,0,0,1,5,8,371,372,0.11117,G002,ADD_M2_M3,1,1.01597421492748,ADD_M2_M3,65.6577757614171,1.01597421492748,65.6577757614171,64.6418015464896,G002,1,0.861685444718869,1.19143277233943,1,1,LOW_CONFIDENCE,search_budget_truncated,0,0
T_inlib_G002_007,T_inlib,G002,H50_Zin50,B,0,G002,"M=20,20,20,20,|T=0,0,0,0,|B=2,15,1,50;",1,1,1,0,0,211400007,311400007,1.01005113211621,0.826407347442136,0,1,0,0,1,3,3,148,149,0.043808,G002,G001,1,0.992198208827568,G001,189.009019542934,0.992198208827568,189.009019542934,188.016821334106,G002,1,1.01083029590257,1.19143277233943,1,0,UNIQUE_CONFIDENT,single_candidate_with_margin,1,0
T_inlib_G002_007,T_inlib,G002,H50_Zin50,C,5,G002,"M=20,20,20,20,|T=0,0,0,0,|B=2,15,1,50;",1,1,1,0,0,211400007,311400007,1.01005113211621,0.826407347442136,0,1,0,0,1,5,8,390,391,0.119377,G002,ADD_M2_M3,1,0.992198208827568,ADD_M2_M3,69.9785285417236,0.992198208827568,69.9785285417236,68.986330332896,G002,1,1.01083029590257,1.19143277233943,1,1,LOW_CONFIDENCE,search_budget_truncated,0,0
T_inlib_G002_008,T_inlib,G002,H50_Zin50,B,0,G002,"M=20,20,20,20,|T=0,0,0,0,|B=2,15,1,50;",1,1,1,0,0,211400008,311400008,1.00013829395491,1.11151193799706,0,1,0,0,1,3,3,145,146,0.042872,G002,G001,1,0.983723586832429,G001,183.149092563483,0.983723586832429,183.149092563483,182.165368976651,G002,1,1.00199850022206,1.19143277233943,1,0,UNIQUE_CONFIDENT,single_candidate_with_margin,1,0
T_inlib_G002_008,T_inlib,G002,H50_Zin50,C,5,G002,"M=20,20,20,20,|T=0,0,0,0,|B=2,15,1,50;",1,1,1,0,0,211400008,311400008,1.00013829395491,1.11151193799706,0,1,0,0,1,5,8,361,362,0.108107,G002,ADD_M2_M3,1,0.983723586832429,ADD_M2_M3,66.6601930192372,0.983723586832429,66.6601930192372,65.6764694324048,G002,1,1.00199850022206,1.19143277233943,1,1,LOW_CONFIDENCE,search_budget_truncated,0,0
T_inlib_G002_009,T_inlib,G002,H50_Zin50,B,0,G002,"M=20,20,20,20,|T=0,0,0,0,|B=2,15,1,50;",1,1,1,0,0,211400009,311400009,1.01483644372167,0.809298088810732,0,1,0,0,1,3,3,148,149,0.043481,G002,G001,1,0.968438911645375,G001,189.418954159277,0.968438911645375,189.418954159277,188.450515247632,G002,1,1.04985088168341,1.19143277233943,1,0,UNIQUE_CONFIDENT,single_candidate_with_margin,1,0
T_inlib_G002_009,T_inlib,G002,H50_Zin50,C,5,G002,"M=20,20,20,20,|T=0,0,0,0,|B=2,15,1,50;",1,1,1,0,0,211400009,311400009,1.01483644372167,0.809298088810732,0,1,0,0,1,5,8,386,387,0.116893,G002,ADD_M2_M3,1,0.968438911645375,ADD_M2_M3,68.4225482379109,0.968438911645375,68.4225482379109,67.4541093262655,G002,1,1.04985088168341,1.19143277233943,1,1,LOW_CONFIDENCE,search_budget_truncated,0,0
T_inlib_G002_010,T_inlib,G002,H50_Zin50,B,0,G002,"M=20,20,20,20,|T=0,0,0,0,|B=2,15,1,50;",1,1,1,0,0,211400010,311400010,1.00138552505049,1.14792408319694,0,1,0,0,1,3,3,146,147,0.043481,G002,G001,1,1.0183974710034,G001,181.89932616262,1.0183974710034,181.89932616262,180.880928691617,G002,1,1.04925749912164,1.19143277233943,1,0,UNIQUE_CONFIDENT,single_candidate_with_margin,1,0
T_inlib_G002_010,T_inlib,G002,H50_Zin50,C,5,G002,"M=20,20,20,20,|T=0,0,0,0,|B=2,15,1,50;",1,1,1,0,0,211400010,311400010,1.00138552505049,1.14792408319694,0,1,0,0,1,5,8,363,364,0.107831,G002,ADD_M2_M3,1,1.0183974710034,ADD_M2_M3,65.6300078527168,1.0183974710034,65.6300078527168,64.6116103817134,G002,1,1.04925749912164,1.19143277233943,1,1,LOW_CONFIDENCE,search_budget_truncated,0,0
T_inlib_G002_011,T_inlib,G002,H50_Zin50,B,0,G002,"M=20,20,20,20,|T=0,0,0,0,|B=2,15,1,50;",1,1,1,0,0,211400011,311400011,0.99955395780327,1.19521923824093,0,1,0,0,1,3,3,148,149,0.043964,G002,G001,1,0.895950406109711,G001,181.110088699039,0.895950406109711,181.110088699039,180.21413829293,G002,1,1.0519321786107,1.19143277233943,1,0,UNIQUE_CONFIDENT,single_candidate_with_margin,1,0
T_inlib_G002_011,T_inlib,G002,H50_Zin50,C,5,G002,"M=20,20,20,20,|T=0,0,0,0,|B=2,15,1,50;",1,1,1,0,0,211400011,311400011,0.99955395780327,1.19521923824093,0,1,0,0,1,5,8,367,368,0.110508,G002,ADD_M2_M3,1,0.895950406109711,ADD_M2_M3,65.1135278570657,0.895950406109711,65.1135278570657,64.217577450956,G002,1,1.0519321786107,1.19143277233943,1,1,LOW_CONFIDENCE,search_budget_truncated,0,0
T_inlib_G002_012,T_inlib,G002,H50_Zin50,B,0,G002,"M=20,20,20,20,|T=0,0,0,0,|B=2,15,1,50;",1,1,1,0,0,211400012,311400012,1.01301217010732,1.04610265694345,0,1,0,0,1,3,3,145,146,0.043912,G002,G001,1,0.97402553163155,G001,182.329534534697,0.97402553163155,182.329534534697,181.355509003065,G002,1,1.04921914332519,1.19143277233943,1,0,UNIQUE_CONFIDENT,single_candidate_with_margin,1,0
T_inlib_G002_012,T_inlib,G002,H50_Zin50,C,5,G002,"M=20,20,20,20,|T=0,0,0,0,|B=2,15,1,50;",1,1,1,0,0,211400012,311400012,1.01301217010732,1.04610265694345,0,1,0,0,1,5,8,361,362,0.108906,G002,ADD_M2_M3,1,0.97402553163155,ADD_M2_M3,64.137169730429,0.97402553163155,64.137169730429,63.1631441987975,G002,1,1.04921914332519,1.19143277233943,1,1,LOW_CONFIDENCE,search_budget_truncated,0,0
T_inlib_G002_013,T_inlib,G002,H50_Zin50,B,0,G002,"M=20,20,20,20,|T=0,0,0,0,|B=2,15,1,50;",1,1,1,0,0,211400013,311400013,0.981335286464749,1.17617200237125,0,1,0,0,1,3,3,142,143,0.041991,G002,G001,1,0.942778167278514,G001,182.552009596063,0.942778167278514,182.552009596063,181.609231428784,G002,1,0.996901952137702,1.19143277233943,1,0,UNIQUE_CONFIDENT,single_candidate_with_margin,1,0
T_inlib_G002_013,T_inlib,G002,H50_Zin50,C,5,G002,"M=20,20,20,20,|T=0,0,0,0,|B=2,15,1,50;",1,1,1,0,0,211400013,311400013,0.981335286464749,1.17617200237125,0,1,0,0,1,5,8,353,354,0.106455,G002,ADD_M2_M3,1,0.942778167278514,ADD_M2_M3,64.8754226582257,0.942778167278514,64.8754226582257,63.9326444909472,G002,1,0.996901952137702,1.19143277233943,1,1,LOW_CONFIDENCE,search_budget_truncated,0,0
T_inlib_G002_014,T_inlib,G002,H50_Zin50,B,0,G002,"M=20,20,20,20,|T=0,0,0,0,|B=2,15,1,50;",1,1,1,0,0,211400014,311400014,0.996033276616239,0.837032620711407,0,1,0,0,1,3,3,146,147,0.046038,G002,G001,1,0.945291361381877,G001,192.521822843199,0.945291361381877,192.521822843199,191.576531481817,G002,1,0.937762984639607,1.19143277233943,1,0,UNIQUE_CONFIDENT,single_candidate_with_margin,1,0
T_inlib_G002_014,T_inlib,G002,H50_Zin50,C,5,G002,"M=20,20,20,20,|T=0,0,0,0,|B=2,15,1,50;",1,1,1,0,0,211400014,311400014,0.996033276616239,0.837032620711407,0,1,0,0,1,5,8,367,368,0.107195,G002,ADD_M2_M3,1,0.945291361381877,ADD_M2_M3,74.0670040307651,0.945291361381877,74.0670040307651,73.1217126693832,G002,1,0.937762984639607,1.19143277233943,1,1,LOW_CONFIDENCE,search_budget_truncated,0,0
T_inlib_G002_015,T_inlib,G002,H50_Zin50,B,0,G002,"M=20,20,20,20,|T=0,0,0,0,|B=2,15,1,50;",1,1,1,0,0,211400015,311400015,0.982709792316038,0.985349064893359,0,1,0,0,1,3,3,145,146,0.042122,G002,G001,1,1.06945486091538,G001,188.585760418457,1.06945486091538,188.585760418457,187.516305557542,G002,1,1.03879139363002,1.19143277233943,1,0,UNIQUE_CONFIDENT,single_candidate_with_margin,1,0
T_inlib_G002_015,T_inlib,G002,H50_Zin50,C,5,G002,"M=20,20,20,20,|T=0,0,0,0,|B=2,15,1,50;",1,1,1,0,0,211400015,311400015,0.982709792316038,0.985349064893359,0,1,0,0,1,5,8,361,362,0.106282,G002,ADD_M2_M3,1,1.06945486091538,ADD_M2_M3,69.0384396103744,1.06945486091538,69.0384396103744,67.9689847494591,G002,1,1.03879139363002,1.19143277233943,1,1,LOW_CONFIDENCE,search_budget_truncated,0,0
T_inlib_G002_016,T_inlib,G002,H50_Zin50,B,0,G002,"M=20,20,20,20,|T=0,0,0,0,|B=2,15,1,50;",1,1,1,0,0,211400016,311400016,1.00786080389983,1.11873759986713,0,1,0,0,1,3,3,143,144,0.041783,G002,G001,1,0.971796809877522,G001,181.132890348164,0.971796809877522,181.132890348164,180.161093538286,G002,1,0.902154430685621,1.19143277233943,1,0,UNIQUE_CONFIDENT,single_candidate_with_margin,1,0
T_inlib_G002_016,T_inlib,G002,H50_Zin50,C,5,G002,"M=20,20,20,20,|T=0,0,0,0,|B=2,15,1,50;",1,1,1,0,0,211400016,311400016,1.00786080389983,1.11873759986713,0,1,0,0,1,5,8,357,358,0.105427,G002,ADD_M2_M3,1,0.971796809877522,ADD_M2_M3,64.6509604927191,0.971796809877522,64.6509604927191,63.6791636828416,G002,1,0.902154430685621,1.19143277233943,1,1,LOW_CONFIDENCE,search_budget_truncated,0,0
T_inlib_G002_017,T_inlib,G002,H50_Zin50,B,0,G002,"M=20,20,20,20,|T=0,0,0,0,|B=2,15,1,50;",1,1,1,0,0,211400017,311400017,1.01113198483151,1.04869804479663,0,1,0,0,1,3,3,146,147,0.042796,G002,G001,1,1.00883676464306,G001,182.585093236077,1.00883676464306,182.585093236077,181.576256471434,G002,1,0.997993260736539,1.19143277233943,1,0,UNIQUE_CONFIDENT,single_candidate_with_margin,1,0
T_inlib_G002_017,T_inlib,G002,H50_Zin50,C,5,G002,"M=20,20,20,20,|T=0,0,0,0,|B=2,15,1,50;",1,1,1,0,0,211400017,311400017,1.01113198483151,1.04869804479663,0,1,0,0,1,5,8,367,368,0.107625,G002,ADD_M2_M3,1,1.00883676464306,ADD_M2_M3,64.7804654415627,1.00883676464306,64.7804654415627,63.7716286769196,G002,1,0.997993260736539,1.19143277233943,1,1,LOW_CONFIDENCE,search_budget_truncated,0,0
T_inlib_G002_018,T_inlib,G002,H50_Zin50,B,0,G002,"M=20,20,20,20,|T=0,0,0,0,|B=2,15,1,50;",1,1,1,0,0,211400018,311400018,1.00341908887851,0.863129132431272,0,1,0,0,1,3,3,146,147,0.042104,G002,G001,1,0.945415700687823,G001,189.360203459882,0.945415700687823,189.360203459882,188.414787759194,G002,1,0.998439844621481,1.19143277233943,1,0,UNIQUE_CONFIDENT,single_candidate_with_margin,1,0
T_inlib_G002_018,T_inlib,G002,H50_Zin50,C,5,G002,"M=20,20,20,20,|T=0,0,0,0,|B=2,15,1,50;",1,1,1,0,0,211400018,311400018,1.00341908887851,0.863129132431272,0,1,0,0,1,5,8,364,365,0.107078,G002,ADD_M2_M3,1,0.945415700687823,ADD_M2_M3,71.6831561854197,0.945415700687823,71.6831561854197,70.7377404847319,G002,1,0.998439844621481,1.19143277233943,1,1,LOW_CONFIDENCE,search_budget_truncated,0,0
T_inlib_G002_019,T_inlib,G002,H50_Zin50,B,0,G002,"M=20,20,20,20,|T=0,0,0,0,|B=2,15,1,50;",1,1,1,0,0,211400019,311400019,1.01630742097361,0.877738043727809,0,1,0,0,1,3,3,147,148,0.055063,G002,G001,1,0.912891443523551,G001,187.307234868364,0.912891443523551,187.307234868364,186.39434342484,G002,1,0.918692822755316,1.19143277233943,1,0,UNIQUE_CONFIDENT,single_candidate_with_margin,1,0
T_inlib_G002_019,T_inlib,G002,H50_Zin50,C,5,G002,"M=20,20,20,20,|T=0,0,0,0,|B=2,15,1,50;",1,1,1,0,0,211400019,311400019,1.01630742097361,0.877738043727809,0,1,0,0,1,5,8,386,387,0.114297,G002,ADD_M2_M3,1,0.912891443523551,ADD_M2_M3,66.0067021657466,0.912891443523551,66.0067021657466,65.0938107222231,G002,1,0.918692822755316,1.19143277233943,1,1,LOW_CONFIDENCE,search_budget_truncated,0,0
T_inlib_G002_020,T_inlib,G002,H50_Zin50,B,0,G002,"M=20,20,20,20,|T=0,0,0,0,|B=2,15,1,50;",1,1,1,0,0,211400020,311400020,0.986258218817417,1.16988645176234,0,1,0,0,1,3,3,142,143,0.041299,G002,G001,1,0.998408858823052,G001,182.04968709327,0.998408858823052,182.04968709327,181.051278234447,G002,1,0.943153130633298,1.19143277233943,1,0,UNIQUE_CONFIDENT,single_candidate_with_margin,1,0
T_inlib_G002_020,T_inlib,G002,H50_Zin50,C,5,G002,"M=20,20,20,20,|T=0,0,0,0,|B=2,15,1,50;",1,1,1,0,0,211400020,311400020,0.986258218817417,1.16988645176234,0,1,0,0,1,5,8,355,356,0.104801,G002,ADD_M2_M3,1,0.998408858823052,ADD_M2_M3,65.971628858901,0.998408858823052,65.971628858901,64.9732200000779,G002,1,0.943153130633298,1.19143277233943,1,1,LOW_CONFIDENCE,search_budget_truncated,0,0
T_inlib_G003_001,T_inlib,G003,H50_Zin50,B,0,G003,"M=20,20,20,20,|T=0,0,0,0,|B=1,15,1,50;",1,1,1,0,0,211900001,311900001,0.996444568375341,1.01241927361008,0,1,0,0,1,3,3,141,142,0.041113,G003,G001,1,0.836550073864983,G001,208.819117819366,0.836550073864983,208.819117819366,207.982567745501,G003,1,1.00588584050872,1.19143277233943,1,0,UNIQUE_CONFIDENT,single_candidate_with_margin,1,0
T_inlib_G003_001,T_inlib,G003,H50_Zin50,C,5,G003,"M=20,20,20,20,|T=0,0,0,0,|B=1,15,1,50;",1,1,1,0,0,211900001,311900001,0.996444568375341,1.01241927361008,0,1,0,0,1,5,8,357,358,0.105831,G003,ADD_M1_M3,1,0.836550073864983,ADD_M1_M3,150.614443961169,0.836550073864983,150.614443961169,149.777893887304,G003,1,1.00588584050872,1.19143277233943,1,1,LOW_CONFIDENCE,search_budget_truncated,0,0
T_inlib_G003_002,T_inlib,G003,H50_Zin50,B,0,G003,"M=20,20,20,20,|T=0,0,0,0,|B=1,15,1,50;",1,1,1,0,0,211900002,311900002,1.00146723328963,0.976913746223095,0,1,0,0,1,3,3,145,146,0.041432,G003,G001,1,0.864273636801403,G001,207.027097950802,0.864273636801403,207.027097950802,206.162824314001,G003,1,0.974701653453945,1.19143277233943,1,0,UNIQUE_CONFIDENT,single_candidate_with_margin,1,0
T_inlib_G003_002,T_inlib,G003,H50_Zin50,C,5,G003,"M=20,20,20,20,|T=0,0,0,0,|B=1,15,1,50;",1,1,1,0,0,211900002,311900002,1.00146723328963,0.976913746223095,0,1,0,0,1,5,8,382,383,0.112623,G003,ADD_M1_M3,1,0.864273636801403,ADD_M1_M3,150.920505216429,0.864273636801403,150.920505216429,150.056231579627,G003,1,0.974701653453945,1.19143277233943,1,1,LOW_CONFIDENCE,search_budget_truncated,0,0
T_inlib_G003_003,T_inlib,G003,H50_Zin50,B,0,G003,"M=20,20,20,20,|T=0,0,0,0,|B=1,15,1,50;",1,1,1,0,0,211900003,311900003,1.01826475052545,0.94452927731466,0,1,0,0,1,3,3,119,120,0.034445,G003,G001,1,0.844846917816607,G001,193.404167042472,0.844846917816607,193.404167042472,192.559320124655,G003,1,1.01214936655054,1.19143277233943,1,0,UNIQUE_CONFIDENT,single_candidate_with_margin,1,0
T_inlib_G003_003,T_inlib,G003,H50_Zin50,C,5,G003,"M=20,20,20,20,|T=0,0,0,0,|B=1,15,1,50;",1,1,1,0,0,211900003,311900003,1.01826475052545,0.94452927731466,0,1,0,0,1,5,8,332,333,0.099158,G003,ADD_M1_M3,1,0.844846917816607,ADD_M1_M3,143.920373065061,0.844846917816607,143.920373065061,143.075526147244,G003,1,1.01214936655054,1.19143277233943,1,1,LOW_CONFIDENCE,search_budget_truncated,0,0
T_inlib_G003_004,T_inlib,G003,H50_Zin50,B,0,G003,"M=20,20,20,20,|T=0,0,0,0,|B=1,15,1,50;",1,1,1,0,0,211900004,311900004,1.01315681861748,0.819058241146404,0,1,0,0,1,3,3,121,122,0.034708,G003,G001,1,0.886760036864006,G001,203.506721142746,0.886760036864006,203.506721142746,202.619961105882,G003,1,1.09550549216061,1.19143277233943,1,0,UNIQUE_CONFIDENT,single_candidate_with_margin,1,0
T_inlib_G003_004,T_inlib,G003,H50_Zin50,C,5,G003,"M=20,20,20,20,|T=0,0,0,0,|B=1,15,1,50;",1,1,1,0,0,211900004,311900004,1.01315681861748,0.819058241146404,0,1,0,0,1,5,8,336,337,0.099396,G003,ADD_M1_M3,1,0.886760036864006,ADD_M1_M3,151.993104029157,0.886760036864006,151.993104029157,151.106343992293,G003,1,1.09550549216061,1.19143277233943,1,1,LOW_CONFIDENCE,search_budget_truncated,0,0
T_inlib_G003_005,T_inlib,G003,H50_Zin50,B,0,G003,"M=20,20,20,20,|T=0,0,0,0,|B=1,15,1,50;",1,1,1,0,0,211900005,311900005,0.982320050012495,1.11668564213681,0,1,0,0,1,3,3,146,147,0.041834,G003,G001,1,0.918103196450146,G001,210.521553839296,0.918103196450146,210.521553839296,209.603450642845,G003,1,1.03839214591805,1.19143277233943,1,0,UNIQUE_CONFIDENT,single_candidate_with_margin,1,0
T_inlib_G003_005,T_inlib,G003,H50_Zin50,C,5,G003,"M=20,20,20,20,|T=0,0,0,0,|B=1,15,1,50;",1,1,1,0,0,211900005,311900005,0.982320050012495,1.11668564213681,0,1,0,0,1,5,8,377,378,0.116826,G003,ADD_M1_M3,1,0.918103196450146,ADD_M1_M3,146.38168798542,0.918103196450146,146.38168798542,145.46358478897,G003,1,1.03839214591805,1.19143277233943,1,1,LOW_CONFIDENCE,search_budget_truncated,0,0
T_inlib_G003_006,T_inlib,G003,H50_Zin50,B,0,G003,"M=20,20,20,20,|T=0,0,0,0,|B=1,15,1,50;",1,1,1,0,0,211900006,311900006,1.00132410395884,1.06332583329502,0,1,0,0,1,3,3,145,146,0.043865,G003,G001,1,0.960460193459139,G001,203.102980924306,0.960460193459139,203.102980924306,202.142520730847,G003,1,0.869473945281541,1.19143277233943,1,0,UNIQUE_CONFIDENT,single_candidate_with_margin,1,0
T_inlib_G003_006,T_inlib,G003,H50_Zin50,C,5,G003,"M=20,20,20,20,|T=0,0,0,0,|B=1,15,1,50;",1,1,1,0,0,211900006,311900006,1.00132410395884,1.06332583329502,0,1,0,0,1,5,8,382,383,0.113632,G003,ADD_M1_M3,1,0.960460193459139,ADD_M1_M3,147.195997357316,0.960460193459139,147.195997357316,146.235537163857,G003,1,0.869473945281541,1.19143277233943,1,1,LOW_CONFIDENCE,search_budget_truncated,0,0
T_inlib_G003_007,T_inlib,G003,H50_Zin50,B,0,G003,"M=20,20,20,20,|T=0,0,0,0,|B=1,15,1,50;",1,1,1,0,0,211900007,311900007,0.987124896704994,1.06789152588308,0,1,0,0,1,3,3,147,148,0.042881,G003,G001,1,0.953379871537611,G001,211.572362225063,0.953379871537611,211.572362225063,210.618982353525,G003,1,0.857897498881932,1.19143277233943,1,0,UNIQUE_CONFIDENT,single_candidate_with_margin,1,0
T_inlib_G003_007,T_inlib,G003,H50_Zin50,C,5,G003,"M=20,20,20,20,|T=0,0,0,0,|B=1,15,1,50;",1,1,1,0,0,211900007,311900007,0.987124896704994,1.06789152588308,0,1,0,0,1,5,8,371,372,0.110265,G003,ADD_M1_M3,1,0.953379871537611,ADD_M1_M3,148.763598189185,0.953379871537611,148.763598189185,147.810218317647,G003,1,0.857897498881932,1.19143277233943,1,1,LOW_CONFIDENCE,search_budget_truncated,0,0
T_inlib_G003_008,T_inlib,G003,H50_Zin50,B,0,G003,"M=20,20,20,20,|T=0,0,0,0,|B=1,15,1,50;",1,1,1,0,0,211900008,311900008,1.0109690700107,0.909534399143958,0,1,0,0,1,3,3,121,122,0.035085,G003,G001,1,0.888510261258132,G001,202.156904134682,0.888510261258132,202.156904134682,201.268393873424,G003,1,0.907164791388859,1.19143277233943,1,0,UNIQUE_CONFIDENT,single_candidate_with_margin,1,0
T_inlib_G003_008,T_inlib,G003,H50_Zin50,C,5,G003,"M=20,20,20,20,|T=0,0,0,0,|B=1,15,1,50;",1,1,1,0,0,211900008,311900008,1.0109690700107,0.909534399143958,0,1,0,0,1,5,8,336,337,0.10037,G003,ADD_M1_M3,1,0.888510261258132,ADD_M1_M3,149.50275391473,0.888510261258132,149.50275391473,148.614243653472,G003,1,0.907164791388859,1.19143277233943,1,1,LOW_CONFIDENCE,search_budget_truncated,0,0
T_inlib_G003_009,T_inlib,G003,H50_Zin50,B,0,G003,"M=20,20,20,20,|T=0,0,0,0,|B=1,15,1,50;",1,1,1,0,0,211900009,311900009,1.01335810064386,0.866885576857883,0,1,0,0,1,3,3,122,123,0.035912,G003,G001,1,0.886563106915709,G001,201.253714773284,0.886563106915709,201.253714773284,200.367151666368,G003,1,0.794873959909854,1.19143277233943,1,0,UNIQUE_CONFIDENT,single_candidate_with_margin,1,0
T_inlib_G003_009,T_inlib,G003,H50_Zin50,C,5,G003,"M=20,20,20,20,|T=0,0,0,0,|B=1,15,1,50;",1,1,1,0,0,211900009,311900009,1.01335810064386,0.866885576857883,0,1,0,0,1,5,8,338,339,0.101086,G003,ADD_M1_M3,1,0.886563106915709,ADD_M1_M3,149.885382195234,0.886563106915709,149.885382195234,148.998819088318,G003,1,0.794873959909854,1.19143277233943,1,1,LOW_CONFIDENCE,search_budget_truncated,0,0
T_inlib_G003_010,T_inlib,G003,H50_Zin50,B,0,G003,"M=20,20,20,20,|T=0,0,0,0,|B=1,15,1,50;",1,1,1,0,0,211900010,311900010,1.0077892392433,0.945972439984064,0,1,0,0,1,3,3,145,146,0.041902,G003,G001,1,0.937848602194212,G001,203.395083596757,0.937848602194212,203.395083596757,202.457234994563,G003,1,0.94262260951628,1.19143277233943,1,0,UNIQUE_CONFIDENT,single_candidate_with_margin,1,0
T_inlib_G003_010,T_inlib,G003,H50_Zin50,C,5,G003,"M=20,20,20,20,|T=0,0,0,0,|B=1,15,1,50;",1,1,1,0,0,211900010,311900010,1.0077892392433,0.945972439984064,0,1,0,0,1,5,8,382,383,0.114257,G003,ADD_M1_M3,1,0.937848602194212,ADD_M1_M3,149.640254356865,0.937848602194212,149.640254356865,148.702405754671,G003,1,0.94262260951628,1.19143277233943,1,1,LOW_CONFIDENCE,search_budget_truncated,0,0
T_inlib_G003_011,T_inlib,G003,H50_Zin50,B,0,G003,"M=20,20,20,20,|T=0,0,0,0,|B=1,15,1,50;",1,1,1,0,0,211900011,311900011,0.98137489287187,0.862953058752879,0,1,0,0,1,3,3,152,153,0.044465,G003,G001,1,0.899819659928736,G001,225.656684013177,0.899819659928736,225.656684013177,224.756864353248,G003,1,0.887714209029401,1.19143277233943,1,0,UNIQUE_CONFIDENT,single_candidate_with_margin,1,0
T_inlib_G003_011,T_inlib,G003,H50_Zin50,C,5,G003,"M=20,20,20,20,|T=0,0,0,0,|B=1,15,1,50;",1,1,1,0,0,211900011,311900011,0.98137489287187,0.862953058752879,0,1,0,0,1,5,8,383,384,0.113828,G003,ADD_M1_M3,1,0.899819659928736,ADD_M1_M3,160.01573272749,0.899819659928736,160.01573272749,159.115913067561,G003,1,0.887714209029401,1.19143277233943,1,1,LOW_CONFIDENCE,search_budget_truncated,0,0
T_inlib_G003_012,T_inlib,G003,H50_Zin50,B,0,G003,"M=20,20,20,20,|T=0,0,0,0,|B=1,15,1,50;",1,1,1,0,0,211900012,311900012,1.00851633633424,1.14863459877797,0,1,0,0,1,3,3,118,119,0.035246,G003,G001,1,1.00078727710617,G001,194.815776725204,1.00078727710617,194.815776725204,193.814989448098,G003,1,0.894239654501626,1.19143277233943,1,0,UNIQUE_CONFIDENT,single_candidate_with_margin,1,0
T_inlib_G003_012,T_inlib,G003,H50_Zin50,C,5,G003,"M=20,20,20,20,|T=0,0,0,0,|B=1,15,1,50;",1,1,1,0,0,211900012,311900012,1.00851633633424,1.14863459877797,0,1,0,0,1,5,8,326,327,0.098688,G003,ADD_M1_M3,1,1.00078727710617,ADD_M1_M3,141.805749339109,1.00078727710617,141.805749339109,140.804962062002,G003,1,0.894239654501626,1.19143277233943,1,1,LOW_CONFIDENCE,search_budget_truncated,0,0
T_inlib_G003_013,T_inlib,G003,H50_Zin50,B,0,G003,"M=20,20,20,20,|T=0,0,0,0,|B=1,15,1,50;",1,1,1,0,0,211900013,311900013,0.982263824825956,0.924223237231223,0,1,0,0,1,3,3,149,150,0.04372,G003,G001,1,0.846157258682,G001,221.388771502767,0.846157258682,221.388771502767,220.542614244085,G003,1,0.830685352653254,1.19143277233943,1,0,UNIQUE_CONFIDENT,single_candidate_with_margin,1,0
T_inlib_G003_013,T_inlib,G003,H50_Zin50,C,5,G003,"M=20,20,20,20,|T=0,0,0,0,|B=1,15,1,50;",1,1,1,0,0,211900013,311900013,0.982263824825956,0.924223237231223,0,1,0,0,1,5,8,379,380,0.112256,G003,ADD_M1_M3,1,0.846157258682,ADD_M1_M3,156.335195444671,0.846157258682,156.335195444671,155.489038185989,G003,1,0.830685352653254,1.19143277233943,1,1,LOW_CONFIDENCE,search_budget_truncated,0,0
T_inlib_G003_014,T_inlib,G003,H50_Zin50,B,0,G003,"M=20,20,20,20,|T=0,0,0,0,|B=1,15,1,50;",1,1,1,0,0,211900014,311900014,1.00520682328109,0.856430674965758,0,1,0,0,1,3,3,144,145,0.042202,G003,G001,1,0.924888106210464,G001,209.766334449768,0.924888106210464,209.766334449768,208.841446343558,G003,1,0.80569498307543,1.19143277233943,1,0,UNIQUE_CONFIDENT,single_candidate_with_margin,1,0
T_inlib_G003_014,T_inlib,G003,H50_Zin50,C,5,G003,"M=20,20,20,20,|T=0,0,0,0,|B=1,15,1,50;",1,1,1,0,0,211900014,311900014,1.00520682328109,0.856430674965758,0,1,0,0,1,5,8,380,381,0.113379,G003,ADD_M1_M3,1,0.924888106210464,ADD_M1_M3,155.113203147583,0.924888106210464,155.113203147583,154.188315041372,G003,1,0.80569498307543,1.19143277233943,1,1,LOW_CONFIDENCE,search_budget_truncated,0,0
T_inlib_G003_015,T_inlib,G003,H50_Zin50,B,0,G003,"M=20,20,20,20,|T=0,0,0,0,|B=1,15,1,50;",1,1,1,0,0,211900015,311900015,1.01726741495775,0.970549356808858,0,1,0,0,1,3,3,117,118,0.034678,G003,G001,1,0.972452790084215,G001,193.610963001344,0.972452790084215,193.610963001344,192.63851021126,G003,1,1.06169717976352,1.19143277233943,1,0,UNIQUE_CONFIDENT,single_candidate_with_margin,1,0
T_inlib_G003_015,T_inlib,G003,H50_Zin50,C,5,G003,"M=20,20,20,20,|T=0,0,0,0,|B=1,15,1,50;",1,1,1,0,0,211900015,311900015,1.01726741495775,0.970549356808858,0,1,0,0,1,5,8,330,331,0.100141,G003,ADD_M1_M3,1,0.972452790084215,ADD_M1_M3,143.745585132015,0.972452790084215,143.745585132015,142.773132341931,G003,1,1.06169717976352,1.19143277233943,1,1,LOW_CONFIDENCE,search_budget_truncated,0,0
T_inlib_G003_016,T_inlib,G003,H50_Zin50,B,0,G003,"M=20,20,20,20,|T=0,0,0,0,|B=1,15,1,50;",1,1,1,0,0,211900016,311900016,0.987213954452901,1.11393642672308,0,1,0,0,1,3,3,145,146,0.042188,G003,G001,1,0.943504653740995,G001,209.334495202637,0.943504653740995,209.334495202637,208.390990548896,G003,1,1.00774151749661,1.19143277233943,1,0,UNIQUE_CONFIDENT,single_candidate_with_margin,1,0
T_inlib_G003_016,T_inlib,G003,H50_Zin50,C,5,G003,"M=20,20,20,20,|T=0,0,0,0,|B=1,15,1,50;",1,1,1,0,0,211900016,311900016,0.987213954452901,1.11393642672308,0,1,0,0,1,5,8,365,366,0.10932,G003,ADD_M1_M3,1,0.943504653740995,ADD_M1_M3,146.605149947591,0.943504653740995,146.605149947591,145.66164529385,G003,1,1.00774151749661,1.19143277233943,1,1,LOW_CONFIDENCE,search_budget_truncated,0,0
T_inlib_G003_017,T_inlib,G003,H50_Zin50,B,0,G003,"M=20,20,20,20,|T=0,0,0,0,|B=1,15,1,50;",1,1,1,0,0,211900017,311900017,0.999614373096596,1.19505328011474,0,1,0,0,1,3,3,145,146,0.042342,G003,G001,1,0.98258120444557,G001,198.441504451656,0.98258120444557,198.441504451656,197.458923247211,G003,1,1.02180045785133,1.19143277233943,1,0,UNIQUE_CONFIDENT,single_candidate_with_margin,1,0
T_inlib_G003_017,T_inlib,G003,H50_Zin50,C,5,G003,"M=20,20,20,20,|T=0,0,0,0,|B=1,15,1,50;",1,1,1,0,0,211900017,311900017,0.999614373096596,1.19505328011474,0,1,0,0,1,5,8,366,367,0.110802,G003,ADD_M1_M3,1,0.98258120444557,ADD_M1_M3,142.615054004302,0.98258120444557,142.615054004302,141.632472799856,G003,1,1.02180045785133,1.19143277233943,1,1,LOW_CONFIDENCE,search_budget_truncated,0,0
T_inlib_G003_018,T_inlib,G003,H50_Zin50,B,0,G003,"M=20,20,20,20,|T=0,0,0,0,|B=1,15,1,50;",1,1,1,0,0,211900018,311900018,0.98712156811959,1.1105330319849,0,1,0,0,1,3,3,145,146,0.042229,G003,G001,1,0.866200195383631,G001,209.316822852288,0.866200195383631,209.316822852288,208.450622656905,G003,1,0.88997530671697,1.19143277233943,1,0,UNIQUE_CONFIDENT,single_candidate_with_margin,1,0
T_inlib_G003_018,T_inlib,G003,H50_Zin50,C,5,G003,"M=20,20,20,20,|T=0,0,0,0,|B=1,15,1,50;",1,1,1,0,0,211900018,311900018,0.98712156811959,1.1105330319849,0,1,0,0,1,5,8,368,369,0.110063,G003,ADD_M1_M3,1,0.866200195383631,ADD_M1_M3,146.655116593953,0.866200195383631,146.655116593953,145.788916398569,G003,1,0.88997530671697,1.19143277233943,1,1,LOW_CONFIDENCE,search_budget_truncated,0,0
T_inlib_G003_019,T_inlib,G003,H50_Zin50,B,0,G003,"M=20,20,20,20,|T=0,0,0,0,|B=1,15,1,50;",1,1,1,0,0,211900019,311900019,0.991574027313442,0.930791779135527,0,1,0,0,1,3,3,147,148,0.043588,G003,G001,1,0.909934064085878,G001,216.803649149576,0.909934064085878,216.803649149576,215.89371508549,G003,1,0.906338435226408,1.19143277233943,1,0,UNIQUE_CONFIDENT,single_candidate_with_margin,1,0
T_inlib_G003_019,T_inlib,G003,H50_Zin50,C,5,G003,"M=20,20,20,20,|T=0,0,0,0,|B=1,15,1,50;",1,1,1,0,0,211900019,311900019,0.991574027313442,0.930791779135527,0,1,0,0,1,5,8,377,378,0.113358,G003,ADD_M1_M3,1,0.909934064085878,ADD_M1_M3,155.749159655529,0.909934064085878,155.749159655529,154.839225591443,G003,1,0.906338435226408,1.19143277233943,1,1,LOW_CONFIDENCE,search_budget_truncated,0,0
T_inlib_G003_020,T_inlib,G003,H50_Zin50,B,0,G003,"M=20,20,20,20,|T=0,0,0,0,|B=1,15,1,50;",1,1,1,0,0,211900020,311900020,1.00400459752034,0.983358907436542,0,1,0,0,1,3,3,143,144,0.041838,G003,G001,1,0.87280528182252,G001,204.695192012484,0.87280528182252,204.695192012484,203.822386730661,G003,1,0.88112615215151,1.19143277233943,1,0,UNIQUE_CONFIDENT,single_candidate_with_margin,1,0
T_inlib_G003_020,T_inlib,G003,H50_Zin50,C,5,G003,"M=20,20,20,20,|T=0,0,0,0,|B=1,15,1,50;",1,1,1,0,0,211900020,311900020,1.00400459752034,0.983358907436542,0,1,0,0,1,5,8,380,381,0.114059,G003,ADD_M1_M3,1,0.87280528182252,ADD_M1_M3,149.563041121667,0.87280528182252,149.563041121667,148.690235839845,G003,1,0.88112615215151,1.19143277233943,1,1,LOW_CONFIDENCE,search_budget_truncated,0,0
T_old_out_MIRROR_M3_001,T_old_out,MIRROR_M3,H50_Zin50,B,0,MIRROR_M3,"M=20,20,20,20,|T=0,0,0,0,|B=3,15,1,50;",0,1,1,1,0,221200001,321200001,1.00406875809291,1.11705939829097,0,0,1,0,0,3,3,140,141,0.041461,G001,G002,0,NaN,G001,164.504656447706,164.504656447706,175.868969038495,11.3643125907893,G001,1,162.142694848548,1.19143277233943,0,0,REJECTED,fit_quality_gate,0,0
T_old_out_MIRROR_M3_001,T_old_out,MIRROR_M3,H50_Zin50,C,5,MIRROR_M3,"M=20,20,20,20,|T=0,0,0,0,|B=3,15,1,50;",0,1,1,1,0,221200001,321200001,1.00406875809291,1.11705939829097,1,1,0,0,1,5,8,349,350,0.104572,MIRROR_M3,G001,1,0.891475140221201,G001,164.504656447706,0.891475140221201,164.504656447706,163.613181307485,MIRROR_M3,1,1.00117926043205,1.19143277233943,1,1,LOW_CONFIDENCE,search_budget_truncated,0,0
T_old_out_MIRROR_M3_002,T_old_out,MIRROR_M3,H50_Zin50,B,0,MIRROR_M3,"M=20,20,20,20,|T=0,0,0,0,|B=3,15,1,50;",0,1,1,1,0,221200002,321200002,0.98763258810792,1.01316828160613,0,0,1,0,0,3,3,138,139,0.040315,G001,G002,0,NaN,G001,149.63709776898,149.63709776898,177.124658584127,27.4875608151477,G001,1,186.992314362061,1.19143277233943,0,0,REJECTED,fit_quality_gate,0,0
T_old_out_MIRROR_M3_002,T_old_out,MIRROR_M3,H50_Zin50,C,5,MIRROR_M3,"M=20,20,20,20,|T=0,0,0,0,|B=3,15,1,50;",0,1,1,1,0,221200002,321200002,0.98763258810792,1.01316828160613,1,1,0,0,1,5,8,347,348,0.103627,MIRROR_M3,G001,1,1.00281000427169,G001,149.63709776898,1.00281000427169,149.63709776898,148.634287764708,MIRROR_M3,1,0.925918011140145,1.19143277233943,1,1,LOW_CONFIDENCE,search_budget_truncated,0,0
T_old_out_MIRROR_M3_003,T_old_out,MIRROR_M3,H50_Zin50,B,0,MIRROR_M3,"M=20,20,20,20,|T=0,0,0,0,|B=3,15,1,50;",0,1,1,1,0,221200003,321200003,1.0011829389597,0.867963270483399,0,0,1,0,0,3,3,136,137,0.04086,G001,G002,0,NaN,G001,159.20137111058,159.20137111058,180.857464646425,21.656093535845,G001,1,179.186402050672,1.19143277233943,0,0,REJECTED,fit_quality_gate,0,0
T_old_out_MIRROR_M3_003,T_old_out,MIRROR_M3,H50_Zin50,C,5,MIRROR_M3,"M=20,20,20,20,|T=0,0,0,0,|B=3,15,1,50;",0,1,1,1,0,221200003,321200003,1.0011829389597,0.867963270483399,1,1,0,0,1,5,8,344,345,0.103189,MIRROR_M3,G001,1,0.909084549235035,G001,159.20137111058,0.909084549235035,159.20137111058,158.292286561345,MIRROR_M3,1,0.883528450166416,1.19143277233943,1,1,LOW_CONFIDENCE,search_budget_truncated,0,0
T_old_out_MIRROR_M3_004,T_old_out,MIRROR_M3,H50_Zin50,B,0,MIRROR_M3,"M=20,20,20,20,|T=0,0,0,0,|B=3,15,1,50;",0,1,1,1,0,221200004,321200004,1.00033902986124,1.15915848771527,0,0,1,0,0,3,3,140,141,0.040809,G001,G002,0,NaN,G001,164.206202942308,164.206202942308,174.949696824191,10.743493881883,G001,1,159.582480710941,1.19143277233943,0,0,REJECTED,fit_quality_gate,0,0
T_old_out_MIRROR_M3_004,T_old_out,MIRROR_M3,H50_Zin50,C,5,MIRROR_M3,"M=20,20,20,20,|T=0,0,0,0,|B=3,15,1,50;",0,1,1,1,0,221200004,321200004,1.00033902986124,1.15915848771527,1,1,0,0,1,5,8,352,353,0.105208,MIRROR_M3,G001,1,0.867587632318886,G001,164.206202942308,0.867587632318886,164.206202942308,163.33861530999,MIRROR_M3,1,1.01389845921019,1.19143277233943,1,1,LOW_CONFIDENCE,search_budget_truncated,0,0
T_old_out_MIRROR_M3_005,T_old_out,MIRROR_M3,H50_Zin50,B,0,MIRROR_M3,"M=20,20,20,20,|T=0,0,0,0,|B=3,15,1,50;",0,1,1,1,0,221200005,321200005,0.996952672587834,1.15920338877623,0,0,1,0,0,3,3,160,161,0.047063,G001,G002,0,NaN,G001,157.128013467455,157.128013467455,174.612824302423,17.4848108349677,G001,1,183.957454471401,1.19143277233943,0,0,REJECTED,fit_quality_gate,0,0
T_old_out_MIRROR_M3_005,T_old_out,MIRROR_M3,H50_Zin50,C,5,MIRROR_M3,"M=20,20,20,20,|T=0,0,0,0,|B=3,15,1,50;",0,1,1,1,0,221200005,321200005,0.996952672587834,1.15920338877623,1,1,0,0,1,5,8,396,397,0.118561,MIRROR_M3,G001,1,0.884900219948571,G001,157.128013467455,0.884900219948571,157.128013467455,156.243113247506,MIRROR_M3,1,1.02542354541457,1.19143277233943,1,1,LOW_CONFIDENCE,search_budget_truncated,0,0
T_old_out_MIRROR_M3_006,T_old_out,MIRROR_M3,H50_Zin50,B,0,MIRROR_M3,"M=20,20,20,20,|T=0,0,0,0,|B=3,15,1,50;",0,1,1,1,0,221200006,321200006,1.01339618047337,1.166645742881,0,0,1,0,0,3,3,140,141,0.040862,G001,G002,0,NaN,G001,159.254768120911,159.254768120911,172.711506736957,13.4567386160463,G001,1,162.481867610774,1.19143277233943,0,0,REJECTED,fit_quality_gate,0,0
T_old_out_MIRROR_M3_006,T_old_out,MIRROR_M3,H50_Zin50,C,5,MIRROR_M3,"M=20,20,20,20,|T=0,0,0,0,|B=3,15,1,50;",0,1,1,1,0,221200006,321200006,1.01339618047337,1.166645742881,1,1,0,0,1,5,8,352,353,0.104902,MIRROR_M3,G001,1,0.910285766242621,G001,159.254768120911,0.910285766242621,159.254768120911,158.344482354668,MIRROR_M3,1,0.926293569308974,1.19143277233943,1,1,LOW_CONFIDENCE,search_budget_truncated,0,0
T_old_out_MIRROR_M3_007,T_old_out,MIRROR_M3,H50_Zin50,B,0,MIRROR_M3,"M=20,20,20,20,|T=0,0,0,0,|B=3,15,1,50;",0,1,1,1,0,221200007,321200007,1.01585122348028,1.12971814176768,0,0,1,0,0,3,3,140,141,0.04146,G001,G002,0,NaN,G001,158.841230985385,158.841230985385,172.656716726328,13.8154857409434,G001,1,161.955468720502,1.19143277233943,0,0,REJECTED,fit_quality_gate,0,0
T_old_out_MIRROR_M3_007,T_old_out,MIRROR_M3,H50_Zin50,C,5,MIRROR_M3,"M=20,20,20,20,|T=0,0,0,0,|B=3,15,1,50;",0,1,1,1,0,221200007,321200007,1.01585122348028,1.12971814176768,1,1,0,0,1,5,8,350,351,0.104171,MIRROR_M3,G001,1,0.874844863213149,G001,158.841230985385,0.874844863213149,158.841230985385,157.966386122172,MIRROR_M3,1,0.86204028209412,1.19143277233943,1,1,LOW_CONFIDENCE,search_budget_truncated,0,0
T_old_out_MIRROR_M3_008,T_old_out,MIRROR_M3,H50_Zin50,B,0,MIRROR_M3,"M=20,20,20,20,|T=0,0,0,0,|B=3,15,1,50;",0,1,1,1,0,221200008,321200008,0.992652346754893,0.854650098486517,0,0,1,0,0,3,3,138,139,0.04013,G001,G002,0,NaN,G001,152.970211375159,152.970211375159,180.203325053217,27.233113678058,G001,1,182.090458243292,1.19143277233943,0,0,REJECTED,fit_quality_gate,0,0
T_old_out_MIRROR_M3_008,T_old_out,MIRROR_M3,H50_Zin50,C,5,MIRROR_M3,"M=20,20,20,20,|T=0,0,0,0,|B=3,15,1,50;",0,1,1,1,0,221200008,321200008,0.992652346754893,0.854650098486517,1,1,0,0,1,5,8,374,375,0.113382,MIRROR_M3,G001,1,0.932059215989262,G001,152.970211375159,0.932059215989262,152.970211375159,152.03815215917,MIRROR_M3,1,0.838289384018938,1.19143277233943,1,1,LOW_CONFIDENCE,search_budget_truncated,0,0
T_old_out_MIRROR_M3_009,T_old_out,MIRROR_M3,H50_Zin50,B,0,MIRROR_M3,"M=20,20,20,20,|T=0,0,0,0,|B=3,15,1,50;",0,1,1,1,0,221200009,321200009,1.01547198524103,0.862885403973009,0,0,1,0,0,3,3,142,143,0.040854,G001,G002,0,NaN,G001,167.20151144156,167.20151144156,179.348913534498,12.1474020929381,G001,1,169.054630098967,1.19143277233943,0,0,REJECTED,fit_quality_gate,0,0
T_old_out_MIRROR_M3_009,T_old_out,MIRROR_M3,H50_Zin50,C,5,MIRROR_M3,"M=20,20,20,20,|T=0,0,0,0,|B=3,15,1,50;",0,1,1,1,0,221200009,321200009,1.01547198524103,0.862885403973009,1,1,0,0,1,5,8,352,353,0.104709,MIRROR_M3,G001,1,1.00143856297498,G001,167.20151144156,1.00143856297498,167.20151144156,166.200072878585,MIRROR_M3,1,0.929423008139473,1.19143277233943,1,1,LOW_CONFIDENCE,search_budget_truncated,0,0
T_old_out_MIRROR_M3_010,T_old_out,MIRROR_M3,H50_Zin50,B,0,MIRROR_M3,"M=20,20,20,20,|T=0,0,0,0,|B=3,15,1,50;",0,1,1,1,0,221200010,321200010,0.9811981320872,0.917301891742347,0,0,1,0,0,3,3,134,135,0.039342,G001,G002,0,NaN,G001,144.711105497652,144.711105497652,179.586221905959,34.8751164083073,G001,1,191.203332970119,1.19143277233943,0,0,REJECTED,fit_quality_gate,0,0
T_old_out_MIRROR_M3_010,T_old_out,MIRROR_M3,H50_Zin50,C,5,MIRROR_M3,"M=20,20,20,20,|T=0,0,0,0,|B=3,15,1,50;",0,1,1,1,0,221200010,321200010,0.9811981320872,0.917301891742347,1,1,0,0,1,5,8,339,340,0.10336,MIRROR_M3,G001,1,0.905416816966383,G001,144.711105497652,0.905416816966383,144.711105497652,143.805688680685,MIRROR_M3,1,0.913074238107705,1.19143277233943,1,1,LOW_CONFIDENCE,search_budget_truncated,0,0
T_old_out_ADD_M1_M3_001,T_old_out,ADD_M1_M3,H50_Zin50,B,0,ADD_M1_M3,"M=20,20,20,20,|T=0,0,0,0,|B=1,15,1,50;3,15,1,50;",0,1,1,1,0,222000001,322000001,1.00334600057533,1.1443417439571,0,0,1,0,0,3,3,166,167,0.048966,G003,G002,0,NaN,G003,143.371144532311,143.371144532311,195.011745580612,51.640601048301,G003,1,88.2341639170747,1.19143277233943,0,0,REJECTED,fit_quality_gate,0,0
T_old_out_ADD_M1_M3_001,T_old_out,ADD_M1_M3,H50_Zin50,C,5,ADD_M1_M3,"M=20,20,20,20,|T=0,0,0,0,|B=1,15,1,50;3,15,1,50;",0,1,1,1,0,222000001,322000001,1.00334600057533,1.1443417439571,1,1,0,0,1,5,8,404,405,0.119232,ADD_M1_M3,G003,1,0.901510080336851,G003,143.371144532311,0.901510080336851,143.371144532311,142.469634451974,ADD_M1_M3,1,0.856993264970441,1.19143277233943,1,1,LOW_CONFIDENCE,search_budget_truncated,0,0
T_old_out_ADD_M1_M3_002,T_old_out,ADD_M1_M3,H50_Zin50,B,0,ADD_M1_M3,"M=20,20,20,20,|T=0,0,0,0,|B=1,15,1,50;3,15,1,50;",0,1,1,1,0,222000002,322000002,0.981757864070129,1.18109601819489,0,0,1,0,0,3,3,164,165,0.048446,G003,G002,0,NaN,G003,142.331037565751,142.331037565751,193.087530888057,50.7564933223054,G003,1,83.3682199734789,1.19143277233943,0,0,REJECTED,fit_quality_gate,0,0
T_old_out_ADD_M1_M3_002,T_old_out,ADD_M1_M3,H50_Zin50,C,5,ADD_M1_M3,"M=20,20,20,20,|T=0,0,0,0,|B=1,15,1,50;3,15,1,50;",0,1,1,1,0,222000002,322000002,0.981757864070129,1.18109601819489,1,1,0,0,1,5,8,402,403,0.119368,ADD_M1_M3,G003,1,0.851271926318536,G003,142.331037565751,0.851271926318536,142.331037565751,141.479765639433,ADD_M1_M3,1,0.734887599076703,1.19143277233943,1,1,LOW_CONFIDENCE,search_budget_truncated,0,0
T_old_out_ADD_M1_M3_003,T_old_out,ADD_M1_M3,H50_Zin50,B,0,ADD_M1_M3,"M=20,20,20,20,|T=0,0,0,0,|B=1,15,1,50;3,15,1,50;",0,1,1,1,0,222000003,322000003,1.01576022424224,1.00482629495733,0,0,1,0,0,3,3,138,139,0.040628,G003,G002,0,NaN,G003,144.484954321296,144.484954321296,201.925436487606,57.4404821663101,G003,1,87.574115473915,1.19143277233943,0,0,REJECTED,fit_quality_gate,0,0
T_old_out_ADD_M1_M3_003,T_old_out,ADD_M1_M3,H50_Zin50,C,5,ADD_M1_M3,"M=20,20,20,20,|T=0,0,0,0,|B=1,15,1,50;3,15,1,50;",0,1,1,1,0,222000003,322000003,1.01576022424224,1.00482629495733,1,1,0,0,1,5,8,330,331,0.097657,ADD_M1_M3,G003,1,0.883164915647849,G003,144.484954321296,0.883164915647849,144.484954321296,143.601789405648,ADD_M1_M3,1,0.81176082304948,1.19143277233943,1,1,LOW_CONFIDENCE,search_budget_truncated,0,0
T_old_out_ADD_M1_M3_004,T_old_out,ADD_M1_M3,H50_Zin50,B,0,ADD_M1_M3,"M=20,20,20,20,|T=0,0,0,0,|B=1,15,1,50;3,15,1,50;",0,1,1,1,0,222000004,322000004,0.994524441047987,1.05277095313711,0,0,1,0,0,3,3,168,169,0.048609,G003,G002,0,NaN,G003,144.593962056024,144.593962056024,194.052444784715,49.4584827286912,G003,1,87.0397839757903,1.19143277233943,0,0,REJECTED,fit_quality_gate,0,0
T_old_out_ADD_M1_M3_004,T_old_out,ADD_M1_M3,H50_Zin50,C,5,ADD_M1_M3,"M=20,20,20,20,|T=0,0,0,0,|B=1,15,1,50;3,15,1,50;",0,1,1,1,0,222000004,322000004,0.994524441047987,1.05277095313711,1,1,0,0,1,5,8,407,408,0.12059,ADD_M1_M3,G003,1,0.930632207720564,G003,144.593962056024,0.930632207720564,144.593962056024,143.663329848304,ADD_M1_M3,1,0.997271340730504,1.19143277233943,1,1,LOW_CONFIDENCE,search_budget_truncated,0,0
T_old_out_ADD_M1_M3_005,T_old_out,ADD_M1_M3,H50_Zin50,B,0,ADD_M1_M3,"M=20,20,20,20,|T=0,0,0,0,|B=1,15,1,50;3,15,1,50;",0,1,1,1,0,222000005,322000005,1.01850725174033,1.00039752434527,0,0,1,0,0,3,3,134,135,0.039219,G003,G002,0,NaN,G003,143.863712578946,143.863712578946,201.737891429905,57.8741788509589,G003,1,86.2137831107463,1.19143277233943,0,0,REJECTED,fit_quality_gate,0,0
T_old_out_ADD_M1_M3_005,T_old_out,ADD_M1_M3,H50_Zin50,C,5,ADD_M1_M3,"M=20,20,20,20,|T=0,0,0,0,|B=1,15,1,50;3,15,1,50;",0,1,1,1,0,222000005,322000005,1.01850725174033,1.00039752434527,1,1,0,0,1,5,8,321,322,0.096837,ADD_M1_M3,G003,1,0.824515679604164,G003,143.863712578946,0.824515679604164,143.863712578946,143.039196899342,ADD_M1_M3,1,0.918417904330046,1.19143277233943,1,1,LOW_CONFIDENCE,search_budget_truncated,0,0
T_old_out_ADD_M1_M3_006,T_old_out,ADD_M1_M3,H50_Zin50,B,0,ADD_M1_M3,"M=20,20,20,20,|T=0,0,0,0,|B=1,15,1,50;3,15,1,50;",0,1,1,1,0,222000006,322000006,0.99241865836427,1.03333469366746,0,0,1,0,0,3,3,162,163,0.047523,G003,G002,0,NaN,G003,144.812391080052,144.812391080052,194.221533317732,49.4091422376806,G003,1,86.3714035217294,1.19143277233943,0,0,REJECTED,fit_quality_gate,0,0
T_old_out_ADD_M1_M3_006,T_old_out,ADD_M1_M3,H50_Zin50,C,5,ADD_M1_M3,"M=20,20,20,20,|T=0,0,0,0,|B=1,15,1,50;3,15,1,50;",0,1,1,1,0,222000006,322000006,0.99241865836427,1.03333469366746,1,1,0,0,1,5,8,397,398,0.117437,ADD_M1_M3,G003,1,0.910412201027073,G003,144.812391080052,0.910412201027073,144.812391080052,143.901978879025,ADD_M1_M3,1,0.841547675285617,1.19143277233943,1,1,LOW_CONFIDENCE,search_budget_truncated,0,0
T_old_out_ADD_M1_M3_007,T_old_out,ADD_M1_M3,H50_Zin50,B,0,ADD_M1_M3,"M=20,20,20,20,|T=0,0,0,0,|B=1,15,1,50;3,15,1,50;",0,1,1,1,0,222000007,322000007,1.00663943656884,0.942582122455765,0,0,1,0,0,3,3,166,167,0.048622,G003,G002,0,NaN,G003,147.189247817071,147.189247817071,202.767399258787,55.5781514417163,G003,1,93.5063839723602,1.19143277233943,0,0,REJECTED,fit_quality_gate,0,0
T_old_out_ADD_M1_M3_007,T_old_out,ADD_M1_M3,H50_Zin50,C,5,ADD_M1_M3,"M=20,20,20,20,|T=0,0,0,0,|B=1,15,1,50;3,15,1,50;",0,1,1,1,0,222000007,322000007,1.00663943656884,0.942582122455765,1,1,0,0,1,5,8,405,406,0.121468,ADD_M1_M3,G003,1,0.82761886634355,G003,147.189247817071,0.82761886634355,147.189247817071,146.361628950728,ADD_M1_M3,1,0.879174860441826,1.19143277233943,1,1,LOW_CONFIDENCE,search_budget_truncated,0,0
T_old_out_ADD_M1_M3_008,T_old_out,ADD_M1_M3,H50_Zin50,B,0,ADD_M1_M3,"M=20,20,20,20,|T=0,0,0,0,|B=1,15,1,50;3,15,1,50;",0,1,1,1,0,222000008,322000008,1.00862760854044,1.05297660275313,0,0,1,0,0,3,3,146,147,0.042928,G003,G002,0,NaN,G003,144.691519607827,144.691519607827,199.5561486032,54.8646289953737,G003,1,90.3514339686079,1.19143277233943,0,0,REJECTED,fit_quality_gate,0,0
T_old_out_ADD_M1_M3_008,T_old_out,ADD_M1_M3,H50_Zin50,C,5,ADD_M1_M3,"M=20,20,20,20,|T=0,0,0,0,|B=1,15,1,50;3,15,1,50;",0,1,1,1,0,222000008,322000008,1.00862760854044,1.05297660275313,1,1,0,0,1,5,8,365,366,0.108697,ADD_M1_M3,G003,1,0.874925266900527,G003,144.691519607827,0.874925266900527,144.691519607827,143.816594340926,ADD_M1_M3,1,0.990585914112788,1.19143277233943,1,1,LOW_CONFIDENCE,search_budget_truncated,0,0
T_old_out_ADD_M1_M3_009,T_old_out,ADD_M1_M3,H50_Zin50,B,0,ADD_M1_M3,"M=20,20,20,20,|T=0,0,0,0,|B=1,15,1,50;3,15,1,50;",0,1,1,1,0,222000009,322000009,0.997678307019556,0.814234232107336,0,0,1,0,0,3,3,168,169,0.049086,G003,G002,0,NaN,G003,149.708536872173,149.708536872173,202.133847205296,52.4253103331237,G003,1,93.7843637894617,1.19143277233943,0,0,REJECTED,fit_quality_gate,0,0
T_old_out_ADD_M1_M3_009,T_old_out,ADD_M1_M3,H50_Zin50,C,5,ADD_M1_M3,"M=20,20,20,20,|T=0,0,0,0,|B=1,15,1,50;3,15,1,50;",0,1,1,1,0,222000009,322000009,0.997678307019556,0.814234232107336,1,1,0,0,1,5,8,411,412,0.12083,ADD_M1_M3,G003,1,0.908951683850426,G003,149.708536872173,0.908951683850426,149.708536872173,148.799585188322,ADD_M1_M3,1,0.828674432739315,1.19143277233943,1,1,LOW_CONFIDENCE,search_budget_truncated,0,0
T_old_out_ADD_M1_M3_010,T_old_out,ADD_M1_M3,H50_Zin50,B,0,ADD_M1_M3,"M=20,20,20,20,|T=0,0,0,0,|B=1,15,1,50;3,15,1,50;",0,1,1,1,0,222000010,322000010,1.01319822793212,1.0406706490673,0,0,1,0,0,3,3,138,139,0.040236,G003,G002,0,NaN,G003,144.211419233755,144.211419233755,200.654752201919,56.4433329681633,G003,1,88.9324582515983,1.19143277233943,0,0,REJECTED,fit_quality_gate,0,0
T_old_out_ADD_M1_M3_010,T_old_out,ADD_M1_M3,H50_Zin50,C,5,ADD_M1_M3,"M=20,20,20,20,|T=0,0,0,0,|B=1,15,1,50;3,15,1,50;",0,1,1,1,0,222000010,322000010,1.01319822793212,1.0406706490673,1,1,0,0,1,5,8,334,335,0.099482,ADD_M1_M3,G003,1,0.921923394231333,G003,144.211419233755,0.921923394231333,144.211419233755,143.289495839524,ADD_M1_M3,1,0.754250161198306,1.19143277233943,1,1,LOW_CONFIDENCE,search_budget_truncated,0,0
T_old_out_ADD_M2_M3_001,T_old_out,ADD_M2_M3,H50_Zin50,B,0,ADD_M2_M3,"M=20,20,20,20,|T=0,0,0,0,|B=2,15,1,50;3,15,1,50;",0,1,1,1,0,221500001,321500001,0.990731678794334,1.10268054761598,0,0,1,0,0,3,3,160,161,0.046824,G002,G001,0,NaN,G002,65.659793492999,65.659793492999,196.526325646369,130.86653215337,G002,1,51.2589477091085,1.19143277233943,0,0,REJECTED,fit_quality_gate,0,0
T_old_out_ADD_M2_M3_001,T_old_out,ADD_M2_M3,H50_Zin50,C,5,ADD_M2_M3,"M=20,20,20,20,|T=0,0,0,0,|B=2,15,1,50;3,15,1,50;",0,1,1,1,0,221500001,321500001,0.990731678794334,1.10268054761598,1,1,0,0,1,5,8,393,394,0.116043,ADD_M2_M3,G002,1,0.926301014583382,G002,65.659793492999,0.926301014583382,65.659793492999,64.7334924784156,ADD_M2_M3,1,0.77694452400013,1.19143277233943,1,1,LOW_CONFIDENCE,search_budget_truncated,0,0
T_old_out_ADD_M2_M3_002,T_old_out,ADD_M2_M3,H50_Zin50,B,0,ADD_M2_M3,"M=20,20,20,20,|T=0,0,0,0,|B=2,15,1,50;3,15,1,50;",0,1,1,1,0,221500002,321500002,0.992131347999929,1.15445559333443,0,0,1,0,0,3,3,158,159,0.046949,G002,G001,0,NaN,G002,65.8374401091502,65.8374401091502,195.42365096597,129.58621085682,G002,1,51.9394989272635,1.19143277233943,0,0,REJECTED,fit_quality_gate,0,0
T_old_out_ADD_M2_M3_002,T_old_out,ADD_M2_M3,H50_Zin50,C,5,ADD_M2_M3,"M=20,20,20,20,|T=0,0,0,0,|B=2,15,1,50;3,15,1,50;",0,1,1,1,0,221500002,321500002,0.992131347999929,1.15445559333443,1,1,0,0,1,5,8,388,389,0.115668,ADD_M2_M3,G002,1,0.873007611781408,G002,65.8374401091502,0.873007611781408,65.8374401091502,64.9644324973688,ADD_M2_M3,1,0.902739605027734,1.19143277233943,1,1,LOW_CONFIDENCE,search_budget_truncated,0,0
T_old_out_ADD_M2_M3_003,T_old_out,ADD_M2_M3,H50_Zin50,B,0,ADD_M2_M3,"M=20,20,20,20,|T=0,0,0,0,|B=2,15,1,50;3,15,1,50;",0,1,1,1,0,221500003,321500003,1.0194339057581,1.10518663769606,0,0,1,0,0,3,3,166,167,0.047946,G002,G001,0,NaN,G002,59.7820439681799,59.7820439681799,198.274312831654,138.492268863474,G002,1,60.4874088977229,1.19143277233943,0,0,REJECTED,fit_quality_gate,0,0
T_old_out_ADD_M2_M3_003,T_old_out,ADD_M2_M3,H50_Zin50,C,5,ADD_M2_M3,"M=20,20,20,20,|T=0,0,0,0,|B=2,15,1,50;3,15,1,50;",0,1,1,1,0,221500003,321500003,1.0194339057581,1.10518663769606,1,1,0,0,1,5,8,399,400,0.116592,ADD_M2_M3,G002,1,0.943103552807324,G002,59.7820439681799,0.943103552807324,59.7820439681799,58.8389404153726,ADD_M2_M3,1,0.89927007213801,1.19143277233943,1,1,LOW_CONFIDENCE,search_budget_truncated,0,0
T_old_out_ADD_M2_M3_004,T_old_out,ADD_M2_M3,H50_Zin50,B,0,ADD_M2_M3,"M=20,20,20,20,|T=0,0,0,0,|B=2,15,1,50;3,15,1,50;",0,1,1,1,0,221500004,321500004,1.00973418370602,0.933737225655837,0,0,1,0,0,3,3,166,167,0.048073,G002,G001,0,NaN,G002,63.3732054421941,63.3732054421941,202.246158724603,138.872953282409,G002,1,57.2410234375021,1.19143277233943,0,0,REJECTED,fit_quality_gate,0,0
T_old_out_ADD_M2_M3_004,T_old_out,ADD_M2_M3,H50_Zin50,C,5,ADD_M2_M3,"M=20,20,20,20,|T=0,0,0,0,|B=2,15,1,50;3,15,1,50;",0,1,1,1,0,221500004,321500004,1.00973418370602,0.933737225655837,1,1,0,0,1,5,8,402,403,0.11865,ADD_M2_M3,G002,1,0.934528250735812,G002,63.3732054421941,0.934528250735812,63.3732054421941,62.4386771914583,ADD_M2_M3,1,0.787687713426697,1.19143277233943,1,1,LOW_CONFIDENCE,search_budget_truncated,0,0
T_old_out_ADD_M2_M3_005,T_old_out,ADD_M2_M3,H50_Zin50,B,0,ADD_M2_M3,"M=20,20,20,20,|T=0,0,0,0,|B=2,15,1,50;3,15,1,50;",0,1,1,1,0,221500005,321500005,1.00186513813201,1.12149727138877,0,0,1,0,0,3,3,160,161,0.047442,G002,G001,0,NaN,G002,64.5806275369151,64.5806275369151,197.05106267093,132.470435134015,G002,1,53.7309415483865,1.19143277233943,0,0,REJECTED,fit_quality_gate,0,0
T_old_out_ADD_M2_M3_005,T_old_out,ADD_M2_M3,H50_Zin50,C,5,ADD_M2_M3,"M=20,20,20,20,|T=0,0,0,0,|B=2,15,1,50;3,15,1,50;",0,1,1,1,0,221500005,321500005,1.00186513813201,1.12149727138877,1,1,0,0,1,5,8,390,391,0.116707,ADD_M2_M3,G002,1,0.783800926370424,G002,64.5806275369151,0.783800926370424,64.5806275369151,63.7968266105446,ADD_M2_M3,1,0.907390489976087,1.19143277233943,1,1,LOW_CONFIDENCE,search_budget_truncated,0,0
T_old_out_ADD_M2_M3_006,T_old_out,ADD_M2_M3,H50_Zin50,B,0,ADD_M2_M3,"M=20,20,20,20,|T=0,0,0,0,|B=2,15,1,50;3,15,1,50;",0,1,1,1,0,221500006,321500006,1.00472152767441,0.925670891846818,0,0,1,0,0,3,3,160,161,0.047094,G002,G001,0,NaN,G002,64.9494768104922,64.9494768104922,201.905330289589,136.955853479097,G002,1,55.3741756427045,1.19143277233943,0,0,REJECTED,fit_quality_gate,0,0
T_old_out_ADD_M2_M3_006,T_old_out,ADD_M2_M3,H50_Zin50,C,5,ADD_M2_M3,"M=20,20,20,20,|T=0,0,0,0,|B=2,15,1,50;3,15,1,50;",0,1,1,1,0,221500006,321500006,1.00472152767441,0.925670891846818,1,1,0,0,1,5,8,391,392,0.116393,ADD_M2_M3,G002,1,0.819104796726459,G002,64.9494768104922,0.819104796726459,64.9494768104922,64.1303720137657,ADD_M2_M3,1,0.914406103407393,1.19143277233943,1,1,LOW_CONFIDENCE,search_budget_truncated,0,0
T_old_out_ADD_M2_M3_007,T_old_out,ADD_M2_M3,H50_Zin50,B,0,ADD_M2_M3,"M=20,20,20,20,|T=0,0,0,0,|B=2,15,1,50;3,15,1,50;",0,1,1,1,0,221500007,321500007,1.00155638355125,1.0863238974922,0,0,1,0,0,3,3,160,161,0.047523,G002,G001,0,NaN,G002,64.6342472016548,64.6342472016548,197.802031549832,133.167784348178,G002,1,53.7277694687396,1.19143277233943,0,0,REJECTED,fit_quality_gate,0,0
T_old_out_ADD_M2_M3_007,T_old_out,ADD_M2_M3,H50_Zin50,C,5,ADD_M2_M3,"M=20,20,20,20,|T=0,0,0,0,|B=2,15,1,50;3,15,1,50;",0,1,1,1,0,221500007,321500007,1.00155638355125,1.0863238974922,1,1,0,0,1,5,8,389,390,0.116149,ADD_M2_M3,G002,1,0.765264110379421,G002,64.6342472016548,0.765264110379421,64.6342472016548,63.8689830912754,ADD_M2_M3,1,0.888574478301806,1.19143277233943,1,1,LOW_CONFIDENCE,search_budget_truncated,0,0
T_old_out_ADD_M2_M3_008,T_old_out,ADD_M2_M3,H50_Zin50,B,0,ADD_M2_M3,"M=20,20,20,20,|T=0,0,0,0,|B=2,15,1,50;3,15,1,50;",0,1,1,1,0,221500008,321500008,1.0091051649374,0.915948119442266,0,0,1,0,0,3,3,166,167,0.048567,G002,G001,0,NaN,G002,63.6958841711421,63.6958841711421,202.675666319522,138.97978214838,G002,1,56.9052497382188,1.19143277233943,0,0,REJECTED,fit_quality_gate,0,0
T_old_out_ADD_M2_M3_008,T_old_out,ADD_M2_M3,H50_Zin50,C,5,ADD_M2_M3,"M=20,20,20,20,|T=0,0,0,0,|B=2,15,1,50;3,15,1,50;",0,1,1,1,0,221500008,321500008,1.0091051649374,0.915948119442266,1,1,0,0,1,5,8,404,405,0.119484,ADD_M2_M3,G002,1,0.951628415664016,G002,63.6958841711421,0.951628415664016,63.6958841711421,62.744255755478,ADD_M2_M3,1,0.961997840877729,1.19143277233943,1,1,LOW_CONFIDENCE,search_budget_truncated,0,0
T_old_out_ADD_M2_M3_009,T_old_out,ADD_M2_M3,H50_Zin50,B,0,ADD_M2_M3,"M=20,20,20,20,|T=0,0,0,0,|B=2,15,1,50;3,15,1,50;",0,1,1,1,0,221500009,321500009,0.98954624170233,1.0301655517293,0,0,1,0,0,3,3,162,163,0.047418,G002,G001,0,NaN,G002,65.7945338854807,65.7945338854807,198.177312366926,132.382778481445,G002,1,51.9285329752609,1.19143277233943,0,0,REJECTED,fit_quality_gate,0,0
T_old_out_ADD_M2_M3_009,T_old_out,ADD_M2_M3,H50_Zin50,C,5,ADD_M2_M3,"M=20,20,20,20,|T=0,0,0,0,|B=2,15,1,50;3,15,1,50;",0,1,1,1,0,221500009,321500009,0.98954624170233,1.0301655517293,1,1,0,0,1,5,8,395,396,0.11851,ADD_M2_M3,G002,1,0.943772151007851,G002,65.7945338854807,0.943772151007851,65.7945338854807,64.8507617344728,ADD_M2_M3,1,1.08299540433668,1.19143277233943,1,1,LOW_CONFIDENCE,search_budget_truncated,0,0
T_old_out_ADD_M2_M3_010,T_old_out,ADD_M2_M3,H50_Zin50,B,0,ADD_M2_M3,"M=20,20,20,20,|T=0,0,0,0,|B=2,15,1,50;3,15,1,50;",0,1,1,1,0,221500010,321500010,1.00280632383977,1.17235963061604,0,0,1,0,0,3,3,160,161,0.047184,G002,G001,0,NaN,G002,64.5809658137367,64.5809658137367,196.257956817613,131.676991003876,G002,1,54.0725439962921,1.19143277233943,0,0,REJECTED,fit_quality_gate,0,0
T_old_out_ADD_M2_M3_010,T_old_out,ADD_M2_M3,H50_Zin50,C,5,ADD_M2_M3,"M=20,20,20,20,|T=0,0,0,0,|B=2,15,1,50;3,15,1,50;",0,1,1,1,0,221500010,321500010,1.00280632383977,1.17235963061604,1,1,0,0,1,5,8,392,393,0.116027,ADD_M2_M3,G002,1,0.841612905929948,G002,64.5809658137367,0.841612905929948,64.5809658137367,63.7393529078067,ADD_M2_M3,1,0.791061729427075,1.19143277233943,1,1,LOW_CONFIDENCE,search_budget_truncated,0,0
T_old_out_DOUBLE_M3_001,T_old_out,DOUBLE_M3,H50_Zin50,B,0,DOUBLE_M3,"M=20,20,20,20,|T=0,0,0,0,|B=3,15,1,50;3,15,1,50;",0,1,1,2,0,221300001,321300001,1.01078295860006,0.805759553262045,0,0,1,0,0,3,3,140,141,0.040619,G001,G002,0,NaN,G001,200.04643057422,200.04643057422,204.645838450362,4.59940787614204,G001,1,220.41680209176,1.19143277233943,0,0,REJECTED,fit_quality_gate,0,0
T_old_out_DOUBLE_M3_001,T_old_out,DOUBLE_M3,H50_Zin50,C,5,DOUBLE_M3,"M=20,20,20,20,|T=0,0,0,0,|B=3,15,1,50;3,15,1,50;",0,1,1,2,0,221300001,321300001,1.01078295860006,0.805759553262045,0,0,1,0,0,5,8,353,354,0.105612,MIRROR_M3,ADD_M2_M3,0,NaN,MIRROR_M3,71.5700972379032,71.5700972379032,184.986849978988,113.416752741085,MIRROR_M3,1,75.5409022899717,1.19143277233943,0,1,REJECTED,fit_quality_gate,0,0
T_old_out_DOUBLE_M3_002,T_old_out,DOUBLE_M3,H50_Zin50,B,0,DOUBLE_M3,"M=20,20,20,20,|T=0,0,0,0,|B=3,15,1,50;3,15,1,50;",0,1,1,2,0,221300002,321300002,1.01543089965921,0.904386190214276,0,0,1,0,0,3,3,142,143,0.042054,G001,G002,0,NaN,G001,198.884522885501,198.884522885501,202.799695973087,3.91517308758532,G001,1,214.793289190087,1.19143277233943,0,0,REJECTED,fit_quality_gate,0,0
T_old_out_DOUBLE_M3_002,T_old_out,DOUBLE_M3,H50_Zin50,C,5,DOUBLE_M3,"M=20,20,20,20,|T=0,0,0,0,|B=3,15,1,50;3,15,1,50;",0,1,1,2,0,221300002,321300002,1.01543089965921,0.904386190214276,0,0,1,0,0,5,8,372,373,0.111279,MIRROR_M3,ADD_M2_M3,0,NaN,MIRROR_M3,72.2226585349925,72.2226585349925,183.534562363477,111.311903828484,MIRROR_M3,1,73.7390470158557,1.19143277233943,0,1,REJECTED,fit_quality_gate,0,0
T_old_out_DOUBLE_M3_003,T_old_out,DOUBLE_M3,H50_Zin50,B,0,DOUBLE_M3,"M=20,20,20,20,|T=0,0,0,0,|B=3,15,1,50;3,15,1,50;",0,1,1,2,0,221300003,321300003,0.986295915583244,0.866167068001144,0,0,1,0,0,3,3,164,165,0.048117,G001,G002,0,NaN,G001,172.447100546417,172.447100546417,188.722581151974,16.2754806055568,G001,1,209.595679094377,1.19143277233943,0,0,REJECTED,fit_quality_gate,0,0
T_old_out_DOUBLE_M3_003,T_old_out,DOUBLE_M3,H50_Zin50,C,5,DOUBLE_M3,"M=20,20,20,20,|T=0,0,0,0,|B=3,15,1,50;3,15,1,50;",0,1,1,2,0,221300003,321300003,0.986295915583244,0.866167068001144,0,0,1,0,0,5,8,429,430,0.130563,MIRROR_M3,G001,0,NaN,MIRROR_M3,64.6558149309279,64.6558149309279,172.447100546417,107.791285615489,MIRROR_M3,1,65.8002209781817,1.19143277233943,0,1,REJECTED,fit_quality_gate,0,0
T_old_out_DOUBLE_M3_004,T_old_out,DOUBLE_M3,H50_Zin50,B,0,DOUBLE_M3,"M=20,20,20,20,|T=0,0,0,0,|B=3,15,1,50;3,15,1,50;",0,1,1,2,0,221300004,321300004,1.01584518652287,0.860882837453385,0,0,1,0,0,3,3,140,141,0.040443,G001,G002,0,NaN,G001,200.039047004132,200.039047004132,203.805069824394,3.76602282026192,G001,1,216.017594685422,1.19143277233943,0,0,REJECTED,fit_quality_gate,0,0
T_old_out_DOUBLE_M3_004,T_old_out,DOUBLE_M3,H50_Zin50,C,5,DOUBLE_M3,"M=20,20,20,20,|T=0,0,0,0,|B=3,15,1,50;3,15,1,50;",0,1,1,2,0,221300004,321300004,1.01584518652287,0.860882837453385,0,0,1,0,0,5,8,368,369,0.109483,MIRROR_M3,ADD_M2_M3,0,NaN,MIRROR_M3,73.2740810850126,73.2740810850126,184.795522828327,111.521441743314,MIRROR_M3,1,75.3896965347149,1.19143277233943,0,1,REJECTED,fit_quality_gate,0,0
T_old_out_DOUBLE_M3_005,T_old_out,DOUBLE_M3,H50_Zin50,B,0,DOUBLE_M3,"M=20,20,20,20,|T=0,0,0,0,|B=3,15,1,50;3,15,1,50;",0,1,1,2,0,221300005,321300005,1.00493795389583,0.917245059046898,0,0,1,0,0,3,3,138,139,0.040411,G001,G002,0,NaN,G001,188.85724512834,188.85724512834,202.911609730806,14.0543646024658,G001,1,211.497104846955,1.19143277233943,0,0,REJECTED,fit_quality_gate,0,0
T_old_out_DOUBLE_M3_005,T_old_out,DOUBLE_M3,H50_Zin50,C,5,DOUBLE_M3,"M=20,20,20,20,|T=0,0,0,0,|B=3,15,1,50;3,15,1,50;",0,1,1,2,0,221300005,321300005,1.00493795389583,0.917245059046898,0,0,1,0,0,5,8,368,369,0.111967,MIRROR_M3,ADD_M2_M3,0,NaN,MIRROR_M3,66.7622478141183,66.7622478141183,181.948775035541,115.186527221422,MIRROR_M3,1,70.9611372201163,1.19143277233943,0,1,REJECTED,fit_quality_gate,0,0
T_old_out_DOUBLE_M3_006,T_old_out,DOUBLE_M3,H50_Zin50,B,0,DOUBLE_M3,"M=20,20,20,20,|T=0,0,0,0,|B=3,15,1,50;3,15,1,50;",0,1,1,2,0,221300006,321300006,0.984970999780883,1.062724825624,0,0,1,0,0,3,3,164,165,0.048792,G001,G002,0,NaN,G001,172.201897721877,172.201897721877,183.226176342542,11.0242786206649,G001,1,212.566877527284,1.19143277233943,0,0,REJECTED,fit_quality_gate,0,0
T_old_out_DOUBLE_M3_006,T_old_out,DOUBLE_M3,H50_Zin50,C,5,DOUBLE_M3,"M=20,20,20,20,|T=0,0,0,0,|B=3,15,1,50;3,15,1,50;",0,1,1,2,0,221300006,321300006,0.984970999780883,1.062724825624,0,0,1,0,0,5,8,452,453,0.13985,MIRROR_M3,G001,0,NaN,MIRROR_M3,63.1787591353213,63.1787591353213,172.201897721877,109.023138586556,MIRROR_M3,1,64.0086861042124,1.19143277233943,0,1,REJECTED,fit_quality_gate,0,0
T_old_out_DOUBLE_M3_007,T_old_out,DOUBLE_M3,H50_Zin50,B,0,DOUBLE_M3,"M=20,20,20,20,|T=0,0,0,0,|B=3,15,1,50;3,15,1,50;",0,1,1,2,0,221300007,321300007,0.995597492366327,1.17191944600992,0,0,1,0,0,3,3,162,163,0.048312,G001,G002,0,NaN,G001,179.69326676804,179.69326676804,194.519744775664,14.8264780076243,G001,1,211.310905271659,1.19143277233943,0,0,REJECTED,fit_quality_gate,0,0
T_old_out_DOUBLE_M3_007,T_old_out,DOUBLE_M3,H50_Zin50,C,5,DOUBLE_M3,"M=20,20,20,20,|T=0,0,0,0,|B=3,15,1,50;3,15,1,50;",0,1,1,2,0,221300007,321300007,0.995597492366327,1.17191944600992,0,0,1,0,0,5,8,440,441,0.135133,MIRROR_M3,G001,0,NaN,MIRROR_M3,61.8402013316563,61.8402013316563,179.69326676804,117.853065436383,MIRROR_M3,1,64.5296782710666,1.19143277233943,0,1,REJECTED,fit_quality_gate,0,0
T_old_out_DOUBLE_M3_008,T_old_out,DOUBLE_M3,H50_Zin50,B,0,DOUBLE_M3,"M=20,20,20,20,|T=0,0,0,0,|B=3,15,1,50;3,15,1,50;",0,1,1,2,0,221300008,321300008,0.995671204336404,1.13004045625412,0,0,1,0,0,3,3,162,163,0.048161,G001,G002,0,NaN,G001,179.618265557315,179.618265557315,195.370547222346,15.7522816650307,G001,1,210.957379808816,1.19143277233943,0,0,REJECTED,fit_quality_gate,0,0
T_old_out_DOUBLE_M3_008,T_old_out,DOUBLE_M3,H50_Zin50,C,5,DOUBLE_M3,"M=20,20,20,20,|T=0,0,0,0,|B=3,15,1,50;3,15,1,50;",0,1,1,2,0,221300008,321300008,0.995671204336404,1.13004045625412,0,0,1,0,0,5,8,440,441,0.13375,MIRROR_M3,G001,0,NaN,MIRROR_M3,61.9193233449978,61.9193233449978,179.618265557315,117.698942212318,MIRROR_M3,1,65.1800497123115,1.19143277233943,0,1,REJECTED,fit_quality_gate,0,0
T_old_out_DOUBLE_M3_009,T_old_out,DOUBLE_M3,H50_Zin50,B,0,DOUBLE_M3,"M=20,20,20,20,|T=0,0,0,0,|B=3,15,1,50;3,15,1,50;",0,1,1,2,0,221300009,321300009,1.00646530844528,1.10494493843731,0,0,1,0,0,3,3,144,145,0.041569,G001,G002,0,NaN,G001,195.256505380081,195.256505380081,199.861260864136,4.60475548405455,G001,1,214.614160456815,1.19143277233943,0,0,REJECTED,fit_quality_gate,0,0
T_old_out_DOUBLE_M3_009,T_old_out,DOUBLE_M3,H50_Zin50,C,5,DOUBLE_M3,"M=20,20,20,20,|T=0,0,0,0,|B=3,15,1,50;3,15,1,50;",0,1,1,2,0,221300009,321300009,1.00646530844528,1.10494493843731,0,0,1,0,0,5,8,378,379,0.11248,MIRROR_M3,ADD_M2_M3,0,NaN,MIRROR_M3,65.8362418392582,65.8362418392582,178.421087626546,112.584845787288,MIRROR_M3,1,68.1251344000768,1.19143277233943,0,1,REJECTED,fit_quality_gate,0,0
T_old_out_DOUBLE_M3_010,T_old_out,DOUBLE_M3,H50_Zin50,B,0,DOUBLE_M3,"M=20,20,20,20,|T=0,0,0,0,|B=3,15,1,50;3,15,1,50;",0,1,1,2,0,221300010,321300010,0.99609372806939,1.13895613992335,0,0,1,0,0,3,3,162,163,0.04721,G001,G002,0,NaN,G001,179.86373612148,179.86373612148,195.979753778844,16.1160176573638,G001,1,211.125684129203,1.19143277233943,0,0,REJECTED,fit_quality_gate,0,0
T_old_out_DOUBLE_M3_010,T_old_out,DOUBLE_M3,H50_Zin50,C,5,DOUBLE_M3,"M=20,20,20,20,|T=0,0,0,0,|B=3,15,1,50;3,15,1,50;",0,1,1,2,0,221300010,321300010,0.99609372806939,1.13895613992335,0,0,1,0,0,5,8,416,417,0.126016,MIRROR_M3,ADD_M2_M3,0,NaN,MIRROR_M3,62.0023496256567,62.0023496256567,179.113440521399,117.111090895743,MIRROR_M3,1,64.9231668162751,1.19143277233943,0,1,REJECTED,fit_quality_gate,0,0
T_reachable_EXT_111_001,T_reachable,EXT_111,H50_Zin50,B,0,EXT_111,"M=20,20,20,20,|T=0,0,0,0,|B=1,15,1,50;2,15,1,50;3,15,1,50;",0,1,1,2,0,232300001,332300001,0.987434482896372,0.859649750716911,0,0,1,0,0,3,3,188,189,0.053019,G003,G002,0,NaN,G003,160.869905553795,160.869905553795,192.291903804821,31.4219982510255,G003,1,77.7058908929501,1.19143277233943,0,0,REJECTED,fit_quality_gate,0,0
T_reachable_EXT_111_001,T_reachable,EXT_111,H50_Zin50,C,5,EXT_111,"M=20,20,20,20,|T=0,0,0,0,|B=1,15,1,50;2,15,1,50;3,15,1,50;",0,1,1,2,0,232300001,332300001,0.987434482896372,0.859649750716911,0,0,1,0,0,5,8,470,471,0.136156,ADD_M1_M3,G003,0,NaN,ADD_M1_M3,127.321443408257,127.321443408257,160.869905553795,33.5484621455385,ADD_M1_M3,1,70.2168912285639,1.19143277233943,0,1,REJECTED,fit_quality_gate,0,0
T_reachable_EXT_111_002,T_reachable,EXT_111,H50_Zin50,B,0,EXT_111,"M=20,20,20,20,|T=0,0,0,0,|B=1,15,1,50;2,15,1,50;3,15,1,50;",0,1,1,2,0,232300002,332300002,1.01585203495671,0.96809071615578,0,0,1,0,0,3,3,136,137,0.039948,G003,G002,0,NaN,G003,141.431324169878,141.431324169878,172.95517549793,31.5238513280515,G003,1,79.9239945180508,1.19143277233943,0,0,REJECTED,fit_quality_gate,0,0
T_reachable_EXT_111_002,T_reachable,EXT_111,H50_Zin50,C,5,EXT_111,"M=20,20,20,20,|T=0,0,0,0,|B=1,15,1,50;2,15,1,50;3,15,1,50;",0,1,1,2,0,232300002,332300002,1.01585203495671,0.96809071615578,0,0,1,0,0,5,8,366,367,0.110381,ADD_M1_M3,G003,0,NaN,ADD_M1_M3,116.719130792434,116.719130792434,141.431324169878,24.7121933774447,ADD_M1_M3,1,86.692416774248,1.19143277233943,0,1,REJECTED,fit_quality_gate,0,0
T_reachable_EXT_111_003,T_reachable,EXT_111,H50_Zin50,B,0,EXT_111,"M=20,20,20,20,|T=0,0,0,0,|B=1,15,1,50;2,15,1,50;3,15,1,50;",0,1,1,2,0,232300003,332300003,1.0173795581067,1.08140553760661,0,0,1,0,0,3,3,136,137,0.039842,G003,G002,0,NaN,G003,135.706389655713,135.706389655713,169.821798333039,34.1154086773257,G003,1,79.3854236729156,1.19143277233943,0,0,REJECTED,fit_quality_gate,0,0
T_reachable_EXT_111_003,T_reachable,EXT_111,H50_Zin50,C,5,EXT_111,"M=20,20,20,20,|T=0,0,0,0,|B=1,15,1,50;2,15,1,50;3,15,1,50;",0,1,1,2,0,232300003,332300003,1.0173795581067,1.08140553760661,0,0,1,0,0,5,8,366,367,0.111641,ADD_M1_M3,G003,0,NaN,ADD_M1_M3,112.46516175629,112.46516175629,135.706389655713,23.2412278994229,ADD_M1_M3,1,80.8637004567431,1.19143277233943,0,1,REJECTED,fit_quality_gate,0,0
T_reachable_EXT_111_004,T_reachable,EXT_111,H50_Zin50,B,0,EXT_111,"M=20,20,20,20,|T=0,0,0,0,|B=1,15,1,50;2,15,1,50;3,15,1,50;",0,1,1,2,0,232300004,332300004,1.00934136949258,1.01962920732108,0,0,1,0,0,3,3,142,143,0.041986,G003,G002,0,NaN,G003,141.686223376355,141.686223376355,173.497651482221,31.8114281058666,G003,1,78.4580425084354,1.19143277233943,0,0,REJECTED,fit_quality_gate,0,0
T_reachable_EXT_111_004,T_reachable,EXT_111,H50_Zin50,C,5,EXT_111,"M=20,20,20,20,|T=0,0,0,0,|B=1,15,1,50;2,15,1,50;3,15,1,50;",0,1,1,2,0,232300004,332300004,1.00934136949258,1.01962920732108,0,0,1,0,0,5,8,378,379,0.114843,ADD_M1_M3,G003,0,NaN,ADD_M1_M3,115.804014049366,115.804014049366,141.686223376355,25.8822093269889,ADD_M1_M3,1,85.2456754129851,1.19143277233943,0,1,REJECTED,fit_quality_gate,0,0
T_reachable_EXT_111_005,T_reachable,EXT_111,H50_Zin50,B,0,EXT_111,"M=20,20,20,20,|T=0,0,0,0,|B=1,15,1,50;2,15,1,50;3,15,1,50;",0,1,1,2,0,232300005,332300005,1.01765807216801,0.985737583418872,0,0,1,0,0,3,3,136,137,0.040179,G003,G002,0,NaN,G003,139.748392157496,139.748392157496,171.911187242871,32.1627950853742,G003,1,79.7203155648466,1.19143277233943,0,0,REJECTED,fit_quality_gate,0,0
T_reachable_EXT_111_005,T_reachable,EXT_111,H50_Zin50,C,5,EXT_111,"M=20,20,20,20,|T=0,0,0,0,|B=1,15,1,50;2,15,1,50;3,15,1,50;",0,1,1,2,0,232300005,332300005,1.01765807216801,0.985737583418872,0,0,1,0,0,5,8,366,367,0.11058,ADD_M1_M3,G003,0,NaN,ADD_M1_M3,115.525547178618,115.525547178618,139.748392157496,24.2228449788783,ADD_M1_M3,1,84.7693495207331,1.19143277233943,0,1,REJECTED,fit_quality_gate,0,0
T_reachable_EXT_111_006,T_reachable,EXT_111,H50_Zin50,B,0,EXT_111,"M=20,20,20,20,|T=0,0,0,0,|B=1,15,1,50;2,15,1,50;3,15,1,50;",0,1,1,2,0,232300006,332300006,0.995871411942127,1.11374824487911,0,0,1,0,0,3,3,166,167,0.049139,G003,G002,0,NaN,G003,144.392813257154,144.392813257154,175.786893792881,31.3940805357276,G003,1,78.0644526615678,1.19143277233943,0,0,REJECTED,fit_quality_gate,0,0
T_reachable_EXT_111_006,T_reachable,EXT_111,H50_Zin50,C,5,EXT_111,"M=20,20,20,20,|T=0,0,0,0,|B=1,15,1,50;2,15,1,50;3,15,1,50;",0,1,1,2,0,232300006,332300006,0.995871411942127,1.11374824487911,0,0,1,0,0,5,8,426,427,0.127683,ADD_M1_M3,G003,0,NaN,ADD_M1_M3,112.10117137768,112.10117137768,144.392813257154,32.2916418794739,ADD_M1_M3,1,71.4894662917014,1.19143277233943,0,1,REJECTED,fit_quality_gate,0,0
T_reachable_EXT_111_007,T_reachable,EXT_111,H50_Zin50,B,0,EXT_111,"M=20,20,20,20,|T=0,0,0,0,|B=1,15,1,50;2,15,1,50;3,15,1,50;",0,1,1,2,0,232300007,332300007,0.996047561117332,0.988160087568167,0,0,1,0,0,3,3,166,167,0.048816,G003,G002,0,NaN,G003,149.197183587326,149.197183587326,179.766821957663,30.5696383703363,G003,1,79.261406355135,1.19143277233943,0,0,REJECTED,fit_quality_gate,0,0
T_reachable_EXT_111_007,T_reachable,EXT_111,H50_Zin50,C,5,EXT_111,"M=20,20,20,20,|T=0,0,0,0,|B=1,15,1,50;2,15,1,50;3,15,1,50;",0,1,1,2,0,232300007,332300007,0.996047561117332,0.988160087568167,0,0,1,0,0,5,8,430,431,0.1284,ADD_M1_M3,G003,0,NaN,ADD_M1_M3,118.126017961595,118.126017961595,149.197183587326,31.0711656257314,ADD_M1_M3,1,72.994689934636,1.19143277233943,0,1,REJECTED,fit_quality_gate,0,0
T_reachable_EXT_111_008,T_reachable,EXT_111,H50_Zin50,B,0,EXT_111,"M=20,20,20,20,|T=0,0,0,0,|B=1,15,1,50;2,15,1,50;3,15,1,50;",0,1,1,2,0,232300008,332300008,1.00285559888014,1.18774902916379,0,0,1,0,0,3,3,170,171,0.050097,G003,G002,0,NaN,G003,138.756625186057,138.756625186057,171.214013754327,32.4573885682701,G003,1,77.8052936129422,1.19143277233943,0,0,REJECTED,fit_quality_gate,0,0
T_reachable_EXT_111_008,T_reachable,EXT_111,H50_Zin50,C,5,EXT_111,"M=20,20,20,20,|T=0,0,0,0,|B=1,15,1,50;2,15,1,50;3,15,1,50;",0,1,1,2,0,232300008,332300008,1.00285559888014,1.18774902916379,0,0,1,0,0,5,8,432,433,0.127435,ADD_M1_M3,G003,0,NaN,ADD_M1_M3,109.853168494598,109.853168494598,138.756625186057,28.9034566914593,ADD_M1_M3,1,75.110650050224,1.19143277233943,0,1,REJECTED,fit_quality_gate,0,0
T_reachable_EXT_111_009,T_reachable,EXT_111,H50_Zin50,B,0,EXT_111,"M=20,20,20,20,|T=0,0,0,0,|B=1,15,1,50;2,15,1,50;3,15,1,50;",0,1,1,2,0,232300009,332300009,0.984730838454395,0.801816510097153,0,0,1,0,0,3,3,188,189,0.05264,G003,G002,0,NaN,G003,166.782975071166,166.782975071166,198.849622140313,32.0666470691471,G003,1,76.6017781381899,1.19143277233943,0,0,REJECTED,fit_quality_gate,0,0
T_reachable_EXT_111_009,T_reachable,EXT_111,H50_Zin50,C,5,EXT_111,"M=20,20,20,20,|T=0,0,0,0,|B=1,15,1,50;2,15,1,50;3,15,1,50;",0,1,1,2,0,232300009,332300009,0.984730838454395,0.801816510097153,0,0,1,0,0,5,8,470,471,0.136841,ADD_M1_M3,G003,0,NaN,ADD_M1_M3,132.890293444312,132.890293444312,166.782975071166,33.892681626854,ADD_M1_M3,1,69.7775846068456,1.19143277233943,0,1,REJECTED,fit_quality_gate,0,0
T_reachable_EXT_111_010,T_reachable,EXT_111,H50_Zin50,B,0,EXT_111,"M=20,20,20,20,|T=0,0,0,0,|B=1,15,1,50;2,15,1,50;3,15,1,50;",0,1,1,2,0,232300010,332300010,0.990764391667185,0.991053705242658,0,0,1,0,0,3,3,188,189,0.052901,G003,G002,0,NaN,G003,151.802081585477,151.802081585477,182.954756290194,31.152674704717,G003,1,77.5929656203277,1.19143277233943,0,0,REJECTED,fit_quality_gate,0,0
T_reachable_EXT_111_010,T_reachable,EXT_111,H50_Zin50,C,5,EXT_111,"M=20,20,20,20,|T=0,0,0,0,|B=1,15,1,50;2,15,1,50;3,15,1,50;",0,1,1,2,0,232300010,332300010,0.990764391667185,0.991053705242658,0,0,1,0,0,5,8,476,477,0.137178,ADD_M1_M3,G003,0,NaN,ADD_M1_M3,117.860925768661,117.860925768661,151.802081585477,33.9411558168157,ADD_M1_M3,1,69.7854120755088,1.19143277233943,0,1,REJECTED,fit_quality_gate,0,0
T_reachable_EXT_021_001,T_reachable,EXT_021,H50_Zin50,B,0,EXT_021,"M=20,20,20,20,|T=0,0,0,0,|B=2,15,1,50;2,15,1,50;3,15,1,50;",0,1,1,2,0,231800001,331800001,0.980091288420694,0.909901313291851,0,0,1,0,0,3,3,162,163,0.046824,G002,G001,0,NaN,G002,115.283430420391,115.283430420391,231.837447632712,116.554017212321,G002,1,77.7019695593108,1.19143277233943,0,0,REJECTED,fit_quality_gate,0,0
T_reachable_EXT_021_001,T_reachable,EXT_021,H50_Zin50,C,5,EXT_021,"M=20,20,20,20,|T=0,0,0,0,|B=2,15,1,50;2,15,1,50;3,15,1,50;",0,1,1,2,0,231800001,331800001,0.980091288420694,0.909901313291851,0,0,1,0,0,5,8,393,394,0.116385,ADD_M2_M3,G002,0,NaN,ADD_M2_M3,86.2375801670265,86.2375801670265,115.283430420391,29.0458502533647,ADD_M2_M3,1,61.1170846936199,1.19143277233943,0,1,REJECTED,fit_quality_gate,0,0
T_reachable_EXT_021_002,T_reachable,EXT_021,H50_Zin50,B,0,EXT_021,"M=20,20,20,20,|T=0,0,0,0,|B=2,15,1,50;2,15,1,50;3,15,1,50;",0,1,1,2,0,231800002,331800002,1.00637302375357,1.1491780192423,0,0,1,0,0,3,3,166,167,0.048406,G002,G001,0,NaN,G002,105.030389833262,105.030389833262,225.119361119334,120.088971286073,G002,1,81.4694369961074,1.19143277233943,0,0,REJECTED,fit_quality_gate,0,0
T_reachable_EXT_021_002,T_reachable,EXT_021,H50_Zin50,C,5,EXT_021,"M=20,20,20,20,|T=0,0,0,0,|B=2,15,1,50;2,15,1,50;3,15,1,50;",0,1,1,2,0,231800002,331800002,1.00637302375357,1.1491780192423,0,0,1,0,0,5,8,406,407,0.120855,ADD_M2_M3,G002,0,NaN,ADD_M2_M3,74.1005436557877,74.1005436557877,105.030389833262,30.9298461774739,ADD_M2_M3,1,60.5102017246754,1.19143277233943,0,1,REJECTED,fit_quality_gate,0,0
T_reachable_EXT_021_003,T_reachable,EXT_021,H50_Zin50,B,0,EXT_021,"M=20,20,20,20,|T=0,0,0,0,|B=2,15,1,50;2,15,1,50;3,15,1,50;",0,1,1,2,0,231800003,331800003,0.98034917735092,0.977370943701964,0,0,1,0,0,3,3,162,163,0.047875,G002,G001,0,NaN,G002,113.248080469333,113.248080469333,229.305766392966,116.057685923633,G002,1,77.0082383645581,1.19143277233943,0,0,REJECTED,fit_quality_gate,0,0
T_reachable_EXT_021_003,T_reachable,EXT_021,H50_Zin50,C,5,EXT_021,"M=20,20,20,20,|T=0,0,0,0,|B=2,15,1,50;2,15,1,50;3,15,1,50;",0,1,1,2,0,231800003,331800003,0.98034917735092,0.977370943701964,0,0,1,0,0,5,8,393,394,0.117795,ADD_M2_M3,G002,0,NaN,ADD_M2_M3,84.323803636475,84.323803636475,113.248080469333,28.924276832858,ADD_M2_M3,1,60.1998864861606,1.19143277233943,0,1,REJECTED,fit_quality_gate,0,0
T_reachable_EXT_021_004,T_reachable,EXT_021,H50_Zin50,B,0,EXT_021,"M=20,20,20,20,|T=0,0,0,0,|B=2,15,1,50;2,15,1,50;3,15,1,50;",0,1,1,2,0,231800004,331800004,1.00652806871223,1.05926401515962,0,0,1,0,0,3,3,166,167,0.049373,G002,G001,0,NaN,G002,105.665008258468,105.665008258468,227.041749041473,121.376740783004,G002,1,81.7912829931019,1.19143277233943,0,0,REJECTED,fit_quality_gate,0,0
T_reachable_EXT_021_004,T_reachable,EXT_021,H50_Zin50,C,5,EXT_021,"M=20,20,20,20,|T=0,0,0,0,|B=2,15,1,50;2,15,1,50;3,15,1,50;",0,1,1,2,0,231800004,331800004,1.00652806871223,1.05926401515962,0,0,1,0,0,5,8,405,406,0.119877,ADD_M2_M3,G002,0,NaN,ADD_M2_M3,75.052105852823,75.052105852823,105.665008258468,30.6129024056454,ADD_M2_M3,1,61.2624781872554,1.19143277233943,0,1,REJECTED,fit_quality_gate,0,0
T_reachable_EXT_021_005,T_reachable,EXT_021,H50_Zin50,B,0,EXT_021,"M=20,20,20,20,|T=0,0,0,0,|B=2,15,1,50;2,15,1,50;3,15,1,50;",0,1,1,2,0,231800005,331800005,1.01823783296738,0.828631938747896,0,0,1,0,0,3,3,145,146,0.042434,G002,G001,0,NaN,G002,109.599847792338,109.599847792338,241.15427417339,131.554426381053,G002,1,79.4610268323298,1.19143277233943,0,0,REJECTED,fit_quality_gate,0,0
T_reachable_EXT_021_005,T_reachable,EXT_021,H50_Zin50,C,5,EXT_021,"M=20,20,20,20,|T=0,0,0,0,|B=2,15,1,50;2,15,1,50;3,15,1,50;",0,1,1,2,0,231800005,331800005,1.01823783296738,0.828631938747896,0,0,1,0,0,5,8,380,381,0.113784,ADD_M2_M3,G002,0,NaN,ADD_M2_M3,80.9212067268757,80.9212067268757,109.599847792338,28.6786410654619,ADD_M2_M3,1,57.6730995334078,1.19143277233943,0,1,REJECTED,fit_quality_gate,0,0
T_reachable_EXT_021_006,T_reachable,EXT_021,H50_Zin50,B,0,EXT_021,"M=20,20,20,20,|T=0,0,0,0,|B=2,15,1,50;2,15,1,50;3,15,1,50;",0,1,1,2,0,231800006,331800006,1.00125619767031,0.86726264464831,0,0,1,0,0,3,3,166,167,0.048812,G002,G001,0,NaN,G002,109.086840834612,109.086840834612,230.648142432652,121.56130159804,G002,1,83.4027410299866,1.19143277233943,0,0,REJECTED,fit_quality_gate,0,0
T_reachable_EXT_021_006,T_reachable,EXT_021,H50_Zin50,C,5,EXT_021,"M=20,20,20,20,|T=0,0,0,0,|B=2,15,1,50;2,15,1,50;3,15,1,50;",0,1,1,2,0,231800006,331800006,1.00125619767031,0.86726264464831,0,0,1,0,0,5,8,403,404,0.118714,ADD_M2_M3,G002,0,NaN,ADD_M2_M3,78.0904233152548,78.0904233152548,109.086840834612,30.9964175193571,ADD_M2_M3,1,65.2996999972178,1.19143277233943,0,1,REJECTED,fit_quality_gate,0,0
T_reachable_EXT_021_007,T_reachable,EXT_021,H50_Zin50,B,0,EXT_021,"M=20,20,20,20,|T=0,0,0,0,|B=2,15,1,50;2,15,1,50;3,15,1,50;",0,1,1,2,0,231800007,331800007,0.986885365338252,0.947285065002071,0,0,1,0,0,3,3,162,163,0.047004,G002,G001,0,NaN,G002,111.596410503146,111.596410503146,227.873166117673,116.276755614527,G002,1,77.6302052530623,1.19143277233943,0,0,REJECTED,fit_quality_gate,0,0
T_reachable_EXT_021_007,T_reachable,EXT_021,H50_Zin50,C,5,EXT_021,"M=20,20,20,20,|T=0,0,0,0,|B=2,15,1,50;2,15,1,50;3,15,1,50;",0,1,1,2,0,231800007,331800007,0.986885365338252,0.947285065002071,0,0,1,0,0,5,8,397,398,0.118004,ADD_M2_M3,G002,0,NaN,ADD_M2_M3,81.843918390261,81.843918390261,111.596410503146,29.7524921128849,ADD_M2_M3,1,60.9104394273351,1.19143277233943,0,1,REJECTED,fit_quality_gate,0,0
T_reachable_EXT_021_008,T_reachable,EXT_021,H50_Zin50,B,0,EXT_021,"M=20,20,20,20,|T=0,0,0,0,|B=2,15,1,50;2,15,1,50;3,15,1,50;",0,1,1,2,0,231800008,331800008,1.00956071226801,0.834475123360377,0,0,1,0,0,3,3,166,167,0.048246,G002,G001,0,NaN,G002,108.821665448794,108.821665448794,234.41688704093,125.595221592135,G002,1,82.3446517844786,1.19143277233943,0,0,REJECTED,fit_quality_gate,0,0
T_reachable_EXT_021_008,T_reachable,EXT_021,H50_Zin50,C,5,EXT_021,"M=20,20,20,20,|T=0,0,0,0,|B=2,15,1,50;2,15,1,50;3,15,1,50;",0,1,1,2,0,231800008,331800008,1.00956071226801,0.834475123360377,0,0,1,0,0,5,8,408,409,0.119847,ADD_M2_M3,G002,0,NaN,ADD_M2_M3,78.5832239255583,78.5832239255583,108.821665448794,30.2384415232361,ADD_M2_M3,1,61.9572718908455,1.19143277233943,0,1,REJECTED,fit_quality_gate,0,0
T_reachable_EXT_021_009,T_reachable,EXT_021,H50_Zin50,B,0,EXT_021,"M=20,20,20,20,|T=0,0,0,0,|B=2,15,1,50;2,15,1,50;3,15,1,50;",0,1,1,2,0,231800009,331800009,0.983450815195425,0.927170396622051,0,0,1,0,0,3,3,162,163,0.047383,G002,G001,0,NaN,G002,113.314427727072,113.314427727072,229.450713560816,116.136285833745,G002,1,77.2499528308971,1.19143277233943,0,0,REJECTED,fit_quality_gate,0,0
T_reachable_EXT_021_009,T_reachable,EXT_021,H50_Zin50,C,5,EXT_021,"M=20,20,20,20,|T=0,0,0,0,|B=2,15,1,50;2,15,1,50;3,15,1,50;",0,1,1,2,0,231800009,331800009,0.983450815195425,0.927170396622051,0,0,1,0,0,5,8,395,396,0.116627,ADD_M2_M3,G002,0,NaN,ADD_M2_M3,84.0166452280913,84.0166452280913,113.314427727072,29.2977824989804,ADD_M2_M3,1,60.6515013765889,1.19143277233943,0,1,REJECTED,fit_quality_gate,0,0
T_reachable_EXT_021_010,T_reachable,EXT_021,H50_Zin50,B,0,EXT_021,"M=20,20,20,20,|T=0,0,0,0,|B=2,15,1,50;2,15,1,50;3,15,1,50;",0,1,1,2,0,231800010,331800010,1.00940951839313,1.09462463695743,0,0,1,0,0,3,3,166,167,0.049953,G002,G001,0,NaN,G002,105.205781959562,105.205781959562,227.578369174559,122.372587214996,G002,1,80.6642220405201,1.19143277233943,0,0,REJECTED,fit_quality_gate,0,0
T_reachable_EXT_021_010,T_reachable,EXT_021,H50_Zin50,C,5,EXT_021,"M=20,20,20,20,|T=0,0,0,0,|B=2,15,1,50;2,15,1,50;3,15,1,50;",0,1,1,2,0,231800010,331800010,1.00940951839313,1.09462463695743,0,0,1,0,0,5,8,407,408,0.118465,ADD_M2_M3,G002,0,NaN,ADD_M2_M3,74.8815427782143,74.8815427782143,105.205781959562,30.3242391813481,ADD_M2_M3,1,59.5562679139749,1.19143277233943,0,1,REJECTED,fit_quality_gate,0,0
T_grammar_out_MID30_001,T_grammar_out,MID30,H50_Zin50,B,0,MID30,"M=20,10,10,20,20,|T=0,0,0,0,0,|B=2,15,1,50;",0,0,0,Inf,0,242800001,342800001,0.983716543362399,0.967417677027269,0,0,0,0,0,3,3,142,143,0.041302,G001,G002,0,NaN,G001,163.949024406395,163.949024406395,206.92129782769,42.9722734212956,G001,1,170.547557255188,1.19143277233943,0,0,REJECTED,fit_quality_gate,0,0
T_grammar_out_MID30_001,T_grammar_out,MID30,H50_Zin50,C,5,MID30,"M=20,10,10,20,20,|T=0,0,0,0,0,|B=2,15,1,50;",0,0,0,Inf,0,242800001,342800001,0.983716543362399,0.967417677027269,0,0,0,0,0,5,8,408,409,0.122894,G001,MIRROR_M3,0,NaN,G001,163.949024406395,163.949024406395,202.443831321219,38.4948069148243,G001,1,170.547557255188,1.19143277233943,0,1,REJECTED,fit_quality_gate,0,0
T_grammar_out_MID30_002,T_grammar_out,MID30,H50_Zin50,B,0,MID30,"M=20,10,10,20,20,|T=0,0,0,0,0,|B=2,15,1,50;",0,0,0,Inf,0,242800002,342800002,1.01484371112145,1.16052876468506,0,0,0,0,0,3,3,142,143,0.040558,G001,G002,0,NaN,G001,172.338893730154,172.338893730154,201.605054989218,29.2661612590641,G001,1,149.830998050377,1.19143277233943,0,0,REJECTED,fit_quality_gate,0,0
T_grammar_out_MID30_002,T_grammar_out,MID30,H50_Zin50,C,5,MID30,"M=20,10,10,20,20,|T=0,0,0,0,0,|B=2,15,1,50;",0,0,0,Inf,0,242800002,342800002,1.01484371112145,1.16052876468506,0,0,0,0,0,5,8,400,401,0.119121,G001,MIRROR_M3,0,NaN,G001,172.338893730154,172.338893730154,187.442136833713,15.103243103559,G001,1,149.830998050377,1.19143277233943,0,1,REJECTED,fit_quality_gate,0,0
T_grammar_out_MID30_003,T_grammar_out,MID30,H50_Zin50,B,0,MID30,"M=20,10,10,20,20,|T=0,0,0,0,0,|B=2,15,1,50;",0,0,0,Inf,0,242800003,342800003,0.996335571763129,0.863042137829078,0,0,0,0,0,3,3,166,167,0.049301,G001,G002,0,NaN,G001,174.143620663884,174.143620663884,213.205009671975,39.0613890080915,G001,1,160.01619538177,1.19143277233943,0,0,REJECTED,fit_quality_gate,0,0
T_grammar_out_MID30_003,T_grammar_out,MID30,H50_Zin50,C,5,MID30,"M=20,10,10,20,20,|T=0,0,0,0,0,|B=2,15,1,50;",0,0,0,Inf,0,242800003,342800003,0.996335571763129,0.863042137829078,0,0,0,0,0,5,8,456,457,0.138912,G001,MIRROR_M3,0,NaN,G001,174.143620663884,174.143620663884,202.650228582373,28.5066079184895,G001,1,160.01619538177,1.19143277233943,0,1,REJECTED,fit_quality_gate,0,0
T_grammar_out_MID30_004,T_grammar_out,MID30,H50_Zin50,B,0,MID30,"M=20,10,10,20,20,|T=0,0,0,0,0,|B=2,15,1,50;",0,0,0,Inf,0,242800004,342800004,1.00595996426783,1.05350647178938,0,0,0,0,0,3,3,138,139,0.040528,G001,G002,0,NaN,G001,173.895617085993,173.895617085993,207.970948834268,34.0753317482755,G001,1,153.356386271407,1.19143277233943,0,0,REJECTED,fit_quality_gate,0,0
T_grammar_out_MID30_004,T_grammar_out,MID30,H50_Zin50,C,5,MID30,"M=20,10,10,20,20,|T=0,0,0,0,0,|B=2,15,1,50;",0,0,0,Inf,0,242800004,342800004,1.00595996426783,1.05350647178938,0,0,0,0,0,5,8,396,397,0.120094,G001,MIRROR_M3,0,NaN,G001,173.895617085993,173.895617085993,194.154215784141,20.2585986981486,G001,1,153.356386271407,1.19143277233943,0,1,REJECTED,fit_quality_gate,0,0
T_grammar_out_MID30_005,T_grammar_out,MID30,H50_Zin50,B,0,MID30,"M=20,10,10,20,20,|T=0,0,0,0,0,|B=2,15,1,50;",0,0,0,Inf,0,242800005,342800005,0.985142005802534,1.18528114799685,0,0,0,0,0,3,3,140,141,0.041738,G001,G002,0,NaN,G001,160.088605689846,160.088605689846,203.959111009658,43.8705053198116,G001,1,164.833144359951,1.19143277233943,0,0,REJECTED,fit_quality_gate,0,0
T_grammar_out_MID30_005,T_grammar_out,MID30,H50_Zin50,C,5,MID30,"M=20,10,10,20,20,|T=0,0,0,0,0,|B=2,15,1,50;",0,0,0,Inf,0,242800005,342800005,0.985142005802534,1.18528114799685,0,0,0,0,0,5,8,406,407,0.12448,G001,MIRROR_M3,0,NaN,G001,160.088605689846,160.088605689846,196.868580936865,36.7799752470193,G001,1,164.833144359951,1.19143277233943,0,1,REJECTED,fit_quality_gate,0,0
T_grammar_out_MID30_006,T_grammar_out,MID30,H50_Zin50,B,0,MID30,"M=20,10,10,20,20,|T=0,0,0,0,0,|B=2,15,1,50;",0,0,0,Inf,0,242800006,342800006,0.987682000373989,0.802206314827554,0,0,0,0,0,3,3,166,167,0.049055,G001,G002,0,NaN,G001,170.468897908894,170.468897908894,210.571033389472,40.1021354805784,G001,1,168.98887830918,1.19143277233943,0,0,REJECTED,fit_quality_gate,0,0
T_grammar_out_MID30_006,T_grammar_out,MID30,H50_Zin50,C,5,MID30,"M=20,10,10,20,20,|T=0,0,0,0,0,|B=2,15,1,50;",0,0,0,Inf,0,242800006,342800006,0.987682000373989,0.802206314827554,0,0,0,0,0,5,8,452,453,0.136284,G001,MIRROR_M3,0,NaN,G001,170.468897908894,170.468897908894,206.325043677385,35.8561457684914,G001,1,168.98887830918,1.19143277233943,0,1,REJECTED,fit_quality_gate,0,0
T_grammar_out_MID30_007,T_grammar_out,MID30,H50_Zin50,B,0,MID30,"M=20,10,10,20,20,|T=0,0,0,0,0,|B=2,15,1,50;",0,0,0,Inf,0,242800007,342800007,0.982262275505921,0.94177983753489,0,0,0,0,0,3,3,140,141,0.041215,G001,G002,0,NaN,G001,163.879200355749,163.879200355749,207.272112118285,43.392911762536,G001,1,172.829801838132,1.19143277233943,0,0,REJECTED,fit_quality_gate,0,0
T_grammar_out_MID30_007,T_grammar_out,MID30,H50_Zin50,C,5,MID30,"M=20,10,10,20,20,|T=0,0,0,0,0,|B=2,15,1,50;",0,0,0,Inf,0,242800007,342800007,0.982262275505921,0.94177983753489,0,0,0,0,0,5,8,406,407,0.123439,G001,MIRROR_M3,0,NaN,G001,163.879200355749,163.879200355749,203.556656287539,39.6774559317905,G001,1,172.829801838132,1.19143277233943,0,1,REJECTED,fit_quality_gate,0,0
T_grammar_out_MID30_008,T_grammar_out,MID30,H50_Zin50,B,0,MID30,"M=20,10,10,20,20,|T=0,0,0,0,0,|B=2,15,1,50;",0,0,0,Inf,0,242800008,342800008,1.00494674444873,1.06052210729358,0,0,0,0,0,3,3,142,143,0.041364,G001,G002,0,NaN,G001,173.166426690799,173.166426690799,208.007360534988,34.8409338441889,G001,1,153.668782110108,1.19143277233943,0,0,REJECTED,fit_quality_gate,0,0
T_grammar_out_MID30_008,T_grammar_out,MID30,H50_Zin50,C,5,MID30,"M=20,10,10,20,20,|T=0,0,0,0,0,|B=2,15,1,50;",0,0,0,Inf,0,242800008,342800008,1.00494674444873,1.06052210729358,0,0,0,0,0,5,8,404,405,0.123549,G001,MIRROR_M3,0,NaN,G001,173.166426690799,173.166426690799,194.081658657115,20.9152319663162,G001,1,153.668782110108,1.19143277233943,0,1,REJECTED,fit_quality_gate,0,0
T_grammar_out_MID30_009,T_grammar_out,MID30,H50_Zin50,B,0,MID30,"M=20,10,10,20,20,|T=0,0,0,0,0,|B=2,15,1,50;",0,0,0,Inf,0,242800009,342800009,0.987435447804454,1.09805321826806,0,0,0,0,0,3,3,144,145,0.042708,G001,G002,0,NaN,G001,162.689928500821,162.689928500821,205.090986144163,42.4010576433422,G001,1,163.872266449349,1.19143277233943,0,0,REJECTED,fit_quality_gate,0,0
T_grammar_out_MID30_009,T_grammar_out,MID30,H50_Zin50,C,5,MID30,"M=20,10,10,20,20,|T=0,0,0,0,0,|B=2,15,1,50;",0,0,0,Inf,0,242800009,342800009,0.987435447804454,1.09805321826806,0,0,0,0,0,5,8,408,409,0.125559,G001,MIRROR_M3,0,NaN,G001,162.689928500821,162.689928500821,197.873306690165,35.1833781893443,G001,1,163.872266449349,1.19143277233943,0,1,REJECTED,fit_quality_gate,0,0
T_grammar_out_MID30_010,T_grammar_out,MID30,H50_Zin50,B,0,MID30,"M=20,10,10,20,20,|T=0,0,0,0,0,|B=2,15,1,50;",0,0,0,Inf,0,242800010,342800010,1.00731847402506,1.10541904138986,0,0,0,0,0,3,3,136,137,0.040061,G001,G002,0,NaN,G001,172.92395201999,172.92395201999,206.209803977779,33.2858519577895,G001,1,152.115402140738,1.19143277233943,0,0,REJECTED,fit_quality_gate,0,0
T_grammar_out_MID30_010,T_grammar_out,MID30,H50_Zin50,C,5,MID30,"M=20,10,10,20,20,|T=0,0,0,0,0,|B=2,15,1,50;",0,0,0,Inf,0,242800010,342800010,1.00731847402506,1.10541904138986,0,0,0,0,0,5,8,390,391,0.11905,G001,MIRROR_M3,0,NaN,G001,172.92395201999,172.92395201999,191.957304853603,19.0333528336134,G001,1,152.115402140738,1.19143277233943,0,1,REJECTED,fit_quality_gate,0,0
T_grammar_out_MID50_001,T_grammar_out,MID50,H50_Zin50,B,0,MID50,"M=20,20,10,10,20,|T=0,0,0,0,0,|B=3,15,1,50;",0,0,0,Inf,0,242900001,342900001,0.993825457114523,0.945602971358004,0,0,0,0,0,3,3,146,147,0.043075,G001,G002,0,NaN,G001,168.964920472498,168.964920472498,183.650641429072,14.6857209565736,G001,1,148.025104079119,1.19143277233943,0,0,REJECTED,fit_quality_gate,0,0
T_grammar_out_MID50_001,T_grammar_out,MID50,H50_Zin50,C,5,MID50,"M=20,20,10,10,20,|T=0,0,0,0,0,|B=3,15,1,50;",0,0,0,Inf,0,242900001,342900001,0.993825457114523,0.945602971358004,0,0,0,0,0,5,8,408,409,0.128325,MIRROR_M3,G001,0,NaN,MIRROR_M3,163.899100696037,163.899100696037,168.964920472498,5.06581977646184,MIRROR_M3,1,125.822404948825,1.19143277233943,0,1,REJECTED,fit_quality_gate,0,0
T_grammar_out_MID50_002,T_grammar_out,MID50,H50_Zin50,B,0,MID50,"M=20,20,10,10,20,|T=0,0,0,0,0,|B=3,15,1,50;",0,0,0,Inf,0,242900002,342900002,1.01886536154462,1.11367549770806,0,0,0,0,0,3,3,160,161,0.047111,G001,G002,0,NaN,G001,161.89677870967,161.89677870967,175.655066872495,13.7582881628252,G001,1,151.363969493899,1.19143277233943,0,0,REJECTED,fit_quality_gate,0,0
T_grammar_out_MID50_002,T_grammar_out,MID50,H50_Zin50,C,5,MID50,"M=20,20,10,10,20,|T=0,0,0,0,0,|B=3,15,1,50;",0,0,0,Inf,0,242900002,342900002,1.01886536154462,1.11367549770806,0,0,0,0,0,5,8,440,441,0.133404,MIRROR_M3,G001,0,NaN,MIRROR_M3,152.793049146394,152.793049146394,161.89677870967,9.10372956327612,MIRROR_M3,1,120.008638333525,1.19143277233943,0,1,REJECTED,fit_quality_gate,0,0
T_grammar_out_MID50_003,T_grammar_out,MID50,H50_Zin50,B,0,MID50,"M=20,20,10,10,20,|T=0,0,0,0,0,|B=3,15,1,50;",0,0,0,Inf,0,242900003,342900003,0.986680603502236,0.92295269156599,0,0,0,0,0,3,3,140,141,0.04105,G001,G002,0,NaN,G001,171.361902120266,171.361902120266,183.314335277079,11.9524331568139,G001,1,150.255997871709,1.19143277233943,0,0,REJECTED,fit_quality_gate,0,0
T_grammar_out_MID50_003,T_grammar_out,MID50,H50_Zin50,C,5,MID50,"M=20,20,10,10,20,|T=0,0,0,0,0,|B=3,15,1,50;",0,0,0,Inf,0,242900003,342900003,0.986680603502236,0.92295269156599,0,0,0,0,0,5,8,370,371,0.113405,MIRROR_M3,G001,0,NaN,MIRROR_M3,165.192357867123,165.192357867123,171.361902120266,6.16954425314279,MIRROR_M3,1,126.3360649772,1.19143277233943,0,1,REJECTED,fit_quality_gate,0,0
T_grammar_out_MID50_004,T_grammar_out,MID50,H50_Zin50,B,0,MID50,"M=20,20,10,10,20,|T=0,0,0,0,0,|B=3,15,1,50;",0,0,0,Inf,0,242900004,342900004,0.998841131381175,0.906297783747369,0,0,0,0,0,3,3,148,149,0.049856,G001,G002,0,NaN,G001,170.408763011609,170.408763011609,185.184066729502,14.7753037178927,G001,1,149.17433972992,1.19143277233943,0,0,REJECTED,fit_quality_gate,0,0
T_grammar_out_MID50_004,T_grammar_out,MID50,H50_Zin50,C,5,MID50,"M=20,20,10,10,20,|T=0,0,0,0,0,|B=3,15,1,50;",0,0,0,Inf,0,242900004,342900004,0.998841131381175,0.906297783747369,0,0,0,0,0,5,8,412,413,0.122761,MIRROR_M3,G001,0,NaN,MIRROR_M3,163.444087000053,163.444087000053,170.408763011609,6.96467601155604,MIRROR_M3,1,126.656247539348,1.19143277233943,0,1,REJECTED,fit_quality_gate,0,0
T_grammar_out_MID50_005,T_grammar_out,MID50,H50_Zin50,B,0,MID50,"M=20,20,10,10,20,|T=0,0,0,0,0,|B=3,15,1,50;",0,0,0,Inf,0,242900005,342900005,1.00019422655809,0.913100211714432,0,0,0,0,0,3,3,142,143,0.041449,G001,G002,0,NaN,G001,170.24643251157,170.24643251157,185.1701079127,14.9236754011302,G001,1,149.667067345865,1.19143277233943,0,0,REJECTED,fit_quality_gate,0,0
T_grammar_out_MID50_005,T_grammar_out,MID50,H50_Zin50,C,5,MID50,"M=20,20,10,10,20,|T=0,0,0,0,0,|B=3,15,1,50;",0,0,0,Inf,0,242900005,342900005,1.00019422655809,0.913100211714432,0,0,0,0,0,5,8,402,403,0.121917,MIRROR_M3,G001,0,NaN,MIRROR_M3,162.804388816245,162.804388816245,170.24643251157,7.4420436953244,MIRROR_M3,1,126.85021575185,1.19143277233943,0,1,REJECTED,fit_quality_gate,0,0
T_grammar_out_MID50_006,T_grammar_out,MID50,H50_Zin50,B,0,MID50,"M=20,20,10,10,20,|T=0,0,0,0,0,|B=3,15,1,50;",0,0,0,Inf,0,242900006,342900006,0.991373303219484,1.02976728177452,0,0,0,0,0,3,3,138,139,0.040235,G001,G002,0,NaN,G001,166.416930447508,166.416930447508,181.88487094356,15.4679404960515,G001,1,147.043336283424,1.19143277233943,0,0,REJECTED,fit_quality_gate,0,0
T_grammar_out_MID50_006,T_grammar_out,MID50,H50_Zin50,C,5,MID50,"M=20,20,10,10,20,|T=0,0,0,0,0,|B=3,15,1,50;",0,0,0,Inf,0,242900006,342900006,0.991373303219484,1.02976728177452,0,0,0,0,0,5,8,364,365,0.10917,MIRROR_M3,G001,0,NaN,MIRROR_M3,162.856212327691,162.856212327691,166.416930447508,3.5607181198169,MIRROR_M3,1,124.789916803426,1.19143277233943,0,1,REJECTED,fit_quality_gate,0,0
T_grammar_out_MID50_007,T_grammar_out,MID50,H50_Zin50,B,0,MID50,"M=20,20,10,10,20,|T=0,0,0,0,0,|B=3,15,1,50;",0,0,0,Inf,0,242900007,342900007,1.00387612519048,0.902367725055742,0,0,0,0,0,3,3,142,143,0.042001,G001,G002,0,NaN,G001,170.497299418567,170.497299418567,186.239909245454,15.7426098268864,G001,1,152.896738911445,1.19143277233943,0,0,REJECTED,fit_quality_gate,0,0
T_grammar_out_MID50_007,T_grammar_out,MID50,H50_Zin50,C,5,MID50,"M=20,20,10,10,20,|T=0,0,0,0,0,|B=3,15,1,50;",0,0,0,Inf,0,242900007,342900007,1.00387612519048,0.902367725055742,0,0,0,0,0,5,8,400,401,0.124154,MIRROR_M3,G001,0,NaN,MIRROR_M3,161.775339227945,161.775339227945,170.497299418567,8.72196019062261,MIRROR_M3,1,127.114678861312,1.19143277233943,0,1,REJECTED,fit_quality_gate,0,0
T_grammar_out_MID50_008,T_grammar_out,MID50,H50_Zin50,B,0,MID50,"M=20,20,10,10,20,|T=0,0,0,0,0,|B=3,15,1,50;",0,0,0,Inf,0,242900008,342900008,1.00506748138176,0.927990249180435,0,0,0,0,0,3,3,138,139,0.040533,G001,G002,0,NaN,G001,169.547301863938,169.547301863938,186.144938320249,16.5976364563102,G001,1,153.938285001627,1.19143277233943,0,0,REJECTED,fit_quality_gate,0,0
T_grammar_out_MID50_008,T_grammar_out,MID50,H50_Zin50,C,5,MID50,"M=20,20,10,10,20,|T=0,0,0,0,0,|B=3,15,1,50;",0,0,0,Inf,0,242900008,342900008,1.00506748138176,0.927990249180435,0,0,0,0,0,5,8,394,395,0.119686,MIRROR_M3,G001,0,NaN,MIRROR_M3,161.051418871073,161.051418871073,169.547301863938,8.49588299286535,MIRROR_M3,1,126.467753740726,1.19143277233943,0,1,REJECTED,fit_quality_gate,0,0
T_grammar_out_MID50_009,T_grammar_out,MID50,H50_Zin50,B,0,MID50,"M=20,20,10,10,20,|T=0,0,0,0,0,|B=3,15,1,50;",0,0,0,Inf,0,242900009,342900009,0.986129211753495,0.856667984299075,0,0,0,0,0,3,3,140,141,0.041642,G001,G002,0,NaN,G001,174.173019898074,174.173019898074,184.977501823185,10.804481925111,G001,1,151.602451643871,1.19143277233943,0,0,REJECTED,fit_quality_gate,0,0
T_grammar_out_MID50_009,T_grammar_out,MID50,H50_Zin50,C,5,MID50,"M=20,20,10,10,20,|T=0,0,0,0,0,|B=3,15,1,50;",0,0,0,Inf,0,242900009,342900009,0.986129211753495,0.856667984299075,0,0,0,0,0,5,8,370,371,0.113693,MIRROR_M3,G001,0,NaN,MIRROR_M3,166.656613685542,166.656613685542,174.173019898074,7.51640621253168,MIRROR_M3,1,127.263726175464,1.19143277233943,0,1,REJECTED,fit_quality_gate,0,0
T_grammar_out_MID50_010,T_grammar_out,MID50,H50_Zin50,B,0,MID50,"M=20,20,10,10,20,|T=0,0,0,0,0,|B=3,15,1,50;",0,0,0,Inf,0,242900010,342900010,0.98884908128585,1.00013073051934,0,0,0,0,0,3,3,136,137,0.040182,G001,G002,0,NaN,G001,167.981412054309,167.981412054309,181.987443380217,14.0060313259087,G001,1,147.990217152048,1.19143277233943,0,0,REJECTED,fit_quality_gate,0,0
T_grammar_out_MID50_010,T_grammar_out,MID50,H50_Zin50,C,5,MID50,"M=20,20,10,10,20,|T=0,0,0,0,0,|B=3,15,1,50;",0,0,0,Inf,0,242900010,342900010,0.98884908128585,1.00013073051934,0,0,0,0,0,5,8,360,361,0.109919,MIRROR_M3,G001,0,NaN,MIRROR_M3,163.426710704991,163.426710704991,167.981412054309,4.55470134931758,MIRROR_M3,1,125.215966761781,1.19143277233943,0,1,REJECTED,fit_quality_gate,0,0
T_domain_G002_001,T_domain,G002_domain_out,H50_Zin50,B,0,G002,"M=20,20,20,20,|T=0,0,0,0,|B=2,15,1,50;",1,1,1,0,1,251400001,351400001,1.15,0.885326870616278,0,1,0,0,1,3,3,162,163,0.048656,G002,G001,1,189.628015457252,G001,205.590095843133,189.628015457252,205.590095843133,15.962080385881,G002,1,195.437946221811,1.19143277233943,0,0,REJECTED,fit_quality_gate,0,0
T_domain_G002_001,T_domain,G002_domain_out,H50_Zin50,C,5,G002,"M=20,20,20,20,|T=0,0,0,0,|B=2,15,1,50;",1,1,1,0,1,251400001,351400001,1.15,0.885326870616278,0,1,0,0,0,5,8,442,443,0.13745,ADD_M2_M3,MIRROR_M3,3,189.628015457252,ADD_M2_M3,182.401679214746,182.401679214746,185.258859228849,2.85718001410237,ADD_M2_M3,1,184.118755221625,1.19143277233943,0,1,REJECTED,fit_quality_gate,0,0
T_domain_G002_002,T_domain,G002_domain_out,H50_Zin50,B,0,G002,"M=20,20,20,20,|T=0,0,0,0,|B=2,15,1,50;",1,1,1,0,1,251400002,351400002,1.15,0.904518816542838,0,1,0,0,1,3,3,164,165,0.049836,G002,G001,1,189.044913461857,G001,205.093634963414,189.044913461857,205.093634963414,16.0487215015574,G002,1,194.580618832911,1.19143277233943,0,0,REJECTED,fit_quality_gate,0,0
T_domain_G002_002,T_domain,G002_domain_out,H50_Zin50,C,5,G002,"M=20,20,20,20,|T=0,0,0,0,|B=2,15,1,50;",1,1,1,0,1,251400002,351400002,1.15,0.904518816542838,0,1,0,0,0,5,8,446,447,0.138051,ADD_M2_M3,MIRROR_M3,3,189.044913461857,ADD_M2_M3,181.799728125794,181.799728125794,184.717937304745,2.91820917895163,ADD_M2_M3,1,183.242421822744,1.19143277233943,0,1,REJECTED,fit_quality_gate,0,0
T_domain_G002_003,T_domain,G002_domain_out,H50_Zin50,B,0,G002,"M=20,20,20,20,|T=0,0,0,0,|B=2,15,1,50;",1,1,1,0,1,251400003,351400003,1.15,1.06566948246336,0,1,0,0,1,3,3,164,165,0.049963,G002,G001,1,184.377843901199,G001,201.416567302291,184.377843901199,201.416567302291,17.038723401092,G002,1,188.576795464826,1.19143277233943,0,0,REJECTED,fit_quality_gate,0,0
T_domain_G002_003,T_domain,G002_domain_out,H50_Zin50,C,5,G002,"M=20,20,20,20,|T=0,0,0,0,|B=2,15,1,50;",1,1,1,0,1,251400003,351400003,1.15,1.06566948246336,0,1,0,0,0,5,8,446,447,0.140575,ADD_M2_M3,MIRROR_M3,3,184.377843901199,ADD_M2_M3,177.027920150331,177.027920150331,181.202712602936,4.17479245260486,ADD_M2_M3,1,177.988369632839,1.19143277233943,0,1,REJECTED,fit_quality_gate,0,0
T_domain_G002_004,T_domain,G002_domain_out,H50_Zin50,B,0,G002,"M=20,20,20,20,|T=0,0,0,0,|B=2,15,1,50;",1,1,1,0,1,251400004,351400004,1.15,1.1854446637649,0,1,0,0,1,3,3,166,167,0.050162,G002,G001,1,181.507009097249,G001,199.258186420231,181.507009097249,199.258186420231,17.7511773229816,G002,1,184.570087494441,1.19143277233943,0,0,REJECTED,fit_quality_gate,0,0
T_domain_G002_004,T_domain,G002_domain_out,H50_Zin50,C,5,G002,"M=20,20,20,20,|T=0,0,0,0,|B=2,15,1,50;",1,1,1,0,1,251400004,351400004,1.15,1.1854446637649,0,1,0,0,0,5,8,452,453,0.147487,ADD_M2_M3,MIRROR_M3,3,181.507009097249,ADD_M2_M3,174.066234928481,174.066234928481,178.960033982838,4.89379905435632,ADD_M2_M3,1,174.446849484481,1.19143277233943,0,1,REJECTED,fit_quality_gate,0,0
T_domain_G002_005,T_domain,G002_domain_out,H50_Zin50,B,0,G002,"M=20,20,20,20,|T=0,0,0,0,|B=2,15,1,50;",1,1,1,0,1,251400005,351400005,1.15,1.17797897167081,0,1,0,0,1,3,3,164,165,0.051271,G002,G001,1,181.706275884062,G001,199.376129460834,181.706275884062,199.376129460834,17.6698535767719,G002,1,184.865395790326,1.19143277233943,0,0,REJECTED,fit_quality_gate,0,0
T_domain_G002_005,T_domain,G002_domain_out,H50_Zin50,C,5,G002,"M=20,20,20,20,|T=0,0,0,0,|B=2,15,1,50;",1,1,1,0,1,251400005,351400005,1.15,1.17797897167081,0,1,0,0,0,5,8,448,449,0.141405,ADD_M2_M3,MIRROR_M3,3,181.706275884062,ADD_M2_M3,174.20934392378,174.20934392378,178.988761773248,4.7794178494679,ADD_M2_M3,1,174.71009280664,1.19143277233943,0,1,REJECTED,fit_quality_gate,0,0
T_domain_G002_006,T_domain,G002_domain_out,H50_Zin50,B,0,G002,"M=20,20,20,20,|T=0,0,0,0,|B=2,15,1,50;",1,1,1,0,1,251400006,351400006,1.15,0.904996448175689,0,1,0,0,1,3,3,164,165,0.062852,G002,G001,1,188.803087241662,G001,204.965066639311,188.803087241662,204.965066639311,16.1619793976499,G002,1,194.704343327229,1.19143277233943,0,0,REJECTED,fit_quality_gate,0,0
T_domain_G002_006,T_domain,G002_domain_out,H50_Zin50,C,5,G002,"M=20,20,20,20,|T=0,0,0,0,|B=2,15,1,50;",1,1,1,0,1,251400006,351400006,1.15,0.904996448175689,0,1,0,0,0,5,8,448,449,0.137977,ADD_M2_M3,MIRROR_M3,3,188.803087241662,ADD_M2_M3,181.596104928622,181.596104928622,184.57883053023,2.98272560160763,ADD_M2_M3,1,183.489981474742,1.19143277233943,0,1,REJECTED,fit_quality_gate,0,0
T_domain_G002_007,T_domain,G002_domain_out,H50_Zin50,B,0,G002,"M=20,20,20,20,|T=0,0,0,0,|B=2,15,1,50;",1,1,1,0,1,251400007,351400007,1.15,1.03393623184478,0,1,0,0,1,3,3,164,165,0.049693,G002,G001,1,185.152002354227,G001,202.087985391225,185.152002354227,202.087985391225,16.9359830369976,G002,1,189.9730778918,1.19143277233943,0,0,REJECTED,fit_quality_gate,0,0
T_domain_G002_007,T_domain,G002_domain_out,H50_Zin50,C,5,G002,"M=20,20,20,20,|T=0,0,0,0,|B=2,15,1,50;",1,1,1,0,1,251400007,351400007,1.15,1.03393623184478,0,1,0,0,0,5,8,446,447,0.136142,ADD_M2_M3,MIRROR_M3,3,185.152002354227,ADD_M2_M3,177.847682729319,177.847682729319,181.822415159336,3.97473243001781,ADD_M2_M3,1,179.298222654858,1.19143277233943,0,1,REJECTED,fit_quality_gate,0,0
T_domain_G002_008,T_domain,G002_domain_out,H50_Zin50,B,0,G002,"M=20,20,20,20,|T=0,0,0,0,|B=2,15,1,50;",1,1,1,0,1,251400008,351400008,1.15,0.936437218014875,0,1,0,0,1,3,3,164,165,0.048458,G002,G001,1,188.060075182741,G001,204.309746879791,188.060075182741,204.309746879791,16.2496716970505,G002,1,193.411044140259,1.19143277233943,0,0,REJECTED,fit_quality_gate,0,0
T_domain_G002_008,T_domain,G002_domain_out,H50_Zin50,C,5,G002,"M=20,20,20,20,|T=0,0,0,0,|B=2,15,1,50;",1,1,1,0,1,251400008,351400008,1.15,0.936437218014875,0,1,0,0,0,5,8,446,447,0.136213,ADD_M2_M3,MIRROR_M3,3,188.060075182741,ADD_M2_M3,180.803736905848,180.803736905848,184.017200346811,3.21346344096321,ADD_M2_M3,1,182.276134818174,1.19143277233943,0,1,REJECTED,fit_quality_gate,0,0
T_domain_G002_009,T_domain,G002_domain_out,H50_Zin50,B,0,G002,"M=20,20,20,20,|T=0,0,0,0,|B=2,15,1,50;",1,1,1,0,1,251400009,351400009,1.15,0.815351339973218,0,1,0,0,1,3,3,162,163,0.049079,G002,G001,1,191.716872007219,G001,207.32306796308,191.716872007219,207.32306796308,15.6061959558611,G002,1,198.562115115313,1.19143277233943,0,0,REJECTED,fit_quality_gate,0,0
T_domain_G002_009,T_domain,G002_domain_out,H50_Zin50,C,5,G002,"M=20,20,20,20,|T=0,0,0,0,|B=2,15,1,50;",1,1,1,0,1,251400009,351400009,1.15,0.815351339973218,0,1,0,0,0,5,8,444,445,0.137762,ADD_M2_M3,MIRROR_M3,3,191.716872007219,ADD_M2_M3,184.578681340097,184.578681340097,186.936458863715,2.35777752361818,ADD_M2_M3,1,186.882595794082,1.19143277233943,0,1,REJECTED,fit_quality_gate,0,0
T_domain_G002_010,T_domain,G002_domain_out,H50_Zin50,B,0,G002,"M=20,20,20,20,|T=0,0,0,0,|B=2,15,1,50;",1,1,1,0,1,251400010,351400010,1.15,0.979976230691482,0,1,0,0,1,3,3,164,165,0.049242,G002,G001,1,186.837758795689,G001,203.377807146312,186.837758795689,203.377807146312,16.5400483506226,G002,1,191.787091085167,1.19143277233943,0,0,REJECTED,fit_quality_gate,0,0
T_domain_G002_010,T_domain,G002_domain_out,H50_Zin50,C,5,G002,"M=20,20,20,20,|T=0,0,0,0,|B=2,15,1,50;",1,1,1,0,1,251400010,351400010,1.15,0.979976230691482,0,1,0,0,0,5,8,448,449,0.139934,ADD_M2_M3,MIRROR_M3,3,186.837758795689,ADD_M2_M3,179.568926227641,179.568926227641,182.97145503555,3.40252880790911,ADD_M2_M3,1,180.814730631413,1.19143277233943,0,1,REJECTED,fit_quality_gate,0,0
T_domain_G003_001,T_domain,G003_domain_out,H50_Zin50,B,0,G003,"M=20,20,20,20,|T=0,0,0,0,|B=1,15,1,50;",1,1,1,0,1,251900001,351900001,1.15,0.931007797893732,0,1,0,0,1,3,3,164,165,0.049177,G003,G001,1,181.31867590878,G001,224.870495341639,181.31867590878,224.870495341639,43.5518194328583,G003,1,166.486617983007,1.19143277233943,0,0,REJECTED,fit_quality_gate,0,0
T_domain_G003_001,T_domain,G003_domain_out,H50_Zin50,C,5,G003,"M=20,20,20,20,|T=0,0,0,0,|B=1,15,1,50;",1,1,1,0,1,251900001,351900001,1.15,0.931007797893732,0,1,0,0,1,5,8,472,473,0.14739,G003,ADD_M1_M3,1,181.31867590878,ADD_M1_M3,205.336317869495,181.31867590878,205.336317869495,24.017641960715,G003,1,166.486617983007,1.19143277233943,0,1,REJECTED,fit_quality_gate,0,0
T_domain_G003_002,T_domain,G003_domain_out,H50_Zin50,B,0,G003,"M=20,20,20,20,|T=0,0,0,0,|B=1,15,1,50;",1,1,1,0,1,251900002,351900002,1.15,0.858788001432265,0,1,0,0,1,3,3,164,165,0.049495,G003,G001,1,183.886660031269,G001,227.423261901475,183.886660031269,227.423261901475,43.536601870206,G003,1,168.584332796285,1.19143277233943,0,0,REJECTED,fit_quality_gate,0,0
T_domain_G003_002,T_domain,G003_domain_out,H50_Zin50,C,5,G003,"M=20,20,20,20,|T=0,0,0,0,|B=1,15,1,50;",1,1,1,0,1,251900002,351900002,1.15,0.858788001432265,0,1,0,0,1,5,8,472,473,0.144021,G003,ADD_M1_M3,1,183.886660031269,ADD_M1_M3,208.781275548065,183.886660031269,208.781275548065,24.8946155167964,G003,1,168.584332796285,1.19143277233943,0,1,REJECTED,fit_quality_gate,0,0
T_domain_G003_003,T_domain,G003_domain_out,H50_Zin50,B,0,G003,"M=20,20,20,20,|T=0,0,0,0,|B=1,15,1,50;",1,1,1,0,1,251900003,351900003,1.15,1.06923832244796,0,1,0,0,1,3,3,164,165,0.047903,G003,G001,1,177.533912074602,G001,221.024529665337,177.533912074602,221.024529665337,43.4906175907357,G003,1,163.105656132759,1.19143277233943,0,0,REJECTED,fit_quality_gate,0,0
T_domain_G003_003,T_domain,G003_domain_out,H50_Zin50,C,5,G003,"M=20,20,20,20,|T=0,0,0,0,|B=1,15,1,50;",1,1,1,0,1,251900003,351900003,1.15,1.06923832244796,0,1,0,0,1,5,8,472,473,0.142429,G003,ADD_M1_M3,1,177.533912074602,ADD_M1_M3,199.94003817171,177.533912074602,199.94003817171,22.4061260971087,G003,1,163.105656132759,1.19143277233943,0,1,REJECTED,fit_quality_gate,0,0
T_domain_G003_004,T_domain,G003_domain_out,H50_Zin50,B,0,G003,"M=20,20,20,20,|T=0,0,0,0,|B=1,15,1,50;",1,1,1,0,1,251900004,351900004,1.15,0.912811168563008,0,1,0,0,1,3,3,164,165,0.048012,G003,G001,1,182.029086484223,G001,225.631992990229,182.029086484223,225.631992990229,43.602906506006,G003,1,166.98576242224,1.19143277233943,0,0,REJECTED,fit_quality_gate,0,0
T_domain_G003_004,T_domain,G003_domain_out,H50_Zin50,C,5,G003,"M=20,20,20,20,|T=0,0,0,0,|B=1,15,1,50;",1,1,1,0,1,251900004,351900004,1.15,0.912811168563008,0,1,0,0,1,5,8,472,473,0.14878,G003,ADD_M1_M3,1,182.029086484223,ADD_M1_M3,206.301601865597,182.029086484223,206.301601865597,24.2725153813743,G003,1,166.98576242224,1.19143277233943,0,1,REJECTED,fit_quality_gate,0,0
T_domain_G003_005,T_domain,G003_domain_out,H50_Zin50,B,0,G003,"M=20,20,20,20,|T=0,0,0,0,|B=1,15,1,50;",1,1,1,0,1,251900005,351900005,1.15,1.14403843690415,0,1,0,0,1,3,3,164,165,0.049003,G003,G001,1,175.803488321505,G001,219.13925346968,175.803488321505,219.13925346968,43.3357651481752,G003,1,161.402744419786,1.19143277233943,0,0,REJECTED,fit_quality_gate,0,0
T_domain_G003_005,T_domain,G003_domain_out,H50_Zin50,C,5,G003,"M=20,20,20,20,|T=0,0,0,0,|B=1,15,1,50;",1,1,1,0,1,251900005,351900005,1.15,1.14403843690415,0,1,0,0,1,5,8,454,455,0.139237,G003,ADD_M1_M3,1,175.803488321505,ADD_M1_M3,197.368671893187,175.803488321505,197.368671893187,21.5651835716818,G003,1,161.402744419786,1.19143277233943,0,1,REJECTED,fit_quality_gate,0,0
T_domain_G003_006,T_domain,G003_domain_out,H50_Zin50,B,0,G003,"M=20,20,20,20,|T=0,0,0,0,|B=1,15,1,50;",1,1,1,0,1,251900006,351900006,1.15,1.08377527672715,0,1,0,0,1,3,3,164,165,0.049401,G003,G001,1,177.211334771453,G001,220.626300069455,177.211334771453,220.626300069455,43.4149652980024,G003,1,162.691046125091,1.19143277233943,0,0,REJECTED,fit_quality_gate,0,0
T_domain_G003_006,T_domain,G003_domain_out,H50_Zin50,C,5,G003,"M=20,20,20,20,|T=0,0,0,0,|B=1,15,1,50;",1,1,1,0,1,251900006,351900006,1.15,1.08377527672715,0,1,0,0,1,5,8,472,473,0.142637,G003,ADD_M1_M3,1,177.211334771453,ADD_M1_M3,199.384065696558,177.211334771453,199.384065696558,22.1727309251048,G003,1,162.691046125091,1.19143277233943,0,1,REJECTED,fit_quality_gate,0,0
T_domain_G003_007,T_domain,G003_domain_out,H50_Zin50,B,0,G003,"M=20,20,20,20,|T=0,0,0,0,|B=1,15,1,50;",1,1,1,0,1,251900007,351900007,1.15,0.931641139252082,0,1,0,0,1,3,3,164,165,0.048173,G003,G001,1,181.266223699652,G001,224.918933901095,181.266223699652,224.918933901095,43.6527102014431,G003,1,166.601396578228,1.19143277233943,0,0,REJECTED,fit_quality_gate,0,0
T_domain_G003_007,T_domain,G003_domain_out,H50_Zin50,C,5,G003,"M=20,20,20,20,|T=0,0,0,0,|B=1,15,1,50;",1,1,1,0,1,251900007,351900007,1.15,0.931641139252082,0,1,0,0,1,5,8,472,473,0.1431,G003,ADD_M1_M3,1,181.266223699652,ADD_M1_M3,205.353913030608,181.266223699652,205.353913030608,24.0876893309557,G003,1,166.601396578228,1.19143277233943,0,1,REJECTED,fit_quality_gate,0,0
T_domain_G003_008,T_domain,G003_domain_out,H50_Zin50,B,0,G003,"M=20,20,20,20,|T=0,0,0,0,|B=1,15,1,50;",1,1,1,0,1,251900008,351900008,1.15,0.825825443859764,0,1,0,0,1,3,3,164,165,0.048316,G003,G001,1,185.208349680623,G001,228.765545410692,185.208349680623,228.765545410692,43.5571957300695,G003,1,169.337203587573,1.19143277233943,0,0,REJECTED,fit_quality_gate,0,0
T_domain_G003_008,T_domain,G003_domain_out,H50_Zin50,C,5,G003,"M=20,20,20,20,|T=0,0,0,0,|B=1,15,1,50;",1,1,1,0,1,251900008,351900008,1.15,0.825825443859764,0,1,0,0,1,5,8,472,473,0.144163,G003,ADD_M1_M3,1,185.208349680623,ADD_M1_M3,210.340832717385,185.208349680623,210.340832717385,25.1324830367623,G003,1,169.337203587573,1.19143277233943,0,1,REJECTED,fit_quality_gate,0,0
T_domain_G003_009,T_domain,G003_domain_out,H50_Zin50,B,0,G003,"M=20,20,20,20,|T=0,0,0,0,|B=1,15,1,50;",1,1,1,0,1,251900009,351900009,1.15,0.953140176988325,0,1,0,0,1,3,3,164,165,0.048501,G003,G001,1,180.549407640415,G001,224.244606463756,180.549407640415,224.244606463756,43.6951988233404,G003,1,166.059836122631,1.19143277233943,0,0,REJECTED,fit_quality_gate,0,0
T_domain_G003_009,T_domain,G003_domain_out,H50_Zin50,C,5,G003,"M=20,20,20,20,|T=0,0,0,0,|B=1,15,1,50;",1,1,1,0,1,251900009,351900009,1.15,0.953140176988325,0,1,0,0,1,5,8,472,473,0.142431,G003,ADD_M1_M3,1,180.549407640415,ADD_M1_M3,204.349065273755,180.549407640415,204.349065273755,23.7996576333394,G003,1,166.059836122631,1.19143277233943,0,1,REJECTED,fit_quality_gate,0,0
T_domain_G003_010,T_domain,G003_domain_out,H50_Zin50,B,0,G003,"M=20,20,20,20,|T=0,0,0,0,|B=1,15,1,50;",1,1,1,0,1,251900010,351900010,1.15,1.04475052201209,0,1,0,0,1,3,3,164,165,0.047714,G003,G001,1,178.055544499443,G001,221.473733774906,178.055544499443,221.473733774906,43.418189275463,G003,1,163.787170018659,1.19143277233943,0,0,REJECTED,fit_quality_gate,0,0
T_domain_G003_010,T_domain,G003_domain_out,H50_Zin50,C,5,G003,"M=20,20,20,20,|T=0,0,0,0,|B=1,15,1,50;",1,1,1,0,1,251900010,351900010,1.15,1.04475052201209,0,1,0,0,1,5,8,472,473,0.143146,G003,ADD_M1_M3,1,178.055544499443,ADD_M1_M3,200.705433368186,178.055544499443,200.705433368186,22.6498888687434,G003,1,163.787170018659,1.19143277233943,0,1,REJECTED,fit_quality_gate,0,0
