frequency_hz,H_true_real,H_true_imag,H_hat_real,H_hat_imag
2000000,-0.427945447694802,0.0314721516069162,-0.429159445258201,0.0876680370272853
2015625,-0.432981854590959,0.0555903421186157,-0.477779995916902,0.00623919679503165
2031250,-0.435827846063697,0.0804928049493266,-0.540399637308135,6.85009730043503e-05
2046875,-0.436365010629083,0.105859797668286,-0.385250035503788,0.120200396235722
2062500,-0.434540006605757,0.131350533947929,-0.49308401870454,0.183332425812085
2078125,-0.430368448198245,0.156619859652184,-0.361964677403033,0.225278724233362
2093750,-0.423933710072635,0.181335421546949,-0.47833311216904,0.128523152420531
2109375,-0.415380800309403,0.205193573566052,-0.413910832908391,0.271642206848336
2125000,-0.404906105494837,0.227932478776354,-0.297391954816366,0.17831529047824
2140625,-0.392744299011044,0.249341326050822,-0.40513186896189,0.111733649142019
2156250,-0.37915393775381,0.269265176541063,-0.364173803055579,0.274952240965668
2171875,-0.364403236994651,0.287605553092419,-0.410373780675196,0.135288813689784
2187500,-0.34875725649278,0.304317371696417,-0.294703133968845,0.250745527317869
2203125,-0.332467342254465,0.319403120238359,-0.313036662492478,0.473369884667107
2218750,-0.315763245144282,0.332905302163824,-0.356347748503475,0.24602802557691
2234375,-0.298847959784238,0.344898110716048,-0.296575735879508,0.455270275896742
2250000,-0.281895043226212,0.355479136592032,-0.231522751295214,0.368424796984331
2265625,-0.265047998624971,0.364761696135498,-0.320256033072657,0.457618298129993
2281250,-0.248421235545779,0.372868146877832,-0.264112802027383,0.41168737574984
2296875,-0.232102122515478,0.379924364673362,-0.319488129297214,0.415292914371815
2312500,-0.216153701643863,0.386055407903529,-0.179815140432485,0.355111463551877
2328125,-0.200617714796453,0.391382292459977,-0.25381754032599,0.443343504646605
2343750,-0.185517676962168,0.396019741496286,-0.196025935680067,0.338318993399227
2359375,-0.17086181280643,0.400074747373876,-0.178611248103847,0.296063274918404
2375000,-0.156645740366663,0.403645780101475,-0.243704362045591,0.222696637860358
2390625,-0.142854839128845,0.406822488168955,-0.106569412116072,0.346967565422661
2406250,-0.129466278741991,0.409685757119715,-0.12298931592695,0.455967029672924
2421875,-0.116450711265313,0.412308013569799,-0.185820844015091,0.40945815503951
2437500,-0.103773646548066,0.414753684478637,-0.00903271592238965,0.394238090502707
2453125,-0.0913965395703352,0.417079741472821,-0.0483018126297977,0.426839600785477
2468750,-0.0792776224935321,0.419336277052329,0.0130092617264159,0.31812100111168
2484375,-0.067372514548682,0.421567073328835,0.0615056790240936,0.394161554604567
2500000,-0.0556346410844062,0.42381013468937,-0.0659781703111748,0.304185491714548
2515625,-0.0440154900955426,0.426098163765658,-0.025013384303456,0.440074889491402
2531250,-0.0324647310530976,0.428458965708416,-0.0657552040868031,0.500305775479821
2546875,-0.0209302173280842,0.430915769402619,-0.0625603100456773,0.527909915317489
2562500,-0.0093578902587028,0.433487456257781,0.0472305850597467,0.304522334674993
2578125,0.0023083998385291,0.436188687851718,-0.129262849741266,0.452667436984736
2593750,0.0141271425170204,0.439029923219672,-0.0575502295228895,0.459309917288154
2609375,0.0261594740417275,0.44201731512882,-0.0048633507001734,0.488576753882402
2625000,0.0384695307790257,0.445152472380071,0.125027882515091,0.462229756342737
2640625,0.0511248370297088,0.448432072121409,0.0258480632994154,0.519983371995193
2656250,0.0641967132282111,0.451847302413839,-0.0221356375346422,0.398201143239151
2671875,0.0777606868323241,0.455383110948737,0.162804661662303,0.313176139170159
2687500,0.0918968825760008,0.459017231009002,0.162100633006553,0.418976099644787
2703125,0.106690360491119,0.462718950729636,0.0921478578586311,0.466122243273758
2718750,0.122231358500284,0.46644758685245,0.205460121475774,0.433069341427208
2734375,0.138615380545084,0.470150620167522,0.132380922961187,0.367720353314039
2750000,0.15594305007854,0.473761447800732,0.0265577153467462,0.476439159220125
2765625,0.17431962113639,0.477196709184057,0.179935848753656,0.559652020775453
2781250,0.193854003946364,0.480353150583047,0.272991183396802,0.489148563423532
2796875,0.214657118269201,0.483104011357553,0.243324662648224,0.470763487514899
2812500,0.236839335327474,0.485294949253382,0.0687518208855277,0.360097326675432
2828125,0.26050670988743,0.486739579555914,0.41239852436768,0.476742418607416
2843750,0.285755642517899,0.487214793716497,0.267419715487829,0.496811526553748
2859375,0.312665558140996,0.486456158881919,0.272293845197886,0.474641665441478
2875000,0.34128915865147,0.484153893028941,0.330605113238942,0.457014730595696
2890625,0.371639834099441,0.479950170876965,0.263918574653406,0.39284062081188
2906250,0.403675943044655,0.473438844046955,0.524209187041952,0.473950661739397
2921875,0.437281958604149,0.464169035587601,0.400010874729031,0.572820668782536
2937500,0.472246994270655,0.451654438285905,0.478508186979545,0.48179795044157
2953125,0.508242039678152,0.435390396455754,0.488960739318926,0.425644624275628
2968750,0.544798377729771,0.414880798116815,0.576763127745844,0.514570587524629
2984375,0.581291048066132,0.389676194400297,0.406972060510627,0.423020533749564
3000000,0.616932618987712,0.359423116985095,0.507026012788841,0.444533140373034
3015625,0.650783442364258,0.323922096357325,0.663598490372116,0.272382688636134
3031250,0.681784279514768,0.283188496467452,0.672461517619328,0.227989499564538
3046875,0.708814937393754,0.237506590516369,0.766096107877505,0.11478340791128
3062500,0.730777923623298,0.18746454457973,0.706830626760021,0.245315749482518
3078125,0.746699560284659,0.133957789761089,0.874937954708015,0.227273575114042
3093750,0.755834149939828,0.0781520136291459,0.625978274700447,0.061241179931781
3109375,0.75775229453108,0.0214048086383815,0.787391470834182,-0.0283412441888118
3125000,0.752394872876984,-0.0348449251492766,0.756970808039989,-0.23989885705608
3140625,0.740080448381802,-0.0892018364786524,0.627340110276169,-0.0974073204525761
3156250,0.721464423431636,-0.140431090988691,0.748114587020471,-0.188500775596389
3171875,0.697459402673608,-0.187547655447712,0.724281122476483,-0.296244641715843
3187500,0.66913399259476,-0.229865941350009,0.677010896340274,-0.205788644645302
3203125,0.637609359676633,-0.267007945360442,0.658037445938001,-0.308314853274949
3218750,0.603969581291254,-0.298876728714013,0.559534511320078,-0.355787492262005
3234375,0.569195390347875,-0.325607048576289,0.513345275477792,-0.43318582662538
3250000,0.534124072799976,-0.347505803173785,0.557667256326901,-0.273477155192938
3265625,0.499433014906474,-0.364992783014651,0.469004627461261,-0.387987192548505
3281250,0.46564148522263,-0.378548672655209,0.312541519486691,-0.413271344659541
3296875,0.433124451242259,-0.388673706183925,0.470359062210623,-0.413900311699861
3312500,0.40213286437845,-0.395857633098718,0.318626634902209,-0.312908076481372
3328125,0.372816149884528,-0.400559927707091,0.353035517762832,-0.380583843871565
3343750,0.345244054332094,-0.403198350770046,0.591852205201308,-0.432804327911325
3359375,0.319426221189888,-0.404143782220031,0.412083287568724,-0.347467495853164
3375000,0.295328769630828,-0.40371942245218,0.246433369894959,-0.345174597906675
3390625,0.272887747145035,-0.40220280283432,0.350268294905058,-0.532667264724389
3406250,0.252019671654801,-0.399829423321938,0.214706286968925,-0.403692776939754
3421875,0.23262954540435,-0.39679717687894,0.217614906174675,-0.43142410578992
3437500,0.214616774759283,-0.393270998643327,0.241692481187385,-0.431630301159703
3453125,0.197879415749789,-0.38938738835702,0.129482754456136,-0.407816706654099
3468750,0.182317117951155,-0.385258605163727,0.00863888910793726,-0.391344641802843
3484375,0.167833079909302,-0.380976436309386,0.101979851601767,-0.291551819008611
3500000,0.154335269647512,-0.376615507537188,0.153785205811298,-0.311451533894096
3515625,0.141737109806073,-0.372236143379655,0.123571116503424,-0.328911235856004
3531250,0.129957781046487,-0.367886808256499,0.130145007979592,-0.293861321578139
3546875,0.118922259849356,-0.363606170343212,0.157813777324516,-0.342577480963927
3562500,0.108561177080293,-0.359424833889226,0.0285221442247404,-0.348004022233518
3578125,0.0988105605978824,-0.355366784992463,0.0873807480111144,-0.395714362912178
3593750,0.0896115075475315,-0.35145059274214,0.147583477438265,-0.422320671538882
3609375,0.0809098187180769,-0.347690403383661,0.0923598390572505,-0.234625322716591
3625000,0.0726556174759249,-0.344096760516323,0.0549142918147242,-0.360440039556668
3640625,0.0648029685424906,-0.3406772797624,-0.0781511503606323,-0.476558995925133
3656250,0.0573095066110608,-0.337437202092365,0.179112399633042,-0.173622902447575
3671875,0.0501360810126238,-0.334379846171214,0.0397907761320444,-0.156969235333868
3687500,0.0432464199547136,-0.331506976740783,-0.0602474570425771,-0.284189243653489
3703125,0.0366068159824923,-0.328819103162177,0.114964170588573,-0.310394405755999
3718750,0.0301858330287486,-0.326315719775829,0.20623738265541,-0.398555076814078
3734375,0.0239540345664159,-0.323995497647858,0.0929370020584613,-0.255325720351031
3750000,0.017883731833214,-0.32185643551075,-0.0800000524939194,-0.32426693658467
3765625,0.0119487507748717,-0.319895976225514,-0.0653739028744802,-0.329526981495439
3781250,0.00612421618691241,-0.318111093846776,0.0509791095595794,-0.472964352513023
3796875,0.000386351479217215,-0.316498355321757,0.0341890362879284,-0.373859977833709
3812500,-0.00528770749000682,-0.315053959963836,0.0224379108017073,-0.326060436691892
3828125,-0.0109200859859762,-0.313773759081105,0.058886202948171,-0.0589723503313115
3843750,-0.0165323327304169,-0.312653257484412,-0.0092004474942707,-0.339344656514149
3859375,-0.0221455721997193,-0.311687598025762,0.000976985361619402,-0.307127015406611
3875000,-0.0277806479116622,-0.310871529808474,0.00262657217902118,-0.35033225144359
3890625,-0.0334582575160507,-0.310199360249734,-0.0962905375973865,-0.307673815099576
3906250,-0.0391990802656934,-0.309664890751771,-0.100333989715708,-0.201569022561718
3921875,-0.0450238971685952,-0.309261335339851,-0.0268621823228249,-0.294838274602261
3937500,-0.0509537038015874,-0.308981221246513,-0.11987353996563,-0.354606551110599
3953125,-0.0570098153882536,-0.308816270057275,-0.072239789327077,-0.387943889088562
3968750,-0.0632139632956776,-0.308757257682293,-0.104545436719859,-0.48015198136712
3984375,-0.0695883815674184,-0.308793851083442,-0.0132223496489266,-0.0649888761710719
4000000,-0.0761558814633867,-0.308914419374294,-0.115882967547637,-0.251351636667903
4015625,-0.0829399111963037,-0.309105816634921,0.0628451226371966,-0.358285155276011
4031250,-0.0899645971112135,-0.309353133565654,-0.281682241973007,-0.289602583170867
4046875,-0.0972547614181291,-0.309639414975897,-0.0249171640931731,-0.285314544501399
4062500,-0.104835910225101,-0.309945340111283,-0.229352686678307,-0.396653223984429
4078125,-0.11273418399665,-0.310248863028125,-0.167406613539819,-0.352891669640486
4093750,-0.120976260650444,-0.310524810713628,-0.276330268147789,-0.499044535499656
4109375,-0.129589199281757,-0.310744437537119,-0.140237310929425,-0.323816883839178
4125000,-0.13860020996572,-0.31087493604864,-0.115529345812897,-0.236146998173252
4140625,-0.148036332255898,-0.31087890630329,-0.0554304932489226,-0.227100343991492
4156250,-0.157924001944817,-0.310713789013625,-0.198383520042768,-0.51873210384954
4171875,-0.168288482519064,-0.31033127219433,-0.0645582454573241,-0.388138542861401
4187500,-0.179153134772722,-0.309676686880358,-0.210827834365608,-0.281537550331172
4203125,-0.190538495626005,-0.308688415312988,-0.238182572296041,-0.326449107234312
4218750,-0.202461135912219,-0.30729734503067,-0.234119101911398,-0.293886467773382
4234375,-0.214932267572952,-0.305426414836734,-0.209442444042441,-0.374963733465654
4250000,-0.227956074464147,-0.302990313742199,-0.222892102581528,-0.325689569844082
4265625,-0.241527749279291,-0.299895411485238,-0.237960541763805,-0.182869136928781
4281250,-0.255631233713206,-0.296040018380932,-0.336100000142914,-0.217613870078125
4296875,-0.270236681916558,-0.291315091550692,-0.29156842091533,-0.274465759804539
4312500,-0.285297700514905,-0.285605521436841,-0.327889852527472,-0.226799880842667
4328125,-0.300748463537403,-0.278792142969296,-0.30444863083637,-0.156018229342361
4343750,-0.316500857947605,-0.270754614307001,-0.249990066206886,-0.2820780643797
4359375,-0.332441883436578,-0.261375285742974,-0.416919716049314,-0.414713875088391
4375000,-0.348431603807288,-0.250544134260019,-0.317069497053696,-0.289343391581705
4390625,-0.364302017282752,-0.238164757904125,-0.463535894356673,-0.114679463083072
4406250,-0.379857264829545,-0.224161303845571,-0.459739466862271,-0.136613212021105
4421875,-0.39487560961632,-0.208486045835175,-0.280337130049001,-0.233049605506876
4437500,-0.409113574792818,-0.191127141352802,-0.47454068270843,-0.168160886444344
4453125,-0.42231250056179,-0.172115909231928,-0.454726950776635,-0.0473349218121825
4468750,-0.434207563788808,-0.151532811294811,-0.421479289371425,-0.0510815739065287
4484375,-0.444539000485872,-0.129511242553602,-0.542048281330735,-0.178159763556971
4500000,-0.453064914399459,-0.10623828027508,-0.4766358016211,-0.065780016220565
4515625,-0.459574701062526,-0.0819517453071598,-0.653316228625115,-0.147007645167225
4531250,-0.46390184273809,-0.0569332924241924,-0.448187666743978,-0.0826179129358641
4546875,-0.465934714347017,-0.0314977317636246,-0.406012767372338,-0.00815434286672567
4562500,-0.465624140182071,-0.00597931100078648,-0.53840693871586,-0.108847623924612
4578125,-0.462986767260157,0.0192838483109837,-0.401742039511368,0.0574232109909963
4593750,-0.45810382809328,0.0439656711670772,-0.349167248624473,0.0849461785525488
4609375,-0.451115458191661,0.0677668603943048,-0.473126179891528,0.081856924412779
4625000,-0.442211291877065,0.0904270885178249,-0.455859587911823,0.176318199991814
4640625,-0.431618474208779,0.11173370019288,-0.600477843848279,-0.0114974087673595
4656250,-0.419588428059313,0.131526486758991,-0.379615937158691,0.133161589415642
4671875,-0.406383690776224,0.149698608425147,-0.524303905954231,0.16902581616646
4687500,-0.39226592349763,0.166194162395625,-0.317674182585882,0.130376500938564
4703125,-0.377485869820372,0.18100317002997,-0.529088229051001,0.212436932274985
4718750,-0.362275678898481,0.194154868809602,-0.283136436441896,0.148598519317287
4734375,-0.346843678058245,0.205710166805817,-0.345025151171308,0.376051428147972
4750000,-0.331371424131795,0.215753990532692,-0.396973407580332,0.161842156595974
4765625,-0.316012697306192,0.224388078769316,-0.344025314934506,0.235250351955664
4781250,-0.300894021884828,0.231724586114327,-0.220988387109351,0.130445387285626
4796875,-0.286116287858415,0.237880689502474,-0.373163947884987,0.191324301395376
4812500,-0.271757083738999,0.242974254394102,-0.196529869725536,0.305244631800636
4828125,-0.257873413878869,0.247120519702878,-0.23089507838326,0.297513175663947
4843750,-0.244504545798009,0.250429699237955,-0.235021975216989,0.318766796073859
4859375,-0.231674803377723,0.253005366033863,-0.299351930096574,0.294703187772223
4875000,-0.219396183442831,0.254943476652683,-0.0491034633955261,0.351607970480951
4890625,-0.207670723303147,0.256331897993378,-0.268324845451467,0.175702345483821
4906250,-0.196492584864671,0.257250313221177,-0.146799393184156,0.292452031897141
4921875,-0.18584984806062,0.257770401557913,-0.0973739348049969,0.289348789921284
4937500,-0.175726024404535,0.257956205723718,-0.132808155028814,0.173414448578206
4953125,-0.166101312419937,0.257864618857674,-0.203188940913959,0.224450797740882
4968750,-0.156953622408417,0.257545938730641,-0.272396961260279,0.355291178038566
4984375,-0.148259400056282,0.257044450575648,-0.202477541117329,0.258608581264205
5000000,-0.139994278000649,0.256399010868846,-0.132178296880177,0.351455466571976
5015625,-0.132133582622325,0.255643613089633,-0.00422971031643453,0.283691854473125
5031250,-0.124652720682965,0.254807923172176,-0.2600386321216,0.236866550701922
5046875,-0.117527467442544,0.253917777365466,-0.147281622736424,0.213783023494412
5062500,-0.110734174882562,0.252995638868192,-0.105080039063185,0.142785801143141
5078125,-0.104249915804646,0.252061012187654,-0.137653429146591,0.219109994500326
5093750,-0.0980525769737748,0.25113081593567,-0.331252719997986,0.242685910193358
5109375,-0.0921209121750176,0.250219715922003,-0.0804121138761695,0.229594992055567
5125000,-0.0864345640610786,0.249340421099743,-0.0657435654186273,0.231296904584428
5140625,-0.0809740619719015,0.24850394528403,-0.0185375760049749,0.291447044768755
5156250,-0.0757208014821423,0.247719837702877,-0.0911123571817637,0.27422592923994
5171875,-0.0706570102468393,0.246996385419584,0.0199540430757573,0.390613462078515
5187500,-0.0657657037382659,0.246340790544417,-0.164197075684789,0.249532934856834
5203125,-0.061030633666917,0.245759324968033,-0.314632726806654,0.335840204237135
5218750,-0.0564362312286288,0.245257465128398,-0.00645130817901913,0.347181481237437
5234375,-0.0519675467927258,0.244840009086042,-0.152939525629961,0.246440134635763
5250000,-0.0476101872209473,0.244511177942339,-0.185289162600597,0.179712171228142
5265625,-0.0433502516650244,0.244274703400483,-0.0927159931767989,0.211896467368688
5281250,-0.0391742664163372,0.244133903043909,-0.0414831573018053,0.211810039827836
5296875,-0.0350691191609134,0.244091744694548,-0.0735003587884859,0.0916163255056957
5312500,-0.0310219928162508,0.24415090101446,0.00542179211697701,0.275107057968158
5328125,-0.0270202989840905,0.244313795328602,-0.0814434461694176,0.189582829354286
5343750,-0.0230516109380554,0.244582639472649,-0.105682851936095,0.196820435624697
5359375,-0.0191035959711337,0.244959464306027,-0.098039848312496,0.224963706448795
5375000,-0.0151639468506039,0.245446143374546,-0.0437504825928715,0.226985187475725
5390625,-0.0112203120634914,0.246044410056703,0.0343715465214886,0.057923949879481
5406250,-0.00726022448117188,0.246755868380072,0.000623401092585822,0.305898035834473
5421875,-0.00327102802522377,0.247581997546232,0.0438031489206014,0.312530458108477
5437500,0.000760198123303383,0.248524150051246,0.12356837766038,0.340873686039607
5453125,0.00484671826307009,0.249583543130032,0.0838732756722741,0.211775325865367
5468750,0.00900222238015164,0.250761243083522,0.0614365271192993,0.186224207696648
5484375,0.0132409123659839,0.252058141862655,0.0358367071888785,0.0325441083385848
5500000,0.0175775928008197,0.253474925078581,-0.0444821780390646,0.302182611715363
5515625,0.0220277668609082,0.255012030378404,0.103520068181237,0.283229563098674
5531250,0.0266077378961844,0.256669594864598,0.0745506554648788,0.147429602349196
5546875,0.0313347171942148,0.258447389937144,-0.00727225928425247,0.211010556688854
5562500,0.0362269383882994,0.260344741593046,0.0358393181509783,0.317523661702515
5578125,0.0413037788732773,0.262360433820037,0.0764040835841998,0.262370609772332
5593750,0.0465858884489581,0.264492592260937,0.00988247864947624,0.250410647180935
5609375,0.0520953252012831,0.266738544792809,0.0763152064133318,0.166795365602728
5625000,0.0578556983332955,0.269094655050967,0.128366472887715,0.222000884043753
5640625,0.0638923172430798,0.27155612422245,0.0207478989571721,0.285589789500249
5656250,0.0702323455771353,0.274116755628649,-0.0232727792088087,0.282851406552604
5671875,0.0769049582175686,0.276768675706742,0.0298087511193907,0.280815166415296
5687500,0.0839414981297785,0.279502003984197,0.135772043467789,0.410181725967977
5703125,0.0913756286272433,0.282304463527777,-0.0456339252469871,0.405728302172972
5718750,0.0992434748062046,0.285160922160076,0.0566555752073908,0.339410365341678
5734375,0.107583745546812,0.288052853515176,0.209871700750521,0.254893524173887
5750000,0.11643782442479,0.290957705824484,0.10676719721509,0.214181868920321
5765625,0.125849813956801,0.293848165303807,-0.0601215182359432,0.184533406678113
5781250,0.135866512614294,0.296691300338418,0.10057424004405,0.307316989350723
5796875,0.146537297763214,0.299447572611367,0.196668309591379,0.352428306041041
5812500,0.157913879889529,0.302069702295113,0.27665090400209,0.396602350302115
5828125,0.170049883939901,0.304501377000904,0.194335590676678,0.38986371005724
5843750,0.183000202193925,0.306675799149019,0.271088572683771,0.345974794543828
5859375,0.196820049784015,0.308514074859078,0.106339340457754,0.450370744756719
5875000,0.211563639055191,0.309923460769548,0.316766954172091,0.347686042163425
5890625,0.227282373129918,0.310795505153249,0.22079360450039,0.278688230438136
5906250,0.244022443760451,0.311004148428927,0.178300678614267,0.342515638259393
5921875,0.261821706351053,0.310403888042858,0.338551972065775,0.280370367257149
5937500,0.280705700003151,0.30882816601816,0.285706064819607,0.398760340814863
5953125,0.300682688726367,0.306088205908628,0.294955871865868,0.319451982157374
5968750,0.321737630231415,0.301972609456016,0.329581274342152,0.323624915742895
5984375,0.343825042327923,0.296248118691208,0.338075968409593,0.16147309851529
6000000,0.366860847413768,0.288662047803955,0.340070638580035,0.228740770674324
6015625,0.390713446750607,0.278946973822513,0.426633305025169,0.151678102810513
6031250,0.415194518548962,0.26682831792689,0.361458019538222,0.175956806925422
6046875,0.440050347519802,0.252035409382094,0.51020467328501,0.28969917211963
6062500,0.464954858819056,0.23431645012925,0.463352151965487,0.175658098670798
6078125,0.489505895313928,0.213457435908385,0.480942974848421,0.221556864574455
6093750,0.513226552453089,0.189304500269989,0.575219013213608,0.248564359878128
6109375,0.53557343794708,0.161788334689306,0.52190933940385,0.290367248826557
6125000,0.555953400876728,0.130948381521682,0.512014854112323,0.0918086426968846
6140625,0.573749448453265,0.0969535798543179,0.532929607308397,0.0427208632511798
6156250,0.588355206357861,0.0601158501799592,0.726312250662633,0.0173127491809555
6171875,0.599215520708122,0.0208925588526481,0.70732487490742,-0.0214719662633177
6187500,0.605868998339346,-0.0201248375999737,0.743446986220348,-0.000237969361711026
6203125,0.607986955040151,-0.0622368686264647,0.677530136372117,-0.0469627020173092
6218750,0.605402917894571,-0.104675197188201,0.616407991819507,0.0231602345714464
6234375,0.598127824683125,-0.146650595402762,0.574369238538543,-0.253312907131633
6250000,0.586348294470272,-0.187403610454313,0.569381888566355,-0.182479079781732
6265625,0.570408283534721,-0.226251187130599,0.56142556668933,-0.285448081398609
6281250,0.550777292893482,-0.262623412032985,0.531039080376013,-0.290163910045107
6296875,0.528010295834627,-0.296086641851829,0.569566626104417,-0.275165683792019
6312500,0.502705266747403,-0.326351919874126,0.547970237568634,-0.271539305783977
6328125,0.475463625125941,-0.353270035456406,0.416708320576618,-0.341244928556211
6343750,0.446857440762212,-0.376816293828057,0.421589741994684,-0.433318430593551
6359375,0.417405420854239,-0.397068821223635,0.463552385418396,-0.284034669369078
6375000,0.38755800778986,-0.414184126728672,0.316049609374227,-0.398633776917823
6390625,0.357690664632669,-0.428372958292958,0.470946818202226,-0.396384771817366
6406250,0.328103712424879,-0.439878549980027,0.185129674798157,-0.526113424842395
6421875,0.299026850809414,-0.448958424064752,0.250773601742233,-0.602514586495352
6437500,0.270626603213948,-0.455870144951417,0.254112723912714,-0.420209441697388
6453125,0.243015229262747,-0.460860883526901,0.185076480735383,-0.522330609434849
6468750,0.216260016667936,-0.464160332776475,0.213957134613944,-0.426532153247653
6484375,0.190392220445623,-0.46597637444319,0.0924686664486953,-0.517656761722689
6500000,0.165415215521114,-0.466492877968596,0.246088358466186,-0.46988014775994
6515625,0.141311654921351,-0.465869067603567,0.216142278885685,-0.469928707544876
6531250,0.118049582610593,-0.464239983598367,0.125675803184499,-0.485676355395035
6546875,0.0955875489158494,-0.461717663315542,-0.0578077044185906,-0.403914873827926
6562500,0.0738788312055512,-0.458392762926919,0.149678248706166,-0.573124989359
6578125,0.052874885948907,-0.454336422611703,0.083610786976135,-0.43356871803474
6593750,0.0325281610701638,-0.449602245322586,-0.0261806502261489,-0.445124589619735
6609375,0.0127943875336671,-0.444228311480727,0.13006269879763,-0.444513119005008
6625000,-0.00636554813396994,-0.438239190975876,-0.130953284969127,-0.447704309834833
6640625,-0.0249840695400898,-0.43164794156625,0.0409262584020106,-0.523405064654046
6656250,-0.0430856557269294,-0.424458101062186,-0.116737945035598,-0.434793573274984
6671875,-0.0606858296707957,-0.416665691049346,-0.12749668331951,-0.499308201528233
6687500,-0.077790374833396,-0.408261253453777,-0.00186544595995809,-0.288841489296199
6703125,-0.0943947841710124,-0.39923193869895,-0.159833828807194,-0.345443456118832
6718750,-0.110483963024673,-0.389563656046645,-0.18815682989316,-0.383295416015686
6734375,-0.126032220773223,-0.379243283392331,0.0426627192467313,-0.348466987520692
6750000,-0.141003594764145,-0.368260915917276,-0.182312823474968,-0.401276552303429
6765625,-0.155352552397983,-0.356612111601166,-0.253818861398928,-0.502480745470617
6781250,-0.16902511188724,-0.344300068295963,-0.0790466912959491,-0.504025502295982
6796875,-0.181960407995793,-0.331337644212413,-0.150480441604261,-0.25787188832269
6812500,-0.194092705539781,-0.317749114352692,-0.191335321496378,-0.297225433741549
6828125,-0.20535383126047,-0.303571543217554,-0.169466110714167,-0.285204002526797
6843750,-0.215675956000271,-0.28885565265856,-0.306071175242853,-0.277598975071494
6859375,-0.224994617687064,-0.27366607605587,-0.200810904835362,-0.287112144214197
6875000,-0.233251836673565,-0.258080917696519,-0.170793619936093,-0.285680212147742
6890625,-0.240399144570754,-0.242190578781801,-0.210372132526884,-0.243571002645891
6906250,-0.246400331833012,-0.226095865777223,-0.170797210377561,-0.166929709436472
6921875,-0.251233722647823,-0.209905457136323,-0.361645816180958,-0.311098469364442
6937500,-0.254893810294045,-0.19373286316558,-0.329077710625758,-0.160180624886486
6953125,-0.257392130873559,-0.177693062649333,-0.233529602372416,-0.108049539179999
6968750,-0.258757313524963,-0.161899031409343,-0.177360715782023,-0.158084143092458
6984375,-0.2590343133914,-0.14645838724859,-0.413103692815964,-0.259323103186504
7000000,-0.258282900736904,-0.131470361250894,-0.277510988138483,-0.202793694892508
7015625,-0.256575536909656,-0.117023269532292,-0.313116713120098,-0.0504574609071987
7031250,-0.253994808437621,-0.103192607910703,-0.242299450616402,-0.0658008881197066
7046875,-0.250630610563303,-0.0900398322713468,-0.328058740705235,-0.160754511846209
7062500,-0.246577270604965,-0.077611827825553,-0.313816243406898,-0.225992804750934
7078125,-0.241930782423925,-0.0659410181321869,-0.278401293849597,-0.0686175111084632
7093750,-0.236786290926656,-0.05504602471357,-0.259315799605046,-0.0836933443296076
7109375,-0.231235925868906,-0.0449327628108722,-0.222518227527014,-0.00116727895797307
7125000,-0.225367043020066,-0.0355958482781035,-0.273883105561962,-0.0418076304183448
7140625,-0.2192608927168,-0.027020192876095,-0.296061325606511,0.0391665569471522
7156250,-0.212991704208537,-0.0191826771965671,-0.330408409353518,0.0478687615409941
7171875,-0.206626150609465,-0.0120538086096607,-0.212661481090953,-0.0495702560776641
7187500,-0.200223143977275,-0.00559929267315224,-0.0716398904973298,-0.000272606627695999
7203125,-0.193833902278583,0.00021853235112558,-0.236081871085716,-0.0101047015368412
7218750,-0.187502228409848,0.00543942880711697,-0.226677986256621,0.0624713849868264
7234375,-0.181264944414019,0.010104175254009,-0.180868434460087,-0.0834250552900071
7250000,-0.17515242999399,0.0142536658597082,-0.110963856391455,-0.036084622277541
7265625,-0.169189222007672,0.0179281855534382,-0.235753698348892,0.028748773723593
7281250,-0.16339463975974,0.0211668465612031,-0.178278275288495,-0.00215363140807523
7296875,-0.157783408811011,0.0240071682529087,-0.110757684751895,0.0628862889854898
7312500,-0.152366263214441,0.0264847806262309,-0.0658941500071525,-0.0107232948683831
7328125,-0.147150512290583,0.0286332316908881,-0.0103377808922022,0.0625815092551097
7343750,-0.14214056317882,0.0304838800121557,-0.205157732318992,0.198511378307386
7359375,-0.137338394464429,0.0320658553236764,-0.234041525616856,0.241859030610874
7375000,-0.132743979277839,0.0334060721159825,-0.226271755466062,-0.0803895962565975
7390625,-0.128355658521053,0.0345292832207766,-0.0567516993212729,-0.0413460195310646
7406250,-0.12417046643938,0.0354581624851136,-0.294485272362707,0.0147254250368248
7421875,-0.120184411763476,0.0362134075645317,-0.0464847096292858,0.189710139906047
7437500,-0.1163927182233,0.0368138556037213,-0.131366209241742,0.127937420717446
7453125,-0.112790028491,0.0372766060927639,-0.113630858070105,0.132643324809051
7468750,-0.109370575634191,0.0376171464832357,-0.100317611193743,0.050546922802578
7484375,-0.106128326026822,0.0378494772321807,-0.22871215292753,0.0281648839435247
7500000,-0.10305709742825,0.0379862338318342,-0.0307753718639135,0.104443203856939
7515625,-0.100150655644605,0.0380388041015783,-0.0319669357494828,0.169305533156467
7531250,-0.0974027928612103,0.0380174395896263,0.00882655348375246,0.0570606067615312
7546875,-0.0948073904027363,0.0379313603783031,0.0735592646913031,0.106230829915156
7562500,-0.0923584683539394,0.0377888529297312,-0.212808740532297,-0.0119816179182401
7578125,-0.0900502241678169,0.0375973608671349,-0.0797313115188435,0.0158599201510314
7593750,-0.0878770621055058,0.0373635687772564,-0.10262206049254,0.0193065540419941
7609375,-0.085833615096012,0.0370934792554991,-0.0370708045417303,0.0868390621636279
7625000,-0.083914760374702,0.0367924835090426,-0.1707472124469,0.16429498376992
7640625,-0.0821156300568451,0.0364654258939324,-0.145265694542033,0.0143920781158083
7656250,-0.0804316176249628,0.0361166627978678,-0.0950396186823012,-0.0606603365324115
7671875,-0.0788583811544243,0.0357501162973685,-0.0644014580577632,-0.108526151226132
7687500,-0.0773918439684423,0.0353693230212451,-0.057611223756605,0.0631503829173447
7703125,-0.076028193299176,0.0349774786457119,-0.0894403841165183,0.220165750625409
7718750,-0.0747638774337826,0.0345774784332147,-0.0680437263946306,-0.0122292869414161
7734375,-0.0735956017409675,0.0341719542093899,0.0245506622979403,0.0415402895763939
7750000,-0.0725203239028588,0.0337633081524024,-0.120150746216114,0.0301119928504464
7765625,-0.0715352486171664,0.0333537437475276,-0.0639523353198896,0.0829049219770456
7781250,-0.0706378219839719,0.0329452942382995,0.057335453690259,0.0610435035810783
7796875,-0.0698257257487308,0.0325398488845353,-0.10709064199208,0.0504856908036586
7812500,-0.0690968715369029,0.0321391773176256,-0.0599105409866045,0.0965053647861238
7828125,-0.0684493951849613,0.0317449522649585,-0.14137909981268,0.0883730128096808
7843750,-0.067881651246405,0.0313587708985147,-0.0586314322273008,-0.0187517389355155
7859375,-0.0673922077289471,0.0309821750476263,-0.0770792123546104,0.119493781741155
7875000,-0.066979841099537,0.0306166705027233,-0.14478817155241,0.0314934791359477
7890625,-0.0666435315766158,0.0302637456256454,-0.0907726815793925,0.0572078829845826
7906250,-0.0663824587134063,0.0299248894727132,-0.00410659948050457,-0.0144130959467134
7921875,-0.0661959972615547,0.029601609629226,-0.0173855316609297,0.0620121969544877
7937500,-0.0660837132905545,0.0292954499483141,-0.0410192646853676,-0.0230548461694037
7953125,-0.0660453605246332,0.0290080083830124,0.0938283517236723,0.0445460638029337
7968750,-0.0660808768446865,0.0287409550979746,0.112001199884832,0.00387469441217471
7984375,-0.0661903808879614,0.0284960510462599,-0.168108882850294,0.108897837667145
8000000,-0.0663741686620574,0.0282751671969716,-0.0059122634241722,0.0216700898403529
8015625,-0.0666327100719511,0.028080304601017,-0.0869381038555682,-0.082271960518509
8031250,-0.0669666452386699,0.0279136154846951,-0.0532777541462796,0.0591396722570203
8046875,-0.0673767804654111,0.0277774255639175,-0.0596662022720459,0.0963898846498904
8062500,-0.0678640836807688,0.0276742577753078,-0.179323289042996,-0.00683739378925587
8078125,-0.0684296791586768,0.0276068576237906,-0.074954260004654,-0.0155371579982788
8093750,-0.0690748412800659,0.0275782203490608,-0.011398347007107,-0.0493850135759368
8109375,-0.069800987061363,0.0275916201148403,0.0194113856826968,-0.00654425044792481
8125000,-0.0706096671290873,0.0276506414242926,-0.061135187835731,0.100801968193571
8140625,-0.0715025547671701,0.0277592129613468,0.0408008771650128,-0.053212266125486
8156250,-0.0724814326034249,0.0279216440496775,-0.0619193827607891,0.0587431172760189
8171875,-0.0735481764330707,0.0281426639071899,0.113962234091198,0.0163808314016613
8187500,-0.0747047355996055,0.0284274638520659,-0.00543051328743763,0.0362956785733632
8203125,-0.0759531092660321,0.0287817425844145,-0.168652552926701,-0.0355665899916699
8218750,-0.0772953178119957,0.0292117546224841,-0.00323002353730806,0.158108479651585
8234375,-0.0787333684846418,0.0297243619107671,-0.100588369663682,-0.010117105217884
8250000,-0.0802692143132477,0.0303270885351041,-0.0987255968687686,-0.138207631843794
8265625,-0.0819047051707815,0.0310281783722655,0.0181060622593788,-0.0591139642228721
8281250,-0.083641529731291,0.0318366553628849,-0.0337459993749764,0.0405599458401607
8296875,-0.08548114693332,0.0327623859206832,-0.109505274323824,0.0750645383098578
8312500,-0.0874247054208608,0.0338161427705734,0.00868686626344138,0.0410414868099609
8328125,-0.0894729493011313,0.0350096692357391,-0.0825842663477968,0.0360574755203663
8343750,-0.091626108441675,0.0363557426609525,-0.0935005048917887,-0.0643129149789335
8359375,-0.0938837714400467,0.0378682352581564,-0.0179171543068124,-0.0530049137315053
8375000,-0.0962447393535571,0.039562170183059,-0.124670401869558,0.0094401392194919
8390625,-0.0987068582945978,0.0414537700921517,-0.196996753113736,-0.0234909058599265
8406250,-0.101266829104433,0.043560494784861,-0.119713791166583,0.120539271032181
8421875,-0.103919992546153,0.0459010638066149,-0.0986968719840126,0.0451885802977182
8437500,-0.106660088842524,0.0484954590833474,-0.16439782530084,0.119028520581181
8453125,-0.109478990969065,0.0513649017935547,-0.189849478044964,-0.0161015901287234
8468750,-0.112366411943256,0.0545317967905977,-0.0075348716546975,0.117716719317612
8484375,-0.115309587475788,0.0580196370119022,-0.14365309080484,0.0418364503262392
8500000,-0.118292936815553,0.061852859519975,-0.108949157814155,-0.0652196014658467
8515625,-0.121297706465046,0.0660566442036106,-0.100551219399954,-0.00900688722254806
8531250,-0.124301603689107,0.0706566458437699,-0.100044057213615,0.13175641559871
8546875,-0.127278429382344,0.0756786503621934,-0.129970998012922,0.0880868127315847
8562500,-0.130197722853008,0.0811481467906832,-0.0990512338907763,0.14724372878851
8578125,-0.133024434321543,0.0870898080107519,-0.0531504530537091,0.0903791633352039
8593750,-0.135718644246514,0.0935268758033104,-0.205394360039338,0.0143678137528107
8609375,-0.138235351719917,0.10048044938122,-0.222781946714444,0.176125036485727
8625000,-0.140524356766412,0.107968681463157,-0.137988672537738,0.034923345284822
8640625,-0.14253026299604,0.116005892098866,-0.187762996570797,0.253074232132258
8656250,-0.144192627188803,0.124601617742746,-0.284832340308063,0.145155827400414
8671875,-0.14544628049713,0.133759621173886,-0.21055681673316,0.094544495127328
8687500,-0.146221841546678,0.143476896227628,-0.232914328350186,0.159723828869855
8703125,-0.146446434440144,0.153742709147395,-0.191754938707368,0.0803662908075349
8718750,-0.146044614412453,0.164537724679912,-0.0644171543901319,0.213910933087905
8734375,-0.144939490898198,0.175833268674519,-0.0741838931870527,0.330476323809668
8750000,-0.143054022754684,0.187590778750651,-0.210649709121038,0.286059940078346
8765625,-0.140312444531495,0.199761489584703,-0.11902957486564,0.160344275399143
8781250,-0.136641767640105,0.212286388948263,-0.273271039995731,0.17471637736706
8796875,-0.131973288021918,0.225096464818009,-0.213644755959394,0.145509497395763
8812500,-0.126244024483128,0.238113243448218,-0.120985274798969,0.286002627105736
8828125,-0.119398011061441,0.251249594836854,-0.095491951500361,0.250383743437782
8843750,-0.111387373829841,0.264410757829546,-0.116825737985724,0.278598572049236
8859375,-0.102173137764284,0.277495514964574,-0.248786696940822,0.25977349289785
8875000,-0.0917257319925991,0.290397429929569,-0.133163927513192,0.402454956259448
8890625,-0.0800251901466772,0.303006050697376,-0.0785326373034889,0.353022261994457
8906250,-0.0670610740668128,0.315207980812439,-0.0656620448938333,0.245909679777347
8921875,-0.0528321806916598,0.326887730674884,0.0851509914775929,0.380357085913068
8937500,-0.0373461205201365,0.337928279693367,0.0943724843153979,0.37628232305125
8953125,-0.0206188788577423,0.348211307574851,-0.12370758011129,0.288543053619281
8968750,-0.00267448615165069,0.3576170868736,0.0348450713370729,0.420784997118664
8984375,0.0164550701513136,0.366024067070648,-0.054401822143454,0.366753901552715
9000000,0.0367295631945433,0.373308220860135,0.035492312575357,0.377040669460581
9015625,0.0580997578814788,0.379342264298074,0.0554470352857729,0.343880698175283
9031250,0.0805060629501645,0.383994902713883,0.0040742622520399,0.350195074860841
9046875,0.10387654521194,0.38713029261651,-0.00295740965222822,0.37374538144669
9062500,0.128124293276283,0.388607944699067,0.195309632727391,0.334471046459556
9078125,0.1531441782899,0.388283321846383,0.163281577625819,0.287634215471504
9093750,0.178809135753835,0.38600940431064,0.156279750930463,0.290905661300656
9109375,0.204966186713083,0.381639494923347,0.265152987666601,0.419788249828678
9125000,0.231432527493415,0.375031510472683,0.250356269973653,0.423303408532965
9140625,0.25799213909876,0.36605393890903,0.325014534763427,0.327622418822334
9156250,0.284393487859467,0.35459352289865,0.253363256182598,0.328413349850926
9171875,0.310348986512989,0.340564548273829,0.221737972568805,0.401658176793821
9187500,0.335536928853666,0.323919369116403,0.40883751719838,0.343882945923469
9203125,0.359606563947506,0.304659502365863,0.464439648665985,0.436756996707927
9218750,0.382186800626444,0.282846307887226,0.281840040196081,0.13756390477633
9234375,0.402898705052124,0.258609992805063,0.489357080490119,0.172902681211944
9250000,0.421371477144846,0.232155519173786,0.429703842458486,0.10245732747654
9265625,0.437261011531947,0.203764034113488,0.374999586512205,0.0921457600479742
9281250,0.450269559309578,0.173788743538349,0.438305766090417,0.215959409585944
9296875,0.460164539688242,0.142644726694103,0.456984231771611,0.16328410910683
9312500,0.466794344136408,0.110792978158321,0.565702687981517,0.128285342154424
9328125,0.470099131552892,0.0787198306270468,0.536189703366214,0.221111985342713
9343750,0.47011515268244,0.0469136707416352,0.516560116465155,0.120623232952351
9359375,0.466971984522816,0.0158413293907539,0.400456256904772,0.123641805338839
9375000,0.460883031034873,-0.0140734123040792,0.471660285252957,0.0151997692731569
9390625,0.452130544471513,-0.0424671250174773,0.404040073401777,-0.00642699917737422
9406250,0.441047055620397,-0.069048459975388,0.557020632769539,-0.0658173204493192
9421875,0.427995363748809,-0.0936037775300081,0.551774474565839,-0.0459900664724932
9437500,0.41334912300791,-0.115996972696566,0.376150673311163,-0.0715043017339915
9453125,0.397475655275725,-0.136164435829292,0.487095435773215,-0.177497480813645
9468750,0.380722053013238,-0.154106463126767,0.35788022279403,-0.186007814125645
9484375,0.363405046374168,-0.169876538078426,0.261232954612164,-0.233561745785062
9500000,0.345804602012103,-0.18356979295602,0.354295820160227,-0.146210846692678
9515625,0.32816085527343,-0.195311708746311,0.432516689901667,-0.121372688872519
9531250,0.310673766264698,-0.205247803224878,0.206761949157964,-0.14507362179341
9546875,0.293504814877568,-0.213534754159688,0.434195888346923,-0.251154869200617
9562500,0.276780074932342,-0.220333148186949,0.243706855919157,-0.183529010174124
9578125,0.260594094572149,-0.225801853586817,0.324749576713137,-0.24785336482661
9593750,0.245014125509532,-0.230093888117452,0.299613328253696,-0.0628411928635204
9609375,0.230084363243029,-0.233353582327413,0.111957725068416,-0.131723771760677
9625000,0.215829968730439,-0.235714811152238,0.142632321316599,-0.261354701074885
9640625,0.20226073172498,-0.237300068571286,0.24096818455229,-0.412675960887268
9656250,0.189374305008422,-0.238220179980774,0.152521893445164,-0.183147233630869
9671875,0.177158988389469,-0.238574475777655,0.162456267838091,-0.218547526209237
9687500,0.165596074545445,-0.238451281232916,0.168153274337881,-0.121499091262715
9703125,0.154661789075334,-0.237928608170347,0.246058393085626,-0.259695014987509
9718750,0.144328867865439,-0.237074961128491,0.182736630297587,-0.249210857654731
9734375,0.134567818932256,-0.235950193662236,0.127647748956947,-0.288034951307003
9750000,0.125347915599213,-0.234606369104698,0.0983695466450299,-0.235934100954684
9765625,0.116637964911154,-0.23308859477074,0.110660924856317,-0.241813383726935
9781250,0.108406890824619,-0.23143580976435,0.0213425179991317,-0.243053725989126
9796875,0.100624166769285,-0.229681514844378,-0.0505612293419853,-0.240097552099483
9812500,0.0932601271929222,-0.227854438779768,0.14869607557167,-0.340451216958922
9828125,0.0862861829987685,-0.225979139798087,0.116238766582528,-0.276544351297189
9843750,0.0796749615307219,-0.224076543532826,0.00197996329094056,-0.198059650980655
9859375,0.073400388029079,-0.222164420658494,0.118735541902016,-0.280914842040209
9875000,0.0674377222762776,-0.220257808446748,-0.0558695348205287,-0.140611866781108
9890625,0.0617635614502533,-0.218369380997341,-0.0445445612067323,-0.101514850363374
9906250,0.0563558179551742,-0.216509773057336,0.00796648645440313,-0.122107820691207
9921875,0.0511936791501033,-0.214687862261758,0.0383730714417491,-0.346351842721034
9937500,0.0462575543893817,-0.212911014396661,-0.0054466363445485,-0.186823076299728
9953125,0.0415290135706286,-0.211185295964403,0.00953977348508626,-0.261622892151194
9968750,0.0369907204091528,-0.209515657964606,-0.0128381560438501,-0.242611926475298
9984375,0.0326263628788509,-0.207906094422906,-0.0820132268957049,-0.176956433261813
10000000,0.0284205826429427,-0.20635977882274,-0.094852440471141,-0.211011441339541
10015625,0.0243589048126852,-0.204879181235539,0.016942164399688,-0.122460969951327
10031250,0.0204276689927732,-0.203466168608878,-0.0304782998364276,-0.0780060665137537
10046875,0.0166139622777138,-0.202122090364085,-0.0282896119523713,-0.116235113170068
10062500,0.0129055546366346,-0.200847851175562,-0.0563402492084409,-0.0948262675886744
10078125,0.00929083695099012,-0.199643972553258,0.0697861949666271,-0.0980596086419274
10093750,0.00575876183914843,-0.198510644625964,0.0142427698231407,-0.13066603399314
10109375,0.00229878730495511,-0.197447769324311,0.0864139908397496,-0.193639381737
10125000,-0.00109917682316474,-0.196454995986295,-0.0997804006004188,-0.297648189278987
10140625,-0.00444481974579185,-0.195531750252449,0.128892950600114,-0.24607565836046
10156250,-0.00774747795550624,-0.194677256980078,0.0530723448231788,-0.333117222336938
10171875,-0.0110161810467336,-0.193890557783974,0.0293381129944489,-0.154663198001848
10187500,-0.0142596952204521,-0.193170523702699,0.0136050495834908,-0.119615979241902
10203125,-0.0174865646342286,-0.192515863392879,-0.00502415494901318,-0.0785176078937641
10218750,-0.0207051507438703,-0.191925127167275,0.0401867857676906,-0.160615052738711
10234375,-0.0239236697732563,-0.191396707114102,-0.0508038886414105,-0.174627118246058
10250000,-0.027150228434263,-0.190928833463753,-0.0232750264201137,-0.172645928244204
10265625,-0.0303928579995686,-0.190519567303603,-0.066624501076706,-0.13761102305544
10281250,-0.0336595468075614,-0.19016678968071,0.0779821187676507,-0.0291780741137552
10296875,-0.036958271250474,-0.189868187075311,-0.0214885109918997,-0.291547591626045
10312500,-0.0402970252638716,-0.189621233174117,0.0342838085517057,-0.0984323243736849
10328125,-0.0436838482971064,-0.189423166821072,-0.0764831965848353,-0.271795405601447
10343750,-0.0471268516995855,-0.189270965974117,-0.103659060798518,-0.238693736198525
10359375,-0.0506342434056499,-0.189161317449329,-0.00549671602167263,-0.0327988688218613
10375000,-0.0542143507403511,-0.189090582188699,-0.0928857363874736,-0.170814261178605
10390625,-0.0578756410979329,-0.189054755745214,-0.108311239909643,-0.156703023886007
10406250,-0.0616267401628265,-0.189049423639285,-0.0769561322183999,-0.236437754997323
10421875,-0.0654764472474725,-0.189069711205281,-0.0310764357658227,-0.196755993069259
10437500,-0.0694337472102297,-0.189110227517407,-0.145647270497416,-0.0496999383786931
10453125,-0.0735078182877406,-0.189165002962716,-0.147186513088666,-0.231251000567279
10468750,-0.0777080350268841,-0.189227420018744,-0.0160860885173894,-0.124858023775147
10484375,-0.0820439653294164,-0.189290136797912,-0.105900834740092,-0.257705676958372
10500000,-0.0865253604249611,-0.189345002945792,-0.208053744200626,-0.190928091430986
10515625,-0.0911621363630079,-0.189382967531815,-0.0291631839319279,-0.11916845085075
10531250,-0.0959643453600535,-0.189393978657462,-0.150589186706976,-0.234186239061849
10546875,-0.100942135053077,-0.189366874638254,-0.038739558816427,-0.212993217080911
10562500,-0.106105693395393,-0.189289266804444,-0.0466781405257127,-0.105542696945099
10578125,-0.11146517658798,-0.189147414225995,-0.0822826661907306,-0.154486396577477
10593750,-0.117030617073732,-0.188926091017718,-0.114154852619134,-0.181680926049122
10609375,-0.122811808242976,-0.188608447340691,-0.111939922546838,-0.221396924171302
10625000,-0.128818162120725,-0.188175865809407,-0.166978047439025,-0.151631053479739
10640625,-0.135058535951429,-0.187607815765614,-0.109413357881697,-0.160464766345199
10656250,-0.14154102329673,-0.186881708816094,-0.0568044646473914,-0.0622340923659092
10671875,-0.148272705059205,-0.185972760178724,-0.0890377301653929,-0.336244184200105
10687500,-0.155259355797807,-0.184853861761828,-0.0141233493457227,-0.228643354685499
10703125,-0.162505100883539,-0.183495474531778,-0.251864461250089,-0.0800913619561958
10718750,-0.170012020550908,-0.181865549605476,-0.282514073105804,-0.151012900272218
10734375,-0.177779697846749,-0.179929489619582,-0.192782319578573,-0.36199992812489
10750000,-0.185804708997831,-0.177650164227681,-0.105960615213314,-0.0666997109802953
10765625,-0.194080056963409,-0.174987995967393,-0.276953582782803,-0.231805229860015
10781250,-0.202594552067806,-0.171901135070576,-0.27049097695326,-0.163174485343565
10796875,-0.211332147773012,-0.168345743837332,-0.298909647786309,-0.205493245924937
10812500,-0.220271244973931,-0.164276412646284,-0.323575590625907,-0.0556887477723127
10828125,-0.229383984735631,-0.159646730120429,-0.19674148154699,-0.327272925781535
10843750,-0.23863555709007,-0.154410028903141,-0.15087384097507,-0.215023315859456
10859375,-0.247983562149775,-0.148520325334995,-0.271883734734802,-0.236165504224819
10875000,-0.257377468932349,-0.141933465431471,-0.142393018895155,-0.263468660031088
10890625,-0.266758226189644,-0.134608480350009,-0.331193490148558,-0.209327787130368
10906250,-0.276058087138819,-0.126509141553921,-0.283250239444827,-0.124611512406451
10921875,-0.285200714908022,-0.117605688978439,-0.249098457750964,-0.0148843882659949
10937500,-0.294101636074739,-0.107876685005773,-0.243831960494916,-0.161750137557305
10953125,-0.302669104106349,-0.0973109239486262,-0.414137687232732,-0.184144897015879
10968750,-0.310805421161159,-0.0859093028211932,-0.323703143744462,-0.198588044624333
10984375,-0.31840874442048,-0.0736865370996701,-0.256629727021166,-0.165262722392596
11000000,-0.325375371671326,-0.0606725883458884,-0.293335738797461,0.0255666481378402
11015625,-0.331602461372039,-0.0469136628122062,-0.413582393761427,-0.148517629574056
11031250,-0.336991097699108,-0.0324726451373311,-0.337284270128139,0.00448532431257907
11046875,-0.341449565597476,-0.0174288517392566,-0.175427614780318,-0.0990959699276454
11062500,-0.344896660533717,-0.00187702551749496,-0.326716933317662,-0.0772983580029904
11078125,-0.347264829009503,0.014074454468325,-0.327287078128264,0.148773283424376
11093750,-0.348502924958959,0.0303061118411464,-0.391710146420373,0.0824331656767734
11109375,-0.348578378146221,0.0466905570035231,-0.363187110640336,-0.0197262785472283
11125000,-0.347478604834891,0.0630961510788186,-0.499953213487607,0.213812962290796
11140625,-0.345211545886178,0.0793909355775304,-0.367923710652438,0.156575919474775
11156250,-0.341805287022673,0.0954465857670436,-0.469351267216355,0.138573448095903
11171875,-0.337306791535712,0.111142143019001,-0.276322299060079,0.0785681349957046
11187500,-0.331779847352377,0.126367304350906,-0.183678974215067,0.290221097795707
11203125,-0.325302388979188,0.141025092373213,-0.333230307116065,0.0632263833298805
11218750,-0.317963393672672,0.155033789045441,-0.294794345400191,0.0575594872321042
11234375,-0.309859567000483,0.168328083370587,-0.297608609257482,0.233313760123067
11250000,-0.301092026232945,0.18085944764859,-0.350267176177854,0.264933674730815
11265625,-0.291763164421146,0.192595811829329,-0.271594556522794,0.208382523517446
11281250,-0.281973839348542,0.203520645970157,-0.294411174302553,0.246347543568071
11296875,-0.271820986345865,0.213631584754701,-0.287500754155074,0.15346128016272
11312500,-0.261395708375218,0.222938736002687,-0.310393050155827,0.296602430152604
11328125,-0.250781855689287,0.231462809566206,-0.227572307133003,0.172705444822071
11343750,-0.24005507393444,0.239233187540695,-0.252526443889389,0.24420895840263
11359375,-0.229282275258765,0.246286035196102,-0.2126593713039,0.304502478312642
11375000,-0.218521471829044,0.252662528011906,-0.198177067556103,0.28818750577602
11390625,-0.207821904146105,0.258407246530709,-0.176732133409218,0.114342454647107
11406250,-0.197224396080009,0.263566769420466,-0.212608004902321,0.245999247962328
11421875,-0.18676187282612,0.268188477307943,-0.0809316150055876,0.386361140566954
11437500,-0.176459985289193,0.272319566064136,-0.161707968210103,0.281097243891557
11453125,-0.166337793265412,0.276006258212976,-0.130201323428915,0.153300759504004
11468750,-0.156408469071113,0.279293194589021,-0.204658017487382,0.225508720352037
11484375,-0.146679992157616,0.282222984704019,-0.101167480564454,0.283473051114202
11500000,-0.13715581325054,0.284835892859019,-0.057373679516034,0.25769343997668
11515625,-0.12783547339875,0.287169637249835,-0.195508156008701,0.313338377284474
11531250,-0.118715168932041,0.289259280626877,-0.0373421430604337,0.205989801050576
11546875,-0.10978825774917,0.291137193050986,-0.000563522238914953,0.463787583505898
11562500,-0.101045705703986,0.292833069599667,-0.022585890910914,0.313944628368246
11578125,-0.0924764742787201,0.294373988279729,-0.200393080327736,0.377869308520996
11593750,-0.0840678523932123,0.295784495726477,0.0371058415969813,0.203909214886045
11609375,-0.0758057362535444,0.297086710412254,-0.0803687866572972,0.14844126234581
11625000,-0.0676748617353829,0.298300434990811,-0.0311633725867442,0.493419142620721
11640625,-0.059658994047839,0.29944327104503,-0.119236045771261,0.275511903580007
11656250,-0.0517410794341147,0.300530730882986,-0.10951752579677,0.210059182810119
11671875,-0.0439033635167821,0.301576342154918,-0.0120093541262975,0.362019346926761
11687500,-0.0361274806522341,0.302591741963306,-0.0337741950012523,0.306300673568679
11703125,-0.0283945183695099,0.303586757835651,-0.017667113148019,0.227829781133324
11718750,-0.0206850606708159,0.304569473451756,-0.0631164788259567,0.220486670780703
11734375,-0.0129792136922823,0.305546277390125,-0.104771029459977,0.411861585417299
11750000,-0.00525661698523744,0.306521893406116,-0.0481685867214548,0.386075981359798
11765625,0.00250355650361883,0.307499390899666,-0.046992357395862,0.366048867364461
11781250,0.010322608786669,0.308480174293192,0.0209111357769494,0.214170659302568
11796875,0.0182223305891789,0.309463950039256,0.0970926542190804,0.150101322222501
11812500,0.0262250175063918,0.310448669930549,0.0911216296512521,0.399280936857967
11828125,0.0343534854047531,0.311430449309517,0.052906688817995,0.3112923239586
11843750,0.0426310816307723,0.31240345869032,0.0788042179908179,0.480587431859706
11859375,0.0510816881870723,0.31335978723306,0.135657169024506,0.41885441694695
11875000,0.0597297124906855,0.314289276474383,-0.0146992758324479,0.307860924002698
11890625,0.0686000606293879,0.315179322750528,0.0614735114882833,0.347679006392556
11906250,0.0777180871631614,0.316014646887139,0.21129623191713,0.389235080724289
11921875,0.0871095144673871,0.316777030023541,0.116218410498723,0.372209079063014
11937500,0.0968003133729667,0.317445014948956,0.0298717397123535,0.264254913500481
11953125,0.106816535425541,0.317993573131797,0.0913414207059388,0.109812643573616
11968750,0.117184085473145,0.318393738815696,0.000839480576052155,0.26616610098725
11984375,0.127928421531274,0.31861221325377,0.0219263286227448,0.421861636639166
12000000,0.139074167029511,0.318610944493224,0.0935334423770946,0.263656309709496
12015625,0.150644618720888,0.31834669126439,0.120309557469274,0.338441752368298
12031250,0.162661131901492,0.317770583645603,0.170222805698486,0.398343468671403
12046875,0.175142363391432,0.316827698447131,0.112894208914056,0.34988812741943
12062500,0.188103352322136,0.315456673847468,0.206048282848593,0.267186469792869
12078125,0.201554419639881,0.313589395839869,0.118453354618573,0.313651387219885
12093750,0.215499870002936,0.311150798524434,0.358866594927778,0.44656959854832
12109375,0.229936485211562,0.308058831060692,0.229362296322723,0.302336904071804
12125000,0.244851807409391,0.304224655762016,0.304798568020968,0.245111887405613
12140625,0.260222224078714,0.299553153565726,0.317440346369479,0.284878848518808
12156250,0.276010886367451,0.293943823629944,0.210871461729382,0.322506454503588
12171875,0.292165518390692,0.287292171113254,0.344348864387797,0.252930110841292
12187500,0.308616208224616,0.279491678559704,0.261412796387602,0.34667900759074
12203125,0.325273310845107,0.270436448267624,0.243186262501132,0.184006022318328
12218750,0.342025637347997,0.260024581532592,0.351021870840885,0.268694835241788
12234375,0.358739149557514,0.248162321591327,0.296335219967782,0.209061451030179
12250000,0.37525641830377,0.234768927058387,0.329162083922873,0.273479309605541
12265625,0.391397128375809,0.219782160223144,0.312835074339861,0.141777260555327
12281250,0.406959912452578,0.203164171893615,0.430235946294914,0.29866529710284
12296875,0.421725758416084,0.184907448854631,0.452518694209704,0.217878725094139
12312500,0.435463149259054,0.165040375137636,0.445365778176733,0.161455096438737
12328125,0.447934957331317,0.143631864247497,0.406511235754757,0.0142201146344089
12343750,0.458906928946843,0.120794470785517,0.35118361510276,0.1984466927078
12359375,0.468157377599164,0.0966854112018899,0.393935812813387,0.112967579004677
12375000,0.475487483499341,0.0715050329931717,0.554600157739598,0.174799087805404
12390625,0.48073141340246,0.0454924741089753,0.337525597247423,0.0381970701719774
12406250,0.483765370311983,0.0189185346702773,0.507914625526048,-0.0813222436780754
12421875,0.484514692647272,-0.00792389478774673,0.411710773143002,0.0711597371844967
12437500,0.482958263016702,-0.0347311930135372,0.417740211632365,-0.0763697034369972
12453125,0.479129747364297,-0.0612012576456687,0.478925362489879,-0.0685383730518614
12468750,0.473115527883999,-0.0870456219248321,0.544139642554305,-0.216081286015473
12484375,0.465049559572518,-0.112000434867437,0.428762224376768,-0.0365964647846642
12500000,0.455105706479436,-0.135835460228377,0.491057401875138,-0.0927708139214117
12515625,0.443488345598637,-0.158360515148184,0.371540486380168,-0.202754129425902
12531250,0.430422132737207,-0.179429088821899,0.503830887004977,-0.274430597642923
12546875,0.416141802535446,-0.198939196959946,0.476818823540326,-0.151331423756297
12562500,0.400882746167755,-0.216831790213622,0.466419131193358,-0.318360323158728
12578125,0.384872913192702,-0.233087213404214,0.385493766879341,-0.167078504655005
12593750,0.368326361181,-0.247720297860499,0.296337994981536,-0.349439334176144
12609375,0.35143856544197,-0.260774670257055,0.386392046727111,-0.342178147440512
12625000,0.334383427305582,-0.272316798669091,0.36865975131954,-0.39769467662769
12640625,0.317311795781928,-0.282430195227451,0.269200480963204,-0.255967169203026
12656250,0.300351245326815,-0.291210078386378,0.207431031548548,-0.268298101299962
12671875,0.283606825227696,-0.298758684854294,0.255698406914895,-0.447519547838589
12687500,0.267162502997086,-0.305181323617016,0.361943502966051,-0.348111333879281
12703125,0.251083053414247,-0.310583188015967,0.247584903349338,-0.332427501566725
12718750,0.235416186011399,-0.315066887583126,0.308309794378966,-0.265197867804143
12734375,0.220194748689561,-0.318730627221616,0.0567233324075248,-0.301179278360714
12750000,0.205438888167057,-0.321666943685722,0.257229597810064,-0.466606201095838
12765625,0.191158085812746,-0.323961904007813,0.154732840416691,-0.266753417073091
12781250,0.17735301860315,-0.325694673640055,0.177897816223968,-0.166714926358222
12796875,0.164017219230426,-0.326937370352855,0.277611436414962,-0.371385934164445
12812500,0.151138527308188,-0.327755130841763,0.412475398670874,-0.294461065043693
12828125,0.138700336098633,-0.328206328750723,0.0922822214953061,-0.300545817401187
12843750,0.126682647271438,-0.328342894251729,0.0812410388482132,-0.430062141870639
12859375,0.115062950924276,-0.32821069574212,0.118886359665577,-0.21240214425774
12875000,0.103816950349205,-0.327849953294196,0.105003079997083,-0.388911018069318
12890625,0.092919151565508,-0.327295661118056,0.139973755461909,-0.358317294557539
12906250,0.0823433370465801,-0.326578002526189,0.0513129196757544,-0.349410133029997
12921875,0.0720629417907744,-0.325722745849023,0.166377227566825,-0.321630949736868
12937500,0.0620513482463322,-0.324751613614378,0.083931721476536,-0.283316525503207
12953125,0.0522821148236569,-0.323682620249888,0.0623208677609956,-0.154073281993409
12968750,0.042729150963787,-0.32253037576745,0.137654033668933,-0.365710748439103
12984375,0.033366850073818,-0.321306354497286,0.149231402324288,-0.284138738705949
13000000,0.0241701901416217,-0.320019129090336,0.00583308417544169,-0.395581291107668
13015625,0.0151148105290477,-0.318674570814652,-0.0311826797099663,-0.430539285884554
13031250,0.00617707232147957,-0.317276017727786,0.0399357887035176,-0.318866978660414
13046875,-0.00266589132351665,-0.315824412689693,-0.0142111241977702,-0.499073068037013
13062500,-0.011436129148151,-0.314318413451645,-0.129744187793829,-0.34175247076966
13078125,-0.0201548250145137,-0.312754477266908,0.11659806994177,-0.371842210720948
13093750,-0.0288422457750291,-0.311126922659987,-0.0816417525956972,-0.199498442098225
13109375,-0.0375176795601099,-0.30942797119747,-0.105695200851351,-0.230631378616444
13125000,-0.0461993605301838,-0.307647772353646,-0.00456075486959436,-0.388130402191569
13140625,-0.0549043763626698,-0.305774414882336,-0.136437741656643,-0.338461446214018
13156250,-0.0636485549420096,-0.303793928513049,-0.171473676775013,-0.445724565720647
13171875,-0.0724463269267355,-0.301690280300743,0.0456294625518595,-0.365993273105829
13187500,-0.0813105611217371,-0.299445370585867,0.0741341644903646,-0.26517370032467
13203125,-0.0902523699314337,-0.297039034270181,-0.103214138463157,-0.239862137031708
13218750,-0.0992808826626222,-0.294449053981632,0.0450997456033847,-0.453120589719258
13234375,-0.108402985143172,-0.291651192674037,-0.0340145963650811,-0.308560321227106
13250000,-0.117623025089274,-0.288619254255482,-0.0857412646292509,-0.279470247664049
13265625,-0.126942483958597,-0.285325181914247,-0.128967199012067,-0.337392829719604
13281250,-0.136359617738871,-0.281739204838735,-0.126815485177545,-0.204116493174386
13296875,-0.145869071304209,-0.277830044903992,-0.200649800904563,-0.324699655598121
13312500,-0.155461473672789,-0.27356519548279,-0.177365343428572,-0.376656480308924
13328125,-0.165123024738756,-0.26891128465687,-0.178034961899981,-0.332199038712141
13343750,-0.174835087803117,-0.263834534540027,-0.234918674818462,-0.316442608484779
13359375,-0.184573806402349,-0.258301326934948,-0.421143037092501,-0.308967309167488
13375000,-0.194309768352817,-0.252278882870262,-0.250598990760546,-0.254600367983908
13390625,-0.204007744309127,-0.24573605945256,-0.0800562376037504,-0.217952831390217
13406250,-0.213626532067442,-0.238644261717152,-0.189846500835793,-0.192094925111827
13421875,-0.223118940794485,-0.230978459665719,-0.0931730490956515,-0.38508069702355
13437500,-0.232431950679775,-0.222718291492798,-0.176634197786914,-0.258109987694846
13453125,-0.241507082469031,-0.21384922340531,-0.202544992404131,-0.169287961752254
13468750,-0.250281007218124,-0.204363724994131,-0.231182418388029,-0.236282878494165
13484375,-0.258686418795612,-0.1942624077109,-0.279420879414209,-0.272880842709074
13500000,-0.266653179793576,-0.183555063843258,-0.321690428818194,0.0287348399105258
13515625,-0.274109735620499,-0.17226153592948,-0.179404373279162,-0.0975119816897404
13531250,-0.28098477223304,-0.160412343387767,-0.193333146617614,-0.107235273200132
13546875,-0.287209071444054,-0.148048995736336,-0.370478161926397,-0.273785780078119
13562500,-0.292717495896476,-0.135223931254467,-0.39686270878672,-0.0561542333874326
13578125,-0.297451016016179,-0.122000036721267,-0.376998609799349,-0.00970789684663621
13593750,-0.30135867621448,-0.108449727489594,-0.23965138693314,-0.0968666928914749
13609375,-0.304399389843565,-0.0946535960726824,-0.258835367488552,-0.0469554354338319
13625000,-0.306543453880054,-0.0806986690913135,-0.232665738774288,-0.131525976869434
13640625,-0.307773685977705,-0.0666763435354322,-0.315663696478885,-0.160497526988458
13656250,-0.30808610802599,-0.0526801002058673,-0.341439128683666,-0.0193100434931946
13671875,-0.307490129905078,-0.0388031115444548,-0.212868784566909,-0.0806314389663191
13687500,-0.306008221737363,-0.0251358703005019,-0.17772612797794,0.0482820678769516
13703125,-0.303675098799483,-0.0117639633868327,-0.256626865208451,0.0155694792845515
13718750,-0.300536476378452,0.00123389784860477,-0.424213592798574,0.0269840450950541
13734375,-0.296647478680695,0.0137875020944934,-0.333404704205706,0.00684946094989966
13750000,-0.292070803876859,0.0258363571779497,-0.381891384455239,0.0841720580977096
13765625,-0.286874755260217,0.0373304752248823,-0.285861918139457,0.210269012773351
13781250,-0.281131246479642,0.0482307261131144,-0.458260891890796,-0.0582313315809756
13796875,-0.274913878257668,0.0585087884807676,-0.445899508488799,0.0453613807683054
13812500,-0.268296167140116,0.0681467486440406,-0.184313698955851,0.0811267228366451
13828125,-0.261349986258307,0.0771364118187426,-0.3011075203599,0.0793956515250919
13843750,-0.254144256390261,0.0854783969239698,-0.269385976415155,0.0481013860807731
13859375,-0.246743904979416,0.0931810866888225,-0.166927481566087,0.291523177257735
13875000,-0.239209092823686,0.100259500047198,-0.344485822521616,0.171789652333356
13890625,-0.231594693852144,0.106734145413417,-0.292693967611956,0.0961506166831653
13906250,-0.223950003125127,0.112629902913038,-0.176486513972982,0.0362369679845698
13921875,-0.216318641802071,0.117974972353963,-0.270803415083304,0.112423324531771
13937500,-0.208738624857052,0.122799912735517,-0.206126858790729,0.181817370777065
13953125,-0.201242557131373,0.127136789160687,-0.261443638800955,0.13410767413072
13968750,-0.193857925178506,0.131018434585986,-0.275171705137904,0.106770287208052
13984375,-0.186607455591645,0.134477827103424,-0.13964655082706,0.222626593026609
14000000,-0.179509514509956,0.137547578391614,-0.149009692593333,-0.00170017159009662
14015625,-0.172578527295967,0.140259525457921,-0.265481822497465,0.101540142345871
14031250,-0.165825401608248,0.142644415603162,-0.0915365550753054,0.115222051696316
14046875,-0.159257941019824,0.144731673426245,-0.208450343652667,0.170218613426783
14062500,-0.15288123981122,0.146549238399478,-0.163113039595336,0.190653657271143
14078125,-0.146698052530845,0.148123461859104,-0.0966956164915933,0.129406000512442
14093750,-0.140709134354422,0.149479052974426,-0.127558118046074,0.171574270631107
14109375,-0.134913550215824,0.150639064224227,-0.132231527231147,0.0278830354037111
14125000,-0.129308952173572,0.151624907997743,-0.00940474217641773,0.170434438440798
14140625,-0.123891825580841,0.152456397058695,-0.0373980844011104,0.131842232820079
14156250,-0.118657705405712,0.153151802701397,-0.151963537051005,0.159802657596841
14171875,-0.113601364563812,0.153727925446689,-0.128977958484861,0.172975920686119
14187500,-0.108716976433321,0.154200174048527,-0.0331678199602333,0.133740787846439
14203125,-0.103998253871048,0.154582649398305,-0.165041202483324,0.0747782771328166
14218750,-0.0994385670792568,0.154888230621148,-0.186800823658539,0.160965376791684
14234375,-0.0950310426194098,0.155128661260554,-0.00956867817320482,0.0682143562307515
14250000,-0.0907686457583236,0.155314633952233,-0.00713818660114809,0.135042944194633
14265625,-0.0866442481849344,0.155455872404665,-0.155095060137225,0.168326115136339
14281250,-0.0826506829681911,0.155561209843063,-0.0456385795490052,0.128529619633764
14296875,-0.0787807884501259,0.155638663345699,-0.0284471667091031,0.268003751529756
14312500,-0.0750274425914434,0.155695503716743,-0.0181589164802479,0.188256021081879
14328125,-0.0713835891158278,0.155738320707155,-0.101036904153146,0.239064223981081
14343750,-0.0678422566373829,0.155773083522813,-0.0551001124406102,0.046900915189314
14359375,-0.0643965718055413,0.155805196654092,-0.0424893639037918,0.101317035445096
14375000,-0.0610397673645141,0.155839551129654,-0.0231137449788696,0.117557079801322
14390625,-0.0577651859002742,0.15588057134453,-0.0513734876860168,0.208450795230794
14406250,-0.054566279937055,0.155932257642771,-0.125809587140592,0.105074716954354
14421875,-0.0514366089466706,0.155998224851919,-0.0301958419037707,0.0911791394915225
14437500,-0.0483698337470712,0.156081736972842,-0.0139193074366502,0.303133070807361
14453125,-0.0453597086902863,0.156185738226783,-0.140233060811601,0.113087246728599
14468750,-0.042400071973485,0.156312880653395,-0.0698536534695929,0.185010218803098
14484375,-0.0394848343492944,0.156465548440674,-0.0822892999943955,0.255720039999505
14500000,-0.0366079664618221,0.156645879151205,-0.0259592416276526,0.0910913628897061
14515625,-0.0337634849922704,0.156855781989729,0.0085863339196671,0.186264578282142
14531250,-0.0309454377617354,0.157096953235527,-0.0813553346938818,0.098075296599363
14546875,-0.0281478879082374,0.157370888939744,-0.0797841534032412,0.112477564083923
14562500,-0.0253648972295208,0.15767889496301,-0.0249882036996818,0.217242301326529
14578125,-0.0225905087623452,0.158022094402557,0.013608414510002,0.0500662989271327
14593750,-0.0198187286524256,0.158401432430644,-0.0068119804865671,0.224434190350201
14609375,-0.0170435073566914,0.158817678537359,-0.0928645855176772,0.178672642640269
14625000,-0.0142587202109178,0.159271426140807,0.0128244415370037,0.113671259111897
14640625,-0.0114581473910419,0.159763089495967,-0.0505507706582371,0.0674348051304279
14656250,-0.00863545329573626,0.160292897800103,-0.0475325366956876,0.196698092126115
14671875,-0.00578416538122143,0.160860886357222,0.0922699643321225,0.238227018951345
14687500,-0.00289765248730744,0.161466884626418,-0.0104627307484253,0.191939752519644
14703125,3.08972932625377e-05,0.162110500938859,0.0641534966117475,0.140392673977323
14718750,0.00300849913123751,0.162791103625375,-0.0316911196809155,0.238216940877567
14734375,0.00604239426655003,0.163507798250884,-0.0487884135618597,0.220006580877671
14750000,0.00914007297347363,0.164259400603143,0.0348871008186825,0.235811610019963
14765625,0.0123092975128341,0.165044405031425,-0.024779066645131,-0.0328540946607151
14781250,0.0155581248455769,0.165860947675888,0.0577744918626283,0.189816535537656
14796875,0.0188949288157127,0.166706764070767,-0.0740928065897668,0.271851272779099
14812500,0.0223284214292668,0.167579140544779,-0.012452456941746,0.307292209857844
14828125,0.0258676727564442,0.168474858781099,0.000244469164386951,0.172314960278785
14843750,0.0295221288635856,0.169390132838476,-0.0390946352254795,0.14609957777549
14859375,0.0333016270359554,0.170320537876456,0.00749103163338255,0.171989577411794
14875000,0.0372164073776361,0.171260929774297,0.0208959622029488,0.181214750739143
14890625,0.0412771196662713,0.172205354789044,-0.041672996162825,0.130438970726439
14906250,0.045494824092691,0.173146948368672,0.117708787999657,0.106639694699583
14921875,0.0498809842232451,0.174077822228713,0.0941795214021593,0.240840748590962
14937500,0.0544474501800426,0.174988938824579,0.186182950549612,0.170589366785354
14953125,0.0592064296358475,0.175869972419386,0.0863053216158378,0.122595174073606
14968750,0.0641704437608682,0.176709156074023,0.0398517388987737,0.185563339173628
14984375,0.0693522647346383,0.177493114092421,0.168692772302781,0.213461403102654
15000000,0.0747648308459467,0.178206679765007,0.0746233646538644,0.0316115479337716
15015625,0.0804211345497284,0.178832698697527,0.0898940410281489,0.274437180958321
15031250,0.0863340781398323,0.179351818627259,0.147390726407739,0.132721270104201
15046875,0.0925162909464499,0.179742267457229,0.0452939578192358,0.105115993389809
15062500,0.0989799012043865,0.179979622331426,0.0798406262551442,0.0520864553047831
15078125,0.105736255006198,0.180036573985748,0.180768890538934,0.173679377145628
15093750,0.112795574116065,0.179882692400528,0.0792804725623795,0.0719099849925374
15109375,0.120166543967027,0.179484202010942,0.0611258637581689,0.15140339818481
15125000,0.127855823019089,0.178803777455893,0.105300654067875,0.222678835824428
15140625,0.135867464983162,0.177800374102793,0.120712326270031,0.183314265151002
15156250,0.144202246425445,0.176429111384778,0.19801060117708,0.0836750474215799
15171875,0.152856894218827,0.174641231288772,0.159830682442078,0.240221544518866
15187500,0.161823210509992,0.172384159023751,-0.00639463704693706,0.25109483233985
15203125,0.171087097670023,0.169601697758296,0.186644917146524,0.202842797780429
15218750,0.180627492455612,0.16623439398106,0.163738967156579,0.1475661299044
15234375,0.190415227665691,0.162220113960421,0.0588506749631819,0.138412859035483
15250000,0.200411851183535,0.157494874195927,0.15392782659753,0.0938225295618565
15265625,0.210568446512626,0.151993968662445,0.201555213523228,0.210671965805296
15281250,0.220824515505026,0.145653431819797,0.185483792899399,0.15723211475021
15296875,0.231107002246407,0.138411867403221,0.202737717259088,0.117909238048626
15312500,0.241329555692779,0.130212657502247,0.293629634399907,0.209995710727748
15328125,0.251392145593898,0.121006543160361,0.195726943766735,0.196302869768687
15343750,0.261181158623185,0.110754536010884,0.267316061052871,-0.0246361832733807
15359375,0.270570105871217,0.0994310806053597,0.193611124928351,-0.0549766302268367
15375000,0.279421064920903,0.0870273408370744,0.356630662112178,0.108583944487186
15390625,0.2875869557087,0.0735544348232106,0.374050148001425,0.0552817406654422
15406250,0.294914706371479,0.0590463964576358,0.378452501870618,0.124571411730564
15421875,0.301249302416167,0.0435626061253266,0.436921750174009,-0.0674366109678563
15437500,0.30643863210554,0.0271894164334697,0.308013074040509,0.057975882861239
15453125,0.310338949156173,0.0100407096394664,0.298612380213047,0.00708711544056198
15468750,0.312820681019195,-0.00774283208420923,0.21367775805512,-0.152348221394779
15484375,0.313774230725055,-0.0259958824467146,0.349491407721042,-0.0171263491086209
15500000,0.31311536731707,-0.0445320804944494,0.226829093201675,-0.0872897622059779
15515625,0.310789787356779,-0.0631489895514567,0.392182828409203,-0.00910869084799068
15531250,0.306776465941136,-0.0816341659024435,0.400366131901856,-0.0461679773362345
15546875,0.301089500511112,-0.0997719779783218,0.323306210836509,-0.164825017037553
15562500,0.293778275955715,-0.117350732524577,0.337322359857455,-0.0961690249448392
15578125,0.284925928694275,-0.134169629370977,0.305320924896666,-0.0667893008767979
15593750,0.274646239235198,-0.150045086872309,0.137702254182967,-0.104376840943038
15609375,0.263079215362343,-0.164816052022492,0.260506513015672,-0.16865968131236
15625000,0.250385723847341,-0.178348020061747,0.135845539425154,-0.232843922278311
15640625,0.236741577135609,-0.190535619768514,0.235779678208464,-0.246000391858159
15656250,0.222331481352126,-0.201303752648754,0.198720754552806,-0.193723814672844
15671875,0.207343209816255,-0.210607389475996,0.140399562020434,-0.289263310016946
15687500,0.191962294215594,-0.218430214063069,0.262229781447429,-0.392445272873231
15703125,0.176367438172487,-0.224782356358503,0.212880299367252,-0.173833620293262
15718750,0.16072676890949,-0.229697475777184,0.172884577755021,-0.333280651245694
15734375,0.145194962895461,-0.233229446557999,0.142994505569736,-0.200529486754085
15750000,0.129911217525518,-0.235448867901835,0.0390092851040553,-0.281729432424506
15765625,0.114997995817216,-0.236439581241938,0.264449015774215,-0.204060034089867
15781250,0.100560444259478,-0.236295332830236,0.0683253546617938,-0.0472545058599917
15796875,0.0866863725939626,-0.235116677647818,0.0739132904803437,-0.214023079221711
15812500,0.0734466846186668,-0.233008184116798,0.0789631912702082,-0.400403159501922
15828125,0.0608961570941797,-0.23007596991871,0.0154006658013832,-0.203467021758426
15843750,0.0490744759810449,-0.226425577613152,0.0962427382601614,-0.291338207230483
15859375,0.0380074528144833,-0.222160183901061,0.0186888711499739,-0.309016131933368
15875000,0.0277083571871984,-0.217379126971147,0.00453654338199394,-0.194418313384359
15890625,0.0181793130263823,-0.212176730949226,-0.0490535949313599,-0.206956689290153
15906250,0.00941271621965758,-0.206641403704897,-0.0228512084555453,-0.234708472685227
15921875,0.00139263920598862,-0.200854983091207,-0.0449054213842971,-0.228746337241344
15937500,-0.00590380531117011,-0.194892306349155,-0.0687438144946424,-0.248256667033292
15953125,-0.0125051639697708,-0.188820977446522,-0.0149697886000769,-0.12320035291033
15968750,-0.0184444234887198,-0.182701307325973,0.0576710068532626,-0.256255258721666
15984375,-0.0237578862181463,-0.176586402363433,0.0423800858430203,-0.102857501819564
16000000,-0.0284841503470742,-0.170522376831187,0.0769779303901373,-0.177529098865245
16015625,-0.0326632010108792,-0.164548665900465,-0.231540906392015,-0.0949992327899357
16031250,-0.0363356151613253,-0.158698416775382,-0.0865251962406121,-0.0750303060589421
16046875,-0.0395418799569582,-0.152998936958499,0.0749536137237356,-0.00148474313783147
16062500,-0.0423218216729968,-0.14747218039911,0.0625831506920028,-0.264247907553276
16078125,-0.0447141397879861,-0.142135254318531,-0.0422479384924935,-0.116870859194263
16093750,-0.0467560390307197,-0.137000931761724,0.0178569266133602,-0.0887727173173444
16109375,-0.0484829507893162,-0.132078157294077,-0.0210694106742273,-0.0770561598962425
16125000,-0.0499283343887641,-0.127372535645077,-0.00383220197850289,-0.138518878297753
16140625,-0.0511235483009078,-0.122886795403627,0.055726641445047,-0.057937531600831
16156250,-0.0520977813079024,-0.118621222015086,-0.0840596824878085,-0.0454334945547618
16171875,-0.0528780339295292,-0.114574056259728,-0.0190042878847892,-0.100794828857162
16187500,-0.0534891409730883,-0.110741856069593,0.109522751341991,-0.0845239039185587
16203125,-0.0539538267991442,-0.10711982094831,-0.101006657175964,-0.188913697933213
16218750,-0.0542927857495694,-0.103702079396708,-0.101362149374133,-0.150533324682924
16234375,-0.0545247810971564,-0.100481940628908,-0.0572961140336667,-0.106023345468077
16250000,-0.0546667567998221,-0.0974521125120657,0.0183885768650509,-0.0572143237148445
16265625,-0.0547339572392709,-0.0946048881063942,-0.100719155111614,-0.0800688624881802
16281250,-0.0547400509663946,-0.0919323034518869,0.0209542585779042,-0.160436182651108
16296875,-0.0546972552453571,-0.0894262693756258,-0.198626151823261,-0.0521636756668883
16312500,-0.0546164588749242,-0.0870786801086465,-0.0692945324949738,-0.100997306679334
16328125,-0.0545073413649252,-0.0848815014311784,-0.0796043662802174,-0.057096657377081
16343750,-0.0543784870586174,-0.0828268409332402,-0.0905254263207112,-0.170854592059109
16359375,-0.0542374932221654,-0.0809070028042197,-0.0731470120991277,-0.136705748242546
16375000,-0.0540910714769127,-0.0791145293664404,0.0384963595806864,-0.158117070286839
16390625,-0.053945142236294,-0.0774422313568428,-0.111989662745215,0.031225427332482
16406250,-0.0538049220354041,-0.0758832087476644,0.0100758838390311,-0.117705115848455
16421875,-0.0536750038156978,-0.0744308636887324,-0.0510319032824186,-0.0496127892630765
16437500,-0.0535594303580264,-0.0730789069557745,-0.105898440549184,-0.0132315889144614
16453125,-0.0534617611515461,-0.071821359104347,0.0228092201685829,-0.118838506267669
16468750,-0.053385133050636,-0.0706525473595366,-0.0539316422214747,-0.163216829236819
16484375,-0.0533323151126092,-0.0695670991183655,-0.153175155833371,-0.168402610941299
16500000,-0.0533057580307684,-0.0685599328048854,-0.00197993475767814,-0.177463270429229
16515625,-0.0533076385844794,-0.0676262466968359,-0.0410760303350916,-0.122419752464388
16531250,-0.0533398995239814,-0.0667615062365584,-0.0116740727497165,-0.0420971144764326
16546875,-0.0534042852955493,-0.0659614302465123,-0.0900548557074399,-0.119815168809364
16562500,-0.053502373994734,-0.0652219763899998,0.000248273975867918,-0.0425109455329418
16578125,-0.0536356059136222,-0.0645393261492953,-0.0363637936471212,0.00300328373169334
16593750,-0.0538053090238458,-0.0639098695350293,-0.111153026986812,-0.0953309066590269
16609375,-0.0540127217116043,-0.0633301896911526,-0.0431298548438331,-0.00566933761684808
16625000,-0.05425901305505,-0.0627970475180164,-0.0363317909148358,-0.0281878795854997
16640625,-0.0545453009086933,-0.0623073664009558,-0.114667027662059,-0.136360564599785
16656250,-0.0548726680344445,-0.0618582171023094,-0.105039511428945,-0.00507332622215321
16671875,-0.0552421764947873,-0.0614468028502535,-0.120903778520266,-0.139146351820597
16687500,-0.0556548805005913,-0.0610704446373437,0.0659800028338648,-0.0754206319896447
16703125,-0.0561118378842684,-0.0607265667246489,-0.0425466334649283,-0.0270242203413827
16718750,-0.0566141203483925,-0.0604126823332272,0.0837001314269036,-0.00745025099759597
16734375,-0.0571628226204789,-0.0601263794929501,-0.0279057338003569,0.00566485929433128
16750000,-0.0577590706262785,-0.0598653070089123,-0.180800508298132,-0.0638522555381445
16765625,-0.0584040287765811,-0.0596271604975123,-0.180547902918654,-0.034806908803445
16781250,-0.0590989064459738,-0.0594096684374702,0.0208489596406361,-0.0982469867919175
16796875,-0.0598449637061496,-0.0592105781753033,-0.0914844316809148,0.134752281193439
16812500,-0.0606435163609949,-0.0590276418199483,-0.0508207949169091,-0.0855978328941021
16828125,-0.0614959403156566,-0.0588586019571432,-0.159882462019721,-0.119803511758224
16843750,-0.0624036752969076,-0.0587011771107201,-0.059794532605584,0.0557861338000351
16859375,-0.0633682279271641,-0.058553046875162,0.0472955144104468,-0.0120501606201303
16875000,-0.0643911741393316,-0.0584118366414593,-0.116070720860096,-0.0654926952547824
16890625,-0.0654741609039722,-0.0582751018366648,-0.00577299186384529,-0.0826180011106788
16906250,-0.0666189072239745,-0.0581403115964879,-0.0292124990072102,-0.0709374290676594
16921875,-0.0678272043346918,-0.0580048317900357,-0.0583610342289219,0.0523760812061873
16937500,-0.0691009150292192,-0.0578659073164398,0.0175315890712635,-0.0722801770603218
16953125,-0.0704419720088886,-0.0577206435949105,0.0277359788715541,0.0603962298525928
16968750,-0.0718523751379556,-0.057565987172936,-0.0311443847446848,-0.0398159156499893
16984375,-0.0733341874586704,-0.0573987053822559,-0.00483783610924488,-0.0347009808633423
17000000,-0.0748895297982547,-0.0572153649793224,-0.0769716666460085,-0.0127181999874824
17015625,-0.0765205737726501,-0.0570123097166438,-0.00408494129464469,-0.202674507924946
17031250,-0.0782295329631063,-0.0567856368043872,-0.0769773589353604,0.0909704026899169
17046875,-0.080018652010752,-0.0565311722384661,-0.0725320364121139,-0.124417986201107
17062500,-0.0818901933412314,-0.0562444449929911,-0.0658464738732602,-0.0356696935786241
17078125,-0.0838464211964783,-0.055920660102268,-0.00513685064293269,-0.0614007504296926
17093750,-0.085889582614,-0.055554670691604,-0.026666160068869,-0.0436003621573593
17109375,-0.0880218849561688,-0.055140949058215,-0.0704465792430226,-0.02817286042336
17125000,-0.0902454695536771,-0.0546735569548642,-0.164412822797751,0.0348210684846093
17140625,-0.0925623809894841,-0.0541461152909663,-0.0703613559981701,0.162218113321726
17156250,-0.0949745315137351,-0.0535517735403122,-0.0865008982008051,-0.0297685214848106
17171875,-0.0974836600480449,-0.0528831792329405,0.0265573764058546,-0.0309248313863678
17187500,-0.100091285211592,-0.0521324480126473,-0.109330475182737,0.0110976700330742
17203125,-0.102798651784769,-0.0512911348626589,0.00607578394248613,-0.105444171526486
17218750,-0.105606670022337,-0.0503502072415305,-0.0973143776647976,-0.198226825837714
17234375,-0.10851584724187,-0.0493000210301888,-0.158721781138746,-0.0615337038602754
17250000,-0.111526211150186,-0.0481303003697059,-0.14283379944115,0.0404282121485726
17265625,-0.114637224437091,-0.0468301226672403,-0.100727172399397,0.0675850607121151
17281250,-0.117847690269541,-0.0453879102629163,-0.247908507217079,-0.0266419106015107
17296875,-0.121155648468837,-0.0437914304798545,-0.134028118631723,-0.0847341020732082
17312500,-0.124558262357927,-0.0420278060175324,-0.121491807677747,-0.0119114754840214
17328125,-0.128051696535143,-0.0400835378870244,-0.172370203199512,-0.0084666139524284
17343750,-0.131630986174388,-0.0379445433138486,-0.144894523850038,-0.191383976935624
17359375,-0.135289898879184,-0.0355962112349121,-0.188056759990356,-0.0421508757697643
17375000,-0.139020790636195,-0.0330234781705535,-0.122951715536211,0.06620702872378
17390625,-0.142814458027375,-0.0302109273365342,-0.0883645580947192,-0.0703339073696778
17406250,-0.146659989568099,-0.0271429138446526,-0.0945782746215653,0.0208510477687782
17421875,-0.150544619834605,-0.0238037186906294,-0.269363279212141,-0.105038188236351
17437500,-0.154453590911411,-0.020177733906687,-0.0399962447583014,-0.174341944163266
17453125,-0.158370026600638,-0.0162496807245974,-0.227727237021927,0.00128488013453325
17468750,-0.162274825748916,-0.0120048618149258,-0.140822081103831,0.10563630901118
17484375,-0.166146581906923,-0.00742944760641384,-0.077991456358369,0.0239842179156864
17500000,-0.169961537267871,-0.0025107953231298,-0.219037810386196,-0.0730623654488587
17515625,-0.173693579344935,0.00276220230034996,-0.350356598146384,-0.0654704785705965
17531250,-0.177314289040378,0.00839874363666167,-0.215079408778638,-0.0841351219347812
17546875,-0.180793048519986,0.0144057273440843,-0.155378416463853,0.0122459823466721
17562500,-0.184097216524461,0.0207873537101098,-0.180973911803618,0.0659479589146269
17578125,-0.187192377326715,0.0275447301735205,-0.0775806878609182,-0.0702857866869456
17593750,-0.190042667409953,0.0346754953087816,-0.244588541061851,0.0364285174462702
17609375,-0.192611181070406,0.0421734774800904,-0.0953457440907357,0.0847800898844117
17625000,-0.194860452576825,0.050028405713196,-0.195210864519531,0.0432981191388002
17640625,-0.196753008359781,0.0582256908475618,-0.138016370912511,0.179473019258318
17656250,-0.198251978156457,0.0667462944936155,-0.188864788367136,-0.0292357997224278
17671875,-0.199321749386014,0.0755667015533266,-0.134053973906022,0.0360636291739931
17687500,-0.199928644635167,0.0846590089734576,-0.146901143290027,0.116814532948665
17703125,-0.200041598399228,0.0939911390094731,-0.213864218754522,0.0432862669231361
17718750,-0.199632806565004,0.103527179739181,-0.303428815556093,0.173608006451569
17734375,-0.198678320912357,0.113227849175861,-0.15153557895781,0.0146091502845307
17750000,-0.197158561431835,0.123051072518124,-0.0899387529641977,0.0753071096287068
17765625,-0.195058721646046,0.132952655362172,-0.0476496362477898,-0.000515346167309274
17781250,-0.192369046345557,0.142887029660219,-0.139544632254638,0.167226957607015
17796875,-0.189084966979548,0.152808044385413,-0.216616655200521,0.142932071893702
17812500,-0.185207086972875,0.162669769718341,-0.201261605395411,0.252500065842533
17828125,-0.180741016931748,0.172427282412836,-0.196737860152546,0.158170431830416
17843750,-0.175697067428588,0.182037400946669,-0.235731854499075,0.290340393936719
17859375,-0.17008981419679,0.191459342023336,-0.307948743177141,0.233294216176999
17875000,-0.163937556561178,0.200655274675686,-0.139658914322108,0.191340512432843
17890625,-0.157261694355851,0.209590754183971,-0.17335106678363,0.164911452225608
17906250,-0.150086051188648,0.218235024715948,-0.232479565622362,0.218540971194929
17921875,-0.142436172643323,0.226561186451168,-0.0815762307531229,0.256363085771569
17937500,-0.13433862699006,0.234546229430042,-0.133849006654219,0.315794903416515
17953125,-0.125820333474833,0.242170942027203,-0.17748249399583,0.184880814641338
17968750,-0.116907939651398,0.249419706474698,-0.008875909603574,0.159420161269259
17984375,-0.107627264927559,0.256280197084379,-0.106986447253024,0.29879561238892
18000000,-0.0980028229378596,0.262742998711859,-0.0521095567066246,0.0274235932380414
18015625,-0.0880574309016367,0.26880116365758,-0.221598614705291,0.214777846389902
18031250,-0.0778119100786822,0.274449724795153,-0.194644881057495,0.40407802051066
18046875,-0.0672848780076714,0.279685181489945,-0.0254152236498117,0.179356663907522
18062500,-0.0564926305279593,0.284504973082486,-0.0933970601320699,0.254816764960737
18078125,-0.0454491096844186,0.288906952618416,-0.099335536423833,0.190612385847662
18093750,-0.0341659524711226,0.292888871342078,-0.12182939316728,0.310415633662588
18109375,-0.0226526149046373,0.296447882431379,-0.0671761784367081,0.356300137200017
18125000,-0.0109165660189909,0.299580070691885,0.0929520596038468,0.389022853486969
18140625,0.00103645309105096,0.302280013561771,0.0543192145075118,0.187131881565387
18156250,0.0132021092255485,0.304540377880917,0.00887089326770373,0.124239221739149
18171875,0.0255770991073366,0.306351556489492,0.0770140805716901,0.337190614398306
18187500,0.0381587155765875,0.30770134885834,0.0128032744846188,0.457494952302981
18203125,0.050944359200614,0.308574690607227,0.0633222342898105,0.271048802118957
18218750,0.0639309959735872,0.308953437908444,0.0688940684497508,0.244874991841124
18234375,0.0771145616174304,0.308816214352216,0.0305634588128032,0.35783530865411
18250000,0.090489313383576,0.308138329791812,0.162254358702459,0.261503345981465
18265625,0.104047131340349,0.30689178288395,0.146927575320846,0.301097226507618
18281250,0.117776773056982,0.305045361346587,0.137079205913337,0.269744093973885
18296875,0.13166308849983,0.302564856172265,0.124928155779669,0.395417223767531
18312500,0.145686205954524,0.299413407896975,0.212879957637092,0.31280260661004
18328125,0.159820704950961,0.295552004194545,0.23478114774565,0.285908487065144
18343750,0.174034798492114,0.29094014812831,0.092202211219577,0.310733172102106
18359375,0.188289554252643,0.285536714856154,0.142020292189863,0.196172847512334
18375000,0.20253819253632,0.27930101091093,0.137593254671544,0.156264235073325
18390625,0.216725507165751,0.272194043817545,0.306543792995561,0.301554466885063
18406250,0.230787463370747,0.264180000276854,0.359286755411387,0.331727896807348
18421875,0.244651033109653,0.255227918129536,0.228341772623019,0.0994144117101981
18437500,0.258234331800813,0.245313520794877,0.287919629384113,0.215581703709463
18453125,0.271447119662009,0.234421163296219,0.140908912030547,0.0985403972843056
18468750,0.284191724208437,0.222545817368134,0.298042100876078,0.201546460804846
18484375,0.296364426578519,0.209695001222454,0.358251407872107,0.214084489472491
18500000,0.307857332368726,0.19589053977803,0.34362939292198,0.259982037054158
18515625,0.318560717536718,0.181170026572039,0.444499348650608,0.225627318180381
18531250,0.328365802835667,0.165587852499109,0.238547537456533,0.137672593520874
18546875,0.337167868743788,0.149215672102234,0.30510949943549,0.25698707250272
18562500,0.344869580952209,0.132142197669926,0.225230204760525,0.144401068341145
18578125,0.351384359310768,0.114472245670384,0.487701882030479,0.168806490135731
18593750,0.356639596352457,0.0963250077932157,0.417978478786386,-0.00717337057715387
18609375,0.360579520358535,0.0778315764358887,0.247792105877945,0.0790669435122245
18625000,0.363167506148225,0.0591318160523711,0.426951684394706,-0.0323633123468855
18640625,0.364387665703244,0.0403707300691857,0.423348614392597,0.109924358224799
18656250,0.364245598653405,0.021694520408583,0.419250014046456,-0.0293084048575418
18671875,0.362768244780429,0.0032465663927805,0.442986921190627,0.0822263877693649
18687500,0.360002849841914,-0.0148364424043625,0.376597439690324,-0.129120646305719
18703125,0.356015123741927,-0.0324280000952648,0.361947595494651,-0.0729064837444335
18718750,0.350886728197774,-0.0494147220683606,0.310399734995135,0.0570630145985546
18734375,0.344712273071427,-0.0656985948090642,0.276280715733127,-0.111951248682611
18750000,0.337596022652876,-0.0811984667058284,0.396356378183117,-0.069088755245634
18765625,0.329648514729029,-0.0958507695415917,0.318524851547217,-0.114478354530952
18781250,0.320983278465262,-0.109609515176217,0.387675181416637,-0.0699218318932137
18796875,0.311713806329418,-0.122445655450736,0.292575331353524,-0.171460627903739
18812500,0.301950895980543,-0.134345922739887,0.349025408267475,-0.119313330712412
18828125,0.291800435788961,-0.145311283297855,0.357828054993861,-0.179767105861203
18843750,0.281361667259683,-0.155355136943917,0.266754598822141,-0.307685711186052
18859375,0.270725922636845,-0.164501387366988,0.169867488627986,-0.039423190787471
18875000,0.259975808462114,-0.172782490646053,0.241049861053014,-0.0680458787157618
18890625,0.24918478658112,-0.180237568757368,0.219432991891367,-0.00259039265215284
18906250,0.238417092696798,-0.186910652729856,0.253735903737893,-0.205395721849186
18921875,0.227727927990575,-0.192849098927237,0.232204977687209,-0.269500928814953
18937500,0.217163860123749,-0.198102203169252,0.225542621338722,-0.212045411311445
18953125,0.206763374550712,-0.20272002187348,0.0837423987105487,-0.242646475748436
18968750,0.196557524088801,-0.206752397374116,0.0811611968056676,-0.124412610862568
18984375,0.186570632890057,-0.210248175926614,0.172391799499497,-0.203622339501404
19000000,0.176821019418601,-0.213254601257078,0.31713074491493,-0.126320724120705
19015625,0.167321711099244,-0.215816863354144,0.220477641806261,-0.21871881171637
19031250,0.158081130558914,-0.217977780985052,0.102249120866999,-0.246663462475928
19046875,0.149103739618368,-0.219777596630556,0.160990897488952,-0.230579158171878
19062500,0.140390632341285,-0.221253863723239,0.147405685972404,-0.184022013281174
19078125,0.131940072543974,-0.222441407868801,0.043033377998722,-0.29811334609941
19093750,0.123747974307264,-0.22337234584065,0.123296188923559,-0.0946820468321459
19109375,0.11580832633912,-0.224076148351144,0.224923440024194,-0.0751764653021625
19125000,0.108113562650365,-0.2245797347701,0.138251323143324,-0.322858554676025
19140625,0.100654883060747,-0.224907589986726,0.135061900892368,-0.0629485841489744
19156250,0.0934225276707964,-0.225081895440355,0.116760561762453,-0.229054713729555
19171875,0.0864060097237403,-0.225122667952608,0.0740063269648162,-0.227923439435358
19187500,0.0795943113294887,-0.225047901374609,0.120949922213844,-0.238660849945385
19203125,0.0729760464027309,-0.224873707226586,0.223423562791616,-0.228084338070189
19218750,0.0665395949357901,-0.224614451470995,0.178016060271064,-0.128754492775593
19234375,0.0602732124284145,-0.224282885345607,-0.053729749873558,-0.255109615652873
19250000,0.0541651179635221,-0.223890268813036,0.0933905770747598,-0.276957632087245
19265625,0.0482035640739094,-0.223446485680466,0.0597412496493684,-0.126058005095691
19281250,0.042376891206644,-0.222960149829437,0.0130329537243439,-0.163099605929911
19296875,0.0366735692702384,-0.222438702289555,0.0554697754244749,-0.117329384246821
19312500,0.0310822284519204,-0.221888499109058,0.0664248678572142,-0.349754076362196
19328125,0.0255916812219274,-0.221314890133984,0.0695042009447877,-0.121976133955945
19343750,0.0201909372008282,-0.220722288918664,-0.0183406564093215,-0.185508751744509
19359375,0.0148692123542544,-0.220114234064044,0.158454063667762,-0.193855053253535
19375000,0.00961593379664225,-0.219493442325554,-0.0215897912440339,-0.257598435412371
19390625,0.00442074132992137,-0.218861853856122,-0.104532842064565,-0.0881602816658625
19406250,-0.000726513286947699,-0.218220669958492,-0.00888794723523664,-0.0753841888646305
19421875,-0.00583576844826837,-0.217570383719021,-0.028887594532979,-0.20041875890704
19437500,-0.0109167553872263,-0.216910803886778,0.088836144270715,-0.362588246366868
19453125,-0.0159790006975319,-0.216241072350325,0.000292925427365097,-0.266961808984135
19468750,-0.0210318279989206,-0.215559675553032,0.133124985199983,-0.157147100527237
19484375,-0.0260843580854051,-0.214864450178604,-0.0518240914141405,-0.287829843716047
19500000,-0.0311455069114169,-0.214152583434044,-0.142176248511453,-0.0195971994592524
19515625,-0.0362239807743918,-0.213420608259691,-0.0845737319623805,-0.310149127538481
19531250,-0.0413282680440411,-0.212664393807353,0.0314940198126435,-0.22739591324252
19546875,-0.0464666267705203,-0.211879131550075,0.0340498817129534,-0.259888161178153
19562500,-0.0516470674774811,-0.211059317422872,-0.101074317518156,-0.100007642353364
19578125,-0.0568773304135989,-0.210198730445276,-0.178084232254799,-0.211409427455852
19593750,-0.0621648565001204,-0.209290408346027,-0.0372336304056383,-0.12666094219442
19609375,-0.0675167511748836,-0.20832662080041,0.113621921199635,-0.148581798516329
19625000,-0.0729397402988905,-0.207298841004027,-0.0508356515316328,-0.176041781658216
19640625,-0.0784401172639023,-0.206197716445941,-0.0733637374120468,-0.22718738644488
19656250,-0.0840236804241928,-0.205013039911318,0.0299756946384668,-0.126025037376619
19671875,-0.0896956599788731,-0.20373372194115,0.00945276600599728,-0.221082176091336
19687500,-0.0954606334608873,-0.20234776620559,-0.138469189578224,-0.208125639555728
19703125,-0.101322429054321,-0.200842249508266,-0.0382596816504591,-0.275429990167856
19718750,-0.107284016073693,-0.199203308430456,-0.0564485698136303,-0.284081364135892
19734375,-0.113347382110223,-0.197416134942942,-0.0654192325772899,-0.288173942971712
19750000,-0.119513396594402,-0.195464983653433,-0.134221217341944,-0.260839156321594
19765625,-0.125781660856851,-0.193333193709011,-0.154084065522689,-0.180305705546271
19781250,-0.132150345206101,-0.191003228721373,-0.184157169111504,-0.217738187119608
19796875,-0.138616014098006,-0.188456738407753,0.00410160067632548,-0.220335135060745
19812500,-0.145173441160741,-0.185674645915489,-0.145752684942421,-0.248235267516196
19828125,-0.151815416671893,-0.18263726498911,-0.151095998056165,-0.0480258294527458
19843750,-0.158532551064113,-0.179324451203651,-0.118636531819815,-0.114031602158716
19859375,-0.165313079158476,-0.175715791376809,-0.0510217203060959,-0.171129592231674
19875000,-0.172142671072356,-0.171790834929247,-0.372680352345671,-0.151482418126496
19890625,-0.179004257087396,-0.167529370325798,-0.132667242207205,-0.13248477225751
19906250,-0.185877875138241,-0.162911748738991,-0.194326408780343,-0.0638636716632791
19921875,-0.192740550915828,-0.157919255673449,-0.190508961091048,-0.270335729527353
19937500,-0.199566221764427,-0.152534529431694,-0.169005483450764,-0.0516266291394903
19953125,-0.206325716458371,-0.146742022967139,-0.115706950146698,-0.100368985126925
19968750,-0.212986803416548,-0.140528502871579,-0.0720385684411509,-0.119525418923024
19984375,-0.219514319778744,-0.133883576041106,-0.204806316739237,-0.0873027822737536
20000000,-0.225870392852654,-0.126800231072394,-0.156142725139457,-0.153313572476703
20015625,-0.23201476358254,-0.119275377843585,-0.138952594334963,-0.165927323731528
20031250,-0.237905218768139,-0.11131036528167,-0.144718788156089,-0.192029956362712
20046875,-0.243498134718795,-0.10291145432662,-0.198249798416646,-0.0925601954792871
20062500,-0.24874912990143,-0.0940902209334575,-0.208609711089267,-0.0163546719836877
20078125,-0.253613818090059,-0.0848638629873609,-0.306639167700931,-0.00912427424202633
20093750,-0.258048646843612,-0.0752553856005988,-0.312797302265728,-0.123199918765343
20109375,-0.262011799260082,-0.0652936416965607,-0.237402410144794,0.0084483954692167
20125000,-0.265464130429354,-0.0550132092192885,-0.246446663835111,0.0221988450572166
20140625,-0.268370104463029,-0.0444540927113857,-0.397702150309959,-0.0146564262262374
20156250,-0.270698694059091,-0.0336612451388393,-0.202910388712093,0.0352097091134469
20171875,-0.27242420283835,-0.0226839152420264,-0.287912282401582,-0.054335097214883
20187500,-0.273526971592136,-0.011574835687026,-0.263804374692873,-0.0608116718808333
20203125,-0.273993933301316,-0.000389277061577467,-0.347627216682357,-0.0588693049274429
20218750,-0.273818988236525,0.0108159985749436,-0.247424255866796,0.0877520067618952
20234375,-0.273003179239337,0.0219838441522068,-0.112302278935001,0.00115229003437831
20250000,-0.271554657750273,0.0330578495147331,-0.179508939212771,0.0924202185090368
20265625,-0.269488442424696,0.0439834331988087,-0.253700569154283,0.222848667504049
20281250,-0.266825983293232,0.0547088605305759,-0.433922665356888,0.0552763973236252
20296875,-0.263594554431337,0.0651861495347077,-0.330747965936356,0.0907916952712448
20312500,-0.25982650619194,0.0753718335811688,-0.178467206211045,0.0272421385877024
20328125,-0.255558413645844,0.0852275588153344,-0.359838563160154,0.154887159677707
20343750,-0.250830160675051,0.0947205043522805,-0.204310424398218,0.00952594163930129
20359375,-0.245683999181459,0.103823623098818,-0.301865298825492,0.2438621226637
20375000,-0.240163620384345,0.112515710117642,-0.251820722056889,-0.00347276602797192
20390625,-0.234313270666973,0.120781313058655,-0.149394116119189,0.022243311245762
20406250,-0.228176938502302,0.12861050495985,-0.218717214936531,0.216096787957605
20421875,-0.221797632285282,0.135998543496945,-0.283713607614052,0.043079197452473
20437500,-0.215216762033901,0.142945442574407,-0.223300900533444,0.0692741366896562
20453125,-0.208473631407981,0.149455482203136,-0.27735919819208,0.0510283042754014
20468750,-0.201605040722175,0.155536681213892,-0.247430225423344,0.168816394558653
20484375,-0.194644996846575,0.161200254880415,-0.201057052228719,0.024961320684215
20500000,-0.187624522211722,0.166460076350025,-0.296269461307315,0.0737386206179632
20515625,-0.180571552569135,0.171332157251231,-0.198892671775276,0.146546409776698
20531250,-0.173510911622775,0.175834159263071,-0.235509427274905,0.0429107600183118
20546875,-0.166464350003572,0.17998494501838,-0.138020023986593,0.115916878403693
20562500,-0.159450636140613,0.183804173633305,-0.116617437681112,0.198001782616872
20578125,-0.152485687212756,0.187311943504815,-0.102388551433211,0.160787169348578
20593750,-0.145582729376478,0.190528482839091,-0.204562371456089,0.23307479032119
20609375,-0.138752477711276,0.193473886667083,0.00973795922833861,0.177606634394862
20625000,-0.132003327679799,0.196167897839462,-0.105545582665718,0.270218556810632
20640625,-0.125341551270243,0.19862972862257,-0.100472077232247,0.131530754126862
20656250,-0.11877149230235,0.200877918981277,-0.0896851144249021,0.280128423427639
20671875,-0.112295756588787,0.202930227371613,-0.216856829728205,0.119308734016336
20687500,-0.105915393722035,0.204803549816285,0.0601382102721637,0.158497070859861
20703125,-0.0996300681904748,0.206513863145248,0.0528520834736537,0.181374119034626
20718750,-0.0934382183147048,0.208076188504068,-0.148994198997667,0.182976754993908
20734375,-0.0873372021422416,0.209504571525762,-0.0885293544345396,0.167246539404224
20750000,-0.0813234299576725,0.210812075895356,-0.0727387225498809,0.135688868795919
20765625,-0.0753924834703686,0.21201078738611,0.0568323657460324,0.27459351703567
20781250,-0.0695392220485617,0.213111825794248,-0.178315003273622,0.294542311802714
20796875,-0.0637578765928638,0.214125362532024,0.0335231947510592,0.262681808181464
20812500,-0.0580421317989029,0.215060641948815,-0.127239027502158,0.115936244941264
20828125,-0.0523851976612466,0.215926004731408,-0.0534677764893661,0.198017694597543
20843750,-0.0467798711313953,0.216728911985421,-0.128477403878824,0.238760602409031
20859375,-0.0412185888716067,0.217475968819298,0.0814862778849105,0.148048827351732
20875000,-0.0356934720527139,0.218172946441539,0.0645437492666169,0.180460534391382
20890625,-0.0301963641354336,0.218824801942349,-0.12210298818163,0.320053401862792
20906250,-0.0247188625568754,0.2194356950655,0.00322021657596004,0.233629536901051
20921875,-0.0192523452223844,0.220009001387296,-0.0816774188831322,0.226634485310047
20937500,-0.0137879926814548,0.22054732141038,-0.110458160569378,0.219757109713737
20953125,-0.00831680684865221,0.221052485153607,0.0491774468612258,0.203856866351728
20968750,-0.00282962711896672,0.221525551878438,-0.0954763063939217,0.237762252732619
20984375,0.00268285527585473,0.221966804640376,0.0335283206907352,0.353715501466601
21000000,0.00823008381601942,0.222375739393893,-0.00377641106712856,0.187747277175235
21015625,0.0138216232740156,0.222751048414268,0.0437564030983587,0.227115494671378
21031250,0.0194671454204164,0.223090597832909,-0.0860900130983489,0.234990413609521
21046875,0.025176412902137,0.223391399117594,-0.0512680759696706,0.256440950627913
21062500,0.0309592602779808,0.223649574369172,0.0491680238991259,0.359450871032534
21078125,0.0368255711185407,0.223860315355737,-0.00985154239163758,0.310012154487362
21093750,0.0427852499839102,0.224017836268581,0.00723773439222642,0.245237202006756
21109375,0.0488481879831751,0.224115320266389,0.00146983444643689,0.208524258404119
21125000,0.0550242204955502,0.224144859980877,0.0517459788064306,0.282896079238284
21140625,0.0613230754954893,0.224097392294873,0.0570433923186985,0.0286960111548994
21156250,0.0677543107764003,0.223962627879974,0.132717218881972,0.172329215349975
21171875,0.0743272382135565,0.223728976203398,0.171654430724895,0.164422457240923
21187500,0.0810508330530922,0.223383466991449,0.301960365630038,0.158102173884332
21203125,0.0879336260688569,0.222911669479453,0.0325215538770157,0.287906967580224
21218750,0.0949835763045984,0.222297611194989,0.0110019375750114,0.324124603632246
21234375,0.102207922030605,0.221523698522096,0.163718661300235,0.298097009283586
21250000,0.109613007512374,0.220570641887706,0.23295334306569,0.36367065106726
21265625,0.117204083238806,0.219417389104047,0.176838597138788,0.174145930437815
21281250,0.124985077421253,0.218041071195393,0.113633842188833,0.266574843538655
21296875,0.132958336889886,0.216416965931289,0.238459366345099,0.197955156952253
21312500,0.141124336025391,0.214518485270527,0.0339928404251052,0.279406620100227
21328125,0.149481353122635,0.212317193968118,0.202068977991967,0.180086324023456
21343750,0.158025114644157,0.209782867673687,0.143222017828829,0.197045740469857
21359375,0.166748409242646,0.206883599896913,0.0122942094652108,0.315479090885762
21375000,0.175640675267572,0.203585968152649,0.0639978279228255,0.434985683338037
21390625,0.184687567767003,0.199855270316104,0.357683180190007,0.209985193042927
21406250,0.193870513777998,0.195655842576522,0.160134773445369,0.359187689425275
21421875,0.203166267962067,0.190951470204487,0.101411179024423,0.281280049543431
21437500,0.212546484335138,0.185705901442352,0.188008867361287,0.00619929333632396
21453125,0.221977323848411,0.179883472968617,0.387918908338638,0.117701565075073
21468750,0.231419121700283,0.173449852350376,0.200588195064824,0.100944745077309
21484375,0.24082614220667,0.16637289847864,0.230641097085204,0.0853637036289006
21500000,0.25014645242512,0.15862363503205,0.194450916965888,0.0963406739164959
21515625,0.259321948010893,0.150177324488207,0.315132231955402,0.268162769429649
21531250,0.268288565386074,0.141014621206119,0.27677172313503,0.16878468801134
21546875,0.276976712586199,0.131122771951974,0.267694044613294,0.0158020332010592
21562500,0.285311946495896,0.120496821500636,0.381002679602632,0.0446029364957424
21578125,0.293215916098075,0.109140770460056,0.340630413508054,0.16686911976443
21593750,0.300607579582052,0.0970686233417754,0.285536796438329,0.0903454424038242
21609375,0.307404687789795,0.084305258446782,0.211054487826523,-0.00584941923780877
21625000,0.313525508113104,0.0708870487352271,0.334244961791975,0.0946354409684639
21640625,0.318890742722484,0.056862165778396,0.403207639619905,0.0136108585862705
21656250,0.323425574591003,0.0422905080918815,0.317443025252261,0.0177739204128213
21671875,0.327061756293373,0.0272432109810766,0.278022204153861,0.0493213684938106
21687500,0.329739642351133,0.0118017170740849,0.344202937704007,0.0745717234858533
21703125,0.331410058203534,-0.00394358634824259,0.325822547262911,0.0288160377450538
21718750,0.332035899483295,-0.0198951274786084,0.321036279521633,-0.0743263437211314
21734375,0.331593365108153,-0.0359502423498208,0.365274601431177,-0.0541346778554454
21750000,0.330072746601548,-0.0520035081113442,0.343310355393174,-0.0993009008518482
21765625,0.327478722663015,-0.0679492061750843,0.35413010858821,-0.126909331976969
21781250,0.32383013985908,-0.0836837932985796,0.30566291798849,-0.0949200983875348
21796875,0.31915929415944,-0.0991082579745419,0.331691756590264,-0.203306652186762
21812500,0.313510760358769,-0.114130249076352,0.362574392016531,-0.0783939353596647
21828125,0.306939843893861,-0.128665882356439,0.356868310080928,-0.0348001269455502
21843750,0.299510749603106,-0.142641155811,0.329663461243906,-0.187765232145536
21859375,0.291294573060508,-0.155992934118919,0.227682958014994,-0.0695107020886437
21875000,0.282367221931431,-0.168669492139249,0.169507767787312,-0.164104990350427
21890625,0.272807368149391,-0.180630634879515,0.382174332104511,-0.272317410504138
21906250,0.262694518284592,-0.191847434133392,0.315333670441703,-0.208705197305615
21921875,0.252107271465814,-0.20230163869533,0.165583624909561,-0.203931631011439
21937500,0.241121813972698,-0.211984825154848,0.0727442395523895,-0.0940332548407996
21953125,0.229810679295147,-0.220897360024492,0.212305301070924,-0.136394743241057
21968750,0.218241783804459,-0.229047242238562,0.217545873678245,-0.200050081072313
21984375,0.206477732404996,-0.236448889118762,0.282995256326509,-0.243945145647411
22000000,0.19457537628851,-0.243121920118855,0.309762808733071,-0.328484211751177
22015625,0.182585596361026,-0.249089982356522,0.0916555644299396,-0.170261018994455
22031250,0.170553280834001,-0.254379651255686,0.102716933940101,-0.0722175371035178
22046875,0.15851746339688,-0.259019429434162,0.221907962856174,-0.351437856184973
22062500,0.146511588707936,-0.263038857883085,0.0957276666957083,-0.391959728831465
22078125,0.134563874014574,-0.266467745840933,0.0971829157422561,-0.283641144760198
22093750,0.122697738937693,-0.26933551969868,0.162354617503577,-0.232218516950007
22109375,0.110932279306512,-0.27167068675459,0.0613430417358304,-0.224784509954812
22125000,0.0992827649921174,-0.273500406530468,-0.0135355664909965,-0.247959159876746
22140625,0.0877611456486223,-0.274850160466569,0.123323535483464,-0.271497449581497
22156250,0.0763765519183203,-0.275743509904632,0.090174097179236,-0.377635616311353
22171875,0.0651357828611656,-0.276201932123353,0.0435768275673997,-0.205589917946987
22187500,0.0540437730673618,-0.276244724600308,0.101351034142315,-0.315412485167639
22203125,0.0431040350890136,-0.275888968458438,0.0411078893364958,-0.343630797218669
22218750,0.0323190745020948,-0.275149543062572,-0.00751390392922996,-0.165023624320733
22234375,0.0216907761237445,-0.274039184840715,0.0584143880343631,-0.257032345570461
22250000,0.0112207607132583,-0.272568584521147,0.157558142404981,-0.268160508856907
22265625,0.000910711936404657,-0.270746518027573,0.0899359161684593,-0.280287921674241
22281250,-0.0092373264708474,-0.268580007206728,-0.0580837532455121,-0.204904581470174
22296875,-0.0192206834831973,-0.266074507336594,-0.103524586008877,-0.291379785817333
22312500,-0.0290358239168401,-0.263234118950393,-0.0355552565145228,-0.157022133824234
22328125,-0.0386781427048703,-0.260061821891998,0.0201473522787884,-0.28715110092465
22343750,-0.0481417915746155,-0.256559729680337,-0.1077115759271,-0.27856130953974
22359375,-0.0574195398690913,-0.252729362197862,0.00384565606191675,-0.266406909871554
22375000,-0.0665026717063439,-0.248571934433373,-0.199679032280643,-0.208546991307507
22390625,-0.0753809220350424,-0.244088658512333,-0.103301103828194,-0.270032456554667
22406250,-0.0840424543665113,-0.23928105555877,-0.0871031683987409,-0.147781127503712
22421875,-0.092473882988437,-0.234151273084253,-0.143286225232299,-0.211857624796236
22437500,-0.100660342243381,-0.228702402637269,-0.0561740879351291,-0.339198508933501
22453125,-0.108585604942526,-0.222938791431781,0.0549678696266667,-0.24889842093666
22468750,-0.116232251151546,-0.216866340682336,-0.224841833030454,-0.234089337865546
22484375,-0.123581887417106,-0.210492782494269,-0.102579367338309,-0.343614123523911
22500000,-0.130615415009981,-0.203827926489378,-0.0662404816483836,-0.189006472826101
22515625,-0.137313343981542,-0.196883866992435,-0.206233024088445,-0.236893756196464
22531250,-0.143656147834203,-0.189675141659084,-0.142882057645186,-0.153335779095914
22546875,-0.14962465149468,-0.182218832973722,-0.260346774119348,-0.13491142876996
22562500,-0.155200443182789,-0.174534605143487,-0.162486533177956,-0.109413711315075
22578125,-0.160366298841474,-0.166644670581296,-0.179922895592044,-0.180166520485141
22593750,-0.165106606201294,-0.158573682381298,-0.194785410891116,-0.23410967432984
22609375,-0.169407774457224,-0.150348551867016,-0.128606733891816,-0.0105893834605695
22625000,-0.173258615079552,-0.14199819330762,-0.0896654409503769,-0.242867452086858
22640625,-0.176650679569391,-0.133553201077034,-0.232947038068577,-0.112025907134194
22656250,-0.179578541054806,-0.12504546766605,-0.230134817101932,-0.0209284891178369
22671875,-0.18204000849394,-0.116507753826593,-0.179638189899887,-0.156267429862722
22687500,-0.184036264826493,-0.107973224511351,-0.0275060866585288,-0.0711705704430129
22703125,-0.185571923548659,-0.0994749659830361,-0.145537791631591,-0.132376293555051
22718750,-0.186655001679559,-0.0910455003655669,-0.276243359178051,-0.056776813465725
22734375,-0.187296810704413,-0.0827163139208819,-0.17484111999045,-0.156519475363315
22750000,-0.187511770573927,-0.0745174144594814,-0.239055493970071,-0.039799379615617
22765625,-0.187317154975809,-0.066476931604176,-0.309256594043386,-0.097066935268546
22781250,-0.186732778673765,-0.0586207712636833,-0.231917765220284,-0.0675460993602697
22796875,-0.185780639586202,-0.0509723328234968,-0.269037786660572,-0.0740584368258739
22812500,-0.184484529370354,-0.0435522944422834,-0.26838323577482,-0.104670455481759
22828125,-0.18286962657504,-0.0363784686746971,-0.174540867586145,-0.155333660540735
22843750,-0.180962085976997,-0.0294657276319809,-0.108015800663413,-0.0108370461496895
22859375,-0.178788636624513,-0.0228259942138,-0.22457147039215,0.00312544725958833
22875000,-0.176376199517043,-0.0164682937259387,-0.150943050880676,-0.0319147259308363
22890625,-0.173751533909625,-0.0103988585174008,-0.19333941595395,0.00649598075610559
22906250,-0.170940919107755,-0.00462127715442644,-0.134174695011896,0.0499874936517473
22921875,-0.167969876462431,0.000863320918118866,-0.150631211946438,-0.0641870111611505
22937500,-0.16486293421421,0.00605605434816779,-0.20989445473774,0.0600726498092942
22953125,-0.161643435969354,0.0109600612516699,-0.138200805782806,0.0179889377060767
22968750,-0.158333391988662,0.0155802610850068,-0.130456852642716,0.0691184223827196
22984375,-0.154953371168912,0.0199231141967025,-0.151729151198419,0.0610593117993202
23000000,-0.151522430609389,0.0239963851869291,-0.223723210868326,0.0291095959508449
23015625,-0.148058078971454,0.0278089150881861,-0.107519856946485,0.0387437500916532
23031250,-0.144576269431087,0.0313704062716466,-0.104012208198905,0.0262480560170786
23046875,-0.141091417855773,0.034691222933285,-0.187460914133652,-0.0483607598014484
23062500,-0.137616441865785,0.0377822090590612,-0.0980703752631379,0.112207550388793
23078125,-0.13416281662196,0.0406545249326394,-0.148952387428292,-0.0194361091239253
23093750,-0.130740643475861,0.0433195025434237,-0.142589316543045,0.159421657501827
23109375,-0.127358727986202,0.0457885196788236,-0.192324292502351,0.0828450485376258
23125000,-0.124024664214977,0.048072892037146,-0.183278542439528,0.0603068872907941
23140625,-0.120744922641829,0.0501837823657087,-0.00998142761583808,-0.0456066171665573
23156250,-0.117524939454938,0.0521321253992385,-0.0040020765605107,0.0419924411396243
23171875,-0.114369205376207,0.0539285672312398,-0.178891634779462,-0.0125931603592879
23187500,-0.111281352547312,0.0555834176807637,-0.308665066683033,-0.00849603297495694
23203125,-0.108264238335054,0.0571066142042024,-0.136894115634906,0.088846715343247
23218750,-0.105320025206364,0.0585076959331403,-0.0683051462584069,0.133000404977447
23234375,-0.102450256074569,0.0597957864832826,-0.110287617447991,0.0325863228450931
23250000,-0.0996559247306698,0.0609795842658745,-0.133389255276541,0.060180777762727
23265625,-0.0969375411485756,0.0620673591337726,0.0675123366059244,0.0809846079837688
23281250,-0.0942951915950836,0.0630669543025449,-0.0949915347871445,0.0719777745206089
23296875,-0.0917285935873989,0.0639857925976051,-0.0259162333367612,0.105208299544379
23312500,-0.0892371458269741,0.0648308861875005,-0.0704907077708285,0.100373260154777
23328125,-0.0868199733023492,0.0656088490680964,-0.236815623857637,0.0598863304470829
23343750,-0.0844759677987044,0.0663259116608525,-0.217464945152654,0.104309348758935
23359375,-0.0822038240816292,0.0669879369791563,-0.182071325374235,0.103148092105643
23375000,-0.080002072039675,0.067600437899395,-0.0612466109154984,0.10944997682924
23390625,-0.0778691050774467,0.0681685951476926,-0.0827676494872103,0.0792095776189695
23406250,-0.0758032050503288,0.0686972756792191,-0.0779441033899971,0.16465636065343
23421875,-0.0738025640252892,0.0691910511849842,-0.0502120443657604,0.0569349220971451
23437500,-0.071865303141212,0.0696542165115559,-0.125586639209781,0.0633466317338939
23453125,-0.069989488828019,0.0700908078227299,0.0986807513672501,0.0252405802927671
23468750,-0.0681731466275979,0.0705046203694329,-0.183285989952388,0.132657888339494
23484375,-0.0664142728419878,0.0708992257657497,-0.0489807440561401,0.0450429735825637
23500000,-0.0647108442160742,0.0712779886954624,-0.130753448695548,0.126440732441481
23515625,-0.0630608258437396,0.071644082995467,-0.155770247736041,0.0060335785957287
23531250,-0.0614621774682431,0.072000507080514,-0.0984437694361054,0.0460793316744997
23546875,-0.0599128583300061,0.072350098688297,-0.172900412500637,-0.0468638332006343
23562500,-0.0584108306979917,0.0726955489354777,-0.110538607539885,-0.0080243366001902
23578125,-0.0569540622047123,0.0730394156842232,-0.0270812925063278,0.0562630109235995
23593750,-0.0555405270895532,0.0733841362255115,0.0444463662195559,0.0800744979257427
23609375,-0.0541682064407252,0.0737320392901805,-0.0593128158569984,0.240557872727087
23625000,-0.0528350875125777,0.0740853564017336,-0.0701563195937007,0.0612955617670803
23640625,-0.0515391621823817,0.0744462325864018,-0.12045282061674,0.150977864887256
23656250,-0.0502784245988785,0.0748167364561431,-0.0951895803851245,-0.000656621847958934
23671875,-0.049050868063847,0.0751988696792831,-0.0897319726148929,0.176111332924
23687500,-0.0478544811777257,0.0755945758513604,-0.0783451843238414,0.209434929963782
23703125,-0.0466872432707584,0.0760057487756732,-0.152273840210516,0.142276393203349
23718750,-0.0455471191322843,0.0764342401589342,0.007687174455996,0.13773312115209
23734375,-0.0444320530425801,0.0768818667224229,-0.000689133162045222,0.0723027814305368
23750000,-0.0433399621040725,0.0773504167230828,-0.12530187188179,0.0897595966850238
23765625,-0.0422687288617948,0.0778416558720622,-0.0883223166372492,0.00495210257183963
23781250,-0.0412161931966215,0.0783573326302724,0.0820281708449734,0.178217941102775
23796875,-0.0401801434692034,0.0788991828515009,-0.120184354834435,0.134512784952208
23812500,-0.0391583068875668,0.0794689337334723,0.00977839223484267,-0.0293970774944805
23828125,-0.038148339067285,0.0800683070258153,-0.00105531938653956,0.0935039299199793
23843750,-0.0371478127499325,0.08069902143115,-0.00465844683375102,0.149490324265193
23859375,-0.0361542056434946,0.0813627941212806,0.125178441053271,0.119600679730349
23875000,-0.0351648873476192,0.0820613412746904,0.0192131081976421,0.0120738790182987
23890625,-0.0341771053273783,0.0827963775240516,-0.0206803215995641,0.1294237000399
23906250,-0.0331879699018611,0.0835696141831636,0.0474131105144636,0.107052644638945
23921875,-0.0321944382187715,0.0843827561015744,0.00647477408542033,0.0630462555770474
23937500,-0.0311932971937806,0.0852374969719661,-0.0133050869687059,0.104233063677657
23953125,-0.0301811454041319,0.0861355128902569,-0.0306056047712133,0.241043659843857
23968750,-0.029154373940585,0.0870784539412594,0.00355018126069015,-0.0463622190433571
23984375,-0.0281091462409289,0.0880679335537073,-0.0698224148244381,0.0433083836499017
24000000,-0.0270413769527313,0.0891055153378277,-0.157384519338987,0.027923917371678
24015625,-0.0259467099037731,0.0901926970865436,-0.00456757168996654,0.129527555865134
24031250,-0.024820495296606,0.091330891588503,-0.0575919637427611,0.0357350952544705
24046875,-0.0236577662901346,0.0925214038679927,-0.0374568671869705,0.0500137034489211
24062500,-0.0224532151871457,0.0937654044344384,0.169558964194658,0.117883171529462
24078125,-0.0212011695136688,0.0950638980937762,-0.187541731037784,0.150448466697629
24093750,-0.0198955683551684,0.0964176878471805,0.085788980480815,0.0325974579531118
24109375,-0.0185299394071647,0.0978273333814362,-0.00742657545306253,0.0234798327968753
24125000,-0.017097377305196,0.0992931036421495,-0.057349703572393,0.180582921839079
24140625,-0.0155905239220023,0.100814922979158,0.0735687909640225,0.128889143354541
24156250,-0.0140015514592689,0.102392310366557,-0.071681175308412,0.209701281190763
24171875,-0.0123221493174281,0.104024311232141,-0.112679718507457,0.0903793215772337
24187500,-0.010543515899548,0.10570942148793,0.0110642569995565,0.141258113359919
24203125,-0.00865635669309928,0.107445503440445,-0.0803711268620951,0.169542416207501
24218750,-0.00665089017392036,0.10922969338344,0.0825240459334645,0.11648999922594
24234375,-0.00451686328645238,0.111058300843516,0.0930716301244853,0.00981296476450417
24250000,-0.00224357846753166,0.112926699668606,-0.0945960018168942,0.147339715011418
24265625,0.000180065609701083,0.114829211428015,0.0228274218945838,0.123928103634292
24281250,0.00276551720031639,0.116758981938597,0.0322255846929448,0.121713306004585
24296875,0.00552449602129639,0.118707852151357,0.0340790261650957,0.134225932240289
24312500,0.00846889649107066,0.120666225132163,-0.0253858220527254,0.151211128494009
24328125,0.0116106669505265,0.122622931452602,0.0591667806882001,0.0607366037928235
24343750,0.014961662166557,0.124565095972577,0.105420007268281,0.235090785181463
24359375,0.0185334665576703,0.126478009740818,0.137647373902028,-0.0581477327096786
24375000,0.0223371858622499,0.128345011552916,-0.0549734868539512,0.0547649440927198
24390625,0.0263832054255951,0.130147384571393,0.0708699485924576,0.156940856977462
24406250,0.0306809139448541,0.13186427430231,-0.0447270907104516,0.105966704565941
24421875,0.0352383924130591,0.133472635100871,-0.0558429383170715,0.273791560067015
24437500,0.0400620691737968,0.134947213195727,0.152839195679594,0.114606295320778
24453125,0.0451563434582622,0.136260574915951,-0.112982964135375,0.0957588749426204
24468750,0.0505231815386393,0.137383189300878,0.044424402762335,0.072087744455344
24484375,0.056161691691513,0.138283574482417,0.155132377924488,0.2235075331515
24500000,0.062067686498647,0.138928517052743,0.0655450966594217,0.119164081040706
24515625,0.0682332435678495,0.139283372959655,-0.032732875155186,0.124600600735627
24531250,0.0746462784505336,0.139312457198061,0.0554399554475025,0.149747894943538
24546875,0.0812901462425221,0.138979527585135,0.17036860870008,0.129450722872546
24562500,0.088143290916658,0.138248365132535,0.193590334102782,0.159937704945198
24578125,0.0951789636417851,0.1370834499064,0.189736603033987,0.161782734876145
24593750,0.102365032944469,0.135450726787995,0.108084543537772,-0.0302391849363196
24609375,0.10966391028596,0.133318450274884,0.100494919938719,0.0371307137101114
24625000,0.117032614159894,0.130658091540573,0.109977810218915,0.107139593543324
24640625,0.124422993876425,0.127445284647826,0.0731862670768482,0.143946904526428
24656250,0.131782130538028,0.123660782448164,0.182746547522619,0.090167902812901
24671875,0.139052927166283,0.119291386770011,0.0889548935065674,0.12063581087729
24687500,0.146174892474153,0.114330812568978,0.108298785052454,0.0591768524162254
24703125,0.153085113536033,0.108780442415782,0.177665146523881,0.138415312273698
24718750,0.159719401945517,0.102649926663494,0.130895215850738,0.106259269905182
24734375,0.166013586556728,0.0959575864286297,0.0620164036231772,0.217870944964857
24750000,0.171904914392048,0.088730581540223,0.0672071147942228,0.0253897351970321
24765625,0.177333510755886,0.0810048140040695,0.201621885289328,0.151659991353055
24781250,0.18224384110016,0.0728245491121142,0.16844013312332,0.0374268485454033
24796875,0.186586111791181,0.0642417505374534,0.132617436110526,0.106688846978119
24812500,0.190317545503708,0.0553151416589376,0.197146405322441,0.0581732569675683
24828125,0.193403470071756,0.0461090217086346,0.179065215677337,-0.0187001366350725
24843750,0.195818167376413,0.0366918806941137,0.267283902324513,-0.0072435437228807
24859375,0.197545440864805,0.0271348699589844,0.062450607940311,-0.0971651145452132
24875000,0.198578875691341,0.0175101944231657,0.174281935579901,0.00867516695567074
24890625,0.198921782959193,0.00788949705623691,0.0503786409120559,-0.0470783143908556
24906250,0.198586837564935,-0.00165769446133523,0.225714161715698,0.0223165033242211
24921875,0.197595436099543,-0.0110653945318105,0.203991338550072,0.00666055833853511
24937500,0.19597681567078,-0.0202724054797945,0.166550965797157,0.0234377684677451
24953125,0.193766985252316,-0.0292233412444403,0.159917310478994,0.038115007220441
24968750,0.191007527557058,-0.0378694028518764,0.173636850276719,-0.0362359691724244
24984375,0.187744331304708,-0.0461688951754834,0.206878674363586,0.0100314066539156
25000000,0.184026311412696,-0.0540874891819041,0.270004620939147,-0.0863445103762039
25015625,0.179904168776603,-0.0615982465616415,0.112882434166625,-0.0757524323980786
25031250,0.175429232863302,-0.0686814335994259,0.219133195896889,-0.063669432242094
25046875,0.170652420364618,-0.0753241579737038,0.198648487962364,-0.0207183809157886
25062500,0.165623332666905,-0.0815198658651548,0.204349464079338,0.033963944950261
25078125,0.160389504761903,-0.0872677375714531,0.117892910746263,-0.034813093799329
25093750,0.154995809132183,-0.0925720182441681,0.109663472362596,-0.0885465610827893
25109375,0.149484010536373,-0.0974413169688847,0.0937771962613668,-0.0369620033970472
25125000,0.143892461717716,-0.101887902813034,0.16931524476217,-0.0811344782841924
25140625,0.138255925895684,-0.105927021238431,0.174620717347632,-0.102592614113331
25156250,0.132605509358737,-0.109576248902987,0.0310950945382929,-0.151645822480688
25171875,0.126968686343234,-0.112854899736068,0.142051793906851,-0.118651768971189
25187500,0.121369398393422,-0.11578349052826,0.1502920113434,-0.161725620763484
25203125,0.115828211269673,-0.118383270287851,0.0228657212038709,-0.0987839924699718
25218750,0.110362513940212,-0.120675814352261,0.00434752343413509,-0.0718071200477273
25234375,0.104986746019877,-0.12268268170398,-0.0313189990183077,-0.0732339271285745
25250000,0.0997126420142962,-0.124425132078633,0.0986405931607244,-0.111106689075997
25265625,0.0945494827386915,-0.125923898189464,0.188524135880765,-0.166770593481343
25281250,0.0895043461993196,-0.127199007633624,0.210547788862276,-0.130639405166648
25296875,0.084582351980749,-0.128269648693994,0.101054353727907,-0.0983782117182478
25312500,0.0797868947327092,-0.129154074212483,0.128070872177264,-0.0719511064486656
25328125,0.0751198636791498,-0.129869537903091,0.0372780306316828,-0.197197945892269
25343750,0.0705818461792453,-0.130432257823714,-0.0937846866082929,-0.153069099479723
25359375,0.0661723142676845,-0.130857402175554,0.086038918952759,-0.107675322425
25375000,0.0618897938088604,-0.131159093101472,-0.00121893076772385,-0.0913302248784224
25390625,0.0577320164398355,-0.131350424674274,-0.0651133706687896,-0.329992561638418
25406250,0.0536960548746748,-0.131443491777076,0.140585235045054,-0.12662319394836
25421875,0.0497784424215839,-0.131449427062937,0.0364989053501441,-0.237619600642121
25437500,0.0459752777469315,-0.13137844362868,0.0245636822457522,-0.157482004390093
25453125,0.04228231602612,-0.131239881442193,0.00527110862395571,-0.0896466149936847
25468750,0.0386950476680107,-0.131042255920893,0.059097968668579,-0.232516562784198
25484375,0.035208765801747,-0.130793307371754,0.0443308872951534,-0.0940294677201697
25500000,0.0318186236844826,-0.13050005027231,-0.0462942784976096,-0.161648300267229
25515625,0.0285196831356005,-0.130168821600449,-0.0324300335360556,-0.140936118637156
25531250,0.025306955035251,-0.129805327612393,0.049134860798834,-0.255017876795487
25546875,0.0221754328486964,-0.129414688627084,0.124869038101354,-0.149694512219437
25562500,0.0191201200574374,-0.129001481505227,0.100841210578142,-0.128561739323662
25578125,0.016136052297126,-0.128569779616437,-0.0764553126582987,-0.122867564668154
25593750,0.0132183149230352,-0.128123190171874,-0.0362919962845556,-0.145804810044874
25609375,0.0103620566484178,-0.127664888865721,0.0652082234804892,-0.154179763582436
25625000,0.0075624998301981,-0.127197651819769,0.0373713135034107,-0.0874828458141416
25640625,0.00481494791109021,-0.126723884863847,0.051192328402973,-0.220711709779746
25656250,0.00211479046754936,-0.126245650213038,-0.101973580931826,-0.112717026194257
25671875,-0.000542493740913265,-0.125764690622558,0.0505152958924464,-0.151296774125107
25687500,-0.00316133537366289,-0.125282451114351,0.0460701011143014,-0.16962788823921
25703125,-0.00574607445742174,-0.124800098377373,-0.0800626424405192,-0.205690851917496
25718750,-0.0083009614140694,-0.124318537947294,0.0212014176487371,-0.0962669910479512
25734375,-0.0108301589331549,-0.123838429271832,-0.0192750757226559,-0.185898650936122
25750000,-0.0133377444826652,-0.123360198766072,-0.117285458756782,-0.137962906386184
25765625,-0.0158277132755359,-0.122884050958498,0.100350349571548,-0.295193955413172
25781250,-0.0183039815296276,-0.122409977823548,-0.0299068624686311,-0.211841264905133
25796875,-0.0207703898755841,-0.121937766390906,0.13295246036909,-0.0883868786292813
25812500,-0.0232307067805607,-0.121467004715658,0.0338699878198416,-0.145049256413448
25828125,-0.0256886318664898,-0.120997086287322,-0.0415444247448239,-0.232337202896021
25843750,-0.0281477990095722,-0.120527212949711,-0.0506055150642695,-0.0180707223728512
25859375,-0.0306117791133255,-0.120056396398034,-0.146942833051011,-0.172935299396407
25875000,-0.0330840824509061,-0.119583458314577,0.0745909800413092,-0.090091648233418
25890625,-0.0355681604738237,-0.119107029200049,-0.0904465225583677,-0.033258054732287
25906250,-0.0380674069836084,-0.118625545954404,-0.146357598473923,-0.0605618669430437
25921875,-0.0405851585608097,-0.118137248258741,0.0305444697004046,-0.141426101827106
25937500,-0.0431246941418033,-0.117640173809047,-0.0743586327565212,-0.0763746364538873
25953125,-0.0456892336286145,-0.117132152453186,-0.147896505199889,-0.173481035693614
25968750,-0.0482819354103184,-0.116610799284942,-0.0990347014609899,-0.157767742340974
25984375,-0.0509058926667299,-0.116073506753222,-0.0200018720281698,-0.259709365751633
26000000,-0.0535641283162981,-0.115517435851111,-0.0378517589416919,-0.0252229753924282
26015625,-0.0562595884603899,-0.114939506458501,-0.143543404409572,-0.170226548283585
26031250,-0.0589951341659306,-0.114336386923882,-0.145932137494428,-0.165514041695097
26046875,-0.0617735314177716,-0.113704482985843,-0.0982952547908389,-0.0718248406143844
26062500,-0.0645974390615758,-0.113039926153356,-0.0202061344662893,-0.122246848132462
26078125,-0.0674693945479962,-0.11233856168621,0.0146906398472823,-0.0846603545744975
26093750,-0.070391797279779,-0.111595936343596,-0.0115930994311075,-0.154066671968513
26109375,-0.0733668893559935,-0.110807286100025,-0.0612258003870134,-0.0396186185216077
26125000,-0.0763967335025234,-0.109967524063976,-0.0926182023827736,-0.228915969844943
26140625,-0.0794831879762672,-0.109071228876152,-0.106458554785776,-0.168527862332097
26156250,-0.0826278782332343,-0.108112633911246,0.0527187526158726,-0.0829526185544348
26171875,-0.0858321651591347,-0.107085617659818,-0.112979634680006,-0.198572911490594
26187500,-0.0890971096768884,-0.105983695725166,-0.202304170656712,-0.135869374455468
26203125,-0.0924234335700254,-0.104800014933799,-0.114874208236985,0.0423637714425761
26218750,-0.0958114763965603,-0.103527350126605,-0.0353416383014769,-0.12962626726534
26234375,-0.0992611484163796,-0.102158104270271,-0.0533819425219365,-0.16697692555554
26250000,-0.102771879519024,-0.100684312603442,-0.0614426544596247,-0.130183790616698
26265625,-0.106342564220121,-0.099097651607712,-0.128877900515298,0.00989447567785867
26281250,-0.109971502896195,-0.0973894536670579,-0.119849073501024,0.00209792756716795
26296875,-0.113656339551479,-0.0955507283473823,-0.205496754756913,-0.0554180192506175
26312500,-0.117393996558432,-0.0935721912862529,-0.118718551766944,-0.14751405501084
26328125,-0.121180606987903,-0.0914443017261976,0.015950921182082,-0.0577224107112274
26343750,-0.125011445345593,-0.0891573097469977,-0.0481101207844569,0.00800972680805891
26359375,-0.128880857758729,-0.0867013142458042,-0.0051333184711437,-0.163911032197372
26375000,-0.132782192908658,-0.0840663326704045,-0.235316777569987,-0.205309168900926
26390625,-0.136707735277814,-0.081242383421556,-0.0635607584686471,-0.0322919266582678
26406250,-0.140648642567223,-0.0782195816954319,-0.0801849673195056,0.00586040985229476
26421875,-0.144594889434583,-0.0749882493274689,-0.268130255238178,-0.104409976816522
26437500,-0.14853521999093,-0.0715390389154195,-0.0597396777890307,0.0387246213975999
26453125,-0.152457111760839,-0.0678630721348938,-0.123544055317544,-0.112245849684926
26468750,-0.156346754037695,-0.0639520917104274,-0.196896157492932,-0.0421516772872528
26484375,-0.160189043729941,-0.0597986259680828,-0.186594054907529,-0.0228478561787461
26500000,-0.163967601870836,-0.0553961642761283,-0.183027206643238,0.0149629289132557
26515625,-0.16766481392657,-0.0507393409888767,-0.184368416382334,0.0785928095962273
26531250,-0.171261896858194,-0.0458241247638914,-0.148565971294383,0.0568963648588574
26546875,-0.174738995546252,-0.0406480093514152,-0.167427336155233,0.0260645348987808
26562500,-0.178075310652259,-0.0352102011933923,-0.160475593802238,-0.0500439504418415
26578125,-0.181249259254595,-0.0295117984626529,-0.291046999484348,-0.0824681669677436
26593750,-0.184238668654682,-0.0235559555735651,-0.102731007892296,-0.121475180209441
26609375,-0.187021002613416,-0.0173480267613307,-0.149576671260384,0.0303117644246592
26625000,-0.189573617974771,-0.0108956821173451,-0.112098148063259,-0.0164748466289379
26640625,-0.191874048208562,-0.00420898953874281,-0.109783312920038,0.0378517809680661
26656250,-0.193900308921245,0.00269954355170602,-0.237326972568748,-0.0657499115198672
26671875,-0.195631218922959,0.00981497410204607,-0.204245381665753,0.0659315483750174
26687500,-0.19704672909408,0.0171199772038832,-0.215600855026623,0.0835389345233355
26703125,-0.198128250166078,0.0245949525207004,-0.29565981718399,-0.0292713654244443
26718750,-0.198858969718802,0.0322181843617946,-0.180118179000199,0.0248895768205292
26734375,-0.199224148288685,0.0399660543692251,-0.236002574891315,-0.0770457492192744
26750000,-0.199211384548947,0.0478133036319034,-0.200924532068933,-0.0235776198215812
26765625,-0.198810840103524,0.0557333388812864,-0.252984825927039,0.0276091593892287
26781250,-0.198015415535308,0.0636985753933481,-0.177989057796493,-0.00504349875200456
26796875,-0.196820870930224,0.0716808074589802,-0.170558773730613,0.132297877358711
26812500,-0.195225886086285,0.0796515959148243,-0.152870773958996,0.228028225626539
26828125,-0.193232057900401,0.08758266134953,-0.181540912046711,0.0891991854195161
26843750,-0.19084383486834,0.0954462712833671,-0.244780768095493,0.165671825171283
26859375,-0.188068391083551,0.103215609885571,-0.300611390592659,0.106119836155744
26875000,-0.184915444426084,0.110865119625136,-0.0853639431868744,0.10031545584228
26890625,-0.181397025654458,0.118370805583603,-0.207182388097735,0.0982975758633732
26906250,-0.177527206736721,0.125710494895904,-0.0964887890120261,0.168458981056809
26921875,-0.173321797902563,0.132864045803007,-0.227301499159579,0.151570052309137
26937500,-0.168798023525572,0.139813502961529,-0.211554573114712,0.0900602051003895
26953125,-0.163974187053793,0.146543197822367,-0.223981936460957,0.157591156871272
26968750,-0.158869334834424,0.153039794936319,-0.204673488488915,0.232766146871467
26984375,-0.153502927891753,0.159292286863581,-0.138535689550571,0.164009541232328
27000000,-0.147894529604984,0.165291941877022,-0.154484804685599,0.168097803444289
27015625,-0.142063515894119,0.171032209807748,-0.132746294326767,0.216313610979018
27031250,-0.136028813059642,0.176508592167031,-0.0602188993492997,0.147844495923642
27046875,-0.129808666931138,0.18171848309949,-0.202057936774601,0.0979968985418881
27062500,-0.123420445543941,0.186660987809273,-0.162750203661258,0.338700717550025
27078125,-0.116880476248282,0.191336724900172,-0.182581495876167,0.272707606650148
27093750,-0.110203917009475,0.195747618638889,-0.121584721758198,0.0290749442549997
27109375,-0.10340466071015,0.199896686548181,-0.1092598497975,0.20805601725215
27125000,-0.0964952705283952,0.203787827022817,-0.10835440993043,0.217607378890499
27140625,-0.0894869439373103,0.207425610890536,-0.0468245598509862,0.140494233548605
27156250,-0.0823895025385142,0.210815080059565,-0.0623697986831921,0.0979169854399258
27171875,-0.0752114047838893,0.213961555641943,-0.0879627731978907,0.263508955378609
27187500,-0.0679597786305624,0.216870457246763,-0.0876318252821357,0.182553170437099
27203125,-0.0606404712861368,0.219547134519798,-0.0316288146084772,0.214685593540457
27218750,-0.0532581134068202,0.221996711477993,-0.0140119544421076,0.212225669925352
27234375,-0.0458161953843729,0.224223943754852,-0.0978805956075827,0.405640096683841
27250000,-0.0383171536754352,0.226233088536163,-0.0970823196391804,0.296231112770257
27265625,-0.0307624654686376,0.22802778672171,0.0655042391367176,0.314271925561519
27281250,-0.0231527503340904,0.229610956691692,-0.0385323181729776,0.164836104712213
27296875,-0.0154878778431615,0.230984698979216,0.00272712747799558,0.274850548275622
27312500,-0.00776708047270696,0.232150211144671,0.212607393475447,0.333577200307974
27328125,1.09285905162783e-05,0.233107712206126,0.0194480563472141,0.275682859985999
27343750,0.00784783285988397,0.233856376094835,0.0784855374096433,0.24391857906735
27359375,0.0157455850548245,0.234394273769898,-0.0271166088598174,0.215796201745104
27375000,0.0237062743923152,0.234718323835233,0.0285614765362347,0.161637651946104
27390625,0.031731988207616,0.234824251750198,-0.0480505226854467,0.174790832147887
27406250,0.0398246673521119,0.234706558007836,0.077062972934393,0.283342924710744
27421875,0.0479859547760257,0.234358495967142,0.0472772769007409,0.152704072379299
27437500,0.0562170367255921,0.233772060363257,0.134132279738075,0.274167213475984
27453125,0.0645184760751977,0.232937987876144,0.145565533117706,0.19863770372679
27468750,0.0728900374835412,0.231845771506859,0.0292606147736911,0.177151617472402
27484375,0.0813305043181448,0.230483690881264,0.0834800199538571,0.263327180073761
27500000,0.0898374876447165,0.228838860961273,0.0411568995467678,0.234516163047453
27515625,0.0984072280357772,0.22689730197692,0.129079876297866,0.299141669292533
27531250,0.107034391526128,0.224644033677329,0.0435250158269792,0.294357787167992
27546875,0.115711861735918,0.22206319720885,0.0264310002807122,0.209308990579508
27562500,0.124430530998007,0.219138208031886,0.185750760856627,0.237055034682447
27578125,0.133179094259405,0.215851943246932,0.211722084931799,0.213549692187616
27593750,0.141943850563509,0.212186966472471,0.144957483014876,0.0870742276900329
27609375,0.150708518035357,0.208125792956692,0.255799145789225,0.182846999655803
27625000,0.159454069445493,0.203651196864958,0.134139852693873,0.231407231782268
27640625,0.168158596563049,0.19874656162131,0.201889337378596,0.158557205657108
27656250,0.176797212548376,0.193396272759576,0.117123124409676,0.208567071501498
27671875,0.185342002484662,0.187586150936426,0.23961879250952,0.250956636689999
27687500,0.19376203269268,0.181303920576279,0.272333298025917,0.099104204404279
27703125,0.202023429584675,0.174539707088544,0.179188886300951,0.214953008849824
27718750,0.210089538358702,0.167286552792398,0.215352561554108,0.20919053784749
27734375,0.217921170682868,0.159540938721033,0.321044931416477,0.239481644448035
27750000,0.225476948560694,0.151303296523564,0.164035667819217,0.219537555938295
27765625,0.232713748732083,0.142578491955964,0.284164511625275,0.157255914230661
27781250,0.239587248236067,0.133376259211469,0.245288095126613,0.0861477274451342
27796875,0.246052567205893,0.123711563872051,0.246692684424094,0.179304308986523
27812500,0.252064999742396,0.113604871853836,0.164385170870811,-0.0576869806160574
27828125,0.257580818077738,0.103082302630189,0.122404310242119,0.0847815768676894
27843750,0.262558129556652,0.0921756474394466,0.146335397845261,0.0698224080092665
27859375,0.266957760665735,0.0809222372075097,0.351119620887755,0.105341936837397
27875000,0.270744137919841,0.0693646504888053,0.219454624119225,0.178083580075951
27890625,0.273886132355748,0.0575502586405606,0.27844146552027,0.0807237186893946
27906250,0.276357833116706,0.0455306133197426,0.251806006806813,-0.00141712088986596
27921875,0.278139216450297,0.0333606897048456,0.2551737756713,0.0387357212046904
27937500,0.279216679527469,0.0210980069674881,0.127191637409051,0.0754663655590242
27953125,0.279583413756156,0.00880165477829829,0.406151124032757,-0.0967935707575868
27968750,0.279239599421252,-0.00346873961376226,0.257491781028392,0.0276284865770788
27984375,0.278192412043046,-0.0156540654701646,0.271179508870618,-0.0632464390398277
28000000,0.27645584016127,-0.0276967642312428,0.319758670533746,0.0656441714899555
28015625,0.274050323587949,-0.0395418083621067,0.233269785131403,-0.00389031741064042
28031250,0.27100222979326,-0.0511375885625888,0.245059571828368,-0.122677435160448
28046875,0.267343193340542,-0.0624366801770342,0.297616424058586,-0.0102270393151208
28062500,0.263109348668736,-0.0733964668263132,0.252538779541378,-0.0581378493728379
28078125,0.258340489733466,-0.0839796073724286,0.0835467502217353,-0.0849905665099432
28093750,0.253079190983179,-0.0941543406411673,0.358332275478349,-0.161262233399837
28109375,0.247369922994458,-0.103894630238504,0.242597930300528,-0.160440494001815
28125000,0.241258193125526,-0.113180158770565,0.14260216293226,-0.0483929970599565
28140625,0.23478973719318,-0.121996186430873,0.346976318531376,-0.222627404215009
28156250,0.228009782921598,-0.130333293031334,0.100862950550161,-0.163352137519577
28171875,0.220962400239207,-0.138187025066268,0.347810624640771,-0.186997230637887
28187500,0.213689947854415,-0.145557470392573,0.181944143190075,-0.0920945129552854
28203125,0.206232620285968,-0.152448782770793,0.235761220331792,-0.173281480740725
28218750,0.198628094923573,-0.158868677098266,0.189943899550317,-0.185903078324345
28234375,0.190911274913447,-0.16482791396292,0.208890033029545,-0.173691181273058
28250000,0.1831141207706,-0.170339789441412,0.14589666804241,-0.116621311492761
28265625,0.175265561605642,-0.175419643118589,0.0571695107123589,-0.262921580880528
28281250,0.167391475650523,-0.18008439433569,0.165675699241421,-0.120678849386108
28296875,0.159514729266043,-0.18435211385329,0.154542023763258,-0.308436303266139
28312500,0.151655263686641,-0.188241635560672,0.119929395088893,-0.203847561478227
28328125,0.143830219269724,-0.191772210650556,-0.0088718261168421,-0.245302219182051
28343750,0.136054087840451,-0.19496320484006,0.0464799064478413,-0.202791467324555
28359375,0.128338884743237,-0.19783383775852,0.240368868820747,-0.279891244518517
28375000,0.120694333332859,-0.2004029625196,-0.00433695399559768,-0.289348155170994
28390625,0.113128055783511,-0.202688882713832,0.194691232770847,-0.254579049079238
28406250,0.105645765206156,-0.204709203554662,0.166894037975189,-0.150189972217124
28421875,0.0982514551030521,-0.206480713639019,0.190373489987053,-0.262576252057946
28437500,0.0909475831272906,-0.208019293696654,0.12654084757827,-0.249256340496202
28453125,0.0837352469420257,-0.209339848757781,0.115202214809679,-0.286729722905615
28468750,0.0766143506838783,-0.210456260328322,0.0760273291836106,-0.0335249996919866
28484375,0.0695837611307873,-0.211381355393839,0.0724704473925414,-0.257037669272701
28500000,0.0626414531634684,-0.212126889350601,-0.0147908302096818,-0.110456084266176
28515625,0.0557846445012658,-0.212703540264223,-0.00993380250280543,-0.218244253156111
28531250,0.0490099199993433,-0.213120912166818,-0.0584222676990137,-0.176622610544817
28546875,0.0423133460261422,-0.213387545410939,0.148512782861719,-0.194214183400355
28562500,0.035690575609683,-0.213510932394644,-0.10760127774713,-0.269383859508918
28578125,0.029136945158663,-0.213497537251537,0.0948461366686971,-0.396135124836033
28593750,0.0226475636393589,-0.213352818359859,-0.0172478162930677,-0.2349066951836
28609375,0.0162173951298275,-0.213081252764332,-0.0247479727133334,-0.0885116559485341
28625000,0.00984133568598714,-0.212686361823751,0.0249330493159184,-0.365690302992794
28640625,0.00351428544528111,-0.212170737597268,-0.0379601964132425,-0.190735294129328
28656250,-0.00276878313290713,-0.211536069664422,-0.072246154741216,-0.155561514984554
28671875,-0.00901276003148623,-0.210783172240196,-0.0355716202086817,-0.132150126382681
28687500,-0.0152223346389289,-0.209912011598633,0.164365939574922,-0.191433613914713
28703125,-0.0214019341693739,-0.20892173395862,-0.06081155859501,-0.0664679365528782
28718750,-0.0275556628709513,-0.207810694115026,0.0656702197216745,-0.202037778119163
28734375,-0.0336872414377323,-0.206576485218637,0.0858700829601527,-0.131777984458102
28750000,-0.0397999461353667,-0.205215970220081,-0.0219588787851992,-0.207057211771589
28765625,-0.0458965472573005,-0.203725315596333,-0.00819880644350789,-0.314608482895011
28781250,-0.051979246648485,-0.202100028073002,-0.0146731729981555,-0.241963801192855
28796875,-0.0580496141687793,-0.200334995140145,-0.086804596214306,-0.158354122760955
28812500,-0.0641085231196243,-0.19842453023195,0.217834852164647,-0.233039407442933
28828125,-0.0701560848271728,-0.196362423498109,-0.0408160515473773,-0.096531928354195
28843750,-0.0761915827634176,-0.19414199913345,0.0503575074127537,-0.218941142288653
28859375,-0.082213406794295,-0.191756180247516,-0.129129228312977,-0.0865271325875236
28875000,-0.0882189883698237,-0.189197562241608,-0.0837893112971658,-0.165824069971455
28890625,-0.0942047377138187,-0.186458495610985,-0.218358798034758,-0.146714339903604
28906250,-0.10016598432646,-0.183531178997262,-0.142803176621487,-0.143309645219403
28921875,-0.106096922375765,-0.180407763173542,-0.227270502373691,-0.200712765775438
28937500,-0.11199056281678,-0.17708046644498,-0.0474765937045571,-0.0800742368923446
28953125,-0.11783869432899,-0.173541701684128,-0.239919612361448,-0.171810743154422
28968750,-0.123631855390027,-0.169784214888576,-0.0516005802889759,-0.216157302717985
28984375,-0.129359319991706,-0.165801234745097,-0.12727373591521,-0.245149116469118
29000000,-0.135009099633569,-0.161586632210773,-0.15040819647954,-0.287823862090695
29015625,-0.140567964279887,-0.157135088581841,-0.271077518402681,-0.189897055358135
29031250,-0.146021484916262,-0.152442269925771,-0.121792905466844,-0.126090826320652
29046875,-0.151354100170647,-0.147505005117628,-0.041767864973241,-0.236279466495372
29062500,-0.156549209151069,-0.142321464071383,-0.165775341021413,-0.0432888674579069
29078125,-0.16158929218292,-0.136891332120959,-0.119885021866078,-0.142678991346237
29093750,-0.16645606049325,-0.131215975921126,-0.217622857936255,-0.126535134387296
29109375,-0.171130635086834,-0.125298595748034,-0.217119716393961,-0.101822904836223
29125000,-0.175593754099717,-0.119144358728757,-0.12912402620428,-0.14305593991143
29140625,-0.179826006823311,-0.112760507365975,-0.253973789487722,-0.20926504752782
29156250,-0.183808091403258,-0.106156437791701,-0.167500513585405,-0.0281917574207879
29171875,-0.187521091983976,-0.0993437425188044,-0.306767485475045,-0.143985441473113
29187500,-0.190946769855743,-0.0923362130861056,-0.240030251386901,-0.016674849711252
29203125,-0.19406786204107,-0.0851497989189852,-0.314291671067121,-0.200553829416365
29218750,-0.196868379809773,-0.0778025199414098,-0.232896699161678,0.0247662466221236
29234375,-0.199333898916676,-0.0703143319407348,-0.241642321627071,-0.0406820313357809
29250000,-0.201451832982798,-0.0627069453464706,-0.092712646887988,-0.0514880772106989
29265625,-0.203211681446291,-0.0550035998583056,-0.182715222205626,0.144505065262651
29281250,-0.204605243927317,-0.047228799150671,-0.282561654652148,0.0424809456023797
29296875,-0.205626793688122,-0.0394080115849245,-0.074326447230024,0.0157592890616499
29312500,-0.206273204102559,-0.0315673443667776,-0.307220975335911,-0.0651194548752575
29328125,-0.206544023623793,-0.0237331997957561,-0.120632615096601,-0.13913126426405
29343750,-0.206441496573323,-0.0159319230811662,-0.0910023663753367,0.135179231911664
29359375,-0.205970529065086,-0.00818945158682531,-0.18716157521376,-0.206777574311809
29375000,-0.205138601408495,-0.00053097528699818,-0.196899555391721,-0.0185774718774868
29390625,-0.203955630283577,0.00701938232574096,-0.202814093554902,-0.122238483993862
29406250,-0.202433785736774,0.0144388546039266,-0.172387969643235,-0.0341503684516714
29421875,-0.200587269510841,0.0217062864218328,-0.350819240540866,0.122753640310661
29437500,-0.198432062324151,0.0288023477895056,-0.0749167575060444,0.0274183760928334
29453125,-0.195985648410193,0.035709702770589,-0.314706790796224,0.0281644364204031
29468750,-0.193266725904533,0.0424131318631678,-0.234846091359112,0.141628498666538
29484375,-0.190294911540672,0.0488996077439644,-0.150361681697745,0.150634342388518
29500000,-0.187090447630422,0.0551583258736224,-0.184345684812019,0.126701674313635
29515625,-0.183673918520217,0.0611806928434281,-0.0202314184314425,0.0520648234045198
29531250,-0.180065982706194,0.0669602764611729,-0.134032289686307,0.10602345200138
29546875,-0.176287125637083,0.0724927223991573,-0.148192031263896,0.069869460834045
29562500,-0.172357437012624,0.0777756427557731,-0.246348111103401,0.0645729294111003
29578125,-0.168296415166894,0.0828084821272715,-0.172822863430114,0.114436018567933
29593750,-0.164122799970246,0.0875923667775747,-0.131045483153278,0.094479536457972
29609375,-0.159854434636815,0.092129942269994,0.0633566959459781,-0.0447369916773525
29625000,-0.155508155918755,0.0964252045309127,-0.106186642162228,0.0918005444572901
29640625,-0.151099711421978,0.100483328798136,-0.137927189748429,0.129199446860287
29656250,-0.146643702197473,0.104310500310537,-0.167779343085515,0.0916872231042255
29671875,-0.142153548343066,0.107913749961487,-0.111249435033222,0.0564172721047644
29687500,-0.137641475081323,0.111300797500549,-0.15020741990553,0.067111030007721
29703125,-0.133118516642961,0.114479904253817,-0.24593973686099,0.169839390933835
29718750,-0.128594535261368,0.117459736763796,-0.192971066977355,0.0696618160220432
29734375,-0.124078252651436,0.120249242238735,-0.0491149336296319,-0.0197336894119294
29750000,-0.119577291483497,0.122857536257148,-0.0208205003326508,0.23318796093148
29765625,-0.115098224551206,0.125293802799015,-0.278305973184643,0.114166566875552
29781250,-0.110646629553057,0.127567206370221,-0.270102939568845,0.185297198103062
29796875,-0.106227147645964,0.129686815747379,-0.166701524549236,0.200783250387477
29812500,-0.101843544173619,0.131661538690836,-0.020317183173608,0.289759158111524
29828125,-0.0974987702125078,0.133500066847394,-0.118759361250535,0.200671346534449
29843750,-0.0931950238076144,0.135210829983605,-0.0812999811539344,0.236785505098097
29859375,-0.088933809982462,0.136801958648125,-0.154112964251246,0.105622356745857
29875000,-0.0847159988017469,0.138281254350116,-0.159054281444717,0.137337560048942
29890625,-0.0805418809371573,0.139656166353587,-0.138473617674527,0.278300950826984
29906250,-0.0764112203380908,0.140933774218845,-0.0618630995601993,0.257661648235854
29921875,-0.0723233037389911,0.142120775266848,0.089177155783943,0.0955439243859428
29937500,-0.0682769868453112,0.143223476195691,-0.0901988796157995,0.150483557673234
29953125,-0.0642707371319943,0.144247788137288,-0.0983541918101988,0.0850998416715152
29968750,-0.0603026732637408,0.145199224503595,-0.0554877293039587,0.135998794780835
29984375,-0.056370601207162,0.146082901033155,0.0364842565428553,0.208339532939063
30000000,-0.0524720471530441,0.146903537508668,-0.0512349934347102,0.107743210330444
