frequency_hz,H_true_real,H_true_imag,H_hat_real,H_hat_imag
2000000,-0.427945447694802,0.0314721516069162,-0.436459577662181,0.0545002509579457
2015625,-0.432981854590959,0.0555903421186157,-0.422843632952322,0.054631087745055
2031250,-0.435827846063697,0.0804928049493266,-0.436916160664117,0.0944516061320314
2046875,-0.436365010629083,0.105859797668286,-0.440853868812373,0.110305038523771
2062500,-0.434540006605757,0.131350533947929,-0.445240902428594,0.148306487328573
2078125,-0.430368448198245,0.156619859652184,-0.412756672391591,0.174724030009593
2093750,-0.423933710072635,0.181335421546949,-0.426063799356671,0.175795488421257
2109375,-0.415380800309403,0.205193573566052,-0.422238200859949,0.212515825326853
2125000,-0.404906105494837,0.227932478776354,-0.397511481028504,0.217844079080876
2140625,-0.392744299011044,0.249341326050822,-0.376205619887384,0.258889887173334
2156250,-0.37915393775381,0.269265176541063,-0.379698530002738,0.289365678489424
2171875,-0.364403236994651,0.287605553092419,-0.354679660433313,0.290928550850654
2187500,-0.34875725649278,0.304317371696417,-0.339649415951196,0.300238167908446
2203125,-0.332467342254465,0.319403120238359,-0.317702786349774,0.316909288530508
2218750,-0.315763245144282,0.332905302163824,-0.316767168222109,0.321658949156215
2234375,-0.298847959784238,0.344898110716048,-0.293053695945525,0.337217721372354
2250000,-0.281895043226212,0.355479136592032,-0.282194623832032,0.36514922202107
2265625,-0.265047998624971,0.364761696135498,-0.257516000055712,0.366025293560788
2281250,-0.248421235545779,0.372868146877832,-0.262148944625057,0.366023009141097
2296875,-0.232102122515478,0.379924364673362,-0.217824962566877,0.36015739281286
2312500,-0.216153701643863,0.386055407903529,-0.224842762211176,0.394430381083955
2328125,-0.200617714796453,0.391382292459977,-0.204547333630636,0.385423961902293
2343750,-0.185517676962168,0.396019741496286,-0.170838333675852,0.398463450944858
2359375,-0.17086181280643,0.400074747373876,-0.168597672636759,0.408552381696037
2375000,-0.156645740366663,0.403645780101475,-0.14447436336495,0.408086684161673
2390625,-0.142854839128845,0.406822488168955,-0.161385746384666,0.38471958662449
2406250,-0.129466278741991,0.409685757119715,-0.111108109638302,0.4244717711478
2421875,-0.116450711265313,0.412308013569799,-0.0991725034988492,0.40926645016595
2437500,-0.103773646548066,0.414753684478637,-0.10463388413832,0.446758575507572
2453125,-0.0913965395703352,0.417079741472821,-0.104757199729541,0.421086848234519
2468750,-0.0792776224935321,0.419336277052329,-0.0869324557093963,0.416870842848283
2484375,-0.067372514548682,0.421567073328835,-0.0625971734734202,0.411338954277824
2500000,-0.0556346410844062,0.42381013468937,-0.0584823141770982,0.423232001493323
2515625,-0.0440154900955426,0.426098163765658,-0.045645561605075,0.434038547482369
2531250,-0.0324647310530976,0.428458965708416,-0.0514308904939783,0.411211682562112
2546875,-0.0209302173280842,0.430915769402619,-0.0335735786098083,0.44436476634941
2562500,-0.0093578902587028,0.433487456257781,-0.0217536051369255,0.446152302972499
2578125,0.0023083998385291,0.436188687851718,-0.00124093225793385,0.447035153713126
2593750,0.0141271425170204,0.439029923219672,-0.00395714513184345,0.430381833289031
2609375,0.0261594740417275,0.44201731512882,0.0247683170070189,0.431859244988078
2625000,0.0384695307790257,0.445152472380071,0.0165943446279462,0.454300894937527
2640625,0.0511248370297088,0.448432072121409,0.0443447685340188,0.442892170106863
2656250,0.0641967132282111,0.451847302413839,0.0791041359820807,0.446474897700932
2671875,0.0777606868323241,0.455383110948737,0.0758571184770924,0.471399717808486
2687500,0.0918968825760008,0.459017231009002,0.0737660035955735,0.454116155015266
2703125,0.106690360491119,0.462718950729636,0.0816435305185641,0.467269829789822
2718750,0.122231358500284,0.46644758685245,0.12007572176373,0.472945790307839
2734375,0.138615380545084,0.470150620167522,0.140911280628266,0.459111353587388
2750000,0.15594305007854,0.473761447800732,0.15799692253475,0.47903471179027
2765625,0.17431962113639,0.477196709184057,0.171216444050674,0.462823112693943
2781250,0.193854003946364,0.480353150583047,0.199528449974876,0.471522988652584
2796875,0.214657118269201,0.483104011357553,0.234953866118392,0.490870384754204
2812500,0.236839335327474,0.485294949253382,0.220539640864421,0.535540511124255
2828125,0.26050670988743,0.486739579555914,0.293818779684919,0.472963314860862
2843750,0.285755642517899,0.487214793716497,0.27725703884391,0.48519203381246
2859375,0.312665558140996,0.486456158881919,0.291677595684446,0.473277924769111
2875000,0.34128915865147,0.484153893028941,0.354683178066775,0.489576473185688
2890625,0.371639834099441,0.479950170876965,0.36759636809565,0.472141122743391
2906250,0.403675943044655,0.473438844046955,0.410496978253818,0.477199138347137
2921875,0.437281958604149,0.464169035587601,0.435844802758091,0.449315997454538
2937500,0.472246994270655,0.451654438285905,0.459964127203026,0.451661423726234
2953125,0.508242039678152,0.435390396455754,0.499101203226631,0.421125011902223
2968750,0.544798377729771,0.414880798116815,0.530678581372615,0.407436149301933
2984375,0.581291048066132,0.389676194400297,0.578199342800236,0.3866747486994
3000000,0.616932618987712,0.359423116985095,0.622705252244467,0.350997028807266
3015625,0.650783442364258,0.323922096357325,0.639001667359795,0.345327305317145
3031250,0.681784279514768,0.283188496467452,0.688765987459652,0.282422462624463
3046875,0.708814937393754,0.237506590516369,0.706747470950961,0.233956568218647
3062500,0.730777923623298,0.18746454457973,0.755801194790782,0.185781951675014
3078125,0.746699560284659,0.133957789761089,0.759989711772956,0.146156977321938
3093750,0.755834149939828,0.0781520136291459,0.732897013393628,0.114530037565251
3109375,0.75775229453108,0.0214048086383815,0.772190051856451,0.0217858641601263
3125000,0.752394872876984,-0.0348449251492766,0.756633205262506,-0.0469148599336799
3140625,0.740080448381802,-0.0892018364786524,0.72234664450591,-0.103082408057315
3156250,0.721464423431636,-0.140431090988691,0.743797053548215,-0.128534014203382
3171875,0.697459402673608,-0.187547655447712,0.687005120099267,-0.1980348802324
3187500,0.66913399259476,-0.229865941350009,0.671690529355791,-0.240248684501737
3203125,0.637609359676633,-0.267007945360442,0.640039515506178,-0.274646051323636
3218750,0.603969581291254,-0.298876728714013,0.591179818776672,-0.296680130245875
3234375,0.569195390347875,-0.325607048576289,0.585773134880393,-0.342723094103311
3250000,0.534124072799976,-0.347505803173785,0.504798897445115,-0.347696281044827
3265625,0.499433014906474,-0.364992783014651,0.499672976743953,-0.363708542171428
3281250,0.46564148522263,-0.378548672655209,0.477806573326042,-0.391094839786642
3296875,0.433124451242259,-0.388673706183925,0.439346798274744,-0.396970930070634
3312500,0.40213286437845,-0.395857633098718,0.400198200516512,-0.396372612314889
3328125,0.372816149884528,-0.400559927707091,0.386869457385725,-0.418336770590556
3343750,0.345244054332094,-0.403198350770046,0.354510199021691,-0.40708645102772
3359375,0.319426221189888,-0.404143782220031,0.315149250308818,-0.400033445356798
3375000,0.295328769630828,-0.40371942245218,0.297959704967275,-0.393457172189081
3390625,0.272887747145035,-0.40220280283432,0.274641567681391,-0.385967728633782
3406250,0.252019671654801,-0.399829423321938,0.265582400976009,-0.40504713996166
3421875,0.23262954540435,-0.39679717687894,0.216267806074193,-0.398062167730272
3437500,0.214616774759283,-0.393270998643327,0.207689454770813,-0.370275755886358
3453125,0.197879415749789,-0.38938738835702,0.188053109638155,-0.403234383234905
3468750,0.182317117951155,-0.385258605163727,0.187456891764984,-0.357426556225619
3484375,0.167833079909302,-0.380976436309386,0.179117556877694,-0.376680753057809
3500000,0.154335269647512,-0.376615507537188,0.157455155952844,-0.376335872265664
3515625,0.141737109806073,-0.372236143379655,0.148929195146304,-0.354459539062511
3531250,0.129957781046487,-0.367886808256499,0.144730225215973,-0.363240138905376
3546875,0.118922259849356,-0.363606170343212,0.108175176649331,-0.368913937368612
3562500,0.108561177080293,-0.359424833889226,0.114813833651662,-0.371543824127294
3578125,0.0988105605978824,-0.355366784992463,0.0992655266938561,-0.332945640926386
3593750,0.0896115075475315,-0.35145059274214,0.0635694229053663,-0.335256718929467
3609375,0.0809098187180769,-0.347690403383661,0.0689393146733673,-0.361679199294042
3625000,0.0726556174759249,-0.344096760516323,0.0716941182473356,-0.370228631142761
3640625,0.0648029685424906,-0.3406772797624,0.0429317067653739,-0.327021827618398
3656250,0.0573095066110608,-0.337437202092365,0.0517437160148808,-0.358056628353022
3671875,0.0501360810126238,-0.334379846171214,0.0394391816203201,-0.349585253283781
3687500,0.0432464199547136,-0.331506976740783,0.0354831006860045,-0.329572822749087
3703125,0.0366068159824923,-0.328819103162177,0.0244921892369605,-0.310469036497862
3718750,0.0301858330287486,-0.326315719775829,0.033488282310904,-0.354108570576262
3734375,0.0239540345664159,-0.323995497647858,0.0175260732380605,-0.34965249088061
3750000,0.017883731833214,-0.32185643551075,0.0269420664848801,-0.314690817407741
3765625,0.0119487507748717,-0.319895976225514,0.0177260707863861,-0.316985254201181
3781250,0.00612421618691241,-0.318111093846776,0.00536843468173266,-0.331757047616538
3796875,0.000386351479217215,-0.316498355321757,-0.0127691404122478,-0.32982407379091
3812500,-0.00528770749000682,-0.315053959963836,-0.0215234070767178,-0.33205784619901
3828125,-0.0109200859859762,-0.313773759081105,-0.00212066256931382,-0.30874846414852
3843750,-0.0165323327304169,-0.312653257484412,-0.00687447129655804,-0.296943819232614
3859375,-0.0221455721997193,-0.311687598025762,-0.0159860508369284,-0.31503205148373
3875000,-0.0277806479116622,-0.310871529808474,-0.02098369458654,-0.31824838893942
3890625,-0.0334582575160507,-0.310199360249734,-0.0299957372595036,-0.305325247615247
3906250,-0.0391990802656934,-0.309664890751771,-0.0308671301215525,-0.31462499333587
3921875,-0.0450238971685952,-0.309261335339851,-0.0485830472170198,-0.316629966897573
3937500,-0.0509537038015874,-0.308981221246513,-0.0684411407174457,-0.315062032018988
3953125,-0.0570098153882536,-0.308816270057275,-0.0606055426576209,-0.331517780646475
3968750,-0.0632139632956776,-0.308757257682293,-0.0504972731665725,-0.302570499560143
3984375,-0.0695883815674184,-0.308793851083442,-0.0675751976018043,-0.293486160127645
4000000,-0.0761558814633867,-0.308914419374294,-0.0908339389262787,-0.319501134640804
4015625,-0.0829399111963037,-0.309105816634921,-0.10936652037097,-0.30858231544375
4031250,-0.0899645971112135,-0.309353133565654,-0.0776373858835267,-0.313254275250372
4046875,-0.0972547614181291,-0.309639414975897,-0.0933311395668395,-0.301127508952826
4062500,-0.104835910225101,-0.309945340111283,-0.10079633420804,-0.31377618815697
4078125,-0.11273418399665,-0.310248863028125,-0.125724912340809,-0.316748946119636
4093750,-0.120976260650444,-0.310524810713628,-0.116075642955305,-0.303812463947842
4109375,-0.129589199281757,-0.310744437537119,-0.124080338581715,-0.315913632736822
4125000,-0.13860020996572,-0.31087493604864,-0.140288268580852,-0.317409192839578
4140625,-0.148036332255898,-0.31087890630329,-0.141510000464588,-0.316205689605963
4156250,-0.157924001944817,-0.310713789013625,-0.165924776224635,-0.305828742732418
4171875,-0.168288482519064,-0.31033127219433,-0.161066030574091,-0.307422800183622
4187500,-0.179153134772722,-0.309676686880358,-0.161863144752452,-0.333396778160676
4203125,-0.190538495626005,-0.308688415312988,-0.179599505700174,-0.300189906514429
4218750,-0.202461135912219,-0.30729734503067,-0.19781971221098,-0.312024998646571
4234375,-0.214932267572952,-0.305426414836734,-0.224613708488987,-0.309862457539442
4250000,-0.227956074464147,-0.302990313742199,-0.240875361912646,-0.317179091796973
4265625,-0.241527749279291,-0.299895411485238,-0.231386876961448,-0.308005614591657
4281250,-0.255631233713206,-0.296040018380932,-0.257555958717905,-0.294359280172147
4296875,-0.270236681916558,-0.291315091550692,-0.252853953468704,-0.306796978047313
4312500,-0.285297700514905,-0.285605521436841,-0.282144066601224,-0.282337705464146
4328125,-0.300748463537403,-0.278792142969296,-0.302661259265586,-0.274678188775991
4343750,-0.316500857947605,-0.270754614307001,-0.323378393892804,-0.278538308798048
4359375,-0.332441883436578,-0.261375285742974,-0.346307078751829,-0.250637292518322
4375000,-0.348431603807288,-0.250544134260019,-0.338215305152056,-0.259832674058633
4390625,-0.364302017282752,-0.238164757904125,-0.359930451739589,-0.247752857048217
4406250,-0.379857264829545,-0.224161303845571,-0.39825218459188,-0.202220276310647
4421875,-0.39487560961632,-0.208486045835175,-0.380597064938165,-0.219547754898638
4437500,-0.409113574792818,-0.191127141352802,-0.420250739698021,-0.187656585723825
4453125,-0.42231250056179,-0.172115909231928,-0.397208043307749,-0.159818830563581
4468750,-0.434207563788808,-0.151532811294811,-0.430750393637329,-0.155471456183816
4484375,-0.444539000485872,-0.129511242553602,-0.457761367848173,-0.144890962010744
4500000,-0.453064914399459,-0.10623828027508,-0.45544884009845,-0.113890360190867
4515625,-0.459574701062526,-0.0819517453071598,-0.473400705167728,-0.0703292606158887
4531250,-0.46390184273809,-0.0569332924241924,-0.466630228266986,-0.0494255869577131
4546875,-0.465934714347017,-0.0314977317636246,-0.474099933962344,-0.0152329567530275
4562500,-0.465624140182071,-0.00597931100078648,-0.471810069192405,-0.0126120340208133
4578125,-0.462986767260157,0.0192838483109837,-0.464573217044314,0.0132619790007768
4593750,-0.45810382809328,0.0439656711670772,-0.469641490706655,0.0384223096308118
4609375,-0.451115458191661,0.0677668603943048,-0.453916801017032,0.0755944300033795
4625000,-0.442211291877065,0.0904270885178249,-0.446768251275901,0.0677460378728966
4640625,-0.431618474208779,0.11173370019288,-0.416206770122762,0.128508397228923
4656250,-0.419588428059313,0.131526486758991,-0.419718084197239,0.141501730907393
4671875,-0.406383690776224,0.149698608425147,-0.412271893950984,0.119678102054121
4687500,-0.39226592349763,0.166194162395625,-0.385215913164975,0.151443552683983
4703125,-0.377485869820372,0.18100317002997,-0.397933503209762,0.188272749745536
4718750,-0.362275678898481,0.194154868809602,-0.375864793641064,0.195801009059778
4734375,-0.346843678058245,0.205710166805817,-0.33614299785505,0.220538958255745
4750000,-0.331371424131795,0.215753990532692,-0.329715983134028,0.225452311180833
4765625,-0.316012697306192,0.224388078769316,-0.326852081866122,0.228144538331211
4781250,-0.300894021884828,0.231724586114327,-0.294756823034567,0.241740555677497
4796875,-0.286116287858415,0.237880689502474,-0.33325107059848,0.236938109812953
4812500,-0.271757083738999,0.242974254394102,-0.288507766180381,0.237972674334049
4828125,-0.257873413878869,0.247120519702878,-0.259585628159782,0.236064320593541
4843750,-0.244504545798009,0.250429699237955,-0.242294536944103,0.242032000897006
4859375,-0.231674803377723,0.253005366033863,-0.232461331974589,0.271175895818383
4875000,-0.219396183442831,0.254943476652683,-0.23345918477999,0.250564348927275
4890625,-0.207670723303147,0.256331897993378,-0.217885937414368,0.256569872990896
4906250,-0.196492584864671,0.257250313221177,-0.204478560037215,0.236824010291943
4921875,-0.18584984806062,0.257770401557913,-0.192401837204899,0.255895439358687
4937500,-0.175726024404535,0.257956205723718,-0.177484003761553,0.252573492750031
4953125,-0.166101312419937,0.257864618857674,-0.170598083967028,0.239572605592
4968750,-0.156953622408417,0.257545938730641,-0.151400642636962,0.279842331202925
4984375,-0.148259400056282,0.257044450575648,-0.131149025947268,0.259211036965788
5000000,-0.139994278000649,0.256399010868846,-0.137103872942421,0.240228157544016
5015625,-0.132133582622325,0.255643613089633,-0.137656879268968,0.255894693202906
5031250,-0.124652720682965,0.254807923172176,-0.12039984690818,0.288416835928187
5046875,-0.117527467442544,0.253917777365466,-0.10714326335314,0.253475806794863
5062500,-0.110734174882562,0.252995638868192,-0.0913797791509492,0.259400238416303
5078125,-0.104249915804646,0.252061012187654,-0.0960101388971578,0.237470145328107
5093750,-0.0980525769737748,0.25113081593567,-0.102679223512474,0.240456444911476
5109375,-0.0921209121750176,0.250219715922003,-0.0754929001301763,0.234510806907143
5125000,-0.0864345640610786,0.249340421099743,-0.100586581488221,0.239101597510642
5140625,-0.0809740619719015,0.24850394528403,-0.0921462707508362,0.24752217171111
5156250,-0.0757208014821423,0.247719837702877,-0.0721280297877994,0.259891866314747
5171875,-0.0706570102468393,0.246996385419584,-0.055930934972582,0.254994633994826
5187500,-0.0657657037382659,0.246340790544417,-0.0577839791963598,0.244621364995885
5203125,-0.061030633666917,0.245759324968033,-0.0693829002004138,0.22713893221243
5218750,-0.0564362312286288,0.245257465128398,-0.0408246946475724,0.249963201455523
5234375,-0.0519675467927258,0.244840009086042,-0.0404590244815566,0.254687108412829
5250000,-0.0476101872209473,0.244511177942339,-0.0480521858199223,0.248703082236367
5265625,-0.0433502516650244,0.244274703400483,-0.0498572927571492,0.218808441842363
5281250,-0.0391742664163372,0.244133903043909,-0.041420186745335,0.239360866307465
5296875,-0.0350691191609134,0.244091744694548,-0.0454966713515149,0.219431191984424
5312500,-0.0310219928162508,0.24415090101446,-0.0202907859769107,0.253137031841208
5328125,-0.0270202989840905,0.244313795328602,-0.0170582117878835,0.24260393657322
5343750,-0.0230516109380554,0.244582639472649,0.00195682792714447,0.253545230765853
5359375,-0.0191035959711337,0.244959464306027,-0.00876010874526676,0.268963594853333
5375000,-0.0151639468506039,0.245446143374546,-0.00337191231657516,0.239843776077549
5390625,-0.0112203120634914,0.246044410056703,-0.0177227273472757,0.23347887351356
5406250,-0.00726022448117188,0.246755868380072,-0.00517231332261986,0.259711204978426
5421875,-0.00327102802522377,0.247581997546232,-0.0149255499397899,0.255750804089706
5437500,0.000760198123303383,0.248524150051246,0.00719886710871649,0.270594814048618
5453125,0.00484671826307009,0.249583543130032,0.0128982511588917,0.256934707340627
5468750,0.00900222238015164,0.250761243083522,0.0187019812614899,0.266261904874819
5484375,0.0132409123659839,0.252058141862655,0.0184931234314501,0.250482339735023
5500000,0.0175775928008197,0.253474925078581,0.0351580728617542,0.261587568143064
5515625,0.0220277668609082,0.255012030378404,0.0240865784775591,0.227905733020256
5531250,0.0266077378961844,0.256669594864598,0.0372040893105176,0.249555680311918
5546875,0.0313347171942148,0.258447389937144,0.0309660926146905,0.246483954223421
5562500,0.0362269383882994,0.260344741593046,0.0320945178214446,0.265226579009536
5578125,0.0413037788732773,0.262360433820037,0.0453688148617296,0.264370423803101
5593750,0.0465858884489581,0.264492592260937,0.0161065837810269,0.251026308904184
5609375,0.0520953252012831,0.266738544792809,0.0473548894937553,0.272778698540394
5625000,0.0578556983332955,0.269094655050967,0.0715488567971635,0.271596300028486
5640625,0.0638923172430798,0.27155612422245,0.0766021434571057,0.272346172128044
5656250,0.0702323455771353,0.274116755628649,0.0735141558208796,0.253265834406984
5671875,0.0769049582175686,0.276768675706742,0.0609064854768788,0.281070210425899
5687500,0.0839414981297785,0.279502003984197,0.0809690809763204,0.311259170812038
5703125,0.0913756286272433,0.282304463527777,0.0954422454243646,0.273987001363937
5718750,0.0992434748062046,0.285160922160076,0.107027965492811,0.292472575709462
5734375,0.107583745546812,0.288052853515176,0.11171481602695,0.267668951831905
5750000,0.11643782442479,0.290957705824484,0.139950492840517,0.284732297418702
5765625,0.125849813956801,0.293848165303807,0.11744958015479,0.273688746524344
5781250,0.135866512614294,0.296691300338418,0.164730281015173,0.300721981502998
5796875,0.146537297763214,0.299447572611367,0.127451845651477,0.317214539326683
5812500,0.157913879889529,0.302069702295113,0.171822314362958,0.282145491046854
5828125,0.170049883939901,0.304501377000904,0.157288983029294,0.292654711895919
5843750,0.183000202193925,0.306675799149019,0.178223375048065,0.297634936532695
5859375,0.196820049784015,0.308514074859078,0.198407454226293,0.297757474401365
5875000,0.211563639055191,0.309923460769548,0.233202822630839,0.324613829348551
5890625,0.227282373129918,0.310795505153249,0.206861954439839,0.294317399309144
5906250,0.244022443760451,0.311004148428927,0.260923870989544,0.312913100757572
5921875,0.261821706351053,0.310403888042858,0.265997386659722,0.290220906025539
5937500,0.280705700003151,0.30882816601816,0.275928289752753,0.272902928558117
5953125,0.300682688726367,0.306088205908628,0.290284483510546,0.289694205757036
5968750,0.321737630231415,0.301972609456016,0.326154768190798,0.301410472353012
5984375,0.343825042327923,0.296248118691208,0.363203830021652,0.292096195189114
6000000,0.366860847413768,0.288662047803955,0.389385560669658,0.260922022475173
6015625,0.390713446750607,0.278946973822513,0.397111459434422,0.273245349053173
6031250,0.415194518548962,0.26682831792689,0.415385931358822,0.265955230794007
6046875,0.440050347519802,0.252035409382094,0.435421719134505,0.252285866643409
6062500,0.464954858819056,0.23431645012925,0.479867227083198,0.241663529569142
6078125,0.489505895313928,0.213457435908385,0.500362151902814,0.180095156210414
6093750,0.513226552453089,0.189304500269989,0.527676957102369,0.18946226276364
6109375,0.53557343794708,0.161788334689306,0.512917877036622,0.156690336533753
6125000,0.555953400876728,0.130948381521682,0.54967056861476,0.107386032242919
6140625,0.573749448453265,0.0969535798543179,0.546409703336629,0.0852401951064715
6156250,0.588355206357861,0.0601158501799592,0.563865458273777,0.0598043260630411
6171875,0.599215520708122,0.0208925588526481,0.602148081401379,0.0313023214235909
6187500,0.605868998339346,-0.0201248375999737,0.607381728030741,-0.0581220393517894
6203125,0.607986955040151,-0.0622368686264647,0.581421699017816,-0.0710119004593545
6218750,0.605402917894571,-0.104675197188201,0.605545777750957,-0.0810188746449842
6234375,0.598127824683125,-0.146650595402762,0.609179569669863,-0.149443247505923
6250000,0.586348294470272,-0.187403610454313,0.581368351038582,-0.175780166298553
6265625,0.570408283534721,-0.226251187130599,0.566867223012733,-0.236468540574169
6281250,0.550777292893482,-0.262623412032985,0.541016663441804,-0.282412035852917
6296875,0.528010295834627,-0.296086641851829,0.536401329732966,-0.320927207725812
6312500,0.502705266747403,-0.326351919874126,0.511621097306616,-0.329360629678323
6328125,0.475463625125941,-0.353270035456406,0.466896967973339,-0.373457833310251
6343750,0.446857440762212,-0.376816293828057,0.467718674938353,-0.358338984770754
6359375,0.417405420854239,-0.397068821223635,0.440070742270947,-0.39528583755757
6375000,0.38755800778986,-0.414184126728672,0.410609363142754,-0.421307878516854
6390625,0.357690664632669,-0.428372958292958,0.328635978376322,-0.434340590439723
6406250,0.328103712424879,-0.439878549980027,0.352987633309847,-0.45750506115569
6421875,0.299026850809414,-0.448958424064752,0.293611515800637,-0.429857572904763
6437500,0.270626603213948,-0.455870144951417,0.269420924005376,-0.474652237618447
6453125,0.243015229262747,-0.460860883526901,0.237000881315922,-0.480122923650889
6468750,0.216260016667936,-0.464160332776475,0.216769556972815,-0.470645866083989
6484375,0.190392220445623,-0.46597637444319,0.163860327927539,-0.469285502177571
6500000,0.165415215521114,-0.466492877968596,0.174550638250865,-0.464910137538972
6515625,0.141311654921351,-0.465869067603567,0.159220734274368,-0.471214297558851
6531250,0.118049582610593,-0.464239983598367,0.0942910570219723,-0.467332185282528
6546875,0.0955875489158494,-0.461717663315542,0.0706444697059038,-0.479526355447403
6562500,0.0738788312055512,-0.458392762926919,0.0746153859374665,-0.478613507609393
6578125,0.052874885948907,-0.454336422611703,0.0362504785922209,-0.44236852082618
6593750,0.0325281610701638,-0.449602245322586,0.0417711513310021,-0.434805197779023
6609375,0.0127943875336671,-0.444228311480727,0.016961779648141,-0.44632940223677
6625000,-0.00636554813396994,-0.438239190975876,-0.00496064458910451,-0.418686466949045
6640625,-0.0249840695400898,-0.43164794156625,-0.0258769531400011,-0.43694867913028
6656250,-0.0430856557269294,-0.424458101062186,-0.0296502659452428,-0.435264454712614
6671875,-0.0606858296707957,-0.416665691049346,-0.0353811716607628,-0.410539273798454
6687500,-0.077790374833396,-0.408261253453777,-0.0808753747347322,-0.397310073617379
6703125,-0.0943947841710124,-0.39923193869895,-0.106261549831065,-0.400382651078073
6718750,-0.110483963024673,-0.389563656046645,-0.106687645089782,-0.372157216394842
6734375,-0.126032220773223,-0.379243283392331,-0.119395182205307,-0.366044133483361
6750000,-0.141003594764145,-0.368260915917276,-0.123583245091461,-0.349906283832006
6765625,-0.155352552397983,-0.356612111601166,-0.164090327786746,-0.355571158611812
6781250,-0.16902511188724,-0.344300068295963,-0.157104543552886,-0.361946559802462
6796875,-0.181960407995793,-0.331337644212413,-0.185352830204483,-0.333308802530945
6812500,-0.194092705539781,-0.317749114352692,-0.167037514452955,-0.314928187675475
6828125,-0.20535383126047,-0.303571543217554,-0.20307795498647,-0.303259691630659
6843750,-0.215675956000271,-0.28885565265856,-0.207923314559939,-0.287280604353051
6859375,-0.224994617687064,-0.27366607605587,-0.203491515319841,-0.260171795878229
6875000,-0.233251836673565,-0.258080917696519,-0.246436346933137,-0.246700514370285
6890625,-0.240399144570754,-0.242190578781801,-0.227403439014646,-0.244236124950911
6906250,-0.246400331833012,-0.226095865777223,-0.25626984548593,-0.223142411867014
6921875,-0.251233722647823,-0.209905457136323,-0.241265942010934,-0.210136362405445
6937500,-0.254893810294045,-0.19373286316558,-0.252169957834869,-0.201256266177517
6953125,-0.257392130873559,-0.177693062649333,-0.272995656617628,-0.178033857557825
6968750,-0.258757313524963,-0.161899031409343,-0.237583811336883,-0.182929779307618
6984375,-0.2590343133914,-0.14645838724859,-0.249585428181338,-0.115789200978034
7000000,-0.258282900736904,-0.131470361250894,-0.270806599799689,-0.138875434573774
7015625,-0.256575536909656,-0.117023269532292,-0.259656474791554,-0.123466425027163
7031250,-0.253994808437621,-0.103192607910703,-0.275162048848386,-0.114326013862201
7046875,-0.250630610563303,-0.0900398322713468,-0.243289974328465,-0.103547145776594
7062500,-0.246577270604965,-0.077611827825553,-0.234864704162497,-0.102839659416375
7078125,-0.241930782423925,-0.0659410181321869,-0.230143400349965,-0.0945038842022299
7093750,-0.236786290926656,-0.05504602471357,-0.232094042264875,-0.0658208687993801
7109375,-0.231235925868906,-0.0449327628108722,-0.236972651904786,-0.0516580096060831
7125000,-0.225367043020066,-0.0355958482781035,-0.227244733214725,-0.0465931651266864
7140625,-0.2192608927168,-0.027020192876095,-0.216489085424326,-0.0130183880303457
7156250,-0.212991704208537,-0.0191826771965671,-0.248347299912056,-0.0131115517511038
7171875,-0.206626150609465,-0.0120538086096607,-0.196589750671606,-0.0204911228431488
7187500,-0.200223143977275,-0.00559929267315224,-0.203271506344678,-0.00567463294338175
7203125,-0.193833902278583,0.00021853235112558,-0.185107834468689,-0.00894085396852587
7218750,-0.187502228409848,0.00543942880711697,-0.189302646992288,0.00676133577312015
7234375,-0.181264944414019,0.010104175254009,-0.190223808274384,0.0165880517475224
7250000,-0.17515242999399,0.0142536658597082,-0.19224761441202,0.0120573357125252
7265625,-0.169189222007672,0.0179281855534382,-0.160467630289556,0.0324642976160345
7281250,-0.16339463975974,0.0211668465612031,-0.158165288931219,0.0289585653188035
7296875,-0.157783408811011,0.0240071682529087,-0.159482067266275,0.0375498778891484
7312500,-0.152366263214441,0.0264847806262309,-0.134034735106525,0.022975357050264
7328125,-0.147150512290583,0.0286332316908881,-0.131251003565011,0.0298336735072744
7343750,-0.14214056317882,0.0304838800121557,-0.131181170579023,0.035218154230395
7359375,-0.137338394464429,0.0320658553236764,-0.130929375896748,0.0415623742194033
7375000,-0.132743979277839,0.0334060721159825,-0.144066346378777,0.0328768785524755
7390625,-0.128355658521053,0.0345292832207766,-0.136531860988368,0.0376184304975787
7406250,-0.12417046643938,0.0354581624851136,-0.117864301239395,0.0303246544068519
7421875,-0.120184411763476,0.0362134075645317,-0.126089802448802,0.0585991398444698
7437500,-0.1163927182233,0.0368138556037213,-0.12460513805042,0.0539503784888461
7453125,-0.112790028491,0.0372766060927639,-0.101438889870663,0.0379337819896007
7468750,-0.109370575634191,0.0376171464832357,-0.12990196240285,0.0535083174705007
7484375,-0.106128326026822,0.0378494772321807,-0.0895944813633173,0.0318050802290774
7500000,-0.10305709742825,0.0379862338318342,-0.106453501614277,0.0210283499845589
7515625,-0.100150655644605,0.0380388041015783,-0.117814995549923,0.0382089629933009
7531250,-0.0974027928612103,0.0380174395896263,-0.0966625745407892,0.0336054539837532
7546875,-0.0948073904027363,0.0379313603783031,-0.101714121442939,0.030248453719297
7562500,-0.0923584683539394,0.0377888529297312,-0.0429706749723502,0.05132529888185
7578125,-0.0900502241678169,0.0375973608671349,-0.0750119055962468,0.0220408529335721
7593750,-0.0878770621055058,0.0373635687772564,-0.0773270355827974,0.0401409226907001
7609375,-0.085833615096012,0.0370934792554991,-0.0719299816486815,0.0212755218049143
7625000,-0.083914760374702,0.0367924835090426,-0.0834734534034581,0.0403319144763864
7640625,-0.0821156300568451,0.0364654258939324,-0.0891095036751731,0.037459749668902
7656250,-0.0804316176249628,0.0361166627978678,-0.0673797730321039,0.0659282916081587
7671875,-0.0788583811544243,0.0357501162973685,-0.0770573478914074,0.0378752555233252
7687500,-0.0773918439684423,0.0353693230212451,-0.069519930462163,0.0311465884788845
7703125,-0.076028193299176,0.0349774786457119,-0.0655781121488151,0.048577390928652
7718750,-0.0747638774337826,0.0345774784332147,-0.056126781373839,0.0416019012566033
7734375,-0.0735956017409675,0.0341719542093899,-0.0724182573814086,0.0291792520270927
7750000,-0.0725203239028588,0.0337633081524024,-0.0711233319527844,0.0186488644312818
7765625,-0.0715352486171664,0.0333537437475276,-0.0409590061873411,0.0287739689722668
7781250,-0.0706378219839719,0.0329452942382995,-0.0487201628353296,0.0328224896940044
7796875,-0.0698257257487308,0.0325398488845353,-0.0737904614376001,0.0302783810980821
7812500,-0.0690968715369029,0.0321391773176256,-0.072103423755597,0.0290898184105603
7828125,-0.0684493951849613,0.0317449522649585,-0.0662901977398414,0.0670362583070609
7843750,-0.067881651246405,0.0313587708985147,-0.0700487667375206,0.0337336134204943
7859375,-0.0673922077289471,0.0309821750476263,-0.0753210219504335,0.0277558650505033
7875000,-0.066979841099537,0.0306166705027233,-0.0777092057547054,0.0305745736198257
7890625,-0.0666435315766158,0.0302637456256454,-0.0604600753896819,0.0292271648728861
7906250,-0.0663824587134063,0.0299248894727132,-0.0648819595511916,0.0314581762803196
7921875,-0.0661959972615547,0.029601609629226,-0.0464411835057694,0.0225409319515302
7937500,-0.0660837132905545,0.0292954499483141,-0.0704535056450641,0.0614422191921563
7953125,-0.0660453605246332,0.0290080083830124,-0.0463131022564806,0.0235953411767049
7968750,-0.0660808768446865,0.0287409550979746,-0.0523862382676276,0.0213302764268197
7984375,-0.0661903808879614,0.0284960510462599,-0.0881415522609416,0.0178410270073592
8000000,-0.0663741686620574,0.0282751671969716,-0.0604075658702767,0.0283113174860303
8015625,-0.0666327100719511,0.028080304601017,-0.0697825692129737,0.0320463057425023
8031250,-0.0669666452386699,0.0279136154846951,-0.0410613580023788,0.0440962252488734
8046875,-0.0673767804654111,0.0277774255639175,-0.0676001179633995,0.0471643809715677
8062500,-0.0678640836807688,0.0276742577753078,-0.0690149588638005,0.033258508031671
8078125,-0.0684296791586768,0.0276068576237906,-0.0488036627990785,0.0363916299734303
8093750,-0.0690748412800659,0.0275782203490608,-0.0651997924596797,0.032431395301068
8109375,-0.069800987061363,0.0275916201148403,-0.0758442127153426,0.0367933941063871
8125000,-0.0706096671290873,0.0276506414242926,-0.0648397618817561,0.0489464428010814
8140625,-0.0715025547671701,0.0277592129613468,-0.0766260589721187,0.0325516847376422
8156250,-0.0724814326034249,0.0279216440496775,-0.068945944964255,0.0227081175635058
8171875,-0.0735481764330707,0.0281426639071899,-0.0819214838117713,0.0154375218574716
8187500,-0.0747047355996055,0.0284274638520659,-0.0646053777219577,0.00640471034889418
8203125,-0.0759531092660321,0.0287817425844145,-0.110195430034353,0.0149408797902226
8218750,-0.0772953178119957,0.0292117546224841,-0.0701980179859998,0.026398789191645
8234375,-0.0787333684846418,0.0297243619107671,-0.076889301968718,0.0476699750510178
8250000,-0.0802692143132477,0.0303270885351041,-0.0884612543477331,0.0501601682717414
8265625,-0.0819047051707815,0.0310281783722655,-0.0779326593586872,0.0354634139338051
8281250,-0.083641529731291,0.0318366553628849,-0.0823546568557307,0.0223377296600984
8296875,-0.08548114693332,0.0327623859206832,-0.086946915529332,0.023178975060398
8312500,-0.0874247054208608,0.0338161427705734,-0.110298053093549,0.0732260479305694
8328125,-0.0894729493011313,0.0350096692357391,-0.08990139550005,0.0151228672302159
8343750,-0.091626108441675,0.0363557426609525,-0.0852118641088116,0.0707366477928405
8359375,-0.0938837714400467,0.0378682352581564,-0.0981648053238685,0.0583458576366213
8375000,-0.0962447393535571,0.039562170183059,-0.103282771071314,0.0427868292888636
8390625,-0.0987068582945978,0.0414537700921517,-0.103697598422269,0.0287991898896177
8406250,-0.101266829104433,0.043560494784861,-0.104880562470154,0.0482861559949818
8421875,-0.103919992546153,0.0459010638066149,-0.101035401188927,0.0351071032418654
8437500,-0.106660088842524,0.0484954590833474,-0.110294703887822,0.0436582976706113
8453125,-0.109478990969065,0.0513649017935547,-0.0963976593960536,0.0488361615660057
8468750,-0.112366411943256,0.0545317967905977,-0.120387245050296,0.0771423513082855
8484375,-0.115309587475788,0.0580196370119022,-0.117526788195005,0.0540511790332952
8500000,-0.118292936815553,0.061852859519975,-0.10794410749722,0.0508776842132151
8515625,-0.121297706465046,0.0660566442036106,-0.140174161007298,0.0629167555416927
8531250,-0.124301603689107,0.0706566458437699,-0.11619206126498,0.0594525717699535
8546875,-0.127278429382344,0.0756786503621934,-0.137753693808226,0.078038981508879
8562500,-0.130197722853008,0.0811481467906832,-0.12416893441939,0.0526078096515088
8578125,-0.133024434321543,0.0870898080107519,-0.109757394876973,0.100579824850841
8593750,-0.135718644246514,0.0935268758033104,-0.15379324448687,0.0818388651896312
8609375,-0.138235351719917,0.10048044938122,-0.15919383339398,0.110024481719664
8625000,-0.140524356766412,0.107968681463157,-0.149872879802196,0.109436507081221
8640625,-0.14253026299604,0.116005892098866,-0.149934367665893,0.109910165155659
8656250,-0.144192627188803,0.124601617742746,-0.151432260065723,0.117219851167014
8671875,-0.14544628049713,0.133759621173886,-0.142577405919317,0.135048958509428
8687500,-0.146221841546678,0.143476896227628,-0.159638400205399,0.150439161642732
8703125,-0.146446434440144,0.153742709147395,-0.15408196389244,0.14892373294005
8718750,-0.146044614412453,0.164537724679912,-0.146938884260128,0.167955765815281
8734375,-0.144939490898198,0.175833268674519,-0.137488502736223,0.175624957276936
8750000,-0.143054022754684,0.187590778750651,-0.126783118526053,0.207772240294537
8765625,-0.140312444531495,0.199761489584703,-0.14324859701678,0.2083173277498
8781250,-0.136641767640105,0.212286388948263,-0.145773231017726,0.209878270765138
8796875,-0.131973288021918,0.225096464818009,-0.136463299227459,0.22346298920919
8812500,-0.126244024483128,0.238113243448218,-0.11967789274398,0.248531697297134
8828125,-0.119398011061441,0.251249594836854,-0.116775815479158,0.254609840078867
8843750,-0.111387373829841,0.264410757829546,-0.123833506375354,0.27935178643516
8859375,-0.102173137764284,0.277495514964574,-0.0862488923157593,0.282408308055362
8875000,-0.0917257319925991,0.290397429929569,-0.0999996600155657,0.287985870735255
8890625,-0.0800251901466772,0.303006050697376,-0.0883596932153653,0.330398376969755
8906250,-0.0670610740668128,0.315207980812439,-0.0721566666765376,0.332997054651723
8921875,-0.0528321806916598,0.326887730674884,-0.0420924845733718,0.328725171843437
8937500,-0.0373461205201365,0.337928279693367,-0.0527130752779539,0.32335999813297
8953125,-0.0206188788577423,0.348211307574851,-0.0427443668123747,0.368362834912086
8968750,-0.00267448615165069,0.3576170868736,0.000760305030876739,0.355448684489474
8984375,0.0164550701513136,0.366024067070648,0.0326253056293554,0.385909597168557
9000000,0.0367295631945433,0.373308220860135,0.0180995775504073,0.374940215015731
9015625,0.0580997578814788,0.379342264298074,0.0226786262040597,0.371615979667264
9031250,0.0805060629501645,0.383994902713883,0.0542567458904087,0.382720727630629
9046875,0.10387654521194,0.38713029261651,0.113804293678609,0.385985701545564
9062500,0.128124293276283,0.388607944699067,0.139286421834183,0.375999152481423
9078125,0.1531441782899,0.388283321846383,0.144054215138151,0.37885415765053
9093750,0.178809135753835,0.38600940431064,0.200406430089983,0.360840390938639
9109375,0.204966186713083,0.381639494923347,0.210311680271804,0.376671667407332
9125000,0.231432527493415,0.375031510472683,0.229418363685547,0.358461709666834
9140625,0.25799213909876,0.36605393890903,0.282145091357222,0.351968690858049
9156250,0.284393487859467,0.35459352289865,0.283330264478437,0.339617100690763
9171875,0.310348986512989,0.340564548273829,0.291373307032284,0.331626955937593
9187500,0.335536928853666,0.323919369116403,0.351866990793813,0.322655721538818
9203125,0.359606563947506,0.304659502365863,0.347750401420191,0.289670370916807
9218750,0.382186800626444,0.282846307887226,0.37362815235972,0.261404602976121
9234375,0.402898705052124,0.258609992805063,0.40476776340128,0.256690624968305
9250000,0.421371477144846,0.232155519173786,0.420870457926566,0.223575001372295
9265625,0.437261011531947,0.203764034113488,0.440837201106898,0.198802905535488
9281250,0.450269559309578,0.173788743538349,0.421712547697982,0.195020063956322
9296875,0.460164539688242,0.142644726694103,0.455917752406518,0.136770484971452
9312500,0.466794344136408,0.110792978158321,0.460171792975941,0.103036298971629
9328125,0.470099131552892,0.0787198306270468,0.449487947192403,0.0891802621196006
9343750,0.47011515268244,0.0469136707416352,0.475801011541628,0.0482304035218051
9359375,0.466971984522816,0.0158413293907539,0.477257643664444,0.00232190581803655
9375000,0.460883031034873,-0.0140734123040792,0.473005088479406,-0.0300372493410282
9390625,0.452130544471513,-0.0424671250174773,0.442863965090058,-0.0450940932920211
9406250,0.441047055620397,-0.069048459975388,0.444589759092703,-0.0845656791592429
9421875,0.427995363748809,-0.0936037775300081,0.422386934542992,-0.108807760964225
9437500,0.41334912300791,-0.115996972696566,0.396170270878468,-0.10709440331908
9453125,0.397475655275725,-0.136164435829292,0.402070094917388,-0.148658316013885
9468750,0.380722053013238,-0.154106463126767,0.382491417032309,-0.166434654666892
9484375,0.363405046374168,-0.169876538078426,0.356084287334818,-0.181544080564927
9500000,0.345804602012103,-0.18356979295602,0.377331767351023,-0.165528260211679
9515625,0.32816085527343,-0.195311708746311,0.32924968062881,-0.182256430077847
9531250,0.310673766264698,-0.205247803224878,0.304978145618762,-0.18874450526696
9546875,0.293504814877568,-0.213534754159688,0.275652449637583,-0.206220070413521
9562500,0.276780074932342,-0.220333148186949,0.285467028245569,-0.205194028812773
9578125,0.260594094572149,-0.225801853586817,0.26722047870387,-0.219750161419153
9593750,0.245014125509532,-0.230093888117452,0.249610316470441,-0.244616522710072
9609375,0.230084363243029,-0.233353582327413,0.228370833435017,-0.238102193468023
9625000,0.215829968730439,-0.235714811152238,0.230683602958142,-0.220872188937097
9640625,0.20226073172498,-0.237300068571286,0.21364944407554,-0.235168354733195
9656250,0.189374305008422,-0.238220179980774,0.171926525357818,-0.237590204441238
9671875,0.177158988389469,-0.238574475777655,0.171500368059733,-0.239540316155493
9687500,0.165596074545445,-0.238451281232916,0.141919348661549,-0.258068442515423
9703125,0.154661789075334,-0.237928608170347,0.163449438955536,-0.220093566269485
9718750,0.144328867865439,-0.237074961128491,0.14232243859137,-0.245521252006236
9734375,0.134567818932256,-0.235950193662236,0.120303637590085,-0.240891696516377
9750000,0.125347915599213,-0.234606369104698,0.12581121152769,-0.242676525377804
9765625,0.116637964911154,-0.23308859477074,0.118580350803148,-0.226148553337509
9781250,0.108406890824619,-0.23143580976435,0.11671451256484,-0.224214968166501
9796875,0.100624166769285,-0.229681514844378,0.116972288714269,-0.214268438940303
9812500,0.0932601271929222,-0.227854438779768,0.0793258432270683,-0.239353980788098
9828125,0.0862861829987685,-0.225979139798087,0.084231309296591,-0.254108255498849
9843750,0.0796749615307219,-0.224076543532826,0.0918139964219844,-0.213633228735738
9859375,0.073400388029079,-0.222164420658494,0.090932768010481,-0.218078470480507
9875000,0.0674377222762776,-0.220257808446748,0.055336124201179,-0.191681330450714
9890625,0.0617635614502533,-0.218369380997341,0.0715494071477125,-0.20591375833684
9906250,0.0563558179551742,-0.216509773057336,0.0502062327073211,-0.225929665933849
9921875,0.0511936791501033,-0.214687862261758,0.0457162879930881,-0.194995772399897
9937500,0.0462575543893817,-0.212911014396661,0.0513315843284616,-0.197945784802267
9953125,0.0415290135706286,-0.211185295964403,0.0604132403698267,-0.229157209454332
9968750,0.0369907204091528,-0.209515657964606,0.0606873535569797,-0.223152851766873
9984375,0.0326263628788509,-0.207906094422906,0.0321278852180454,-0.233061217942202
10000000,0.0284205826429427,-0.20635977882274,0.0122775531195095,-0.176700552291672
10015625,0.0243589048126852,-0.204879181235539,0.0208404316981005,-0.208615162079775
10031250,0.0204276689927732,-0.203466168608878,0.029250672789056,-0.206529213997972
10046875,0.0166139622777138,-0.202122090364085,0.0255372711525198,-0.203235894199066
10062500,0.0129055546366346,-0.200847851175562,0.0282641637159846,-0.195361323167156
10078125,0.00929083695099012,-0.199643972553258,0.00118770896021515,-0.196225629316952
10093750,0.00575876183914843,-0.198510644625964,0.0240449889410759,-0.204070367216998
10109375,0.00229878730495511,-0.197447769324311,-0.000485937266533984,-0.190267813519781
10125000,-0.00109917682316474,-0.196454995986295,-0.00941863840368615,-0.221698099130161
10140625,-0.00444481974579185,-0.195531750252449,-0.0137433514869035,-0.208085520981153
10156250,-0.00774747795550624,-0.194677256980078,-0.00814416516916697,-0.202556857815403
10171875,-0.0110161810467336,-0.193890557783974,-0.0243991177211941,-0.185225840564596
10187500,-0.0142596952204521,-0.193170523702699,-0.0197789445723165,-0.221299404768455
10203125,-0.0174865646342286,-0.192515863392879,-0.0139802376801655,-0.197651725681876
10218750,-0.0207051507438703,-0.191925127167275,-0.0126709013826608,-0.217485516857609
10234375,-0.0239236697732563,-0.191396707114102,-0.01542607626268,-0.20125497845467
10250000,-0.027150228434263,-0.190928833463753,-0.0310662250478307,-0.19344943272348
10265625,-0.0303928579995686,-0.190519567303603,-0.0589150582315071,-0.207276634613655
10281250,-0.0336595468075614,-0.19016678968071,-0.0549756736023172,-0.17756244484072
10296875,-0.036958271250474,-0.189868187075311,-0.0657199116684124,-0.189105344099765
10312500,-0.0402970252638716,-0.189621233174117,-0.0362411339904645,-0.209452428378699
10328125,-0.0436838482971064,-0.189423166821072,-0.0534523586227953,-0.173974975775246
10343750,-0.0471268516995855,-0.189270965974117,-0.0299079791627267,-0.190081780994117
10359375,-0.0506342434056499,-0.189161317449329,-0.0627700239291348,-0.176692873210449
10375000,-0.0542143507403511,-0.189090582188699,-0.0692416813108759,-0.19546829687779
10390625,-0.0578756410979329,-0.189054755745214,-0.0556583090312142,-0.191954129925271
10406250,-0.0616267401628265,-0.189049423639285,-0.0612469529146058,-0.184760435293001
10421875,-0.0654764472474725,-0.189069711205281,-0.0527504453767504,-0.195688837112021
10437500,-0.0694337472102297,-0.189110227517407,-0.0735337999595279,-0.216381459754485
10453125,-0.0735078182877406,-0.189165002962716,-0.07292320410117,-0.197001263310226
10468750,-0.0777080350268841,-0.189227420018744,-0.0851066989208509,-0.176785122769132
10484375,-0.0820439653294164,-0.189290136797912,-0.103293005131499,-0.196596189865368
10500000,-0.0865253604249611,-0.189345002945792,-0.108956770403896,-0.180257982202222
10515625,-0.0911621363630079,-0.189382967531815,-0.0802527109774684,-0.203184948484615
10531250,-0.0959643453600535,-0.189393978657462,-0.111703677345415,-0.199983942545887
10546875,-0.100942135053077,-0.189366874638254,-0.108827103492037,-0.194794566399979
10562500,-0.106105693395393,-0.189289266804444,-0.110738839156143,-0.186336893840588
10578125,-0.11146517658798,-0.189147414225995,-0.121686969541079,-0.190338377244139
10593750,-0.117030617073732,-0.188926091017718,-0.101061984151917,-0.176203707005272
10609375,-0.122811808242976,-0.188608447340691,-0.140561910568497,-0.2076510816568
10625000,-0.128818162120725,-0.188175865809407,-0.134071076286771,-0.211117410533955
10640625,-0.135058535951429,-0.187607815765614,-0.129589610425882,-0.173264036158189
10656250,-0.14154102329673,-0.186881708816094,-0.151149435201743,-0.189576118265509
10671875,-0.148272705059205,-0.185972760178724,-0.16619011507635,-0.190067034498885
10687500,-0.155259355797807,-0.184853861761828,-0.177386902488726,-0.188140215147835
10703125,-0.162505100883539,-0.183495474531778,-0.187994224419064,-0.179448521013523
10718750,-0.170012020550908,-0.181865549605476,-0.166574466346126,-0.183793212465788
10734375,-0.177779697846749,-0.179929489619582,-0.182376322044562,-0.189240951093532
10750000,-0.185804708997831,-0.177650164227681,-0.169073554724338,-0.183256881324315
10765625,-0.194080056963409,-0.174987995967393,-0.222510106506284,-0.179090751409612
10781250,-0.202594552067806,-0.171901135070576,-0.191228818740524,-0.176223514993433
10796875,-0.211332147773012,-0.168345743837332,-0.240124530065682,-0.171803441615034
10812500,-0.220271244973931,-0.164276412646284,-0.216827718927911,-0.148252931391393
10828125,-0.229383984735631,-0.159646730120429,-0.202414941790153,-0.173461798055415
10843750,-0.23863555709007,-0.154410028903141,-0.250567826834735,-0.173750696781098
10859375,-0.247983562149775,-0.148520325334995,-0.237978058595713,-0.149803756066918
10875000,-0.257377468932349,-0.141933465431471,-0.249760411261291,-0.125735085424809
10890625,-0.266758226189644,-0.134608480350009,-0.261068572161341,-0.10693181487279
10906250,-0.276058087138819,-0.126509141553921,-0.246882525962666,-0.140938991664394
10921875,-0.285200714908022,-0.117605688978439,-0.272318406147692,-0.101459630432149
10937500,-0.294101636074739,-0.107876685005773,-0.283593690487845,-0.111670496295021
10953125,-0.302669104106349,-0.0973109239486262,-0.312079683597113,-0.113542619251368
10968750,-0.310805421161159,-0.0859093028211932,-0.303758142145912,-0.0687372541992055
10984375,-0.31840874442048,-0.0736865370996701,-0.30251782428468,-0.0762544016702985
11000000,-0.325375371671326,-0.0606725883458884,-0.320366211607469,-0.0610134592920114
11015625,-0.331602461372039,-0.0469136628122062,-0.337918569821756,-0.0622540488379404
11031250,-0.336991097699108,-0.0324726451373311,-0.335281869488116,-0.0227854114775967
11046875,-0.341449565597476,-0.0174288517392566,-0.343520857602845,-0.0256538819377408
11062500,-0.344896660533717,-0.00187702551749496,-0.336427331250611,-0.00652747378150988
11078125,-0.347264829009503,0.014074454468325,-0.35087538567646,0.00696867841819141
11093750,-0.348502924958959,0.0303061118411464,-0.359993684253583,0.0498144217076964
11109375,-0.348578378146221,0.0466905570035231,-0.34586551121495,0.0555403505402194
11125000,-0.347478604834891,0.0630961510788186,-0.338760335701678,0.0656414997723666
11140625,-0.345211545886178,0.0793909355775304,-0.357113335304808,0.0865995017602131
11156250,-0.341805287022673,0.0954465857670436,-0.338225332123475,0.102954217596862
11171875,-0.337306791535712,0.111142143019001,-0.342236691342064,0.116128114733748
11187500,-0.331779847352377,0.126367304350906,-0.330329797627214,0.129857332970055
11203125,-0.325302388979188,0.141025092373213,-0.338569345162378,0.156121731497836
11218750,-0.317963393672672,0.155033789045441,-0.323321454155901,0.158615056679313
11234375,-0.309859567000483,0.168328083370587,-0.297458700456602,0.171799795094734
11250000,-0.301092026232945,0.18085944764859,-0.272412233977395,0.180524623820748
11265625,-0.291763164421146,0.192595811829329,-0.313007136063051,0.210054959755422
11281250,-0.281973839348542,0.203520645970157,-0.280684401842644,0.216209649827049
11296875,-0.271820986345865,0.213631584754701,-0.265253716309676,0.206450410482606
11312500,-0.261395708375218,0.222938736002687,-0.243881838923156,0.216948986932646
11328125,-0.250781855689287,0.231462809566206,-0.253664842437853,0.212702551014662
11343750,-0.24005507393444,0.239233187540695,-0.230586480603538,0.226903965310426
11359375,-0.229282275258765,0.246286035196102,-0.225482651704028,0.244721123956058
11375000,-0.218521471829044,0.252662528011906,-0.218564182952061,0.27222119233336
11390625,-0.207821904146105,0.258407246530709,-0.194617191889276,0.258674044631479
11406250,-0.197224396080009,0.263566769420466,-0.195205742215862,0.268985080879638
11421875,-0.18676187282612,0.268188477307943,-0.1852330014058,0.292181987782984
11437500,-0.176459985289193,0.272319566064136,-0.160104329544285,0.270791625791111
11453125,-0.166337793265412,0.276006258212976,-0.164172292302737,0.28118412539003
11468750,-0.156408469071113,0.279293194589021,-0.200333417075039,0.265143626700356
11484375,-0.146679992157616,0.282222984704019,-0.134186301754481,0.267398286909735
11500000,-0.13715581325054,0.284835892859019,-0.138907265291602,0.298626270675596
11515625,-0.12783547339875,0.287169637249835,-0.150990654592712,0.295570912795637
11531250,-0.118715168932041,0.289259280626877,-0.136362923990783,0.2917788177751
11546875,-0.10978825774917,0.291137193050986,-0.0982937237713662,0.317283693398802
11562500,-0.101045705703986,0.292833069599667,-0.124367873430515,0.322812265820212
11578125,-0.0924764742787201,0.294373988279729,-0.11285598111603,0.322762982384606
11593750,-0.0840678523932123,0.295784495726477,-0.102265264851955,0.294638863681187
11609375,-0.0758057362535444,0.297086710412254,-0.0757297538098699,0.294855163898029
11625000,-0.0676748617353829,0.298300434990811,-0.0762840590977674,0.311385933929583
11640625,-0.059658994047839,0.29944327104503,-0.0890655909294826,0.288679177747065
11656250,-0.0517410794341147,0.300530730882986,-0.0443548741066976,0.3014907911962
11671875,-0.0439033635167821,0.301576342154918,-0.036106233742935,0.303012129671603
11687500,-0.0361274806522341,0.302591741963306,-0.0310589659824493,0.304094128733777
11703125,-0.0283945183695099,0.303586757835651,-0.0249738398198326,0.296675176485196
11718750,-0.0206850606708159,0.304569473451756,-0.0039210018722653,0.289866144692637
11734375,-0.0129792136922823,0.305546277390125,-0.00355211788439315,0.309993835976018
11750000,-0.00525661698523744,0.306521893406116,-0.00378007442833054,0.30012758045846
11765625,0.00250355650361883,0.307499390899666,-0.0135923505960708,0.319740845172668
11781250,0.010322608786669,0.308480174293192,0.00427868235378259,0.298388423798765
11796875,0.0182223305891789,0.309463950039256,0.0206014071681195,0.325448471133837
11812500,0.0262250175063918,0.310448669930549,0.0341394494889413,0.305044038194325
11828125,0.0343534854047531,0.311430449309517,0.0374294040279378,0.308784015153635
11843750,0.0426310816307723,0.31240345869032,0.0343522001456657,0.315557827666823
11859375,0.0510816881870723,0.31335978723306,0.0478592040616862,0.311056937506974
11875000,0.0597297124906855,0.314289276474383,0.0441713025847073,0.318254808619587
11890625,0.0686000606293879,0.315179322750528,0.0725597194979829,0.300160996377796
11906250,0.0777180871631614,0.316014646887139,0.0703426524884029,0.333607305221512
11921875,0.0871095144673871,0.316777030023541,0.0800564941548755,0.300053788498963
11937500,0.0968003133729667,0.317445014948956,0.0776727899354336,0.343676188492662
11953125,0.106816535425541,0.317993573131797,0.10986096674065,0.31830410089114
11968750,0.117184085473145,0.318393738815696,0.125318270413335,0.327361788081716
11984375,0.127928421531274,0.31861221325377,0.143178996076809,0.340456620496913
12000000,0.139074167029511,0.318610944493224,0.141634223113441,0.304587201821526
12015625,0.150644618720888,0.31834669126439,0.178169920709532,0.327432589723277
12031250,0.162661131901492,0.317770583645603,0.157652753154866,0.326237776445468
12046875,0.175142363391432,0.316827698447131,0.170424523121531,0.311176834598707
12062500,0.188103352322136,0.315456673847468,0.209155325680057,0.323443601481073
12078125,0.201554419639881,0.313589395839869,0.212097211034253,0.313694472106248
12093750,0.215499870002936,0.311150798524434,0.224568718033597,0.30172162830609
12109375,0.229936485211562,0.308058831060692,0.260212381939183,0.314992225332969
12125000,0.244851807409391,0.304224655762016,0.248510298721927,0.306167531785832
12140625,0.260222224078714,0.299553153565726,0.260119079587113,0.291489819774544
12156250,0.276010886367451,0.293943823629944,0.285746553841851,0.307154381611505
12171875,0.292165518390692,0.287292171113254,0.281265961315812,0.301574293252407
12187500,0.308616208224616,0.279491678559704,0.311356647031488,0.290975478724237
12203125,0.325273310845107,0.270436448267624,0.331992031233787,0.249470475566713
12218750,0.342025637347997,0.260024581532592,0.339571988378228,0.252964687061823
12234375,0.358739149557514,0.248162321591327,0.366123011232077,0.192885619035588
12250000,0.37525641830377,0.234768927058387,0.385511750551487,0.228488630770315
12265625,0.391397128375809,0.219782160223144,0.385789523103772,0.23829954400471
12281250,0.406959912452578,0.203164171893615,0.430948753989672,0.191716105836786
12296875,0.421725758416084,0.184907448854631,0.444824917347888,0.155310411708926
12312500,0.435463149259054,0.165040375137636,0.410001262984032,0.158647715530673
12328125,0.447934957331317,0.143631864247497,0.449685159298671,0.149332161098527
12343750,0.458906928946843,0.120794470785517,0.450256767555471,0.130927245321063
12359375,0.468157377599164,0.0966854112018899,0.463987335522134,0.0948782044807024
12375000,0.475487483499341,0.0715050329931717,0.445910146539605,0.085847391420643
12390625,0.48073141340246,0.0454924741089753,0.472587884969391,0.0243091256647377
12406250,0.483765370311983,0.0189185346702773,0.483566841483155,0.0429443316649801
12421875,0.484514692647272,-0.00792389478774673,0.484790480212701,0.019419883466692
12437500,0.482958263016702,-0.0347311930135372,0.460791542017152,-0.0414454402426917
12453125,0.479129747364297,-0.0612012576456687,0.485975743456601,-0.0577727316779693
12468750,0.473115527883999,-0.0870456219248321,0.474047358479748,-0.0674390010096794
12484375,0.465049559572518,-0.112000434867437,0.492238875298784,-0.119258734768194
12500000,0.455105706479436,-0.135835460228377,0.437864863302731,-0.135635834033006
12515625,0.443488345598637,-0.158360515148184,0.448683312762858,-0.160033337381783
12531250,0.430422132737207,-0.179429088821899,0.430148490476644,-0.175645827928941
12546875,0.416141802535446,-0.198939196959946,0.43594881160487,-0.20717435894046
12562500,0.400882746167755,-0.216831790213622,0.399456612575726,-0.212803319301458
12578125,0.384872913192702,-0.233087213404214,0.403546148023664,-0.213989057043795
12593750,0.368326361181,-0.247720297860499,0.364944138041152,-0.237441757060913
12609375,0.35143856544197,-0.260774670257055,0.34601453458492,-0.266293581362206
12625000,0.334383427305582,-0.272316798669091,0.338704277499551,-0.27754117605123
12640625,0.317311795781928,-0.282430195227451,0.333202569904608,-0.267381962772652
12656250,0.300351245326815,-0.291210078386378,0.306755327201196,-0.285168795557179
12671875,0.283606825227696,-0.298758684854294,0.259579112922465,-0.304164629158694
12687500,0.267162502997086,-0.305181323617016,0.262881346476737,-0.29952069661563
12703125,0.251083053414247,-0.310583188015967,0.251149389519933,-0.291197986257782
12718750,0.235416186011399,-0.315066887583126,0.230830481401632,-0.336292196511809
12734375,0.220194748689561,-0.318730627221616,0.231393140841312,-0.320584162574614
12750000,0.205438888167057,-0.321666943685722,0.179558798114428,-0.310532488702198
12765625,0.191158085812746,-0.323961904007813,0.177986345856021,-0.300938287677334
12781250,0.17735301860315,-0.325694673640055,0.1942478378904,-0.314209447838603
12796875,0.164017219230426,-0.326937370352855,0.172049412973414,-0.34071434560275
12812500,0.151138527308188,-0.327755130841763,0.143294141672085,-0.325386508380107
12828125,0.138700336098633,-0.328206328750723,0.131672485208627,-0.328658977403863
12843750,0.126682647271438,-0.328342894251729,0.108656835895161,-0.321140687776865
12859375,0.115062950924276,-0.32821069574212,0.11131833636138,-0.331496112715999
12875000,0.103816950349205,-0.327849953294196,0.100188777745972,-0.302234404098464
12890625,0.092919151565508,-0.327295661118056,0.116768578385272,-0.324536822656064
12906250,0.0823433370465801,-0.326578002526189,0.107844492968828,-0.302144866613865
12921875,0.0720629417907744,-0.325722745849023,0.0943329803243036,-0.333421921552476
12937500,0.0620513482463322,-0.324751613614378,0.0673733115853599,-0.338691351596191
12953125,0.0522821148236569,-0.323682620249888,0.0487137423433627,-0.336048770310168
12968750,0.042729150963787,-0.32253037576745,0.0457879948238318,-0.352361358850621
12984375,0.033366850073818,-0.321306354497286,0.0453364709622624,-0.3186291246235
13000000,0.0241701901416217,-0.320019129090336,0.0150529651442531,-0.33104162001101
13015625,0.0151148105290477,-0.318674570814652,0.0193733796904617,-0.326810575025714
13031250,0.00617707232147957,-0.317276017727786,0.0127022652832081,-0.308072452063332
13046875,-0.00266589132351665,-0.315824412689693,-0.0197751395459386,-0.312323724126991
13062500,-0.011436129148151,-0.314318413451645,-0.00824329734112401,-0.329493398824626
13078125,-0.0201548250145137,-0.312754477266908,0.000246658292675795,-0.329002902407115
13093750,-0.0288422457750291,-0.311126922659987,-0.0428856297750385,-0.320089080201404
13109375,-0.0375176795601099,-0.30942797119747,-0.0436623636728726,-0.320029640300183
13125000,-0.0461993605301838,-0.307647772353646,-0.0550550366218557,-0.320893145458368
13140625,-0.0549043763626698,-0.305774414882336,-0.059291290041056,-0.311326743674089
13156250,-0.0636485549420096,-0.303793928513049,-0.058157459161561,-0.295257103067763
13171875,-0.0724463269267355,-0.301690280300743,-0.0643390007393193,-0.312994049888811
13187500,-0.0813105611217371,-0.299445370585867,-0.0793714547196045,-0.289848582735819
13203125,-0.0902523699314337,-0.297039034270181,-0.0889074247113674,-0.295672989857244
13218750,-0.0992808826626222,-0.294449053981632,-0.0949013162598104,-0.281275094618565
13234375,-0.108402985143172,-0.291651192674037,-0.130536697200933,-0.311865459626898
13250000,-0.117623025089274,-0.288619254255482,-0.125638522264308,-0.316120354400556
13265625,-0.126942483958597,-0.285325181914247,-0.129581817788491,-0.257076127421595
13281250,-0.136359617738871,-0.281739204838735,-0.13626799505702,-0.295867199549246
13296875,-0.145869071304209,-0.277830044903992,-0.13680201177133,-0.258359430925022
13312500,-0.155461473672789,-0.27356519548279,-0.134710822446505,-0.266437912946982
13328125,-0.165123024738756,-0.26891128465687,-0.135442654433309,-0.281227511950162
13343750,-0.174835087803117,-0.263834534540027,-0.184028832664342,-0.28503393982798
13359375,-0.184573806402349,-0.258301326934948,-0.200637068481892,-0.26866026685381
13375000,-0.194309768352817,-0.252278882870262,-0.20021202599078,-0.267186098630923
13390625,-0.204007744309127,-0.24573605945256,-0.200333904736752,-0.261429886874219
13406250,-0.213626532067442,-0.238644261717152,-0.21490567896801,-0.260806594275478
13421875,-0.223118940794485,-0.230978459665719,-0.235755407774604,-0.217674698422564
13437500,-0.232431950679775,-0.222718291492798,-0.22985812325675,-0.227672011539413
13453125,-0.241507082469031,-0.21384922340531,-0.236529211618693,-0.208571107110084
13468750,-0.250281007218124,-0.204363724994131,-0.260649653152841,-0.189821302893665
13484375,-0.258686418795612,-0.1942624077109,-0.268248120740801,-0.202607751297486
13500000,-0.266653179793576,-0.183555063843258,-0.255326290078708,-0.179602260116477
13515625,-0.274109735620499,-0.17226153592948,-0.292522710000039,-0.145171538321944
13531250,-0.28098477223304,-0.160412343387767,-0.283858124787,-0.147690082030084
13546875,-0.287209071444054,-0.148048995736336,-0.306187477231576,-0.148922758576856
13562500,-0.292717495896476,-0.135223931254467,-0.292299971880016,-0.139272685064923
13578125,-0.297451016016179,-0.122000036721267,-0.280397070093887,-0.143961006852989
13593750,-0.30135867621448,-0.108449727489594,-0.300811299288732,-0.107180953683596
13609375,-0.304399389843565,-0.0946535960726824,-0.286034594681762,-0.0937584967759863
13625000,-0.306543453880054,-0.0806986690913135,-0.306941653384272,-0.103462765359778
13640625,-0.307773685977705,-0.0666763435354322,-0.308686367651951,-0.0776282818749241
13656250,-0.30808610802599,-0.0526801002058673,-0.308304266883276,-0.0425157293973371
13671875,-0.307490129905078,-0.0388031115444548,-0.315953653341238,-0.044121410641776
13687500,-0.306008221737363,-0.0251358703005019,-0.320729023440513,-0.0158132542683065
13703125,-0.303675098799483,-0.0117639633868327,-0.317751984304113,0.00620758716688986
13718750,-0.300536476378452,0.00123389784860477,-0.312822345033008,0.0175961431821233
13734375,-0.296647478680695,0.0137875020944934,-0.284592347522868,0.0334596769191628
13750000,-0.292070803876859,0.0258363571779497,-0.297849447144205,0.0351488708791167
13765625,-0.286874755260217,0.0373304752248823,-0.288439011133027,0.0260516946542188
13781250,-0.281131246479642,0.0482307261131144,-0.285380582628885,0.0163284359204056
13796875,-0.274913878257668,0.0585087884807676,-0.24368938855957,0.0555581571406522
13812500,-0.268296167140116,0.0681467486440406,-0.255783995003733,0.0671272091970299
13828125,-0.261349986258307,0.0771364118187426,-0.267884698631515,0.070623803303516
13843750,-0.254144256390261,0.0854783969239698,-0.256662635937846,0.0811617164167786
13859375,-0.246743904979416,0.0931810866888225,-0.249630954731803,0.0719514089252095
13875000,-0.239209092823686,0.100259500047198,-0.220173624681603,0.110443131326174
13890625,-0.231594693852144,0.106734145413417,-0.241628310935948,0.109464428993704
13906250,-0.223950003125127,0.112629902913038,-0.224783834794651,0.112079634492268
13921875,-0.216318641802071,0.117974972353963,-0.22797441919979,0.125551392086966
13937500,-0.208738624857052,0.122799912735517,-0.23631043721412,0.102519506606651
13953125,-0.201242557131373,0.127136789160687,-0.200466684756337,0.136112369472674
13968750,-0.193857925178506,0.131018434585986,-0.187325697797329,0.152858719985211
13984375,-0.186607455591645,0.134477827103424,-0.171926027906555,0.132134088757264
14000000,-0.179509514509956,0.137547578391614,-0.173029535531852,0.146890189288648
14015625,-0.172578527295967,0.140259525457921,-0.162035741218067,0.135283705463707
14031250,-0.165825401608248,0.142644415603162,-0.168801846095365,0.132634098931318
14046875,-0.159257941019824,0.144731673426245,-0.157144873539247,0.14245784039492
14062500,-0.15288123981122,0.146549238399478,-0.176795378396235,0.1476209565818
14078125,-0.146698052530845,0.148123461859104,-0.133087507019788,0.161953358618659
14093750,-0.140709134354422,0.149479052974426,-0.167062061582364,0.176537443144012
14109375,-0.134913550215824,0.150639064224227,-0.129358482069265,0.14783921406368
14125000,-0.129308952173572,0.151624907997743,-0.130999454019559,0.154284689559928
14140625,-0.123891825580841,0.152456397058695,-0.13372305689195,0.161754393010835
14156250,-0.118657705405712,0.153151802701397,-0.122793273514233,0.151558145196759
14171875,-0.113601364563812,0.153727925446689,-0.127046041918638,0.146599902931165
14187500,-0.108716976433321,0.154200174048527,-0.0980335425642559,0.172649812753425
14203125,-0.103998253871048,0.154582649398305,-0.112519867046996,0.161489500406152
14218750,-0.0994385670792568,0.154888230621148,-0.100034266820005,0.170728696242004
14234375,-0.0950310426194098,0.155128661260554,-0.0848500987069524,0.167102809615808
14250000,-0.0907686457583236,0.155314633952233,-0.0722792417645915,0.16284349280145
14265625,-0.0866442481849344,0.155455872404665,-0.0874672916658568,0.127841161271073
14281250,-0.0826506829681911,0.155561209843063,-0.0909478648251908,0.163919428228095
14296875,-0.0787807884501259,0.155638663345699,-0.0875903440198761,0.142486300112829
14312500,-0.0750274425914434,0.155695503716743,-0.0615564947483626,0.174952781902622
14328125,-0.0713835891158278,0.155738320707155,-0.0781522141247116,0.15989944699601
14343750,-0.0678422566373829,0.155773083522813,-0.0440003080820929,0.172149403010468
14359375,-0.0643965718055413,0.155805196654092,-0.0671758816203223,0.166400992283835
14375000,-0.0610397673645141,0.155839551129654,-0.0555721442947581,0.169709405785615
14390625,-0.0577651859002742,0.15588057134453,-0.0333148715846586,0.153484168166373
14406250,-0.054566279937055,0.155932257642771,-0.0514289615970173,0.17265558334737
14421875,-0.0514366089466706,0.155998224851919,-0.0657009104614325,0.167558526828835
14437500,-0.0483698337470712,0.156081736972842,-0.0658274029491246,0.167210525206101
14453125,-0.0453597086902863,0.156185738226783,-0.0592134169471155,0.152562137376118
14468750,-0.042400071973485,0.156312880653395,-0.0463761856926857,0.157903466434357
14484375,-0.0394848343492944,0.156465548440674,-0.0348243795678029,0.144674690820525
14500000,-0.0366079664618221,0.156645879151205,-0.0731708726964665,0.153178111984431
14515625,-0.0337634849922704,0.156855781989729,-0.0446437035139853,0.17237192177465
14531250,-0.0309454377617354,0.157096953235527,-0.0210727562972004,0.182982260797797
14546875,-0.0281478879082374,0.157370888939744,-0.0261347870616063,0.162005143291266
14562500,-0.0253648972295208,0.15767889496301,-0.04378963266531,0.137144684184519
14578125,-0.0225905087623452,0.158022094402557,-0.00890528733374994,0.156858023305977
14593750,-0.0198187286524256,0.158401432430644,-0.0327143149920322,0.168760044506197
14609375,-0.0170435073566914,0.158817678537359,-0.0158274663498974,0.155007313032391
14625000,-0.0142587202109178,0.159271426140807,0.00430445884938198,0.129234660355143
14640625,-0.0114581473910419,0.159763089495967,-0.00603067249772099,0.131920894869947
14656250,-0.00863545329573626,0.160292897800103,-0.0179672201319894,0.165414969621105
14671875,-0.00578416538122143,0.160860886357222,-0.0213721058917851,0.17341421594576
14687500,-0.00289765248730744,0.161466884626418,0.00521811922323102,0.152309996346645
14703125,3.08972932625377e-05,0.162110500938859,-0.00169196404227552,0.155257586756625
14718750,0.00300849913123751,0.162791103625375,-0.0045887731993953,0.151125672416816
14734375,0.00604239426655003,0.163507798250884,-0.0100982872422347,0.162684610372192
14750000,0.00914007297347363,0.164259400603143,0.00262756288471609,0.168669490596788
14765625,0.0123092975128341,0.165044405031425,0.0189940728073487,0.169223126207952
14781250,0.0155581248455769,0.165860947675888,0.0257816517995205,0.171498089425486
14796875,0.0188949288157127,0.166706764070767,0.0240423174088776,0.156370489591713
14812500,0.0223284214292668,0.167579140544779,0.0341448610871403,0.16542419865995
14828125,0.0258676727564442,0.168474858781099,0.0494269397104272,0.150684069080875
14843750,0.0295221288635856,0.169390132838476,0.0251975026609303,0.174865041040315
14859375,0.0333016270359554,0.170320537876456,0.0395204157471089,0.171267553382586
14875000,0.0372164073776361,0.171260929774297,0.0521803459302289,0.178226239035852
14890625,0.0412771196662713,0.172205354789044,0.0628997866472124,0.16479628640631
14906250,0.045494824092691,0.173146948368672,0.0727086643354811,0.171901323180283
14921875,0.0498809842232451,0.174077822228713,0.0564679710691986,0.194783337931222
14937500,0.0544474501800426,0.174988938824579,0.0527519557722867,0.157010661077881
14953125,0.0592064296358475,0.175869972419386,0.0495540709275613,0.154981858961445
14968750,0.0641704437608682,0.176709156074023,0.0651857324009964,0.191977634253006
14984375,0.0693522647346383,0.177493114092421,0.0643927905848902,0.180700022320284
15000000,0.0747648308459467,0.178206679765007,0.0526835350873945,0.170369687116737
15015625,0.0804211345497284,0.178832698697527,0.0702243010848214,0.169157715730049
15031250,0.0863340781398323,0.179351818627259,0.0931485689226157,0.191718971361863
15046875,0.0925162909464499,0.179742267457229,0.0843210486942562,0.172619416869775
15062500,0.0989799012043865,0.179979622331426,0.106950880433031,0.169838056772424
15078125,0.105736255006198,0.180036573985748,0.0894145620326525,0.197941512457066
15093750,0.112795574116065,0.179882692400528,0.115316702065083,0.173690154271543
15109375,0.120166543967027,0.179484202010942,0.121803247722181,0.185182430024401
15125000,0.127855823019089,0.178803777455893,0.122857898260037,0.203279640119324
15140625,0.135867464983162,0.177800374102793,0.144091736875058,0.178221737355019
15156250,0.144202246425445,0.176429111384778,0.149104761459421,0.161546386300754
15171875,0.152856894218827,0.174641231288772,0.152088342419956,0.174164728983867
15187500,0.161823210509992,0.172384159023751,0.158611443223389,0.165397093467192
15203125,0.171087097670023,0.169601697758296,0.174928188591833,0.138752219589787
15218750,0.180627492455612,0.16623439398106,0.18193315203778,0.174111282006179
15234375,0.190415227665691,0.162220113960421,0.186484213247151,0.15443366102121
15250000,0.200411851183535,0.157494874195927,0.190293850410023,0.15269153058448
15265625,0.210568446512626,0.151993968662445,0.232920684817358,0.14877288777072
15281250,0.220824515505026,0.145653431819797,0.209103690395001,0.169201361958585
15296875,0.231107002246407,0.138411867403221,0.216701707772142,0.172645229566611
15312500,0.241329555692779,0.130212657502247,0.251318790351961,0.133697745571394
15328125,0.251392145593898,0.121006543160361,0.259053268057253,0.11528253152678
15343750,0.261181158623185,0.110754536010884,0.259920508838928,0.117950017133462
15359375,0.270570105871217,0.0994310806053597,0.288024483020533,0.119262205790162
15375000,0.279421064920903,0.0870273408370744,0.29223585020829,0.0520299651112469
15390625,0.2875869557087,0.0735544348232106,0.298256880921645,0.0722748903265769
15406250,0.294914706371479,0.0590463964576358,0.299011242312201,0.078316474534896
15421875,0.301249302416167,0.0435626061253266,0.339774714971272,0.0329605927533165
15437500,0.30643863210554,0.0271894164334697,0.29401825407541,0.019995380291286
15453125,0.310338949156173,0.0100407096394664,0.322549026563569,-0.00385815471426046
15468750,0.312820681019195,-0.00774283208420923,0.310989346067928,0.00133744712728891
15484375,0.313774230725055,-0.0259958824467146,0.306590925286555,-0.0175492085858719
15500000,0.31311536731707,-0.0445320804944494,0.316862994967744,-0.048241683550383
15515625,0.310789787356779,-0.0631489895514567,0.319626928058008,-0.074386973275166
15531250,0.306776465941136,-0.0816341659024435,0.32062880992797,-0.0936628368327028
15546875,0.301089500511112,-0.0997719779783218,0.301994508295233,-0.0928950088006725
15562500,0.293778275955715,-0.117350732524577,0.287486259834212,-0.128937436829669
15578125,0.284925928694275,-0.134169629370977,0.292233410842737,-0.131871804468216
15593750,0.274646239235198,-0.150045086872309,0.25662081841732,-0.184009738447343
15609375,0.263079215362343,-0.164816052022492,0.250455118204232,-0.163145796974935
15625000,0.250385723847341,-0.178348020061747,0.239744019540575,-0.19125957278979
15640625,0.236741577135609,-0.190535619768514,0.264732389842623,-0.203908311368869
15656250,0.222331481352126,-0.201303752648754,0.247834004564575,-0.232912151853199
15671875,0.207343209816255,-0.210607389475996,0.193666227199319,-0.218114740261113
15687500,0.191962294215594,-0.218430214063069,0.193990511820526,-0.215872070516936
15703125,0.176367438172487,-0.224782356358503,0.160134850597836,-0.221725153656496
15718750,0.16072676890949,-0.229697475777184,0.148752348514288,-0.203621959481226
15734375,0.145194962895461,-0.233229446557999,0.164203733545811,-0.24877638140356
15750000,0.129911217525518,-0.235448867901835,0.156914063968281,-0.205460828982229
15765625,0.114997995817216,-0.236439581241938,0.116457521432754,-0.236426945160609
15781250,0.100560444259478,-0.236295332830236,0.111197660619864,-0.225109403957892
15796875,0.0866863725939626,-0.235116677647818,0.101721826422103,-0.232498192420508
15812500,0.0734466846186668,-0.233008184116798,0.0476807863244625,-0.230096526145802
15828125,0.0608961570941797,-0.23007596991871,0.0712992331385658,-0.234829222183229
15843750,0.0490744759810449,-0.226425577613152,0.0469904216497617,-0.249036809249629
15859375,0.0380074528144833,-0.222160183901061,0.0484096542550218,-0.223447119341099
15875000,0.0277083571871984,-0.217379126971147,0.0288139799986721,-0.221246724454573
15890625,0.0181793130263823,-0.212176730949226,0.00413110560396424,-0.199546698397567
15906250,0.00941271621965758,-0.206641403704897,0.00523339019514628,-0.213058623018548
15921875,0.00139263920598862,-0.200854983091207,0.00435585940735357,-0.204424885003943
15937500,-0.00590380531117011,-0.194892306349155,-0.0140811086182421,-0.177829046412761
15953125,-0.0125051639697708,-0.188820977446522,-0.0231895320792172,-0.205936704753277
15968750,-0.0184444234887198,-0.182701307325973,-0.0222108059388315,-0.178531755459884
15984375,-0.0237578862181463,-0.176586402363433,-0.0133783068483779,-0.179550024632046
16000000,-0.0284841503470742,-0.170522376831187,-0.0500473795116476,-0.181054391790116
16015625,-0.0326632010108792,-0.164548665900465,-0.0512644359316535,-0.173104941457007
16031250,-0.0363356151613253,-0.158698416775382,-0.0403128308410403,-0.180323207172671
16046875,-0.0395418799569582,-0.152998936958499,-0.0431974752109367,-0.145607395282239
16062500,-0.0423218216729968,-0.14747218039911,-0.038066464002986,-0.143437270678715
16078125,-0.0447141397879861,-0.142135254318531,-0.0291129321211303,-0.116926777741908
16093750,-0.0467560390307197,-0.137000931761724,-0.0547528194566905,-0.163680633960187
16109375,-0.0484829507893162,-0.132078157294077,-0.0499219627264291,-0.120357925813906
16125000,-0.0499283343887641,-0.127372535645077,-0.0537864640661926,-0.13507909216792
16140625,-0.0511235483009078,-0.122886795403627,-0.0553621081400778,-0.125334335196927
16156250,-0.0520977813079024,-0.118621222015086,-0.0326100055089665,-0.131847344725822
16171875,-0.0528780339295292,-0.114574056259728,-0.0616658204980096,-0.109943323039297
16187500,-0.0534891409730883,-0.110741856069593,-0.0512689637915088,-0.0972354128755605
16203125,-0.0539538267991442,-0.10711982094831,-0.0582832198182786,-0.101288497599948
16218750,-0.0542927857495694,-0.103702079396708,-0.0444440673260782,-0.0965324733045311
16234375,-0.0545247810971564,-0.100481940628908,-0.040341178217217,-0.110652021455203
16250000,-0.0546667567998221,-0.0974521125120657,-0.0695403912199277,-0.113397302903817
16265625,-0.0547339572392709,-0.0946048881063942,-0.0592721299200812,-0.0987510793862655
16281250,-0.0547400509663946,-0.0919323034518869,-0.0748887518072042,-0.0858896404918276
16296875,-0.0546972552453571,-0.0894262693756258,-0.0700261865871029,-0.11258102328609
16312500,-0.0546164588749242,-0.0870786801086465,-0.0513961343738434,-0.0815810683132471
16328125,-0.0545073413649252,-0.0848815014311784,-0.0647507313140055,-0.11567447084742
16343750,-0.0543784870586174,-0.0828268409332402,-0.0633699205183129,-0.0980884604709207
16359375,-0.0542374932221654,-0.0809070028042197,-0.0470932102877875,-0.0850430447815378
16375000,-0.0540910714769127,-0.0791145293664404,-0.0820743675557518,-0.0728722943547348
16390625,-0.053945142236294,-0.0774422313568428,-0.0820874803857747,-0.0839561407860748
16406250,-0.0538049220354041,-0.0758832087476644,-0.0351886536349522,-0.0582719215940011
16421875,-0.0536750038156978,-0.0744308636887324,-0.0519606884426662,-0.0749091206274037
16437500,-0.0535594303580264,-0.0730789069557745,-0.067979983082798,-0.0817346744484837
16453125,-0.0534617611515461,-0.071821359104347,-0.0460223765086601,-0.0679895727047659
16468750,-0.053385133050636,-0.0706525473595366,-0.0351081369473623,-0.0749884995693969
16484375,-0.0533323151126092,-0.0695670991183655,-0.0502230441148111,-0.0680291847724913
16500000,-0.0533057580307684,-0.0685599328048854,-0.0443915565648937,-0.089750494960955
16515625,-0.0533076385844794,-0.0676262466968359,-0.0423713413096552,-0.0636758771888581
16531250,-0.0533398995239814,-0.0667615062365584,-0.0539258125970966,-0.0561525699778989
16546875,-0.0534042852955493,-0.0659614302465123,-0.0582851669689477,-0.0740781441069867
16562500,-0.053502373994734,-0.0652219763899998,-0.0605091954303557,-0.0757614994249937
16578125,-0.0536356059136222,-0.0645393261492953,-0.0486975732430076,-0.0638653674103206
16593750,-0.0538053090238458,-0.0639098695350293,-0.0421156957512659,-0.0712609824334712
16609375,-0.0540127217116043,-0.0633301896911526,-0.0689423309987584,-0.0667262180522511
16625000,-0.05425901305505,-0.0627970475180164,-0.0476068373563149,-0.0529132540628589
16640625,-0.0545453009086933,-0.0623073664009558,-0.0695799785376674,-0.0580875000080933
16656250,-0.0548726680344445,-0.0618582171023094,-0.0497274409067368,-0.0593096102275464
16671875,-0.0552421764947873,-0.0614468028502535,-0.0644073825565555,-0.0521444483769426
16687500,-0.0556548805005913,-0.0610704446373437,-0.0650683480468689,-0.0924116601960511
16703125,-0.0561118378842684,-0.0607265667246489,-0.0724325284161604,-0.0899560808880401
16718750,-0.0566141203483925,-0.0604126823332272,-0.048596792487464,-0.0512659537615238
16734375,-0.0571628226204789,-0.0601263794929501,-0.05944748577711,-0.0603582889384309
16750000,-0.0577590706262785,-0.0598653070089123,-0.0602019032471418,-0.0439771135071846
16765625,-0.0584040287765811,-0.0596271604975123,-0.0438566748455339,-0.0314251011988005
16781250,-0.0590989064459738,-0.0594096684374702,-0.049503216357948,-0.0627071972359526
16796875,-0.0598449637061496,-0.0592105781753033,-0.0869949517506418,-0.0574707148542132
16812500,-0.0606435163609949,-0.0590276418199483,-0.0412965106006871,-0.0626445075728221
16828125,-0.0614959403156566,-0.0588586019571432,-0.041833288262143,-0.0546049165672494
16843750,-0.0624036752969076,-0.0587011771107201,-0.059868195224581,-0.0589602049671857
16859375,-0.0633682279271641,-0.058553046875162,-0.0489972522327065,-0.0414392199127958
16875000,-0.0643911741393316,-0.0584118366414593,-0.0819977375835605,-0.052362210754282
16890625,-0.0654741609039722,-0.0582751018366648,-0.070112115585826,-0.0556111154959787
16906250,-0.0666189072239745,-0.0581403115964879,-0.05809328309,-0.055122383723554
16921875,-0.0678272043346918,-0.0580048317900357,-0.0803278627795683,-0.0457570212164853
16937500,-0.0691009150292192,-0.0578659073164398,-0.075293425809688,-0.0503265110652044
16953125,-0.0704419720088886,-0.0577206435949105,-0.0929824129504312,-0.0638615435773229
16968750,-0.0718523751379556,-0.057565987172936,-0.0780669838413049,-0.0450449824729285
16984375,-0.0733341874586704,-0.0573987053822559,-0.0469797220596542,-0.0476093670675346
17000000,-0.0748895297982547,-0.0572153649793224,-0.0790590644910588,-0.0515221778563123
17015625,-0.0765205737726501,-0.0570123097166438,-0.080667982777333,-0.0660763547316706
17031250,-0.0782295329631063,-0.0567856368043872,-0.0742746435010702,-0.0714941035110975
17046875,-0.080018652010752,-0.0565311722384661,-0.0762851441807321,-0.036321767491444
17062500,-0.0818901933412314,-0.0562444449929911,-0.0633379604229852,-0.0344184124787244
17078125,-0.0838464211964783,-0.055920660102268,-0.0755898688534976,-0.0484010249438503
17093750,-0.085889582614,-0.055554670691604,-0.0676848571048343,-0.0455448525076682
17109375,-0.0880218849561688,-0.055140949058215,-0.0939660144094327,-0.0669273035206137
17125000,-0.0902454695536771,-0.0546735569548642,-0.0705929833482702,-0.0619967966967119
17140625,-0.0925623809894841,-0.0541461152909663,-0.0833892790751586,-0.0514391537564998
17156250,-0.0949745315137351,-0.0535517735403122,-0.0932008100752209,-0.044146034878271
17171875,-0.0974836600480449,-0.0528831792329405,-0.0870110461316884,-0.0723362102147933
17187500,-0.100091285211592,-0.0521324480126473,-0.0891765229579338,-0.0641808967852656
17203125,-0.102798651784769,-0.0512911348626589,-0.0870248725974652,-0.0626864135871299
17218750,-0.105606670022337,-0.0503502072415305,-0.088153136646385,-0.0530020799082186
17234375,-0.10851584724187,-0.0493000210301888,-0.0996015074449817,-0.044820303004603
17250000,-0.111526211150186,-0.0481303003697059,-0.112920247249655,-0.0458963473064982
17265625,-0.114637224437091,-0.0468301226672403,-0.114618982687661,-0.0422714911049798
17281250,-0.117847690269541,-0.0453879102629163,-0.145857269061199,-0.0424643221660379
17296875,-0.121155648468837,-0.0437914304798545,-0.117097969734516,-0.0684239275958528
17312500,-0.124558262357927,-0.0420278060175324,-0.118817446735511,-0.0503485634931482
17328125,-0.128051696535143,-0.0400835378870244,-0.136161632272722,-0.0461269604188993
17343750,-0.131630986174388,-0.0379445433138486,-0.137526936409623,-0.0387597806222601
17359375,-0.135289898879184,-0.0355962112349121,-0.124452961958201,-0.0364226375541479
17375000,-0.139020790636195,-0.0330234781705535,-0.126548356326345,-0.0420711684566647
17390625,-0.142814458027375,-0.0302109273365342,-0.134962818669727,-0.0116561410532141
17406250,-0.146659989568099,-0.0271429138446526,-0.143967299848435,-0.0408744675218297
17421875,-0.150544619834605,-0.0238037186906294,-0.135767236463039,-0.0117968651073954
17437500,-0.154453590911411,-0.020177733906687,-0.15133651216274,-0.00955129140941638
17453125,-0.158370026600638,-0.0162496807245974,-0.16281639297531,-0.0088443920569819
17468750,-0.162274825748916,-0.0120048618149258,-0.167430240706407,-0.0159888585522155
17484375,-0.166146581906923,-0.00742944760641384,-0.173949729139946,0.00843711821979602
17500000,-0.169961537267871,-0.0025107953231298,-0.184324365979074,-0.00158333615291207
17515625,-0.173693579344935,0.00276220230034996,-0.179405601480518,0.0050949431664814
17531250,-0.177314289040378,0.00839874363666167,-0.189245232731538,0.0108617462553347
17546875,-0.180793048519986,0.0144057273440843,-0.163054158472218,0.0175400127267083
17562500,-0.184097216524461,0.0207873537101098,-0.168102797117135,0.0250383320566336
17578125,-0.187192377326715,0.0275447301735205,-0.222344353879751,0.0441067077492804
17593750,-0.190042667409953,0.0346754953087816,-0.196608898827164,0.0175895907491057
17609375,-0.192611181070406,0.0421734774800904,-0.199093406037485,0.0433062254327745
17625000,-0.194860452576825,0.050028405713196,-0.190240020016475,0.0476971253629313
17640625,-0.196753008359781,0.0582256908475618,-0.22630751351621,0.0570303744260496
17656250,-0.198251978156457,0.0667462944936155,-0.189612123810842,0.0852869969838836
17671875,-0.199321749386014,0.0755667015533266,-0.17369171653095,0.0722429178133437
17687500,-0.199928644635167,0.0846590089734576,-0.190716739385763,0.0732104014682486
17703125,-0.200041598399228,0.0939911390094731,-0.186078668156517,0.102403720303862
17718750,-0.199632806565004,0.103527179739181,-0.196137201659095,0.11268537466746
17734375,-0.198678320912357,0.113227849175861,-0.183313498291239,0.131366134600369
17750000,-0.197158561431835,0.123051072518124,-0.199545443639538,0.115578322385092
17765625,-0.195058721646046,0.132952655362172,-0.201068427686755,0.146655828458901
17781250,-0.192369046345557,0.142887029660219,-0.204863219797226,0.147304372115174
17796875,-0.189084966979548,0.152808044385413,-0.200025915395764,0.159206263614995
17812500,-0.185207086972875,0.162669769718341,-0.185344295108005,0.179378660728404
17828125,-0.180741016931748,0.172427282412836,-0.158458941968135,0.16218156751485
17843750,-0.175697067428588,0.182037400946669,-0.157718221582555,0.188607934077221
17859375,-0.17008981419679,0.191459342023336,-0.174961772490748,0.194823867905942
17875000,-0.163937556561178,0.200655274675686,-0.181450236167893,0.193753089628603
17890625,-0.157261694355851,0.209590754183971,-0.157681048940922,0.203084556480583
17906250,-0.150086051188648,0.218235024715948,-0.141810806234851,0.225999533965883
17921875,-0.142436172643323,0.226561186451168,-0.129369441641803,0.240783573516155
17937500,-0.13433862699006,0.234546229430042,-0.133843073503992,0.230760499573127
17953125,-0.125820333474833,0.242170942027203,-0.130441944799135,0.241791930811109
17968750,-0.116907939651398,0.249419706474698,-0.102375763155091,0.258296987753805
17984375,-0.107627264927559,0.256280197084379,-0.112463864064442,0.255615933054923
18000000,-0.0980028229378596,0.262742998711859,-0.102750873670804,0.247697408186445
18015625,-0.0880574309016367,0.26880116365758,-0.0841256737631912,0.273365626818345
18031250,-0.0778119100786822,0.274449724795153,-0.0716314014917122,0.275094329909487
18046875,-0.0672848780076714,0.279685181489945,-0.0697267354042075,0.274486706255834
18062500,-0.0564926305279593,0.284504973082486,-0.0642109367732193,0.29216551816446
18078125,-0.0454491096844186,0.288906952618416,-0.0313653449228649,0.28068386747055
18093750,-0.0341659524711226,0.292888871342078,-0.0580364554563435,0.289804085255257
18109375,-0.0226526149046373,0.296447882431379,0.00527525282277187,0.307696262857667
18125000,-0.0109165660189909,0.299580070691885,0.0115457173666092,0.304447162627521
18140625,0.00103645309105096,0.302280013561771,-0.0135191335468164,0.307932605724741
18156250,0.0132021092255485,0.304540377880917,0.0308938458270703,0.292105856676338
18171875,0.0255770991073366,0.306351556489492,0.036360268311463,0.302738605331032
18187500,0.0381587155765875,0.30770134885834,0.0428033977457583,0.313102044830778
18203125,0.050944359200614,0.308574690607227,0.0739298357162514,0.32496899789504
18218750,0.0639309959735872,0.308953437908444,0.0628243689807659,0.295566410100797
18234375,0.0771145616174304,0.308816214352216,0.0788346261330819,0.312129207503391
18250000,0.090489313383576,0.308138329791812,0.112220181292352,0.295357376468154
18265625,0.104047131340349,0.30689178288395,0.114568856898345,0.30511389496586
18281250,0.117776773056982,0.305045361346587,0.117012082651337,0.315016341790383
18296875,0.13166308849983,0.302564856172265,0.133871588634471,0.310442983487396
18312500,0.145686205954524,0.299413407896975,0.140287886418663,0.286825387126254
18328125,0.159820704950961,0.295552004194545,0.152486507786505,0.272708577180967
18343750,0.174034798492114,0.29094014812831,0.18864654875388,0.286587672391927
18359375,0.188289554252643,0.285536714856154,0.183407768917772,0.280682627933112
18375000,0.20253819253632,0.27930101091093,0.210924734991887,0.283222632593848
18390625,0.216725507165751,0.272194043817545,0.194507324201396,0.270687029631803
18406250,0.230787463370747,0.264180000276854,0.233658102520557,0.261066018118612
18421875,0.244651033109653,0.255227918129536,0.2388529092124,0.234601820641933
18437500,0.258234331800813,0.245313520794877,0.263875199633531,0.250503830897246
18453125,0.271447119662009,0.234421163296219,0.253639299352508,0.251421074233059
18468750,0.284191724208437,0.222545817368134,0.295166320223721,0.239922314641995
18484375,0.296364426578519,0.209695001222454,0.286863610642933,0.197648648890558
18500000,0.307857332368726,0.19589053977803,0.325223996594426,0.182215493062819
18515625,0.318560717536718,0.181170026572039,0.317160401022797,0.183176843436068
18531250,0.328365802835667,0.165587852499109,0.349912946864618,0.144796763970801
18546875,0.337167868743788,0.149215672102234,0.334460339727369,0.149153402978803
18562500,0.344869580952209,0.132142197669926,0.355708730081576,0.116459491320189
18578125,0.351384359310768,0.114472245670384,0.339876102443058,0.128046783033856
18593750,0.356639596352457,0.0963250077932157,0.359248732336563,0.0854722153000926
18609375,0.360579520358535,0.0778315764358887,0.35090288514823,0.0846085052015627
18625000,0.363167506148225,0.0591318160523711,0.362969286556947,0.0767636460141465
18640625,0.364387665703244,0.0403707300691857,0.342817748392294,0.0579744642748508
18656250,0.364245598653405,0.021694520408583,0.352417266645876,0.0276242081092248
18671875,0.362768244780429,0.0032465663927805,0.367821692995667,0.00679376027966629
18687500,0.360002849841914,-0.0148364424043625,0.369459064060727,-0.039601579298328
18703125,0.356015123741927,-0.0324280000952648,0.346264184438892,-0.0366359426902634
18718750,0.350886728197774,-0.0494147220683606,0.346595674807267,-0.0532129958034749
18734375,0.344712273071427,-0.0656985948090642,0.332118134432759,-0.0717860149176087
18750000,0.337596022652876,-0.0811984667058284,0.354283524526091,-0.0978414585326667
18765625,0.329648514729029,-0.0958507695415917,0.323111976578247,-0.0966134176374489
18781250,0.320983278465262,-0.109609515176217,0.305909074665298,-0.0990353717955031
18796875,0.311713806329418,-0.122445655450736,0.296029734408095,-0.111802649724967
18812500,0.301950895980543,-0.134345922739887,0.315425326561911,-0.133265321014003
18828125,0.291800435788961,-0.145311283297855,0.313014443658246,-0.14418683235741
18843750,0.281361667259683,-0.155355136943917,0.279307308442174,-0.14624191238162
18859375,0.270725922636845,-0.164501387366988,0.248637883905646,-0.176083972259175
18875000,0.259975808462114,-0.172782490646053,0.274336118017082,-0.188461438468881
18890625,0.24918478658112,-0.180237568757368,0.262064863557163,-0.199740926935332
18906250,0.238417092696798,-0.186910652729856,0.219965607510458,-0.173386055594975
18921875,0.227727927990575,-0.192849098927237,0.225460460542253,-0.182694226109043
18937500,0.217163860123749,-0.198102203169252,0.2157109201771,-0.216367096923692
18953125,0.206763374550712,-0.20272002187348,0.228200817806762,-0.162738612808513
18968750,0.196557524088801,-0.206752397374116,0.210158344527589,-0.211738149746341
18984375,0.186570632890057,-0.210248175926614,0.184491888813764,-0.210452574110386
19000000,0.176821019418601,-0.213254601257078,0.163125890657789,-0.222152590829827
19015625,0.167321711099244,-0.215816863354144,0.178468876236902,-0.223799554019639
19031250,0.158081130558914,-0.217977780985052,0.153318891540714,-0.231741298889646
19046875,0.149103739618368,-0.219777596630556,0.158548697211912,-0.200773336268641
19062500,0.140390632341285,-0.221253863723239,0.167667461567351,-0.225737416600591
19078125,0.131940072543974,-0.222441407868801,0.142515148530072,-0.222675577013735
19093750,0.123747974307264,-0.22337234584065,0.133252990055822,-0.22138832103364
19109375,0.11580832633912,-0.224076148351144,0.123771899623457,-0.232694406300287
19125000,0.108113562650365,-0.2245797347701,0.122056887124359,-0.248572451707916
19140625,0.100654883060747,-0.224907589986726,0.0900273537312283,-0.224878372569283
19156250,0.0934225276707964,-0.225081895440355,0.0901390952337507,-0.211379354828627
19171875,0.0864060097237403,-0.225122667952608,0.0777280892041181,-0.227576610344212
19187500,0.0795943113294887,-0.225047901374609,0.0559190694640237,-0.227007103962842
19203125,0.0729760464027309,-0.224873707226586,0.064571569319399,-0.23494136858385
19218750,0.0665395949357901,-0.224614451470995,0.074885157447381,-0.24874737847993
19234375,0.0602732124284145,-0.224282885345607,0.0600826681861604,-0.232366776124973
19250000,0.0541651179635221,-0.223890268813036,0.0695634498483231,-0.224651786957097
19265625,0.0482035640739094,-0.223446485680466,0.0530724379886282,-0.235346657949608
19281250,0.042376891206644,-0.222960149829437,0.0465453216166667,-0.240397726788723
19296875,0.0366735692702384,-0.222438702289555,0.0276357035024821,-0.223661974872357
19312500,0.0310822284519204,-0.221888499109058,0.0165075421114793,-0.228568271407255
19328125,0.0255916812219274,-0.221314890133984,0.0300347274556475,-0.208457928543652
19343750,0.0201909372008282,-0.220722288918664,0.00787717580723871,-0.219652784324549
19359375,0.0148692123542544,-0.220114234064044,0.0267355276180999,-0.219805951466169
19375000,0.00961593379664225,-0.219493442325554,-0.0121157205317141,-0.227928932851496
19390625,0.00442074132992137,-0.218861853856122,0.00218085163773429,-0.232013964823435
19406250,-0.000726513286947699,-0.218220669958492,0.00529670261041017,-0.228082167283926
19421875,-0.00583576844826837,-0.217570383719021,0.00302159479986834,-0.206343227219318
19437500,-0.0109167553872263,-0.216910803886778,0.0195829656179685,-0.251338532057288
19453125,-0.0159790006975319,-0.216241072350325,0.00799670048563959,-0.20675555117711
19468750,-0.0210318279989206,-0.215559675553032,-0.0202700377280638,-0.202574532477463
19484375,-0.0260843580854051,-0.214864450178604,-0.00739429359053908,-0.23235944829911
19500000,-0.0311455069114169,-0.214152583434044,-0.0401430086788355,-0.209620994020405
19515625,-0.0362239807743918,-0.213420608259691,-0.0359353318936267,-0.209336129881019
19531250,-0.0413282680440411,-0.212664393807353,-0.0269669196411739,-0.228177945150512
19546875,-0.0464666267705203,-0.211879131550075,-0.0569746531526901,-0.221335284246131
19562500,-0.0516470674774811,-0.211059317422872,-0.049106779237802,-0.1924650427028
19578125,-0.0568773304135989,-0.210198730445276,-0.0633978115421551,-0.222705556238182
19593750,-0.0621648565001204,-0.209290408346027,-0.0630129345236462,-0.221760685085281
19609375,-0.0675167511748836,-0.20832662080041,-0.0753543617871635,-0.208607818666877
19625000,-0.0729397402988905,-0.207298841004027,-0.0730754654373751,-0.198441330236982
19640625,-0.0784401172639023,-0.206197716445941,-0.0638538676091882,-0.212641348081675
19656250,-0.0840236804241928,-0.205013039911318,-0.0635380823629667,-0.191853647158305
19671875,-0.0896956599788731,-0.20373372194115,-0.0834213831970294,-0.217020764810275
19687500,-0.0954606334608873,-0.20234776620559,-0.103152254233141,-0.195692764507855
19703125,-0.101322429054321,-0.200842249508266,-0.0818403729832835,-0.209241694800251
19718750,-0.107284016073693,-0.199203308430456,-0.131957938261376,-0.20336926516498
19734375,-0.113347382110223,-0.197416134942942,-0.111089528008882,-0.18660294919879
19750000,-0.119513396594402,-0.195464983653433,-0.0991045794470391,-0.207410474772381
19765625,-0.125781660856851,-0.193333193709011,-0.127126064406015,-0.188700054655898
19781250,-0.132150345206101,-0.191003228721373,-0.122126286646597,-0.188441515748159
19796875,-0.138616014098006,-0.188456738407753,-0.13529936219889,-0.177134747951788
19812500,-0.145173441160741,-0.185674645915489,-0.146753087836232,-0.185707365728148
19828125,-0.151815416671893,-0.18263726498911,-0.153440124414284,-0.18781247328948
19843750,-0.158532551064113,-0.179324451203651,-0.166104474313453,-0.175332009441957
19859375,-0.165313079158476,-0.175715791376809,-0.157064603146485,-0.161249561389835
19875000,-0.172142671072356,-0.171790834929247,-0.178119016166271,-0.152497867574121
19890625,-0.179004257087396,-0.167529370325798,-0.155194837018662,-0.150579318776089
19906250,-0.185877875138241,-0.162911748738991,-0.184022866593276,-0.158336287267415
19921875,-0.192740550915828,-0.157919255673449,-0.18541940105791,-0.144187334170035
19937500,-0.199566221764427,-0.152534529431694,-0.194148354942559,-0.155516427691005
19953125,-0.206325716458371,-0.146742022967139,-0.199865895594676,-0.163940283626416
19968750,-0.212986803416548,-0.140528502871579,-0.204175315314349,-0.130826727155166
19984375,-0.219514319778744,-0.133883576041106,-0.22857010844757,-0.141083385537372
20000000,-0.225870392852654,-0.126800231072394,-0.223893389197482,-0.135708857996019
20015625,-0.23201476358254,-0.119275377843585,-0.21694216045821,-0.128113661474605
20031250,-0.237905218768139,-0.11131036528167,-0.232853031908562,-0.109258166687637
20046875,-0.243498134718795,-0.10291145432662,-0.253910251973926,-0.116771415782372
20062500,-0.24874912990143,-0.0940902209334575,-0.241925612439835,-0.10612756831135
20078125,-0.253613818090059,-0.0848638629873609,-0.245007914305728,-0.0937152414684205
20093750,-0.258048646843612,-0.0752553856005988,-0.257286108499436,-0.103724029057389
20109375,-0.262011799260082,-0.0652936416965607,-0.240591828074308,-0.0382009563464851
20125000,-0.265464130429354,-0.0550132092192885,-0.282855965847801,-0.0460484428789811
20140625,-0.268370104463029,-0.0444540927113857,-0.278677918322186,-0.0272103626163887
20156250,-0.270698694059091,-0.0336612451388393,-0.265200673891452,-0.0305178313101797
20171875,-0.27242420283835,-0.0226839152420264,-0.261283564230487,-0.0322226501226152
20187500,-0.273526971592136,-0.011574835687026,-0.263933598365708,-0.0130739033003228
20203125,-0.273993933301316,-0.000389277061577467,-0.275481958350271,-0.0199538870233334
20218750,-0.273818988236525,0.0108159985749436,-0.273564995748519,0.0168911110853447
20234375,-0.273003179239337,0.0219838441522068,-0.277893250995835,0.0228566762729897
20250000,-0.271554657750273,0.0330578495147331,-0.290147294378462,0.0201714297383576
20265625,-0.269488442424696,0.0439834331988087,-0.276612365910724,0.0356679162477027
20281250,-0.266825983293232,0.0547088605305759,-0.249841979187414,0.0590096384202279
20296875,-0.263594554431337,0.0651861495347077,-0.275809249529161,0.0909690718326539
20312500,-0.25982650619194,0.0753718335811688,-0.236189398920979,0.0976168427190637
20328125,-0.255558413645844,0.0852275588153344,-0.254755039008816,0.0714979205802071
20343750,-0.250830160675051,0.0947205043522805,-0.255172167280795,0.096345250033475
20359375,-0.245683999181459,0.103823623098818,-0.248426906907135,0.115823804035655
20375000,-0.240163620384345,0.112515710117642,-0.280748687480895,0.109125107595082
20390625,-0.234313270666973,0.120781313058655,-0.25771095208316,0.120543754070057
20406250,-0.228176938502302,0.12861050495985,-0.213134670460534,0.106613115632993
20421875,-0.221797632285282,0.135998543496945,-0.229611678071973,0.143435503791761
20437500,-0.215216762033901,0.142945442574407,-0.213044370469316,0.168485547439869
20453125,-0.208473631407981,0.149455482203136,-0.196897015627569,0.130589595680929
20468750,-0.201605040722175,0.155536681213892,-0.215933820053549,0.155029589449451
20484375,-0.194644996846575,0.161200254880415,-0.201092997786518,0.143262823115391
20500000,-0.187624522211722,0.166460076350025,-0.167592781975125,0.168392193717048
20515625,-0.180571552569135,0.171332157251231,-0.176318026083335,0.193291481921523
20531250,-0.173510911622775,0.175834159263071,-0.180565490886794,0.184036617402787
20546875,-0.166464350003572,0.17998494501838,-0.166702977422793,0.202473178976107
20562500,-0.159450636140613,0.183804173633305,-0.17653776634557,0.190208901248552
20578125,-0.152485687212756,0.187311943504815,-0.17757842319467,0.178090965650623
20593750,-0.145582729376478,0.190528482839091,-0.150492870095592,0.216211108260685
20609375,-0.138752477711276,0.193473886667083,-0.127009283666436,0.180761394286013
20625000,-0.132003327679799,0.196167897839462,-0.167773309173388,0.192106877380774
20640625,-0.125341551270243,0.19862972862257,-0.115746514865911,0.175993760443586
20656250,-0.11877149230235,0.200877918981277,-0.131608244848267,0.19541259989193
20671875,-0.112295756588787,0.202930227371613,-0.114767819810851,0.194817631245931
20687500,-0.105915393722035,0.204803549816285,-0.118216382085766,0.192505152521637
20703125,-0.0996300681904748,0.206513863145248,-0.103357366720864,0.186770321279883
20718750,-0.0934382183147048,0.208076188504068,-0.0957602236608296,0.194919006022559
20734375,-0.0873372021422416,0.209504571525762,-0.0812884685219208,0.214320645219122
20750000,-0.0813234299576725,0.210812075895356,-0.0864490026182084,0.209907144694587
20765625,-0.0753924834703686,0.21201078738611,-0.0753323793877889,0.19875435343041
20781250,-0.0695392220485617,0.213111825794248,-0.0888170947895122,0.229132017570076
20796875,-0.0637578765928638,0.214125362532024,-0.0628821753801611,0.223529103321863
20812500,-0.0580421317989029,0.215060641948815,-0.0676255418801101,0.220867049673536
20828125,-0.0523851976612466,0.215926004731408,-0.0386526319814759,0.212552942477488
20843750,-0.0467798711313953,0.216728911985421,-0.049053380422325,0.218722687344504
20859375,-0.0412185888716067,0.217475968819298,-0.0325283175735791,0.214232094857734
20875000,-0.0356934720527139,0.218172946441539,-0.0292525267854976,0.208918341905617
20890625,-0.0301963641354336,0.218824801942349,-0.0481523258462344,0.219097725332725
20906250,-0.0247188625568754,0.2194356950655,-0.0296848280544857,0.241294601921853
20921875,-0.0192523452223844,0.220009001387296,-0.0119323019594409,0.21406157796627
20937500,-0.0137879926814548,0.22054732141038,-0.0164772987365763,0.201969810940558
20953125,-0.00831680684865221,0.221052485153607,-0.00498947313098305,0.23935867143709
20968750,-0.00282962711896672,0.221525551878438,0.000927253871827078,0.202396417328863
20984375,0.00268285527585473,0.221966804640376,0.0196357851068113,0.208039970388897
21000000,0.00823008381601942,0.222375739393893,0.00581258912340159,0.210070455460992
21015625,0.0138216232740156,0.222751048414268,0.00434844396029785,0.222143993836272
21031250,0.0194671454204164,0.223090597832909,0.0197082314737872,0.236215556690959
21046875,0.025176412902137,0.223391399117594,0.0474393662437375,0.218106061911704
21062500,0.0309592602779808,0.223649574369172,0.0413246561347487,0.224688712614136
21078125,0.0368255711185407,0.223860315355737,0.0156371563234257,0.205190708704359
21093750,0.0427852499839102,0.224017836268581,0.0595880211183449,0.20771937662811
21109375,0.0488481879831751,0.224115320266389,0.0544726329936236,0.258494912440753
21125000,0.0550242204955502,0.224144859980877,0.0637984317651238,0.208234662214022
21140625,0.0613230754954893,0.224097392294873,0.062086228782603,0.216772069422074
21156250,0.0677543107764003,0.223962627879974,0.0447291117279037,0.235250295050587
21171875,0.0743272382135565,0.223728976203398,0.0581099326783137,0.210384504742013
21187500,0.0810508330530922,0.223383466991449,0.101082636052617,0.203830383583834
21203125,0.0879336260688569,0.222911669479453,0.10481608567925,0.225753979167272
21218750,0.0949835763045984,0.222297611194989,0.120759482745676,0.225132876054542
21234375,0.102207922030605,0.221523698522096,0.107179876401058,0.205792227021207
21250000,0.109613007512374,0.220570641887706,0.135563758498865,0.224585211614364
21265625,0.117204083238806,0.219417389104047,0.128121942595491,0.225147087292387
21281250,0.124985077421253,0.218041071195393,0.131603728958481,0.211227709807998
21296875,0.132958336889886,0.216416965931289,0.119105341534327,0.160102320483165
21312500,0.141124336025391,0.214518485270527,0.115504533613747,0.221095898910639
21328125,0.149481353122635,0.212317193968118,0.152272847426113,0.213412120621048
21343750,0.158025114644157,0.209782867673687,0.144636202384374,0.227795072353951
21359375,0.166748409242646,0.206883599896913,0.161851555294864,0.212945269724344
21375000,0.175640675267572,0.203585968152649,0.197089346119402,0.223986588425744
21390625,0.184687567767003,0.199855270316104,0.192929715885052,0.1800708860413
21406250,0.193870513777998,0.195655842576522,0.202009973116573,0.196502813158282
21421875,0.203166267962067,0.190951470204487,0.188306588122948,0.199312421995293
21437500,0.212546484335138,0.185705901442352,0.248448114073536,0.211188061601165
21453125,0.221977323848411,0.179883472968617,0.238936837096108,0.188387537149003
21468750,0.231419121700283,0.173449852350376,0.225265658494852,0.195701142849071
21484375,0.24082614220667,0.16637289847864,0.245009521930483,0.159999592514764
21500000,0.25014645242512,0.15862363503205,0.252128613919706,0.165982496575423
21515625,0.259321948010893,0.150177324488207,0.236749629816382,0.170437814243005
21531250,0.268288565386074,0.141014621206119,0.280919173571364,0.137327425023461
21546875,0.276976712586199,0.131122771951974,0.274325478141937,0.13552935986595
21562500,0.285311946495896,0.120496821500636,0.267457017773982,0.121144749100683
21578125,0.293215916098075,0.109140770460056,0.285510579925179,0.113914403209602
21593750,0.300607579582052,0.0970686233417754,0.299038834906235,0.0930965604401602
21609375,0.307404687789795,0.084305258446782,0.297017136297137,0.0768511765158922
21625000,0.313525508113104,0.0708870487352271,0.321786345086753,0.0417714063736733
21640625,0.318890742722484,0.056862165778396,0.317714667838009,0.0582738022637553
21656250,0.323425574591003,0.0422905080918815,0.315557676298875,0.0456902627565556
21671875,0.327061756293373,0.0272432109810766,0.325136824010809,-0.000715330542612553
21687500,0.329739642351133,0.0118017170740849,0.326928226397423,-0.00127947861355413
21703125,0.331410058203534,-0.00394358634824259,0.331056872211144,0.0103659047337474
21718750,0.332035899483295,-0.0198951274786084,0.342447237931843,0.0105092379048187
21734375,0.331593365108153,-0.0359502423498208,0.319682323142027,-0.0517390730751339
21750000,0.330072746601548,-0.0520035081113442,0.301648338471455,-0.0725000004656691
21765625,0.327478722663015,-0.0679492061750843,0.343390112117645,-0.0684882279019738
21781250,0.32383013985908,-0.0836837932985796,0.336126093178289,-0.0954349788344433
21796875,0.31915929415944,-0.0991082579745419,0.331541325400859,-0.103165396631875
21812500,0.313510760358769,-0.114130249076352,0.301264251446274,-0.124380267345262
21828125,0.306939843893861,-0.128665882356439,0.322536613011849,-0.146362623736158
21843750,0.299510749603106,-0.142641155811,0.293677271182385,-0.130795961159633
21859375,0.291294573060508,-0.155992934118919,0.282527914403732,-0.157950587171062
21875000,0.282367221931431,-0.168669492139249,0.280035091234446,-0.181308701550135
21890625,0.272807368149391,-0.180630634879515,0.25904740456274,-0.185910147737942
21906250,0.262694518284592,-0.191847434133392,0.245865468155652,-0.209555721658129
21921875,0.252107271465814,-0.20230163869533,0.26901132712812,-0.198565015124756
21937500,0.241121813972698,-0.211984825154848,0.255589101065283,-0.213126066964201
21953125,0.229810679295147,-0.220897360024492,0.209457861759578,-0.24056147146738
21968750,0.218241783804459,-0.229047242238562,0.210041717324388,-0.23089784131827
21984375,0.206477732404996,-0.236448889118762,0.217533652769657,-0.233867898908088
22000000,0.19457537628851,-0.243121920118855,0.196860757579677,-0.249180994761596
22015625,0.182585596361026,-0.249089982356522,0.194367740700317,-0.263323642036608
22031250,0.170553280834001,-0.254379651255686,0.193356129602333,-0.241844354113386
22046875,0.15851746339688,-0.259019429434162,0.173610607045232,-0.244366288962206
22062500,0.146511588707936,-0.263038857883085,0.11856782994025,-0.271751084667732
22078125,0.134563874014574,-0.266467745840933,0.127594954962842,-0.263409354739487
22093750,0.122697738937693,-0.26933551969868,0.118681403180973,-0.25563554971463
22109375,0.110932279306512,-0.27167068675459,0.110201755293752,-0.256934743398058
22125000,0.0992827649921174,-0.273500406530468,0.106001908101212,-0.285371873089561
22140625,0.0877611456486223,-0.274850160466569,0.0860159480062784,-0.270000132480674
22156250,0.0763765519183203,-0.275743509904632,0.0929842432178275,-0.272294957195622
22171875,0.0651357828611656,-0.276201932123353,0.0572958843405628,-0.268937865244868
22187500,0.0540437730673618,-0.276244724600308,0.0591586964823593,-0.288864120927525
22203125,0.0431040350890136,-0.275888968458438,0.0563360664418332,-0.276369889208403
22218750,0.0323190745020948,-0.275149543062572,0.0517580061710558,-0.270488453945813
22234375,0.0216907761237445,-0.274039184840715,0.0168709290542716,-0.276439822193587
22250000,0.0112207607132583,-0.272568584521147,0.00666253607270004,-0.275746377399028
22265625,0.000910711936404657,-0.270746518027573,0.00744910187774853,-0.249880023966281
22281250,-0.0092373264708474,-0.268580007206728,-0.0136421011007014,-0.255296264912427
22296875,-0.0192206834831973,-0.266074507336594,-0.0198666522752006,-0.246010386217339
22312500,-0.0290358239168401,-0.263234118950393,-0.0282989552877655,-0.25896102632538
22328125,-0.0386781427048703,-0.260061821891998,-0.0409363997071466,-0.269721666102575
22343750,-0.0481417915746155,-0.256559729680337,-0.0426446663285566,-0.248956509252686
22359375,-0.0574195398690913,-0.252729362197862,-0.0704222165813976,-0.243300779781665
22375000,-0.0665026717063439,-0.248571934433373,-0.0652054812260014,-0.238673556303467
22390625,-0.0753809220350424,-0.244088658512333,-0.0953319466818434,-0.232364609832265
22406250,-0.0840424543665113,-0.23928105555877,-0.0862864920014755,-0.21704522004652
22421875,-0.092473882988437,-0.234151273084253,-0.0887773421933152,-0.246820025406305
22437500,-0.100660342243381,-0.228702402637269,-0.0975550668032903,-0.231842617345381
22453125,-0.108585604942526,-0.222938791431781,-0.11750034310763,-0.233306578489403
22468750,-0.116232251151546,-0.216866340682336,-0.121486411025744,-0.218099479104735
22484375,-0.123581887417106,-0.210492782494269,-0.126002395325324,-0.209380438168819
22500000,-0.130615415009981,-0.203827926489378,-0.149115186242392,-0.204530380488983
22515625,-0.137313343981542,-0.196883866992435,-0.104218816379688,-0.176344986107618
22531250,-0.143656147834203,-0.189675141659084,-0.119748647259613,-0.182179542981442
22546875,-0.14962465149468,-0.182218832973722,-0.137318265558379,-0.17945736776436
22562500,-0.155200443182789,-0.174534605143487,-0.168599649481212,-0.171830233470341
22578125,-0.160366298841474,-0.166644670581296,-0.168349049830143,-0.146128028820626
22593750,-0.165106606201294,-0.158573682381298,-0.168029506131622,-0.140886051959238
22609375,-0.169407774457224,-0.150348551867016,-0.158513875359369,-0.162840404120506
22625000,-0.173258615079552,-0.14199819330762,-0.173421895668179,-0.157606004892595
22640625,-0.176650679569391,-0.133553201077034,-0.181016452106053,-0.16963867715548
22656250,-0.179578541054806,-0.12504546766605,-0.17457827682671,-0.134678284331734
22671875,-0.18204000849394,-0.116507753826593,-0.19015610514048,-0.114573392748982
22687500,-0.184036264826493,-0.107973224511351,-0.17938251533521,-0.0843351613275077
22703125,-0.185571923548659,-0.0994749659830361,-0.182271410131604,-0.093658421234098
22718750,-0.186655001679559,-0.0910455003655669,-0.194799797358684,-0.0803953934726238
22734375,-0.187296810704413,-0.0827163139208819,-0.197554695838899,-0.0803850699350272
22750000,-0.187511770573927,-0.0745174144594814,-0.164443604873446,-0.0900692934073088
22765625,-0.187317154975809,-0.066476931604176,-0.152591650551366,-0.0690681299774567
22781250,-0.186732778673765,-0.0586207712636833,-0.203651986400784,-0.0831024445211677
22796875,-0.185780639586202,-0.0509723328234968,-0.1990605962337,-0.0710418749088796
22812500,-0.184484529370354,-0.0435522944422834,-0.159779866932532,-0.0567658388065072
22828125,-0.18286962657504,-0.0363784686746971,-0.170341343026624,-0.0237972906794735
22843750,-0.180962085976997,-0.0294657276319809,-0.183928316152535,-0.0389231959427975
22859375,-0.178788636624513,-0.0228259942138,-0.198847854043266,-0.0346710586486065
22875000,-0.176376199517043,-0.0164682937259387,-0.163563202182508,-0.0238676548655713
22890625,-0.173751533909625,-0.0103988585174008,-0.157463087994113,-0.0149786027327531
22906250,-0.170940919107755,-0.00462127715442644,-0.181004240439041,-0.00363284575180535
22921875,-0.167969876462431,0.000863320918118866,-0.128013877774605,0.00584747431454245
22937500,-0.16486293421421,0.00605605434816779,-0.161316604093759,0.0190575051537875
22953125,-0.161643435969354,0.0109600612516699,-0.14851601548127,0.0178584438598175
22968750,-0.158333391988662,0.0155802610850068,-0.18858871226705,0.0243826662378503
22984375,-0.154953371168912,0.0199231141967025,-0.131889016054941,0.0333317893539536
23000000,-0.151522430609389,0.0239963851869291,-0.143994535821053,0.0417338036211036
23015625,-0.148058078971454,0.0278089150881861,-0.136102408568203,0.0284578782165544
23031250,-0.144576269431087,0.0313704062716466,-0.138138173886629,0.0206536649107454
23046875,-0.141091417855773,0.034691222933285,-0.148984127781837,0.0636348975513403
23062500,-0.137616441865785,0.0377822090590612,-0.127590613647853,0.0243977088525491
23078125,-0.13416281662196,0.0406545249326394,-0.142516099618429,0.0560254834855978
23093750,-0.130740643475861,0.0433195025434237,-0.118697333657979,0.042251299566357
23109375,-0.127358727986202,0.0457885196788236,-0.116250492544925,0.0509809632504365
23125000,-0.124024664214977,0.048072892037146,-0.118261023748225,0.0622259660749938
23140625,-0.120744922641829,0.0501837823657087,-0.13467073402042,0.0391886857410505
23156250,-0.117524939454938,0.0521321253992385,-0.112604782490488,0.0576562570117479
23171875,-0.114369205376207,0.0539285672312398,-0.124661545644911,0.0497462474253353
23187500,-0.111281352547312,0.0555834176807637,-0.113831773720612,0.064841128346264
23203125,-0.108264238335054,0.0571066142042024,-0.116500656112057,0.0352812887078633
23218750,-0.105320025206364,0.0585076959331403,-0.112457702234788,0.05967920443136
23234375,-0.102450256074569,0.0597957864832826,-0.110369323267159,0.0640534954896662
23250000,-0.0996559247306698,0.0609795842658745,-0.094932482547701,0.0525214363410681
23265625,-0.0969375411485756,0.0620673591337726,-0.0961726852014528,0.0358815049886274
23281250,-0.0942951915950836,0.0630669543025449,-0.120058537446945,0.0494509030640416
23296875,-0.0917285935873989,0.0639857925976051,-0.0915394694425954,0.0851458008329856
23312500,-0.0892371458269741,0.0648308861875005,-0.0874515553826329,0.0742667960320047
23328125,-0.0868199733023492,0.0656088490680964,-0.0747599764671324,0.0586127443284908
23343750,-0.0844759677987044,0.0663259116608525,-0.0792769358650537,0.0689752948807263
23359375,-0.0822038240816292,0.0669879369791563,-0.0696058730867505,0.06697596917601
23375000,-0.080002072039675,0.067600437899395,-0.0960475860983248,0.0670313031354038
23390625,-0.0778691050774467,0.0681685951476926,-0.068168507399897,0.0838398793922108
23406250,-0.0758032050503288,0.0686972756792191,-0.0769167171197161,0.0506484153696725
23421875,-0.0738025640252892,0.0691910511849842,-0.056955400513992,0.0698042242168434
23437500,-0.071865303141212,0.0696542165115559,-0.0758921482890246,0.056903149859002
23453125,-0.069989488828019,0.0700908078227299,-0.0415586009919411,0.0603151540805129
23468750,-0.0681731466275979,0.0705046203694329,-0.0653110843134337,0.0786670704877405
23484375,-0.0664142728419878,0.0708992257657497,-0.072329373417398,0.0834507116231681
23500000,-0.0647108442160742,0.0712779886954624,-0.0727665795338466,0.049677717976495
23515625,-0.0630608258437396,0.071644082995467,-0.0686992477440487,0.0899301557229319
23531250,-0.0614621774682431,0.072000507080514,-0.0578008484883792,0.0745325763116189
23546875,-0.0599128583300061,0.072350098688297,-0.055790283833354,0.0409845010396787
23562500,-0.0584108306979917,0.0726955489354777,-0.0603551843128064,0.0776269413811222
23578125,-0.0569540622047123,0.0730394156842232,-0.0599355399788038,0.0650746952686742
23593750,-0.0555405270895532,0.0733841362255115,-0.029369736016655,0.0721982553061236
23609375,-0.0541682064407252,0.0737320392901805,-0.0547540513664631,0.0708887236693558
23625000,-0.0528350875125777,0.0740853564017336,-0.0239024405320817,0.0690235223092817
23640625,-0.0515391621823817,0.0744462325864018,-0.0556297715827826,0.0703930258991435
23656250,-0.0502784245988785,0.0748167364561431,-0.0228531510239559,0.0698349201682555
23671875,-0.049050868063847,0.0751988696792831,-0.0443518191182865,0.0642016992752438
23687500,-0.0478544811777257,0.0755945758513604,-0.0395668612367709,0.0721564691020059
23703125,-0.0466872432707584,0.0760057487756732,-0.0412091369579393,0.0772625847188387
23718750,-0.0455471191322843,0.0764342401589342,-0.0422371479422069,0.0772375226647855
23734375,-0.0444320530425801,0.0768818667224229,-0.0510576480408709,0.0692077321402767
23750000,-0.0433399621040725,0.0773504167230828,-0.0277552653652015,0.0494094028144584
23765625,-0.0422687288617948,0.0778416558720622,-0.0762945540848691,0.0757202602770826
23781250,-0.0412161931966215,0.0783573326302724,-0.0516939889329822,0.0938085032648583
23796875,-0.0401801434692034,0.0788991828515009,-0.0325058844186757,0.07226797598032
23812500,-0.0391583068875668,0.0794689337334723,-0.033072102591387,0.0549413083597796
23828125,-0.038148339067285,0.0800683070258153,-0.0446158780636832,0.0837317667052874
23843750,-0.0371478127499325,0.08069902143115,-0.0481810409041434,0.100037090911955
23859375,-0.0361542056434946,0.0813627941212806,-0.0383410001097653,0.060118345521374
23875000,-0.0351648873476192,0.0820613412746904,-0.0446532431523024,0.0845013275757976
23890625,-0.0341771053273783,0.0827963775240516,-0.0319704800259126,0.0490254659175592
23906250,-0.0331879699018611,0.0835696141831636,-0.039026016053271,0.0602019406020304
23921875,-0.0321944382187715,0.0843827561015744,-0.0336050247475952,0.0943837264503799
23937500,-0.0311932971937806,0.0852374969719661,-0.0038227497044298,0.108094308450763
23953125,-0.0301811454041319,0.0861355128902569,-0.0355468843074056,0.116011543457681
23968750,-0.029154373940585,0.0870784539412594,-0.0364546739934187,0.100749305941232
23984375,-0.0281091462409289,0.0880679335537073,-0.0291013584527071,0.0902805570829479
24000000,-0.0270413769527313,0.0891055153378277,-0.0225727440053013,0.0556887359514179
24015625,-0.0259467099037731,0.0901926970865436,-0.0101987236725727,0.0910882178845759
24031250,-0.024820495296606,0.091330891588503,-0.0282170289428173,0.11405655553411
24046875,-0.0236577662901346,0.0925214038679927,-0.0286168486026472,0.109552004986828
24062500,-0.0224532151871457,0.0937654044344384,-0.0110010353067642,0.109394137248272
24078125,-0.0212011695136688,0.0950638980937762,-0.00526621725157561,0.113540969748371
24093750,-0.0198955683551684,0.0964176878471805,-0.0295135679772107,0.100672634354739
24109375,-0.0185299394071647,0.0978273333814362,-0.0172915321408404,0.0980241111867018
24125000,-0.017097377305196,0.0992931036421495,-0.000905256243275151,0.0985333342023475
24140625,-0.0155905239220023,0.100814922979158,-0.0266853666978418,0.101395603217404
24156250,-0.0140015514592689,0.102392310366557,-0.00242361655716306,0.124194669928652
24171875,-0.0123221493174281,0.104024311232141,-0.00537479116839994,0.0895447390481595
24187500,-0.010543515899548,0.10570942148793,-0.0273891935990728,0.0827172929445502
24203125,-0.00865635669309928,0.107445503440445,-0.02479151024678,0.0998118275923004
24218750,-0.00665089017392036,0.10922969338344,-0.0103394377604614,0.0987228409232204
24234375,-0.00451686328645238,0.111058300843516,0.00535569488589532,0.113102398759128
24250000,-0.00224357846753166,0.112926699668606,0.00309952136045439,0.132555401150288
24265625,0.000180065609701083,0.114829211428015,0.00469073708950061,0.112056633709044
24281250,0.00276551720031639,0.116758981938597,-0.020136421387004,0.121580608678054
24296875,0.00552449602129639,0.118707852151357,0.0205188624134789,0.117764992001559
24312500,0.00846889649107066,0.120666225132163,0.0346316766617324,0.146919448016187
24328125,0.0116106669505265,0.122622931452602,0.0237290956228997,0.121145352736949
24343750,0.014961662166557,0.124565095972577,0.0123638592960001,0.143807163343018
24359375,0.0185334665576703,0.126478009740818,0.0339376237697918,0.105538476816315
24375000,0.0223371858622499,0.128345011552916,0.0394758171253435,0.15693535198156
24390625,0.0263832054255951,0.130147384571393,0.0349640791758286,0.133758019188085
24406250,0.0306809139448541,0.13186427430231,0.0197748358756169,0.113357250725449
24421875,0.0352383924130591,0.133472635100871,0.0444169084908492,0.118970173123147
24437500,0.0400620691737968,0.134947213195727,0.0461181421084139,0.136508733413202
24453125,0.0451563434582622,0.136260574915951,0.0498925084849182,0.152716828628669
24468750,0.0505231815386393,0.137383189300878,0.0477244637929077,0.147793332990999
24484375,0.056161691691513,0.138283574482417,0.037281641889125,0.155889285362803
24500000,0.062067686498647,0.138928517052743,0.0470943438040572,0.123415219511304
24515625,0.0682332435678495,0.139283372959655,0.0684631965703443,0.155694164492729
24531250,0.0746462784505336,0.139312457198061,0.0543897429940578,0.132372307293978
24546875,0.0812901462425221,0.138979527585135,0.104679088733459,0.165283398597303
24562500,0.088143290916658,0.138248365132535,0.0728292477612024,0.145053179931047
24578125,0.0951789636417851,0.1370834499064,0.0664588013513827,0.126255554113975
24593750,0.102365032944469,0.135450726787995,0.111286117354941,0.132627927050357
24609375,0.10966391028596,0.133318450274884,0.122399507533439,0.117809117594986
24625000,0.117032614159894,0.130658091540573,0.123409841584653,0.147218604253685
24640625,0.124422993876425,0.127445284647826,0.140902887263365,0.112368671142833
24656250,0.131782130538028,0.123660782448164,0.127642215352807,0.0980489757164398
24671875,0.139052927166283,0.119291386770011,0.119515303492407,0.114962706768652
24687500,0.146174892474153,0.114330812568978,0.15055617222537,0.120964180392034
24703125,0.153085113536033,0.108780442415782,0.164338059740902,0.121185103350283
24718750,0.159719401945517,0.102649926663494,0.175450147163293,0.0902876589812371
24734375,0.166013586556728,0.0959575864286297,0.154144430671897,0.0816463277797304
24750000,0.171904914392048,0.088730581540223,0.169255826460356,0.0614079002140907
24765625,0.177333510755886,0.0810048140040695,0.167841334529082,0.0859696782632982
24781250,0.18224384110016,0.0728245491121142,0.165571328698847,0.0725962940279268
24796875,0.186586111791181,0.0642417505374534,0.189942900478828,0.0600304519148175
24812500,0.190317545503708,0.0553151416589376,0.195046205541322,0.0672875477112172
24828125,0.193403470071756,0.0461090217086346,0.183818699260542,0.0451502678505964
24843750,0.195818167376413,0.0366918806941137,0.199190942324983,0.051562712775114
24859375,0.197545440864805,0.0271348699589844,0.208824873363882,0.0256899938217528
24875000,0.198578875691341,0.0175101944231657,0.199198632010826,-0.0192672529986537
24890625,0.198921782959193,0.00788949705623691,0.209626409124258,0.0254435747932704
24906250,0.198586837564935,-0.00165769446133523,0.204162322076512,-0.000381434865297844
24921875,0.197595436099543,-0.0110653945318105,0.191783025842699,-0.0256204550324711
24937500,0.19597681567078,-0.0202724054797945,0.197504703016598,-0.0367020973754999
24953125,0.193766985252316,-0.0292233412444403,0.180229384020766,-0.0180282765022384
24968750,0.191007527557058,-0.0378694028518764,0.217189391728014,-0.0419724187385651
24984375,0.187744331304708,-0.0461688951754834,0.176009068105542,-0.0256104627039316
25000000,0.184026311412696,-0.0540874891819041,0.184834458292712,-0.0492653072925804
25015625,0.179904168776603,-0.0615982465616415,0.190010174730889,-0.0465918105354043
25031250,0.175429232863302,-0.0686814335994259,0.19211791248695,-0.0899770241134245
25046875,0.170652420364618,-0.0753241579737038,0.1945482026242,-0.0674762105482392
25062500,0.165623332666905,-0.0815198658651548,0.159034471339082,-0.0770345538368892
25078125,0.160389504761903,-0.0872677375714531,0.175151564049366,-0.0976842589540799
25093750,0.154995809132183,-0.0925720182441681,0.161609469494846,-0.110012597443898
25109375,0.149484010536373,-0.0974413169688847,0.146785263148113,-0.0907230363854458
25125000,0.143892461717716,-0.101887902813034,0.135238409387018,-0.0815828803488304
25140625,0.138255925895684,-0.105927021238431,0.133203206888077,-0.131366076594166
25156250,0.132605509358737,-0.109576248902987,0.120904693192111,-0.104006523576447
25171875,0.126968686343234,-0.112854899736068,0.156225025715611,-0.105511445801898
25187500,0.121369398393422,-0.11578349052826,0.130668615219031,-0.119268765682975
25203125,0.115828211269673,-0.118383270287851,0.125255413864185,-0.0995661278295337
25218750,0.110362513940212,-0.120675814352261,0.102311761180519,-0.126192349545926
25234375,0.104986746019877,-0.12268268170398,0.089251276170645,-0.134032846426088
25250000,0.0997126420142962,-0.124425132078633,0.101711296550107,-0.103859413417882
25265625,0.0945494827386915,-0.125923898189464,0.0866871680300035,-0.118207148825186
25281250,0.0895043461993196,-0.127199007633624,0.109311128342275,-0.14870253629296
25296875,0.084582351980749,-0.128269648693994,0.0827400363618955,-0.15260396725073
25312500,0.0797868947327092,-0.129154074212483,0.0813286930701656,-0.110395047630921
25328125,0.0751198636791498,-0.129869537903091,0.0772976701005993,-0.110815164054974
25343750,0.0705818461792453,-0.130432257823714,0.0656299341092148,-0.13142965408158
25359375,0.0661723142676845,-0.130857402175554,0.0749128202527662,-0.120834552950734
25375000,0.0618897938088604,-0.131159093101472,0.0748714301276859,-0.141080605778792
25390625,0.0577320164398355,-0.131350424674274,0.0627203620741301,-0.128182426377434
25406250,0.0536960548746748,-0.131443491777076,0.052058610287698,-0.124067755196548
25421875,0.0497784424215839,-0.131449427062937,0.0507754796712918,-0.12493669945316
25437500,0.0459752777469315,-0.13137844362868,0.0354500307296099,-0.145058991115427
25453125,0.04228231602612,-0.131239881442193,0.05724922681505,-0.125270738930426
25468750,0.0386950476680107,-0.131042255920893,0.0283655741820668,-0.107780668840341
25484375,0.035208765801747,-0.130793307371754,0.0420292698082824,-0.123599166850622
25500000,0.0318186236844826,-0.13050005027231,0.0145355758757391,-0.145408550197651
25515625,0.0285196831356005,-0.130168821600449,0.0262943818966723,-0.129964788241853
25531250,0.025306955035251,-0.129805327612393,0.0415600016221722,-0.111255799050807
25546875,0.0221754328486964,-0.129414688627084,0.0228861427281259,-0.117334067369181
25562500,0.0191201200574374,-0.129001481505227,0.0259762333120965,-0.120074506360071
25578125,0.016136052297126,-0.128569779616437,0.0263244121909815,-0.112648361241254
25593750,0.0132183149230352,-0.128123190171874,0.0203219842320515,-0.136900866862966
25609375,0.0103620566484178,-0.127664888865721,0.0384886650163989,-0.126550464322074
25625000,0.0075624998301981,-0.127197651819769,0.0135973768511916,-0.131957786500319
25640625,0.00481494791109021,-0.126723884863847,0.00800740638065758,-0.123897992534524
25656250,0.00211479046754936,-0.126245650213038,-0.00322387705494955,-0.15319423544269
25671875,-0.000542493740913265,-0.125764690622558,-0.00206539783134147,-0.146561652192942
25687500,-0.00316133537366289,-0.125282451114351,-0.0148320222756237,-0.145649757229269
25703125,-0.00574607445742174,-0.124800098377373,-0.0168916453969793,-0.134760467756524
25718750,-0.0083009614140694,-0.124318537947294,-0.000930046825668285,-0.139980365916782
25734375,-0.0108301589331549,-0.123838429271832,-0.0153373958072578,-0.14117592953492
25750000,-0.0133377444826652,-0.123360198766072,-0.0369366030697635,-0.11231451318193
25765625,-0.0158277132755359,-0.122884050958498,-0.0201601972001514,-0.12363880223499
25781250,-0.0183039815296276,-0.122409977823548,-0.00403732994631285,-0.131062634777223
25796875,-0.0207703898755841,-0.121937766390906,-0.0119194727599362,-0.135630863810728
25812500,-0.0232307067805607,-0.121467004715658,-0.0324146201530116,-0.123592715302218
25828125,-0.0256886318664898,-0.120997086287322,-0.0193140928439614,-0.126968679189118
25843750,-0.0281477990095722,-0.120527212949711,-0.0230147079986563,-0.143056376602468
25859375,-0.0306117791133255,-0.120056396398034,-0.0223962571414285,-0.105975604077106
25875000,-0.0330840824509061,-0.119583458314577,-0.0443127952907453,-0.136355064279396
25890625,-0.0355681604738237,-0.119107029200049,-0.0340947549447236,-0.117289556982048
25906250,-0.0380674069836084,-0.118625545954404,-0.0455075348425571,-0.132980417210174
25921875,-0.0405851585608097,-0.118137248258741,-0.0293846415167171,-0.133757883580901
25937500,-0.0431246941418033,-0.117640173809047,-0.0588210301937204,-0.122489447485407
25953125,-0.0456892336286145,-0.117132152453186,-0.0375067240165882,-0.131995486015969
25968750,-0.0482819354103184,-0.116610799284942,-0.0563400738736099,-0.106669944043607
25984375,-0.0509058926667299,-0.116073506753222,-0.0443208879237881,-0.107259554872723
26000000,-0.0535641283162981,-0.115517435851111,-0.0422330213897661,-0.155721748941611
26015625,-0.0562595884603899,-0.114939506458501,-0.0370699552746926,-0.103887620649881
26031250,-0.0589951341659306,-0.114336386923882,-0.0574415442833954,-0.115076598218967
26046875,-0.0617735314177716,-0.113704482985843,-0.0456357028238977,-0.108559794674482
26062500,-0.0645974390615758,-0.113039926153356,-0.0717898023750388,-0.111269438891898
26078125,-0.0674693945479962,-0.11233856168621,-0.0803213846629018,-0.106936215142258
26093750,-0.070391797279779,-0.111595936343596,-0.0902850550632111,-0.110679314480585
26109375,-0.0733668893559935,-0.110807286100025,-0.0845172602337017,-0.0957091863915036
26125000,-0.0763967335025234,-0.109967524063976,-0.0572147410366786,-0.113877490289291
26140625,-0.0794831879762672,-0.109071228876152,-0.0923093973130899,-0.10907109940009
26156250,-0.0826278782332343,-0.108112633911246,-0.0792114237916014,-0.0950323503841842
26171875,-0.0858321651591347,-0.107085617659818,-0.0668894835706198,-0.11870570662997
26187500,-0.0890971096768884,-0.105983695725166,-0.0896353636648941,-0.0952811390696324
26203125,-0.0924234335700254,-0.104800014933799,-0.0951815595271451,-0.100939460479413
26218750,-0.0958114763965603,-0.103527350126605,-0.101360030254988,-0.0859879650058766
26234375,-0.0992611484163796,-0.102158104270271,-0.0836330558206246,-0.0993543105397472
26250000,-0.102771879519024,-0.100684312603442,-0.0968274816754303,-0.0729922210825446
26265625,-0.106342564220121,-0.099097651607712,-0.0822839708914351,-0.110895999061716
26281250,-0.109971502896195,-0.0973894536670579,-0.10447944993055,-0.103161699567117
26296875,-0.113656339551479,-0.0955507283473823,-0.128456649253328,-0.101624364575273
26312500,-0.117393996558432,-0.0935721912862529,-0.12606822731789,-0.100010607720362
26328125,-0.121180606987903,-0.0914443017261976,-0.0945164966151208,-0.084425318550789
26343750,-0.125011445345593,-0.0891573097469977,-0.113306103252765,-0.071980880542367
26359375,-0.128880857758729,-0.0867013142458042,-0.141302392636393,-0.0581416057877256
26375000,-0.132782192908658,-0.0840663326704045,-0.12944762656135,-0.0918934819975036
26390625,-0.136707735277814,-0.081242383421556,-0.137356368935933,-0.0723579676040429
26406250,-0.140648642567223,-0.0782195816954319,-0.151503247287956,-0.0887256594593349
26421875,-0.144594889434583,-0.0749882493274689,-0.145540861199114,-0.0417927104536511
26437500,-0.14853521999093,-0.0715390389154195,-0.137217262382614,-0.0620096543635014
26453125,-0.152457111760839,-0.0678630721348938,-0.130247658813434,-0.0694652522851169
26468750,-0.156346754037695,-0.0639520917104274,-0.159318977246793,-0.0623508331296526
26484375,-0.160189043729941,-0.0597986259680828,-0.183216086093444,-0.054443589545033
26500000,-0.163967601870836,-0.0553961642761283,-0.177980129783838,-0.05052453829059
26515625,-0.16766481392657,-0.0507393409888767,-0.179112250559459,-0.0559282003360563
26531250,-0.171261896858194,-0.0458241247638914,-0.185042008539818,-0.0453704750200348
26546875,-0.174738995546252,-0.0406480093514152,-0.183335409619193,-0.0599284602928015
26562500,-0.178075310652259,-0.0352102011933923,-0.173461947659183,-0.0464659650799447
26578125,-0.181249259254595,-0.0295117984626529,-0.18729468051328,-0.00618820179640194
26593750,-0.184238668654682,-0.0235559555735651,-0.195465458721478,-0.0144003574137789
26609375,-0.187021002613416,-0.0173480267613307,-0.187367032044499,0.00435767027124739
26625000,-0.189573617974771,-0.0108956821173451,-0.189759574548161,-0.00924660673602498
26640625,-0.191874048208562,-0.00420898953874281,-0.177588778273451,-0.00471220921429806
26656250,-0.193900308921245,0.00269954355170602,-0.194256031040839,-0.0173381056339457
26671875,-0.195631218922959,0.00981497410204607,-0.197305758126255,-0.00445672684208826
26687500,-0.19704672909408,0.0171199772038832,-0.187698693821918,0.00758902649046529
26703125,-0.198128250166078,0.0245949525207004,-0.183108214146014,0.0568728780923672
26718750,-0.198858969718802,0.0322181843617946,-0.184166291569153,0.0406754812569009
26734375,-0.199224148288685,0.0399660543692251,-0.188759872945449,0.0384091656176012
26750000,-0.199211384548947,0.0478133036319034,-0.202573029345511,0.0424945884419583
26765625,-0.198810840103524,0.0557333388812864,-0.211966944002916,0.0546447969603426
26781250,-0.198015415535308,0.0636985753933481,-0.186732587146199,0.0334296689421082
26796875,-0.196820870930224,0.0716808074589802,-0.216437561173365,0.0881129371495658
26812500,-0.195225886086285,0.0796515959148243,-0.212190465829731,0.0841607240094861
26828125,-0.193232057900401,0.08758266134953,-0.169014563035295,0.082057820689422
26843750,-0.19084383486834,0.0954462712833671,-0.213377148722312,0.0876017839652504
26859375,-0.188068391083551,0.103215609885571,-0.211431426566997,0.10561504845625
26875000,-0.184915444426084,0.110865119625136,-0.196579926460784,0.134167912450871
26890625,-0.181397025654458,0.118370805583603,-0.179911781469837,0.0953793758559817
26906250,-0.177527206736721,0.125710494895904,-0.156814298995169,0.14943942605479
26921875,-0.173321797902563,0.132864045803007,-0.218178948852876,0.12239395621119
26937500,-0.168798023525572,0.139813502961529,-0.144471708654059,0.152279543413823
26953125,-0.163974187053793,0.146543197822367,-0.181322199157345,0.0989179493850241
26968750,-0.158869334834424,0.153039794936319,-0.151932126905914,0.178147746572749
26984375,-0.153502927891753,0.159292286863581,-0.156938207100667,0.166740556314003
27000000,-0.147894529604984,0.165291941877022,-0.155384831102395,0.166599659708956
27015625,-0.142063515894119,0.171032209807748,-0.159158637654362,0.170524490924365
27031250,-0.136028813059642,0.176508592167031,-0.144456856456974,0.177084851810544
27046875,-0.129808666931138,0.18171848309949,-0.126122031395476,0.193964907787363
27062500,-0.123420445543941,0.186660987809273,-0.112636776125696,0.204041936315053
27078125,-0.116880476248282,0.191336724900172,-0.106553047889024,0.188586345137545
27093750,-0.110203917009475,0.195747618638889,-0.111944954904836,0.206717313646717
27109375,-0.10340466071015,0.199896686548181,-0.107862863465909,0.198492673465211
27125000,-0.0964952705283952,0.203787827022817,-0.0968593843805554,0.208268110539229
27140625,-0.0894869439373103,0.207425610890536,-0.0853932082817138,0.214923367674303
27156250,-0.0823895025385142,0.210815080059565,-0.0686845525434028,0.182509707249845
27171875,-0.0752114047838893,0.213961555641943,-0.0755678900465547,0.239951304439004
27187500,-0.0679597786305624,0.216870457246763,-0.0686910899813183,0.198409914709869
27203125,-0.0606404712861368,0.219547134519798,-0.0439931167588238,0.219953032194282
27218750,-0.0532581134068202,0.221996711477993,-0.0472536489926059,0.213547484237028
27234375,-0.0458161953843729,0.224223943754852,-0.0279391784926363,0.214187104833786
27250000,-0.0383171536754352,0.226233088536163,-0.0523407373561795,0.230867436714116
27265625,-0.0307624654686376,0.22802778672171,-0.0545320580331947,0.219511113240424
27281250,-0.0231527503340904,0.229610956691692,-0.00777369653570944,0.229284955557738
27296875,-0.0154878778431615,0.230984698979216,-0.0305268771706428,0.238442442486427
27312500,-0.00776708047270696,0.232150211144671,-0.00161242147573336,0.23168699510725
27328125,1.09285905162783e-05,0.233107712206126,0.0173032211175726,0.231515224188868
27343750,0.00784783285988397,0.233856376094835,0.0286863044299764,0.21951193451173
27359375,0.0157455850548245,0.234394273769898,0.00879222775440436,0.235021668147531
27375000,0.0237062743923152,0.234718323835233,0.0175651180988866,0.232847018915437
27390625,0.031731988207616,0.234824251750198,0.023128120615317,0.237594565407169
27406250,0.0398246673521119,0.234706558007836,0.0247511415582129,0.234391004680063
27421875,0.0479859547760257,0.234358495967142,0.0758481442036921,0.248200871814358
27437500,0.0562170367255921,0.233772060363257,0.04543419291876,0.223127613871036
27453125,0.0645184760751977,0.232937987876144,0.0485603296927389,0.248432864205232
27468750,0.0728900374835412,0.231845771506859,0.0798522965596791,0.217757219197902
27484375,0.0813305043181448,0.230483690881264,0.0697790973614012,0.238378280170049
27500000,0.0898374876447165,0.228838860961273,0.091944555354852,0.238331157430091
27515625,0.0984072280357772,0.22689730197692,0.0892604819277646,0.245865704630096
27531250,0.107034391526128,0.224644033677329,0.120886853542326,0.229613019952213
27546875,0.115711861735918,0.22206319720885,0.127260675622342,0.209436013376685
27562500,0.124430530998007,0.219138208031886,0.131838996341615,0.211872424557391
27578125,0.133179094259405,0.215851943246932,0.11440466750881,0.225800520890966
27593750,0.141943850563509,0.212186966472471,0.155376528045703,0.210611913044873
27609375,0.150708518035357,0.208125792956692,0.161023004242739,0.183717276906245
27625000,0.159454069445493,0.203651196864958,0.168227064703116,0.201076395831999
27640625,0.168158596563049,0.19874656162131,0.170403811621565,0.188856657722609
27656250,0.176797212548376,0.193396272759576,0.184821463698964,0.198593241898047
27671875,0.185342002484662,0.187586150936426,0.168059248757759,0.17275281122786
27687500,0.19376203269268,0.181303920576279,0.164570417226853,0.188875683233985
27703125,0.202023429584675,0.174539707088544,0.20447409730224,0.190887018388198
27718750,0.210089538358702,0.167286552792398,0.199849820435503,0.173004873749799
27734375,0.217921170682868,0.159540938721033,0.197889903645158,0.169226959475024
27750000,0.225476948560694,0.151303296523564,0.228009011890314,0.154733178651355
27765625,0.232713748732083,0.142578491955964,0.214912199596934,0.135186930647925
27781250,0.239587248236067,0.133376259211469,0.240254684872519,0.155326638438377
27796875,0.246052567205893,0.123711563872051,0.252984427362245,0.126067750083047
27812500,0.252064999742396,0.113604871853836,0.261015656287728,0.105522532819197
27828125,0.257580818077738,0.103082302630189,0.234106945369509,0.101988257181025
27843750,0.262558129556652,0.0921756474394466,0.288241313901652,0.0954270905811895
27859375,0.266957760665735,0.0809222372075097,0.260988712503848,0.0801919973403446
27875000,0.270744137919841,0.0693646504888053,0.265479904737928,0.0707112397838004
27890625,0.273886132355748,0.0575502586405606,0.279603600111715,0.0476000216942928
27906250,0.276357833116706,0.0455306133197426,0.277992151153784,0.0552546145921803
27921875,0.278139216450297,0.0333606897048456,0.289885854571856,0.0527331512296495
27937500,0.279216679527469,0.0210980069674881,0.26323304495373,0.038022733636994
27953125,0.279583413756156,0.00880165477829829,0.276368789473164,0.0101778156998173
27968750,0.279239599421252,-0.00346873961376226,0.262732723285691,-0.0109801693077592
27984375,0.278192412043046,-0.0156540654701646,0.260451034130739,-0.0250221788525374
28000000,0.27645584016127,-0.0276967642312428,0.276069920047952,-0.0711163561731285
28015625,0.274050323587949,-0.0395418083621067,0.279097267537352,-0.0625599378956478
28031250,0.27100222979326,-0.0511375885625888,0.279111747352942,-0.0551376570881563
28046875,0.267343193340542,-0.0624366801770342,0.250629441011236,-0.0758342438952363
28062500,0.263109348668736,-0.0733964668263132,0.265835460619877,-0.0880645547683894
28078125,0.258340489733466,-0.0839796073724286,0.24715157034426,-0.0734251778898174
28093750,0.253079190983179,-0.0941543406411673,0.247447491482908,-0.118843189244084
28109375,0.247369922994458,-0.103894630238504,0.247210823914857,-0.114402631448652
28125000,0.241258193125526,-0.113180158770565,0.225760076297972,-0.10665501503007
28140625,0.23478973719318,-0.121996186430873,0.233517195917983,-0.146198174677557
28156250,0.228009782921598,-0.130333293031334,0.254406936827623,-0.12934423377574
28171875,0.220962400239207,-0.138187025066268,0.215164203193525,-0.126930668334102
28187500,0.213689947854415,-0.145557470392573,0.197745863009574,-0.160296392644404
28203125,0.206232620285968,-0.152448782770793,0.212179322844401,-0.149582928113214
28218750,0.198628094923573,-0.158868677098266,0.194614974883741,-0.150732921580369
28234375,0.190911274913447,-0.16482791396292,0.188441531638609,-0.154777608929938
28250000,0.1831141207706,-0.170339789441412,0.186024678438539,-0.18090595179118
28265625,0.175265561605642,-0.175419643118589,0.160078916779691,-0.170055393861009
28281250,0.167391475650523,-0.18008439433569,0.164919170450934,-0.168931861253361
28296875,0.159514729266043,-0.18435211385329,0.150922039066171,-0.175366678242043
28312500,0.151655263686641,-0.188241635560672,0.149001401761149,-0.18856976016891
28328125,0.143830219269724,-0.191772210650556,0.154078230181804,-0.169650247244751
28343750,0.136054087840451,-0.19496320484006,0.129642297626372,-0.194401149687789
28359375,0.128338884743237,-0.19783383775852,0.123403571844956,-0.199913547821926
28375000,0.120694333332859,-0.2004029625196,0.118418505600038,-0.20143695695165
28390625,0.113128055783511,-0.202688882713832,0.108765570291405,-0.220173673760672
28406250,0.105645765206156,-0.204709203554662,0.0988842667141337,-0.2297744784107
28421875,0.0982514551030521,-0.206480713639019,0.0698557364229224,-0.191411572040209
28437500,0.0909475831272906,-0.208019293696654,0.0954942538541319,-0.179916815371514
28453125,0.0837352469420257,-0.209339848757781,0.101510510930705,-0.187339171621139
28468750,0.0766143506838783,-0.210456260328322,0.0821316560221103,-0.201678076770432
28484375,0.0695837611307873,-0.211381355393839,0.06466037858902,-0.193728379497135
28500000,0.0626414531634684,-0.212126889350601,0.0565498297436109,-0.224673367627106
28515625,0.0557846445012658,-0.212703540264223,0.0735035458553688,-0.215861984335055
28531250,0.0490099199993433,-0.213120912166818,0.0572237730014559,-0.203032338026613
28546875,0.0423133460261422,-0.213387545410939,0.0430933177701887,-0.221545201118362
28562500,0.035690575609683,-0.213510932394644,0.0350711070535542,-0.199103214627759
28578125,0.029136945158663,-0.213497537251537,0.00130678123924009,-0.225178294693641
28593750,0.0226475636393589,-0.213352818359859,0.0379563402122553,-0.211629105417899
28609375,0.0162173951298275,-0.213081252764332,0.0340772325025617,-0.212351948999647
28625000,0.00984133568598714,-0.212686361823751,-0.00824627256670747,-0.204845537619326
28640625,0.00351428544528111,-0.212170737597268,0.00323122599036493,-0.209909376124782
28656250,-0.00276878313290713,-0.211536069664422,-0.0106416161643887,-0.21008073655801
28671875,-0.00901276003148623,-0.210783172240196,-0.0187843202045987,-0.219849407555725
28687500,-0.0152223346389289,-0.209912011598633,-0.0209010435868643,-0.222159308826788
28703125,-0.0214019341693739,-0.20892173395862,-0.0156100571525419,-0.230132022622797
28718750,-0.0275556628709513,-0.207810694115026,-0.00325353225555033,-0.202598286758357
28734375,-0.0336872414377323,-0.206576485218637,-0.0633917681122702,-0.213393872538529
28750000,-0.0397999461353667,-0.205215970220081,-0.0438189340684644,-0.198256577552604
28765625,-0.0458965472573005,-0.203725315596333,-0.0425492719906421,-0.210931492535306
28781250,-0.051979246648485,-0.202100028073002,-0.0502066112326724,-0.20038695639625
28796875,-0.0580496141687793,-0.200334995140145,-0.0630001901893522,-0.196359547418197
28812500,-0.0641085231196243,-0.19842453023195,-0.0742163636876786,-0.208248971744607
28828125,-0.0701560848271728,-0.196362423498109,-0.0606404257303626,-0.205361273549037
28843750,-0.0761915827634176,-0.19414199913345,-0.0807305636692439,-0.191083955263283
28859375,-0.082213406794295,-0.191756180247516,-0.091613651127727,-0.184219381089001
28875000,-0.0882189883698237,-0.189197562241608,-0.0772791776247136,-0.189242953879114
28890625,-0.0942047377138187,-0.186458495610985,-0.0871748644302881,-0.169245775328654
28906250,-0.10016598432646,-0.183531178997262,-0.0910019598520832,-0.204631622949642
28921875,-0.106096922375765,-0.180407763173542,-0.110777994189032,-0.143774858730468
28937500,-0.11199056281678,-0.17708046644498,-0.0948083111351921,-0.196898560215504
28953125,-0.11783869432899,-0.173541701684128,-0.0890545802240762,-0.192206440002041
28968750,-0.123631855390027,-0.169784214888576,-0.0964316622347116,-0.143750781560756
28984375,-0.129359319991706,-0.165801234745097,-0.120211515060745,-0.162142332818391
29000000,-0.135009099633569,-0.161586632210773,-0.132379018653423,-0.130726494807724
29015625,-0.140567964279887,-0.157135088581841,-0.14479168942077,-0.143772729140962
29031250,-0.146021484916262,-0.152442269925771,-0.140177634308059,-0.151847054100287
29046875,-0.151354100170647,-0.147505005117628,-0.176551877982405,-0.124000581778874
29062500,-0.156549209151069,-0.142321464071383,-0.143554015682981,-0.147606225960114
29078125,-0.16158929218292,-0.136891332120959,-0.163660216604368,-0.13447948945621
29093750,-0.16645606049325,-0.131215975921126,-0.162791522854359,-0.118519534875728
29109375,-0.171130635086834,-0.125298595748034,-0.169770953114217,-0.119308873961483
29125000,-0.175593754099717,-0.119144358728757,-0.183491748580184,-0.124809518166604
29140625,-0.179826006823311,-0.112760507365975,-0.184709679633499,-0.10826956394455
29156250,-0.183808091403258,-0.106156437791701,-0.166423350913702,-0.108948593767904
29171875,-0.187521091983976,-0.0993437425188044,-0.192400308563004,-0.119724716529076
29187500,-0.190946769855743,-0.0923362130861056,-0.204281465574914,-0.105894586935266
29203125,-0.19406786204107,-0.0851497989189852,-0.210461583228354,-0.0754821736013692
29218750,-0.196868379809773,-0.0778025199414098,-0.18718406412465,-0.061447087800646
29234375,-0.199333898916676,-0.0703143319407348,-0.201228124527681,-0.0712175527240949
29250000,-0.201451832982798,-0.0627069453464706,-0.203046434204688,-0.0631948366621848
29265625,-0.203211681446291,-0.0550035998583056,-0.198331556791529,-0.0702124357920133
29281250,-0.204605243927317,-0.047228799150671,-0.188880506464623,-0.0324045780555825
29296875,-0.205626793688122,-0.0394080115849245,-0.197802727074272,-0.0431232246356697
29312500,-0.206273204102559,-0.0315673443667776,-0.175996342983905,-0.0220072279056435
29328125,-0.206544023623793,-0.0237331997957561,-0.199204714678892,-0.00968970495719648
29343750,-0.206441496573323,-0.0159319230811662,-0.195572754882319,-0.0156562479007459
29359375,-0.205970529065086,-0.00818945158682531,-0.21309917826916,-0.0387717474605761
29375000,-0.205138601408495,-0.00053097528699818,-0.211165570602514,-0.0223372919868226
29390625,-0.203955630283577,0.00701938232574096,-0.205455064439524,0.0284458144246966
29406250,-0.202433785736774,0.0144388546039266,-0.219069935226506,0.0176174495288691
29421875,-0.200587269510841,0.0217062864218328,-0.194798808894178,0.020086936032712
29437500,-0.198432062324151,0.0288023477895056,-0.193889020397056,0.0225465148850948
29453125,-0.195985648410193,0.035709702770589,-0.19087562461886,0.0175521350892977
29468750,-0.193266725904533,0.0424131318631678,-0.209839035367827,0.0563984345867166
29484375,-0.190294911540672,0.0488996077439644,-0.159536253011422,0.0690957961955699
29500000,-0.187090447630422,0.0551583258736224,-0.189556632747001,0.0676714507851641
29515625,-0.183673918520217,0.0611806928434281,-0.19482009988628,0.0693080994093413
29531250,-0.180065982706194,0.0669602764611729,-0.17403741328491,0.0323031417784706
29546875,-0.176287125637083,0.0724927223991573,-0.180976031055638,0.0738837621261065
29562500,-0.172357437012624,0.0777756427557731,-0.152411187153356,0.0711946845501263
29578125,-0.168296415166894,0.0828084821272715,-0.162544195421852,0.0837834050536445
29593750,-0.164122799970246,0.0875923667775747,-0.159517093570634,0.0830436323569333
29609375,-0.159854434636815,0.092129942269994,-0.182229768551462,0.0743730087557427
29625000,-0.155508155918755,0.0964252045309127,-0.154484870893878,0.0904945114346031
29640625,-0.151099711421978,0.100483328798136,-0.17411010301404,0.0942377572160353
29656250,-0.146643702197473,0.104310500310537,-0.154874945594008,0.10701248044626
29671875,-0.142153548343066,0.107913749961487,-0.143126617588384,0.126565778950955
29687500,-0.137641475081323,0.111300797500549,-0.129805920294636,0.111406760515841
29703125,-0.133118516642961,0.114479904253817,-0.126578207953188,0.120446864870752
29718750,-0.128594535261368,0.117459736763796,-0.123306055501687,0.124196478536425
29734375,-0.124078252651436,0.120249242238735,-0.127790220422664,0.122457818457392
29750000,-0.119577291483497,0.122857536257148,-0.0997965882787217,0.13038692838062
29765625,-0.115098224551206,0.125293802799015,-0.113793331530808,0.120127506945619
29781250,-0.110646629553057,0.127567206370221,-0.10184545526453,0.125630179692602
29796875,-0.106227147645964,0.129686815747379,-0.0923803556204504,0.140673941480821
29812500,-0.101843544173619,0.131661538690836,-0.0952697514577496,0.142963304348337
29828125,-0.0974987702125078,0.133500066847394,-0.0921505520795769,0.138412010635171
29843750,-0.0931950238076144,0.135210829983605,-0.103102382653483,0.159496846959256
29859375,-0.088933809982462,0.136801958648125,-0.0875512180804295,0.145113460330628
29875000,-0.0847159988017469,0.138281254350116,-0.0958028125436551,0.166241153190691
29890625,-0.0805418809371573,0.139656166353587,-0.0955621293053041,0.169043287658924
29906250,-0.0764112203380908,0.140933774218845,-0.0842314305178489,0.148371494692808
29921875,-0.0723233037389911,0.142120775266848,-0.0756920243610681,0.157232776969928
29937500,-0.0682769868453112,0.143223476195691,-0.0730221269244649,0.14813306337938
29953125,-0.0642707371319943,0.144247788137288,-0.0581139187085692,0.149748610845311
29968750,-0.0603026732637408,0.145199224503595,-0.0802237966249286,0.142204767847317
29984375,-0.056370601207162,0.146082901033155,-0.0442588891718015,0.157078435602734
30000000,-0.0524720471530441,0.146903537508668,-0.063790003461415,0.157208209262232
