sample_id,condition,method,truth_id,truth_signature,truth_in_initial,truth_in_confirm_library,truth_generated,meter_count,parameter_seed,cfr_noise_seed,lf_seed,candidate_count,eligible_count,candidate_ids,candidate_signatures,generated_rank,generator_scores,best_candidate,candidate_set,candidate_set_size,decision_state,decision_reason,truth_in_set,correct_unique,false_unique,distance,margin,generation_wall_s,confirmation_wall_s
1,synchronous,A_D_samecal_3,G001,"M=20,20,20,20,|T=0,0,0,0,|B=none",1,1,1,4,1160100001,2160100001,1120001001,3,3,"G001,G002,G003","M=20,20,20,20,|T=0,0,0,0,|B=none;M=20,20,20,20,|T=0,0,0,0,|B=2,15,1,50;;M=20,20,20,20,|T=0,0,0,0,|B=1,15,1,50;",1,[],G001,"G001",1,LOW_CONFIDENCE,insufficient_unique_margin,1,0,0,4.26055725093396,2.54885215575306,0,0.038407
1,synchronous,A_D_samecal_6,G001,"M=20,20,20,20,|T=0,0,0,0,|B=none",1,1,1,4,1160100001,2160100001,1120001001,6,6,"G001,G002,G003,MIRROR_M3,ADD_M1_M3,EXT_111","M=20,20,20,20,|T=0,0,0,0,|B=none;M=20,20,20,20,|T=0,0,0,0,|B=2,15,1,50;;M=20,20,20,20,|T=0,0,0,0,|B=1,15,1,50;;M=20,20,20,20,|T=0,0,0,0,|B=3,15,1,50;;M=20,20,20,20,|T=0,0,0,0,|B=1,15,1,50;3,15,1,50;;M=20,20,20,20,|T=0,0,0,0,|B=1,15,1,50;2,15,1,50;3,15,1,50;",1,[],G001,"G001",1,LOW_CONFIDENCE,insufficient_unique_margin,1,0,0,4.93672039789993,2.96565065229819,0,0.004299
1,synchronous,J_frozen_6,G001,"M=20,20,20,20,|T=0,0,0,0,|B=none",1,1,1,4,1160100001,2160100001,1120001001,6,6,"G001,G002,G003,MIRROR_M3,ADD_M1_M3,EXT_111","M=20,20,20,20,|T=0,0,0,0,|B=none;M=20,20,20,20,|T=0,0,0,0,|B=2,15,1,50;;M=20,20,20,20,|T=0,0,0,0,|B=1,15,1,50;;M=20,20,20,20,|T=0,0,0,0,|B=3,15,1,50;;M=20,20,20,20,|T=0,0,0,0,|B=1,15,1,50;3,15,1,50;;M=20,20,20,20,|T=0,0,0,0,|B=1,15,1,50;2,15,1,50;3,15,1,50;",1,[],G001,"G001",1,LOW_CONFIDENCE,insufficient_unique_margin,1,0,0,4.93672039789993,2.96565065229819,0,0.012469
1,synchronous,B_ideal_ci,G001,"M=20,20,20,20,|T=0,0,0,0,|B=none",1,1,1,4,1160100001,2160100001,1120001001,1,1,"G001","M=20,20,20,20,|T=0,0,0,0,|B=none",1,[0;Inf;Inf;Inf;Inf;Inf;Inf;Inf;Inf;Inf;Inf;Inf;Inf;Inf;Inf;Inf;Inf],G001,"G001",1,UNIQUE_CONFIDENT,single_candidate_with_margin,1,1,0,4.88376906726864,Inf,0,0.011993
1,synchronous,C_estimated_ci,G001,"M=20,20,20,20,|T=0,0,0,0,|B=none",1,1,1,4,1160100001,2160100001,1120001001,1,1,"G001","M=20,20,20,20,|T=0,0,0,0,|B=none",1,[0.000169224734064;Inf;Inf;Inf;Inf;Inf;Inf;Inf;Inf;Inf;Inf;Inf;Inf;Inf;Inf;Inf;Inf],G001,"G001",1,UNIQUE_CONFIDENT,single_candidate_with_margin,1,1,0,4.88376906726864,Inf,0.002289,0.007399
1,synchronous,D_count_matched,G001,"M=20,20,20,20,|T=0,0,0,0,|B=none",1,1,1,4,1160100001,2160100001,1120001001,1,1,"G001","M=20,20,20,20,|T=0,0,0,0,|B=none",1,[],G001,"G001",1,UNIQUE_CONFIDENT,single_candidate_with_margin,1,1,0,4.88376906726864,Inf,0,0.003244
1,asynchronous,A_D_samecal_3,G001,"M=20,20,20,20,|T=0,0,0,0,|B=none",1,1,1,4,1160100001,2160100001,1120001002,3,3,"G001,G002,G003","M=20,20,20,20,|T=0,0,0,0,|B=none;M=20,20,20,20,|T=0,0,0,0,|B=2,15,1,50;;M=20,20,20,20,|T=0,0,0,0,|B=1,15,1,50;",1,[],G001,"G001",1,LOW_CONFIDENCE,insufficient_unique_margin,1,0,0,4.26055725093396,2.54885215575306,0,0.003418
1,asynchronous,A_D_samecal_6,G001,"M=20,20,20,20,|T=0,0,0,0,|B=none",1,1,1,4,1160100001,2160100001,1120001002,6,6,"G001,G002,G003,MIRROR_M3,ADD_M1_M3,EXT_111","M=20,20,20,20,|T=0,0,0,0,|B=none;M=20,20,20,20,|T=0,0,0,0,|B=2,15,1,50;;M=20,20,20,20,|T=0,0,0,0,|B=1,15,1,50;;M=20,20,20,20,|T=0,0,0,0,|B=3,15,1,50;;M=20,20,20,20,|T=0,0,0,0,|B=1,15,1,50;3,15,1,50;;M=20,20,20,20,|T=0,0,0,0,|B=1,15,1,50;2,15,1,50;3,15,1,50;",1,[],G001,"G001",1,LOW_CONFIDENCE,insufficient_unique_margin,1,0,0,4.93672039789993,2.96565065229819,0,0.004135
1,asynchronous,J_frozen_6,G001,"M=20,20,20,20,|T=0,0,0,0,|B=none",1,1,1,4,1160100001,2160100001,1120001002,6,6,"G001,G002,G003,MIRROR_M3,ADD_M1_M3,EXT_111","M=20,20,20,20,|T=0,0,0,0,|B=none;M=20,20,20,20,|T=0,0,0,0,|B=2,15,1,50;;M=20,20,20,20,|T=0,0,0,0,|B=1,15,1,50;;M=20,20,20,20,|T=0,0,0,0,|B=3,15,1,50;;M=20,20,20,20,|T=0,0,0,0,|B=1,15,1,50;3,15,1,50;;M=20,20,20,20,|T=0,0,0,0,|B=1,15,1,50;2,15,1,50;3,15,1,50;",1,[],G001,"G001",1,LOW_CONFIDENCE,insufficient_unique_margin,1,0,0,4.93672039789993,2.96565065229819,0,0.00425
1,asynchronous,B_ideal_ci,G001,"M=20,20,20,20,|T=0,0,0,0,|B=none",1,1,1,4,1160100001,2160100001,1120001002,1,1,"G001","M=20,20,20,20,|T=0,0,0,0,|B=none",1,[0;Inf;Inf;Inf;Inf;Inf;Inf;Inf;Inf;Inf;Inf;Inf;Inf;Inf;Inf;Inf;Inf],G001,"G001",1,UNIQUE_CONFIDENT,single_candidate_with_margin,1,1,0,4.88376906726864,Inf,0,0.003151
1,asynchronous,C_estimated_ci,G001,"M=20,20,20,20,|T=0,0,0,0,|B=none",1,1,1,4,1160100001,2160100001,1120001002,1,1,"G001","M=20,20,20,20,|T=0,0,0,0,|B=none",1,[0.0176386066548;Inf;Inf;Inf;Inf;Inf;Inf;Inf;Inf;Inf;Inf;Inf;Inf;Inf;Inf;Inf;Inf],G001,"G001",1,UNIQUE_CONFIDENT,single_candidate_with_margin,1,1,0,4.88376906726864,Inf,0.005914,0.004646
1,asynchronous,D_count_matched,G001,"M=20,20,20,20,|T=0,0,0,0,|B=none",1,1,1,4,1160100001,2160100001,1120001002,1,1,"G001","M=20,20,20,20,|T=0,0,0,0,|B=none",1,[],G001,"G001",1,UNIQUE_CONFIDENT,single_candidate_with_margin,1,1,0,4.88376906726864,Inf,0,0.000745
1,high_noise,A_D_samecal_3,G001,"M=20,20,20,20,|T=0,0,0,0,|B=none",1,1,1,4,1160100001,2160100001,1120001003,3,3,"G001,G002,G003","M=20,20,20,20,|T=0,0,0,0,|B=none;M=20,20,20,20,|T=0,0,0,0,|B=2,15,1,50;;M=20,20,20,20,|T=0,0,0,0,|B=1,15,1,50;",1,[],G001,"G001",1,LOW_CONFIDENCE,insufficient_unique_margin,1,0,0,4.26055725093396,2.54885215575306,0,0.006416
1,high_noise,A_D_samecal_6,G001,"M=20,20,20,20,|T=0,0,0,0,|B=none",1,1,1,4,1160100001,2160100001,1120001003,6,6,"G001,G002,G003,MIRROR_M3,ADD_M1_M3,EXT_111","M=20,20,20,20,|T=0,0,0,0,|B=none;M=20,20,20,20,|T=0,0,0,0,|B=2,15,1,50;;M=20,20,20,20,|T=0,0,0,0,|B=1,15,1,50;;M=20,20,20,20,|T=0,0,0,0,|B=3,15,1,50;;M=20,20,20,20,|T=0,0,0,0,|B=1,15,1,50;3,15,1,50;;M=20,20,20,20,|T=0,0,0,0,|B=1,15,1,50;2,15,1,50;3,15,1,50;",1,[],G001,"G001",1,LOW_CONFIDENCE,insufficient_unique_margin,1,0,0,4.93672039789993,2.96565065229819,0,0.001222
1,high_noise,J_frozen_6,G001,"M=20,20,20,20,|T=0,0,0,0,|B=none",1,1,1,4,1160100001,2160100001,1120001003,6,6,"G001,G002,G003,MIRROR_M3,ADD_M1_M3,EXT_111","M=20,20,20,20,|T=0,0,0,0,|B=none;M=20,20,20,20,|T=0,0,0,0,|B=2,15,1,50;;M=20,20,20,20,|T=0,0,0,0,|B=1,15,1,50;;M=20,20,20,20,|T=0,0,0,0,|B=3,15,1,50;;M=20,20,20,20,|T=0,0,0,0,|B=1,15,1,50;3,15,1,50;;M=20,20,20,20,|T=0,0,0,0,|B=1,15,1,50;2,15,1,50;3,15,1,50;",1,[],G001,"G001",1,LOW_CONFIDENCE,insufficient_unique_margin,1,0,0,4.93672039789993,2.96565065229819,0,0.003702
1,high_noise,B_ideal_ci,G001,"M=20,20,20,20,|T=0,0,0,0,|B=none",1,1,1,4,1160100001,2160100001,1120001003,1,1,"G001","M=20,20,20,20,|T=0,0,0,0,|B=none",1,[0;Inf;Inf;Inf;Inf;Inf;Inf;Inf;Inf;Inf;Inf;Inf;Inf;Inf;Inf;Inf;Inf],G001,"G001",1,UNIQUE_CONFIDENT,single_candidate_with_margin,1,1,0,4.88376906726864,Inf,0,0.00074
1,high_noise,C_estimated_ci,G001,"M=20,20,20,20,|T=0,0,0,0,|B=none",1,1,1,4,1160100001,2160100001,1120001003,1,1,"G001","M=20,20,20,20,|T=0,0,0,0,|B=none",1,[0.000297527537795;Inf;Inf;Inf;Inf;Inf;Inf;Inf;Inf;Inf;Inf;Inf;Inf;Inf;Inf;Inf;Inf],G001,"G001",1,UNIQUE_CONFIDENT,single_candidate_with_margin,1,1,0,4.88376906726864,Inf,0.001924,0.001368
1,high_noise,D_count_matched,G001,"M=20,20,20,20,|T=0,0,0,0,|B=none",1,1,1,4,1160100001,2160100001,1120001003,1,1,"G001","M=20,20,20,20,|T=0,0,0,0,|B=none",1,[],G001,"G001",1,UNIQUE_CONFIDENT,single_candidate_with_margin,1,1,0,4.88376906726864,Inf,0,0.001586
2,synchronous,A_D_samecal_3,G001,"M=20,20,20,20,|T=0,0,0,0,|B=none",1,1,1,4,1160100002,2160100002,1120002001,3,3,"G001,G002,G003","M=20,20,20,20,|T=0,0,0,0,|B=none;M=20,20,20,20,|T=0,0,0,0,|B=2,15,1,50;;M=20,20,20,20,|T=0,0,0,0,|B=1,15,1,50;",1,[],G001,"G001",1,UNIQUE_CONFIDENT,single_candidate_with_margin,1,1,0,2.32792588220773,3.67427085132803,0,0.001235
2,synchronous,A_D_samecal_6,G001,"M=20,20,20,20,|T=0,0,0,0,|B=none",1,1,1,4,1160100002,2160100002,1120002001,6,6,"G001,G002,G003,MIRROR_M3,ADD_M1_M3,EXT_111","M=20,20,20,20,|T=0,0,0,0,|B=none;M=20,20,20,20,|T=0,0,0,0,|B=2,15,1,50;;M=20,20,20,20,|T=0,0,0,0,|B=1,15,1,50;;M=20,20,20,20,|T=0,0,0,0,|B=3,15,1,50;;M=20,20,20,20,|T=0,0,0,0,|B=1,15,1,50;3,15,1,50;;M=20,20,20,20,|T=0,0,0,0,|B=1,15,1,50;2,15,1,50;3,15,1,50;",1,[],G001,"G001",1,UNIQUE_CONFIDENT,single_candidate_with_margin,1,1,0,2.70071399905686,4.2669094611221,0,0.001299
2,synchronous,J_frozen_6,G001,"M=20,20,20,20,|T=0,0,0,0,|B=none",1,1,1,4,1160100002,2160100002,1120002001,6,6,"G001,G002,G003,MIRROR_M3,ADD_M1_M3,EXT_111","M=20,20,20,20,|T=0,0,0,0,|B=none;M=20,20,20,20,|T=0,0,0,0,|B=2,15,1,50;;M=20,20,20,20,|T=0,0,0,0,|B=1,15,1,50;;M=20,20,20,20,|T=0,0,0,0,|B=3,15,1,50;;M=20,20,20,20,|T=0,0,0,0,|B=1,15,1,50;3,15,1,50;;M=20,20,20,20,|T=0,0,0,0,|B=1,15,1,50;2,15,1,50;3,15,1,50;",1,[],G001,"G001",1,UNIQUE_CONFIDENT,single_candidate_with_margin,1,1,0,2.70071399905686,4.2669094611221,0,0.002738
2,synchronous,B_ideal_ci,G001,"M=20,20,20,20,|T=0,0,0,0,|B=none",1,1,1,4,1160100002,2160100002,1120002001,1,1,"G001","M=20,20,20,20,|T=0,0,0,0,|B=none",1,[0;Inf;Inf;Inf;Inf;Inf;Inf;Inf;Inf;Inf;Inf;Inf;Inf;Inf;Inf;Inf;Inf],G001,"G001",1,UNIQUE_CONFIDENT,single_candidate_with_margin,1,1,0,2.69300965976764,Inf,0,0.000481
2,synchronous,C_estimated_ci,G001,"M=20,20,20,20,|T=0,0,0,0,|B=none",1,1,1,4,1160100002,2160100002,1120002001,1,1,"G001","M=20,20,20,20,|T=0,0,0,0,|B=none",1,[0.000136057635635;Inf;Inf;Inf;Inf;Inf;Inf;Inf;Inf;Inf;Inf;Inf;Inf;Inf;Inf;Inf;Inf],G001,"G001",1,UNIQUE_CONFIDENT,single_candidate_with_margin,1,1,0,2.69300965976764,Inf,0.001805,0.000317
2,synchronous,D_count_matched,G001,"M=20,20,20,20,|T=0,0,0,0,|B=none",1,1,1,4,1160100002,2160100002,1120002001,1,1,"G001","M=20,20,20,20,|T=0,0,0,0,|B=none",1,[],G001,"G001",1,UNIQUE_CONFIDENT,single_candidate_with_margin,1,1,0,2.69300965976764,Inf,0,0.000218
2,asynchronous,A_D_samecal_3,G001,"M=20,20,20,20,|T=0,0,0,0,|B=none",1,1,1,4,1160100002,2160100002,1120002002,3,3,"G001,G002,G003","M=20,20,20,20,|T=0,0,0,0,|B=none;M=20,20,20,20,|T=0,0,0,0,|B=2,15,1,50;;M=20,20,20,20,|T=0,0,0,0,|B=1,15,1,50;",1,[],G001,"G001",1,UNIQUE_CONFIDENT,single_candidate_with_margin,1,1,0,2.32792588220773,3.67427085132803,0,0.001249
2,asynchronous,A_D_samecal_6,G001,"M=20,20,20,20,|T=0,0,0,0,|B=none",1,1,1,4,1160100002,2160100002,1120002002,6,6,"G001,G002,G003,MIRROR_M3,ADD_M1_M3,EXT_111","M=20,20,20,20,|T=0,0,0,0,|B=none;M=20,20,20,20,|T=0,0,0,0,|B=2,15,1,50;;M=20,20,20,20,|T=0,0,0,0,|B=1,15,1,50;;M=20,20,20,20,|T=0,0,0,0,|B=3,15,1,50;;M=20,20,20,20,|T=0,0,0,0,|B=1,15,1,50;3,15,1,50;;M=20,20,20,20,|T=0,0,0,0,|B=1,15,1,50;2,15,1,50;3,15,1,50;",1,[],G001,"G001",1,UNIQUE_CONFIDENT,single_candidate_with_margin,1,1,0,2.70071399905686,4.2669094611221,0,0.001666
2,asynchronous,J_frozen_6,G001,"M=20,20,20,20,|T=0,0,0,0,|B=none",1,1,1,4,1160100002,2160100002,1120002002,6,6,"G001,G002,G003,MIRROR_M3,ADD_M1_M3,EXT_111","M=20,20,20,20,|T=0,0,0,0,|B=none;M=20,20,20,20,|T=0,0,0,0,|B=2,15,1,50;;M=20,20,20,20,|T=0,0,0,0,|B=1,15,1,50;;M=20,20,20,20,|T=0,0,0,0,|B=3,15,1,50;;M=20,20,20,20,|T=0,0,0,0,|B=1,15,1,50;3,15,1,50;;M=20,20,20,20,|T=0,0,0,0,|B=1,15,1,50;2,15,1,50;3,15,1,50;",1,[],G001,"G001",1,UNIQUE_CONFIDENT,single_candidate_with_margin,1,1,0,2.70071399905686,4.2669094611221,0,0.008248
2,asynchronous,B_ideal_ci,G001,"M=20,20,20,20,|T=0,0,0,0,|B=none",1,1,1,4,1160100002,2160100002,1120002002,1,1,"G001","M=20,20,20,20,|T=0,0,0,0,|B=none",1,[0;Inf;Inf;Inf;Inf;Inf;Inf;Inf;Inf;Inf;Inf;Inf;Inf;Inf;Inf;Inf;Inf],G001,"G001",1,UNIQUE_CONFIDENT,single_candidate_with_margin,1,1,0,2.69300965976764,Inf,0,0.001834
2,asynchronous,C_estimated_ci,G001,"M=20,20,20,20,|T=0,0,0,0,|B=none",1,1,1,4,1160100002,2160100002,1120002002,1,1,"G001","M=20,20,20,20,|T=0,0,0,0,|B=none",1,[0.000156863267583;Inf;Inf;Inf;Inf;Inf;Inf;Inf;Inf;Inf;Inf;Inf;Inf;Inf;Inf;Inf;Inf],G001,"G001",1,UNIQUE_CONFIDENT,single_candidate_with_margin,1,1,0,2.69300965976764,Inf,0.002031,0.001148
2,asynchronous,D_count_matched,G001,"M=20,20,20,20,|T=0,0,0,0,|B=none",1,1,1,4,1160100002,2160100002,1120002002,1,1,"G001","M=20,20,20,20,|T=0,0,0,0,|B=none",1,[],G001,"G001",1,UNIQUE_CONFIDENT,single_candidate_with_margin,1,1,0,2.69300965976764,Inf,0,0.000233
2,high_noise,A_D_samecal_3,G001,"M=20,20,20,20,|T=0,0,0,0,|B=none",1,1,1,4,1160100002,2160100002,1120002003,3,3,"G001,G002,G003","M=20,20,20,20,|T=0,0,0,0,|B=none;M=20,20,20,20,|T=0,0,0,0,|B=2,15,1,50;;M=20,20,20,20,|T=0,0,0,0,|B=1,15,1,50;",1,[],G001,"G001",1,UNIQUE_CONFIDENT,single_candidate_with_margin,1,1,0,2.32792588220773,3.67427085132803,0,0.002232
2,high_noise,A_D_samecal_6,G001,"M=20,20,20,20,|T=0,0,0,0,|B=none",1,1,1,4,1160100002,2160100002,1120002003,6,6,"G001,G002,G003,MIRROR_M3,ADD_M1_M3,EXT_111","M=20,20,20,20,|T=0,0,0,0,|B=none;M=20,20,20,20,|T=0,0,0,0,|B=2,15,1,50;;M=20,20,20,20,|T=0,0,0,0,|B=1,15,1,50;;M=20,20,20,20,|T=0,0,0,0,|B=3,15,1,50;;M=20,20,20,20,|T=0,0,0,0,|B=1,15,1,50;3,15,1,50;;M=20,20,20,20,|T=0,0,0,0,|B=1,15,1,50;2,15,1,50;3,15,1,50;",1,[],G001,"G001",1,UNIQUE_CONFIDENT,single_candidate_with_margin,1,1,0,2.70071399905686,4.2669094611221,0,0.001846
2,high_noise,J_frozen_6,G001,"M=20,20,20,20,|T=0,0,0,0,|B=none",1,1,1,4,1160100002,2160100002,1120002003,6,6,"G001,G002,G003,MIRROR_M3,ADD_M1_M3,EXT_111","M=20,20,20,20,|T=0,0,0,0,|B=none;M=20,20,20,20,|T=0,0,0,0,|B=2,15,1,50;;M=20,20,20,20,|T=0,0,0,0,|B=1,15,1,50;;M=20,20,20,20,|T=0,0,0,0,|B=3,15,1,50;;M=20,20,20,20,|T=0,0,0,0,|B=1,15,1,50;3,15,1,50;;M=20,20,20,20,|T=0,0,0,0,|B=1,15,1,50;2,15,1,50;3,15,1,50;",1,[],G001,"G001",1,UNIQUE_CONFIDENT,single_candidate_with_margin,1,1,0,2.70071399905686,4.2669094611221,0,0.001412
2,high_noise,B_ideal_ci,G001,"M=20,20,20,20,|T=0,0,0,0,|B=none",1,1,1,4,1160100002,2160100002,1120002003,1,1,"G001","M=20,20,20,20,|T=0,0,0,0,|B=none",1,[0;Inf;Inf;Inf;Inf;Inf;Inf;Inf;Inf;Inf;Inf;Inf;Inf;Inf;Inf;Inf;Inf],G001,"G001",1,UNIQUE_CONFIDENT,single_candidate_with_margin,1,1,0,2.69300965976764,Inf,0,0.00095
2,high_noise,C_estimated_ci,G001,"M=20,20,20,20,|T=0,0,0,0,|B=none",1,1,1,4,1160100002,2160100002,1120002003,1,1,"G001","M=20,20,20,20,|T=0,0,0,0,|B=none",1,[0.000404916042284;Inf;Inf;Inf;Inf;Inf;Inf;Inf;Inf;Inf;Inf;Inf;Inf;Inf;Inf;Inf;Inf],G001,"G001",1,UNIQUE_CONFIDENT,single_candidate_with_margin,1,1,0,2.69300965976764,Inf,0.001145,0.00025
2,high_noise,D_count_matched,G001,"M=20,20,20,20,|T=0,0,0,0,|B=none",1,1,1,4,1160100002,2160100002,1120002003,1,1,"G001","M=20,20,20,20,|T=0,0,0,0,|B=none",1,[],G001,"G001",1,UNIQUE_CONFIDENT,single_candidate_with_margin,1,1,0,2.69300965976764,Inf,0,0.000194
3,synchronous,A_D_samecal_3,G001,"M=20,20,20,20,|T=0,0,0,0,|B=none",1,1,1,4,1160100003,2160100003,1120003001,3,3,"G001,G002,G003","M=20,20,20,20,|T=0,0,0,0,|B=none;M=20,20,20,20,|T=0,0,0,0,|B=2,15,1,50;;M=20,20,20,20,|T=0,0,0,0,|B=1,15,1,50;",1,[],G001,"G001",1,LOW_CONFIDENCE,insufficient_unique_margin,1,0,0,4.07459306538187,2.78831906641003,0,0.001147
3,synchronous,A_D_samecal_6,G001,"M=20,20,20,20,|T=0,0,0,0,|B=none",1,1,1,4,1160100003,2160100003,1120003001,6,6,"G001,G002,G003,MIRROR_M3,ADD_M1_M3,EXT_111","M=20,20,20,20,|T=0,0,0,0,|B=none;M=20,20,20,20,|T=0,0,0,0,|B=2,15,1,50;;M=20,20,20,20,|T=0,0,0,0,|B=1,15,1,50;;M=20,20,20,20,|T=0,0,0,0,|B=3,15,1,50;;M=20,20,20,20,|T=0,0,0,0,|B=1,15,1,50;3,15,1,50;;M=20,20,20,20,|T=0,0,0,0,|B=1,15,1,50;2,15,1,50;3,15,1,50;",1,[],G001,"G001",1,UNIQUE_CONFIDENT,single_candidate_with_margin,1,1,0,4.72306828346274,3.24570508062475,0,0.00072
3,synchronous,J_frozen_6,G001,"M=20,20,20,20,|T=0,0,0,0,|B=none",1,1,1,4,1160100003,2160100003,1120003001,6,6,"G001,G002,G003,MIRROR_M3,ADD_M1_M3,EXT_111","M=20,20,20,20,|T=0,0,0,0,|B=none;M=20,20,20,20,|T=0,0,0,0,|B=2,15,1,50;;M=20,20,20,20,|T=0,0,0,0,|B=1,15,1,50;;M=20,20,20,20,|T=0,0,0,0,|B=3,15,1,50;;M=20,20,20,20,|T=0,0,0,0,|B=1,15,1,50;3,15,1,50;;M=20,20,20,20,|T=0,0,0,0,|B=1,15,1,50;2,15,1,50;3,15,1,50;",1,[],G001,"G001",1,UNIQUE_CONFIDENT,single_candidate_with_margin,1,1,0,4.72306828346274,3.24570508062475,0,0.00074
3,synchronous,B_ideal_ci,G001,"M=20,20,20,20,|T=0,0,0,0,|B=none",1,1,1,4,1160100003,2160100003,1120003001,1,1,"G001","M=20,20,20,20,|T=0,0,0,0,|B=none",1,[0;Inf;Inf;Inf;Inf;Inf;Inf;Inf;Inf;Inf;Inf;Inf;Inf;Inf;Inf;Inf;Inf],G001,"G001",1,UNIQUE_CONFIDENT,single_candidate_with_margin,1,1,0,5.10769080273477,Inf,0,0.000399
3,synchronous,C_estimated_ci,G001,"M=20,20,20,20,|T=0,0,0,0,|B=none",1,1,1,4,1160100003,2160100003,1120003001,1,1,"G001","M=20,20,20,20,|T=0,0,0,0,|B=none",1,[0.000228385397629;Inf;Inf;Inf;Inf;Inf;Inf;Inf;Inf;Inf;Inf;Inf;Inf;Inf;Inf;Inf;Inf],G001,"G001",1,UNIQUE_CONFIDENT,single_candidate_with_margin,1,1,0,5.10769080273477,Inf,0.001194,0.000339
3,synchronous,D_count_matched,G001,"M=20,20,20,20,|T=0,0,0,0,|B=none",1,1,1,4,1160100003,2160100003,1120003001,1,1,"G001","M=20,20,20,20,|T=0,0,0,0,|B=none",1,[],G001,"G001",1,UNIQUE_CONFIDENT,single_candidate_with_margin,1,1,0,5.10769080273477,Inf,0,0.000202
3,asynchronous,A_D_samecal_3,G001,"M=20,20,20,20,|T=0,0,0,0,|B=none",1,1,1,4,1160100003,2160100003,1120003002,3,3,"G001,G002,G003","M=20,20,20,20,|T=0,0,0,0,|B=none;M=20,20,20,20,|T=0,0,0,0,|B=2,15,1,50;;M=20,20,20,20,|T=0,0,0,0,|B=1,15,1,50;",1,[],G001,"G001",1,LOW_CONFIDENCE,insufficient_unique_margin,1,0,0,4.07459306538187,2.78831906641003,0,0.000943
3,asynchronous,A_D_samecal_6,G001,"M=20,20,20,20,|T=0,0,0,0,|B=none",1,1,1,4,1160100003,2160100003,1120003002,6,6,"G001,G002,G003,MIRROR_M3,ADD_M1_M3,EXT_111","M=20,20,20,20,|T=0,0,0,0,|B=none;M=20,20,20,20,|T=0,0,0,0,|B=2,15,1,50;;M=20,20,20,20,|T=0,0,0,0,|B=1,15,1,50;;M=20,20,20,20,|T=0,0,0,0,|B=3,15,1,50;;M=20,20,20,20,|T=0,0,0,0,|B=1,15,1,50;3,15,1,50;;M=20,20,20,20,|T=0,0,0,0,|B=1,15,1,50;2,15,1,50;3,15,1,50;",1,[],G001,"G001",1,UNIQUE_CONFIDENT,single_candidate_with_margin,1,1,0,4.72306828346274,3.24570508062475,0,0.001187
3,asynchronous,J_frozen_6,G001,"M=20,20,20,20,|T=0,0,0,0,|B=none",1,1,1,4,1160100003,2160100003,1120003002,6,6,"G001,G002,G003,MIRROR_M3,ADD_M1_M3,EXT_111","M=20,20,20,20,|T=0,0,0,0,|B=none;M=20,20,20,20,|T=0,0,0,0,|B=2,15,1,50;;M=20,20,20,20,|T=0,0,0,0,|B=1,15,1,50;;M=20,20,20,20,|T=0,0,0,0,|B=3,15,1,50;;M=20,20,20,20,|T=0,0,0,0,|B=1,15,1,50;3,15,1,50;;M=20,20,20,20,|T=0,0,0,0,|B=1,15,1,50;2,15,1,50;3,15,1,50;",1,[],G001,"G001",1,UNIQUE_CONFIDENT,single_candidate_with_margin,1,1,0,4.72306828346274,3.24570508062475,0,0.000966
3,asynchronous,B_ideal_ci,G001,"M=20,20,20,20,|T=0,0,0,0,|B=none",1,1,1,4,1160100003,2160100003,1120003002,1,1,"G001","M=20,20,20,20,|T=0,0,0,0,|B=none",1,[0;Inf;Inf;Inf;Inf;Inf;Inf;Inf;Inf;Inf;Inf;Inf;Inf;Inf;Inf;Inf;Inf],G001,"G001",1,UNIQUE_CONFIDENT,single_candidate_with_margin,1,1,0,5.10769080273477,Inf,0,0.000327
3,asynchronous,C_estimated_ci,G001,"M=20,20,20,20,|T=0,0,0,0,|B=none",1,1,1,4,1160100003,2160100003,1120003002,1,1,"G001","M=20,20,20,20,|T=0,0,0,0,|B=none",1,[0.0001618037599;Inf;Inf;Inf;Inf;Inf;Inf;Inf;Inf;Inf;Inf;Inf;Inf;Inf;Inf;Inf;Inf],G001,"G001",1,UNIQUE_CONFIDENT,single_candidate_with_margin,1,1,0,5.10769080273477,Inf,0.001211,0.000235
3,asynchronous,D_count_matched,G001,"M=20,20,20,20,|T=0,0,0,0,|B=none",1,1,1,4,1160100003,2160100003,1120003002,1,1,"G001","M=20,20,20,20,|T=0,0,0,0,|B=none",1,[],G001,"G001",1,UNIQUE_CONFIDENT,single_candidate_with_margin,1,1,0,5.10769080273477,Inf,0,0.000179
3,high_noise,A_D_samecal_3,G001,"M=20,20,20,20,|T=0,0,0,0,|B=none",1,1,1,4,1160100003,2160100003,1120003003,3,3,"G001,G002,G003","M=20,20,20,20,|T=0,0,0,0,|B=none;M=20,20,20,20,|T=0,0,0,0,|B=2,15,1,50;;M=20,20,20,20,|T=0,0,0,0,|B=1,15,1,50;",1,[],G001,"G001",1,LOW_CONFIDENCE,insufficient_unique_margin,1,0,0,4.07459306538187,2.78831906641003,0,0.000833
3,high_noise,A_D_samecal_6,G001,"M=20,20,20,20,|T=0,0,0,0,|B=none",1,1,1,4,1160100003,2160100003,1120003003,6,6,"G001,G002,G003,MIRROR_M3,ADD_M1_M3,EXT_111","M=20,20,20,20,|T=0,0,0,0,|B=none;M=20,20,20,20,|T=0,0,0,0,|B=2,15,1,50;;M=20,20,20,20,|T=0,0,0,0,|B=1,15,1,50;;M=20,20,20,20,|T=0,0,0,0,|B=3,15,1,50;;M=20,20,20,20,|T=0,0,0,0,|B=1,15,1,50;3,15,1,50;;M=20,20,20,20,|T=0,0,0,0,|B=1,15,1,50;2,15,1,50;3,15,1,50;",1,[],G001,"G001",1,UNIQUE_CONFIDENT,single_candidate_with_margin,1,1,0,4.72306828346274,3.24570508062475,0,0.001037
3,high_noise,J_frozen_6,G001,"M=20,20,20,20,|T=0,0,0,0,|B=none",1,1,1,4,1160100003,2160100003,1120003003,6,6,"G001,G002,G003,MIRROR_M3,ADD_M1_M3,EXT_111","M=20,20,20,20,|T=0,0,0,0,|B=none;M=20,20,20,20,|T=0,0,0,0,|B=2,15,1,50;;M=20,20,20,20,|T=0,0,0,0,|B=1,15,1,50;;M=20,20,20,20,|T=0,0,0,0,|B=3,15,1,50;;M=20,20,20,20,|T=0,0,0,0,|B=1,15,1,50;3,15,1,50;;M=20,20,20,20,|T=0,0,0,0,|B=1,15,1,50;2,15,1,50;3,15,1,50;",1,[],G001,"G001",1,UNIQUE_CONFIDENT,single_candidate_with_margin,1,1,0,4.72306828346274,3.24570508062475,0,0.001106
3,high_noise,B_ideal_ci,G001,"M=20,20,20,20,|T=0,0,0,0,|B=none",1,1,1,4,1160100003,2160100003,1120003003,1,1,"G001","M=20,20,20,20,|T=0,0,0,0,|B=none",1,[0;Inf;Inf;Inf;Inf;Inf;Inf;Inf;Inf;Inf;Inf;Inf;Inf;Inf;Inf;Inf;Inf],G001,"G001",1,UNIQUE_CONFIDENT,single_candidate_with_margin,1,1,0,5.10769080273477,Inf,0,0.000996
3,high_noise,C_estimated_ci,G001,"M=20,20,20,20,|T=0,0,0,0,|B=none",1,1,1,4,1160100003,2160100003,1120003003,1,1,"G001","M=20,20,20,20,|T=0,0,0,0,|B=none",1,[0.000456679693179;Inf;Inf;Inf;Inf;Inf;Inf;Inf;Inf;Inf;Inf;Inf;Inf;Inf;Inf;Inf;Inf],G001,"G001",1,UNIQUE_CONFIDENT,single_candidate_with_margin,1,1,0,5.10769080273477,Inf,0.001096,0.000294
3,high_noise,D_count_matched,G001,"M=20,20,20,20,|T=0,0,0,0,|B=none",1,1,1,4,1160100003,2160100003,1120003003,1,1,"G001","M=20,20,20,20,|T=0,0,0,0,|B=none",1,[],G001,"G001",1,UNIQUE_CONFIDENT,single_candidate_with_margin,1,1,0,5.10769080273477,Inf,0,0.000194
4,synchronous,A_D_samecal_3,G002,"M=20,20,20,20,|T=0,0,0,0,|B=2,15,1,50;",1,1,1,5,1160200001,2160200001,1120004001,3,3,"G001,G002,G003","M=20,20,20,20,|T=0,0,0,0,|B=none;M=20,20,20,20,|T=0,0,0,0,|B=2,15,1,50;;M=20,20,20,20,|T=0,0,0,0,|B=1,15,1,50;",2,[],G002,"G002",1,UNIQUE_CONFIDENT,single_candidate_with_margin,1,1,0,2.87544858633221,3.31998817925413,0,0.002219
4,synchronous,A_D_samecal_6,G002,"M=20,20,20,20,|T=0,0,0,0,|B=2,15,1,50;",1,1,1,5,1160200001,2160200001,1120004001,6,6,"G001,G002,G003,MIRROR_M3,ADD_M1_M3,EXT_111","M=20,20,20,20,|T=0,0,0,0,|B=none;M=20,20,20,20,|T=0,0,0,0,|B=2,15,1,50;;M=20,20,20,20,|T=0,0,0,0,|B=1,15,1,50;;M=20,20,20,20,|T=0,0,0,0,|B=3,15,1,50;;M=20,20,20,20,|T=0,0,0,0,|B=1,15,1,50;3,15,1,50;;M=20,20,20,20,|T=0,0,0,0,|B=1,15,1,50;2,15,1,50;3,15,1,50;",2,[],G002,"G002",1,UNIQUE_CONFIDENT,single_candidate_with_margin,1,1,0,3.21759415313977,3.59514840263963,0,0.00161
4,synchronous,J_frozen_6,G002,"M=20,20,20,20,|T=0,0,0,0,|B=2,15,1,50;",1,1,1,5,1160200001,2160200001,1120004001,6,6,"G001,G002,G003,MIRROR_M3,ADD_M1_M3,EXT_111","M=20,20,20,20,|T=0,0,0,0,|B=none;M=20,20,20,20,|T=0,0,0,0,|B=2,15,1,50;;M=20,20,20,20,|T=0,0,0,0,|B=1,15,1,50;;M=20,20,20,20,|T=0,0,0,0,|B=3,15,1,50;;M=20,20,20,20,|T=0,0,0,0,|B=1,15,1,50;3,15,1,50;;M=20,20,20,20,|T=0,0,0,0,|B=1,15,1,50;2,15,1,50;3,15,1,50;",2,[],G002,"G002",1,UNIQUE_CONFIDENT,single_candidate_with_margin,1,1,0,3.21759415313977,3.59514840263963,0,0.00177
4,synchronous,B_ideal_ci,G002,"M=20,20,20,20,|T=0,0,0,0,|B=2,15,1,50;",1,1,1,5,1160200001,2160200001,1120004001,1,3,"G002","M=20,20,20,20,|T=0,0,0,0,|B=2,15,1,50;",1,[Inf;0.00894427191;Inf;0;Inf;Inf;Inf;Inf;0.0105830052443;Inf;Inf;Inf;Inf;Inf;Inf;Inf;Inf],G002,"G002",1,LOW_CONFIDENCE,insufficient_unique_margin,1,0,0,3.86996653244341,1.85849203533895,0,0.007602
4,synchronous,C_estimated_ci,G002,"M=20,20,20,20,|T=0,0,0,0,|B=2,15,1,50;",1,1,1,5,1160200001,2160200001,1120004001,3,3,"G002,MIRROR_M3,G003","M=20,20,20,20,|T=0,0,0,0,|B=2,15,1,50;;M=20,20,20,20,|T=0,0,0,0,|B=3,15,1,50;;M=20,20,20,20,|T=0,0,0,0,|B=1,15,1,50;",1,[Inf;0.00886299817582;Inf;0.00019874152812;Inf;Inf;Inf;Inf;0.0106370262402;Inf;Inf;Inf;Inf;Inf;Inf;Inf;Inf],G002,"G002",1,LOW_CONFIDENCE,insufficient_unique_margin,1,0,0,3.86996653244341,1.85849203533895,0.003054,0.006666
4,synchronous,D_count_matched,G002,"M=20,20,20,20,|T=0,0,0,0,|B=2,15,1,50;",1,1,1,5,1160200001,2160200001,1120004001,3,3,"MIRROR_M3,G003,G002","M=20,20,20,20,|T=0,0,0,0,|B=3,15,1,50;;M=20,20,20,20,|T=0,0,0,0,|B=1,15,1,50;;M=20,20,20,20,|T=0,0,0,0,|B=2,15,1,50;",1,[],G002,"G002",1,LOW_CONFIDENCE,insufficient_unique_margin,1,0,0,3.86996653244341,1.85849203533895,0,0.002215
4,asynchronous,A_D_samecal_3,G002,"M=20,20,20,20,|T=0,0,0,0,|B=2,15,1,50;",1,1,1,5,1160200001,2160200001,1120004002,3,3,"G001,G002,G003","M=20,20,20,20,|T=0,0,0,0,|B=none;M=20,20,20,20,|T=0,0,0,0,|B=2,15,1,50;;M=20,20,20,20,|T=0,0,0,0,|B=1,15,1,50;",2,[],G002,"G002",1,UNIQUE_CONFIDENT,single_candidate_with_margin,1,1,0,2.87544858633221,3.31998817925413,0,0.001882
4,asynchronous,A_D_samecal_6,G002,"M=20,20,20,20,|T=0,0,0,0,|B=2,15,1,50;",1,1,1,5,1160200001,2160200001,1120004002,6,6,"G001,G002,G003,MIRROR_M3,ADD_M1_M3,EXT_111","M=20,20,20,20,|T=0,0,0,0,|B=none;M=20,20,20,20,|T=0,0,0,0,|B=2,15,1,50;;M=20,20,20,20,|T=0,0,0,0,|B=1,15,1,50;;M=20,20,20,20,|T=0,0,0,0,|B=3,15,1,50;;M=20,20,20,20,|T=0,0,0,0,|B=1,15,1,50;3,15,1,50;;M=20,20,20,20,|T=0,0,0,0,|B=1,15,1,50;2,15,1,50;3,15,1,50;",2,[],G002,"G002",1,UNIQUE_CONFIDENT,single_candidate_with_margin,1,1,0,3.21759415313977,3.59514840263963,0,0.001081
4,asynchronous,J_frozen_6,G002,"M=20,20,20,20,|T=0,0,0,0,|B=2,15,1,50;",1,1,1,5,1160200001,2160200001,1120004002,6,6,"G001,G002,G003,MIRROR_M3,ADD_M1_M3,EXT_111","M=20,20,20,20,|T=0,0,0,0,|B=none;M=20,20,20,20,|T=0,0,0,0,|B=2,15,1,50;;M=20,20,20,20,|T=0,0,0,0,|B=1,15,1,50;;M=20,20,20,20,|T=0,0,0,0,|B=3,15,1,50;;M=20,20,20,20,|T=0,0,0,0,|B=1,15,1,50;3,15,1,50;;M=20,20,20,20,|T=0,0,0,0,|B=1,15,1,50;2,15,1,50;3,15,1,50;",2,[],G002,"G002",1,UNIQUE_CONFIDENT,single_candidate_with_margin,1,1,0,3.21759415313977,3.59514840263963,0,0.000802
4,asynchronous,B_ideal_ci,G002,"M=20,20,20,20,|T=0,0,0,0,|B=2,15,1,50;",1,1,1,5,1160200001,2160200001,1120004002,1,3,"G002","M=20,20,20,20,|T=0,0,0,0,|B=2,15,1,50;",1,[Inf;0.00894427191;Inf;0;Inf;Inf;Inf;Inf;0.0105830052443;Inf;Inf;Inf;Inf;Inf;Inf;Inf;Inf],G002,"G002",1,LOW_CONFIDENCE,insufficient_unique_margin,1,0,0,3.86996653244341,1.85849203533895,0,0.000682
4,asynchronous,C_estimated_ci,G002,"M=20,20,20,20,|T=0,0,0,0,|B=2,15,1,50;",1,1,1,5,1160200001,2160200001,1120004002,3,3,"G002,MIRROR_M3,G003","M=20,20,20,20,|T=0,0,0,0,|B=2,15,1,50;;M=20,20,20,20,|T=0,0,0,0,|B=3,15,1,50;;M=20,20,20,20,|T=0,0,0,0,|B=1,15,1,50;",1,[Inf;0.00896460148907;Inf;0.000202366256716;Inf;Inf;Inf;Inf;0.0105502294294;Inf;Inf;Inf;Inf;Inf;Inf;Inf;Inf],G002,"G002",1,LOW_CONFIDENCE,insufficient_unique_margin,1,0,0,3.86996653244341,1.85849203533895,0.001407,0.001132
4,asynchronous,D_count_matched,G002,"M=20,20,20,20,|T=0,0,0,0,|B=2,15,1,50;",1,1,1,5,1160200001,2160200001,1120004002,3,3,"MIRROR_M3,G002,G003","M=20,20,20,20,|T=0,0,0,0,|B=3,15,1,50;;M=20,20,20,20,|T=0,0,0,0,|B=2,15,1,50;;M=20,20,20,20,|T=0,0,0,0,|B=1,15,1,50;",1,[],G002,"G002",1,LOW_CONFIDENCE,insufficient_unique_margin,1,0,0,3.86996653244341,1.85849203533895,0,0.000871
4,high_noise,A_D_samecal_3,G002,"M=20,20,20,20,|T=0,0,0,0,|B=2,15,1,50;",1,1,1,5,1160200001,2160200001,1120004003,3,3,"G001,G002,G003","M=20,20,20,20,|T=0,0,0,0,|B=none;M=20,20,20,20,|T=0,0,0,0,|B=2,15,1,50;;M=20,20,20,20,|T=0,0,0,0,|B=1,15,1,50;",2,[],G002,"G002",1,UNIQUE_CONFIDENT,single_candidate_with_margin,1,1,0,2.87544858633221,3.31998817925413,0,0.000763
4,high_noise,A_D_samecal_6,G002,"M=20,20,20,20,|T=0,0,0,0,|B=2,15,1,50;",1,1,1,5,1160200001,2160200001,1120004003,6,6,"G001,G002,G003,MIRROR_M3,ADD_M1_M3,EXT_111","M=20,20,20,20,|T=0,0,0,0,|B=none;M=20,20,20,20,|T=0,0,0,0,|B=2,15,1,50;;M=20,20,20,20,|T=0,0,0,0,|B=1,15,1,50;;M=20,20,20,20,|T=0,0,0,0,|B=3,15,1,50;;M=20,20,20,20,|T=0,0,0,0,|B=1,15,1,50;3,15,1,50;;M=20,20,20,20,|T=0,0,0,0,|B=1,15,1,50;2,15,1,50;3,15,1,50;",2,[],G002,"G002",1,UNIQUE_CONFIDENT,single_candidate_with_margin,1,1,0,3.21759415313977,3.59514840263963,0,0.000692
4,high_noise,J_frozen_6,G002,"M=20,20,20,20,|T=0,0,0,0,|B=2,15,1,50;",1,1,1,5,1160200001,2160200001,1120004003,6,6,"G001,G002,G003,MIRROR_M3,ADD_M1_M3,EXT_111","M=20,20,20,20,|T=0,0,0,0,|B=none;M=20,20,20,20,|T=0,0,0,0,|B=2,15,1,50;;M=20,20,20,20,|T=0,0,0,0,|B=1,15,1,50;;M=20,20,20,20,|T=0,0,0,0,|B=3,15,1,50;;M=20,20,20,20,|T=0,0,0,0,|B=1,15,1,50;3,15,1,50;;M=20,20,20,20,|T=0,0,0,0,|B=1,15,1,50;2,15,1,50;3,15,1,50;",2,[],G002,"G002",1,UNIQUE_CONFIDENT,single_candidate_with_margin,1,1,0,3.21759415313977,3.59514840263963,0,0.001071
4,high_noise,B_ideal_ci,G002,"M=20,20,20,20,|T=0,0,0,0,|B=2,15,1,50;",1,1,1,5,1160200001,2160200001,1120004003,1,3,"G002","M=20,20,20,20,|T=0,0,0,0,|B=2,15,1,50;",1,[Inf;0.00894427191;Inf;0;Inf;Inf;Inf;Inf;0.0105830052443;Inf;Inf;Inf;Inf;Inf;Inf;Inf;Inf],G002,"G002",1,LOW_CONFIDENCE,insufficient_unique_margin,1,0,0,3.86996653244341,1.85849203533895,0,0.001146
4,high_noise,C_estimated_ci,G002,"M=20,20,20,20,|T=0,0,0,0,|B=2,15,1,50;",1,1,1,5,1160200001,2160200001,1120004003,3,3,"G002,MIRROR_M3,G003","M=20,20,20,20,|T=0,0,0,0,|B=2,15,1,50;;M=20,20,20,20,|T=0,0,0,0,|B=3,15,1,50;;M=20,20,20,20,|T=0,0,0,0,|B=1,15,1,50;",1,[Inf;0.0119832830434;Inf;0.00792811498657;Inf;Inf;Inf;Inf;0.0131753343743;Inf;Inf;Inf;Inf;Inf;Inf;Inf;Inf],G002,"G002",1,LOW_CONFIDENCE,insufficient_unique_margin,1,0,0,3.86996653244341,1.85849203533895,0.001788,0.000461
4,high_noise,D_count_matched,G002,"M=20,20,20,20,|T=0,0,0,0,|B=2,15,1,50;",1,1,1,5,1160200001,2160200001,1120004003,3,3,"G003,MIRROR_M3,G002","M=20,20,20,20,|T=0,0,0,0,|B=1,15,1,50;;M=20,20,20,20,|T=0,0,0,0,|B=3,15,1,50;;M=20,20,20,20,|T=0,0,0,0,|B=2,15,1,50;",1,[],G002,"G002",1,LOW_CONFIDENCE,insufficient_unique_margin,1,0,0,3.86996653244341,1.85849203533895,0,0.000434
5,synchronous,A_D_samecal_3,G002,"M=20,20,20,20,|T=0,0,0,0,|B=2,15,1,50;",1,1,1,5,1160200002,2160200002,1120005001,3,3,"G001,G002,G003","M=20,20,20,20,|T=0,0,0,0,|B=none;M=20,20,20,20,|T=0,0,0,0,|B=2,15,1,50;;M=20,20,20,20,|T=0,0,0,0,|B=1,15,1,50;",2,[],G002,"G002",1,UNIQUE_CONFIDENT,single_candidate_with_margin,1,1,0,2.03713562602024,3.86634023705573,0,0.001168
5,synchronous,A_D_samecal_6,G002,"M=20,20,20,20,|T=0,0,0,0,|B=2,15,1,50;",1,1,1,5,1160200002,2160200002,1120005001,6,6,"G001,G002,G003,MIRROR_M3,ADD_M1_M3,EXT_111","M=20,20,20,20,|T=0,0,0,0,|B=none;M=20,20,20,20,|T=0,0,0,0,|B=2,15,1,50;;M=20,20,20,20,|T=0,0,0,0,|B=1,15,1,50;;M=20,20,20,20,|T=0,0,0,0,|B=3,15,1,50;;M=20,20,20,20,|T=0,0,0,0,|B=1,15,1,50;3,15,1,50;;M=20,20,20,20,|T=0,0,0,0,|B=1,15,1,50;2,15,1,50;3,15,1,50;",2,[],G002,"G002",1,UNIQUE_CONFIDENT,single_candidate_with_margin,1,1,0,2.27781351856325,4.25194702440031,0,0.001076
5,synchronous,J_frozen_6,G002,"M=20,20,20,20,|T=0,0,0,0,|B=2,15,1,50;",1,1,1,5,1160200002,2160200002,1120005001,6,6,"G001,G002,G003,MIRROR_M3,ADD_M1_M3,EXT_111","M=20,20,20,20,|T=0,0,0,0,|B=none;M=20,20,20,20,|T=0,0,0,0,|B=2,15,1,50;;M=20,20,20,20,|T=0,0,0,0,|B=1,15,1,50;;M=20,20,20,20,|T=0,0,0,0,|B=3,15,1,50;;M=20,20,20,20,|T=0,0,0,0,|B=1,15,1,50;3,15,1,50;;M=20,20,20,20,|T=0,0,0,0,|B=1,15,1,50;2,15,1,50;3,15,1,50;",2,[],G002,"G002",1,UNIQUE_CONFIDENT,single_candidate_with_margin,1,1,0,2.27781351856325,4.25194702440031,0,0.001569
5,synchronous,B_ideal_ci,G002,"M=20,20,20,20,|T=0,0,0,0,|B=2,15,1,50;",1,1,1,5,1160200002,2160200002,1120005001,1,3,"G002","M=20,20,20,20,|T=0,0,0,0,|B=2,15,1,50;",1,[Inf;0.00894427191;Inf;0;Inf;Inf;Inf;Inf;0.0105830052443;Inf;Inf;Inf;Inf;Inf;Inf;Inf;Inf],G002,"G002",1,LOW_CONFIDENCE,insufficient_unique_margin,1,0,0,2.69218823055455,2.35164891751101,0,0.000641
5,synchronous,C_estimated_ci,G002,"M=20,20,20,20,|T=0,0,0,0,|B=2,15,1,50;",1,1,1,5,1160200002,2160200002,1120005001,3,3,"G002,MIRROR_M3,G003","M=20,20,20,20,|T=0,0,0,0,|B=2,15,1,50;;M=20,20,20,20,|T=0,0,0,0,|B=3,15,1,50;;M=20,20,20,20,|T=0,0,0,0,|B=1,15,1,50;",1,[Inf;0.00890816692544;Inf;0.000216108465062;Inf;Inf;Inf;Inf;0.0106098376772;Inf;Inf;Inf;Inf;Inf;Inf;Inf;Inf],G002,"G002,MIRROR_M3,G003",3,MULTIPLE_AMBIGUOUS,multiple_candidates,1,0,0,2.69218823055455,2.35164891751101,0.001082,0.001621
5,synchronous,D_count_matched,G002,"M=20,20,20,20,|T=0,0,0,0,|B=2,15,1,50;",1,1,1,5,1160200002,2160200002,1120005001,3,3,"MIRROR_M3,G003,G002","M=20,20,20,20,|T=0,0,0,0,|B=3,15,1,50;;M=20,20,20,20,|T=0,0,0,0,|B=1,15,1,50;;M=20,20,20,20,|T=0,0,0,0,|B=2,15,1,50;",1,[],G002,"MIRROR_M3,G003,G002",3,MULTIPLE_AMBIGUOUS,multiple_candidates,1,0,0,2.69218823055455,2.35164891751101,0,0.000725
5,asynchronous,A_D_samecal_3,G002,"M=20,20,20,20,|T=0,0,0,0,|B=2,15,1,50;",1,1,1,5,1160200002,2160200002,1120005002,3,3,"G001,G002,G003","M=20,20,20,20,|T=0,0,0,0,|B=none;M=20,20,20,20,|T=0,0,0,0,|B=2,15,1,50;;M=20,20,20,20,|T=0,0,0,0,|B=1,15,1,50;",2,[],G002,"G002",1,UNIQUE_CONFIDENT,single_candidate_with_margin,1,1,0,2.03713562602024,3.86634023705573,0,0.000863
5,asynchronous,A_D_samecal_6,G002,"M=20,20,20,20,|T=0,0,0,0,|B=2,15,1,50;",1,1,1,5,1160200002,2160200002,1120005002,6,6,"G001,G002,G003,MIRROR_M3,ADD_M1_M3,EXT_111","M=20,20,20,20,|T=0,0,0,0,|B=none;M=20,20,20,20,|T=0,0,0,0,|B=2,15,1,50;;M=20,20,20,20,|T=0,0,0,0,|B=1,15,1,50;;M=20,20,20,20,|T=0,0,0,0,|B=3,15,1,50;;M=20,20,20,20,|T=0,0,0,0,|B=1,15,1,50;3,15,1,50;;M=20,20,20,20,|T=0,0,0,0,|B=1,15,1,50;2,15,1,50;3,15,1,50;",2,[],G002,"G002",1,UNIQUE_CONFIDENT,single_candidate_with_margin,1,1,0,2.27781351856325,4.25194702440031,0,0.001415
5,asynchronous,J_frozen_6,G002,"M=20,20,20,20,|T=0,0,0,0,|B=2,15,1,50;",1,1,1,5,1160200002,2160200002,1120005002,6,6,"G001,G002,G003,MIRROR_M3,ADD_M1_M3,EXT_111","M=20,20,20,20,|T=0,0,0,0,|B=none;M=20,20,20,20,|T=0,0,0,0,|B=2,15,1,50;;M=20,20,20,20,|T=0,0,0,0,|B=1,15,1,50;;M=20,20,20,20,|T=0,0,0,0,|B=3,15,1,50;;M=20,20,20,20,|T=0,0,0,0,|B=1,15,1,50;3,15,1,50;;M=20,20,20,20,|T=0,0,0,0,|B=1,15,1,50;2,15,1,50;3,15,1,50;",2,[],G002,"G002",1,UNIQUE_CONFIDENT,single_candidate_with_margin,1,1,0,2.27781351856325,4.25194702440031,0,0.001226
5,asynchronous,B_ideal_ci,G002,"M=20,20,20,20,|T=0,0,0,0,|B=2,15,1,50;",1,1,1,5,1160200002,2160200002,1120005002,1,3,"G002","M=20,20,20,20,|T=0,0,0,0,|B=2,15,1,50;",1,[Inf;0.00894427191;Inf;0;Inf;Inf;Inf;Inf;0.0105830052443;Inf;Inf;Inf;Inf;Inf;Inf;Inf;Inf],G002,"G002",1,LOW_CONFIDENCE,insufficient_unique_margin,1,0,0,2.69218823055455,2.35164891751101,0,0.000405
5,asynchronous,C_estimated_ci,G002,"M=20,20,20,20,|T=0,0,0,0,|B=2,15,1,50;",1,1,1,5,1160200002,2160200002,1120005002,3,3,"G003,G002,MIRROR_M3","M=20,20,20,20,|T=0,0,0,0,|B=1,15,1,50;;M=20,20,20,20,|T=0,0,0,0,|B=2,15,1,50;;M=20,20,20,20,|T=0,0,0,0,|B=3,15,1,50;",2,[Inf;0.0236841688174;Inf;0.0159375306173;Inf;Inf;Inf;Inf;0.0109254452922;Inf;Inf;Inf;Inf;Inf;Inf;Inf;Inf],G002,"G003,G002,MIRROR_M3",3,MULTIPLE_AMBIGUOUS,multiple_candidates,1,0,0,2.69218823055455,2.35164891751101,0.001216,0.000357
5,asynchronous,D_count_matched,G002,"M=20,20,20,20,|T=0,0,0,0,|B=2,15,1,50;",1,1,1,5,1160200002,2160200002,1120005002,3,3,"MIRROR_M3,G002,G003","M=20,20,20,20,|T=0,0,0,0,|B=3,15,1,50;;M=20,20,20,20,|T=0,0,0,0,|B=2,15,1,50;;M=20,20,20,20,|T=0,0,0,0,|B=1,15,1,50;",2,[],G002,"MIRROR_M3,G002,G003",3,MULTIPLE_AMBIGUOUS,multiple_candidates,1,0,0,2.69218823055455,2.35164891751101,0,0.000263
5,high_noise,A_D_samecal_3,G002,"M=20,20,20,20,|T=0,0,0,0,|B=2,15,1,50;",1,1,1,5,1160200002,2160200002,1120005003,3,3,"G001,G002,G003","M=20,20,20,20,|T=0,0,0,0,|B=none;M=20,20,20,20,|T=0,0,0,0,|B=2,15,1,50;;M=20,20,20,20,|T=0,0,0,0,|B=1,15,1,50;",2,[],G002,"G002",1,UNIQUE_CONFIDENT,single_candidate_with_margin,1,1,0,2.03713562602024,3.86634023705573,0,0.000912
5,high_noise,A_D_samecal_6,G002,"M=20,20,20,20,|T=0,0,0,0,|B=2,15,1,50;",1,1,1,5,1160200002,2160200002,1120005003,6,6,"G001,G002,G003,MIRROR_M3,ADD_M1_M3,EXT_111","M=20,20,20,20,|T=0,0,0,0,|B=none;M=20,20,20,20,|T=0,0,0,0,|B=2,15,1,50;;M=20,20,20,20,|T=0,0,0,0,|B=1,15,1,50;;M=20,20,20,20,|T=0,0,0,0,|B=3,15,1,50;;M=20,20,20,20,|T=0,0,0,0,|B=1,15,1,50;3,15,1,50;;M=20,20,20,20,|T=0,0,0,0,|B=1,15,1,50;2,15,1,50;3,15,1,50;",2,[],G002,"G002",1,UNIQUE_CONFIDENT,single_candidate_with_margin,1,1,0,2.27781351856325,4.25194702440031,0,0.001491
5,high_noise,J_frozen_6,G002,"M=20,20,20,20,|T=0,0,0,0,|B=2,15,1,50;",1,1,1,5,1160200002,2160200002,1120005003,6,6,"G001,G002,G003,MIRROR_M3,ADD_M1_M3,EXT_111","M=20,20,20,20,|T=0,0,0,0,|B=none;M=20,20,20,20,|T=0,0,0,0,|B=2,15,1,50;;M=20,20,20,20,|T=0,0,0,0,|B=1,15,1,50;;M=20,20,20,20,|T=0,0,0,0,|B=3,15,1,50;;M=20,20,20,20,|T=0,0,0,0,|B=1,15,1,50;3,15,1,50;;M=20,20,20,20,|T=0,0,0,0,|B=1,15,1,50;2,15,1,50;3,15,1,50;",2,[],G002,"G002",1,UNIQUE_CONFIDENT,single_candidate_with_margin,1,1,0,2.27781351856325,4.25194702440031,0,0.00173
5,high_noise,B_ideal_ci,G002,"M=20,20,20,20,|T=0,0,0,0,|B=2,15,1,50;",1,1,1,5,1160200002,2160200002,1120005003,1,3,"G002","M=20,20,20,20,|T=0,0,0,0,|B=2,15,1,50;",1,[Inf;0.00894427191;Inf;0;Inf;Inf;Inf;Inf;0.0105830052443;Inf;Inf;Inf;Inf;Inf;Inf;Inf;Inf],G002,"G002",1,LOW_CONFIDENCE,insufficient_unique_margin,1,0,0,2.69218823055455,2.35164891751101,0,0.000955
5,high_noise,C_estimated_ci,G002,"M=20,20,20,20,|T=0,0,0,0,|B=2,15,1,50;",1,1,1,5,1160200002,2160200002,1120005003,3,3,"G002,G003,MIRROR_M3","M=20,20,20,20,|T=0,0,0,0,|B=2,15,1,50;;M=20,20,20,20,|T=0,0,0,0,|B=1,15,1,50;;M=20,20,20,20,|T=0,0,0,0,|B=3,15,1,50;",1,[Inf;0.0238379451112;Inf;0.0206646154697;Inf;Inf;Inf;Inf;0.0218679033918;Inf;Inf;Inf;Inf;Inf;Inf;Inf;Inf],G002,"G002,G003,MIRROR_M3",3,MULTIPLE_AMBIGUOUS,multiple_candidates,1,0,0,2.69218823055455,2.35164891751101,0.001184,0.000674
5,high_noise,D_count_matched,G002,"M=20,20,20,20,|T=0,0,0,0,|B=2,15,1,50;",1,1,1,5,1160200002,2160200002,1120005003,3,3,"G002,G003,MIRROR_M3","M=20,20,20,20,|T=0,0,0,0,|B=2,15,1,50;;M=20,20,20,20,|T=0,0,0,0,|B=1,15,1,50;;M=20,20,20,20,|T=0,0,0,0,|B=3,15,1,50;",1,[],G002,"G002,G003,MIRROR_M3",3,MULTIPLE_AMBIGUOUS,multiple_candidates,1,0,0,2.69218823055455,2.35164891751101,0,0.000304
6,synchronous,A_D_samecal_3,G002,"M=20,20,20,20,|T=0,0,0,0,|B=2,15,1,50;",1,1,1,5,1160200003,2160200003,1120006001,3,3,"G001,G002,G003","M=20,20,20,20,|T=0,0,0,0,|B=none;M=20,20,20,20,|T=0,0,0,0,|B=2,15,1,50;;M=20,20,20,20,|T=0,0,0,0,|B=1,15,1,50;",2,[],G002,"G002",1,UNIQUE_CONFIDENT,single_candidate_with_margin,1,1,0,2.74799346885746,3.52347961070205,0,0.000929
6,synchronous,A_D_samecal_6,G002,"M=20,20,20,20,|T=0,0,0,0,|B=2,15,1,50;",1,1,1,5,1160200003,2160200003,1120006001,6,6,"G001,G002,G003,MIRROR_M3,ADD_M1_M3,EXT_111","M=20,20,20,20,|T=0,0,0,0,|B=none;M=20,20,20,20,|T=0,0,0,0,|B=2,15,1,50;;M=20,20,20,20,|T=0,0,0,0,|B=1,15,1,50;;M=20,20,20,20,|T=0,0,0,0,|B=3,15,1,50;;M=20,20,20,20,|T=0,0,0,0,|B=1,15,1,50;3,15,1,50;;M=20,20,20,20,|T=0,0,0,0,|B=1,15,1,50;2,15,1,50;3,15,1,50;",2,[],G002,"G002",1,UNIQUE_CONFIDENT,single_candidate_with_margin,1,1,0,3.07523487297644,3.81958123151312,0,0.000955
6,synchronous,J_frozen_6,G002,"M=20,20,20,20,|T=0,0,0,0,|B=2,15,1,50;",1,1,1,5,1160200003,2160200003,1120006001,6,6,"G001,G002,G003,MIRROR_M3,ADD_M1_M3,EXT_111","M=20,20,20,20,|T=0,0,0,0,|B=none;M=20,20,20,20,|T=0,0,0,0,|B=2,15,1,50;;M=20,20,20,20,|T=0,0,0,0,|B=1,15,1,50;;M=20,20,20,20,|T=0,0,0,0,|B=3,15,1,50;;M=20,20,20,20,|T=0,0,0,0,|B=1,15,1,50;3,15,1,50;;M=20,20,20,20,|T=0,0,0,0,|B=1,15,1,50;2,15,1,50;3,15,1,50;",2,[],G002,"G002",1,UNIQUE_CONFIDENT,single_candidate_with_margin,1,1,0,3.07523487297644,3.81958123151312,0,0.001025
6,synchronous,B_ideal_ci,G002,"M=20,20,20,20,|T=0,0,0,0,|B=2,15,1,50;",1,1,1,5,1160200003,2160200003,1120006001,1,3,"G002","M=20,20,20,20,|T=0,0,0,0,|B=2,15,1,50;",1,[Inf;0.00894427191;Inf;0;Inf;Inf;Inf;Inf;0.0105830052443;Inf;Inf;Inf;Inf;Inf;Inf;Inf;Inf],G002,"G002",1,LOW_CONFIDENCE,insufficient_unique_margin,1,0,0,3.49161058126354,1.92572089396919,0,0.000574
6,synchronous,C_estimated_ci,G002,"M=20,20,20,20,|T=0,0,0,0,|B=2,15,1,50;",1,1,1,5,1160200003,2160200003,1120006001,3,3,"G002,MIRROR_M3,G003","M=20,20,20,20,|T=0,0,0,0,|B=2,15,1,50;;M=20,20,20,20,|T=0,0,0,0,|B=3,15,1,50;;M=20,20,20,20,|T=0,0,0,0,|B=1,15,1,50;",1,[Inf;0.00890653725372;Inf;0.000166969892836;Inf;Inf;Inf;Inf;0.0105923272359;Inf;Inf;Inf;Inf;Inf;Inf;Inf;Inf],G002,"G002,MIRROR_M3,G003",3,MULTIPLE_AMBIGUOUS,multiple_candidates,1,0,0,3.49161058126354,1.92572089396919,0.001338,0.000549
6,synchronous,D_count_matched,G002,"M=20,20,20,20,|T=0,0,0,0,|B=2,15,1,50;",1,1,1,5,1160200003,2160200003,1120006001,3,3,"G003,MIRROR_M3,G002","M=20,20,20,20,|T=0,0,0,0,|B=1,15,1,50;;M=20,20,20,20,|T=0,0,0,0,|B=3,15,1,50;;M=20,20,20,20,|T=0,0,0,0,|B=2,15,1,50;",1,[],G002,"G003,MIRROR_M3,G002",3,MULTIPLE_AMBIGUOUS,multiple_candidates,1,0,0,3.49161058126354,1.92572089396919,0,0.000342
6,asynchronous,A_D_samecal_3,G002,"M=20,20,20,20,|T=0,0,0,0,|B=2,15,1,50;",1,1,1,5,1160200003,2160200003,1120006002,3,3,"G001,G002,G003","M=20,20,20,20,|T=0,0,0,0,|B=none;M=20,20,20,20,|T=0,0,0,0,|B=2,15,1,50;;M=20,20,20,20,|T=0,0,0,0,|B=1,15,1,50;",2,[],G002,"G002",1,UNIQUE_CONFIDENT,single_candidate_with_margin,1,1,0,2.74799346885746,3.52347961070205,0,0.000635
6,asynchronous,A_D_samecal_6,G002,"M=20,20,20,20,|T=0,0,0,0,|B=2,15,1,50;",1,1,1,5,1160200003,2160200003,1120006002,6,6,"G001,G002,G003,MIRROR_M3,ADD_M1_M3,EXT_111","M=20,20,20,20,|T=0,0,0,0,|B=none;M=20,20,20,20,|T=0,0,0,0,|B=2,15,1,50;;M=20,20,20,20,|T=0,0,0,0,|B=1,15,1,50;;M=20,20,20,20,|T=0,0,0,0,|B=3,15,1,50;;M=20,20,20,20,|T=0,0,0,0,|B=1,15,1,50;3,15,1,50;;M=20,20,20,20,|T=0,0,0,0,|B=1,15,1,50;2,15,1,50;3,15,1,50;",2,[],G002,"G002",1,UNIQUE_CONFIDENT,single_candidate_with_margin,1,1,0,3.07523487297644,3.81958123151312,0,0.001
6,asynchronous,J_frozen_6,G002,"M=20,20,20,20,|T=0,0,0,0,|B=2,15,1,50;",1,1,1,5,1160200003,2160200003,1120006002,6,6,"G001,G002,G003,MIRROR_M3,ADD_M1_M3,EXT_111","M=20,20,20,20,|T=0,0,0,0,|B=none;M=20,20,20,20,|T=0,0,0,0,|B=2,15,1,50;;M=20,20,20,20,|T=0,0,0,0,|B=1,15,1,50;;M=20,20,20,20,|T=0,0,0,0,|B=3,15,1,50;;M=20,20,20,20,|T=0,0,0,0,|B=1,15,1,50;3,15,1,50;;M=20,20,20,20,|T=0,0,0,0,|B=1,15,1,50;2,15,1,50;3,15,1,50;",2,[],G002,"G002",1,UNIQUE_CONFIDENT,single_candidate_with_margin,1,1,0,3.07523487297644,3.81958123151312,0,0.000917
6,asynchronous,B_ideal_ci,G002,"M=20,20,20,20,|T=0,0,0,0,|B=2,15,1,50;",1,1,1,5,1160200003,2160200003,1120006002,1,3,"G002","M=20,20,20,20,|T=0,0,0,0,|B=2,15,1,50;",1,[Inf;0.00894427191;Inf;0;Inf;Inf;Inf;Inf;0.0105830052443;Inf;Inf;Inf;Inf;Inf;Inf;Inf;Inf],G002,"G002",1,LOW_CONFIDENCE,insufficient_unique_margin,1,0,0,3.49161058126354,1.92572089396919,0,0.000756
6,asynchronous,C_estimated_ci,G002,"M=20,20,20,20,|T=0,0,0,0,|B=2,15,1,50;",1,1,1,5,1160200003,2160200003,1120006002,2,3,"G002,G003","M=20,20,20,20,|T=0,0,0,0,|B=2,15,1,50;;M=20,20,20,20,|T=0,0,0,0,|B=1,15,1,50;",1,[Inf;0.0318206319287;Inf;0.0299237872734;Inf;Inf;Inf;Inf;0.0304775075419;Inf;Inf;Inf;Inf;Inf;Inf;Inf;Inf],G002,"G002,G003",2,MULTIPLE_AMBIGUOUS,multiple_candidates,1,0,0,3.49161058126354,1.92572089396919,0.001818,0.002148
6,asynchronous,D_count_matched,G002,"M=20,20,20,20,|T=0,0,0,0,|B=2,15,1,50;",1,1,1,5,1160200003,2160200003,1120006002,2,3,"G002,G003","M=20,20,20,20,|T=0,0,0,0,|B=2,15,1,50;;M=20,20,20,20,|T=0,0,0,0,|B=1,15,1,50;",1,[],G002,"G002,G003",2,MULTIPLE_AMBIGUOUS,multiple_candidates,1,0,0,3.49161058126354,1.92572089396919,0,0.001156
6,high_noise,A_D_samecal_3,G002,"M=20,20,20,20,|T=0,0,0,0,|B=2,15,1,50;",1,1,1,5,1160200003,2160200003,1120006003,3,3,"G001,G002,G003","M=20,20,20,20,|T=0,0,0,0,|B=none;M=20,20,20,20,|T=0,0,0,0,|B=2,15,1,50;;M=20,20,20,20,|T=0,0,0,0,|B=1,15,1,50;",2,[],G002,"G002",1,UNIQUE_CONFIDENT,single_candidate_with_margin,1,1,0,2.74799346885746,3.52347961070205,0,0.000785
6,high_noise,A_D_samecal_6,G002,"M=20,20,20,20,|T=0,0,0,0,|B=2,15,1,50;",1,1,1,5,1160200003,2160200003,1120006003,6,6,"G001,G002,G003,MIRROR_M3,ADD_M1_M3,EXT_111","M=20,20,20,20,|T=0,0,0,0,|B=none;M=20,20,20,20,|T=0,0,0,0,|B=2,15,1,50;;M=20,20,20,20,|T=0,0,0,0,|B=1,15,1,50;;M=20,20,20,20,|T=0,0,0,0,|B=3,15,1,50;;M=20,20,20,20,|T=0,0,0,0,|B=1,15,1,50;3,15,1,50;;M=20,20,20,20,|T=0,0,0,0,|B=1,15,1,50;2,15,1,50;3,15,1,50;",2,[],G002,"G002",1,UNIQUE_CONFIDENT,single_candidate_with_margin,1,1,0,3.07523487297644,3.81958123151312,0,0.001372
6,high_noise,J_frozen_6,G002,"M=20,20,20,20,|T=0,0,0,0,|B=2,15,1,50;",1,1,1,5,1160200003,2160200003,1120006003,6,6,"G001,G002,G003,MIRROR_M3,ADD_M1_M3,EXT_111","M=20,20,20,20,|T=0,0,0,0,|B=none;M=20,20,20,20,|T=0,0,0,0,|B=2,15,1,50;;M=20,20,20,20,|T=0,0,0,0,|B=1,15,1,50;;M=20,20,20,20,|T=0,0,0,0,|B=3,15,1,50;;M=20,20,20,20,|T=0,0,0,0,|B=1,15,1,50;3,15,1,50;;M=20,20,20,20,|T=0,0,0,0,|B=1,15,1,50;2,15,1,50;3,15,1,50;",2,[],G002,"G002",1,UNIQUE_CONFIDENT,single_candidate_with_margin,1,1,0,3.07523487297644,3.81958123151312,0,0.001162
6,high_noise,B_ideal_ci,G002,"M=20,20,20,20,|T=0,0,0,0,|B=2,15,1,50;",1,1,1,5,1160200003,2160200003,1120006003,1,3,"G002","M=20,20,20,20,|T=0,0,0,0,|B=2,15,1,50;",1,[Inf;0.00894427191;Inf;0;Inf;Inf;Inf;Inf;0.0105830052443;Inf;Inf;Inf;Inf;Inf;Inf;Inf;Inf],G002,"G002",1,LOW_CONFIDENCE,insufficient_unique_margin,1,0,0,3.49161058126354,1.92572089396919,0,0.000885
6,high_noise,C_estimated_ci,G002,"M=20,20,20,20,|T=0,0,0,0,|B=2,15,1,50;",1,1,1,5,1160200003,2160200003,1120006003,3,3,"G002,G003,MIRROR_M3","M=20,20,20,20,|T=0,0,0,0,|B=2,15,1,50;;M=20,20,20,20,|T=0,0,0,0,|B=1,15,1,50;;M=20,20,20,20,|T=0,0,0,0,|B=3,15,1,50;",1,[Inf;0.0156551147032;Inf;0.0126900932069;Inf;Inf;Inf;Inf;0.0136258053623;Inf;Inf;Inf;Inf;Inf;Inf;Inf;Inf],G002,"G002,G003,MIRROR_M3",3,MULTIPLE_AMBIGUOUS,multiple_candidates,1,0,0,3.49161058126354,1.92572089396919,0.001139,0.000635
6,high_noise,D_count_matched,G002,"M=20,20,20,20,|T=0,0,0,0,|B=2,15,1,50;",1,1,1,5,1160200003,2160200003,1120006003,3,3,"G003,MIRROR_M3,G002","M=20,20,20,20,|T=0,0,0,0,|B=1,15,1,50;;M=20,20,20,20,|T=0,0,0,0,|B=3,15,1,50;;M=20,20,20,20,|T=0,0,0,0,|B=2,15,1,50;",1,[],G002,"G003,MIRROR_M3,G002",3,MULTIPLE_AMBIGUOUS,multiple_candidates,1,0,0,3.49161058126354,1.92572089396919,0,0.000283
7,synchronous,A_D_samecal_3,G003,"M=20,20,20,20,|T=0,0,0,0,|B=1,15,1,50;",1,1,1,5,1160300001,2160300001,1120007001,3,3,"G001,G002,G003","M=20,20,20,20,|T=0,0,0,0,|B=none;M=20,20,20,20,|T=0,0,0,0,|B=2,15,1,50;;M=20,20,20,20,|T=0,0,0,0,|B=1,15,1,50;",3,[],G001,"",0,REJECTED,empty_first_set,0,0,0,Inf,NaN,0,0.004458
7,synchronous,A_D_samecal_6,G003,"M=20,20,20,20,|T=0,0,0,0,|B=1,15,1,50;",1,1,1,5,1160300001,2160300001,1120007001,6,6,"G001,G002,G003,MIRROR_M3,ADD_M1_M3,EXT_111","M=20,20,20,20,|T=0,0,0,0,|B=none;M=20,20,20,20,|T=0,0,0,0,|B=2,15,1,50;;M=20,20,20,20,|T=0,0,0,0,|B=1,15,1,50;;M=20,20,20,20,|T=0,0,0,0,|B=3,15,1,50;;M=20,20,20,20,|T=0,0,0,0,|B=1,15,1,50;3,15,1,50;;M=20,20,20,20,|T=0,0,0,0,|B=1,15,1,50;2,15,1,50;3,15,1,50;",3,[],G003,"",0,REJECTED,empty_candidate_set,0,0,0,3.37127671329363,1.42129007288151,0,0.001419
7,synchronous,J_frozen_6,G003,"M=20,20,20,20,|T=0,0,0,0,|B=1,15,1,50;",1,1,1,5,1160300001,2160300001,1120007001,6,6,"G001,G002,G003,MIRROR_M3,ADD_M1_M3,EXT_111","M=20,20,20,20,|T=0,0,0,0,|B=none;M=20,20,20,20,|T=0,0,0,0,|B=2,15,1,50;;M=20,20,20,20,|T=0,0,0,0,|B=1,15,1,50;;M=20,20,20,20,|T=0,0,0,0,|B=3,15,1,50;;M=20,20,20,20,|T=0,0,0,0,|B=1,15,1,50;3,15,1,50;;M=20,20,20,20,|T=0,0,0,0,|B=1,15,1,50;2,15,1,50;3,15,1,50;",3,[],G003,"",0,REJECTED,empty_candidate_set,0,0,0,3.9438637621517,0.0232852200324967,0,0.005547
7,synchronous,B_ideal_ci,G003,"M=20,20,20,20,|T=0,0,0,0,|B=1,15,1,50;",1,1,1,5,1160300001,2160300001,1120007001,1,3,"G003","M=20,20,20,20,|T=0,0,0,0,|B=1,15,1,50;",1,[Inf;0.0187616630393;Inf;0.0105830052443;Inf;Inf;Inf;Inf;0;Inf;Inf;Inf;Inf;Inf;Inf;Inf;Inf],G003,"G003",1,LOW_CONFIDENCE,insufficient_unique_margin,1,0,0,3.93571086853579,8.88178419700125e-16,0,0.000592
7,synchronous,C_estimated_ci,G003,"M=20,20,20,20,|T=0,0,0,0,|B=1,15,1,50;",1,1,1,5,1160300001,2160300001,1120007001,3,3,"G003,G002,MIRROR_M3","M=20,20,20,20,|T=0,0,0,0,|B=1,15,1,50;;M=20,20,20,20,|T=0,0,0,0,|B=2,15,1,50;;M=20,20,20,20,|T=0,0,0,0,|B=3,15,1,50;",1,[Inf;0.0186828299036;Inf;0.0105091687158;Inf;Inf;Inf;Inf;0.0001613851434;Inf;Inf;Inf;Inf;Inf;Inf;Inf;Inf],G003,"G003,MIRROR_M3",2,MULTIPLE_AMBIGUOUS,multiple_candidates,1,0,0,3.93571086853579,8.88178419700125e-16,0.001138,0.000396
7,synchronous,D_count_matched,G003,"M=20,20,20,20,|T=0,0,0,0,|B=1,15,1,50;",1,1,1,5,1160300001,2160300001,1120007001,3,3,"G003,MIRROR_M3,G002","M=20,20,20,20,|T=0,0,0,0,|B=1,15,1,50;;M=20,20,20,20,|T=0,0,0,0,|B=3,15,1,50;;M=20,20,20,20,|T=0,0,0,0,|B=2,15,1,50;",1,[],G003,"G003,MIRROR_M3",2,MULTIPLE_AMBIGUOUS,multiple_candidates,1,0,0,3.93571086853579,8.88178419700125e-16,0,0.000295
7,asynchronous,A_D_samecal_3,G003,"M=20,20,20,20,|T=0,0,0,0,|B=1,15,1,50;",1,1,1,5,1160300001,2160300001,1120007002,3,3,"G001,G002,G003","M=20,20,20,20,|T=0,0,0,0,|B=none;M=20,20,20,20,|T=0,0,0,0,|B=2,15,1,50;;M=20,20,20,20,|T=0,0,0,0,|B=1,15,1,50;",3,[],G001,"",0,REJECTED,empty_first_set,0,0,0,Inf,NaN,0,0.00106
7,asynchronous,A_D_samecal_6,G003,"M=20,20,20,20,|T=0,0,0,0,|B=1,15,1,50;",1,1,1,5,1160300001,2160300001,1120007002,6,6,"G001,G002,G003,MIRROR_M3,ADD_M1_M3,EXT_111","M=20,20,20,20,|T=0,0,0,0,|B=none;M=20,20,20,20,|T=0,0,0,0,|B=2,15,1,50;;M=20,20,20,20,|T=0,0,0,0,|B=1,15,1,50;;M=20,20,20,20,|T=0,0,0,0,|B=3,15,1,50;;M=20,20,20,20,|T=0,0,0,0,|B=1,15,1,50;3,15,1,50;;M=20,20,20,20,|T=0,0,0,0,|B=1,15,1,50;2,15,1,50;3,15,1,50;",3,[],G003,"",0,REJECTED,empty_candidate_set,0,0,0,3.37127671329363,1.42129007288151,0,0.001603
7,asynchronous,J_frozen_6,G003,"M=20,20,20,20,|T=0,0,0,0,|B=1,15,1,50;",1,1,1,5,1160300001,2160300001,1120007002,6,6,"G001,G002,G003,MIRROR_M3,ADD_M1_M3,EXT_111","M=20,20,20,20,|T=0,0,0,0,|B=none;M=20,20,20,20,|T=0,0,0,0,|B=2,15,1,50;;M=20,20,20,20,|T=0,0,0,0,|B=1,15,1,50;;M=20,20,20,20,|T=0,0,0,0,|B=3,15,1,50;;M=20,20,20,20,|T=0,0,0,0,|B=1,15,1,50;3,15,1,50;;M=20,20,20,20,|T=0,0,0,0,|B=1,15,1,50;2,15,1,50;3,15,1,50;",3,[],G003,"",0,REJECTED,empty_candidate_set,0,0,0,3.9438637621517,0.0232852200324967,0,0.002268
7,asynchronous,B_ideal_ci,G003,"M=20,20,20,20,|T=0,0,0,0,|B=1,15,1,50;",1,1,1,5,1160300001,2160300001,1120007002,1,3,"G003","M=20,20,20,20,|T=0,0,0,0,|B=1,15,1,50;",1,[Inf;0.0187616630393;Inf;0.0105830052443;Inf;Inf;Inf;Inf;0;Inf;Inf;Inf;Inf;Inf;Inf;Inf;Inf],G003,"G003",1,LOW_CONFIDENCE,insufficient_unique_margin,1,0,0,3.93571086853579,8.88178419700125e-16,0,0.000501
7,asynchronous,C_estimated_ci,G003,"M=20,20,20,20,|T=0,0,0,0,|B=1,15,1,50;",1,1,1,5,1160300001,2160300001,1120007002,3,3,"G003,G002,MIRROR_M3","M=20,20,20,20,|T=0,0,0,0,|B=1,15,1,50;;M=20,20,20,20,|T=0,0,0,0,|B=2,15,1,50;;M=20,20,20,20,|T=0,0,0,0,|B=3,15,1,50;",1,[Inf;0.0252623881291;Inf;0.0177621481661;Inf;Inf;Inf;Inf;0.0101809293469;Inf;Inf;Inf;Inf;Inf;Inf;Inf;Inf],G003,"G003,MIRROR_M3",2,MULTIPLE_AMBIGUOUS,multiple_candidates,1,0,0,3.93571086853579,8.88178419700125e-16,0.001403,0.000353
7,asynchronous,D_count_matched,G003,"M=20,20,20,20,|T=0,0,0,0,|B=1,15,1,50;",1,1,1,5,1160300001,2160300001,1120007002,3,3,"G003,G002,MIRROR_M3","M=20,20,20,20,|T=0,0,0,0,|B=1,15,1,50;;M=20,20,20,20,|T=0,0,0,0,|B=2,15,1,50;;M=20,20,20,20,|T=0,0,0,0,|B=3,15,1,50;",1,[],G003,"G003,MIRROR_M3",2,MULTIPLE_AMBIGUOUS,multiple_candidates,1,0,0,3.93571086853579,8.88178419700125e-16,0,0.000262
7,high_noise,A_D_samecal_3,G003,"M=20,20,20,20,|T=0,0,0,0,|B=1,15,1,50;",1,1,1,5,1160300001,2160300001,1120007003,3,3,"G001,G002,G003","M=20,20,20,20,|T=0,0,0,0,|B=none;M=20,20,20,20,|T=0,0,0,0,|B=2,15,1,50;;M=20,20,20,20,|T=0,0,0,0,|B=1,15,1,50;",3,[],G001,"",0,REJECTED,empty_first_set,0,0,0,Inf,NaN,0,0.000951
7,high_noise,A_D_samecal_6,G003,"M=20,20,20,20,|T=0,0,0,0,|B=1,15,1,50;",1,1,1,5,1160300001,2160300001,1120007003,6,6,"G001,G002,G003,MIRROR_M3,ADD_M1_M3,EXT_111","M=20,20,20,20,|T=0,0,0,0,|B=none;M=20,20,20,20,|T=0,0,0,0,|B=2,15,1,50;;M=20,20,20,20,|T=0,0,0,0,|B=1,15,1,50;;M=20,20,20,20,|T=0,0,0,0,|B=3,15,1,50;;M=20,20,20,20,|T=0,0,0,0,|B=1,15,1,50;3,15,1,50;;M=20,20,20,20,|T=0,0,0,0,|B=1,15,1,50;2,15,1,50;3,15,1,50;",3,[],G003,"",0,REJECTED,empty_candidate_set,0,0,0,3.37127671329363,1.42129007288151,0,0.001363
7,high_noise,J_frozen_6,G003,"M=20,20,20,20,|T=0,0,0,0,|B=1,15,1,50;",1,1,1,5,1160300001,2160300001,1120007003,6,6,"G001,G002,G003,MIRROR_M3,ADD_M1_M3,EXT_111","M=20,20,20,20,|T=0,0,0,0,|B=none;M=20,20,20,20,|T=0,0,0,0,|B=2,15,1,50;;M=20,20,20,20,|T=0,0,0,0,|B=1,15,1,50;;M=20,20,20,20,|T=0,0,0,0,|B=3,15,1,50;;M=20,20,20,20,|T=0,0,0,0,|B=1,15,1,50;3,15,1,50;;M=20,20,20,20,|T=0,0,0,0,|B=1,15,1,50;2,15,1,50;3,15,1,50;",3,[],G003,"",0,REJECTED,empty_candidate_set,0,0,0,3.9438637621517,0.0232852200324967,0,0.001587
7,high_noise,B_ideal_ci,G003,"M=20,20,20,20,|T=0,0,0,0,|B=1,15,1,50;",1,1,1,5,1160300001,2160300001,1120007003,1,3,"G003","M=20,20,20,20,|T=0,0,0,0,|B=1,15,1,50;",1,[Inf;0.0187616630393;Inf;0.0105830052443;Inf;Inf;Inf;Inf;0;Inf;Inf;Inf;Inf;Inf;Inf;Inf;Inf],G003,"G003",1,LOW_CONFIDENCE,insufficient_unique_margin,1,0,0,3.93571086853579,8.88178419700125e-16,0,0.000543
7,high_noise,C_estimated_ci,G003,"M=20,20,20,20,|T=0,0,0,0,|B=1,15,1,50;",1,1,1,5,1160300001,2160300001,1120007003,3,3,"G003,G002,MIRROR_M3","M=20,20,20,20,|T=0,0,0,0,|B=1,15,1,50;;M=20,20,20,20,|T=0,0,0,0,|B=2,15,1,50;;M=20,20,20,20,|T=0,0,0,0,|B=3,15,1,50;",1,[Inf;0.0187670587175;Inf;0.0105601147712;Inf;Inf;Inf;Inf;0.000332717251179;Inf;Inf;Inf;Inf;Inf;Inf;Inf;Inf],G003,"G003,MIRROR_M3",2,MULTIPLE_AMBIGUOUS,multiple_candidates,1,0,0,3.93571086853579,8.88178419700125e-16,0.001327,0.00039
7,high_noise,D_count_matched,G003,"M=20,20,20,20,|T=0,0,0,0,|B=1,15,1,50;",1,1,1,5,1160300001,2160300001,1120007003,3,3,"MIRROR_M3,G002,G003","M=20,20,20,20,|T=0,0,0,0,|B=3,15,1,50;;M=20,20,20,20,|T=0,0,0,0,|B=2,15,1,50;;M=20,20,20,20,|T=0,0,0,0,|B=1,15,1,50;",1,[],G003,"MIRROR_M3,G003",2,MULTIPLE_AMBIGUOUS,multiple_candidates,1,0,0,3.93571086853579,8.88178419700125e-16,0,0.000283
8,synchronous,A_D_samecal_3,G003,"M=20,20,20,20,|T=0,0,0,0,|B=1,15,1,50;",1,1,1,5,1160300002,2160300002,1120008001,3,3,"G001,G002,G003","M=20,20,20,20,|T=0,0,0,0,|B=none;M=20,20,20,20,|T=0,0,0,0,|B=2,15,1,50;;M=20,20,20,20,|T=0,0,0,0,|B=1,15,1,50;",3,[],G003,"G003",1,UNIQUE_CONFIDENT,single_candidate_with_margin,1,1,0,1.27239194069537,4.56017787103277,0,0.001277
8,synchronous,A_D_samecal_6,G003,"M=20,20,20,20,|T=0,0,0,0,|B=1,15,1,50;",1,1,1,5,1160300002,2160300002,1120008001,6,6,"G001,G002,G003,MIRROR_M3,ADD_M1_M3,EXT_111","M=20,20,20,20,|T=0,0,0,0,|B=none;M=20,20,20,20,|T=0,0,0,0,|B=2,15,1,50;;M=20,20,20,20,|T=0,0,0,0,|B=1,15,1,50;;M=20,20,20,20,|T=0,0,0,0,|B=3,15,1,50;;M=20,20,20,20,|T=0,0,0,0,|B=1,15,1,50;3,15,1,50;;M=20,20,20,20,|T=0,0,0,0,|B=1,15,1,50;2,15,1,50;3,15,1,50;",3,[],G003,"G003",1,LOW_CONFIDENCE,insufficient_unique_margin,1,0,0,1.48832293435268,2.51138747500923,0,0.001844
8,synchronous,J_frozen_6,G003,"M=20,20,20,20,|T=0,0,0,0,|B=1,15,1,50;",1,1,1,5,1160300002,2160300002,1120008001,6,6,"G001,G002,G003,MIRROR_M3,ADD_M1_M3,EXT_111","M=20,20,20,20,|T=0,0,0,0,|B=none;M=20,20,20,20,|T=0,0,0,0,|B=2,15,1,50;;M=20,20,20,20,|T=0,0,0,0,|B=1,15,1,50;;M=20,20,20,20,|T=0,0,0,0,|B=3,15,1,50;;M=20,20,20,20,|T=0,0,0,0,|B=1,15,1,50;3,15,1,50;;M=20,20,20,20,|T=0,0,0,0,|B=1,15,1,50;2,15,1,50;3,15,1,50;",3,[],G003,"G003",1,LOW_CONFIDENCE,insufficient_unique_margin,1,0,0,1.48832293435268,2.51138747500923,0,0.002706
8,synchronous,B_ideal_ci,G003,"M=20,20,20,20,|T=0,0,0,0,|B=1,15,1,50;",1,1,1,5,1160300002,2160300002,1120008001,1,3,"G003","M=20,20,20,20,|T=0,0,0,0,|B=1,15,1,50;",1,[Inf;0.0187616630393;Inf;0.0105830052443;Inf;Inf;Inf;Inf;0;Inf;Inf;Inf;Inf;Inf;Inf;Inf;Inf],G003,"G003",1,LOW_CONFIDENCE,insufficient_unique_margin,1,0,0,1.87917706613288,2.22044604925031e-16,0,0.00057
8,synchronous,C_estimated_ci,G003,"M=20,20,20,20,|T=0,0,0,0,|B=1,15,1,50;",1,1,1,5,1160300002,2160300002,1120008001,3,3,"G003,G002,MIRROR_M3","M=20,20,20,20,|T=0,0,0,0,|B=1,15,1,50;;M=20,20,20,20,|T=0,0,0,0,|B=2,15,1,50;;M=20,20,20,20,|T=0,0,0,0,|B=3,15,1,50;",1,[Inf;0.0187681353711;Inf;0.01060190433;Inf;Inf;Inf;Inf;0.000167044180638;Inf;Inf;Inf;Inf;Inf;Inf;Inf;Inf],G003,"G003,G002,MIRROR_M3",3,MULTIPLE_AMBIGUOUS,multiple_candidates,1,0,0,1.87917706613288,2.22044604925031e-16,0.001201,0.000563
8,synchronous,D_count_matched,G003,"M=20,20,20,20,|T=0,0,0,0,|B=1,15,1,50;",1,1,1,5,1160300002,2160300002,1120008001,3,3,"G003,G002,MIRROR_M3","M=20,20,20,20,|T=0,0,0,0,|B=1,15,1,50;;M=20,20,20,20,|T=0,0,0,0,|B=2,15,1,50;;M=20,20,20,20,|T=0,0,0,0,|B=3,15,1,50;",1,[],G003,"G003,G002,MIRROR_M3",3,MULTIPLE_AMBIGUOUS,multiple_candidates,1,0,0,1.87917706613288,2.22044604925031e-16,0,0.000288
8,asynchronous,A_D_samecal_3,G003,"M=20,20,20,20,|T=0,0,0,0,|B=1,15,1,50;",1,1,1,5,1160300002,2160300002,1120008002,3,3,"G001,G002,G003","M=20,20,20,20,|T=0,0,0,0,|B=none;M=20,20,20,20,|T=0,0,0,0,|B=2,15,1,50;;M=20,20,20,20,|T=0,0,0,0,|B=1,15,1,50;",3,[],G003,"G003",1,UNIQUE_CONFIDENT,single_candidate_with_margin,1,1,0,1.27239194069537,4.56017787103277,0,0.000687
8,asynchronous,A_D_samecal_6,G003,"M=20,20,20,20,|T=0,0,0,0,|B=1,15,1,50;",1,1,1,5,1160300002,2160300002,1120008002,6,6,"G001,G002,G003,MIRROR_M3,ADD_M1_M3,EXT_111","M=20,20,20,20,|T=0,0,0,0,|B=none;M=20,20,20,20,|T=0,0,0,0,|B=2,15,1,50;;M=20,20,20,20,|T=0,0,0,0,|B=1,15,1,50;;M=20,20,20,20,|T=0,0,0,0,|B=3,15,1,50;;M=20,20,20,20,|T=0,0,0,0,|B=1,15,1,50;3,15,1,50;;M=20,20,20,20,|T=0,0,0,0,|B=1,15,1,50;2,15,1,50;3,15,1,50;",3,[],G003,"G003",1,LOW_CONFIDENCE,insufficient_unique_margin,1,0,0,1.48832293435268,2.51138747500923,0,0.000893
8,asynchronous,J_frozen_6,G003,"M=20,20,20,20,|T=0,0,0,0,|B=1,15,1,50;",1,1,1,5,1160300002,2160300002,1120008002,6,6,"G001,G002,G003,MIRROR_M3,ADD_M1_M3,EXT_111","M=20,20,20,20,|T=0,0,0,0,|B=none;M=20,20,20,20,|T=0,0,0,0,|B=2,15,1,50;;M=20,20,20,20,|T=0,0,0,0,|B=1,15,1,50;;M=20,20,20,20,|T=0,0,0,0,|B=3,15,1,50;;M=20,20,20,20,|T=0,0,0,0,|B=1,15,1,50;3,15,1,50;;M=20,20,20,20,|T=0,0,0,0,|B=1,15,1,50;2,15,1,50;3,15,1,50;",3,[],G003,"G003",1,LOW_CONFIDENCE,insufficient_unique_margin,1,0,0,1.48832293435268,2.51138747500923,0,0.001226
8,asynchronous,B_ideal_ci,G003,"M=20,20,20,20,|T=0,0,0,0,|B=1,15,1,50;",1,1,1,5,1160300002,2160300002,1120008002,1,3,"G003","M=20,20,20,20,|T=0,0,0,0,|B=1,15,1,50;",1,[Inf;0.0187616630393;Inf;0.0105830052443;Inf;Inf;Inf;Inf;0;Inf;Inf;Inf;Inf;Inf;Inf;Inf;Inf],G003,"G003",1,LOW_CONFIDENCE,insufficient_unique_margin,1,0,0,1.87917706613288,2.22044604925031e-16,0,0.000605
8,asynchronous,C_estimated_ci,G003,"M=20,20,20,20,|T=0,0,0,0,|B=1,15,1,50;",1,1,1,5,1160300002,2160300002,1120008002,3,3,"G003,G002,MIRROR_M3","M=20,20,20,20,|T=0,0,0,0,|B=1,15,1,50;;M=20,20,20,20,|T=0,0,0,0,|B=2,15,1,50;;M=20,20,20,20,|T=0,0,0,0,|B=3,15,1,50;",1,[Inf;0.0254930974679;Inf;0.0192381020155;Inf;Inf;Inf;Inf;0.0147660922925;Inf;Inf;Inf;Inf;Inf;Inf;Inf;Inf],G003,"G003,G002,MIRROR_M3",3,MULTIPLE_AMBIGUOUS,multiple_candidates,1,0,0,1.87917706613288,2.22044604925031e-16,0.00161,0.000513
8,asynchronous,D_count_matched,G003,"M=20,20,20,20,|T=0,0,0,0,|B=1,15,1,50;",1,1,1,5,1160300002,2160300002,1120008002,3,3,"MIRROR_M3,G002,G003","M=20,20,20,20,|T=0,0,0,0,|B=3,15,1,50;;M=20,20,20,20,|T=0,0,0,0,|B=2,15,1,50;;M=20,20,20,20,|T=0,0,0,0,|B=1,15,1,50;",1,[],G003,"MIRROR_M3,G002,G003",3,MULTIPLE_AMBIGUOUS,multiple_candidates,1,0,0,1.87917706613288,2.22044604925031e-16,0,0.000447
8,high_noise,A_D_samecal_3,G003,"M=20,20,20,20,|T=0,0,0,0,|B=1,15,1,50;",1,1,1,5,1160300002,2160300002,1120008003,3,3,"G001,G002,G003","M=20,20,20,20,|T=0,0,0,0,|B=none;M=20,20,20,20,|T=0,0,0,0,|B=2,15,1,50;;M=20,20,20,20,|T=0,0,0,0,|B=1,15,1,50;",3,[],G003,"G003",1,UNIQUE_CONFIDENT,single_candidate_with_margin,1,1,0,1.27239194069537,4.56017787103277,0,0.000645
8,high_noise,A_D_samecal_6,G003,"M=20,20,20,20,|T=0,0,0,0,|B=1,15,1,50;",1,1,1,5,1160300002,2160300002,1120008003,6,6,"G001,G002,G003,MIRROR_M3,ADD_M1_M3,EXT_111","M=20,20,20,20,|T=0,0,0,0,|B=none;M=20,20,20,20,|T=0,0,0,0,|B=2,15,1,50;;M=20,20,20,20,|T=0,0,0,0,|B=1,15,1,50;;M=20,20,20,20,|T=0,0,0,0,|B=3,15,1,50;;M=20,20,20,20,|T=0,0,0,0,|B=1,15,1,50;3,15,1,50;;M=20,20,20,20,|T=0,0,0,0,|B=1,15,1,50;2,15,1,50;3,15,1,50;",3,[],G003,"G003",1,LOW_CONFIDENCE,insufficient_unique_margin,1,0,0,1.48832293435268,2.51138747500923,0,0.000691
8,high_noise,J_frozen_6,G003,"M=20,20,20,20,|T=0,0,0,0,|B=1,15,1,50;",1,1,1,5,1160300002,2160300002,1120008003,6,6,"G001,G002,G003,MIRROR_M3,ADD_M1_M3,EXT_111","M=20,20,20,20,|T=0,0,0,0,|B=none;M=20,20,20,20,|T=0,0,0,0,|B=2,15,1,50;;M=20,20,20,20,|T=0,0,0,0,|B=1,15,1,50;;M=20,20,20,20,|T=0,0,0,0,|B=3,15,1,50;;M=20,20,20,20,|T=0,0,0,0,|B=1,15,1,50;3,15,1,50;;M=20,20,20,20,|T=0,0,0,0,|B=1,15,1,50;2,15,1,50;3,15,1,50;",3,[],G003,"G003",1,LOW_CONFIDENCE,insufficient_unique_margin,1,0,0,1.48832293435268,2.51138747500923,0,0.000994
8,high_noise,B_ideal_ci,G003,"M=20,20,20,20,|T=0,0,0,0,|B=1,15,1,50;",1,1,1,5,1160300002,2160300002,1120008003,1,3,"G003","M=20,20,20,20,|T=0,0,0,0,|B=1,15,1,50;",1,[Inf;0.0187616630393;Inf;0.0105830052443;Inf;Inf;Inf;Inf;0;Inf;Inf;Inf;Inf;Inf;Inf;Inf;Inf],G003,"G003",1,LOW_CONFIDENCE,insufficient_unique_margin,1,0,0,1.87917706613288,2.22044604925031e-16,0,0.000409
8,high_noise,C_estimated_ci,G003,"M=20,20,20,20,|T=0,0,0,0,|B=1,15,1,50;",1,1,1,5,1160300002,2160300002,1120008003,3,3,"G003,G002,MIRROR_M3","M=20,20,20,20,|T=0,0,0,0,|B=1,15,1,50;;M=20,20,20,20,|T=0,0,0,0,|B=2,15,1,50;;M=20,20,20,20,|T=0,0,0,0,|B=3,15,1,50;",1,[Inf;0.0253022518394;Inf;0.0200647071573;Inf;Inf;Inf;Inf;0.0162886760499;Inf;Inf;Inf;Inf;Inf;Inf;Inf;Inf],G003,"G003,G002,MIRROR_M3",3,MULTIPLE_AMBIGUOUS,multiple_candidates,1,0,0,1.87917706613288,2.22044604925031e-16,0.001581,0.000303
8,high_noise,D_count_matched,G003,"M=20,20,20,20,|T=0,0,0,0,|B=1,15,1,50;",1,1,1,5,1160300002,2160300002,1120008003,3,3,"MIRROR_M3,G003,G002","M=20,20,20,20,|T=0,0,0,0,|B=3,15,1,50;;M=20,20,20,20,|T=0,0,0,0,|B=1,15,1,50;;M=20,20,20,20,|T=0,0,0,0,|B=2,15,1,50;",1,[],G003,"MIRROR_M3,G003,G002",3,MULTIPLE_AMBIGUOUS,multiple_candidates,1,0,0,1.87917706613288,2.22044604925031e-16,0,0.000323
9,synchronous,A_D_samecal_3,G003,"M=20,20,20,20,|T=0,0,0,0,|B=1,15,1,50;",1,1,1,5,1160300003,2160300003,1120009001,3,3,"G001,G002,G003","M=20,20,20,20,|T=0,0,0,0,|B=none;M=20,20,20,20,|T=0,0,0,0,|B=2,15,1,50;;M=20,20,20,20,|T=0,0,0,0,|B=1,15,1,50;",3,[],G003,"G003",1,UNIQUE_CONFIDENT,single_candidate_with_margin,1,1,0,2.54673310615196,3.74358584996491,0,0.000626
9,synchronous,A_D_samecal_6,G003,"M=20,20,20,20,|T=0,0,0,0,|B=1,15,1,50;",1,1,1,5,1160300003,2160300003,1120009001,6,6,"G001,G002,G003,MIRROR_M3,ADD_M1_M3,EXT_111","M=20,20,20,20,|T=0,0,0,0,|B=none;M=20,20,20,20,|T=0,0,0,0,|B=2,15,1,50;;M=20,20,20,20,|T=0,0,0,0,|B=1,15,1,50;;M=20,20,20,20,|T=0,0,0,0,|B=3,15,1,50;;M=20,20,20,20,|T=0,0,0,0,|B=1,15,1,50;3,15,1,50;;M=20,20,20,20,|T=0,0,0,0,|B=1,15,1,50;2,15,1,50;3,15,1,50;",3,[],G003,"G003",1,LOW_CONFIDENCE,insufficient_unique_margin,1,0,0,3.1524924551063,1.63806206377885,0,0.000671
9,synchronous,J_frozen_6,G003,"M=20,20,20,20,|T=0,0,0,0,|B=1,15,1,50;",1,1,1,5,1160300003,2160300003,1120009001,6,6,"G001,G002,G003,MIRROR_M3,ADD_M1_M3,EXT_111","M=20,20,20,20,|T=0,0,0,0,|B=none;M=20,20,20,20,|T=0,0,0,0,|B=2,15,1,50;;M=20,20,20,20,|T=0,0,0,0,|B=1,15,1,50;;M=20,20,20,20,|T=0,0,0,0,|B=3,15,1,50;;M=20,20,20,20,|T=0,0,0,0,|B=1,15,1,50;3,15,1,50;;M=20,20,20,20,|T=0,0,0,0,|B=1,15,1,50;2,15,1,50;3,15,1,50;",3,[],G003,"G003",1,LOW_CONFIDENCE,insufficient_unique_margin,1,0,0,3.1524924551063,1.63806206377885,0,0.001968
9,synchronous,B_ideal_ci,G003,"M=20,20,20,20,|T=0,0,0,0,|B=1,15,1,50;",1,1,1,5,1160300003,2160300003,1120009001,1,3,"G003","M=20,20,20,20,|T=0,0,0,0,|B=1,15,1,50;",1,[Inf;0.0187616630393;Inf;0.0105830052443;Inf;Inf;Inf;Inf;0;Inf;Inf;Inf;Inf;Inf;Inf;Inf;Inf],G003,"G003",1,LOW_CONFIDENCE,insufficient_unique_margin,1,0,0,3.74252330263387,0,0,0.001295
9,synchronous,C_estimated_ci,G003,"M=20,20,20,20,|T=0,0,0,0,|B=1,15,1,50;",1,1,1,5,1160300003,2160300003,1120009001,3,3,"G003,G002,MIRROR_M3","M=20,20,20,20,|T=0,0,0,0,|B=1,15,1,50;;M=20,20,20,20,|T=0,0,0,0,|B=2,15,1,50;;M=20,20,20,20,|T=0,0,0,0,|B=3,15,1,50;",1,[Inf;0.0187627982785;Inf;0.0105854951648;Inf;Inf;Inf;Inf;0.000139574073231;Inf;Inf;Inf;Inf;Inf;Inf;Inf;Inf],G003,"G003,G002,MIRROR_M3",3,MULTIPLE_AMBIGUOUS,multiple_candidates,1,0,0,3.74252330263387,0,0.00177,0.001452
9,synchronous,D_count_matched,G003,"M=20,20,20,20,|T=0,0,0,0,|B=1,15,1,50;",1,1,1,5,1160300003,2160300003,1120009001,3,3,"G003,G002,MIRROR_M3","M=20,20,20,20,|T=0,0,0,0,|B=1,15,1,50;;M=20,20,20,20,|T=0,0,0,0,|B=2,15,1,50;;M=20,20,20,20,|T=0,0,0,0,|B=3,15,1,50;",1,[],G003,"G003,G002,MIRROR_M3",3,MULTIPLE_AMBIGUOUS,multiple_candidates,1,0,0,3.74252330263387,0,0,0.000912
9,asynchronous,A_D_samecal_3,G003,"M=20,20,20,20,|T=0,0,0,0,|B=1,15,1,50;",1,1,1,5,1160300003,2160300003,1120009002,3,3,"G001,G002,G003","M=20,20,20,20,|T=0,0,0,0,|B=none;M=20,20,20,20,|T=0,0,0,0,|B=2,15,1,50;;M=20,20,20,20,|T=0,0,0,0,|B=1,15,1,50;",3,[],G003,"G003",1,UNIQUE_CONFIDENT,single_candidate_with_margin,1,1,0,2.54673310615196,3.74358584996491,0,0.001563
9,asynchronous,A_D_samecal_6,G003,"M=20,20,20,20,|T=0,0,0,0,|B=1,15,1,50;",1,1,1,5,1160300003,2160300003,1120009002,6,6,"G001,G002,G003,MIRROR_M3,ADD_M1_M3,EXT_111","M=20,20,20,20,|T=0,0,0,0,|B=none;M=20,20,20,20,|T=0,0,0,0,|B=2,15,1,50;;M=20,20,20,20,|T=0,0,0,0,|B=1,15,1,50;;M=20,20,20,20,|T=0,0,0,0,|B=3,15,1,50;;M=20,20,20,20,|T=0,0,0,0,|B=1,15,1,50;3,15,1,50;;M=20,20,20,20,|T=0,0,0,0,|B=1,15,1,50;2,15,1,50;3,15,1,50;",3,[],G003,"G003",1,LOW_CONFIDENCE,insufficient_unique_margin,1,0,0,3.1524924551063,1.63806206377885,0,0.001636
9,asynchronous,J_frozen_6,G003,"M=20,20,20,20,|T=0,0,0,0,|B=1,15,1,50;",1,1,1,5,1160300003,2160300003,1120009002,6,6,"G001,G002,G003,MIRROR_M3,ADD_M1_M3,EXT_111","M=20,20,20,20,|T=0,0,0,0,|B=none;M=20,20,20,20,|T=0,0,0,0,|B=2,15,1,50;;M=20,20,20,20,|T=0,0,0,0,|B=1,15,1,50;;M=20,20,20,20,|T=0,0,0,0,|B=3,15,1,50;;M=20,20,20,20,|T=0,0,0,0,|B=1,15,1,50;3,15,1,50;;M=20,20,20,20,|T=0,0,0,0,|B=1,15,1,50;2,15,1,50;3,15,1,50;",3,[],G003,"G003",1,LOW_CONFIDENCE,insufficient_unique_margin,1,0,0,3.1524924551063,1.63806206377885,0,0.002435
9,asynchronous,B_ideal_ci,G003,"M=20,20,20,20,|T=0,0,0,0,|B=1,15,1,50;",1,1,1,5,1160300003,2160300003,1120009002,1,3,"G003","M=20,20,20,20,|T=0,0,0,0,|B=1,15,1,50;",1,[Inf;0.0187616630393;Inf;0.0105830052443;Inf;Inf;Inf;Inf;0;Inf;Inf;Inf;Inf;Inf;Inf;Inf;Inf],G003,"G003",1,LOW_CONFIDENCE,insufficient_unique_margin,1,0,0,3.74252330263387,0,0,0.001086
9,asynchronous,C_estimated_ci,G003,"M=20,20,20,20,|T=0,0,0,0,|B=1,15,1,50;",1,1,1,5,1160300003,2160300003,1120009002,3,3,"G003,G002,MIRROR_M3","M=20,20,20,20,|T=0,0,0,0,|B=1,15,1,50;;M=20,20,20,20,|T=0,0,0,0,|B=2,15,1,50;;M=20,20,20,20,|T=0,0,0,0,|B=3,15,1,50;",1,[Inf;0.0187755946964;Inf;0.0106043769292;Inf;Inf;Inf;Inf;0.000157608634263;Inf;Inf;Inf;Inf;Inf;Inf;Inf;Inf],G003,"G003,G002,MIRROR_M3",3,MULTIPLE_AMBIGUOUS,multiple_candidates,1,0,0,3.74252330263387,0,0.003711,0.001269
9,asynchronous,D_count_matched,G003,"M=20,20,20,20,|T=0,0,0,0,|B=1,15,1,50;",1,1,1,5,1160300003,2160300003,1120009002,3,3,"MIRROR_M3,G002,G003","M=20,20,20,20,|T=0,0,0,0,|B=3,15,1,50;;M=20,20,20,20,|T=0,0,0,0,|B=2,15,1,50;;M=20,20,20,20,|T=0,0,0,0,|B=1,15,1,50;",1,[],MIRROR_M3,"MIRROR_M3,G002,G003",3,MULTIPLE_AMBIGUOUS,multiple_candidates,1,0,0,3.74252330263387,0,0,0.001189
9,high_noise,A_D_samecal_3,G003,"M=20,20,20,20,|T=0,0,0,0,|B=1,15,1,50;",1,1,1,5,1160300003,2160300003,1120009003,3,3,"G001,G002,G003","M=20,20,20,20,|T=0,0,0,0,|B=none;M=20,20,20,20,|T=0,0,0,0,|B=2,15,1,50;;M=20,20,20,20,|T=0,0,0,0,|B=1,15,1,50;",3,[],G003,"G003",1,UNIQUE_CONFIDENT,single_candidate_with_margin,1,1,0,2.54673310615196,3.74358584996491,0,0.001392
9,high_noise,A_D_samecal_6,G003,"M=20,20,20,20,|T=0,0,0,0,|B=1,15,1,50;",1,1,1,5,1160300003,2160300003,1120009003,6,6,"G001,G002,G003,MIRROR_M3,ADD_M1_M3,EXT_111","M=20,20,20,20,|T=0,0,0,0,|B=none;M=20,20,20,20,|T=0,0,0,0,|B=2,15,1,50;;M=20,20,20,20,|T=0,0,0,0,|B=1,15,1,50;;M=20,20,20,20,|T=0,0,0,0,|B=3,15,1,50;;M=20,20,20,20,|T=0,0,0,0,|B=1,15,1,50;3,15,1,50;;M=20,20,20,20,|T=0,0,0,0,|B=1,15,1,50;2,15,1,50;3,15,1,50;",3,[],G003,"G003",1,LOW_CONFIDENCE,insufficient_unique_margin,1,0,0,3.1524924551063,1.63806206377885,0,0.00158
9,high_noise,J_frozen_6,G003,"M=20,20,20,20,|T=0,0,0,0,|B=1,15,1,50;",1,1,1,5,1160300003,2160300003,1120009003,6,6,"G001,G002,G003,MIRROR_M3,ADD_M1_M3,EXT_111","M=20,20,20,20,|T=0,0,0,0,|B=none;M=20,20,20,20,|T=0,0,0,0,|B=2,15,1,50;;M=20,20,20,20,|T=0,0,0,0,|B=1,15,1,50;;M=20,20,20,20,|T=0,0,0,0,|B=3,15,1,50;;M=20,20,20,20,|T=0,0,0,0,|B=1,15,1,50;3,15,1,50;;M=20,20,20,20,|T=0,0,0,0,|B=1,15,1,50;2,15,1,50;3,15,1,50;",3,[],G003,"G003",1,LOW_CONFIDENCE,insufficient_unique_margin,1,0,0,3.1524924551063,1.63806206377885,0,0.00202
9,high_noise,B_ideal_ci,G003,"M=20,20,20,20,|T=0,0,0,0,|B=1,15,1,50;",1,1,1,5,1160300003,2160300003,1120009003,1,3,"G003","M=20,20,20,20,|T=0,0,0,0,|B=1,15,1,50;",1,[Inf;0.0187616630393;Inf;0.0105830052443;Inf;Inf;Inf;Inf;0;Inf;Inf;Inf;Inf;Inf;Inf;Inf;Inf],G003,"G003",1,LOW_CONFIDENCE,insufficient_unique_margin,1,0,0,3.74252330263387,0,0,0.001099
9,high_noise,C_estimated_ci,G003,"M=20,20,20,20,|T=0,0,0,0,|B=1,15,1,50;",1,1,1,5,1160300003,2160300003,1120009003,3,3,"G003,G002,MIRROR_M3","M=20,20,20,20,|T=0,0,0,0,|B=1,15,1,50;;M=20,20,20,20,|T=0,0,0,0,|B=2,15,1,50;;M=20,20,20,20,|T=0,0,0,0,|B=3,15,1,50;",1,[Inf;0.02588744163;Inf;0.0196231541443;Inf;Inf;Inf;Inf;0.015178339913;Inf;Inf;Inf;Inf;Inf;Inf;Inf;Inf],G003,"G003,G002,MIRROR_M3",3,MULTIPLE_AMBIGUOUS,multiple_candidates,1,0,0,3.74252330263387,0,0.003924,0.001406
9,high_noise,D_count_matched,G003,"M=20,20,20,20,|T=0,0,0,0,|B=1,15,1,50;",1,1,1,5,1160300003,2160300003,1120009003,3,3,"G002,MIRROR_M3,G003","M=20,20,20,20,|T=0,0,0,0,|B=2,15,1,50;;M=20,20,20,20,|T=0,0,0,0,|B=3,15,1,50;;M=20,20,20,20,|T=0,0,0,0,|B=1,15,1,50;",1,[],MIRROR_M3,"G002,MIRROR_M3,G003",3,MULTIPLE_AMBIGUOUS,multiple_candidates,1,0,0,3.74252330263387,0,0,0.000979
10,synchronous,A_D_samecal_3,DOUBLE_M2,"M=20,20,20,20,|T=0,0,0,0,|B=2,15,1,50;2,15,1,50;",0,0,0,6,1160400001,2160400001,1120010001,3,3,"G001,G002,G003","M=20,20,20,20,|T=0,0,0,0,|B=none;M=20,20,20,20,|T=0,0,0,0,|B=2,15,1,50;;M=20,20,20,20,|T=0,0,0,0,|B=1,15,1,50;",NaN,[],G002,"G002",1,UNIQUE_CONFIDENT,single_candidate_with_margin,0,0,1,3.04369578283098,3.81744364225449,0,0.001368
10,synchronous,A_D_samecal_6,DOUBLE_M2,"M=20,20,20,20,|T=0,0,0,0,|B=2,15,1,50;2,15,1,50;",0,0,0,6,1160400001,2160400001,1120010001,6,6,"G001,G002,G003,MIRROR_M3,ADD_M1_M3,EXT_111","M=20,20,20,20,|T=0,0,0,0,|B=none;M=20,20,20,20,|T=0,0,0,0,|B=2,15,1,50;;M=20,20,20,20,|T=0,0,0,0,|B=1,15,1,50;;M=20,20,20,20,|T=0,0,0,0,|B=3,15,1,50;;M=20,20,20,20,|T=0,0,0,0,|B=1,15,1,50;3,15,1,50;;M=20,20,20,20,|T=0,0,0,0,|B=1,15,1,50;2,15,1,50;3,15,1,50;",NaN,[],G002,"G002",1,UNIQUE_CONFIDENT,single_candidate_with_margin,0,0,1,3.39530311462943,3.61052449017958,0,0.001297
10,synchronous,J_frozen_6,DOUBLE_M2,"M=20,20,20,20,|T=0,0,0,0,|B=2,15,1,50;2,15,1,50;",0,0,0,6,1160400001,2160400001,1120010001,6,6,"G001,G002,G003,MIRROR_M3,ADD_M1_M3,EXT_111","M=20,20,20,20,|T=0,0,0,0,|B=none;M=20,20,20,20,|T=0,0,0,0,|B=2,15,1,50;;M=20,20,20,20,|T=0,0,0,0,|B=1,15,1,50;;M=20,20,20,20,|T=0,0,0,0,|B=3,15,1,50;;M=20,20,20,20,|T=0,0,0,0,|B=1,15,1,50;3,15,1,50;;M=20,20,20,20,|T=0,0,0,0,|B=1,15,1,50;2,15,1,50;3,15,1,50;",NaN,[],G002,"G002",1,UNIQUE_CONFIDENT,single_candidate_with_margin,0,0,1,3.39530311462943,3.61052449017958,0,0.001121
10,synchronous,B_ideal_ci,DOUBLE_M2,"M=20,20,20,20,|T=0,0,0,0,|B=2,15,1,50;2,15,1,50;",0,1,1,6,1160400001,2160400001,1120010001,1,6,"DOUBLE_M2","M=20,20,20,20,|T=0,0,0,0,|B=2,15,1,50;2,15,1,50;",1,[Inf;Inf;0.0115470053838;Inf;0.007453559925;Inf;0;Inf;Inf;0.0124721912892;Inf;0.01;Inf;Inf;0.0133333333333;Inf;Inf],DOUBLE_M2,"DOUBLE_M2",1,LOW_CONFIDENCE,insufficient_unique_margin,1,0,0,2.29444954882387,1.71895455790233,0,0.00124
10,synchronous,C_estimated_ci,DOUBLE_M2,"M=20,20,20,20,|T=0,0,0,0,|B=2,15,1,50;2,15,1,50;",0,1,1,6,1160400001,2160400001,1120010001,3,6,"DOUBLE_M2,ADD_M2_M3,ADD_M1_M2","M=20,20,20,20,|T=0,0,0,0,|B=2,15,1,50;2,15,1,50;;M=20,20,20,20,|T=0,0,0,0,|B=2,15,1,50;3,15,1,50;;M=20,20,20,20,|T=0,0,0,0,|B=1,15,1,50;2,15,1,50;",1,[Inf;Inf;0.011523082738;Inf;0.00744509679781;Inf;0.000159824237282;Inf;Inf;0.0124947006857;Inf;0.0100356177031;Inf;Inf;0.0133453248998;Inf;Inf],DOUBLE_M2,"DOUBLE_M2,ADD_M2_M3,ADD_M1_M2",3,MULTIPLE_AMBIGUOUS,multiple_candidates,1,0,0,2.29444954882387,1.71895455790233,0.002841,0.00104
10,synchronous,D_count_matched,DOUBLE_M2,"M=20,20,20,20,|T=0,0,0,0,|B=2,15,1,50;2,15,1,50;",0,1,1,6,1160400001,2160400001,1120010001,3,6,"ADD_M2_M3,ADD_M1_M3,DOUBLE_M2","M=20,20,20,20,|T=0,0,0,0,|B=2,15,1,50;3,15,1,50;;M=20,20,20,20,|T=0,0,0,0,|B=1,15,1,50;3,15,1,50;;M=20,20,20,20,|T=0,0,0,0,|B=2,15,1,50;2,15,1,50;",1,[],DOUBLE_M2,"ADD_M2_M3,ADD_M1_M3,DOUBLE_M2",3,MULTIPLE_AMBIGUOUS,multiple_candidates,1,0,0,2.29444954882387,1.71895455790233,0,0.000694
10,asynchronous,A_D_samecal_3,DOUBLE_M2,"M=20,20,20,20,|T=0,0,0,0,|B=2,15,1,50;2,15,1,50;",0,0,0,6,1160400001,2160400001,1120010002,3,3,"G001,G002,G003","M=20,20,20,20,|T=0,0,0,0,|B=none;M=20,20,20,20,|T=0,0,0,0,|B=2,15,1,50;;M=20,20,20,20,|T=0,0,0,0,|B=1,15,1,50;",NaN,[],G002,"G002",1,UNIQUE_CONFIDENT,single_candidate_with_margin,0,0,1,3.04369578283098,3.81744364225449,0,0.001055
10,asynchronous,A_D_samecal_6,DOUBLE_M2,"M=20,20,20,20,|T=0,0,0,0,|B=2,15,1,50;2,15,1,50;",0,0,0,6,1160400001,2160400001,1120010002,6,6,"G001,G002,G003,MIRROR_M3,ADD_M1_M3,EXT_111","M=20,20,20,20,|T=0,0,0,0,|B=none;M=20,20,20,20,|T=0,0,0,0,|B=2,15,1,50;;M=20,20,20,20,|T=0,0,0,0,|B=1,15,1,50;;M=20,20,20,20,|T=0,0,0,0,|B=3,15,1,50;;M=20,20,20,20,|T=0,0,0,0,|B=1,15,1,50;3,15,1,50;;M=20,20,20,20,|T=0,0,0,0,|B=1,15,1,50;2,15,1,50;3,15,1,50;",NaN,[],G002,"G002",1,UNIQUE_CONFIDENT,single_candidate_with_margin,0,0,1,3.39530311462943,3.61052449017958,0,0.001188
10,asynchronous,J_frozen_6,DOUBLE_M2,"M=20,20,20,20,|T=0,0,0,0,|B=2,15,1,50;2,15,1,50;",0,0,0,6,1160400001,2160400001,1120010002,6,6,"G001,G002,G003,MIRROR_M3,ADD_M1_M3,EXT_111","M=20,20,20,20,|T=0,0,0,0,|B=none;M=20,20,20,20,|T=0,0,0,0,|B=2,15,1,50;;M=20,20,20,20,|T=0,0,0,0,|B=1,15,1,50;;M=20,20,20,20,|T=0,0,0,0,|B=3,15,1,50;;M=20,20,20,20,|T=0,0,0,0,|B=1,15,1,50;3,15,1,50;;M=20,20,20,20,|T=0,0,0,0,|B=1,15,1,50;2,15,1,50;3,15,1,50;",NaN,[],G002,"G002",1,UNIQUE_CONFIDENT,single_candidate_with_margin,0,0,1,3.39530311462943,3.61052449017958,0,0.001424
10,asynchronous,B_ideal_ci,DOUBLE_M2,"M=20,20,20,20,|T=0,0,0,0,|B=2,15,1,50;2,15,1,50;",0,1,1,6,1160400001,2160400001,1120010002,1,6,"DOUBLE_M2","M=20,20,20,20,|T=0,0,0,0,|B=2,15,1,50;2,15,1,50;",1,[Inf;Inf;0.0115470053838;Inf;0.007453559925;Inf;0;Inf;Inf;0.0124721912892;Inf;0.01;Inf;Inf;0.0133333333333;Inf;Inf],DOUBLE_M2,"DOUBLE_M2",1,LOW_CONFIDENCE,insufficient_unique_margin,1,0,0,2.29444954882387,1.71895455790233,0,0.000778
10,asynchronous,C_estimated_ci,DOUBLE_M2,"M=20,20,20,20,|T=0,0,0,0,|B=2,15,1,50;2,15,1,50;",0,0,0,6,1160400001,2160400001,1120010002,3,6,"ADD_M1_M2,ADD_M1_M3,DOUBLE_M1","M=20,20,20,20,|T=0,0,0,0,|B=1,15,1,50;2,15,1,50;;M=20,20,20,20,|T=0,0,0,0,|B=1,15,1,50;3,15,1,50;;M=20,20,20,20,|T=0,0,0,0,|B=1,15,1,50;1,15,1,50;",4,[Inf;Inf;0.0280620501225;Inf;0.0212816758537;Inf;0.0200571211018;Inf;Inf;0.0155413815468;Inf;0.013817124163;Inf;Inf;0.0164790000559;Inf;Inf],ADD_M1_M2,"ADD_M1_M2,ADD_M1_M3,DOUBLE_M1",3,MULTIPLE_AMBIGUOUS,multiple_candidates,0,0,0,4.0134041067262,-1.71895455790233,0.001262,0.001154
10,asynchronous,D_count_matched,DOUBLE_M2,"M=20,20,20,20,|T=0,0,0,0,|B=2,15,1,50;2,15,1,50;",0,0,0,6,1160400001,2160400001,1120010002,3,6,"ADD_M1_M2,DOUBLE_M1,ADD_M1_M3","M=20,20,20,20,|T=0,0,0,0,|B=1,15,1,50;2,15,1,50;;M=20,20,20,20,|T=0,0,0,0,|B=1,15,1,50;1,15,1,50;;M=20,20,20,20,|T=0,0,0,0,|B=1,15,1,50;3,15,1,50;",4,[],ADD_M1_M2,"ADD_M1_M2,DOUBLE_M1,ADD_M1_M3",3,MULTIPLE_AMBIGUOUS,multiple_candidates,0,0,0,4.0134041067262,-1.71895455790233,0,0.000759
10,high_noise,A_D_samecal_3,DOUBLE_M2,"M=20,20,20,20,|T=0,0,0,0,|B=2,15,1,50;2,15,1,50;",0,0,0,6,1160400001,2160400001,1120010003,3,3,"G001,G002,G003","M=20,20,20,20,|T=0,0,0,0,|B=none;M=20,20,20,20,|T=0,0,0,0,|B=2,15,1,50;;M=20,20,20,20,|T=0,0,0,0,|B=1,15,1,50;",NaN,[],G002,"G002",1,UNIQUE_CONFIDENT,single_candidate_with_margin,0,0,1,3.04369578283098,3.81744364225449,0,0.000943
10,high_noise,A_D_samecal_6,DOUBLE_M2,"M=20,20,20,20,|T=0,0,0,0,|B=2,15,1,50;2,15,1,50;",0,0,0,6,1160400001,2160400001,1120010003,6,6,"G001,G002,G003,MIRROR_M3,ADD_M1_M3,EXT_111","M=20,20,20,20,|T=0,0,0,0,|B=none;M=20,20,20,20,|T=0,0,0,0,|B=2,15,1,50;;M=20,20,20,20,|T=0,0,0,0,|B=1,15,1,50;;M=20,20,20,20,|T=0,0,0,0,|B=3,15,1,50;;M=20,20,20,20,|T=0,0,0,0,|B=1,15,1,50;3,15,1,50;;M=20,20,20,20,|T=0,0,0,0,|B=1,15,1,50;2,15,1,50;3,15,1,50;",NaN,[],G002,"G002",1,UNIQUE_CONFIDENT,single_candidate_with_margin,0,0,1,3.39530311462943,3.61052449017958,0,0.000876
10,high_noise,J_frozen_6,DOUBLE_M2,"M=20,20,20,20,|T=0,0,0,0,|B=2,15,1,50;2,15,1,50;",0,0,0,6,1160400001,2160400001,1120010003,6,6,"G001,G002,G003,MIRROR_M3,ADD_M1_M3,EXT_111","M=20,20,20,20,|T=0,0,0,0,|B=none;M=20,20,20,20,|T=0,0,0,0,|B=2,15,1,50;;M=20,20,20,20,|T=0,0,0,0,|B=1,15,1,50;;M=20,20,20,20,|T=0,0,0,0,|B=3,15,1,50;;M=20,20,20,20,|T=0,0,0,0,|B=1,15,1,50;3,15,1,50;;M=20,20,20,20,|T=0,0,0,0,|B=1,15,1,50;2,15,1,50;3,15,1,50;",NaN,[],G002,"G002",1,UNIQUE_CONFIDENT,single_candidate_with_margin,0,0,1,3.39530311462943,3.61052449017958,0,0.00158
10,high_noise,B_ideal_ci,DOUBLE_M2,"M=20,20,20,20,|T=0,0,0,0,|B=2,15,1,50;2,15,1,50;",0,1,1,6,1160400001,2160400001,1120010003,1,6,"DOUBLE_M2","M=20,20,20,20,|T=0,0,0,0,|B=2,15,1,50;2,15,1,50;",1,[Inf;Inf;0.0115470053838;Inf;0.007453559925;Inf;0;Inf;Inf;0.0124721912892;Inf;0.01;Inf;Inf;0.0133333333333;Inf;Inf],DOUBLE_M2,"DOUBLE_M2",1,LOW_CONFIDENCE,insufficient_unique_margin,1,0,0,2.29444954882387,1.71895455790233,0,0.001117
10,high_noise,C_estimated_ci,DOUBLE_M2,"M=20,20,20,20,|T=0,0,0,0,|B=2,15,1,50;2,15,1,50;",0,1,1,6,1160400001,2160400001,1120010003,3,6,"DOUBLE_M2,ADD_M1_M2,DOUBLE_M1","M=20,20,20,20,|T=0,0,0,0,|B=2,15,1,50;2,15,1,50;;M=20,20,20,20,|T=0,0,0,0,|B=1,15,1,50;2,15,1,50;;M=20,20,20,20,|T=0,0,0,0,|B=1,15,1,50;1,15,1,50;",1,[Inf;Inf;0.0196245104991;Inf;0.0159848245567;Inf;0.0129002411871;Inf;Inf;0.017295561633;Inf;0.0144926898393;Inf;Inf;0.0158030301612;Inf;Inf],DOUBLE_M2,"DOUBLE_M2,ADD_M1_M2,DOUBLE_M1",3,MULTIPLE_AMBIGUOUS,multiple_candidates,1,0,0,2.29444954882387,1.71895455790233,0.00342,0.001117
10,high_noise,D_count_matched,DOUBLE_M2,"M=20,20,20,20,|T=0,0,0,0,|B=2,15,1,50;2,15,1,50;",0,0,0,6,1160400001,2160400001,1120010003,3,6,"DOUBLE_M3,DOUBLE_M1,ADD_M1_M3","M=20,20,20,20,|T=0,0,0,0,|B=3,15,1,50;3,15,1,50;;M=20,20,20,20,|T=0,0,0,0,|B=1,15,1,50;1,15,1,50;;M=20,20,20,20,|T=0,0,0,0,|B=1,15,1,50;3,15,1,50;",1,[],ADD_M1_M3,"DOUBLE_M3,DOUBLE_M1,ADD_M1_M3",3,MULTIPLE_AMBIGUOUS,multiple_candidates,0,0,0,4.88466858214244,-2.59021903331857,0,0.001241
11,synchronous,A_D_samecal_3,DOUBLE_M2,"M=20,20,20,20,|T=0,0,0,0,|B=2,15,1,50;2,15,1,50;",0,0,0,6,1160400002,2160400002,1120011001,3,3,"G001,G002,G003","M=20,20,20,20,|T=0,0,0,0,|B=none;M=20,20,20,20,|T=0,0,0,0,|B=2,15,1,50;;M=20,20,20,20,|T=0,0,0,0,|B=1,15,1,50;",NaN,[],G002,"G002",1,UNIQUE_CONFIDENT,single_candidate_with_margin,0,0,1,3.07015005530203,4.00562264323828,0,0.001675
11,synchronous,A_D_samecal_6,DOUBLE_M2,"M=20,20,20,20,|T=0,0,0,0,|B=2,15,1,50;2,15,1,50;",0,0,0,6,1160400002,2160400002,1120011001,6,6,"G001,G002,G003,MIRROR_M3,ADD_M1_M3,EXT_111","M=20,20,20,20,|T=0,0,0,0,|B=none;M=20,20,20,20,|T=0,0,0,0,|B=2,15,1,50;;M=20,20,20,20,|T=0,0,0,0,|B=1,15,1,50;;M=20,20,20,20,|T=0,0,0,0,|B=3,15,1,50;;M=20,20,20,20,|T=0,0,0,0,|B=1,15,1,50;3,15,1,50;;M=20,20,20,20,|T=0,0,0,0,|B=1,15,1,50;2,15,1,50;3,15,1,50;",NaN,[],G002,"G002",1,UNIQUE_CONFIDENT,single_candidate_with_margin,0,0,1,3.4222275361772,3.83854159948557,0,0.002203
11,synchronous,J_frozen_6,DOUBLE_M2,"M=20,20,20,20,|T=0,0,0,0,|B=2,15,1,50;2,15,1,50;",0,0,0,6,1160400002,2160400002,1120011001,6,6,"G001,G002,G003,MIRROR_M3,ADD_M1_M3,EXT_111","M=20,20,20,20,|T=0,0,0,0,|B=none;M=20,20,20,20,|T=0,0,0,0,|B=2,15,1,50;;M=20,20,20,20,|T=0,0,0,0,|B=1,15,1,50;;M=20,20,20,20,|T=0,0,0,0,|B=3,15,1,50;;M=20,20,20,20,|T=0,0,0,0,|B=1,15,1,50;3,15,1,50;;M=20,20,20,20,|T=0,0,0,0,|B=1,15,1,50;2,15,1,50;3,15,1,50;",NaN,[],G002,"G002",1,UNIQUE_CONFIDENT,single_candidate_with_margin,0,0,1,3.4222275361772,3.83854159948557,0,0.001863
11,synchronous,B_ideal_ci,DOUBLE_M2,"M=20,20,20,20,|T=0,0,0,0,|B=2,15,1,50;2,15,1,50;",0,1,1,6,1160400002,2160400002,1120011001,1,6,"DOUBLE_M2","M=20,20,20,20,|T=0,0,0,0,|B=2,15,1,50;2,15,1,50;",1,[Inf;Inf;0.0115470053838;Inf;0.007453559925;Inf;0;Inf;Inf;0.0124721912892;Inf;0.01;Inf;Inf;0.0133333333333;Inf;Inf],DOUBLE_M2,"DOUBLE_M2",1,LOW_CONFIDENCE,insufficient_unique_margin,1,0,0,2.42131234604868,1.60561512958659,0,0.000865
11,synchronous,C_estimated_ci,DOUBLE_M2,"M=20,20,20,20,|T=0,0,0,0,|B=2,15,1,50;2,15,1,50;",0,1,1,6,1160400002,2160400002,1120011001,3,6,"DOUBLE_M2,ADD_M2_M3,ADD_M1_M2","M=20,20,20,20,|T=0,0,0,0,|B=2,15,1,50;2,15,1,50;;M=20,20,20,20,|T=0,0,0,0,|B=2,15,1,50;3,15,1,50;;M=20,20,20,20,|T=0,0,0,0,|B=1,15,1,50;2,15,1,50;",1,[Inf;Inf;0.0115720202925;Inf;0.0074889747415;Inf;0.000170741236452;Inf;Inf;0.0125029126637;Inf;0.0100133528334;Inf;Inf;0.0133359742706;Inf;Inf],DOUBLE_M2,"DOUBLE_M2,ADD_M2_M3,ADD_M1_M2",3,MULTIPLE_AMBIGUOUS,multiple_candidates,1,0,0,2.42131234604868,1.60561512958659,0.004444,0.000799
11,synchronous,D_count_matched,DOUBLE_M2,"M=20,20,20,20,|T=0,0,0,0,|B=2,15,1,50;2,15,1,50;",0,1,1,6,1160400002,2160400002,1120011001,3,6,"ADD_M1_M2,ADD_M2_M3,DOUBLE_M2","M=20,20,20,20,|T=0,0,0,0,|B=1,15,1,50;2,15,1,50;;M=20,20,20,20,|T=0,0,0,0,|B=2,15,1,50;3,15,1,50;;M=20,20,20,20,|T=0,0,0,0,|B=2,15,1,50;2,15,1,50;",1,[],DOUBLE_M2,"ADD_M1_M2,ADD_M2_M3,DOUBLE_M2",3,MULTIPLE_AMBIGUOUS,multiple_candidates,1,0,0,2.42131234604868,1.60561512958659,0,0.000928
11,asynchronous,A_D_samecal_3,DOUBLE_M2,"M=20,20,20,20,|T=0,0,0,0,|B=2,15,1,50;2,15,1,50;",0,0,0,6,1160400002,2160400002,1120011002,3,3,"G001,G002,G003","M=20,20,20,20,|T=0,0,0,0,|B=none;M=20,20,20,20,|T=0,0,0,0,|B=2,15,1,50;;M=20,20,20,20,|T=0,0,0,0,|B=1,15,1,50;",NaN,[],G002,"G002",1,UNIQUE_CONFIDENT,single_candidate_with_margin,0,0,1,3.07015005530203,4.00562264323828,0,0.000894
11,asynchronous,A_D_samecal_6,DOUBLE_M2,"M=20,20,20,20,|T=0,0,0,0,|B=2,15,1,50;2,15,1,50;",0,0,0,6,1160400002,2160400002,1120011002,6,6,"G001,G002,G003,MIRROR_M3,ADD_M1_M3,EXT_111","M=20,20,20,20,|T=0,0,0,0,|B=none;M=20,20,20,20,|T=0,0,0,0,|B=2,15,1,50;;M=20,20,20,20,|T=0,0,0,0,|B=1,15,1,50;;M=20,20,20,20,|T=0,0,0,0,|B=3,15,1,50;;M=20,20,20,20,|T=0,0,0,0,|B=1,15,1,50;3,15,1,50;;M=20,20,20,20,|T=0,0,0,0,|B=1,15,1,50;2,15,1,50;3,15,1,50;",NaN,[],G002,"G002",1,UNIQUE_CONFIDENT,single_candidate_with_margin,0,0,1,3.4222275361772,3.83854159948557,0,0.001545
11,asynchronous,J_frozen_6,DOUBLE_M2,"M=20,20,20,20,|T=0,0,0,0,|B=2,15,1,50;2,15,1,50;",0,0,0,6,1160400002,2160400002,1120011002,6,6,"G001,G002,G003,MIRROR_M3,ADD_M1_M3,EXT_111","M=20,20,20,20,|T=0,0,0,0,|B=none;M=20,20,20,20,|T=0,0,0,0,|B=2,15,1,50;;M=20,20,20,20,|T=0,0,0,0,|B=1,15,1,50;;M=20,20,20,20,|T=0,0,0,0,|B=3,15,1,50;;M=20,20,20,20,|T=0,0,0,0,|B=1,15,1,50;3,15,1,50;;M=20,20,20,20,|T=0,0,0,0,|B=1,15,1,50;2,15,1,50;3,15,1,50;",NaN,[],G002,"G002",1,UNIQUE_CONFIDENT,single_candidate_with_margin,0,0,1,3.4222275361772,3.83854159948557,0,0.001036
11,asynchronous,B_ideal_ci,DOUBLE_M2,"M=20,20,20,20,|T=0,0,0,0,|B=2,15,1,50;2,15,1,50;",0,1,1,6,1160400002,2160400002,1120011002,1,6,"DOUBLE_M2","M=20,20,20,20,|T=0,0,0,0,|B=2,15,1,50;2,15,1,50;",1,[Inf;Inf;0.0115470053838;Inf;0.007453559925;Inf;0;Inf;Inf;0.0124721912892;Inf;0.01;Inf;Inf;0.0133333333333;Inf;Inf],DOUBLE_M2,"DOUBLE_M2",1,LOW_CONFIDENCE,insufficient_unique_margin,1,0,0,2.42131234604868,1.60561512958659,0,0.000619
11,asynchronous,C_estimated_ci,DOUBLE_M2,"M=20,20,20,20,|T=0,0,0,0,|B=2,15,1,50;2,15,1,50;",0,1,1,6,1160400002,2160400002,1120011002,3,6,"DOUBLE_M2,ADD_M2_M3,ADD_M1_M2","M=20,20,20,20,|T=0,0,0,0,|B=2,15,1,50;2,15,1,50;;M=20,20,20,20,|T=0,0,0,0,|B=2,15,1,50;3,15,1,50;;M=20,20,20,20,|T=0,0,0,0,|B=1,15,1,50;2,15,1,50;",1,[Inf;Inf;0.0115403717165;Inf;0.00747869980681;Inf;0.000163993716777;Inf;Inf;0.0125114166325;Inf;0.010031524774;Inf;Inf;0.0133361778644;Inf;Inf],DOUBLE_M2,"DOUBLE_M2,ADD_M2_M3,ADD_M1_M2",3,MULTIPLE_AMBIGUOUS,multiple_candidates,1,0,0,2.42131234604868,1.60561512958659,0.004879,0.000516
11,asynchronous,D_count_matched,DOUBLE_M2,"M=20,20,20,20,|T=0,0,0,0,|B=2,15,1,50;2,15,1,50;",0,0,0,6,1160400002,2160400002,1120011002,3,6,"ADD_M2_M3,ADD_M1_M3,DOUBLE_M3","M=20,20,20,20,|T=0,0,0,0,|B=2,15,1,50;3,15,1,50;;M=20,20,20,20,|T=0,0,0,0,|B=1,15,1,50;3,15,1,50;;M=20,20,20,20,|T=0,0,0,0,|B=3,15,1,50;3,15,1,50;",1,[],ADD_M2_M3,"ADD_M2_M3,ADD_M1_M3,DOUBLE_M3",3,MULTIPLE_AMBIGUOUS,multiple_candidates,0,0,0,4.02692747563527,-1.60561512958659,0,0.000427
11,high_noise,A_D_samecal_3,DOUBLE_M2,"M=20,20,20,20,|T=0,0,0,0,|B=2,15,1,50;2,15,1,50;",0,0,0,6,1160400002,2160400002,1120011003,3,3,"G001,G002,G003","M=20,20,20,20,|T=0,0,0,0,|B=none;M=20,20,20,20,|T=0,0,0,0,|B=2,15,1,50;;M=20,20,20,20,|T=0,0,0,0,|B=1,15,1,50;",NaN,[],G002,"G002",1,UNIQUE_CONFIDENT,single_candidate_with_margin,0,0,1,3.07015005530203,4.00562264323828,0,0.000983
11,high_noise,A_D_samecal_6,DOUBLE_M2,"M=20,20,20,20,|T=0,0,0,0,|B=2,15,1,50;2,15,1,50;",0,0,0,6,1160400002,2160400002,1120011003,6,6,"G001,G002,G003,MIRROR_M3,ADD_M1_M3,EXT_111","M=20,20,20,20,|T=0,0,0,0,|B=none;M=20,20,20,20,|T=0,0,0,0,|B=2,15,1,50;;M=20,20,20,20,|T=0,0,0,0,|B=1,15,1,50;;M=20,20,20,20,|T=0,0,0,0,|B=3,15,1,50;;M=20,20,20,20,|T=0,0,0,0,|B=1,15,1,50;3,15,1,50;;M=20,20,20,20,|T=0,0,0,0,|B=1,15,1,50;2,15,1,50;3,15,1,50;",NaN,[],G002,"G002",1,UNIQUE_CONFIDENT,single_candidate_with_margin,0,0,1,3.4222275361772,3.83854159948557,0,0.001403
11,high_noise,J_frozen_6,DOUBLE_M2,"M=20,20,20,20,|T=0,0,0,0,|B=2,15,1,50;2,15,1,50;",0,0,0,6,1160400002,2160400002,1120011003,6,6,"G001,G002,G003,MIRROR_M3,ADD_M1_M3,EXT_111","M=20,20,20,20,|T=0,0,0,0,|B=none;M=20,20,20,20,|T=0,0,0,0,|B=2,15,1,50;;M=20,20,20,20,|T=0,0,0,0,|B=1,15,1,50;;M=20,20,20,20,|T=0,0,0,0,|B=3,15,1,50;;M=20,20,20,20,|T=0,0,0,0,|B=1,15,1,50;3,15,1,50;;M=20,20,20,20,|T=0,0,0,0,|B=1,15,1,50;2,15,1,50;3,15,1,50;",NaN,[],G002,"G002",1,UNIQUE_CONFIDENT,single_candidate_with_margin,0,0,1,3.4222275361772,3.83854159948557,0,0.00107
11,high_noise,B_ideal_ci,DOUBLE_M2,"M=20,20,20,20,|T=0,0,0,0,|B=2,15,1,50;2,15,1,50;",0,1,1,6,1160400002,2160400002,1120011003,1,6,"DOUBLE_M2","M=20,20,20,20,|T=0,0,0,0,|B=2,15,1,50;2,15,1,50;",1,[Inf;Inf;0.0115470053838;Inf;0.007453559925;Inf;0;Inf;Inf;0.0124721912892;Inf;0.01;Inf;Inf;0.0133333333333;Inf;Inf],DOUBLE_M2,"DOUBLE_M2",1,LOW_CONFIDENCE,insufficient_unique_margin,1,0,0,2.42131234604868,1.60561512958659,0,0.000857
11,high_noise,C_estimated_ci,DOUBLE_M2,"M=20,20,20,20,|T=0,0,0,0,|B=2,15,1,50;2,15,1,50;",0,1,1,6,1160400002,2160400002,1120011003,3,6,"DOUBLE_M2,ADD_M1_M2,ADD_M2_M3","M=20,20,20,20,|T=0,0,0,0,|B=2,15,1,50;2,15,1,50;;M=20,20,20,20,|T=0,0,0,0,|B=1,15,1,50;2,15,1,50;;M=20,20,20,20,|T=0,0,0,0,|B=2,15,1,50;3,15,1,50;",1,[Inf;Inf;0.0222735666052;Inf;0.0194256128831;Inf;0.0172181673607;Inf;Inf;0.0208576209769;Inf;0.0188189054993;Inf;Inf;0.0201364621369;Inf;Inf],DOUBLE_M2,"DOUBLE_M2,ADD_M1_M2,ADD_M2_M3",3,MULTIPLE_AMBIGUOUS,multiple_candidates,1,0,0,2.42131234604868,1.60561512958659,0.001334,0.000471
11,high_noise,D_count_matched,DOUBLE_M2,"M=20,20,20,20,|T=0,0,0,0,|B=2,15,1,50;2,15,1,50;",0,1,1,6,1160400002,2160400002,1120011003,3,6,"ADD_M1_M2,DOUBLE_M2,ADD_M1_M3","M=20,20,20,20,|T=0,0,0,0,|B=1,15,1,50;2,15,1,50;;M=20,20,20,20,|T=0,0,0,0,|B=2,15,1,50;2,15,1,50;;M=20,20,20,20,|T=0,0,0,0,|B=1,15,1,50;3,15,1,50;",1,[],DOUBLE_M2,"ADD_M1_M2,DOUBLE_M2,ADD_M1_M3",3,MULTIPLE_AMBIGUOUS,multiple_candidates,1,0,0,2.42131234604868,1.60561512958659,0,0.000327
12,synchronous,A_D_samecal_3,DOUBLE_M2,"M=20,20,20,20,|T=0,0,0,0,|B=2,15,1,50;2,15,1,50;",0,0,0,6,1160400003,2160400003,1120012001,3,3,"G001,G002,G003","M=20,20,20,20,|T=0,0,0,0,|B=none;M=20,20,20,20,|T=0,0,0,0,|B=2,15,1,50;;M=20,20,20,20,|T=0,0,0,0,|B=1,15,1,50;",NaN,[],G001,"",0,REJECTED,empty_first_set,0,0,0,Inf,NaN,0,0.00062
12,synchronous,A_D_samecal_6,DOUBLE_M2,"M=20,20,20,20,|T=0,0,0,0,|B=2,15,1,50;2,15,1,50;",0,0,0,6,1160400003,2160400003,1120012001,6,6,"G001,G002,G003,MIRROR_M3,ADD_M1_M3,EXT_111","M=20,20,20,20,|T=0,0,0,0,|B=none;M=20,20,20,20,|T=0,0,0,0,|B=2,15,1,50;;M=20,20,20,20,|T=0,0,0,0,|B=1,15,1,50;;M=20,20,20,20,|T=0,0,0,0,|B=3,15,1,50;;M=20,20,20,20,|T=0,0,0,0,|B=1,15,1,50;3,15,1,50;;M=20,20,20,20,|T=0,0,0,0,|B=1,15,1,50;2,15,1,50;3,15,1,50;",NaN,[],G001,"",0,REJECTED,empty_first_set,0,0,0,Inf,NaN,0,0.001535
12,synchronous,J_frozen_6,DOUBLE_M2,"M=20,20,20,20,|T=0,0,0,0,|B=2,15,1,50;2,15,1,50;",0,0,0,6,1160400003,2160400003,1120012001,6,6,"G001,G002,G003,MIRROR_M3,ADD_M1_M3,EXT_111","M=20,20,20,20,|T=0,0,0,0,|B=none;M=20,20,20,20,|T=0,0,0,0,|B=2,15,1,50;;M=20,20,20,20,|T=0,0,0,0,|B=1,15,1,50;;M=20,20,20,20,|T=0,0,0,0,|B=3,15,1,50;;M=20,20,20,20,|T=0,0,0,0,|B=1,15,1,50;3,15,1,50;;M=20,20,20,20,|T=0,0,0,0,|B=1,15,1,50;2,15,1,50;3,15,1,50;",NaN,[],G001,"",0,REJECTED,empty_first_set,0,0,0,Inf,NaN,0,0.001419
12,synchronous,B_ideal_ci,DOUBLE_M2,"M=20,20,20,20,|T=0,0,0,0,|B=2,15,1,50;2,15,1,50;",0,1,1,6,1160400003,2160400003,1120012001,1,6,"DOUBLE_M2","M=20,20,20,20,|T=0,0,0,0,|B=2,15,1,50;2,15,1,50;",1,[Inf;Inf;0.0115470053838;Inf;0.007453559925;Inf;0;Inf;Inf;0.0124721912892;Inf;0.01;Inf;Inf;0.0133333333333;Inf;Inf],DOUBLE_M2,"DOUBLE_M2",1,LOW_CONFIDENCE,insufficient_unique_margin,1,0,0,3.8434268878761,0.835448760450006,0,0.000568
12,synchronous,C_estimated_ci,DOUBLE_M2,"M=20,20,20,20,|T=0,0,0,0,|B=2,15,1,50;2,15,1,50;",0,1,1,6,1160400003,2160400003,1120012001,3,6,"DOUBLE_M2,ADD_M2_M3,ADD_M1_M2","M=20,20,20,20,|T=0,0,0,0,|B=2,15,1,50;2,15,1,50;;M=20,20,20,20,|T=0,0,0,0,|B=2,15,1,50;3,15,1,50;;M=20,20,20,20,|T=0,0,0,0,|B=1,15,1,50;2,15,1,50;",1,[Inf;Inf;0.0116407756619;Inf;0.00753003528096;Inf;0.000168562685126;Inf;Inf;0.0124588147836;Inf;0.00992718730856;Inf;Inf;0.0132467418954;Inf;Inf],DOUBLE_M2,"DOUBLE_M2,ADD_M2_M3,ADD_M1_M2",3,MULTIPLE_AMBIGUOUS,multiple_candidates,1,0,0,3.8434268878761,0.835448760450006,0.001545,0.000778
12,synchronous,D_count_matched,DOUBLE_M2,"M=20,20,20,20,|T=0,0,0,0,|B=2,15,1,50;2,15,1,50;",0,0,0,6,1160400003,2160400003,1120012001,3,6,"DOUBLE_M3,ADD_M1_M2,ADD_M2_M3","M=20,20,20,20,|T=0,0,0,0,|B=3,15,1,50;3,15,1,50;;M=20,20,20,20,|T=0,0,0,0,|B=1,15,1,50;2,15,1,50;;M=20,20,20,20,|T=0,0,0,0,|B=2,15,1,50;3,15,1,50;",1,[],ADD_M1_M2,"DOUBLE_M3,ADD_M1_M2,ADD_M2_M3",3,MULTIPLE_AMBIGUOUS,multiple_candidates,0,0,0,4.67887564832611,-0.835448760450006,0,0.000426
12,asynchronous,A_D_samecal_3,DOUBLE_M2,"M=20,20,20,20,|T=0,0,0,0,|B=2,15,1,50;2,15,1,50;",0,0,0,6,1160400003,2160400003,1120012002,3,3,"G001,G002,G003","M=20,20,20,20,|T=0,0,0,0,|B=none;M=20,20,20,20,|T=0,0,0,0,|B=2,15,1,50;;M=20,20,20,20,|T=0,0,0,0,|B=1,15,1,50;",NaN,[],G001,"",0,REJECTED,empty_first_set,0,0,0,Inf,NaN,0,0.000467
12,asynchronous,A_D_samecal_6,DOUBLE_M2,"M=20,20,20,20,|T=0,0,0,0,|B=2,15,1,50;2,15,1,50;",0,0,0,6,1160400003,2160400003,1120012002,6,6,"G001,G002,G003,MIRROR_M3,ADD_M1_M3,EXT_111","M=20,20,20,20,|T=0,0,0,0,|B=none;M=20,20,20,20,|T=0,0,0,0,|B=2,15,1,50;;M=20,20,20,20,|T=0,0,0,0,|B=1,15,1,50;;M=20,20,20,20,|T=0,0,0,0,|B=3,15,1,50;;M=20,20,20,20,|T=0,0,0,0,|B=1,15,1,50;3,15,1,50;;M=20,20,20,20,|T=0,0,0,0,|B=1,15,1,50;2,15,1,50;3,15,1,50;",NaN,[],G001,"",0,REJECTED,empty_first_set,0,0,0,Inf,NaN,0,0.000488
12,asynchronous,J_frozen_6,DOUBLE_M2,"M=20,20,20,20,|T=0,0,0,0,|B=2,15,1,50;2,15,1,50;",0,0,0,6,1160400003,2160400003,1120012002,6,6,"G001,G002,G003,MIRROR_M3,ADD_M1_M3,EXT_111","M=20,20,20,20,|T=0,0,0,0,|B=none;M=20,20,20,20,|T=0,0,0,0,|B=2,15,1,50;;M=20,20,20,20,|T=0,0,0,0,|B=1,15,1,50;;M=20,20,20,20,|T=0,0,0,0,|B=3,15,1,50;;M=20,20,20,20,|T=0,0,0,0,|B=1,15,1,50;3,15,1,50;;M=20,20,20,20,|T=0,0,0,0,|B=1,15,1,50;2,15,1,50;3,15,1,50;",NaN,[],G001,"",0,REJECTED,empty_first_set,0,0,0,Inf,NaN,0,0.000472
12,asynchronous,B_ideal_ci,DOUBLE_M2,"M=20,20,20,20,|T=0,0,0,0,|B=2,15,1,50;2,15,1,50;",0,1,1,6,1160400003,2160400003,1120012002,1,6,"DOUBLE_M2","M=20,20,20,20,|T=0,0,0,0,|B=2,15,1,50;2,15,1,50;",1,[Inf;Inf;0.0115470053838;Inf;0.007453559925;Inf;0;Inf;Inf;0.0124721912892;Inf;0.01;Inf;Inf;0.0133333333333;Inf;Inf],DOUBLE_M2,"DOUBLE_M2",1,LOW_CONFIDENCE,insufficient_unique_margin,1,0,0,3.8434268878761,0.835448760450006,0,0.000616
12,asynchronous,C_estimated_ci,DOUBLE_M2,"M=20,20,20,20,|T=0,0,0,0,|B=2,15,1,50;2,15,1,50;",0,1,1,6,1160400003,2160400003,1120012002,3,6,"DOUBLE_M1,DOUBLE_M2,ADD_M1_M2","M=20,20,20,20,|T=0,0,0,0,|B=1,15,1,50;1,15,1,50;;M=20,20,20,20,|T=0,0,0,0,|B=2,15,1,50;2,15,1,50;;M=20,20,20,20,|T=0,0,0,0,|B=1,15,1,50;2,15,1,50;",2,[Inf;Inf;0.0213766710238;Inf;0.0181884923469;Inf;0.0122605626954;Inf;Inf;0.019578990844;Inf;0.0142420864419;Inf;Inf;0.0100563061446;Inf;Inf],DOUBLE_M2,"DOUBLE_M1,DOUBLE_M2,ADD_M1_M2",3,MULTIPLE_AMBIGUOUS,multiple_candidates,1,0,0,3.8434268878761,0.835448760450006,0.001657,0.000556
12,asynchronous,D_count_matched,DOUBLE_M2,"M=20,20,20,20,|T=0,0,0,0,|B=2,15,1,50;2,15,1,50;",0,0,0,6,1160400003,2160400003,1120012002,3,6,"ADD_M1_M3,ADD_M1_M2,DOUBLE_M3","M=20,20,20,20,|T=0,0,0,0,|B=1,15,1,50;3,15,1,50;;M=20,20,20,20,|T=0,0,0,0,|B=1,15,1,50;2,15,1,50;;M=20,20,20,20,|T=0,0,0,0,|B=3,15,1,50;3,15,1,50;",2,[],ADD_M1_M2,"ADD_M1_M3,ADD_M1_M2,DOUBLE_M3",3,MULTIPLE_AMBIGUOUS,multiple_candidates,0,0,0,4.67887564832611,-0.835448760450006,0,0.000346
12,high_noise,A_D_samecal_3,DOUBLE_M2,"M=20,20,20,20,|T=0,0,0,0,|B=2,15,1,50;2,15,1,50;",0,0,0,6,1160400003,2160400003,1120012003,3,3,"G001,G002,G003","M=20,20,20,20,|T=0,0,0,0,|B=none;M=20,20,20,20,|T=0,0,0,0,|B=2,15,1,50;;M=20,20,20,20,|T=0,0,0,0,|B=1,15,1,50;",NaN,[],G001,"",0,REJECTED,empty_first_set,0,0,0,Inf,NaN,0,0.000645
12,high_noise,A_D_samecal_6,DOUBLE_M2,"M=20,20,20,20,|T=0,0,0,0,|B=2,15,1,50;2,15,1,50;",0,0,0,6,1160400003,2160400003,1120012003,6,6,"G001,G002,G003,MIRROR_M3,ADD_M1_M3,EXT_111","M=20,20,20,20,|T=0,0,0,0,|B=none;M=20,20,20,20,|T=0,0,0,0,|B=2,15,1,50;;M=20,20,20,20,|T=0,0,0,0,|B=1,15,1,50;;M=20,20,20,20,|T=0,0,0,0,|B=3,15,1,50;;M=20,20,20,20,|T=0,0,0,0,|B=1,15,1,50;3,15,1,50;;M=20,20,20,20,|T=0,0,0,0,|B=1,15,1,50;2,15,1,50;3,15,1,50;",NaN,[],G001,"",0,REJECTED,empty_first_set,0,0,0,Inf,NaN,0,0.000382
12,high_noise,J_frozen_6,DOUBLE_M2,"M=20,20,20,20,|T=0,0,0,0,|B=2,15,1,50;2,15,1,50;",0,0,0,6,1160400003,2160400003,1120012003,6,6,"G001,G002,G003,MIRROR_M3,ADD_M1_M3,EXT_111","M=20,20,20,20,|T=0,0,0,0,|B=none;M=20,20,20,20,|T=0,0,0,0,|B=2,15,1,50;;M=20,20,20,20,|T=0,0,0,0,|B=1,15,1,50;;M=20,20,20,20,|T=0,0,0,0,|B=3,15,1,50;;M=20,20,20,20,|T=0,0,0,0,|B=1,15,1,50;3,15,1,50;;M=20,20,20,20,|T=0,0,0,0,|B=1,15,1,50;2,15,1,50;3,15,1,50;",NaN,[],G001,"",0,REJECTED,empty_first_set,0,0,0,Inf,NaN,0,0.000423
12,high_noise,B_ideal_ci,DOUBLE_M2,"M=20,20,20,20,|T=0,0,0,0,|B=2,15,1,50;2,15,1,50;",0,1,1,6,1160400003,2160400003,1120012003,1,6,"DOUBLE_M2","M=20,20,20,20,|T=0,0,0,0,|B=2,15,1,50;2,15,1,50;",1,[Inf;Inf;0.0115470053838;Inf;0.007453559925;Inf;0;Inf;Inf;0.0124721912892;Inf;0.01;Inf;Inf;0.0133333333333;Inf;Inf],DOUBLE_M2,"DOUBLE_M2",1,LOW_CONFIDENCE,insufficient_unique_margin,1,0,0,3.8434268878761,0.835448760450006,0,0.000594
12,high_noise,C_estimated_ci,DOUBLE_M2,"M=20,20,20,20,|T=0,0,0,0,|B=2,15,1,50;2,15,1,50;",0,1,1,6,1160400003,2160400003,1120012003,3,6,"DOUBLE_M2,ADD_M2_M3,ADD_M1_M2","M=20,20,20,20,|T=0,0,0,0,|B=2,15,1,50;2,15,1,50;;M=20,20,20,20,|T=0,0,0,0,|B=2,15,1,50;3,15,1,50;;M=20,20,20,20,|T=0,0,0,0,|B=1,15,1,50;2,15,1,50;",1,[Inf;Inf;0.0114662071213;Inf;0.00752789852666;Inf;0.000372333697868;Inf;Inf;0.0126072138491;Inf;0.0101198427454;Inf;Inf;0.0134131515017;Inf;Inf],DOUBLE_M2,"DOUBLE_M2,ADD_M2_M3,ADD_M1_M2",3,MULTIPLE_AMBIGUOUS,multiple_candidates,1,0,0,3.8434268878761,0.835448760450006,0.001644,0.000549
12,high_noise,D_count_matched,DOUBLE_M2,"M=20,20,20,20,|T=0,0,0,0,|B=2,15,1,50;2,15,1,50;",0,0,0,6,1160400003,2160400003,1120012003,3,6,"ADD_M1_M2,ADD_M1_M3,ADD_M2_M3","M=20,20,20,20,|T=0,0,0,0,|B=1,15,1,50;2,15,1,50;;M=20,20,20,20,|T=0,0,0,0,|B=1,15,1,50;3,15,1,50;;M=20,20,20,20,|T=0,0,0,0,|B=2,15,1,50;3,15,1,50;",1,[],ADD_M1_M2,"ADD_M1_M2,ADD_M1_M3,ADD_M2_M3",3,MULTIPLE_AMBIGUOUS,multiple_candidates,0,0,0,4.67887564832611,-0.835448760450006,0,0.001254
13,synchronous,A_D_samecal_3,ADD_M2_M3,"M=20,20,20,20,|T=0,0,0,0,|B=2,15,1,50;3,15,1,50;",0,0,0,6,1160500001,2160500001,1120013001,3,3,"G001,G002,G003","M=20,20,20,20,|T=0,0,0,0,|B=none;M=20,20,20,20,|T=0,0,0,0,|B=2,15,1,50;;M=20,20,20,20,|T=0,0,0,0,|B=1,15,1,50;",NaN,[],G001,"",0,REJECTED,empty_first_set,0,0,0,Inf,NaN,0,0.000491
13,synchronous,A_D_samecal_6,ADD_M2_M3,"M=20,20,20,20,|T=0,0,0,0,|B=2,15,1,50;3,15,1,50;",0,0,0,6,1160500001,2160500001,1120013001,6,6,"G001,G002,G003,MIRROR_M3,ADD_M1_M3,EXT_111","M=20,20,20,20,|T=0,0,0,0,|B=none;M=20,20,20,20,|T=0,0,0,0,|B=2,15,1,50;;M=20,20,20,20,|T=0,0,0,0,|B=1,15,1,50;;M=20,20,20,20,|T=0,0,0,0,|B=3,15,1,50;;M=20,20,20,20,|T=0,0,0,0,|B=1,15,1,50;3,15,1,50;;M=20,20,20,20,|T=0,0,0,0,|B=1,15,1,50;2,15,1,50;3,15,1,50;",NaN,[],ADD_M1_M3,"ADD_M1_M3",1,LOW_CONFIDENCE,insufficient_unique_margin,0,0,0,2.46998898653174,1.15394540793192,0,0.000991
13,synchronous,J_frozen_6,ADD_M2_M3,"M=20,20,20,20,|T=0,0,0,0,|B=2,15,1,50;3,15,1,50;",0,0,0,6,1160500001,2160500001,1120013001,6,6,"G001,G002,G003,MIRROR_M3,ADD_M1_M3,EXT_111","M=20,20,20,20,|T=0,0,0,0,|B=none;M=20,20,20,20,|T=0,0,0,0,|B=2,15,1,50;;M=20,20,20,20,|T=0,0,0,0,|B=1,15,1,50;;M=20,20,20,20,|T=0,0,0,0,|B=3,15,1,50;;M=20,20,20,20,|T=0,0,0,0,|B=1,15,1,50;3,15,1,50;;M=20,20,20,20,|T=0,0,0,0,|B=1,15,1,50;2,15,1,50;3,15,1,50;",NaN,[],ADD_M1_M3,"ADD_M1_M3",1,LOW_CONFIDENCE,insufficient_unique_margin,0,0,0,2.46998898653174,1.15394540793192,0,0.000982
13,synchronous,B_ideal_ci,ADD_M2_M3,"M=20,20,20,20,|T=0,0,0,0,|B=2,15,1,50;3,15,1,50;",0,1,1,6,1160500001,2160500001,1120013001,1,6,"ADD_M2_M3","M=20,20,20,20,|T=0,0,0,0,|B=2,15,1,50;3,15,1,50;",1,[Inf;Inf;0.00881917103688;Inf;0;Inf;0.007453559925;Inf;Inf;0.01;Inf;0.0124721912892;Inf;Inf;0.0185592145428;Inf;Inf],ADD_M2_M3,"ADD_M2_M3",1,LOW_CONFIDENCE,insufficient_unique_margin,1,0,0,1.86735035864469,-2.22044604925031e-16,0,0.000786
13,synchronous,C_estimated_ci,ADD_M2_M3,"M=20,20,20,20,|T=0,0,0,0,|B=2,15,1,50;3,15,1,50;",0,1,1,6,1160500001,2160500001,1120013001,3,6,"ADD_M2_M3,DOUBLE_M2,DOUBLE_M3","M=20,20,20,20,|T=0,0,0,0,|B=2,15,1,50;3,15,1,50;;M=20,20,20,20,|T=0,0,0,0,|B=2,15,1,50;2,15,1,50;;M=20,20,20,20,|T=0,0,0,0,|B=3,15,1,50;3,15,1,50;",1,[Inf;Inf;0.00888786847614;Inf;0.000172350858074;Inf;0.00739723891941;Inf;Inf;0.00993112993621;Inf;0.0123821153533;Inf;Inf;0.0184630993715;Inf;Inf],ADD_M2_M3,"ADD_M2_M3,DOUBLE_M2,DOUBLE_M3",3,MULTIPLE_AMBIGUOUS,multiple_candidates,1,0,0,1.86735035864469,-2.22044604925031e-16,0.001471,0.000752
13,synchronous,D_count_matched,ADD_M2_M3,"M=20,20,20,20,|T=0,0,0,0,|B=2,15,1,50;3,15,1,50;",0,1,1,6,1160500001,2160500001,1120013001,3,6,"ADD_M1_M3,DOUBLE_M3,ADD_M2_M3","M=20,20,20,20,|T=0,0,0,0,|B=1,15,1,50;3,15,1,50;;M=20,20,20,20,|T=0,0,0,0,|B=3,15,1,50;3,15,1,50;;M=20,20,20,20,|T=0,0,0,0,|B=2,15,1,50;3,15,1,50;",1,[],ADD_M2_M3,"ADD_M1_M3,DOUBLE_M3,ADD_M2_M3",3,MULTIPLE_AMBIGUOUS,multiple_candidates,1,0,0,1.86735035864469,-2.22044604925031e-16,0,0.000509
13,asynchronous,A_D_samecal_3,ADD_M2_M3,"M=20,20,20,20,|T=0,0,0,0,|B=2,15,1,50;3,15,1,50;",0,0,0,6,1160500001,2160500001,1120013002,3,3,"G001,G002,G003","M=20,20,20,20,|T=0,0,0,0,|B=none;M=20,20,20,20,|T=0,0,0,0,|B=2,15,1,50;;M=20,20,20,20,|T=0,0,0,0,|B=1,15,1,50;",NaN,[],G001,"",0,REJECTED,empty_first_set,0,0,0,Inf,NaN,0,0.000474
13,asynchronous,A_D_samecal_6,ADD_M2_M3,"M=20,20,20,20,|T=0,0,0,0,|B=2,15,1,50;3,15,1,50;",0,0,0,6,1160500001,2160500001,1120013002,6,6,"G001,G002,G003,MIRROR_M3,ADD_M1_M3,EXT_111","M=20,20,20,20,|T=0,0,0,0,|B=none;M=20,20,20,20,|T=0,0,0,0,|B=2,15,1,50;;M=20,20,20,20,|T=0,0,0,0,|B=1,15,1,50;;M=20,20,20,20,|T=0,0,0,0,|B=3,15,1,50;;M=20,20,20,20,|T=0,0,0,0,|B=1,15,1,50;3,15,1,50;;M=20,20,20,20,|T=0,0,0,0,|B=1,15,1,50;2,15,1,50;3,15,1,50;",NaN,[],ADD_M1_M3,"ADD_M1_M3",1,LOW_CONFIDENCE,insufficient_unique_margin,0,0,0,2.46998898653174,1.15394540793192,0,0.000885
13,asynchronous,J_frozen_6,ADD_M2_M3,"M=20,20,20,20,|T=0,0,0,0,|B=2,15,1,50;3,15,1,50;",0,0,0,6,1160500001,2160500001,1120013002,6,6,"G001,G002,G003,MIRROR_M3,ADD_M1_M3,EXT_111","M=20,20,20,20,|T=0,0,0,0,|B=none;M=20,20,20,20,|T=0,0,0,0,|B=2,15,1,50;;M=20,20,20,20,|T=0,0,0,0,|B=1,15,1,50;;M=20,20,20,20,|T=0,0,0,0,|B=3,15,1,50;;M=20,20,20,20,|T=0,0,0,0,|B=1,15,1,50;3,15,1,50;;M=20,20,20,20,|T=0,0,0,0,|B=1,15,1,50;2,15,1,50;3,15,1,50;",NaN,[],ADD_M1_M3,"ADD_M1_M3",1,LOW_CONFIDENCE,insufficient_unique_margin,0,0,0,2.46998898653174,1.15394540793192,0,0.001569
13,asynchronous,B_ideal_ci,ADD_M2_M3,"M=20,20,20,20,|T=0,0,0,0,|B=2,15,1,50;3,15,1,50;",0,1,1,6,1160500001,2160500001,1120013002,1,6,"ADD_M2_M3","M=20,20,20,20,|T=0,0,0,0,|B=2,15,1,50;3,15,1,50;",1,[Inf;Inf;0.00881917103688;Inf;0;Inf;0.007453559925;Inf;Inf;0.01;Inf;0.0124721912892;Inf;Inf;0.0185592145428;Inf;Inf],ADD_M2_M3,"ADD_M2_M3",1,LOW_CONFIDENCE,insufficient_unique_margin,1,0,0,1.86735035864469,-2.22044604925031e-16,0,0.000811
13,asynchronous,C_estimated_ci,ADD_M2_M3,"M=20,20,20,20,|T=0,0,0,0,|B=2,15,1,50;3,15,1,50;",0,1,1,6,1160500001,2160500001,1120013002,3,6,"ADD_M1_M3,ADD_M1_M2,ADD_M2_M3","M=20,20,20,20,|T=0,0,0,0,|B=1,15,1,50;3,15,1,50;;M=20,20,20,20,|T=0,0,0,0,|B=1,15,1,50;2,15,1,50;;M=20,20,20,20,|T=0,0,0,0,|B=2,15,1,50;3,15,1,50;",3,[Inf;Inf;0.0233006257234;Inf;0.0170190323152;Inf;0.0188705800539;Inf;Inf;0.0123256103265;Inf;0.0147774152186;Inf;Inf;0.0187187198302;Inf;Inf],ADD_M1_M2,"ADD_M1_M3,ADD_M1_M2,ADD_M2_M3",3,MULTIPLE_AMBIGUOUS,multiple_candidates,1,0,0,1.86735035864469,2.22044604925031e-16,0.001675,0.000602
13,asynchronous,D_count_matched,ADD_M2_M3,"M=20,20,20,20,|T=0,0,0,0,|B=2,15,1,50;3,15,1,50;",0,1,1,6,1160500001,2160500001,1120013002,3,6,"ADD_M2_M3,DOUBLE_M2,DOUBLE_M1","M=20,20,20,20,|T=0,0,0,0,|B=2,15,1,50;3,15,1,50;;M=20,20,20,20,|T=0,0,0,0,|B=2,15,1,50;2,15,1,50;;M=20,20,20,20,|T=0,0,0,0,|B=1,15,1,50;1,15,1,50;",3,[],ADD_M2_M3,"ADD_M2_M3,DOUBLE_M2,DOUBLE_M1",3,MULTIPLE_AMBIGUOUS,multiple_candidates,1,0,0,1.86735035864469,-2.22044604925031e-16,0,0.000759
13,high_noise,A_D_samecal_3,ADD_M2_M3,"M=20,20,20,20,|T=0,0,0,0,|B=2,15,1,50;3,15,1,50;",0,0,0,6,1160500001,2160500001,1120013003,3,3,"G001,G002,G003","M=20,20,20,20,|T=0,0,0,0,|B=none;M=20,20,20,20,|T=0,0,0,0,|B=2,15,1,50;;M=20,20,20,20,|T=0,0,0,0,|B=1,15,1,50;",NaN,[],G001,"",0,REJECTED,empty_first_set,0,0,0,Inf,NaN,0,0.000656
13,high_noise,A_D_samecal_6,ADD_M2_M3,"M=20,20,20,20,|T=0,0,0,0,|B=2,15,1,50;3,15,1,50;",0,0,0,6,1160500001,2160500001,1120013003,6,6,"G001,G002,G003,MIRROR_M3,ADD_M1_M3,EXT_111","M=20,20,20,20,|T=0,0,0,0,|B=none;M=20,20,20,20,|T=0,0,0,0,|B=2,15,1,50;;M=20,20,20,20,|T=0,0,0,0,|B=1,15,1,50;;M=20,20,20,20,|T=0,0,0,0,|B=3,15,1,50;;M=20,20,20,20,|T=0,0,0,0,|B=1,15,1,50;3,15,1,50;;M=20,20,20,20,|T=0,0,0,0,|B=1,15,1,50;2,15,1,50;3,15,1,50;",NaN,[],ADD_M1_M3,"ADD_M1_M3",1,LOW_CONFIDENCE,insufficient_unique_margin,0,0,0,2.46998898653174,1.15394540793192,0,0.000769
13,high_noise,J_frozen_6,ADD_M2_M3,"M=20,20,20,20,|T=0,0,0,0,|B=2,15,1,50;3,15,1,50;",0,0,0,6,1160500001,2160500001,1120013003,6,6,"G001,G002,G003,MIRROR_M3,ADD_M1_M3,EXT_111","M=20,20,20,20,|T=0,0,0,0,|B=none;M=20,20,20,20,|T=0,0,0,0,|B=2,15,1,50;;M=20,20,20,20,|T=0,0,0,0,|B=1,15,1,50;;M=20,20,20,20,|T=0,0,0,0,|B=3,15,1,50;;M=20,20,20,20,|T=0,0,0,0,|B=1,15,1,50;3,15,1,50;;M=20,20,20,20,|T=0,0,0,0,|B=1,15,1,50;2,15,1,50;3,15,1,50;",NaN,[],ADD_M1_M3,"ADD_M1_M3",1,LOW_CONFIDENCE,insufficient_unique_margin,0,0,0,2.46998898653174,1.15394540793192,0,0.001141
13,high_noise,B_ideal_ci,ADD_M2_M3,"M=20,20,20,20,|T=0,0,0,0,|B=2,15,1,50;3,15,1,50;",0,1,1,6,1160500001,2160500001,1120013003,1,6,"ADD_M2_M3","M=20,20,20,20,|T=0,0,0,0,|B=2,15,1,50;3,15,1,50;",1,[Inf;Inf;0.00881917103688;Inf;0;Inf;0.007453559925;Inf;Inf;0.01;Inf;0.0124721912892;Inf;Inf;0.0185592145428;Inf;Inf],ADD_M2_M3,"ADD_M2_M3",1,LOW_CONFIDENCE,insufficient_unique_margin,1,0,0,1.86735035864469,-2.22044604925031e-16,0,0.00079
13,high_noise,C_estimated_ci,ADD_M2_M3,"M=20,20,20,20,|T=0,0,0,0,|B=2,15,1,50;3,15,1,50;",0,1,1,6,1160500001,2160500001,1120013003,3,6,"ADD_M2_M3,DOUBLE_M2,DOUBLE_M3","M=20,20,20,20,|T=0,0,0,0,|B=2,15,1,50;3,15,1,50;;M=20,20,20,20,|T=0,0,0,0,|B=2,15,1,50;2,15,1,50;;M=20,20,20,20,|T=0,0,0,0,|B=3,15,1,50;3,15,1,50;",1,[Inf;Inf;0.00874290181071;Inf;0.00035483169635;Inf;0.00750948830015;Inf;Inf;0.0100993707931;Inf;0.012580294091;Inf;Inf;0.0186373200557;Inf;Inf],ADD_M2_M3,"ADD_M2_M3,DOUBLE_M2,DOUBLE_M3",3,MULTIPLE_AMBIGUOUS,multiple_candidates,1,0,0,1.86735035864469,-2.22044604925031e-16,0.001337,0.000545
13,high_noise,D_count_matched,ADD_M2_M3,"M=20,20,20,20,|T=0,0,0,0,|B=2,15,1,50;3,15,1,50;",0,0,0,6,1160500001,2160500001,1120013003,3,6,"DOUBLE_M3,ADD_M1_M3,DOUBLE_M2","M=20,20,20,20,|T=0,0,0,0,|B=3,15,1,50;3,15,1,50;;M=20,20,20,20,|T=0,0,0,0,|B=1,15,1,50;3,15,1,50;;M=20,20,20,20,|T=0,0,0,0,|B=2,15,1,50;2,15,1,50;",1,[],ADD_M1_M3,"DOUBLE_M3,ADD_M1_M3,DOUBLE_M2",3,MULTIPLE_AMBIGUOUS,multiple_candidates,0,0,0,2.51842239596252,-0.651072037317833,0,0.000552
14,synchronous,A_D_samecal_3,ADD_M2_M3,"M=20,20,20,20,|T=0,0,0,0,|B=2,15,1,50;3,15,1,50;",0,0,0,6,1160500002,2160500002,1120014001,3,3,"G001,G002,G003","M=20,20,20,20,|T=0,0,0,0,|B=none;M=20,20,20,20,|T=0,0,0,0,|B=2,15,1,50;;M=20,20,20,20,|T=0,0,0,0,|B=1,15,1,50;",NaN,[],G001,"",0,REJECTED,empty_first_set,0,0,0,Inf,NaN,0,0.000464
14,synchronous,A_D_samecal_6,ADD_M2_M3,"M=20,20,20,20,|T=0,0,0,0,|B=2,15,1,50;3,15,1,50;",0,0,0,6,1160500002,2160500002,1120014001,6,6,"G001,G002,G003,MIRROR_M3,ADD_M1_M3,EXT_111","M=20,20,20,20,|T=0,0,0,0,|B=none;M=20,20,20,20,|T=0,0,0,0,|B=2,15,1,50;;M=20,20,20,20,|T=0,0,0,0,|B=1,15,1,50;;M=20,20,20,20,|T=0,0,0,0,|B=3,15,1,50;;M=20,20,20,20,|T=0,0,0,0,|B=1,15,1,50;3,15,1,50;;M=20,20,20,20,|T=0,0,0,0,|B=1,15,1,50;2,15,1,50;3,15,1,50;",NaN,[],ADD_M1_M3,"ADD_M1_M3",1,LOW_CONFIDENCE,insufficient_unique_margin,0,0,0,2.17686786136743,1.375701505171,0,0.001119
14,synchronous,J_frozen_6,ADD_M2_M3,"M=20,20,20,20,|T=0,0,0,0,|B=2,15,1,50;3,15,1,50;",0,0,0,6,1160500002,2160500002,1120014001,6,6,"G001,G002,G003,MIRROR_M3,ADD_M1_M3,EXT_111","M=20,20,20,20,|T=0,0,0,0,|B=none;M=20,20,20,20,|T=0,0,0,0,|B=2,15,1,50;;M=20,20,20,20,|T=0,0,0,0,|B=1,15,1,50;;M=20,20,20,20,|T=0,0,0,0,|B=3,15,1,50;;M=20,20,20,20,|T=0,0,0,0,|B=1,15,1,50;3,15,1,50;;M=20,20,20,20,|T=0,0,0,0,|B=1,15,1,50;2,15,1,50;3,15,1,50;",NaN,[],ADD_M1_M3,"ADD_M1_M3",1,LOW_CONFIDENCE,insufficient_unique_margin,0,0,0,2.17686786136743,1.375701505171,0,0.001065
14,synchronous,B_ideal_ci,ADD_M2_M3,"M=20,20,20,20,|T=0,0,0,0,|B=2,15,1,50;3,15,1,50;",0,1,1,6,1160500002,2160500002,1120014001,1,6,"ADD_M2_M3","M=20,20,20,20,|T=0,0,0,0,|B=2,15,1,50;3,15,1,50;",1,[Inf;Inf;0.00881917103688;Inf;0;Inf;0.007453559925;Inf;Inf;0.01;Inf;0.0124721912892;Inf;Inf;0.0185592145428;Inf;Inf],ADD_M2_M3,"ADD_M2_M3",1,LOW_CONFIDENCE,insufficient_unique_margin,1,0,0,1.2186465802853,8.88178419700125e-16,0,0.0011
14,synchronous,C_estimated_ci,ADD_M2_M3,"M=20,20,20,20,|T=0,0,0,0,|B=2,15,1,50;3,15,1,50;",0,1,1,6,1160500002,2160500002,1120014001,3,6,"ADD_M2_M3,DOUBLE_M2,DOUBLE_M3","M=20,20,20,20,|T=0,0,0,0,|B=2,15,1,50;3,15,1,50;;M=20,20,20,20,|T=0,0,0,0,|B=2,15,1,50;2,15,1,50;;M=20,20,20,20,|T=0,0,0,0,|B=3,15,1,50;3,15,1,50;",1,[Inf;Inf;0.00879843730667;Inf;0.000191269327308;Inf;0.00750436985353;Inf;Inf;0.0100336330861;Inf;0.0125280794956;Inf;Inf;0.0186199045979;Inf;Inf],ADD_M2_M3,"ADD_M2_M3,DOUBLE_M2,DOUBLE_M3",3,MULTIPLE_AMBIGUOUS,multiple_candidates,1,0,0,1.2186465802853,8.88178419700125e-16,0.00118,0.000656
14,synchronous,D_count_matched,ADD_M2_M3,"M=20,20,20,20,|T=0,0,0,0,|B=2,15,1,50;3,15,1,50;",0,1,1,6,1160500002,2160500002,1120014001,3,6,"ADD_M2_M3,ADD_M1_M3,DOUBLE_M1","M=20,20,20,20,|T=0,0,0,0,|B=2,15,1,50;3,15,1,50;;M=20,20,20,20,|T=0,0,0,0,|B=1,15,1,50;3,15,1,50;;M=20,20,20,20,|T=0,0,0,0,|B=1,15,1,50;1,15,1,50;",1,[],ADD_M2_M3,"ADD_M2_M3,ADD_M1_M3,DOUBLE_M1",3,MULTIPLE_AMBIGUOUS,multiple_candidates,1,0,0,1.2186465802853,8.88178419700125e-16,0,0.000554
14,asynchronous,A_D_samecal_3,ADD_M2_M3,"M=20,20,20,20,|T=0,0,0,0,|B=2,15,1,50;3,15,1,50;",0,0,0,6,1160500002,2160500002,1120014002,3,3,"G001,G002,G003","M=20,20,20,20,|T=0,0,0,0,|B=none;M=20,20,20,20,|T=0,0,0,0,|B=2,15,1,50;;M=20,20,20,20,|T=0,0,0,0,|B=1,15,1,50;",NaN,[],G001,"",0,REJECTED,empty_first_set,0,0,0,Inf,NaN,0,0.00134
14,asynchronous,A_D_samecal_6,ADD_M2_M3,"M=20,20,20,20,|T=0,0,0,0,|B=2,15,1,50;3,15,1,50;",0,0,0,6,1160500002,2160500002,1120014002,6,6,"G001,G002,G003,MIRROR_M3,ADD_M1_M3,EXT_111","M=20,20,20,20,|T=0,0,0,0,|B=none;M=20,20,20,20,|T=0,0,0,0,|B=2,15,1,50;;M=20,20,20,20,|T=0,0,0,0,|B=1,15,1,50;;M=20,20,20,20,|T=0,0,0,0,|B=3,15,1,50;;M=20,20,20,20,|T=0,0,0,0,|B=1,15,1,50;3,15,1,50;;M=20,20,20,20,|T=0,0,0,0,|B=1,15,1,50;2,15,1,50;3,15,1,50;",NaN,[],ADD_M1_M3,"ADD_M1_M3",1,LOW_CONFIDENCE,insufficient_unique_margin,0,0,0,2.17686786136743,1.375701505171,0,0.002919
14,asynchronous,J_frozen_6,ADD_M2_M3,"M=20,20,20,20,|T=0,0,0,0,|B=2,15,1,50;3,15,1,50;",0,0,0,6,1160500002,2160500002,1120014002,6,6,"G001,G002,G003,MIRROR_M3,ADD_M1_M3,EXT_111","M=20,20,20,20,|T=0,0,0,0,|B=none;M=20,20,20,20,|T=0,0,0,0,|B=2,15,1,50;;M=20,20,20,20,|T=0,0,0,0,|B=1,15,1,50;;M=20,20,20,20,|T=0,0,0,0,|B=3,15,1,50;;M=20,20,20,20,|T=0,0,0,0,|B=1,15,1,50;3,15,1,50;;M=20,20,20,20,|T=0,0,0,0,|B=1,15,1,50;2,15,1,50;3,15,1,50;",NaN,[],ADD_M1_M3,"ADD_M1_M3",1,LOW_CONFIDENCE,insufficient_unique_margin,0,0,0,2.17686786136743,1.375701505171,0,0.002187
14,asynchronous,B_ideal_ci,ADD_M2_M3,"M=20,20,20,20,|T=0,0,0,0,|B=2,15,1,50;3,15,1,50;",0,1,1,6,1160500002,2160500002,1120014002,1,6,"ADD_M2_M3","M=20,20,20,20,|T=0,0,0,0,|B=2,15,1,50;3,15,1,50;",1,[Inf;Inf;0.00881917103688;Inf;0;Inf;0.007453559925;Inf;Inf;0.01;Inf;0.0124721912892;Inf;Inf;0.0185592145428;Inf;Inf],ADD_M2_M3,"ADD_M2_M3",1,LOW_CONFIDENCE,insufficient_unique_margin,1,0,0,1.2186465802853,8.88178419700125e-16,0,0.000671
14,asynchronous,C_estimated_ci,ADD_M2_M3,"M=20,20,20,20,|T=0,0,0,0,|B=2,15,1,50;3,15,1,50;",0,0,0,6,1160500002,2160500002,1120014002,3,6,"ADD_M1_M2,DOUBLE_M2,ADD_M1_M3","M=20,20,20,20,|T=0,0,0,0,|B=1,15,1,50;2,15,1,50;;M=20,20,20,20,|T=0,0,0,0,|B=2,15,1,50;2,15,1,50;;M=20,20,20,20,|T=0,0,0,0,|B=1,15,1,50;3,15,1,50;",4,[Inf;Inf;0.0254687943709;Inf;0.0227783247034;Inf;0.0222539282255;Inf;Inf;0.0227129148812;Inf;0.0221869724742;Inf;Inf;0.0232403476788;Inf;Inf],ADD_M1_M2,"ADD_M1_M2,DOUBLE_M2,ADD_M1_M3",3,MULTIPLE_AMBIGUOUS,multiple_candidates,0,0,0,1.2186465802853,-8.88178419700125e-16,0.00122,0.000512
14,asynchronous,D_count_matched,ADD_M2_M3,"M=20,20,20,20,|T=0,0,0,0,|B=2,15,1,50;3,15,1,50;",0,1,1,6,1160500002,2160500002,1120014002,3,6,"ADD_M1_M2,DOUBLE_M2,ADD_M2_M3","M=20,20,20,20,|T=0,0,0,0,|B=1,15,1,50;2,15,1,50;;M=20,20,20,20,|T=0,0,0,0,|B=2,15,1,50;2,15,1,50;;M=20,20,20,20,|T=0,0,0,0,|B=2,15,1,50;3,15,1,50;",4,[],ADD_M2_M3,"ADD_M1_M2,DOUBLE_M2,ADD_M2_M3",3,MULTIPLE_AMBIGUOUS,multiple_candidates,1,0,0,1.2186465802853,8.88178419700125e-16,0,0.001013
14,high_noise,A_D_samecal_3,ADD_M2_M3,"M=20,20,20,20,|T=0,0,0,0,|B=2,15,1,50;3,15,1,50;",0,0,0,6,1160500002,2160500002,1120014003,3,3,"G001,G002,G003","M=20,20,20,20,|T=0,0,0,0,|B=none;M=20,20,20,20,|T=0,0,0,0,|B=2,15,1,50;;M=20,20,20,20,|T=0,0,0,0,|B=1,15,1,50;",NaN,[],G001,"",0,REJECTED,empty_first_set,0,0,0,Inf,NaN,0,0.000739
14,high_noise,A_D_samecal_6,ADD_M2_M3,"M=20,20,20,20,|T=0,0,0,0,|B=2,15,1,50;3,15,1,50;",0,0,0,6,1160500002,2160500002,1120014003,6,6,"G001,G002,G003,MIRROR_M3,ADD_M1_M3,EXT_111","M=20,20,20,20,|T=0,0,0,0,|B=none;M=20,20,20,20,|T=0,0,0,0,|B=2,15,1,50;;M=20,20,20,20,|T=0,0,0,0,|B=1,15,1,50;;M=20,20,20,20,|T=0,0,0,0,|B=3,15,1,50;;M=20,20,20,20,|T=0,0,0,0,|B=1,15,1,50;3,15,1,50;;M=20,20,20,20,|T=0,0,0,0,|B=1,15,1,50;2,15,1,50;3,15,1,50;",NaN,[],ADD_M1_M3,"ADD_M1_M3",1,LOW_CONFIDENCE,insufficient_unique_margin,0,0,0,2.17686786136743,1.375701505171,0,0.001278
14,high_noise,J_frozen_6,ADD_M2_M3,"M=20,20,20,20,|T=0,0,0,0,|B=2,15,1,50;3,15,1,50;",0,0,0,6,1160500002,2160500002,1120014003,6,6,"G001,G002,G003,MIRROR_M3,ADD_M1_M3,EXT_111","M=20,20,20,20,|T=0,0,0,0,|B=none;M=20,20,20,20,|T=0,0,0,0,|B=2,15,1,50;;M=20,20,20,20,|T=0,0,0,0,|B=1,15,1,50;;M=20,20,20,20,|T=0,0,0,0,|B=3,15,1,50;;M=20,20,20,20,|T=0,0,0,0,|B=1,15,1,50;3,15,1,50;;M=20,20,20,20,|T=0,0,0,0,|B=1,15,1,50;2,15,1,50;3,15,1,50;",NaN,[],ADD_M1_M3,"ADD_M1_M3",1,LOW_CONFIDENCE,insufficient_unique_margin,0,0,0,2.17686786136743,1.375701505171,0,0.002928
14,high_noise,B_ideal_ci,ADD_M2_M3,"M=20,20,20,20,|T=0,0,0,0,|B=2,15,1,50;3,15,1,50;",0,1,1,6,1160500002,2160500002,1120014003,1,6,"ADD_M2_M3","M=20,20,20,20,|T=0,0,0,0,|B=2,15,1,50;3,15,1,50;",1,[Inf;Inf;0.00881917103688;Inf;0;Inf;0.007453559925;Inf;Inf;0.01;Inf;0.0124721912892;Inf;Inf;0.0185592145428;Inf;Inf],ADD_M2_M3,"ADD_M2_M3",1,LOW_CONFIDENCE,insufficient_unique_margin,1,0,0,1.2186465802853,8.88178419700125e-16,0,0.001087
14,high_noise,C_estimated_ci,ADD_M2_M3,"M=20,20,20,20,|T=0,0,0,0,|B=2,15,1,50;3,15,1,50;",0,1,1,6,1160500002,2160500002,1120014003,3,6,"ADD_M2_M3,DOUBLE_M2,DOUBLE_M3","M=20,20,20,20,|T=0,0,0,0,|B=2,15,1,50;3,15,1,50;;M=20,20,20,20,|T=0,0,0,0,|B=2,15,1,50;2,15,1,50;;M=20,20,20,20,|T=0,0,0,0,|B=3,15,1,50;3,15,1,50;",1,[Inf;Inf;0.00889379112216;Inf;0.000389710561379;Inf;0.00744294157235;Inf;Inf;0.00989449242041;Inf;0.0123752367729;Inf;Inf;0.0184542389276;Inf;Inf],ADD_M2_M3,"ADD_M2_M3,DOUBLE_M2,DOUBLE_M3",3,MULTIPLE_AMBIGUOUS,multiple_candidates,1,0,0,1.2186465802853,8.88178419700125e-16,0.002398,0.000814
14,high_noise,D_count_matched,ADD_M2_M3,"M=20,20,20,20,|T=0,0,0,0,|B=2,15,1,50;3,15,1,50;",0,1,1,6,1160500002,2160500002,1120014003,3,6,"ADD_M1_M3,DOUBLE_M2,ADD_M2_M3","M=20,20,20,20,|T=0,0,0,0,|B=1,15,1,50;3,15,1,50;;M=20,20,20,20,|T=0,0,0,0,|B=2,15,1,50;2,15,1,50;;M=20,20,20,20,|T=0,0,0,0,|B=2,15,1,50;3,15,1,50;",1,[],ADD_M2_M3,"ADD_M1_M3,DOUBLE_M2,ADD_M2_M3",3,MULTIPLE_AMBIGUOUS,multiple_candidates,1,0,0,1.2186465802853,8.88178419700125e-16,0,0.0004
15,synchronous,A_D_samecal_3,ADD_M2_M3,"M=20,20,20,20,|T=0,0,0,0,|B=2,15,1,50;3,15,1,50;",0,0,0,6,1160500003,2160500003,1120015001,3,3,"G001,G002,G003","M=20,20,20,20,|T=0,0,0,0,|B=none;M=20,20,20,20,|T=0,0,0,0,|B=2,15,1,50;;M=20,20,20,20,|T=0,0,0,0,|B=1,15,1,50;",NaN,[],G001,"",0,REJECTED,empty_first_set,0,0,0,Inf,NaN,0,0.000663
15,synchronous,A_D_samecal_6,ADD_M2_M3,"M=20,20,20,20,|T=0,0,0,0,|B=2,15,1,50;3,15,1,50;",0,0,0,6,1160500003,2160500003,1120015001,6,6,"G001,G002,G003,MIRROR_M3,ADD_M1_M3,EXT_111","M=20,20,20,20,|T=0,0,0,0,|B=none;M=20,20,20,20,|T=0,0,0,0,|B=2,15,1,50;;M=20,20,20,20,|T=0,0,0,0,|B=1,15,1,50;;M=20,20,20,20,|T=0,0,0,0,|B=3,15,1,50;;M=20,20,20,20,|T=0,0,0,0,|B=1,15,1,50;3,15,1,50;;M=20,20,20,20,|T=0,0,0,0,|B=1,15,1,50;2,15,1,50;3,15,1,50;",NaN,[],ADD_M1_M3,"ADD_M1_M3",1,LOW_CONFIDENCE,insufficient_unique_margin,0,0,0,3.02448492585677,0.94920132574246,0,0.000946
15,synchronous,J_frozen_6,ADD_M2_M3,"M=20,20,20,20,|T=0,0,0,0,|B=2,15,1,50;3,15,1,50;",0,0,0,6,1160500003,2160500003,1120015001,6,6,"G001,G002,G003,MIRROR_M3,ADD_M1_M3,EXT_111","M=20,20,20,20,|T=0,0,0,0,|B=none;M=20,20,20,20,|T=0,0,0,0,|B=2,15,1,50;;M=20,20,20,20,|T=0,0,0,0,|B=1,15,1,50;;M=20,20,20,20,|T=0,0,0,0,|B=3,15,1,50;;M=20,20,20,20,|T=0,0,0,0,|B=1,15,1,50;3,15,1,50;;M=20,20,20,20,|T=0,0,0,0,|B=1,15,1,50;2,15,1,50;3,15,1,50;",NaN,[],ADD_M1_M3,"ADD_M1_M3",1,LOW_CONFIDENCE,insufficient_unique_margin,0,0,0,3.02448492585677,0.94920132574246,0,0.000739
15,synchronous,B_ideal_ci,ADD_M2_M3,"M=20,20,20,20,|T=0,0,0,0,|B=2,15,1,50;3,15,1,50;",0,1,1,6,1160500003,2160500003,1120015001,1,6,"ADD_M2_M3","M=20,20,20,20,|T=0,0,0,0,|B=2,15,1,50;3,15,1,50;",1,[Inf;Inf;0.00881917103688;Inf;0;Inf;0.007453559925;Inf;Inf;0.01;Inf;0.0124721912892;Inf;Inf;0.0185592145428;Inf;Inf],ADD_M2_M3,"ADD_M2_M3",1,LOW_CONFIDENCE,insufficient_unique_margin,1,0,0,2.82497970972886,8.88178419700125e-16,0,0.000765
15,synchronous,C_estimated_ci,ADD_M2_M3,"M=20,20,20,20,|T=0,0,0,0,|B=2,15,1,50;3,15,1,50;",0,1,1,6,1160500003,2160500003,1120015001,3,6,"ADD_M2_M3,DOUBLE_M2,DOUBLE_M3","M=20,20,20,20,|T=0,0,0,0,|B=2,15,1,50;3,15,1,50;;M=20,20,20,20,|T=0,0,0,0,|B=2,15,1,50;2,15,1,50;;M=20,20,20,20,|T=0,0,0,0,|B=3,15,1,50;3,15,1,50;",1,[Inf;Inf;0.00877833489785;Inf;0.000145353889744;Inf;0.00743690343051;Inf;Inf;0.0100226212259;Inf;0.012479556928;Inf;Inf;0.0185622210331;Inf;Inf],ADD_M2_M3,"ADD_M2_M3,DOUBLE_M2,DOUBLE_M3",3,MULTIPLE_AMBIGUOUS,multiple_candidates,1,0,0,2.82497970972886,8.88178419700125e-16,0.001589,0.000461
15,synchronous,D_count_matched,ADD_M2_M3,"M=20,20,20,20,|T=0,0,0,0,|B=2,15,1,50;3,15,1,50;",0,1,1,6,1160500003,2160500003,1120015001,3,6,"DOUBLE_M1,ADD_M1_M3,ADD_M2_M3","M=20,20,20,20,|T=0,0,0,0,|B=1,15,1,50;1,15,1,50;;M=20,20,20,20,|T=0,0,0,0,|B=1,15,1,50;3,15,1,50;;M=20,20,20,20,|T=0,0,0,0,|B=2,15,1,50;3,15,1,50;",1,[],ADD_M2_M3,"DOUBLE_M1,ADD_M1_M3,ADD_M2_M3",3,MULTIPLE_AMBIGUOUS,multiple_candidates,1,0,0,2.82497970972886,8.88178419700125e-16,0,0.000323
15,asynchronous,A_D_samecal_3,ADD_M2_M3,"M=20,20,20,20,|T=0,0,0,0,|B=2,15,1,50;3,15,1,50;",0,0,0,6,1160500003,2160500003,1120015002,3,3,"G001,G002,G003","M=20,20,20,20,|T=0,0,0,0,|B=none;M=20,20,20,20,|T=0,0,0,0,|B=2,15,1,50;;M=20,20,20,20,|T=0,0,0,0,|B=1,15,1,50;",NaN,[],G001,"",0,REJECTED,empty_first_set,0,0,0,Inf,NaN,0,0.000643
15,asynchronous,A_D_samecal_6,ADD_M2_M3,"M=20,20,20,20,|T=0,0,0,0,|B=2,15,1,50;3,15,1,50;",0,0,0,6,1160500003,2160500003,1120015002,6,6,"G001,G002,G003,MIRROR_M3,ADD_M1_M3,EXT_111","M=20,20,20,20,|T=0,0,0,0,|B=none;M=20,20,20,20,|T=0,0,0,0,|B=2,15,1,50;;M=20,20,20,20,|T=0,0,0,0,|B=1,15,1,50;;M=20,20,20,20,|T=0,0,0,0,|B=3,15,1,50;;M=20,20,20,20,|T=0,0,0,0,|B=1,15,1,50;3,15,1,50;;M=20,20,20,20,|T=0,0,0,0,|B=1,15,1,50;2,15,1,50;3,15,1,50;",NaN,[],ADD_M1_M3,"ADD_M1_M3",1,LOW_CONFIDENCE,insufficient_unique_margin,0,0,0,3.02448492585677,0.94920132574246,0,0.000721
15,asynchronous,J_frozen_6,ADD_M2_M3,"M=20,20,20,20,|T=0,0,0,0,|B=2,15,1,50;3,15,1,50;",0,0,0,6,1160500003,2160500003,1120015002,6,6,"G001,G002,G003,MIRROR_M3,ADD_M1_M3,EXT_111","M=20,20,20,20,|T=0,0,0,0,|B=none;M=20,20,20,20,|T=0,0,0,0,|B=2,15,1,50;;M=20,20,20,20,|T=0,0,0,0,|B=1,15,1,50;;M=20,20,20,20,|T=0,0,0,0,|B=3,15,1,50;;M=20,20,20,20,|T=0,0,0,0,|B=1,15,1,50;3,15,1,50;;M=20,20,20,20,|T=0,0,0,0,|B=1,15,1,50;2,15,1,50;3,15,1,50;",NaN,[],ADD_M1_M3,"ADD_M1_M3",1,LOW_CONFIDENCE,insufficient_unique_margin,0,0,0,3.02448492585677,0.94920132574246,0,0.001052
15,asynchronous,B_ideal_ci,ADD_M2_M3,"M=20,20,20,20,|T=0,0,0,0,|B=2,15,1,50;3,15,1,50;",0,1,1,6,1160500003,2160500003,1120015002,1,6,"ADD_M2_M3","M=20,20,20,20,|T=0,0,0,0,|B=2,15,1,50;3,15,1,50;",1,[Inf;Inf;0.00881917103688;Inf;0;Inf;0.007453559925;Inf;Inf;0.01;Inf;0.0124721912892;Inf;Inf;0.0185592145428;Inf;Inf],ADD_M2_M3,"ADD_M2_M3",1,LOW_CONFIDENCE,insufficient_unique_margin,1,0,0,2.82497970972886,8.88178419700125e-16,0,0.0005
15,asynchronous,C_estimated_ci,ADD_M2_M3,"M=20,20,20,20,|T=0,0,0,0,|B=2,15,1,50;3,15,1,50;",0,1,1,6,1160500003,2160500003,1120015002,3,6,"ADD_M2_M3,DOUBLE_M2,DOUBLE_M3","M=20,20,20,20,|T=0,0,0,0,|B=2,15,1,50;3,15,1,50;;M=20,20,20,20,|T=0,0,0,0,|B=2,15,1,50;2,15,1,50;;M=20,20,20,20,|T=0,0,0,0,|B=3,15,1,50;3,15,1,50;",1,[Inf;Inf;0.00879194046688;Inf;0.000138745447241;Inf;0.00744332790337;Inf;Inf;0.00999733145857;Inf;0.0124631663822;Inf;Inf;0.0185542729241;Inf;Inf],ADD_M2_M3,"ADD_M2_M3,DOUBLE_M2,DOUBLE_M3",3,MULTIPLE_AMBIGUOUS,multiple_candidates,1,0,0,2.82497970972886,8.88178419700125e-16,0.001772,0.000553
15,asynchronous,D_count_matched,ADD_M2_M3,"M=20,20,20,20,|T=0,0,0,0,|B=2,15,1,50;3,15,1,50;",0,0,0,6,1160500003,2160500003,1120015002,3,6,"DOUBLE_M3,ADD_M1_M2,DOUBLE_M2","M=20,20,20,20,|T=0,0,0,0,|B=3,15,1,50;3,15,1,50;;M=20,20,20,20,|T=0,0,0,0,|B=1,15,1,50;2,15,1,50;;M=20,20,20,20,|T=0,0,0,0,|B=2,15,1,50;2,15,1,50;",1,[],ADD_M1_M2,"DOUBLE_M3,ADD_M1_M2,DOUBLE_M2",3,MULTIPLE_AMBIGUOUS,multiple_candidates,0,0,0,2.82497970972886,-8.88178419700125e-16,0,0.000739
15,high_noise,A_D_samecal_3,ADD_M2_M3,"M=20,20,20,20,|T=0,0,0,0,|B=2,15,1,50;3,15,1,50;",0,0,0,6,1160500003,2160500003,1120015003,3,3,"G001,G002,G003","M=20,20,20,20,|T=0,0,0,0,|B=none;M=20,20,20,20,|T=0,0,0,0,|B=2,15,1,50;;M=20,20,20,20,|T=0,0,0,0,|B=1,15,1,50;",NaN,[],G001,"",0,REJECTED,empty_first_set,0,0,0,Inf,NaN,0,0.001525
15,high_noise,A_D_samecal_6,ADD_M2_M3,"M=20,20,20,20,|T=0,0,0,0,|B=2,15,1,50;3,15,1,50;",0,0,0,6,1160500003,2160500003,1120015003,6,6,"G001,G002,G003,MIRROR_M3,ADD_M1_M3,EXT_111","M=20,20,20,20,|T=0,0,0,0,|B=none;M=20,20,20,20,|T=0,0,0,0,|B=2,15,1,50;;M=20,20,20,20,|T=0,0,0,0,|B=1,15,1,50;;M=20,20,20,20,|T=0,0,0,0,|B=3,15,1,50;;M=20,20,20,20,|T=0,0,0,0,|B=1,15,1,50;3,15,1,50;;M=20,20,20,20,|T=0,0,0,0,|B=1,15,1,50;2,15,1,50;3,15,1,50;",NaN,[],ADD_M1_M3,"ADD_M1_M3",1,LOW_CONFIDENCE,insufficient_unique_margin,0,0,0,3.02448492585677,0.94920132574246,0,0.001877
15,high_noise,J_frozen_6,ADD_M2_M3,"M=20,20,20,20,|T=0,0,0,0,|B=2,15,1,50;3,15,1,50;",0,0,0,6,1160500003,2160500003,1120015003,6,6,"G001,G002,G003,MIRROR_M3,ADD_M1_M3,EXT_111","M=20,20,20,20,|T=0,0,0,0,|B=none;M=20,20,20,20,|T=0,0,0,0,|B=2,15,1,50;;M=20,20,20,20,|T=0,0,0,0,|B=1,15,1,50;;M=20,20,20,20,|T=0,0,0,0,|B=3,15,1,50;;M=20,20,20,20,|T=0,0,0,0,|B=1,15,1,50;3,15,1,50;;M=20,20,20,20,|T=0,0,0,0,|B=1,15,1,50;2,15,1,50;3,15,1,50;",NaN,[],ADD_M1_M3,"ADD_M1_M3",1,LOW_CONFIDENCE,insufficient_unique_margin,0,0,0,3.02448492585677,0.94920132574246,0,0.003251
15,high_noise,B_ideal_ci,ADD_M2_M3,"M=20,20,20,20,|T=0,0,0,0,|B=2,15,1,50;3,15,1,50;",0,1,1,6,1160500003,2160500003,1120015003,1,6,"ADD_M2_M3","M=20,20,20,20,|T=0,0,0,0,|B=2,15,1,50;3,15,1,50;",1,[Inf;Inf;0.00881917103688;Inf;0;Inf;0.007453559925;Inf;Inf;0.01;Inf;0.0124721912892;Inf;Inf;0.0185592145428;Inf;Inf],ADD_M2_M3,"ADD_M2_M3",1,LOW_CONFIDENCE,insufficient_unique_margin,1,0,0,2.82497970972886,8.88178419700125e-16,0,0.00214
15,high_noise,C_estimated_ci,ADD_M2_M3,"M=20,20,20,20,|T=0,0,0,0,|B=2,15,1,50;3,15,1,50;",0,1,1,6,1160500003,2160500003,1120015003,3,6,"ADD_M2_M3,DOUBLE_M2,DOUBLE_M3","M=20,20,20,20,|T=0,0,0,0,|B=2,15,1,50;3,15,1,50;;M=20,20,20,20,|T=0,0,0,0,|B=2,15,1,50;2,15,1,50;;M=20,20,20,20,|T=0,0,0,0,|B=3,15,1,50;3,15,1,50;",1,[Inf;Inf;0.011506560357;Inf;0.00714955391845;Inf;0.0103454125552;Inf;Inf;0.0120792325639;Inf;0.0142063119436;Inf;Inf;0.0198103741563;Inf;Inf],ADD_M2_M3,"ADD_M2_M3,DOUBLE_M2,DOUBLE_M3",3,MULTIPLE_AMBIGUOUS,multiple_candidates,1,0,0,2.82497970972886,8.88178419700125e-16,0.004471,0.001917
15,high_noise,D_count_matched,ADD_M2_M3,"M=20,20,20,20,|T=0,0,0,0,|B=2,15,1,50;3,15,1,50;",0,1,1,6,1160500003,2160500003,1120015003,3,6,"DOUBLE_M3,ADD_M2_M3,ADD_M1_M3","M=20,20,20,20,|T=0,0,0,0,|B=3,15,1,50;3,15,1,50;;M=20,20,20,20,|T=0,0,0,0,|B=2,15,1,50;3,15,1,50;;M=20,20,20,20,|T=0,0,0,0,|B=1,15,1,50;3,15,1,50;",1,[],ADD_M2_M3,"DOUBLE_M3,ADD_M2_M3,ADD_M1_M3",3,MULTIPLE_AMBIGUOUS,multiple_candidates,1,0,0,2.82497970972886,8.88178419700125e-16,0,0.001672
16,synchronous,A_D_samecal_3,DOUBLE_M3,"M=20,20,20,20,|T=0,0,0,0,|B=3,15,1,50;3,15,1,50;",0,0,0,6,1160600001,2160600001,1120016001,3,3,"G001,G002,G003","M=20,20,20,20,|T=0,0,0,0,|B=none;M=20,20,20,20,|T=0,0,0,0,|B=2,15,1,50;;M=20,20,20,20,|T=0,0,0,0,|B=1,15,1,50;",NaN,[],G003,"G003",1,LOW_CONFIDENCE,insufficient_unique_margin,0,0,0,5.63861687462175,1.30482964586288,0,0.005582
16,synchronous,A_D_samecal_6,DOUBLE_M3,"M=20,20,20,20,|T=0,0,0,0,|B=3,15,1,50;3,15,1,50;",0,0,0,6,1160600001,2160600001,1120016001,6,6,"G001,G002,G003,MIRROR_M3,ADD_M1_M3,EXT_111","M=20,20,20,20,|T=0,0,0,0,|B=none;M=20,20,20,20,|T=0,0,0,0,|B=2,15,1,50;;M=20,20,20,20,|T=0,0,0,0,|B=1,15,1,50;;M=20,20,20,20,|T=0,0,0,0,|B=3,15,1,50;;M=20,20,20,20,|T=0,0,0,0,|B=1,15,1,50;3,15,1,50;;M=20,20,20,20,|T=0,0,0,0,|B=1,15,1,50;2,15,1,50;3,15,1,50;",NaN,[],MIRROR_M3,"MIRROR_M3,ADD_M1_M3",2,MULTIPLE_AMBIGUOUS,multiple_candidates,0,0,0,3.69196907470227,2.62795993622464,0,0.00912
16,synchronous,J_frozen_6,DOUBLE_M3,"M=20,20,20,20,|T=0,0,0,0,|B=3,15,1,50;3,15,1,50;",0,0,0,6,1160600001,2160600001,1120016001,6,6,"G001,G002,G003,MIRROR_M3,ADD_M1_M3,EXT_111","M=20,20,20,20,|T=0,0,0,0,|B=none;M=20,20,20,20,|T=0,0,0,0,|B=2,15,1,50;;M=20,20,20,20,|T=0,0,0,0,|B=1,15,1,50;;M=20,20,20,20,|T=0,0,0,0,|B=3,15,1,50;;M=20,20,20,20,|T=0,0,0,0,|B=1,15,1,50;3,15,1,50;;M=20,20,20,20,|T=0,0,0,0,|B=1,15,1,50;2,15,1,50;3,15,1,50;",NaN,[],MIRROR_M3,"MIRROR_M3,ADD_M1_M3",2,MULTIPLE_AMBIGUOUS,multiple_candidates,0,0,0,3.69196907470227,2.62795993622464,0,0.005868
16,synchronous,B_ideal_ci,DOUBLE_M3,"M=20,20,20,20,|T=0,0,0,0,|B=3,15,1,50;3,15,1,50;",0,1,1,6,1160600001,2160600001,1120016001,1,6,"DOUBLE_M3","M=20,20,20,20,|T=0,0,0,0,|B=3,15,1,50;3,15,1,50;",1,[Inf;Inf;0;Inf;0.00881917103688;Inf;0.0115470053838;Inf;Inf;0.0182574185835;Inf;0.0197202659437;Inf;Inf;0.0240370085031;Inf;Inf],DOUBLE_M3,"DOUBLE_M3",1,LOW_CONFIDENCE,insufficient_unique_margin,1,0,0,2.18423551423963,4.44089209850063e-16,0,0.001813
16,synchronous,C_estimated_ci,DOUBLE_M3,"M=20,20,20,20,|T=0,0,0,0,|B=3,15,1,50;3,15,1,50;",0,1,1,6,1160600001,2160600001,1120016001,3,6,"DOUBLE_M3,ADD_M2_M3,DOUBLE_M2","M=20,20,20,20,|T=0,0,0,0,|B=3,15,1,50;3,15,1,50;;M=20,20,20,20,|T=0,0,0,0,|B=2,15,1,50;3,15,1,50;;M=20,20,20,20,|T=0,0,0,0,|B=2,15,1,50;2,15,1,50;",1,[Inf;Inf;0.000132584978767;Inf;0.0088320984983;Inf;0.0115787893678;Inf;Inf;0.0182615570215;Inf;0.0197369416119;Inf;Inf;0.0240674862971;Inf;Inf],DOUBLE_M3,"DOUBLE_M3,ADD_M2_M3,DOUBLE_M2",3,MULTIPLE_AMBIGUOUS,multiple_candidates,1,0,0,2.18423551423963,4.44089209850063e-16,0.005278,0.000921
16,synchronous,D_count_matched,DOUBLE_M3,"M=20,20,20,20,|T=0,0,0,0,|B=3,15,1,50;3,15,1,50;",0,1,1,6,1160600001,2160600001,1120016001,3,6,"ADD_M1_M2,ADD_M1_M3,DOUBLE_M3","M=20,20,20,20,|T=0,0,0,0,|B=1,15,1,50;2,15,1,50;;M=20,20,20,20,|T=0,0,0,0,|B=1,15,1,50;3,15,1,50;;M=20,20,20,20,|T=0,0,0,0,|B=3,15,1,50;3,15,1,50;",1,[],DOUBLE_M3,"ADD_M1_M2,ADD_M1_M3,DOUBLE_M3",3,MULTIPLE_AMBIGUOUS,multiple_candidates,1,0,0,2.18423551423963,4.44089209850063e-16,0,0.000813
16,asynchronous,A_D_samecal_3,DOUBLE_M3,"M=20,20,20,20,|T=0,0,0,0,|B=3,15,1,50;3,15,1,50;",0,0,0,6,1160600001,2160600001,1120016002,3,3,"G001,G002,G003","M=20,20,20,20,|T=0,0,0,0,|B=none;M=20,20,20,20,|T=0,0,0,0,|B=2,15,1,50;;M=20,20,20,20,|T=0,0,0,0,|B=1,15,1,50;",NaN,[],G003,"G003",1,LOW_CONFIDENCE,insufficient_unique_margin,0,0,0,5.63861687462175,1.30482964586288,0,0.001295
16,asynchronous,A_D_samecal_6,DOUBLE_M3,"M=20,20,20,20,|T=0,0,0,0,|B=3,15,1,50;3,15,1,50;",0,0,0,6,1160600001,2160600001,1120016002,6,6,"G001,G002,G003,MIRROR_M3,ADD_M1_M3,EXT_111","M=20,20,20,20,|T=0,0,0,0,|B=none;M=20,20,20,20,|T=0,0,0,0,|B=2,15,1,50;;M=20,20,20,20,|T=0,0,0,0,|B=1,15,1,50;;M=20,20,20,20,|T=0,0,0,0,|B=3,15,1,50;;M=20,20,20,20,|T=0,0,0,0,|B=1,15,1,50;3,15,1,50;;M=20,20,20,20,|T=0,0,0,0,|B=1,15,1,50;2,15,1,50;3,15,1,50;",NaN,[],MIRROR_M3,"MIRROR_M3,ADD_M1_M3",2,MULTIPLE_AMBIGUOUS,multiple_candidates,0,0,0,3.69196907470227,2.62795993622464,0,0.002234
16,asynchronous,J_frozen_6,DOUBLE_M3,"M=20,20,20,20,|T=0,0,0,0,|B=3,15,1,50;3,15,1,50;",0,0,0,6,1160600001,2160600001,1120016002,6,6,"G001,G002,G003,MIRROR_M3,ADD_M1_M3,EXT_111","M=20,20,20,20,|T=0,0,0,0,|B=none;M=20,20,20,20,|T=0,0,0,0,|B=2,15,1,50;;M=20,20,20,20,|T=0,0,0,0,|B=1,15,1,50;;M=20,20,20,20,|T=0,0,0,0,|B=3,15,1,50;;M=20,20,20,20,|T=0,0,0,0,|B=1,15,1,50;3,15,1,50;;M=20,20,20,20,|T=0,0,0,0,|B=1,15,1,50;2,15,1,50;3,15,1,50;",NaN,[],MIRROR_M3,"MIRROR_M3,ADD_M1_M3",2,MULTIPLE_AMBIGUOUS,multiple_candidates,0,0,0,3.69196907470227,2.62795993622464,0,0.00132
16,asynchronous,B_ideal_ci,DOUBLE_M3,"M=20,20,20,20,|T=0,0,0,0,|B=3,15,1,50;3,15,1,50;",0,1,1,6,1160600001,2160600001,1120016002,1,6,"DOUBLE_M3","M=20,20,20,20,|T=0,0,0,0,|B=3,15,1,50;3,15,1,50;",1,[Inf;Inf;0;Inf;0.00881917103688;Inf;0.0115470053838;Inf;Inf;0.0182574185835;Inf;0.0197202659437;Inf;Inf;0.0240370085031;Inf;Inf],DOUBLE_M3,"DOUBLE_M3",1,LOW_CONFIDENCE,insufficient_unique_margin,1,0,0,2.18423551423963,4.44089209850063e-16,0,0.000616
16,asynchronous,C_estimated_ci,DOUBLE_M3,"M=20,20,20,20,|T=0,0,0,0,|B=3,15,1,50;3,15,1,50;",0,0,0,6,1160600001,2160600001,1120016002,3,6,"DOUBLE_M1,ADD_M1_M2,DOUBLE_M2","M=20,20,20,20,|T=0,0,0,0,|B=1,15,1,50;1,15,1,50;;M=20,20,20,20,|T=0,0,0,0,|B=1,15,1,50;2,15,1,50;;M=20,20,20,20,|T=0,0,0,0,|B=2,15,1,50;2,15,1,50;",6,[Inf;Inf;0.0286735117828;Inf;0.0235628606501;Inf;0.0193002965301;Inf;Inf;0.0201665489907;Inf;0.0149660529978;Inf;Inf;0.0120141993255;Inf;Inf],DOUBLE_M1,"DOUBLE_M1,ADD_M1_M2,DOUBLE_M2",3,MULTIPLE_AMBIGUOUS,multiple_candidates,0,0,0,2.18423551423963,-4.44089209850063e-16,0.0049,0.000408
16,asynchronous,D_count_matched,DOUBLE_M3,"M=20,20,20,20,|T=0,0,0,0,|B=3,15,1,50;3,15,1,50;",0,0,0,6,1160600001,2160600001,1120016002,3,6,"ADD_M2_M3,DOUBLE_M1,ADD_M1_M3","M=20,20,20,20,|T=0,0,0,0,|B=2,15,1,50;3,15,1,50;;M=20,20,20,20,|T=0,0,0,0,|B=1,15,1,50;1,15,1,50;;M=20,20,20,20,|T=0,0,0,0,|B=1,15,1,50;3,15,1,50;",6,[],DOUBLE_M1,"ADD_M2_M3,DOUBLE_M1,ADD_M1_M3",3,MULTIPLE_AMBIGUOUS,multiple_candidates,0,0,0,2.18423551423963,-4.44089209850063e-16,0,0.000395
16,high_noise,A_D_samecal_3,DOUBLE_M3,"M=20,20,20,20,|T=0,0,0,0,|B=3,15,1,50;3,15,1,50;",0,0,0,6,1160600001,2160600001,1120016003,3,3,"G001,G002,G003","M=20,20,20,20,|T=0,0,0,0,|B=none;M=20,20,20,20,|T=0,0,0,0,|B=2,15,1,50;;M=20,20,20,20,|T=0,0,0,0,|B=1,15,1,50;",NaN,[],G003,"G003",1,LOW_CONFIDENCE,insufficient_unique_margin,0,0,0,5.63861687462175,1.30482964586288,0,0.00078
16,high_noise,A_D_samecal_6,DOUBLE_M3,"M=20,20,20,20,|T=0,0,0,0,|B=3,15,1,50;3,15,1,50;",0,0,0,6,1160600001,2160600001,1120016003,6,6,"G001,G002,G003,MIRROR_M3,ADD_M1_M3,EXT_111","M=20,20,20,20,|T=0,0,0,0,|B=none;M=20,20,20,20,|T=0,0,0,0,|B=2,15,1,50;;M=20,20,20,20,|T=0,0,0,0,|B=1,15,1,50;;M=20,20,20,20,|T=0,0,0,0,|B=3,15,1,50;;M=20,20,20,20,|T=0,0,0,0,|B=1,15,1,50;3,15,1,50;;M=20,20,20,20,|T=0,0,0,0,|B=1,15,1,50;2,15,1,50;3,15,1,50;",NaN,[],MIRROR_M3,"MIRROR_M3,ADD_M1_M3",2,MULTIPLE_AMBIGUOUS,multiple_candidates,0,0,0,3.69196907470227,2.62795993622464,0,0.001198
16,high_noise,J_frozen_6,DOUBLE_M3,"M=20,20,20,20,|T=0,0,0,0,|B=3,15,1,50;3,15,1,50;",0,0,0,6,1160600001,2160600001,1120016003,6,6,"G001,G002,G003,MIRROR_M3,ADD_M1_M3,EXT_111","M=20,20,20,20,|T=0,0,0,0,|B=none;M=20,20,20,20,|T=0,0,0,0,|B=2,15,1,50;;M=20,20,20,20,|T=0,0,0,0,|B=1,15,1,50;;M=20,20,20,20,|T=0,0,0,0,|B=3,15,1,50;;M=20,20,20,20,|T=0,0,0,0,|B=1,15,1,50;3,15,1,50;;M=20,20,20,20,|T=0,0,0,0,|B=1,15,1,50;2,15,1,50;3,15,1,50;",NaN,[],MIRROR_M3,"MIRROR_M3,ADD_M1_M3",2,MULTIPLE_AMBIGUOUS,multiple_candidates,0,0,0,3.69196907470227,2.62795993622464,0,0.000893
16,high_noise,B_ideal_ci,DOUBLE_M3,"M=20,20,20,20,|T=0,0,0,0,|B=3,15,1,50;3,15,1,50;",0,1,1,6,1160600001,2160600001,1120016003,1,6,"DOUBLE_M3","M=20,20,20,20,|T=0,0,0,0,|B=3,15,1,50;3,15,1,50;",1,[Inf;Inf;0;Inf;0.00881917103688;Inf;0.0115470053838;Inf;Inf;0.0182574185835;Inf;0.0197202659437;Inf;Inf;0.0240370085031;Inf;Inf],DOUBLE_M3,"DOUBLE_M3",1,LOW_CONFIDENCE,insufficient_unique_margin,1,0,0,2.18423551423963,4.44089209850063e-16,0,0.001621
16,high_noise,C_estimated_ci,DOUBLE_M3,"M=20,20,20,20,|T=0,0,0,0,|B=3,15,1,50;3,15,1,50;",0,1,1,6,1160600001,2160600001,1120016003,3,6,"DOUBLE_M3,ADD_M2_M3,DOUBLE_M2","M=20,20,20,20,|T=0,0,0,0,|B=3,15,1,50;3,15,1,50;;M=20,20,20,20,|T=0,0,0,0,|B=2,15,1,50;3,15,1,50;;M=20,20,20,20,|T=0,0,0,0,|B=2,15,1,50;2,15,1,50;",1,[Inf;Inf;0.00623599549795;Inf;0.0107577972483;Inf;0.0132204965178;Inf;Inf;0.0192895593442;Inf;0.0207638731029;Inf;Inf;0.0249936253995;Inf;Inf],DOUBLE_M3,"DOUBLE_M3,ADD_M2_M3,DOUBLE_M2",3,MULTIPLE_AMBIGUOUS,multiple_candidates,1,0,0,2.18423551423963,4.44089209850063e-16,0.001886,0.001704
16,high_noise,D_count_matched,DOUBLE_M3,"M=20,20,20,20,|T=0,0,0,0,|B=3,15,1,50;3,15,1,50;",0,0,0,6,1160600001,2160600001,1120016003,3,6,"ADD_M2_M3,DOUBLE_M2,ADD_M1_M3","M=20,20,20,20,|T=0,0,0,0,|B=2,15,1,50;3,15,1,50;;M=20,20,20,20,|T=0,0,0,0,|B=2,15,1,50;2,15,1,50;;M=20,20,20,20,|T=0,0,0,0,|B=1,15,1,50;3,15,1,50;",1,[],ADD_M1_M3,"ADD_M2_M3,DOUBLE_M2,ADD_M1_M3",3,MULTIPLE_AMBIGUOUS,multiple_candidates,0,0,0,2.75394524555608,-0.569709731316449,0,0.001569
17,synchronous,A_D_samecal_3,DOUBLE_M3,"M=20,20,20,20,|T=0,0,0,0,|B=3,15,1,50;3,15,1,50;",0,0,0,6,1160600002,2160600002,1120017001,3,3,"G001,G002,G003","M=20,20,20,20,|T=0,0,0,0,|B=none;M=20,20,20,20,|T=0,0,0,0,|B=2,15,1,50;;M=20,20,20,20,|T=0,0,0,0,|B=1,15,1,50;",NaN,[],G001,"",0,REJECTED,empty_first_set,0,0,0,Inf,NaN,0,0.001236
17,synchronous,A_D_samecal_6,DOUBLE_M3,"M=20,20,20,20,|T=0,0,0,0,|B=3,15,1,50;3,15,1,50;",0,0,0,6,1160600002,2160600002,1120017001,6,6,"G001,G002,G003,MIRROR_M3,ADD_M1_M3,EXT_111","M=20,20,20,20,|T=0,0,0,0,|B=none;M=20,20,20,20,|T=0,0,0,0,|B=2,15,1,50;;M=20,20,20,20,|T=0,0,0,0,|B=1,15,1,50;;M=20,20,20,20,|T=0,0,0,0,|B=3,15,1,50;;M=20,20,20,20,|T=0,0,0,0,|B=1,15,1,50;3,15,1,50;;M=20,20,20,20,|T=0,0,0,0,|B=1,15,1,50;2,15,1,50;3,15,1,50;",NaN,[],G001,"",0,REJECTED,empty_first_set,0,0,0,Inf,NaN,0,0.001143
17,synchronous,J_frozen_6,DOUBLE_M3,"M=20,20,20,20,|T=0,0,0,0,|B=3,15,1,50;3,15,1,50;",0,0,0,6,1160600002,2160600002,1120017001,6,6,"G001,G002,G003,MIRROR_M3,ADD_M1_M3,EXT_111","M=20,20,20,20,|T=0,0,0,0,|B=none;M=20,20,20,20,|T=0,0,0,0,|B=2,15,1,50;;M=20,20,20,20,|T=0,0,0,0,|B=1,15,1,50;;M=20,20,20,20,|T=0,0,0,0,|B=3,15,1,50;;M=20,20,20,20,|T=0,0,0,0,|B=1,15,1,50;3,15,1,50;;M=20,20,20,20,|T=0,0,0,0,|B=1,15,1,50;2,15,1,50;3,15,1,50;",NaN,[],G001,"",0,REJECTED,empty_first_set,0,0,0,Inf,NaN,0,0.001
17,synchronous,B_ideal_ci,DOUBLE_M3,"M=20,20,20,20,|T=0,0,0,0,|B=3,15,1,50;3,15,1,50;",0,1,1,6,1160600002,2160600002,1120017001,1,6,"DOUBLE_M3","M=20,20,20,20,|T=0,0,0,0,|B=3,15,1,50;3,15,1,50;",1,[Inf;Inf;0;Inf;0.00881917103688;Inf;0.0115470053838;Inf;Inf;0.0182574185835;Inf;0.0197202659437;Inf;Inf;0.0240370085031;Inf;Inf],DOUBLE_M3,"DOUBLE_M3",1,LOW_CONFIDENCE,insufficient_unique_margin,1,0,0,3.13517868701895,-4.44089209850063e-16,0,0.001974
17,synchronous,C_estimated_ci,DOUBLE_M3,"M=20,20,20,20,|T=0,0,0,0,|B=3,15,1,50;3,15,1,50;",0,1,1,6,1160600002,2160600002,1120017001,3,6,"DOUBLE_M3,ADD_M2_M3,DOUBLE_M2","M=20,20,20,20,|T=0,0,0,0,|B=3,15,1,50;3,15,1,50;;M=20,20,20,20,|T=0,0,0,0,|B=2,15,1,50;3,15,1,50;;M=20,20,20,20,|T=0,0,0,0,|B=2,15,1,50;2,15,1,50;",1,[Inf;Inf;0.000205595934424;Inf;0.00878738382552;Inf;0.0115214358774;Inf;Inf;0.0182327363534;Inf;0.0196966506064;Inf;Inf;0.0240098804357;Inf;Inf],DOUBLE_M3,"DOUBLE_M3,ADD_M2_M3,DOUBLE_M2",3,MULTIPLE_AMBIGUOUS,multiple_candidates,1,0,0,3.13517868701895,-4.44089209850063e-16,0.004385,0.00083
17,synchronous,D_count_matched,DOUBLE_M3,"M=20,20,20,20,|T=0,0,0,0,|B=3,15,1,50;3,15,1,50;",0,1,1,6,1160600002,2160600002,1120017001,3,6,"DOUBLE_M3,DOUBLE_M2,ADD_M1_M3","M=20,20,20,20,|T=0,0,0,0,|B=3,15,1,50;3,15,1,50;;M=20,20,20,20,|T=0,0,0,0,|B=2,15,1,50;2,15,1,50;;M=20,20,20,20,|T=0,0,0,0,|B=1,15,1,50;3,15,1,50;",1,[],DOUBLE_M3,"DOUBLE_M3,DOUBLE_M2,ADD_M1_M3",3,MULTIPLE_AMBIGUOUS,multiple_candidates,1,0,0,3.13517868701895,-4.44089209850063e-16,0,0.000428
17,asynchronous,A_D_samecal_3,DOUBLE_M3,"M=20,20,20,20,|T=0,0,0,0,|B=3,15,1,50;3,15,1,50;",0,0,0,6,1160600002,2160600002,1120017002,3,3,"G001,G002,G003","M=20,20,20,20,|T=0,0,0,0,|B=none;M=20,20,20,20,|T=0,0,0,0,|B=2,15,1,50;;M=20,20,20,20,|T=0,0,0,0,|B=1,15,1,50;",NaN,[],G001,"",0,REJECTED,empty_first_set,0,0,0,Inf,NaN,0,0.000494
17,asynchronous,A_D_samecal_6,DOUBLE_M3,"M=20,20,20,20,|T=0,0,0,0,|B=3,15,1,50;3,15,1,50;",0,0,0,6,1160600002,2160600002,1120017002,6,6,"G001,G002,G003,MIRROR_M3,ADD_M1_M3,EXT_111","M=20,20,20,20,|T=0,0,0,0,|B=none;M=20,20,20,20,|T=0,0,0,0,|B=2,15,1,50;;M=20,20,20,20,|T=0,0,0,0,|B=1,15,1,50;;M=20,20,20,20,|T=0,0,0,0,|B=3,15,1,50;;M=20,20,20,20,|T=0,0,0,0,|B=1,15,1,50;3,15,1,50;;M=20,20,20,20,|T=0,0,0,0,|B=1,15,1,50;2,15,1,50;3,15,1,50;",NaN,[],G001,"",0,REJECTED,empty_first_set,0,0,0,Inf,NaN,0,0.000387
17,asynchronous,J_frozen_6,DOUBLE_M3,"M=20,20,20,20,|T=0,0,0,0,|B=3,15,1,50;3,15,1,50;",0,0,0,6,1160600002,2160600002,1120017002,6,6,"G001,G002,G003,MIRROR_M3,ADD_M1_M3,EXT_111","M=20,20,20,20,|T=0,0,0,0,|B=none;M=20,20,20,20,|T=0,0,0,0,|B=2,15,1,50;;M=20,20,20,20,|T=0,0,0,0,|B=1,15,1,50;;M=20,20,20,20,|T=0,0,0,0,|B=3,15,1,50;;M=20,20,20,20,|T=0,0,0,0,|B=1,15,1,50;3,15,1,50;;M=20,20,20,20,|T=0,0,0,0,|B=1,15,1,50;2,15,1,50;3,15,1,50;",NaN,[],G001,"",0,REJECTED,empty_first_set,0,0,0,Inf,NaN,0,0.001272
17,asynchronous,B_ideal_ci,DOUBLE_M3,"M=20,20,20,20,|T=0,0,0,0,|B=3,15,1,50;3,15,1,50;",0,1,1,6,1160600002,2160600002,1120017002,1,6,"DOUBLE_M3","M=20,20,20,20,|T=0,0,0,0,|B=3,15,1,50;3,15,1,50;",1,[Inf;Inf;0;Inf;0.00881917103688;Inf;0.0115470053838;Inf;Inf;0.0182574185835;Inf;0.0197202659437;Inf;Inf;0.0240370085031;Inf;Inf],DOUBLE_M3,"DOUBLE_M3",1,LOW_CONFIDENCE,insufficient_unique_margin,1,0,0,3.13517868701895,-4.44089209850063e-16,0,0.000924
17,asynchronous,C_estimated_ci,DOUBLE_M3,"M=20,20,20,20,|T=0,0,0,0,|B=3,15,1,50;3,15,1,50;",0,0,0,6,1160600002,2160600002,1120017002,3,6,"ADD_M1_M3,ADD_M1_M2,DOUBLE_M1","M=20,20,20,20,|T=0,0,0,0,|B=1,15,1,50;3,15,1,50;;M=20,20,20,20,|T=0,0,0,0,|B=1,15,1,50;2,15,1,50;;M=20,20,20,20,|T=0,0,0,0,|B=1,15,1,50;1,15,1,50;",6,[Inf;Inf;0.0258718396721;Inf;0.0205743821482;Inf;0.0214735344104;Inf;Inf;0.0161109815357;Inf;0.0172444543357;Inf;Inf;0.0202738761108;Inf;Inf],DOUBLE_M1,"ADD_M1_M3,ADD_M1_M2,DOUBLE_M1",3,MULTIPLE_AMBIGUOUS,multiple_candidates,0,0,0,3.13517868701895,4.44089209850063e-16,0.003371,0.000823
17,asynchronous,D_count_matched,DOUBLE_M3,"M=20,20,20,20,|T=0,0,0,0,|B=3,15,1,50;3,15,1,50;",0,0,0,6,1160600002,2160600002,1120017002,3,6,"DOUBLE_M1,ADD_M2_M3,ADD_M1_M3","M=20,20,20,20,|T=0,0,0,0,|B=1,15,1,50;1,15,1,50;;M=20,20,20,20,|T=0,0,0,0,|B=2,15,1,50;3,15,1,50;;M=20,20,20,20,|T=0,0,0,0,|B=1,15,1,50;3,15,1,50;",6,[],DOUBLE_M1,"DOUBLE_M1,ADD_M2_M3,ADD_M1_M3",3,MULTIPLE_AMBIGUOUS,multiple_candidates,0,0,0,3.13517868701895,4.44089209850063e-16,0,0.002907
17,high_noise,A_D_samecal_3,DOUBLE_M3,"M=20,20,20,20,|T=0,0,0,0,|B=3,15,1,50;3,15,1,50;",0,0,0,6,1160600002,2160600002,1120017003,3,3,"G001,G002,G003","M=20,20,20,20,|T=0,0,0,0,|B=none;M=20,20,20,20,|T=0,0,0,0,|B=2,15,1,50;;M=20,20,20,20,|T=0,0,0,0,|B=1,15,1,50;",NaN,[],G001,"",0,REJECTED,empty_first_set,0,0,0,Inf,NaN,0,0.003095
17,high_noise,A_D_samecal_6,DOUBLE_M3,"M=20,20,20,20,|T=0,0,0,0,|B=3,15,1,50;3,15,1,50;",0,0,0,6,1160600002,2160600002,1120017003,6,6,"G001,G002,G003,MIRROR_M3,ADD_M1_M3,EXT_111","M=20,20,20,20,|T=0,0,0,0,|B=none;M=20,20,20,20,|T=0,0,0,0,|B=2,15,1,50;;M=20,20,20,20,|T=0,0,0,0,|B=1,15,1,50;;M=20,20,20,20,|T=0,0,0,0,|B=3,15,1,50;;M=20,20,20,20,|T=0,0,0,0,|B=1,15,1,50;3,15,1,50;;M=20,20,20,20,|T=0,0,0,0,|B=1,15,1,50;2,15,1,50;3,15,1,50;",NaN,[],G001,"",0,REJECTED,empty_first_set,0,0,0,Inf,NaN,0,0.000911
17,high_noise,J_frozen_6,DOUBLE_M3,"M=20,20,20,20,|T=0,0,0,0,|B=3,15,1,50;3,15,1,50;",0,0,0,6,1160600002,2160600002,1120017003,6,6,"G001,G002,G003,MIRROR_M3,ADD_M1_M3,EXT_111","M=20,20,20,20,|T=0,0,0,0,|B=none;M=20,20,20,20,|T=0,0,0,0,|B=2,15,1,50;;M=20,20,20,20,|T=0,0,0,0,|B=1,15,1,50;;M=20,20,20,20,|T=0,0,0,0,|B=3,15,1,50;;M=20,20,20,20,|T=0,0,0,0,|B=1,15,1,50;3,15,1,50;;M=20,20,20,20,|T=0,0,0,0,|B=1,15,1,50;2,15,1,50;3,15,1,50;",NaN,[],G001,"",0,REJECTED,empty_first_set,0,0,0,Inf,NaN,0,0.000627
17,high_noise,B_ideal_ci,DOUBLE_M3,"M=20,20,20,20,|T=0,0,0,0,|B=3,15,1,50;3,15,1,50;",0,1,1,6,1160600002,2160600002,1120017003,1,6,"DOUBLE_M3","M=20,20,20,20,|T=0,0,0,0,|B=3,15,1,50;3,15,1,50;",1,[Inf;Inf;0;Inf;0.00881917103688;Inf;0.0115470053838;Inf;Inf;0.0182574185835;Inf;0.0197202659437;Inf;Inf;0.0240370085031;Inf;Inf],DOUBLE_M3,"DOUBLE_M3",1,LOW_CONFIDENCE,insufficient_unique_margin,1,0,0,3.13517868701895,-4.44089209850063e-16,0,0.000679
17,high_noise,C_estimated_ci,DOUBLE_M3,"M=20,20,20,20,|T=0,0,0,0,|B=3,15,1,50;3,15,1,50;",0,1,1,6,1160600002,2160600002,1120017003,3,6,"DOUBLE_M3,ADD_M2_M3,DOUBLE_M2","M=20,20,20,20,|T=0,0,0,0,|B=3,15,1,50;3,15,1,50;;M=20,20,20,20,|T=0,0,0,0,|B=2,15,1,50;3,15,1,50;;M=20,20,20,20,|T=0,0,0,0,|B=2,15,1,50;2,15,1,50;",1,[Inf;Inf;0.00499951475728;Inf;0.0101170821148;Inf;0.0124198831145;Inf;Inf;0.0189586501784;Inf;0.020281236714;Inf;Inf;0.0244326230944;Inf;Inf],DOUBLE_M3,"DOUBLE_M3,ADD_M2_M3,DOUBLE_M2",3,MULTIPLE_AMBIGUOUS,multiple_candidates,1,0,0,3.13517868701895,-4.44089209850063e-16,0.003537,0.001265
17,high_noise,D_count_matched,DOUBLE_M3,"M=20,20,20,20,|T=0,0,0,0,|B=3,15,1,50;3,15,1,50;",0,1,1,6,1160600002,2160600002,1120017003,3,6,"DOUBLE_M2,ADD_M1_M2,DOUBLE_M3","M=20,20,20,20,|T=0,0,0,0,|B=2,15,1,50;2,15,1,50;;M=20,20,20,20,|T=0,0,0,0,|B=1,15,1,50;2,15,1,50;;M=20,20,20,20,|T=0,0,0,0,|B=3,15,1,50;3,15,1,50;",1,[],DOUBLE_M3,"DOUBLE_M2,ADD_M1_M2,DOUBLE_M3",3,MULTIPLE_AMBIGUOUS,multiple_candidates,1,0,0,3.13517868701895,-4.44089209850063e-16,0,0.001187
18,synchronous,A_D_samecal_3,DOUBLE_M3,"M=20,20,20,20,|T=0,0,0,0,|B=3,15,1,50;3,15,1,50;",0,0,0,6,1160600003,2160600003,1120018001,3,3,"G001,G002,G003","M=20,20,20,20,|T=0,0,0,0,|B=none;M=20,20,20,20,|T=0,0,0,0,|B=2,15,1,50;;M=20,20,20,20,|T=0,0,0,0,|B=1,15,1,50;",NaN,[],G003,"G003",1,LOW_CONFIDENCE,insufficient_unique_margin,0,0,0,5.74729090455212,1.3114113926069,0,0.001073
18,synchronous,A_D_samecal_6,DOUBLE_M3,"M=20,20,20,20,|T=0,0,0,0,|B=3,15,1,50;3,15,1,50;",0,0,0,6,1160600003,2160600003,1120018001,6,6,"G001,G002,G003,MIRROR_M3,ADD_M1_M3,EXT_111","M=20,20,20,20,|T=0,0,0,0,|B=none;M=20,20,20,20,|T=0,0,0,0,|B=2,15,1,50;;M=20,20,20,20,|T=0,0,0,0,|B=1,15,1,50;;M=20,20,20,20,|T=0,0,0,0,|B=3,15,1,50;;M=20,20,20,20,|T=0,0,0,0,|B=1,15,1,50;3,15,1,50;;M=20,20,20,20,|T=0,0,0,0,|B=1,15,1,50;2,15,1,50;3,15,1,50;",NaN,[],MIRROR_M3,"MIRROR_M3,ADD_M1_M3",2,MULTIPLE_AMBIGUOUS,multiple_candidates,0,0,0,3.3293393328653,2.72762425827975,0,0.001508
18,synchronous,J_frozen_6,DOUBLE_M3,"M=20,20,20,20,|T=0,0,0,0,|B=3,15,1,50;3,15,1,50;",0,0,0,6,1160600003,2160600003,1120018001,6,6,"G001,G002,G003,MIRROR_M3,ADD_M1_M3,EXT_111","M=20,20,20,20,|T=0,0,0,0,|B=none;M=20,20,20,20,|T=0,0,0,0,|B=2,15,1,50;;M=20,20,20,20,|T=0,0,0,0,|B=1,15,1,50;;M=20,20,20,20,|T=0,0,0,0,|B=3,15,1,50;;M=20,20,20,20,|T=0,0,0,0,|B=1,15,1,50;3,15,1,50;;M=20,20,20,20,|T=0,0,0,0,|B=1,15,1,50;2,15,1,50;3,15,1,50;",NaN,[],MIRROR_M3,"MIRROR_M3,ADD_M1_M3",2,MULTIPLE_AMBIGUOUS,multiple_candidates,0,0,0,3.3293393328653,2.72762425827975,0,0.001136
18,synchronous,B_ideal_ci,DOUBLE_M3,"M=20,20,20,20,|T=0,0,0,0,|B=3,15,1,50;3,15,1,50;",0,1,1,6,1160600003,2160600003,1120018001,1,6,"DOUBLE_M3","M=20,20,20,20,|T=0,0,0,0,|B=3,15,1,50;3,15,1,50;",1,[Inf;Inf;0;Inf;0.00881917103688;Inf;0.0115470053838;Inf;Inf;0.0182574185835;Inf;0.0197202659437;Inf;Inf;0.0240370085031;Inf;Inf],DOUBLE_M3,"DOUBLE_M3",1,LOW_CONFIDENCE,insufficient_unique_margin,1,0,0,1.60480096866189,0,0,0.000841
18,synchronous,C_estimated_ci,DOUBLE_M3,"M=20,20,20,20,|T=0,0,0,0,|B=3,15,1,50;3,15,1,50;",0,1,1,6,1160600003,2160600003,1120018001,3,6,"DOUBLE_M3,ADD_M2_M3,DOUBLE_M2","M=20,20,20,20,|T=0,0,0,0,|B=3,15,1,50;3,15,1,50;;M=20,20,20,20,|T=0,0,0,0,|B=2,15,1,50;3,15,1,50;;M=20,20,20,20,|T=0,0,0,0,|B=2,15,1,50;2,15,1,50;",1,[Inf;Inf;0.000148174965478;Inf;0.00879667270324;Inf;0.0115027394498;Inf;Inf;0.018240293773;Inf;0.0196885723487;Inf;Inf;0.0239918325885;Inf;Inf],DOUBLE_M3,"DOUBLE_M3,ADD_M2_M3,DOUBLE_M2",3,MULTIPLE_AMBIGUOUS,multiple_candidates,1,0,0,1.60480096866189,0,0.001332,0.000451
18,synchronous,D_count_matched,DOUBLE_M3,"M=20,20,20,20,|T=0,0,0,0,|B=3,15,1,50;3,15,1,50;",0,1,1,6,1160600003,2160600003,1120018001,3,6,"DOUBLE_M2,DOUBLE_M3,ADD_M2_M3","M=20,20,20,20,|T=0,0,0,0,|B=2,15,1,50;2,15,1,50;;M=20,20,20,20,|T=0,0,0,0,|B=3,15,1,50;3,15,1,50;;M=20,20,20,20,|T=0,0,0,0,|B=2,15,1,50;3,15,1,50;",1,[],DOUBLE_M3,"DOUBLE_M2,DOUBLE_M3,ADD_M2_M3",3,MULTIPLE_AMBIGUOUS,multiple_candidates,1,0,0,1.60480096866189,0,0,0.000345
18,asynchronous,A_D_samecal_3,DOUBLE_M3,"M=20,20,20,20,|T=0,0,0,0,|B=3,15,1,50;3,15,1,50;",0,0,0,6,1160600003,2160600003,1120018002,3,3,"G001,G002,G003","M=20,20,20,20,|T=0,0,0,0,|B=none;M=20,20,20,20,|T=0,0,0,0,|B=2,15,1,50;;M=20,20,20,20,|T=0,0,0,0,|B=1,15,1,50;",NaN,[],G003,"G003",1,LOW_CONFIDENCE,insufficient_unique_margin,0,0,0,5.74729090455212,1.3114113926069,0,0.001388
18,asynchronous,A_D_samecal_6,DOUBLE_M3,"M=20,20,20,20,|T=0,0,0,0,|B=3,15,1,50;3,15,1,50;",0,0,0,6,1160600003,2160600003,1120018002,6,6,"G001,G002,G003,MIRROR_M3,ADD_M1_M3,EXT_111","M=20,20,20,20,|T=0,0,0,0,|B=none;M=20,20,20,20,|T=0,0,0,0,|B=2,15,1,50;;M=20,20,20,20,|T=0,0,0,0,|B=1,15,1,50;;M=20,20,20,20,|T=0,0,0,0,|B=3,15,1,50;;M=20,20,20,20,|T=0,0,0,0,|B=1,15,1,50;3,15,1,50;;M=20,20,20,20,|T=0,0,0,0,|B=1,15,1,50;2,15,1,50;3,15,1,50;",NaN,[],MIRROR_M3,"MIRROR_M3,ADD_M1_M3",2,MULTIPLE_AMBIGUOUS,multiple_candidates,0,0,0,3.3293393328653,2.72762425827975,0,0.001356
18,asynchronous,J_frozen_6,DOUBLE_M3,"M=20,20,20,20,|T=0,0,0,0,|B=3,15,1,50;3,15,1,50;",0,0,0,6,1160600003,2160600003,1120018002,6,6,"G001,G002,G003,MIRROR_M3,ADD_M1_M3,EXT_111","M=20,20,20,20,|T=0,0,0,0,|B=none;M=20,20,20,20,|T=0,0,0,0,|B=2,15,1,50;;M=20,20,20,20,|T=0,0,0,0,|B=1,15,1,50;;M=20,20,20,20,|T=0,0,0,0,|B=3,15,1,50;;M=20,20,20,20,|T=0,0,0,0,|B=1,15,1,50;3,15,1,50;;M=20,20,20,20,|T=0,0,0,0,|B=1,15,1,50;2,15,1,50;3,15,1,50;",NaN,[],MIRROR_M3,"MIRROR_M3,ADD_M1_M3",2,MULTIPLE_AMBIGUOUS,multiple_candidates,0,0,0,3.3293393328653,2.72762425827975,0,0.001201
18,asynchronous,B_ideal_ci,DOUBLE_M3,"M=20,20,20,20,|T=0,0,0,0,|B=3,15,1,50;3,15,1,50;",0,1,1,6,1160600003,2160600003,1120018002,1,6,"DOUBLE_M3","M=20,20,20,20,|T=0,0,0,0,|B=3,15,1,50;3,15,1,50;",1,[Inf;Inf;0;Inf;0.00881917103688;Inf;0.0115470053838;Inf;Inf;0.0182574185835;Inf;0.0197202659437;Inf;Inf;0.0240370085031;Inf;Inf],DOUBLE_M3,"DOUBLE_M3",1,LOW_CONFIDENCE,insufficient_unique_margin,1,0,0,1.60480096866189,0,0,0.000711
18,asynchronous,C_estimated_ci,DOUBLE_M3,"M=20,20,20,20,|T=0,0,0,0,|B=3,15,1,50;3,15,1,50;",0,1,1,6,1160600003,2160600003,1120018002,3,6,"DOUBLE_M3,ADD_M2_M3,DOUBLE_M2","M=20,20,20,20,|T=0,0,0,0,|B=3,15,1,50;3,15,1,50;;M=20,20,20,20,|T=0,0,0,0,|B=2,15,1,50;3,15,1,50;;M=20,20,20,20,|T=0,0,0,0,|B=2,15,1,50;2,15,1,50;",1,[Inf;Inf;0.000147445590265;Inf;0.00877986248593;Inf;0.0114694628785;Inf;Inf;0.0182153021266;Inf;0.0196534939645;Inf;Inf;0.0239587146969;Inf;Inf],DOUBLE_M3,"DOUBLE_M3,ADD_M2_M3,DOUBLE_M2",3,MULTIPLE_AMBIGUOUS,multiple_candidates,1,0,0,1.60480096866189,0,0.001436,0.000393
18,asynchronous,D_count_matched,DOUBLE_M3,"M=20,20,20,20,|T=0,0,0,0,|B=3,15,1,50;3,15,1,50;",0,0,0,6,1160600003,2160600003,1120018002,3,6,"ADD_M1_M3,DOUBLE_M1,DOUBLE_M2","M=20,20,20,20,|T=0,0,0,0,|B=1,15,1,50;3,15,1,50;;M=20,20,20,20,|T=0,0,0,0,|B=1,15,1,50;1,15,1,50;;M=20,20,20,20,|T=0,0,0,0,|B=2,15,1,50;2,15,1,50;",1,[],DOUBLE_M1,"ADD_M1_M3,DOUBLE_M1,DOUBLE_M2",3,MULTIPLE_AMBIGUOUS,multiple_candidates,0,0,0,1.60480096866189,0,0,0.000335
18,high_noise,A_D_samecal_3,DOUBLE_M3,"M=20,20,20,20,|T=0,0,0,0,|B=3,15,1,50;3,15,1,50;",0,0,0,6,1160600003,2160600003,1120018003,3,3,"G001,G002,G003","M=20,20,20,20,|T=0,0,0,0,|B=none;M=20,20,20,20,|T=0,0,0,0,|B=2,15,1,50;;M=20,20,20,20,|T=0,0,0,0,|B=1,15,1,50;",NaN,[],G003,"G003",1,LOW_CONFIDENCE,insufficient_unique_margin,0,0,0,5.74729090455212,1.3114113926069,0,0.001046
18,high_noise,A_D_samecal_6,DOUBLE_M3,"M=20,20,20,20,|T=0,0,0,0,|B=3,15,1,50;3,15,1,50;",0,0,0,6,1160600003,2160600003,1120018003,6,6,"G001,G002,G003,MIRROR_M3,ADD_M1_M3,EXT_111","M=20,20,20,20,|T=0,0,0,0,|B=none;M=20,20,20,20,|T=0,0,0,0,|B=2,15,1,50;;M=20,20,20,20,|T=0,0,0,0,|B=1,15,1,50;;M=20,20,20,20,|T=0,0,0,0,|B=3,15,1,50;;M=20,20,20,20,|T=0,0,0,0,|B=1,15,1,50;3,15,1,50;;M=20,20,20,20,|T=0,0,0,0,|B=1,15,1,50;2,15,1,50;3,15,1,50;",NaN,[],MIRROR_M3,"MIRROR_M3,ADD_M1_M3",2,MULTIPLE_AMBIGUOUS,multiple_candidates,0,0,0,3.3293393328653,2.72762425827975,0,0.000916
18,high_noise,J_frozen_6,DOUBLE_M3,"M=20,20,20,20,|T=0,0,0,0,|B=3,15,1,50;3,15,1,50;",0,0,0,6,1160600003,2160600003,1120018003,6,6,"G001,G002,G003,MIRROR_M3,ADD_M1_M3,EXT_111","M=20,20,20,20,|T=0,0,0,0,|B=none;M=20,20,20,20,|T=0,0,0,0,|B=2,15,1,50;;M=20,20,20,20,|T=0,0,0,0,|B=1,15,1,50;;M=20,20,20,20,|T=0,0,0,0,|B=3,15,1,50;;M=20,20,20,20,|T=0,0,0,0,|B=1,15,1,50;3,15,1,50;;M=20,20,20,20,|T=0,0,0,0,|B=1,15,1,50;2,15,1,50;3,15,1,50;",NaN,[],MIRROR_M3,"MIRROR_M3,ADD_M1_M3",2,MULTIPLE_AMBIGUOUS,multiple_candidates,0,0,0,3.3293393328653,2.72762425827975,0,0.000901
18,high_noise,B_ideal_ci,DOUBLE_M3,"M=20,20,20,20,|T=0,0,0,0,|B=3,15,1,50;3,15,1,50;",0,1,1,6,1160600003,2160600003,1120018003,1,6,"DOUBLE_M3","M=20,20,20,20,|T=0,0,0,0,|B=3,15,1,50;3,15,1,50;",1,[Inf;Inf;0;Inf;0.00881917103688;Inf;0.0115470053838;Inf;Inf;0.0182574185835;Inf;0.0197202659437;Inf;Inf;0.0240370085031;Inf;Inf],DOUBLE_M3,"DOUBLE_M3",1,LOW_CONFIDENCE,insufficient_unique_margin,1,0,0,1.60480096866189,0,0,0.000823
18,high_noise,C_estimated_ci,DOUBLE_M3,"M=20,20,20,20,|T=0,0,0,0,|B=3,15,1,50;3,15,1,50;",0,1,1,6,1160600003,2160600003,1120018003,3,6,"DOUBLE_M2,DOUBLE_M1,DOUBLE_M3","M=20,20,20,20,|T=0,0,0,0,|B=2,15,1,50;2,15,1,50;;M=20,20,20,20,|T=0,0,0,0,|B=1,15,1,50;1,15,1,50;;M=20,20,20,20,|T=0,0,0,0,|B=3,15,1,50;3,15,1,50;",3,[Inf;Inf;0.0206156032167;Inf;0.0213358039494;Inf;0.016406611333;Inf;Inf;0.0257891691563;Inf;0.0218870192361;Inf;Inf;0.0183948758775;Inf;Inf],DOUBLE_M1,"DOUBLE_M2,DOUBLE_M1,DOUBLE_M3",3,MULTIPLE_AMBIGUOUS,multiple_candidates,1,0,0,1.60480096866189,0,0.001461,0.000452
18,high_noise,D_count_matched,DOUBLE_M3,"M=20,20,20,20,|T=0,0,0,0,|B=3,15,1,50;3,15,1,50;",0,1,1,6,1160600003,2160600003,1120018003,3,6,"ADD_M1_M3,DOUBLE_M1,DOUBLE_M3","M=20,20,20,20,|T=0,0,0,0,|B=1,15,1,50;3,15,1,50;;M=20,20,20,20,|T=0,0,0,0,|B=1,15,1,50;1,15,1,50;;M=20,20,20,20,|T=0,0,0,0,|B=3,15,1,50;3,15,1,50;",3,[],DOUBLE_M1,"ADD_M1_M3,DOUBLE_M1,DOUBLE_M3",3,MULTIPLE_AMBIGUOUS,multiple_candidates,1,0,0,1.60480096866189,0,0,0.000444
19,synchronous,A_D_samecal_3,EXT_021,"M=20,20,20,20,|T=0,0,0,0,|B=2,15,1,50;2,15,1,50;3,15,1,50;",0,0,0,7,1160700001,2160700001,1120019001,3,3,"G001,G002,G003","M=20,20,20,20,|T=0,0,0,0,|B=none;M=20,20,20,20,|T=0,0,0,0,|B=2,15,1,50;;M=20,20,20,20,|T=0,0,0,0,|B=1,15,1,50;",NaN,[],G001,"",0,REJECTED,empty_first_set,0,0,0,Inf,NaN,0,0.000889
19,synchronous,A_D_samecal_6,EXT_021,"M=20,20,20,20,|T=0,0,0,0,|B=2,15,1,50;2,15,1,50;3,15,1,50;",0,0,0,7,1160700001,2160700001,1120019001,6,6,"G001,G002,G003,MIRROR_M3,ADD_M1_M3,EXT_111","M=20,20,20,20,|T=0,0,0,0,|B=none;M=20,20,20,20,|T=0,0,0,0,|B=2,15,1,50;;M=20,20,20,20,|T=0,0,0,0,|B=1,15,1,50;;M=20,20,20,20,|T=0,0,0,0,|B=3,15,1,50;;M=20,20,20,20,|T=0,0,0,0,|B=1,15,1,50;3,15,1,50;;M=20,20,20,20,|T=0,0,0,0,|B=1,15,1,50;2,15,1,50;3,15,1,50;",NaN,[],G001,"",0,REJECTED,empty_first_set,0,0,0,Inf,NaN,0,0.0005
19,synchronous,J_frozen_6,EXT_021,"M=20,20,20,20,|T=0,0,0,0,|B=2,15,1,50;2,15,1,50;3,15,1,50;",0,0,0,7,1160700001,2160700001,1120019001,6,6,"G001,G002,G003,MIRROR_M3,ADD_M1_M3,EXT_111","M=20,20,20,20,|T=0,0,0,0,|B=none;M=20,20,20,20,|T=0,0,0,0,|B=2,15,1,50;;M=20,20,20,20,|T=0,0,0,0,|B=1,15,1,50;;M=20,20,20,20,|T=0,0,0,0,|B=3,15,1,50;;M=20,20,20,20,|T=0,0,0,0,|B=1,15,1,50;3,15,1,50;;M=20,20,20,20,|T=0,0,0,0,|B=1,15,1,50;2,15,1,50;3,15,1,50;",NaN,[],G001,"",0,REJECTED,empty_first_set,0,0,0,Inf,NaN,0,0.000521
19,synchronous,B_ideal_ci,EXT_021,"M=20,20,20,20,|T=0,0,0,0,|B=2,15,1,50;2,15,1,50;3,15,1,50;",0,1,1,7,1160700001,2160700001,1120019001,1,7,"EXT_021","M=20,20,20,20,|T=0,0,0,0,|B=2,15,1,50;2,15,1,50;3,15,1,50;",1,[Inf;Inf;Inf;Inf;Inf;0.00755928946018;Inf;0;Inf;Inf;0.0121218305346;Inf;0.00947607082959;0.0114285714286;Inf;0.0127775313;0.0142857142857],EXT_021,"EXT_021",1,LOW_CONFIDENCE,insufficient_unique_margin,1,0,0,2.51571350125148,4.44089209850063e-16,0,0.000612
19,synchronous,C_estimated_ci,EXT_021,"M=20,20,20,20,|T=0,0,0,0,|B=2,15,1,50;2,15,1,50;3,15,1,50;",0,1,1,7,1160700001,2160700001,1120019001,3,7,"EXT_021,EXT_012,EXT_111","M=20,20,20,20,|T=0,0,0,0,|B=2,15,1,50;2,15,1,50;3,15,1,50;;M=20,20,20,20,|T=0,0,0,0,|B=2,15,1,50;3,15,1,50;3,15,1,50;;M=20,20,20,20,|T=0,0,0,0,|B=1,15,1,50;2,15,1,50;3,15,1,50;",1,[Inf;Inf;Inf;Inf;Inf;0.00756790571776;Inf;0.000161728825975;Inf;Inf;0.0121413728857;Inf;0.00949557237927;0.0114221651939;Inf;0.0127836523333;0.0142731121304],EXT_021,"EXT_021,EXT_012,EXT_111",3,MULTIPLE_AMBIGUOUS,multiple_candidates,1,0,0,2.51571350125148,4.44089209850063e-16,0.001554,0.000816
19,synchronous,D_count_matched,EXT_021,"M=20,20,20,20,|T=0,0,0,0,|B=2,15,1,50;2,15,1,50;3,15,1,50;",0,1,1,7,1160700001,2160700001,1120019001,3,7,"EXT_021,EXT_201,EXT_210","M=20,20,20,20,|T=0,0,0,0,|B=2,15,1,50;2,15,1,50;3,15,1,50;;M=20,20,20,20,|T=0,0,0,0,|B=1,15,1,50;1,15,1,50;3,15,1,50;;M=20,20,20,20,|T=0,0,0,0,|B=1,15,1,50;1,15,1,50;2,15,1,50;",1,[],EXT_021,"EXT_021,EXT_201,EXT_210",3,MULTIPLE_AMBIGUOUS,multiple_candidates,1,0,0,2.51571350125148,4.44089209850063e-16,0,0.000449
19,asynchronous,A_D_samecal_3,EXT_021,"M=20,20,20,20,|T=0,0,0,0,|B=2,15,1,50;2,15,1,50;3,15,1,50;",0,0,0,7,1160700001,2160700001,1120019002,3,3,"G001,G002,G003","M=20,20,20,20,|T=0,0,0,0,|B=none;M=20,20,20,20,|T=0,0,0,0,|B=2,15,1,50;;M=20,20,20,20,|T=0,0,0,0,|B=1,15,1,50;",NaN,[],G001,"",0,REJECTED,empty_first_set,0,0,0,Inf,NaN,0,0.000533
19,asynchronous,A_D_samecal_6,EXT_021,"M=20,20,20,20,|T=0,0,0,0,|B=2,15,1,50;2,15,1,50;3,15,1,50;",0,0,0,7,1160700001,2160700001,1120019002,6,6,"G001,G002,G003,MIRROR_M3,ADD_M1_M3,EXT_111","M=20,20,20,20,|T=0,0,0,0,|B=none;M=20,20,20,20,|T=0,0,0,0,|B=2,15,1,50;;M=20,20,20,20,|T=0,0,0,0,|B=1,15,1,50;;M=20,20,20,20,|T=0,0,0,0,|B=3,15,1,50;;M=20,20,20,20,|T=0,0,0,0,|B=1,15,1,50;3,15,1,50;;M=20,20,20,20,|T=0,0,0,0,|B=1,15,1,50;2,15,1,50;3,15,1,50;",NaN,[],G001,"",0,REJECTED,empty_first_set,0,0,0,Inf,NaN,0,0.000534
19,asynchronous,J_frozen_6,EXT_021,"M=20,20,20,20,|T=0,0,0,0,|B=2,15,1,50;2,15,1,50;3,15,1,50;",0,0,0,7,1160700001,2160700001,1120019002,6,6,"G001,G002,G003,MIRROR_M3,ADD_M1_M3,EXT_111","M=20,20,20,20,|T=0,0,0,0,|B=none;M=20,20,20,20,|T=0,0,0,0,|B=2,15,1,50;;M=20,20,20,20,|T=0,0,0,0,|B=1,15,1,50;;M=20,20,20,20,|T=0,0,0,0,|B=3,15,1,50;;M=20,20,20,20,|T=0,0,0,0,|B=1,15,1,50;3,15,1,50;;M=20,20,20,20,|T=0,0,0,0,|B=1,15,1,50;2,15,1,50;3,15,1,50;",NaN,[],G001,"",0,REJECTED,empty_first_set,0,0,0,Inf,NaN,0,0.000361
19,asynchronous,B_ideal_ci,EXT_021,"M=20,20,20,20,|T=0,0,0,0,|B=2,15,1,50;2,15,1,50;3,15,1,50;",0,1,1,7,1160700001,2160700001,1120019002,1,7,"EXT_021","M=20,20,20,20,|T=0,0,0,0,|B=2,15,1,50;2,15,1,50;3,15,1,50;",1,[Inf;Inf;Inf;Inf;Inf;0.00755928946018;Inf;0;Inf;Inf;0.0121218305346;Inf;0.00947607082959;0.0114285714286;Inf;0.0127775313;0.0142857142857],EXT_021,"EXT_021",1,LOW_CONFIDENCE,insufficient_unique_margin,1,0,0,2.51571350125148,4.44089209850063e-16,0,0.000691
19,asynchronous,C_estimated_ci,EXT_021,"M=20,20,20,20,|T=0,0,0,0,|B=2,15,1,50;2,15,1,50;3,15,1,50;",0,0,0,7,1160700001,2160700001,1120019002,3,7,"EXT_111,EXT_120,EXT_102","M=20,20,20,20,|T=0,0,0,0,|B=1,15,1,50;2,15,1,50;3,15,1,50;;M=20,20,20,20,|T=0,0,0,0,|B=1,15,1,50;2,15,1,50;2,15,1,50;;M=20,20,20,20,|T=0,0,0,0,|B=1,15,1,50;3,15,1,50;3,15,1,50;",6,[Inf;Inf;Inf;Inf;Inf;0.0147803395909;Inf;0.0129531185601;Inf;Inf;0.00980585719835;Inf;0.00674386220237;0.00879825212357;Inf;0.0112173911464;0.0125602319706],EXT_120,"EXT_111,EXT_120,EXT_102",3,MULTIPLE_AMBIGUOUS,multiple_candidates,0,0,0,2.51571350125148,-4.44089209850063e-16,0.001184,0.00046
19,asynchronous,D_count_matched,EXT_021,"M=20,20,20,20,|T=0,0,0,0,|B=2,15,1,50;2,15,1,50;3,15,1,50;",0,0,0,7,1160700001,2160700001,1120019002,3,7,"EXT_201,EXT_102,EXT_120","M=20,20,20,20,|T=0,0,0,0,|B=1,15,1,50;1,15,1,50;3,15,1,50;;M=20,20,20,20,|T=0,0,0,0,|B=1,15,1,50;3,15,1,50;3,15,1,50;;M=20,20,20,20,|T=0,0,0,0,|B=1,15,1,50;2,15,1,50;2,15,1,50;",6,[],EXT_120,"EXT_201,EXT_102,EXT_120",3,MULTIPLE_AMBIGUOUS,multiple_candidates,0,0,0,2.51571350125148,-4.44089209850063e-16,0,0.000658
19,high_noise,A_D_samecal_3,EXT_021,"M=20,20,20,20,|T=0,0,0,0,|B=2,15,1,50;2,15,1,50;3,15,1,50;",0,0,0,7,1160700001,2160700001,1120019003,3,3,"G001,G002,G003","M=20,20,20,20,|T=0,0,0,0,|B=none;M=20,20,20,20,|T=0,0,0,0,|B=2,15,1,50;;M=20,20,20,20,|T=0,0,0,0,|B=1,15,1,50;",NaN,[],G001,"",0,REJECTED,empty_first_set,0,0,0,Inf,NaN,0,0.00046
19,high_noise,A_D_samecal_6,EXT_021,"M=20,20,20,20,|T=0,0,0,0,|B=2,15,1,50;2,15,1,50;3,15,1,50;",0,0,0,7,1160700001,2160700001,1120019003,6,6,"G001,G002,G003,MIRROR_M3,ADD_M1_M3,EXT_111","M=20,20,20,20,|T=0,0,0,0,|B=none;M=20,20,20,20,|T=0,0,0,0,|B=2,15,1,50;;M=20,20,20,20,|T=0,0,0,0,|B=1,15,1,50;;M=20,20,20,20,|T=0,0,0,0,|B=3,15,1,50;;M=20,20,20,20,|T=0,0,0,0,|B=1,15,1,50;3,15,1,50;;M=20,20,20,20,|T=0,0,0,0,|B=1,15,1,50;2,15,1,50;3,15,1,50;",NaN,[],G001,"",0,REJECTED,empty_first_set,0,0,0,Inf,NaN,0,0.000448
19,high_noise,J_frozen_6,EXT_021,"M=20,20,20,20,|T=0,0,0,0,|B=2,15,1,50;2,15,1,50;3,15,1,50;",0,0,0,7,1160700001,2160700001,1120019003,6,6,"G001,G002,G003,MIRROR_M3,ADD_M1_M3,EXT_111","M=20,20,20,20,|T=0,0,0,0,|B=none;M=20,20,20,20,|T=0,0,0,0,|B=2,15,1,50;;M=20,20,20,20,|T=0,0,0,0,|B=1,15,1,50;;M=20,20,20,20,|T=0,0,0,0,|B=3,15,1,50;;M=20,20,20,20,|T=0,0,0,0,|B=1,15,1,50;3,15,1,50;;M=20,20,20,20,|T=0,0,0,0,|B=1,15,1,50;2,15,1,50;3,15,1,50;",NaN,[],G001,"",0,REJECTED,empty_first_set,0,0,0,Inf,NaN,0,0.000585
19,high_noise,B_ideal_ci,EXT_021,"M=20,20,20,20,|T=0,0,0,0,|B=2,15,1,50;2,15,1,50;3,15,1,50;",0,1,1,7,1160700001,2160700001,1120019003,1,7,"EXT_021","M=20,20,20,20,|T=0,0,0,0,|B=2,15,1,50;2,15,1,50;3,15,1,50;",1,[Inf;Inf;Inf;Inf;Inf;0.00755928946018;Inf;0;Inf;Inf;0.0121218305346;Inf;0.00947607082959;0.0114285714286;Inf;0.0127775313;0.0142857142857],EXT_021,"EXT_021",1,LOW_CONFIDENCE,insufficient_unique_margin,1,0,0,2.51571350125148,4.44089209850063e-16,0,0.000569
19,high_noise,C_estimated_ci,EXT_021,"M=20,20,20,20,|T=0,0,0,0,|B=2,15,1,50;2,15,1,50;3,15,1,50;",0,0,0,7,1160700001,2160700001,1120019003,3,7,"EXT_210,EXT_120,EXT_201","M=20,20,20,20,|T=0,0,0,0,|B=1,15,1,50;1,15,1,50;2,15,1,50;;M=20,20,20,20,|T=0,0,0,0,|B=1,15,1,50;2,15,1,50;2,15,1,50;;M=20,20,20,20,|T=0,0,0,0,|B=1,15,1,50;1,15,1,50;3,15,1,50;",6,[Inf;Inf;Inf;Inf;Inf;0.0263883681431;Inf;0.0238651986641;Inf;Inf;0.0220350425932;Inf;0.0189405606069;0.0180936164948;Inf;0.0189169580468;0.0180689076455],EXT_120,"EXT_210,EXT_120,EXT_201",3,MULTIPLE_AMBIGUOUS,multiple_candidates,0,0,0,2.51571350125148,-4.44089209850063e-16,0.001821,0.00067
19,high_noise,D_count_matched,EXT_021,"M=20,20,20,20,|T=0,0,0,0,|B=2,15,1,50;2,15,1,50;3,15,1,50;",0,1,1,7,1160700001,2160700001,1120019003,3,7,"EXT_021,EXT_012,EXT_120","M=20,20,20,20,|T=0,0,0,0,|B=2,15,1,50;2,15,1,50;3,15,1,50;;M=20,20,20,20,|T=0,0,0,0,|B=2,15,1,50;3,15,1,50;3,15,1,50;;M=20,20,20,20,|T=0,0,0,0,|B=1,15,1,50;2,15,1,50;2,15,1,50;",6,[],EXT_021,"EXT_021,EXT_012,EXT_120",3,MULTIPLE_AMBIGUOUS,multiple_candidates,1,0,0,2.51571350125148,4.44089209850063e-16,0,0.000456
20,synchronous,A_D_samecal_3,EXT_021,"M=20,20,20,20,|T=0,0,0,0,|B=2,15,1,50;2,15,1,50;3,15,1,50;",0,0,0,7,1160700002,2160700002,1120020001,3,3,"G001,G002,G003","M=20,20,20,20,|T=0,0,0,0,|B=none;M=20,20,20,20,|T=0,0,0,0,|B=2,15,1,50;;M=20,20,20,20,|T=0,0,0,0,|B=1,15,1,50;",NaN,[],G001,"",0,REJECTED,empty_first_set,0,0,0,Inf,NaN,0,0.000654
20,synchronous,A_D_samecal_6,EXT_021,"M=20,20,20,20,|T=0,0,0,0,|B=2,15,1,50;2,15,1,50;3,15,1,50;",0,0,0,7,1160700002,2160700002,1120020001,6,6,"G001,G002,G003,MIRROR_M3,ADD_M1_M3,EXT_111","M=20,20,20,20,|T=0,0,0,0,|B=none;M=20,20,20,20,|T=0,0,0,0,|B=2,15,1,50;;M=20,20,20,20,|T=0,0,0,0,|B=1,15,1,50;;M=20,20,20,20,|T=0,0,0,0,|B=3,15,1,50;;M=20,20,20,20,|T=0,0,0,0,|B=1,15,1,50;3,15,1,50;;M=20,20,20,20,|T=0,0,0,0,|B=1,15,1,50;2,15,1,50;3,15,1,50;",NaN,[],G001,"",0,REJECTED,empty_first_set,0,0,0,Inf,NaN,0,0.000445
20,synchronous,J_frozen_6,EXT_021,"M=20,20,20,20,|T=0,0,0,0,|B=2,15,1,50;2,15,1,50;3,15,1,50;",0,0,0,7,1160700002,2160700002,1120020001,6,6,"G001,G002,G003,MIRROR_M3,ADD_M1_M3,EXT_111","M=20,20,20,20,|T=0,0,0,0,|B=none;M=20,20,20,20,|T=0,0,0,0,|B=2,15,1,50;;M=20,20,20,20,|T=0,0,0,0,|B=1,15,1,50;;M=20,20,20,20,|T=0,0,0,0,|B=3,15,1,50;;M=20,20,20,20,|T=0,0,0,0,|B=1,15,1,50;3,15,1,50;;M=20,20,20,20,|T=0,0,0,0,|B=1,15,1,50;2,15,1,50;3,15,1,50;",NaN,[],G001,"",0,REJECTED,empty_first_set,0,0,0,Inf,NaN,0,0.000464
20,synchronous,B_ideal_ci,EXT_021,"M=20,20,20,20,|T=0,0,0,0,|B=2,15,1,50;2,15,1,50;3,15,1,50;",0,1,1,7,1160700002,2160700002,1120020001,1,7,"EXT_021","M=20,20,20,20,|T=0,0,0,0,|B=2,15,1,50;2,15,1,50;3,15,1,50;",1,[Inf;Inf;Inf;Inf;Inf;0.00755928946018;Inf;0;Inf;Inf;0.0121218305346;Inf;0.00947607082959;0.0114285714286;Inf;0.0127775313;0.0142857142857],EXT_021,"EXT_021",1,LOW_CONFIDENCE,insufficient_unique_margin,1,0,0,2.7574870023094,0,0,0.000758
20,synchronous,C_estimated_ci,EXT_021,"M=20,20,20,20,|T=0,0,0,0,|B=2,15,1,50;2,15,1,50;3,15,1,50;",0,1,1,7,1160700002,2160700002,1120020001,3,7,"EXT_021,EXT_012,EXT_111","M=20,20,20,20,|T=0,0,0,0,|B=2,15,1,50;2,15,1,50;3,15,1,50;;M=20,20,20,20,|T=0,0,0,0,|B=2,15,1,50;3,15,1,50;3,15,1,50;;M=20,20,20,20,|T=0,0,0,0,|B=1,15,1,50;2,15,1,50;3,15,1,50;",1,[Inf;Inf;Inf;Inf;Inf;0.00756659888136;Inf;0.000175746753256;Inf;Inf;0.0121072145882;Inf;0.0094531536206;0.011432538242;Inf;0.0127555362375;0.0142844153533],EXT_021,"EXT_021,EXT_012,EXT_111",3,MULTIPLE_AMBIGUOUS,multiple_candidates,1,0,0,2.7574870023094,0,0.001421,0.000731
20,synchronous,D_count_matched,EXT_021,"M=20,20,20,20,|T=0,0,0,0,|B=2,15,1,50;2,15,1,50;3,15,1,50;",0,0,0,7,1160700002,2160700002,1120020001,3,7,"EXT_111,EXT_120,EXT_012","M=20,20,20,20,|T=0,0,0,0,|B=1,15,1,50;2,15,1,50;3,15,1,50;;M=20,20,20,20,|T=0,0,0,0,|B=1,15,1,50;2,15,1,50;2,15,1,50;;M=20,20,20,20,|T=0,0,0,0,|B=2,15,1,50;3,15,1,50;3,15,1,50;",1,[],EXT_120,"EXT_111,EXT_120,EXT_012",3,MULTIPLE_AMBIGUOUS,multiple_candidates,0,0,0,2.7574870023094,0,0,0.000664
20,asynchronous,A_D_samecal_3,EXT_021,"M=20,20,20,20,|T=0,0,0,0,|B=2,15,1,50;2,15,1,50;3,15,1,50;",0,0,0,7,1160700002,2160700002,1120020002,3,3,"G001,G002,G003","M=20,20,20,20,|T=0,0,0,0,|B=none;M=20,20,20,20,|T=0,0,0,0,|B=2,15,1,50;;M=20,20,20,20,|T=0,0,0,0,|B=1,15,1,50;",NaN,[],G001,"",0,REJECTED,empty_first_set,0,0,0,Inf,NaN,0,0.000468
20,asynchronous,A_D_samecal_6,EXT_021,"M=20,20,20,20,|T=0,0,0,0,|B=2,15,1,50;2,15,1,50;3,15,1,50;",0,0,0,7,1160700002,2160700002,1120020002,6,6,"G001,G002,G003,MIRROR_M3,ADD_M1_M3,EXT_111","M=20,20,20,20,|T=0,0,0,0,|B=none;M=20,20,20,20,|T=0,0,0,0,|B=2,15,1,50;;M=20,20,20,20,|T=0,0,0,0,|B=1,15,1,50;;M=20,20,20,20,|T=0,0,0,0,|B=3,15,1,50;;M=20,20,20,20,|T=0,0,0,0,|B=1,15,1,50;3,15,1,50;;M=20,20,20,20,|T=0,0,0,0,|B=1,15,1,50;2,15,1,50;3,15,1,50;",NaN,[],G001,"",0,REJECTED,empty_first_set,0,0,0,Inf,NaN,0,0.000539
20,asynchronous,J_frozen_6,EXT_021,"M=20,20,20,20,|T=0,0,0,0,|B=2,15,1,50;2,15,1,50;3,15,1,50;",0,0,0,7,1160700002,2160700002,1120020002,6,6,"G001,G002,G003,MIRROR_M3,ADD_M1_M3,EXT_111","M=20,20,20,20,|T=0,0,0,0,|B=none;M=20,20,20,20,|T=0,0,0,0,|B=2,15,1,50;;M=20,20,20,20,|T=0,0,0,0,|B=1,15,1,50;;M=20,20,20,20,|T=0,0,0,0,|B=3,15,1,50;;M=20,20,20,20,|T=0,0,0,0,|B=1,15,1,50;3,15,1,50;;M=20,20,20,20,|T=0,0,0,0,|B=1,15,1,50;2,15,1,50;3,15,1,50;",NaN,[],G001,"",0,REJECTED,empty_first_set,0,0,0,Inf,NaN,0,0.000393
20,asynchronous,B_ideal_ci,EXT_021,"M=20,20,20,20,|T=0,0,0,0,|B=2,15,1,50;2,15,1,50;3,15,1,50;",0,1,1,7,1160700002,2160700002,1120020002,1,7,"EXT_021","M=20,20,20,20,|T=0,0,0,0,|B=2,15,1,50;2,15,1,50;3,15,1,50;",1,[Inf;Inf;Inf;Inf;Inf;0.00755928946018;Inf;0;Inf;Inf;0.0121218305346;Inf;0.00947607082959;0.0114285714286;Inf;0.0127775313;0.0142857142857],EXT_021,"EXT_021",1,LOW_CONFIDENCE,insufficient_unique_margin,1,0,0,2.7574870023094,0,0,0.000443
20,asynchronous,C_estimated_ci,EXT_021,"M=20,20,20,20,|T=0,0,0,0,|B=2,15,1,50;2,15,1,50;3,15,1,50;",0,1,1,7,1160700002,2160700002,1120020002,3,7,"EXT_201,EXT_210,EXT_021","M=20,20,20,20,|T=0,0,0,0,|B=1,15,1,50;1,15,1,50;3,15,1,50;;M=20,20,20,20,|T=0,0,0,0,|B=1,15,1,50;1,15,1,50;2,15,1,50;;M=20,20,20,20,|T=0,0,0,0,|B=2,15,1,50;2,15,1,50;3,15,1,50;",3,[Inf;Inf;Inf;Inf;Inf;0.0216713456282;Inf;0.0149687172729;Inf;Inf;0.0232445047896;Inf;0.0171674773445;0.0182926154581;Inf;0.0120616020356;0.0136154230778],EXT_021,"EXT_201,EXT_210,EXT_021",3,MULTIPLE_AMBIGUOUS,multiple_candidates,1,0,0,2.7574870023094,0,0.002017,0.001073
20,asynchronous,D_count_matched,EXT_021,"M=20,20,20,20,|T=0,0,0,0,|B=2,15,1,50;2,15,1,50;3,15,1,50;",0,0,0,7,1160700002,2160700002,1120020002,3,7,"EXT_120,EXT_012,EXT_102","M=20,20,20,20,|T=0,0,0,0,|B=1,15,1,50;2,15,1,50;2,15,1,50;;M=20,20,20,20,|T=0,0,0,0,|B=2,15,1,50;3,15,1,50;3,15,1,50;;M=20,20,20,20,|T=0,0,0,0,|B=1,15,1,50;3,15,1,50;3,15,1,50;",3,[],EXT_120,"EXT_120,EXT_012,EXT_102",3,MULTIPLE_AMBIGUOUS,multiple_candidates,0,0,0,2.7574870023094,0,0,0.000604
20,high_noise,A_D_samecal_3,EXT_021,"M=20,20,20,20,|T=0,0,0,0,|B=2,15,1,50;2,15,1,50;3,15,1,50;",0,0,0,7,1160700002,2160700002,1120020003,3,3,"G001,G002,G003","M=20,20,20,20,|T=0,0,0,0,|B=none;M=20,20,20,20,|T=0,0,0,0,|B=2,15,1,50;;M=20,20,20,20,|T=0,0,0,0,|B=1,15,1,50;",NaN,[],G001,"",0,REJECTED,empty_first_set,0,0,0,Inf,NaN,0,0.001154
20,high_noise,A_D_samecal_6,EXT_021,"M=20,20,20,20,|T=0,0,0,0,|B=2,15,1,50;2,15,1,50;3,15,1,50;",0,0,0,7,1160700002,2160700002,1120020003,6,6,"G001,G002,G003,MIRROR_M3,ADD_M1_M3,EXT_111","M=20,20,20,20,|T=0,0,0,0,|B=none;M=20,20,20,20,|T=0,0,0,0,|B=2,15,1,50;;M=20,20,20,20,|T=0,0,0,0,|B=1,15,1,50;;M=20,20,20,20,|T=0,0,0,0,|B=3,15,1,50;;M=20,20,20,20,|T=0,0,0,0,|B=1,15,1,50;3,15,1,50;;M=20,20,20,20,|T=0,0,0,0,|B=1,15,1,50;2,15,1,50;3,15,1,50;",NaN,[],G001,"",0,REJECTED,empty_first_set,0,0,0,Inf,NaN,0,0.001443
20,high_noise,J_frozen_6,EXT_021,"M=20,20,20,20,|T=0,0,0,0,|B=2,15,1,50;2,15,1,50;3,15,1,50;",0,0,0,7,1160700002,2160700002,1120020003,6,6,"G001,G002,G003,MIRROR_M3,ADD_M1_M3,EXT_111","M=20,20,20,20,|T=0,0,0,0,|B=none;M=20,20,20,20,|T=0,0,0,0,|B=2,15,1,50;;M=20,20,20,20,|T=0,0,0,0,|B=1,15,1,50;;M=20,20,20,20,|T=0,0,0,0,|B=3,15,1,50;;M=20,20,20,20,|T=0,0,0,0,|B=1,15,1,50;3,15,1,50;;M=20,20,20,20,|T=0,0,0,0,|B=1,15,1,50;2,15,1,50;3,15,1,50;",NaN,[],G001,"",0,REJECTED,empty_first_set,0,0,0,Inf,NaN,0,0.001054
20,high_noise,B_ideal_ci,EXT_021,"M=20,20,20,20,|T=0,0,0,0,|B=2,15,1,50;2,15,1,50;3,15,1,50;",0,1,1,7,1160700002,2160700002,1120020003,1,7,"EXT_021","M=20,20,20,20,|T=0,0,0,0,|B=2,15,1,50;2,15,1,50;3,15,1,50;",1,[Inf;Inf;Inf;Inf;Inf;0.00755928946018;Inf;0;Inf;Inf;0.0121218305346;Inf;0.00947607082959;0.0114285714286;Inf;0.0127775313;0.0142857142857],EXT_021,"EXT_021",1,LOW_CONFIDENCE,insufficient_unique_margin,1,0,0,2.7574870023094,0,0,0.00129
20,high_noise,C_estimated_ci,EXT_021,"M=20,20,20,20,|T=0,0,0,0,|B=2,15,1,50;2,15,1,50;3,15,1,50;",0,1,1,7,1160700002,2160700002,1120020003,3,7,"EXT_021,EXT_012,EXT_111","M=20,20,20,20,|T=0,0,0,0,|B=2,15,1,50;2,15,1,50;3,15,1,50;;M=20,20,20,20,|T=0,0,0,0,|B=2,15,1,50;3,15,1,50;3,15,1,50;;M=20,20,20,20,|T=0,0,0,0,|B=1,15,1,50;2,15,1,50;3,15,1,50;",1,[Inf;Inf;Inf;Inf;Inf;0.00983853626994;Inf;0.0063644899015;Inf;Inf;0.0140322963794;Inf;0.0118581312799;0.0135880034438;Inf;0.0146776887965;0.0161075481854],EXT_021,"EXT_021,EXT_012,EXT_111",3,MULTIPLE_AMBIGUOUS,multiple_candidates,1,0,0,2.7574870023094,0,0.0037,0.001329
20,high_noise,D_count_matched,EXT_021,"M=20,20,20,20,|T=0,0,0,0,|B=2,15,1,50;2,15,1,50;3,15,1,50;",0,1,1,7,1160700002,2160700002,1120020003,3,7,"EXT_021,EXT_210,EXT_120","M=20,20,20,20,|T=0,0,0,0,|B=2,15,1,50;2,15,1,50;3,15,1,50;;M=20,20,20,20,|T=0,0,0,0,|B=1,15,1,50;1,15,1,50;2,15,1,50;;M=20,20,20,20,|T=0,0,0,0,|B=1,15,1,50;2,15,1,50;2,15,1,50;",1,[],EXT_021,"EXT_021,EXT_210,EXT_120",3,MULTIPLE_AMBIGUOUS,multiple_candidates,1,0,0,2.7574870023094,0,0,0.00105
21,synchronous,A_D_samecal_3,EXT_021,"M=20,20,20,20,|T=0,0,0,0,|B=2,15,1,50;2,15,1,50;3,15,1,50;",0,0,0,7,1160700003,2160700003,1120021001,3,3,"G001,G002,G003","M=20,20,20,20,|T=0,0,0,0,|B=none;M=20,20,20,20,|T=0,0,0,0,|B=2,15,1,50;;M=20,20,20,20,|T=0,0,0,0,|B=1,15,1,50;",NaN,[],G001,"",0,REJECTED,empty_first_set,0,0,0,Inf,NaN,0,0.001109
21,synchronous,A_D_samecal_6,EXT_021,"M=20,20,20,20,|T=0,0,0,0,|B=2,15,1,50;2,15,1,50;3,15,1,50;",0,0,0,7,1160700003,2160700003,1120021001,6,6,"G001,G002,G003,MIRROR_M3,ADD_M1_M3,EXT_111","M=20,20,20,20,|T=0,0,0,0,|B=none;M=20,20,20,20,|T=0,0,0,0,|B=2,15,1,50;;M=20,20,20,20,|T=0,0,0,0,|B=1,15,1,50;;M=20,20,20,20,|T=0,0,0,0,|B=3,15,1,50;;M=20,20,20,20,|T=0,0,0,0,|B=1,15,1,50;3,15,1,50;;M=20,20,20,20,|T=0,0,0,0,|B=1,15,1,50;2,15,1,50;3,15,1,50;",NaN,[],EXT_111,"EXT_111",1,LOW_CONFIDENCE,insufficient_unique_margin,0,0,0,2.38758761279081,1.30320922584952,0,0.001646
21,synchronous,J_frozen_6,EXT_021,"M=20,20,20,20,|T=0,0,0,0,|B=2,15,1,50;2,15,1,50;3,15,1,50;",0,0,0,7,1160700003,2160700003,1120021001,6,6,"G001,G002,G003,MIRROR_M3,ADD_M1_M3,EXT_111","M=20,20,20,20,|T=0,0,0,0,|B=none;M=20,20,20,20,|T=0,0,0,0,|B=2,15,1,50;;M=20,20,20,20,|T=0,0,0,0,|B=1,15,1,50;;M=20,20,20,20,|T=0,0,0,0,|B=3,15,1,50;;M=20,20,20,20,|T=0,0,0,0,|B=1,15,1,50;3,15,1,50;;M=20,20,20,20,|T=0,0,0,0,|B=1,15,1,50;2,15,1,50;3,15,1,50;",NaN,[],EXT_111,"EXT_111",1,LOW_CONFIDENCE,insufficient_unique_margin,0,0,0,2.38758761279081,1.30320922584952,0,0.003167
21,synchronous,B_ideal_ci,EXT_021,"M=20,20,20,20,|T=0,0,0,0,|B=2,15,1,50;2,15,1,50;3,15,1,50;",0,1,1,7,1160700003,2160700003,1120021001,1,7,"EXT_021","M=20,20,20,20,|T=0,0,0,0,|B=2,15,1,50;2,15,1,50;3,15,1,50;",1,[Inf;Inf;Inf;Inf;Inf;0.00755928946018;Inf;0;Inf;Inf;0.0121218305346;Inf;0.00947607082959;0.0114285714286;Inf;0.0127775313;0.0142857142857],EXT_021,"EXT_021",1,LOW_CONFIDENCE,insufficient_unique_margin,1,0,0,2.13475549381692,0,0,0.000766
21,synchronous,C_estimated_ci,EXT_021,"M=20,20,20,20,|T=0,0,0,0,|B=2,15,1,50;2,15,1,50;3,15,1,50;",0,1,1,7,1160700003,2160700003,1120021001,3,7,"EXT_021,EXT_012,EXT_111","M=20,20,20,20,|T=0,0,0,0,|B=2,15,1,50;2,15,1,50;3,15,1,50;;M=20,20,20,20,|T=0,0,0,0,|B=2,15,1,50;3,15,1,50;3,15,1,50;;M=20,20,20,20,|T=0,0,0,0,|B=1,15,1,50;2,15,1,50;3,15,1,50;",1,[Inf;Inf;Inf;Inf;Inf;0.00753109938105;Inf;0.000163161654087;Inf;Inf;0.0120889446323;Inf;0.00945789332576;0.0113960252617;Inf;0.0128029929377;0.0142945539898],EXT_021,"EXT_021,EXT_012,EXT_111",3,MULTIPLE_AMBIGUOUS,multiple_candidates,1,0,0,2.13475549381692,0,0.001482,0.000506
21,synchronous,D_count_matched,EXT_021,"M=20,20,20,20,|T=0,0,0,0,|B=2,15,1,50;2,15,1,50;3,15,1,50;",0,1,1,7,1160700003,2160700003,1120021001,3,7,"EXT_021,EXT_210,EXT_102","M=20,20,20,20,|T=0,0,0,0,|B=2,15,1,50;2,15,1,50;3,15,1,50;;M=20,20,20,20,|T=0,0,0,0,|B=1,15,1,50;1,15,1,50;2,15,1,50;;M=20,20,20,20,|T=0,0,0,0,|B=1,15,1,50;3,15,1,50;3,15,1,50;",1,[],EXT_021,"EXT_021,EXT_210,EXT_102",3,MULTIPLE_AMBIGUOUS,multiple_candidates,1,0,0,2.13475549381692,0,0,0.000485
21,asynchronous,A_D_samecal_3,EXT_021,"M=20,20,20,20,|T=0,0,0,0,|B=2,15,1,50;2,15,1,50;3,15,1,50;",0,0,0,7,1160700003,2160700003,1120021002,3,3,"G001,G002,G003","M=20,20,20,20,|T=0,0,0,0,|B=none;M=20,20,20,20,|T=0,0,0,0,|B=2,15,1,50;;M=20,20,20,20,|T=0,0,0,0,|B=1,15,1,50;",NaN,[],G001,"",0,REJECTED,empty_first_set,0,0,0,Inf,NaN,0,0.000726
21,asynchronous,A_D_samecal_6,EXT_021,"M=20,20,20,20,|T=0,0,0,0,|B=2,15,1,50;2,15,1,50;3,15,1,50;",0,0,0,7,1160700003,2160700003,1120021002,6,6,"G001,G002,G003,MIRROR_M3,ADD_M1_M3,EXT_111","M=20,20,20,20,|T=0,0,0,0,|B=none;M=20,20,20,20,|T=0,0,0,0,|B=2,15,1,50;;M=20,20,20,20,|T=0,0,0,0,|B=1,15,1,50;;M=20,20,20,20,|T=0,0,0,0,|B=3,15,1,50;;M=20,20,20,20,|T=0,0,0,0,|B=1,15,1,50;3,15,1,50;;M=20,20,20,20,|T=0,0,0,0,|B=1,15,1,50;2,15,1,50;3,15,1,50;",NaN,[],EXT_111,"EXT_111",1,LOW_CONFIDENCE,insufficient_unique_margin,0,0,0,2.38758761279081,1.30320922584952,0,0.001088
21,asynchronous,J_frozen_6,EXT_021,"M=20,20,20,20,|T=0,0,0,0,|B=2,15,1,50;2,15,1,50;3,15,1,50;",0,0,0,7,1160700003,2160700003,1120021002,6,6,"G001,G002,G003,MIRROR_M3,ADD_M1_M3,EXT_111","M=20,20,20,20,|T=0,0,0,0,|B=none;M=20,20,20,20,|T=0,0,0,0,|B=2,15,1,50;;M=20,20,20,20,|T=0,0,0,0,|B=1,15,1,50;;M=20,20,20,20,|T=0,0,0,0,|B=3,15,1,50;;M=20,20,20,20,|T=0,0,0,0,|B=1,15,1,50;3,15,1,50;;M=20,20,20,20,|T=0,0,0,0,|B=1,15,1,50;2,15,1,50;3,15,1,50;",NaN,[],EXT_111,"EXT_111",1,LOW_CONFIDENCE,insufficient_unique_margin,0,0,0,2.38758761279081,1.30320922584952,0,0.002125
21,asynchronous,B_ideal_ci,EXT_021,"M=20,20,20,20,|T=0,0,0,0,|B=2,15,1,50;2,15,1,50;3,15,1,50;",0,1,1,7,1160700003,2160700003,1120021002,1,7,"EXT_021","M=20,20,20,20,|T=0,0,0,0,|B=2,15,1,50;2,15,1,50;3,15,1,50;",1,[Inf;Inf;Inf;Inf;Inf;0.00755928946018;Inf;0;Inf;Inf;0.0121218305346;Inf;0.00947607082959;0.0114285714286;Inf;0.0127775313;0.0142857142857],EXT_021,"EXT_021",1,LOW_CONFIDENCE,insufficient_unique_margin,1,0,0,2.13475549381692,0,0,0.001581
21,asynchronous,C_estimated_ci,EXT_021,"M=20,20,20,20,|T=0,0,0,0,|B=2,15,1,50;2,15,1,50;3,15,1,50;",0,1,1,7,1160700003,2160700003,1120021002,3,7,"EXT_021,EXT_012,EXT_111","M=20,20,20,20,|T=0,0,0,0,|B=2,15,1,50;2,15,1,50;3,15,1,50;;M=20,20,20,20,|T=0,0,0,0,|B=2,15,1,50;3,15,1,50;3,15,1,50;;M=20,20,20,20,|T=0,0,0,0,|B=1,15,1,50;2,15,1,50;3,15,1,50;",1,[Inf;Inf;Inf;Inf;Inf;0.0107708614509;Inf;0.00768462850718;Inf;Inf;0.0140573841898;Inf;0.0118596841931;0.0135175274101;Inf;0.0146310404667;0.0160043363893],EXT_021,"EXT_021,EXT_012,EXT_111",3,MULTIPLE_AMBIGUOUS,multiple_candidates,1,0,0,2.13475549381692,0,0.001758,0.000942
21,asynchronous,D_count_matched,EXT_021,"M=20,20,20,20,|T=0,0,0,0,|B=2,15,1,50;2,15,1,50;3,15,1,50;",0,1,1,7,1160700003,2160700003,1120021002,3,7,"EXT_210,EXT_102,EXT_021","M=20,20,20,20,|T=0,0,0,0,|B=1,15,1,50;1,15,1,50;2,15,1,50;;M=20,20,20,20,|T=0,0,0,0,|B=1,15,1,50;3,15,1,50;3,15,1,50;;M=20,20,20,20,|T=0,0,0,0,|B=2,15,1,50;2,15,1,50;3,15,1,50;",1,[],EXT_021,"EXT_210,EXT_102,EXT_021",3,MULTIPLE_AMBIGUOUS,multiple_candidates,1,0,0,2.13475549381692,0,0,0.000556
21,high_noise,A_D_samecal_3,EXT_021,"M=20,20,20,20,|T=0,0,0,0,|B=2,15,1,50;2,15,1,50;3,15,1,50;",0,0,0,7,1160700003,2160700003,1120021003,3,3,"G001,G002,G003","M=20,20,20,20,|T=0,0,0,0,|B=none;M=20,20,20,20,|T=0,0,0,0,|B=2,15,1,50;;M=20,20,20,20,|T=0,0,0,0,|B=1,15,1,50;",NaN,[],G001,"",0,REJECTED,empty_first_set,0,0,0,Inf,NaN,0,0.000872
21,high_noise,A_D_samecal_6,EXT_021,"M=20,20,20,20,|T=0,0,0,0,|B=2,15,1,50;2,15,1,50;3,15,1,50;",0,0,0,7,1160700003,2160700003,1120021003,6,6,"G001,G002,G003,MIRROR_M3,ADD_M1_M3,EXT_111","M=20,20,20,20,|T=0,0,0,0,|B=none;M=20,20,20,20,|T=0,0,0,0,|B=2,15,1,50;;M=20,20,20,20,|T=0,0,0,0,|B=1,15,1,50;;M=20,20,20,20,|T=0,0,0,0,|B=3,15,1,50;;M=20,20,20,20,|T=0,0,0,0,|B=1,15,1,50;3,15,1,50;;M=20,20,20,20,|T=0,0,0,0,|B=1,15,1,50;2,15,1,50;3,15,1,50;",NaN,[],EXT_111,"EXT_111",1,LOW_CONFIDENCE,insufficient_unique_margin,0,0,0,2.38758761279081,1.30320922584952,0,0.000963
21,high_noise,J_frozen_6,EXT_021,"M=20,20,20,20,|T=0,0,0,0,|B=2,15,1,50;2,15,1,50;3,15,1,50;",0,0,0,7,1160700003,2160700003,1120021003,6,6,"G001,G002,G003,MIRROR_M3,ADD_M1_M3,EXT_111","M=20,20,20,20,|T=0,0,0,0,|B=none;M=20,20,20,20,|T=0,0,0,0,|B=2,15,1,50;;M=20,20,20,20,|T=0,0,0,0,|B=1,15,1,50;;M=20,20,20,20,|T=0,0,0,0,|B=3,15,1,50;;M=20,20,20,20,|T=0,0,0,0,|B=1,15,1,50;3,15,1,50;;M=20,20,20,20,|T=0,0,0,0,|B=1,15,1,50;2,15,1,50;3,15,1,50;",NaN,[],EXT_111,"EXT_111",1,LOW_CONFIDENCE,insufficient_unique_margin,0,0,0,2.38758761279081,1.30320922584952,0,0.001028
21,high_noise,B_ideal_ci,EXT_021,"M=20,20,20,20,|T=0,0,0,0,|B=2,15,1,50;2,15,1,50;3,15,1,50;",0,1,1,7,1160700003,2160700003,1120021003,1,7,"EXT_021","M=20,20,20,20,|T=0,0,0,0,|B=2,15,1,50;2,15,1,50;3,15,1,50;",1,[Inf;Inf;Inf;Inf;Inf;0.00755928946018;Inf;0;Inf;Inf;0.0121218305346;Inf;0.00947607082959;0.0114285714286;Inf;0.0127775313;0.0142857142857],EXT_021,"EXT_021",1,LOW_CONFIDENCE,insufficient_unique_margin,1,0,0,2.13475549381692,0,0,0.000593
21,high_noise,C_estimated_ci,EXT_021,"M=20,20,20,20,|T=0,0,0,0,|B=2,15,1,50;2,15,1,50;3,15,1,50;",0,1,1,7,1160700003,2160700003,1120021003,3,7,"EXT_021,EXT_012,EXT_111","M=20,20,20,20,|T=0,0,0,0,|B=2,15,1,50;2,15,1,50;3,15,1,50;;M=20,20,20,20,|T=0,0,0,0,|B=2,15,1,50;3,15,1,50;3,15,1,50;;M=20,20,20,20,|T=0,0,0,0,|B=1,15,1,50;2,15,1,50;3,15,1,50;",1,[Inf;Inf;Inf;Inf;Inf;0.00761659140908;Inf;0.000419052211529;Inf;Inf;0.0121697669503;Inf;0.00950086141826;0.0114169474593;Inf;0.0127797609977;0.0142619287881],EXT_021,"EXT_021,EXT_012,EXT_111",3,MULTIPLE_AMBIGUOUS,multiple_candidates,1,0,0,2.13475549381692,0,0.001848,0.000435
21,high_noise,D_count_matched,EXT_021,"M=20,20,20,20,|T=0,0,0,0,|B=2,15,1,50;2,15,1,50;3,15,1,50;",0,0,0,7,1160700003,2160700003,1120021003,3,7,"EXT_201,EXT_102,EXT_210","M=20,20,20,20,|T=0,0,0,0,|B=1,15,1,50;1,15,1,50;3,15,1,50;;M=20,20,20,20,|T=0,0,0,0,|B=1,15,1,50;3,15,1,50;3,15,1,50;;M=20,20,20,20,|T=0,0,0,0,|B=1,15,1,50;1,15,1,50;2,15,1,50;",1,[],EXT_210,"EXT_201,EXT_102,EXT_210",3,MULTIPLE_AMBIGUOUS,multiple_candidates,0,0,0,2.46382677656106,-0.329071282744138,0,0.000416
22,synchronous,A_D_samecal_3,EXT_201,"M=20,20,20,20,|T=0,0,0,0,|B=1,15,1,50;1,15,1,50;3,15,1,50;",0,0,0,7,1160800001,2160800001,1120022001,3,3,"G001,G002,G003","M=20,20,20,20,|T=0,0,0,0,|B=none;M=20,20,20,20,|T=0,0,0,0,|B=2,15,1,50;;M=20,20,20,20,|T=0,0,0,0,|B=1,15,1,50;",NaN,[],G001,"",0,REJECTED,empty_first_set,0,0,0,Inf,NaN,0,0.000499
22,synchronous,A_D_samecal_6,EXT_201,"M=20,20,20,20,|T=0,0,0,0,|B=1,15,1,50;1,15,1,50;3,15,1,50;",0,0,0,7,1160800001,2160800001,1120022001,6,6,"G001,G002,G003,MIRROR_M3,ADD_M1_M3,EXT_111","M=20,20,20,20,|T=0,0,0,0,|B=none;M=20,20,20,20,|T=0,0,0,0,|B=2,15,1,50;;M=20,20,20,20,|T=0,0,0,0,|B=1,15,1,50;;M=20,20,20,20,|T=0,0,0,0,|B=3,15,1,50;;M=20,20,20,20,|T=0,0,0,0,|B=1,15,1,50;3,15,1,50;;M=20,20,20,20,|T=0,0,0,0,|B=1,15,1,50;2,15,1,50;3,15,1,50;",NaN,[],EXT_111,"ADD_M1_M3,EXT_111",2,MULTIPLE_AMBIGUOUS,multiple_candidates,0,0,0,1.92944701124167,0.42750728509306,0,0.000964
22,synchronous,J_frozen_6,EXT_201,"M=20,20,20,20,|T=0,0,0,0,|B=1,15,1,50;1,15,1,50;3,15,1,50;",0,0,0,7,1160800001,2160800001,1120022001,6,6,"G001,G002,G003,MIRROR_M3,ADD_M1_M3,EXT_111","M=20,20,20,20,|T=0,0,0,0,|B=none;M=20,20,20,20,|T=0,0,0,0,|B=2,15,1,50;;M=20,20,20,20,|T=0,0,0,0,|B=1,15,1,50;;M=20,20,20,20,|T=0,0,0,0,|B=3,15,1,50;;M=20,20,20,20,|T=0,0,0,0,|B=1,15,1,50;3,15,1,50;;M=20,20,20,20,|T=0,0,0,0,|B=1,15,1,50;2,15,1,50;3,15,1,50;",NaN,[],EXT_111,"ADD_M1_M3,EXT_111",2,MULTIPLE_AMBIGUOUS,multiple_candidates,0,0,0,1.92944701124167,0.42750728509306,0,0.00101
22,synchronous,B_ideal_ci,EXT_201,"M=20,20,20,20,|T=0,0,0,0,|B=1,15,1,50;1,15,1,50;3,15,1,50;",0,1,1,7,1160800001,2160800001,1120022001,1,7,"EXT_201","M=20,20,20,20,|T=0,0,0,0,|B=1,15,1,50;1,15,1,50;3,15,1,50;",1,[Inf;Inf;Inf;Inf;Inf;0.0182946406784;Inf;0.0127775313;Inf;Inf;0.0156492159287;Inf;0.00857142857143;0.0106904496765;Inf;0;0.00638876565],EXT_201,"EXT_201",1,LOW_CONFIDENCE,insufficient_unique_margin,1,0,0,0.814509111595373,2.22044604925031e-16,0,0.000591
22,synchronous,C_estimated_ci,EXT_201,"M=20,20,20,20,|T=0,0,0,0,|B=1,15,1,50;1,15,1,50;3,15,1,50;",0,1,1,7,1160800001,2160800001,1120022001,3,7,"EXT_201,EXT_210,EXT_111","M=20,20,20,20,|T=0,0,0,0,|B=1,15,1,50;1,15,1,50;3,15,1,50;;M=20,20,20,20,|T=0,0,0,0,|B=1,15,1,50;1,15,1,50;2,15,1,50;;M=20,20,20,20,|T=0,0,0,0,|B=1,15,1,50;2,15,1,50;3,15,1,50;",1,[Inf;Inf;Inf;Inf;Inf;0.0182823960716;Inf;0.012761765044;Inf;Inf;0.0156341102983;Inf;0.0085464639319;0.0106764613546;Inf;0.000159468594818;0.00640079772765],EXT_201,"EXT_201,EXT_210,EXT_111",3,MULTIPLE_AMBIGUOUS,multiple_candidates,1,0,0,0.814509111595373,2.22044604925031e-16,0.001117,0.001047
22,synchronous,D_count_matched,EXT_201,"M=20,20,20,20,|T=0,0,0,0,|B=1,15,1,50;1,15,1,50;3,15,1,50;",0,0,0,7,1160800001,2160800001,1120022001,3,7,"EXT_120,EXT_102,EXT_210","M=20,20,20,20,|T=0,0,0,0,|B=1,15,1,50;2,15,1,50;2,15,1,50;;M=20,20,20,20,|T=0,0,0,0,|B=1,15,1,50;3,15,1,50;3,15,1,50;;M=20,20,20,20,|T=0,0,0,0,|B=1,15,1,50;1,15,1,50;2,15,1,50;",1,[],EXT_102,"EXT_120,EXT_102,EXT_210",3,MULTIPLE_AMBIGUOUS,multiple_candidates,0,0,0,0.814509111595374,-2.22044604925031e-16,0,0.000408
22,asynchronous,A_D_samecal_3,EXT_201,"M=20,20,20,20,|T=0,0,0,0,|B=1,15,1,50;1,15,1,50;3,15,1,50;",0,0,0,7,1160800001,2160800001,1120022002,3,3,"G001,G002,G003","M=20,20,20,20,|T=0,0,0,0,|B=none;M=20,20,20,20,|T=0,0,0,0,|B=2,15,1,50;;M=20,20,20,20,|T=0,0,0,0,|B=1,15,1,50;",NaN,[],G001,"",0,REJECTED,empty_first_set,0,0,0,Inf,NaN,0,0.000726
22,asynchronous,A_D_samecal_6,EXT_201,"M=20,20,20,20,|T=0,0,0,0,|B=1,15,1,50;1,15,1,50;3,15,1,50;",0,0,0,7,1160800001,2160800001,1120022002,6,6,"G001,G002,G003,MIRROR_M3,ADD_M1_M3,EXT_111","M=20,20,20,20,|T=0,0,0,0,|B=none;M=20,20,20,20,|T=0,0,0,0,|B=2,15,1,50;;M=20,20,20,20,|T=0,0,0,0,|B=1,15,1,50;;M=20,20,20,20,|T=0,0,0,0,|B=3,15,1,50;;M=20,20,20,20,|T=0,0,0,0,|B=1,15,1,50;3,15,1,50;;M=20,20,20,20,|T=0,0,0,0,|B=1,15,1,50;2,15,1,50;3,15,1,50;",NaN,[],EXT_111,"ADD_M1_M3,EXT_111",2,MULTIPLE_AMBIGUOUS,multiple_candidates,0,0,0,1.92944701124167,0.42750728509306,0,0.000982
22,asynchronous,J_frozen_6,EXT_201,"M=20,20,20,20,|T=0,0,0,0,|B=1,15,1,50;1,15,1,50;3,15,1,50;",0,0,0,7,1160800001,2160800001,1120022002,6,6,"G001,G002,G003,MIRROR_M3,ADD_M1_M3,EXT_111","M=20,20,20,20,|T=0,0,0,0,|B=none;M=20,20,20,20,|T=0,0,0,0,|B=2,15,1,50;;M=20,20,20,20,|T=0,0,0,0,|B=1,15,1,50;;M=20,20,20,20,|T=0,0,0,0,|B=3,15,1,50;;M=20,20,20,20,|T=0,0,0,0,|B=1,15,1,50;3,15,1,50;;M=20,20,20,20,|T=0,0,0,0,|B=1,15,1,50;2,15,1,50;3,15,1,50;",NaN,[],EXT_111,"ADD_M1_M3,EXT_111",2,MULTIPLE_AMBIGUOUS,multiple_candidates,0,0,0,1.92944701124167,0.42750728509306,0,0.001119
22,asynchronous,B_ideal_ci,EXT_201,"M=20,20,20,20,|T=0,0,0,0,|B=1,15,1,50;1,15,1,50;3,15,1,50;",0,1,1,7,1160800001,2160800001,1120022002,1,7,"EXT_201","M=20,20,20,20,|T=0,0,0,0,|B=1,15,1,50;1,15,1,50;3,15,1,50;",1,[Inf;Inf;Inf;Inf;Inf;0.0182946406784;Inf;0.0127775313;Inf;Inf;0.0156492159287;Inf;0.00857142857143;0.0106904496765;Inf;0;0.00638876565],EXT_201,"EXT_201",1,LOW_CONFIDENCE,insufficient_unique_margin,1,0,0,0.814509111595373,2.22044604925031e-16,0,0.001747
22,asynchronous,C_estimated_ci,EXT_201,"M=20,20,20,20,|T=0,0,0,0,|B=1,15,1,50;1,15,1,50;3,15,1,50;",0,1,1,7,1160800001,2160800001,1120022002,3,7,"EXT_201,EXT_210,EXT_111","M=20,20,20,20,|T=0,0,0,0,|B=1,15,1,50;1,15,1,50;3,15,1,50;;M=20,20,20,20,|T=0,0,0,0,|B=1,15,1,50;1,15,1,50;2,15,1,50;;M=20,20,20,20,|T=0,0,0,0,|B=1,15,1,50;2,15,1,50;3,15,1,50;",1,[Inf;Inf;Inf;Inf;Inf;0.030629786671;Inf;0.0276421314603;Inf;Inf;0.0281498903479;Inf;0.0248660396276;0.0248791653641;Inf;0.0230532448281;0.0230674020982],EXT_201,"EXT_201,EXT_210,EXT_111",3,MULTIPLE_AMBIGUOUS,multiple_candidates,1,0,0,0.814509111595373,2.22044604925031e-16,0.001224,0.001221
22,asynchronous,D_count_matched,EXT_201,"M=20,20,20,20,|T=0,0,0,0,|B=1,15,1,50;1,15,1,50;3,15,1,50;",0,0,0,7,1160800001,2160800001,1120022002,3,7,"EXT_210,EXT_102,EXT_120","M=20,20,20,20,|T=0,0,0,0,|B=1,15,1,50;1,15,1,50;2,15,1,50;;M=20,20,20,20,|T=0,0,0,0,|B=1,15,1,50;3,15,1,50;3,15,1,50;;M=20,20,20,20,|T=0,0,0,0,|B=1,15,1,50;2,15,1,50;2,15,1,50;",1,[],EXT_102,"EXT_210,EXT_102,EXT_120",3,MULTIPLE_AMBIGUOUS,multiple_candidates,0,0,0,0.814509111595374,-2.22044604925031e-16,0,0.00124
22,high_noise,A_D_samecal_3,EXT_201,"M=20,20,20,20,|T=0,0,0,0,|B=1,15,1,50;1,15,1,50;3,15,1,50;",0,0,0,7,1160800001,2160800001,1120022003,3,3,"G001,G002,G003","M=20,20,20,20,|T=0,0,0,0,|B=none;M=20,20,20,20,|T=0,0,0,0,|B=2,15,1,50;;M=20,20,20,20,|T=0,0,0,0,|B=1,15,1,50;",NaN,[],G001,"",0,REJECTED,empty_first_set,0,0,0,Inf,NaN,0,0.000962
22,high_noise,A_D_samecal_6,EXT_201,"M=20,20,20,20,|T=0,0,0,0,|B=1,15,1,50;1,15,1,50;3,15,1,50;",0,0,0,7,1160800001,2160800001,1120022003,6,6,"G001,G002,G003,MIRROR_M3,ADD_M1_M3,EXT_111","M=20,20,20,20,|T=0,0,0,0,|B=none;M=20,20,20,20,|T=0,0,0,0,|B=2,15,1,50;;M=20,20,20,20,|T=0,0,0,0,|B=1,15,1,50;;M=20,20,20,20,|T=0,0,0,0,|B=3,15,1,50;;M=20,20,20,20,|T=0,0,0,0,|B=1,15,1,50;3,15,1,50;;M=20,20,20,20,|T=0,0,0,0,|B=1,15,1,50;2,15,1,50;3,15,1,50;",NaN,[],EXT_111,"ADD_M1_M3,EXT_111",2,MULTIPLE_AMBIGUOUS,multiple_candidates,0,0,0,1.92944701124167,0.42750728509306,0,0.00176
22,high_noise,J_frozen_6,EXT_201,"M=20,20,20,20,|T=0,0,0,0,|B=1,15,1,50;1,15,1,50;3,15,1,50;",0,0,0,7,1160800001,2160800001,1120022003,6,6,"G001,G002,G003,MIRROR_M3,ADD_M1_M3,EXT_111","M=20,20,20,20,|T=0,0,0,0,|B=none;M=20,20,20,20,|T=0,0,0,0,|B=2,15,1,50;;M=20,20,20,20,|T=0,0,0,0,|B=1,15,1,50;;M=20,20,20,20,|T=0,0,0,0,|B=3,15,1,50;;M=20,20,20,20,|T=0,0,0,0,|B=1,15,1,50;3,15,1,50;;M=20,20,20,20,|T=0,0,0,0,|B=1,15,1,50;2,15,1,50;3,15,1,50;",NaN,[],EXT_111,"ADD_M1_M3,EXT_111",2,MULTIPLE_AMBIGUOUS,multiple_candidates,0,0,0,1.92944701124167,0.42750728509306,0,0.002149
22,high_noise,B_ideal_ci,EXT_201,"M=20,20,20,20,|T=0,0,0,0,|B=1,15,1,50;1,15,1,50;3,15,1,50;",0,1,1,7,1160800001,2160800001,1120022003,1,7,"EXT_201","M=20,20,20,20,|T=0,0,0,0,|B=1,15,1,50;1,15,1,50;3,15,1,50;",1,[Inf;Inf;Inf;Inf;Inf;0.0182946406784;Inf;0.0127775313;Inf;Inf;0.0156492159287;Inf;0.00857142857143;0.0106904496765;Inf;0;0.00638876565],EXT_201,"EXT_201",1,LOW_CONFIDENCE,insufficient_unique_margin,1,0,0,0.814509111595373,2.22044604925031e-16,0,0.001193
22,high_noise,C_estimated_ci,EXT_201,"M=20,20,20,20,|T=0,0,0,0,|B=1,15,1,50;1,15,1,50;3,15,1,50;",0,1,1,7,1160800001,2160800001,1120022003,3,7,"EXT_201,EXT_210,EXT_111","M=20,20,20,20,|T=0,0,0,0,|B=1,15,1,50;1,15,1,50;3,15,1,50;;M=20,20,20,20,|T=0,0,0,0,|B=1,15,1,50;1,15,1,50;2,15,1,50;;M=20,20,20,20,|T=0,0,0,0,|B=1,15,1,50;2,15,1,50;3,15,1,50;",1,[Inf;Inf;Inf;Inf;Inf;0.0182087722751;Inf;0.012694992177;Inf;Inf;0.0155800915443;Inf;0.00850545067224;0.0106141182185;Inf;0.000283728318962;0.00635588830747],EXT_201,"EXT_201,EXT_210,EXT_111",3,MULTIPLE_AMBIGUOUS,multiple_candidates,1,0,0,0.814509111595373,2.22044604925031e-16,0.00462,0.000763
22,high_noise,D_count_matched,EXT_201,"M=20,20,20,20,|T=0,0,0,0,|B=1,15,1,50;1,15,1,50;3,15,1,50;",0,1,1,7,1160800001,2160800001,1120022003,3,7,"EXT_201,EXT_210,EXT_102","M=20,20,20,20,|T=0,0,0,0,|B=1,15,1,50;1,15,1,50;3,15,1,50;;M=20,20,20,20,|T=0,0,0,0,|B=1,15,1,50;1,15,1,50;2,15,1,50;;M=20,20,20,20,|T=0,0,0,0,|B=1,15,1,50;3,15,1,50;3,15,1,50;",1,[],EXT_201,"EXT_201,EXT_210,EXT_102",3,MULTIPLE_AMBIGUOUS,multiple_candidates,1,0,0,0.814509111595373,2.22044604925031e-16,0,0.000754
23,synchronous,A_D_samecal_3,EXT_201,"M=20,20,20,20,|T=0,0,0,0,|B=1,15,1,50;1,15,1,50;3,15,1,50;",0,0,0,7,1160800002,2160800002,1120023001,3,3,"G001,G002,G003","M=20,20,20,20,|T=0,0,0,0,|B=none;M=20,20,20,20,|T=0,0,0,0,|B=2,15,1,50;;M=20,20,20,20,|T=0,0,0,0,|B=1,15,1,50;",NaN,[],G001,"",0,REJECTED,empty_first_set,0,0,0,Inf,NaN,0,0.000466
23,synchronous,A_D_samecal_6,EXT_201,"M=20,20,20,20,|T=0,0,0,0,|B=1,15,1,50;1,15,1,50;3,15,1,50;",0,0,0,7,1160800002,2160800002,1120023001,6,6,"G001,G002,G003,MIRROR_M3,ADD_M1_M3,EXT_111","M=20,20,20,20,|T=0,0,0,0,|B=none;M=20,20,20,20,|T=0,0,0,0,|B=2,15,1,50;;M=20,20,20,20,|T=0,0,0,0,|B=1,15,1,50;;M=20,20,20,20,|T=0,0,0,0,|B=3,15,1,50;;M=20,20,20,20,|T=0,0,0,0,|B=1,15,1,50;3,15,1,50;;M=20,20,20,20,|T=0,0,0,0,|B=1,15,1,50;2,15,1,50;3,15,1,50;",NaN,[],EXT_111,"ADD_M1_M3,EXT_111",2,MULTIPLE_AMBIGUOUS,multiple_candidates,0,0,0,2.18778134433242,0.481474384141583,0,0.000693
23,synchronous,J_frozen_6,EXT_201,"M=20,20,20,20,|T=0,0,0,0,|B=1,15,1,50;1,15,1,50;3,15,1,50;",0,0,0,7,1160800002,2160800002,1120023001,6,6,"G001,G002,G003,MIRROR_M3,ADD_M1_M3,EXT_111","M=20,20,20,20,|T=0,0,0,0,|B=none;M=20,20,20,20,|T=0,0,0,0,|B=2,15,1,50;;M=20,20,20,20,|T=0,0,0,0,|B=1,15,1,50;;M=20,20,20,20,|T=0,0,0,0,|B=3,15,1,50;;M=20,20,20,20,|T=0,0,0,0,|B=1,15,1,50;3,15,1,50;;M=20,20,20,20,|T=0,0,0,0,|B=1,15,1,50;2,15,1,50;3,15,1,50;",NaN,[],EXT_111,"ADD_M1_M3,EXT_111",2,MULTIPLE_AMBIGUOUS,multiple_candidates,0,0,0,2.18778134433242,0.481474384141583,0,0.00105
23,synchronous,B_ideal_ci,EXT_201,"M=20,20,20,20,|T=0,0,0,0,|B=1,15,1,50;1,15,1,50;3,15,1,50;",0,1,1,7,1160800002,2160800002,1120023001,1,7,"EXT_201","M=20,20,20,20,|T=0,0,0,0,|B=1,15,1,50;1,15,1,50;3,15,1,50;",1,[Inf;Inf;Inf;Inf;Inf;0.0182946406784;Inf;0.0127775313;Inf;Inf;0.0156492159287;Inf;0.00857142857143;0.0106904496765;Inf;0;0.00638876565],EXT_201,"EXT_201",1,LOW_CONFIDENCE,insufficient_unique_margin,1,0,0,1.59042291195741,2.22044604925031e-16,0,0.00062
23,synchronous,C_estimated_ci,EXT_201,"M=20,20,20,20,|T=0,0,0,0,|B=1,15,1,50;1,15,1,50;3,15,1,50;",0,1,1,7,1160800002,2160800002,1120023001,3,7,"EXT_201,EXT_210,EXT_111","M=20,20,20,20,|T=0,0,0,0,|B=1,15,1,50;1,15,1,50;3,15,1,50;;M=20,20,20,20,|T=0,0,0,0,|B=1,15,1,50;1,15,1,50;2,15,1,50;;M=20,20,20,20,|T=0,0,0,0,|B=1,15,1,50;2,15,1,50;3,15,1,50;",1,[Inf;Inf;Inf;Inf;Inf;0.0182788942989;Inf;0.0127469458885;Inf;Inf;0.0156629571193;Inf;0.00858457211587;0.0106958380716;Inf;0.000158554841227;0.00638210100828],EXT_201,"EXT_201,EXT_210,EXT_111",3,MULTIPLE_AMBIGUOUS,multiple_candidates,1,0,0,1.59042291195741,2.22044604925031e-16,0.00179,0.00059
23,synchronous,D_count_matched,EXT_201,"M=20,20,20,20,|T=0,0,0,0,|B=1,15,1,50;1,15,1,50;3,15,1,50;",0,0,0,7,1160800002,2160800002,1120023001,3,7,"EXT_210,EXT_120,EXT_111","M=20,20,20,20,|T=0,0,0,0,|B=1,15,1,50;1,15,1,50;2,15,1,50;;M=20,20,20,20,|T=0,0,0,0,|B=1,15,1,50;2,15,1,50;2,15,1,50;;M=20,20,20,20,|T=0,0,0,0,|B=1,15,1,50;2,15,1,50;3,15,1,50;",1,[],EXT_210,"EXT_210,EXT_120,EXT_111",3,MULTIPLE_AMBIGUOUS,multiple_candidates,0,0,0,1.8051308823862,-0.214707970428781,0,0.000424
23,asynchronous,A_D_samecal_3,EXT_201,"M=20,20,20,20,|T=0,0,0,0,|B=1,15,1,50;1,15,1,50;3,15,1,50;",0,0,0,7,1160800002,2160800002,1120023002,3,3,"G001,G002,G003","M=20,20,20,20,|T=0,0,0,0,|B=none;M=20,20,20,20,|T=0,0,0,0,|B=2,15,1,50;;M=20,20,20,20,|T=0,0,0,0,|B=1,15,1,50;",NaN,[],G001,"",0,REJECTED,empty_first_set,0,0,0,Inf,NaN,0,0.000925
23,asynchronous,A_D_samecal_6,EXT_201,"M=20,20,20,20,|T=0,0,0,0,|B=1,15,1,50;1,15,1,50;3,15,1,50;",0,0,0,7,1160800002,2160800002,1120023002,6,6,"G001,G002,G003,MIRROR_M3,ADD_M1_M3,EXT_111","M=20,20,20,20,|T=0,0,0,0,|B=none;M=20,20,20,20,|T=0,0,0,0,|B=2,15,1,50;;M=20,20,20,20,|T=0,0,0,0,|B=1,15,1,50;;M=20,20,20,20,|T=0,0,0,0,|B=3,15,1,50;;M=20,20,20,20,|T=0,0,0,0,|B=1,15,1,50;3,15,1,50;;M=20,20,20,20,|T=0,0,0,0,|B=1,15,1,50;2,15,1,50;3,15,1,50;",NaN,[],EXT_111,"ADD_M1_M3,EXT_111",2,MULTIPLE_AMBIGUOUS,multiple_candidates,0,0,0,2.18778134433242,0.481474384141583,0,0.001219
23,asynchronous,J_frozen_6,EXT_201,"M=20,20,20,20,|T=0,0,0,0,|B=1,15,1,50;1,15,1,50;3,15,1,50;",0,0,0,7,1160800002,2160800002,1120023002,6,6,"G001,G002,G003,MIRROR_M3,ADD_M1_M3,EXT_111","M=20,20,20,20,|T=0,0,0,0,|B=none;M=20,20,20,20,|T=0,0,0,0,|B=2,15,1,50;;M=20,20,20,20,|T=0,0,0,0,|B=1,15,1,50;;M=20,20,20,20,|T=0,0,0,0,|B=3,15,1,50;;M=20,20,20,20,|T=0,0,0,0,|B=1,15,1,50;3,15,1,50;;M=20,20,20,20,|T=0,0,0,0,|B=1,15,1,50;2,15,1,50;3,15,1,50;",NaN,[],EXT_111,"ADD_M1_M3,EXT_111",2,MULTIPLE_AMBIGUOUS,multiple_candidates,0,0,0,2.18778134433242,0.481474384141583,0,0.001119
23,asynchronous,B_ideal_ci,EXT_201,"M=20,20,20,20,|T=0,0,0,0,|B=1,15,1,50;1,15,1,50;3,15,1,50;",0,1,1,7,1160800002,2160800002,1120023002,1,7,"EXT_201","M=20,20,20,20,|T=0,0,0,0,|B=1,15,1,50;1,15,1,50;3,15,1,50;",1,[Inf;Inf;Inf;Inf;Inf;0.0182946406784;Inf;0.0127775313;Inf;Inf;0.0156492159287;Inf;0.00857142857143;0.0106904496765;Inf;0;0.00638876565],EXT_201,"EXT_201",1,LOW_CONFIDENCE,insufficient_unique_margin,1,0,0,1.59042291195741,2.22044604925031e-16,0,0.000767
23,asynchronous,C_estimated_ci,EXT_201,"M=20,20,20,20,|T=0,0,0,0,|B=1,15,1,50;1,15,1,50;3,15,1,50;",0,1,1,7,1160800002,2160800002,1120023002,3,7,"EXT_201,EXT_210,EXT_111","M=20,20,20,20,|T=0,0,0,0,|B=1,15,1,50;1,15,1,50;3,15,1,50;;M=20,20,20,20,|T=0,0,0,0,|B=1,15,1,50;1,15,1,50;2,15,1,50;;M=20,20,20,20,|T=0,0,0,0,|B=1,15,1,50;2,15,1,50;3,15,1,50;",1,[Inf;Inf;Inf;Inf;Inf;0.0252395102618;Inf;0.0190735236947;Inf;Inf;0.0231213624636;Inf;0.0161667507573;0.0174853502845;Inf;0.00852269864729;0.0108171177656],EXT_201,"EXT_201,EXT_210,EXT_111",3,MULTIPLE_AMBIGUOUS,multiple_candidates,1,0,0,1.59042291195741,2.22044604925031e-16,0.001631,0.001007
23,asynchronous,D_count_matched,EXT_201,"M=20,20,20,20,|T=0,0,0,0,|B=1,15,1,50;1,15,1,50;3,15,1,50;",0,0,0,7,1160800002,2160800002,1120023002,3,7,"EXT_102,EXT_021,EXT_111","M=20,20,20,20,|T=0,0,0,0,|B=1,15,1,50;3,15,1,50;3,15,1,50;;M=20,20,20,20,|T=0,0,0,0,|B=2,15,1,50;2,15,1,50;3,15,1,50;;M=20,20,20,20,|T=0,0,0,0,|B=1,15,1,50;2,15,1,50;3,15,1,50;",1,[],EXT_102,"EXT_102,EXT_021,EXT_111",3,MULTIPLE_AMBIGUOUS,multiple_candidates,0,0,0,1.59042291195741,-2.22044604925031e-16,0,0.00149
23,high_noise,A_D_samecal_3,EXT_201,"M=20,20,20,20,|T=0,0,0,0,|B=1,15,1,50;1,15,1,50;3,15,1,50;",0,0,0,7,1160800002,2160800002,1120023003,3,3,"G001,G002,G003","M=20,20,20,20,|T=0,0,0,0,|B=none;M=20,20,20,20,|T=0,0,0,0,|B=2,15,1,50;;M=20,20,20,20,|T=0,0,0,0,|B=1,15,1,50;",NaN,[],G001,"",0,REJECTED,empty_first_set,0,0,0,Inf,NaN,0,0.000467
23,high_noise,A_D_samecal_6,EXT_201,"M=20,20,20,20,|T=0,0,0,0,|B=1,15,1,50;1,15,1,50;3,15,1,50;",0,0,0,7,1160800002,2160800002,1120023003,6,6,"G001,G002,G003,MIRROR_M3,ADD_M1_M3,EXT_111","M=20,20,20,20,|T=0,0,0,0,|B=none;M=20,20,20,20,|T=0,0,0,0,|B=2,15,1,50;;M=20,20,20,20,|T=0,0,0,0,|B=1,15,1,50;;M=20,20,20,20,|T=0,0,0,0,|B=3,15,1,50;;M=20,20,20,20,|T=0,0,0,0,|B=1,15,1,50;3,15,1,50;;M=20,20,20,20,|T=0,0,0,0,|B=1,15,1,50;2,15,1,50;3,15,1,50;",NaN,[],EXT_111,"ADD_M1_M3,EXT_111",2,MULTIPLE_AMBIGUOUS,multiple_candidates,0,0,0,2.18778134433242,0.481474384141583,0,0.000996
23,high_noise,J_frozen_6,EXT_201,"M=20,20,20,20,|T=0,0,0,0,|B=1,15,1,50;1,15,1,50;3,15,1,50;",0,0,0,7,1160800002,2160800002,1120023003,6,6,"G001,G002,G003,MIRROR_M3,ADD_M1_M3,EXT_111","M=20,20,20,20,|T=0,0,0,0,|B=none;M=20,20,20,20,|T=0,0,0,0,|B=2,15,1,50;;M=20,20,20,20,|T=0,0,0,0,|B=1,15,1,50;;M=20,20,20,20,|T=0,0,0,0,|B=3,15,1,50;;M=20,20,20,20,|T=0,0,0,0,|B=1,15,1,50;3,15,1,50;;M=20,20,20,20,|T=0,0,0,0,|B=1,15,1,50;2,15,1,50;3,15,1,50;",NaN,[],EXT_111,"ADD_M1_M3,EXT_111",2,MULTIPLE_AMBIGUOUS,multiple_candidates,0,0,0,2.18778134433242,0.481474384141583,0,0.001163
23,high_noise,B_ideal_ci,EXT_201,"M=20,20,20,20,|T=0,0,0,0,|B=1,15,1,50;1,15,1,50;3,15,1,50;",0,1,1,7,1160800002,2160800002,1120023003,1,7,"EXT_201","M=20,20,20,20,|T=0,0,0,0,|B=1,15,1,50;1,15,1,50;3,15,1,50;",1,[Inf;Inf;Inf;Inf;Inf;0.0182946406784;Inf;0.0127775313;Inf;Inf;0.0156492159287;Inf;0.00857142857143;0.0106904496765;Inf;0;0.00638876565],EXT_201,"EXT_201",1,LOW_CONFIDENCE,insufficient_unique_margin,1,0,0,1.59042291195741,2.22044604925031e-16,0,0.001928
23,high_noise,C_estimated_ci,EXT_201,"M=20,20,20,20,|T=0,0,0,0,|B=1,15,1,50;1,15,1,50;3,15,1,50;",0,1,1,7,1160800002,2160800002,1120023003,3,7,"EXT_201,EXT_210,EXT_111","M=20,20,20,20,|T=0,0,0,0,|B=1,15,1,50;1,15,1,50;3,15,1,50;;M=20,20,20,20,|T=0,0,0,0,|B=1,15,1,50;1,15,1,50;2,15,1,50;;M=20,20,20,20,|T=0,0,0,0,|B=1,15,1,50;2,15,1,50;3,15,1,50;",1,[Inf;Inf;Inf;Inf;Inf;0.0183649359714;Inf;0.0128424036704;Inf;Inf;0.0157313178902;Inf;0.00866780372189;0.0106874605952;Inf;0.000283497995024;0.00625870303863],EXT_201,"EXT_201,EXT_210,EXT_111",3,MULTIPLE_AMBIGUOUS,multiple_candidates,1,0,0,1.59042291195741,2.22044604925031e-16,0.001221,0.001295
23,high_noise,D_count_matched,EXT_201,"M=20,20,20,20,|T=0,0,0,0,|B=1,15,1,50;1,15,1,50;3,15,1,50;",0,1,1,7,1160800002,2160800002,1120023003,3,7,"EXT_012,EXT_201,EXT_102","M=20,20,20,20,|T=0,0,0,0,|B=2,15,1,50;3,15,1,50;3,15,1,50;;M=20,20,20,20,|T=0,0,0,0,|B=1,15,1,50;1,15,1,50;3,15,1,50;;M=20,20,20,20,|T=0,0,0,0,|B=1,15,1,50;3,15,1,50;3,15,1,50;",1,[],EXT_201,"EXT_012,EXT_201,EXT_102",3,MULTIPLE_AMBIGUOUS,multiple_candidates,1,0,0,1.59042291195741,2.22044604925031e-16,0,0.000639
24,synchronous,A_D_samecal_3,EXT_201,"M=20,20,20,20,|T=0,0,0,0,|B=1,15,1,50;1,15,1,50;3,15,1,50;",0,0,0,7,1160800003,2160800003,1120024001,3,3,"G001,G002,G003","M=20,20,20,20,|T=0,0,0,0,|B=none;M=20,20,20,20,|T=0,0,0,0,|B=2,15,1,50;;M=20,20,20,20,|T=0,0,0,0,|B=1,15,1,50;",NaN,[],G001,"",0,REJECTED,empty_first_set,0,0,0,Inf,NaN,0,0.000695
24,synchronous,A_D_samecal_6,EXT_201,"M=20,20,20,20,|T=0,0,0,0,|B=1,15,1,50;1,15,1,50;3,15,1,50;",0,0,0,7,1160800003,2160800003,1120024001,6,6,"G001,G002,G003,MIRROR_M3,ADD_M1_M3,EXT_111","M=20,20,20,20,|T=0,0,0,0,|B=none;M=20,20,20,20,|T=0,0,0,0,|B=2,15,1,50;;M=20,20,20,20,|T=0,0,0,0,|B=1,15,1,50;;M=20,20,20,20,|T=0,0,0,0,|B=3,15,1,50;;M=20,20,20,20,|T=0,0,0,0,|B=1,15,1,50;3,15,1,50;;M=20,20,20,20,|T=0,0,0,0,|B=1,15,1,50;2,15,1,50;3,15,1,50;",NaN,[],EXT_111,"ADD_M1_M3,EXT_111",2,MULTIPLE_AMBIGUOUS,multiple_candidates,0,0,0,2.31474484797652,0.55996864086074,0,0.001174
24,synchronous,J_frozen_6,EXT_201,"M=20,20,20,20,|T=0,0,0,0,|B=1,15,1,50;1,15,1,50;3,15,1,50;",0,0,0,7,1160800003,2160800003,1120024001,6,6,"G001,G002,G003,MIRROR_M3,ADD_M1_M3,EXT_111","M=20,20,20,20,|T=0,0,0,0,|B=none;M=20,20,20,20,|T=0,0,0,0,|B=2,15,1,50;;M=20,20,20,20,|T=0,0,0,0,|B=1,15,1,50;;M=20,20,20,20,|T=0,0,0,0,|B=3,15,1,50;;M=20,20,20,20,|T=0,0,0,0,|B=1,15,1,50;3,15,1,50;;M=20,20,20,20,|T=0,0,0,0,|B=1,15,1,50;2,15,1,50;3,15,1,50;",NaN,[],EXT_111,"ADD_M1_M3,EXT_111",2,MULTIPLE_AMBIGUOUS,multiple_candidates,0,0,0,2.31474484797652,0.55996864086074,0,0.001183
24,synchronous,B_ideal_ci,EXT_201,"M=20,20,20,20,|T=0,0,0,0,|B=1,15,1,50;1,15,1,50;3,15,1,50;",0,1,1,7,1160800003,2160800003,1120024001,1,7,"EXT_201","M=20,20,20,20,|T=0,0,0,0,|B=1,15,1,50;1,15,1,50;3,15,1,50;",1,[Inf;Inf;Inf;Inf;Inf;0.0182946406784;Inf;0.0127775313;Inf;Inf;0.0156492159287;Inf;0.00857142857143;0.0106904496765;Inf;0;0.00638876565],EXT_201,"EXT_201",1,LOW_CONFIDENCE,insufficient_unique_margin,1,0,0,1.86910982429552,0,0,0.000803
24,synchronous,C_estimated_ci,EXT_201,"M=20,20,20,20,|T=0,0,0,0,|B=1,15,1,50;1,15,1,50;3,15,1,50;",0,1,1,7,1160800003,2160800003,1120024001,3,7,"EXT_201,EXT_210,EXT_111","M=20,20,20,20,|T=0,0,0,0,|B=1,15,1,50;1,15,1,50;3,15,1,50;;M=20,20,20,20,|T=0,0,0,0,|B=1,15,1,50;1,15,1,50;2,15,1,50;;M=20,20,20,20,|T=0,0,0,0,|B=1,15,1,50;2,15,1,50;3,15,1,50;",1,[Inf;Inf;Inf;Inf;Inf;0.0182584566482;Inf;0.0127453780842;Inf;Inf;0.0156072840432;Inf;0.00852412684908;0.0106486678303;Inf;0.00018016170409;0.00638481372167],EXT_201,"EXT_201,EXT_210,EXT_111",3,MULTIPLE_AMBIGUOUS,multiple_candidates,1,0,0,1.86910982429552,0,0.001016,0.000417
24,synchronous,D_count_matched,EXT_201,"M=20,20,20,20,|T=0,0,0,0,|B=1,15,1,50;1,15,1,50;3,15,1,50;",0,0,0,7,1160800003,2160800003,1120024001,3,7,"EXT_102,EXT_111,EXT_021","M=20,20,20,20,|T=0,0,0,0,|B=1,15,1,50;3,15,1,50;3,15,1,50;;M=20,20,20,20,|T=0,0,0,0,|B=1,15,1,50;2,15,1,50;3,15,1,50;;M=20,20,20,20,|T=0,0,0,0,|B=2,15,1,50;2,15,1,50;3,15,1,50;",1,[],EXT_102,"EXT_102,EXT_111,EXT_021",3,MULTIPLE_AMBIGUOUS,multiple_candidates,0,0,0,1.86910982429552,0,0,0.00037
24,asynchronous,A_D_samecal_3,EXT_201,"M=20,20,20,20,|T=0,0,0,0,|B=1,15,1,50;1,15,1,50;3,15,1,50;",0,0,0,7,1160800003,2160800003,1120024002,3,3,"G001,G002,G003","M=20,20,20,20,|T=0,0,0,0,|B=none;M=20,20,20,20,|T=0,0,0,0,|B=2,15,1,50;;M=20,20,20,20,|T=0,0,0,0,|B=1,15,1,50;",NaN,[],G001,"",0,REJECTED,empty_first_set,0,0,0,Inf,NaN,0,0.000808
24,asynchronous,A_D_samecal_6,EXT_201,"M=20,20,20,20,|T=0,0,0,0,|B=1,15,1,50;1,15,1,50;3,15,1,50;",0,0,0,7,1160800003,2160800003,1120024002,6,6,"G001,G002,G003,MIRROR_M3,ADD_M1_M3,EXT_111","M=20,20,20,20,|T=0,0,0,0,|B=none;M=20,20,20,20,|T=0,0,0,0,|B=2,15,1,50;;M=20,20,20,20,|T=0,0,0,0,|B=1,15,1,50;;M=20,20,20,20,|T=0,0,0,0,|B=3,15,1,50;;M=20,20,20,20,|T=0,0,0,0,|B=1,15,1,50;3,15,1,50;;M=20,20,20,20,|T=0,0,0,0,|B=1,15,1,50;2,15,1,50;3,15,1,50;",NaN,[],EXT_111,"ADD_M1_M3,EXT_111",2,MULTIPLE_AMBIGUOUS,multiple_candidates,0,0,0,2.31474484797652,0.55996864086074,0,0.001015
24,asynchronous,J_frozen_6,EXT_201,"M=20,20,20,20,|T=0,0,0,0,|B=1,15,1,50;1,15,1,50;3,15,1,50;",0,0,0,7,1160800003,2160800003,1120024002,6,6,"G001,G002,G003,MIRROR_M3,ADD_M1_M3,EXT_111","M=20,20,20,20,|T=0,0,0,0,|B=none;M=20,20,20,20,|T=0,0,0,0,|B=2,15,1,50;;M=20,20,20,20,|T=0,0,0,0,|B=1,15,1,50;;M=20,20,20,20,|T=0,0,0,0,|B=3,15,1,50;;M=20,20,20,20,|T=0,0,0,0,|B=1,15,1,50;3,15,1,50;;M=20,20,20,20,|T=0,0,0,0,|B=1,15,1,50;2,15,1,50;3,15,1,50;",NaN,[],EXT_111,"ADD_M1_M3,EXT_111",2,MULTIPLE_AMBIGUOUS,multiple_candidates,0,0,0,2.31474484797652,0.55996864086074,0,0.00137
24,asynchronous,B_ideal_ci,EXT_201,"M=20,20,20,20,|T=0,0,0,0,|B=1,15,1,50;1,15,1,50;3,15,1,50;",0,1,1,7,1160800003,2160800003,1120024002,1,7,"EXT_201","M=20,20,20,20,|T=0,0,0,0,|B=1,15,1,50;1,15,1,50;3,15,1,50;",1,[Inf;Inf;Inf;Inf;Inf;0.0182946406784;Inf;0.0127775313;Inf;Inf;0.0156492159287;Inf;0.00857142857143;0.0106904496765;Inf;0;0.00638876565],EXT_201,"EXT_201",1,LOW_CONFIDENCE,insufficient_unique_margin,1,0,0,1.86910982429552,0,0,0.000993
24,asynchronous,C_estimated_ci,EXT_201,"M=20,20,20,20,|T=0,0,0,0,|B=1,15,1,50;1,15,1,50;3,15,1,50;",0,1,1,7,1160800003,2160800003,1120024002,3,7,"EXT_210,EXT_201,EXT_120","M=20,20,20,20,|T=0,0,0,0,|B=1,15,1,50;1,15,1,50;2,15,1,50;;M=20,20,20,20,|T=0,0,0,0,|B=1,15,1,50;1,15,1,50;3,15,1,50;;M=20,20,20,20,|T=0,0,0,0,|B=1,15,1,50;2,15,1,50;2,15,1,50;",2,[Inf;Inf;Inf;Inf;Inf;0.0252127883682;Inf;0.0211328856394;Inf;Inf;0.0229582651216;Inf;0.0183846701233;0.0178581277732;Inf;0.0156292332745;0.0150063174953],EXT_201,"EXT_210,EXT_201,EXT_120",3,MULTIPLE_AMBIGUOUS,multiple_candidates,1,0,0,1.86910982429552,0,0.0013,0.000784
24,asynchronous,D_count_matched,EXT_201,"M=20,20,20,20,|T=0,0,0,0,|B=1,15,1,50;1,15,1,50;3,15,1,50;",0,1,1,7,1160800003,2160800003,1120024002,3,7,"EXT_201,EXT_012,EXT_210","M=20,20,20,20,|T=0,0,0,0,|B=1,15,1,50;1,15,1,50;3,15,1,50;;M=20,20,20,20,|T=0,0,0,0,|B=2,15,1,50;3,15,1,50;3,15,1,50;;M=20,20,20,20,|T=0,0,0,0,|B=1,15,1,50;1,15,1,50;2,15,1,50;",2,[],EXT_201,"EXT_201,EXT_012,EXT_210",3,MULTIPLE_AMBIGUOUS,multiple_candidates,1,0,0,1.86910982429552,0,0,0.000985
24,high_noise,A_D_samecal_3,EXT_201,"M=20,20,20,20,|T=0,0,0,0,|B=1,15,1,50;1,15,1,50;3,15,1,50;",0,0,0,7,1160800003,2160800003,1120024003,3,3,"G001,G002,G003","M=20,20,20,20,|T=0,0,0,0,|B=none;M=20,20,20,20,|T=0,0,0,0,|B=2,15,1,50;;M=20,20,20,20,|T=0,0,0,0,|B=1,15,1,50;",NaN,[],G001,"",0,REJECTED,empty_first_set,0,0,0,Inf,NaN,0,0.000458
24,high_noise,A_D_samecal_6,EXT_201,"M=20,20,20,20,|T=0,0,0,0,|B=1,15,1,50;1,15,1,50;3,15,1,50;",0,0,0,7,1160800003,2160800003,1120024003,6,6,"G001,G002,G003,MIRROR_M3,ADD_M1_M3,EXT_111","M=20,20,20,20,|T=0,0,0,0,|B=none;M=20,20,20,20,|T=0,0,0,0,|B=2,15,1,50;;M=20,20,20,20,|T=0,0,0,0,|B=1,15,1,50;;M=20,20,20,20,|T=0,0,0,0,|B=3,15,1,50;;M=20,20,20,20,|T=0,0,0,0,|B=1,15,1,50;3,15,1,50;;M=20,20,20,20,|T=0,0,0,0,|B=1,15,1,50;2,15,1,50;3,15,1,50;",NaN,[],EXT_111,"ADD_M1_M3,EXT_111",2,MULTIPLE_AMBIGUOUS,multiple_candidates,0,0,0,2.31474484797652,0.55996864086074,0,0.000812
24,high_noise,J_frozen_6,EXT_201,"M=20,20,20,20,|T=0,0,0,0,|B=1,15,1,50;1,15,1,50;3,15,1,50;",0,0,0,7,1160800003,2160800003,1120024003,6,6,"G001,G002,G003,MIRROR_M3,ADD_M1_M3,EXT_111","M=20,20,20,20,|T=0,0,0,0,|B=none;M=20,20,20,20,|T=0,0,0,0,|B=2,15,1,50;;M=20,20,20,20,|T=0,0,0,0,|B=1,15,1,50;;M=20,20,20,20,|T=0,0,0,0,|B=3,15,1,50;;M=20,20,20,20,|T=0,0,0,0,|B=1,15,1,50;3,15,1,50;;M=20,20,20,20,|T=0,0,0,0,|B=1,15,1,50;2,15,1,50;3,15,1,50;",NaN,[],EXT_111,"ADD_M1_M3,EXT_111",2,MULTIPLE_AMBIGUOUS,multiple_candidates,0,0,0,2.31474484797652,0.55996864086074,0,0.000985
24,high_noise,B_ideal_ci,EXT_201,"M=20,20,20,20,|T=0,0,0,0,|B=1,15,1,50;1,15,1,50;3,15,1,50;",0,1,1,7,1160800003,2160800003,1120024003,1,7,"EXT_201","M=20,20,20,20,|T=0,0,0,0,|B=1,15,1,50;1,15,1,50;3,15,1,50;",1,[Inf;Inf;Inf;Inf;Inf;0.0182946406784;Inf;0.0127775313;Inf;Inf;0.0156492159287;Inf;0.00857142857143;0.0106904496765;Inf;0;0.00638876565],EXT_201,"EXT_201",1,LOW_CONFIDENCE,insufficient_unique_margin,1,0,0,1.86910982429552,0,0,0.000787
24,high_noise,C_estimated_ci,EXT_201,"M=20,20,20,20,|T=0,0,0,0,|B=1,15,1,50;1,15,1,50;3,15,1,50;",0,1,1,7,1160800003,2160800003,1120024003,3,7,"EXT_201,EXT_210,EXT_111","M=20,20,20,20,|T=0,0,0,0,|B=1,15,1,50;1,15,1,50;3,15,1,50;;M=20,20,20,20,|T=0,0,0,0,|B=1,15,1,50;1,15,1,50;2,15,1,50;;M=20,20,20,20,|T=0,0,0,0,|B=1,15,1,50;2,15,1,50;3,15,1,50;",1,[Inf;Inf;Inf;Inf;Inf;0.0183561940541;Inf;0.0128206480122;Inf;Inf;0.0157193606632;Inf;0.00863234933024;0.0107244028009;Inf;0.000390791509751;0.00637558456],EXT_201,"EXT_201,EXT_210,EXT_111",3,MULTIPLE_AMBIGUOUS,multiple_candidates,1,0,0,1.86910982429552,0,0.002586,0.000806
24,high_noise,D_count_matched,EXT_201,"M=20,20,20,20,|T=0,0,0,0,|B=1,15,1,50;1,15,1,50;3,15,1,50;",0,0,0,7,1160800003,2160800003,1120024003,3,7,"EXT_120,EXT_111,EXT_102","M=20,20,20,20,|T=0,0,0,0,|B=1,15,1,50;2,15,1,50;2,15,1,50;;M=20,20,20,20,|T=0,0,0,0,|B=1,15,1,50;2,15,1,50;3,15,1,50;;M=20,20,20,20,|T=0,0,0,0,|B=1,15,1,50;3,15,1,50;3,15,1,50;",1,[],EXT_102,"EXT_120,EXT_111,EXT_102",3,MULTIPLE_AMBIGUOUS,multiple_candidates,0,0,0,1.86910982429552,0,0,0.000441
