sample_id,condition,truth_id,candidate_id,signature,h50_distance,distance_minus_truth,ideal_selected,estimated_selected,noinfo_selected
1,synchronous,G001,G001,"M=20,20,20,20,|T=0,0,0,0,|B=none",2.89067950656839,0,1,1,1
1,asynchronous,G001,G001,"M=20,20,20,20,|T=0,0,0,0,|B=none",2.89067950656839,0,1,0,0
1,high_noise,G001,G001,"M=20,20,20,20,|T=0,0,0,0,|B=none",2.89067950656839,0,1,0,0
2,synchronous,G001,G001,"M=20,20,20,20,|T=0,0,0,0,|B=none",3.55083590204482,0,1,1,1
2,asynchronous,G001,G001,"M=20,20,20,20,|T=0,0,0,0,|B=none",3.55083590204482,0,1,1,1
2,high_noise,G001,G001,"M=20,20,20,20,|T=0,0,0,0,|B=none",3.55083590204482,0,1,1,1
3,synchronous,G001,G001,"M=20,20,20,20,|T=0,0,0,0,|B=none",4.43082640050603,0,1,1,1
3,asynchronous,G001,G001,"M=20,20,20,20,|T=0,0,0,0,|B=none",4.43082640050603,0,1,1,1
3,high_noise,G001,G001,"M=20,20,20,20,|T=0,0,0,0,|B=none",4.43082640050603,0,1,1,1
4,synchronous,G001,G001,"M=20,20,20,20,|T=0,0,0,0,|B=none",5.44654478280183,0,1,1,1
4,asynchronous,G001,G001,"M=20,20,20,20,|T=0,0,0,0,|B=none",5.44654478280183,0,1,0,0
4,high_noise,G001,G001,"M=20,20,20,20,|T=0,0,0,0,|B=none",5.44654478280183,0,1,0,0
5,synchronous,G001,G001,"M=20,20,20,20,|T=0,0,0,0,|B=none",6.65364690366771,0,1,1,1
5,asynchronous,G001,G001,"M=20,20,20,20,|T=0,0,0,0,|B=none",6.65364690366771,0,1,1,1
5,high_noise,G001,G001,"M=20,20,20,20,|T=0,0,0,0,|B=none",6.65364690366771,0,1,1,1
6,synchronous,G001,G001,"M=20,20,20,20,|T=0,0,0,0,|B=none",4.0115141197443,0,1,1,1
6,asynchronous,G001,G001,"M=20,20,20,20,|T=0,0,0,0,|B=none",4.0115141197443,0,1,1,1
6,high_noise,G001,G001,"M=20,20,20,20,|T=0,0,0,0,|B=none",4.0115141197443,0,1,1,1
7,synchronous,G001,G001,"M=20,20,20,20,|T=0,0,0,0,|B=none",1.87298134740259,0,1,1,1
7,asynchronous,G001,G001,"M=20,20,20,20,|T=0,0,0,0,|B=none",1.87298134740259,0,1,1,1
7,high_noise,G001,G001,"M=20,20,20,20,|T=0,0,0,0,|B=none",1.87298134740259,0,1,1,1
8,synchronous,G001,G001,"M=20,20,20,20,|T=0,0,0,0,|B=none",6.40455477463353,0,1,1,1
8,asynchronous,G001,G001,"M=20,20,20,20,|T=0,0,0,0,|B=none",6.40455477463353,0,1,1,1
8,high_noise,G001,G001,"M=20,20,20,20,|T=0,0,0,0,|B=none",6.40455477463353,0,1,1,1
9,synchronous,G001,G001,"M=20,20,20,20,|T=0,0,0,0,|B=none",5.54942155478147,0,1,1,1
9,asynchronous,G001,G001,"M=20,20,20,20,|T=0,0,0,0,|B=none",5.54942155478147,0,1,1,1
9,high_noise,G001,G001,"M=20,20,20,20,|T=0,0,0,0,|B=none",5.54942155478147,0,1,1,1
10,synchronous,G001,G001,"M=20,20,20,20,|T=0,0,0,0,|B=none",6.2159884762051,0,1,1,1
10,asynchronous,G001,G001,"M=20,20,20,20,|T=0,0,0,0,|B=none",6.2159884762051,0,1,1,1
10,high_noise,G001,G001,"M=20,20,20,20,|T=0,0,0,0,|B=none",6.2159884762051,0,1,1,1
11,synchronous,G001,G001,"M=20,20,20,20,|T=0,0,0,0,|B=none",5.29932728152413,0,1,1,1
11,asynchronous,G001,G001,"M=20,20,20,20,|T=0,0,0,0,|B=none",5.29932728152413,0,1,1,1
11,high_noise,G001,G001,"M=20,20,20,20,|T=0,0,0,0,|B=none",5.29932728152413,0,1,1,1
12,synchronous,G001,G001,"M=20,20,20,20,|T=0,0,0,0,|B=none",2.40519481422101,0,1,1,1
12,asynchronous,G001,G001,"M=20,20,20,20,|T=0,0,0,0,|B=none",2.40519481422101,0,1,1,1
12,high_noise,G001,G001,"M=20,20,20,20,|T=0,0,0,0,|B=none",2.40519481422101,0,1,1,1
13,synchronous,G001,G001,"M=20,20,20,20,|T=0,0,0,0,|B=none",7.0786820024241,0,1,1,1
13,asynchronous,G001,G001,"M=20,20,20,20,|T=0,0,0,0,|B=none",7.0786820024241,0,1,0,0
13,high_noise,G001,G001,"M=20,20,20,20,|T=0,0,0,0,|B=none",7.0786820024241,0,1,0,0
14,synchronous,G001,G001,"M=20,20,20,20,|T=0,0,0,0,|B=none",5.68300885559211,0,1,1,1
14,asynchronous,G001,G001,"M=20,20,20,20,|T=0,0,0,0,|B=none",5.68300885559211,0,1,1,1
14,high_noise,G001,G001,"M=20,20,20,20,|T=0,0,0,0,|B=none",5.68300885559211,0,1,1,1
15,synchronous,G001,G001,"M=20,20,20,20,|T=0,0,0,0,|B=none",5.86905024661761,0,1,1,1
15,asynchronous,G001,G001,"M=20,20,20,20,|T=0,0,0,0,|B=none",5.86905024661761,0,1,1,1
15,high_noise,G001,G001,"M=20,20,20,20,|T=0,0,0,0,|B=none",5.86905024661761,0,1,1,1
16,synchronous,G001,G001,"M=20,20,20,20,|T=0,0,0,0,|B=none",3.45731694941261,0,1,1,1
16,asynchronous,G001,G001,"M=20,20,20,20,|T=0,0,0,0,|B=none",3.45731694941261,0,1,1,1
16,high_noise,G001,G001,"M=20,20,20,20,|T=0,0,0,0,|B=none",3.45731694941261,0,1,1,1
17,synchronous,G001,G001,"M=20,20,20,20,|T=0,0,0,0,|B=none",3.36100848716467,0,1,1,1
17,asynchronous,G001,G001,"M=20,20,20,20,|T=0,0,0,0,|B=none",3.36100848716467,0,1,1,1
17,high_noise,G001,G001,"M=20,20,20,20,|T=0,0,0,0,|B=none",3.36100848716467,0,1,1,1
18,synchronous,G001,G001,"M=20,20,20,20,|T=0,0,0,0,|B=none",5.36615443150156,0,1,1,1
18,asynchronous,G001,G001,"M=20,20,20,20,|T=0,0,0,0,|B=none",5.36615443150156,0,1,1,1
18,high_noise,G001,G001,"M=20,20,20,20,|T=0,0,0,0,|B=none",5.36615443150156,0,1,1,1
19,synchronous,G001,G001,"M=20,20,20,20,|T=0,0,0,0,|B=none",4.85885674495252,0,1,1,1
19,asynchronous,G001,G001,"M=20,20,20,20,|T=0,0,0,0,|B=none",4.85885674495252,0,1,1,1
19,high_noise,G001,G001,"M=20,20,20,20,|T=0,0,0,0,|B=none",4.85885674495252,0,1,1,1
20,synchronous,G001,G001,"M=20,20,20,20,|T=0,0,0,0,|B=none",4.69851529677003,0,1,1,1
20,asynchronous,G001,G001,"M=20,20,20,20,|T=0,0,0,0,|B=none",4.69851529677003,0,1,1,1
20,high_noise,G001,G001,"M=20,20,20,20,|T=0,0,0,0,|B=none",4.69851529677003,0,1,1,1
21,synchronous,G001,G001,"M=20,20,20,20,|T=0,0,0,0,|B=none",5.67430275683485,0,1,1,1
21,asynchronous,G001,G001,"M=20,20,20,20,|T=0,0,0,0,|B=none",5.67430275683485,0,1,0,0
21,high_noise,G001,G001,"M=20,20,20,20,|T=0,0,0,0,|B=none",5.67430275683485,0,1,0,0
22,synchronous,G001,G001,"M=20,20,20,20,|T=0,0,0,0,|B=none",6.82418172492548,0,1,1,1
22,asynchronous,G001,G001,"M=20,20,20,20,|T=0,0,0,0,|B=none",6.82418172492548,0,1,1,1
22,high_noise,G001,G001,"M=20,20,20,20,|T=0,0,0,0,|B=none",6.82418172492548,0,1,1,1
23,synchronous,G001,G001,"M=20,20,20,20,|T=0,0,0,0,|B=none",2.98571392716379,0,1,1,1
23,asynchronous,G001,G001,"M=20,20,20,20,|T=0,0,0,0,|B=none",2.98571392716379,0,1,0,0
23,high_noise,G001,G001,"M=20,20,20,20,|T=0,0,0,0,|B=none",2.98571392716379,0,1,0,0
24,synchronous,G001,G001,"M=20,20,20,20,|T=0,0,0,0,|B=none",4.7040338706578,0,1,1,1
24,asynchronous,G001,G001,"M=20,20,20,20,|T=0,0,0,0,|B=none",4.7040338706578,0,1,1,1
24,high_noise,G001,G001,"M=20,20,20,20,|T=0,0,0,0,|B=none",4.7040338706578,0,1,1,1
25,synchronous,G001,G001,"M=20,20,20,20,|T=0,0,0,0,|B=none",3.54210732845402,0,1,1,1
25,asynchronous,G001,G001,"M=20,20,20,20,|T=0,0,0,0,|B=none",3.54210732845402,0,1,1,1
25,high_noise,G001,G001,"M=20,20,20,20,|T=0,0,0,0,|B=none",3.54210732845402,0,1,1,1
26,synchronous,G001,G001,"M=20,20,20,20,|T=0,0,0,0,|B=none",5.02591271137492,0,1,1,1
26,asynchronous,G001,G001,"M=20,20,20,20,|T=0,0,0,0,|B=none",5.02591271137492,0,1,0,0
26,high_noise,G001,G001,"M=20,20,20,20,|T=0,0,0,0,|B=none",5.02591271137492,0,1,0,0
27,synchronous,G001,G001,"M=20,20,20,20,|T=0,0,0,0,|B=none",2.02431791367764,0,1,1,1
27,asynchronous,G001,G001,"M=20,20,20,20,|T=0,0,0,0,|B=none",2.02431791367764,0,1,1,1
27,high_noise,G001,G001,"M=20,20,20,20,|T=0,0,0,0,|B=none",2.02431791367764,0,1,1,1
28,synchronous,G001,G001,"M=20,20,20,20,|T=0,0,0,0,|B=none",4.92562121469263,0,1,1,1
28,asynchronous,G001,G001,"M=20,20,20,20,|T=0,0,0,0,|B=none",4.92562121469263,0,1,1,1
28,high_noise,G001,G001,"M=20,20,20,20,|T=0,0,0,0,|B=none",4.92562121469263,0,1,1,1
29,synchronous,G001,G001,"M=20,20,20,20,|T=0,0,0,0,|B=none",6.02912479441564,0,1,1,1
29,asynchronous,G001,G001,"M=20,20,20,20,|T=0,0,0,0,|B=none",6.02912479441564,0,1,0,0
29,high_noise,G001,G001,"M=20,20,20,20,|T=0,0,0,0,|B=none",6.02912479441564,0,1,0,0
30,synchronous,G001,G001,"M=20,20,20,20,|T=0,0,0,0,|B=none",5.03084963822463,0,1,1,1
30,asynchronous,G001,G001,"M=20,20,20,20,|T=0,0,0,0,|B=none",5.03084963822463,0,1,1,1
30,high_noise,G001,G001,"M=20,20,20,20,|T=0,0,0,0,|B=none",5.03084963822463,0,1,1,1
31,synchronous,G002,G002,"M=20,20,20,20,|T=0,0,0,0,|B=2,15,1,50;",3.64159712878121,0,1,1,1
31,synchronous,G002,G003,"M=20,20,20,20,|T=0,0,0,0,|B=1,15,1,50;",6.19108201792681,2.5494848891456,0,1,1
31,synchronous,G002,MIRROR_M3,"M=20,20,20,20,|T=0,0,0,0,|B=3,15,1,50;",6.19108201792681,2.5494848891456,0,1,1
31,asynchronous,G002,G002,"M=20,20,20,20,|T=0,0,0,0,|B=2,15,1,50;",3.64159712878121,0,1,1,1
31,asynchronous,G002,G003,"M=20,20,20,20,|T=0,0,0,0,|B=1,15,1,50;",6.19108201792681,2.5494848891456,0,1,1
31,asynchronous,G002,MIRROR_M3,"M=20,20,20,20,|T=0,0,0,0,|B=3,15,1,50;",6.19108201792681,2.5494848891456,0,1,1
31,high_noise,G002,G002,"M=20,20,20,20,|T=0,0,0,0,|B=2,15,1,50;",3.64159712878121,0,1,1,1
31,high_noise,G002,G003,"M=20,20,20,20,|T=0,0,0,0,|B=1,15,1,50;",6.19108201792681,2.5494848891456,0,1,1
31,high_noise,G002,MIRROR_M3,"M=20,20,20,20,|T=0,0,0,0,|B=3,15,1,50;",6.19108201792681,2.5494848891456,0,1,1
32,synchronous,G002,G002,"M=20,20,20,20,|T=0,0,0,0,|B=2,15,1,50;",5.4465631688763,0,1,1,1
32,synchronous,G002,MIRROR_M3,"M=20,20,20,20,|T=0,0,0,0,|B=3,15,1,50;",7.12373270282706,1.67716953395076,0,1,1
32,synchronous,G002,G003,"M=20,20,20,20,|T=0,0,0,0,|B=1,15,1,50;",7.12373270282706,1.67716953395076,0,1,1
32,asynchronous,G002,G002,"M=20,20,20,20,|T=0,0,0,0,|B=2,15,1,50;",5.4465631688763,0,1,1,1
32,asynchronous,G002,MIRROR_M3,"M=20,20,20,20,|T=0,0,0,0,|B=3,15,1,50;",7.12373270282706,1.67716953395076,0,1,1
32,asynchronous,G002,G003,"M=20,20,20,20,|T=0,0,0,0,|B=1,15,1,50;",7.12373270282706,1.67716953395076,0,1,1
32,high_noise,G002,G002,"M=20,20,20,20,|T=0,0,0,0,|B=2,15,1,50;",5.4465631688763,0,1,1,1
32,high_noise,G002,MIRROR_M3,"M=20,20,20,20,|T=0,0,0,0,|B=3,15,1,50;",7.12373270282706,1.67716953395076,0,1,1
32,high_noise,G002,G003,"M=20,20,20,20,|T=0,0,0,0,|B=1,15,1,50;",7.12373270282706,1.67716953395076,0,1,1
33,synchronous,G002,G002,"M=20,20,20,20,|T=0,0,0,0,|B=2,15,1,50;",4.34930310750101,0,1,1,1
33,synchronous,G002,G003,"M=20,20,20,20,|T=0,0,0,0,|B=1,15,1,50;",6.51638697695232,2.16708386945132,0,1,1
33,synchronous,G002,MIRROR_M3,"M=20,20,20,20,|T=0,0,0,0,|B=3,15,1,50;",6.51638697695232,2.16708386945132,0,1,1
33,asynchronous,G002,G002,"M=20,20,20,20,|T=0,0,0,0,|B=2,15,1,50;",4.34930310750101,0,1,1,1
33,asynchronous,G002,G003,"M=20,20,20,20,|T=0,0,0,0,|B=1,15,1,50;",6.51638697695232,2.16708386945132,0,1,1
33,asynchronous,G002,MIRROR_M3,"M=20,20,20,20,|T=0,0,0,0,|B=3,15,1,50;",6.51638697695232,2.16708386945132,0,0,0
33,high_noise,G002,G002,"M=20,20,20,20,|T=0,0,0,0,|B=2,15,1,50;",4.34930310750101,0,1,1,1
33,high_noise,G002,G003,"M=20,20,20,20,|T=0,0,0,0,|B=1,15,1,50;",6.51638697695232,2.16708386945132,0,1,1
33,high_noise,G002,MIRROR_M3,"M=20,20,20,20,|T=0,0,0,0,|B=3,15,1,50;",6.51638697695232,2.16708386945132,0,0,0
34,synchronous,G002,G002,"M=20,20,20,20,|T=0,0,0,0,|B=2,15,1,50;",4.35844001928134,0,1,1,1
34,synchronous,G002,MIRROR_M3,"M=20,20,20,20,|T=0,0,0,0,|B=3,15,1,50;",6.54577527578432,2.18733525650299,0,1,1
34,synchronous,G002,G003,"M=20,20,20,20,|T=0,0,0,0,|B=1,15,1,50;",6.54577527578432,2.18733525650299,0,1,1
34,asynchronous,G002,G002,"M=20,20,20,20,|T=0,0,0,0,|B=2,15,1,50;",4.35844001928134,0,1,1,1
34,asynchronous,G002,MIRROR_M3,"M=20,20,20,20,|T=0,0,0,0,|B=3,15,1,50;",6.54577527578432,2.18733525650299,0,1,1
34,asynchronous,G002,G003,"M=20,20,20,20,|T=0,0,0,0,|B=1,15,1,50;",6.54577527578432,2.18733525650299,0,1,1
34,high_noise,G002,G002,"M=20,20,20,20,|T=0,0,0,0,|B=2,15,1,50;",4.35844001928134,0,1,1,1
34,high_noise,G002,MIRROR_M3,"M=20,20,20,20,|T=0,0,0,0,|B=3,15,1,50;",6.54577527578432,2.18733525650299,0,1,1
34,high_noise,G002,G003,"M=20,20,20,20,|T=0,0,0,0,|B=1,15,1,50;",6.54577527578432,2.18733525650299,0,1,1
35,synchronous,G002,G002,"M=20,20,20,20,|T=0,0,0,0,|B=2,15,1,50;",1.57122445056674,0,1,1,1
35,synchronous,G002,G003,"M=20,20,20,20,|T=0,0,0,0,|B=1,15,1,50;",5.58075842739448,4.00953397682774,0,1,1
35,synchronous,G002,MIRROR_M3,"M=20,20,20,20,|T=0,0,0,0,|B=3,15,1,50;",5.58075842739449,4.00953397682775,0,1,1
35,asynchronous,G002,G002,"M=20,20,20,20,|T=0,0,0,0,|B=2,15,1,50;",1.57122445056674,0,1,1,1
35,asynchronous,G002,G003,"M=20,20,20,20,|T=0,0,0,0,|B=1,15,1,50;",5.58075842739448,4.00953397682774,0,1,1
35,asynchronous,G002,MIRROR_M3,"M=20,20,20,20,|T=0,0,0,0,|B=3,15,1,50;",5.58075842739449,4.00953397682775,0,1,1
35,high_noise,G002,G002,"M=20,20,20,20,|T=0,0,0,0,|B=2,15,1,50;",1.57122445056674,0,1,1,1
35,high_noise,G002,G003,"M=20,20,20,20,|T=0,0,0,0,|B=1,15,1,50;",5.58075842739448,4.00953397682774,0,1,1
35,high_noise,G002,MIRROR_M3,"M=20,20,20,20,|T=0,0,0,0,|B=3,15,1,50;",5.58075842739449,4.00953397682775,0,1,1
36,synchronous,G002,G002,"M=20,20,20,20,|T=0,0,0,0,|B=2,15,1,50;",4.36098130787344,0,1,1,1
36,synchronous,G002,MIRROR_M3,"M=20,20,20,20,|T=0,0,0,0,|B=3,15,1,50;",6.63971088182686,2.27872957395342,0,1,1
36,synchronous,G002,G003,"M=20,20,20,20,|T=0,0,0,0,|B=1,15,1,50;",6.63971088182686,2.27872957395342,0,1,1
36,asynchronous,G002,G002,"M=20,20,20,20,|T=0,0,0,0,|B=2,15,1,50;",4.36098130787344,0,1,1,1
36,asynchronous,G002,MIRROR_M3,"M=20,20,20,20,|T=0,0,0,0,|B=3,15,1,50;",6.63971088182686,2.27872957395342,0,1,1
36,asynchronous,G002,G003,"M=20,20,20,20,|T=0,0,0,0,|B=1,15,1,50;",6.63971088182686,2.27872957395342,0,1,1
36,high_noise,G002,G002,"M=20,20,20,20,|T=0,0,0,0,|B=2,15,1,50;",4.36098130787344,0,1,1,1
36,high_noise,G002,MIRROR_M3,"M=20,20,20,20,|T=0,0,0,0,|B=3,15,1,50;",6.63971088182686,2.27872957395342,0,1,1
36,high_noise,G002,G003,"M=20,20,20,20,|T=0,0,0,0,|B=1,15,1,50;",6.63971088182686,2.27872957395342,0,1,1
37,synchronous,G002,G002,"M=20,20,20,20,|T=0,0,0,0,|B=2,15,1,50;",3.97996962827798,0,1,1,1
37,synchronous,G002,G003,"M=20,20,20,20,|T=0,0,0,0,|B=1,15,1,50;",6.07118319616299,2.09121356788501,0,1,1
37,synchronous,G002,MIRROR_M3,"M=20,20,20,20,|T=0,0,0,0,|B=3,15,1,50;",6.07118319616299,2.09121356788501,0,1,1
37,asynchronous,G002,G002,"M=20,20,20,20,|T=0,0,0,0,|B=2,15,1,50;",3.97996962827798,0,1,1,1
37,asynchronous,G002,G003,"M=20,20,20,20,|T=0,0,0,0,|B=1,15,1,50;",6.07118319616299,2.09121356788501,0,1,1
37,asynchronous,G002,MIRROR_M3,"M=20,20,20,20,|T=0,0,0,0,|B=3,15,1,50;",6.07118319616299,2.09121356788501,0,1,1
37,high_noise,G002,G002,"M=20,20,20,20,|T=0,0,0,0,|B=2,15,1,50;",3.97996962827798,0,1,1,1
37,high_noise,G002,G003,"M=20,20,20,20,|T=0,0,0,0,|B=1,15,1,50;",6.07118319616299,2.09121356788501,0,1,1
37,high_noise,G002,MIRROR_M3,"M=20,20,20,20,|T=0,0,0,0,|B=3,15,1,50;",6.07118319616299,2.09121356788501,0,1,1
38,synchronous,G002,G002,"M=20,20,20,20,|T=0,0,0,0,|B=2,15,1,50;",1.51496133735226,0,1,1,1
38,synchronous,G002,G003,"M=20,20,20,20,|T=0,0,0,0,|B=1,15,1,50;",5.71004095544093,4.19507961808868,0,1,1
38,synchronous,G002,MIRROR_M3,"M=20,20,20,20,|T=0,0,0,0,|B=3,15,1,50;",5.71004095544093,4.19507961808868,0,1,1
38,asynchronous,G002,G002,"M=20,20,20,20,|T=0,0,0,0,|B=2,15,1,50;",1.51496133735226,0,1,1,1
38,asynchronous,G002,G003,"M=20,20,20,20,|T=0,0,0,0,|B=1,15,1,50;",5.71004095544093,4.19507961808868,0,1,1
38,asynchronous,G002,MIRROR_M3,"M=20,20,20,20,|T=0,0,0,0,|B=3,15,1,50;",5.71004095544093,4.19507961808868,0,1,1
38,high_noise,G002,G002,"M=20,20,20,20,|T=0,0,0,0,|B=2,15,1,50;",1.51496133735226,0,1,1,1
38,high_noise,G002,G003,"M=20,20,20,20,|T=0,0,0,0,|B=1,15,1,50;",5.71004095544093,4.19507961808868,0,1,1
38,high_noise,G002,MIRROR_M3,"M=20,20,20,20,|T=0,0,0,0,|B=3,15,1,50;",5.71004095544093,4.19507961808868,0,1,1
39,synchronous,G002,G002,"M=20,20,20,20,|T=0,0,0,0,|B=2,15,1,50;",2.57528497694411,0,1,1,1
39,synchronous,G002,G003,"M=20,20,20,20,|T=0,0,0,0,|B=1,15,1,50;",6.02819001045499,3.45290503351089,0,1,1
39,synchronous,G002,MIRROR_M3,"M=20,20,20,20,|T=0,0,0,0,|B=3,15,1,50;",6.02819001045499,3.45290503351089,0,1,1
39,asynchronous,G002,G002,"M=20,20,20,20,|T=0,0,0,0,|B=2,15,1,50;",2.57528497694411,0,1,1,1
39,asynchronous,G002,G003,"M=20,20,20,20,|T=0,0,0,0,|B=1,15,1,50;",6.02819001045499,3.45290503351089,0,1,1
39,asynchronous,G002,MIRROR_M3,"M=20,20,20,20,|T=0,0,0,0,|B=3,15,1,50;",6.02819001045499,3.45290503351089,0,1,1
39,high_noise,G002,G002,"M=20,20,20,20,|T=0,0,0,0,|B=2,15,1,50;",2.57528497694411,0,1,1,1
39,high_noise,G002,G003,"M=20,20,20,20,|T=0,0,0,0,|B=1,15,1,50;",6.02819001045499,3.45290503351089,0,1,1
39,high_noise,G002,MIRROR_M3,"M=20,20,20,20,|T=0,0,0,0,|B=3,15,1,50;",6.02819001045499,3.45290503351089,0,1,1
40,synchronous,G002,G002,"M=20,20,20,20,|T=0,0,0,0,|B=2,15,1,50;",4.37934254151036,0,1,1,1
40,synchronous,G002,G003,"M=20,20,20,20,|T=0,0,0,0,|B=1,15,1,50;",6.66776289096558,2.28842034945522,0,1,1
40,synchronous,G002,MIRROR_M3,"M=20,20,20,20,|T=0,0,0,0,|B=3,15,1,50;",6.66776289096558,2.28842034945522,0,1,1
40,asynchronous,G002,G002,"M=20,20,20,20,|T=0,0,0,0,|B=2,15,1,50;",4.37934254151036,0,1,1,1
40,asynchronous,G002,G003,"M=20,20,20,20,|T=0,0,0,0,|B=1,15,1,50;",6.66776289096558,2.28842034945522,0,1,1
40,asynchronous,G002,MIRROR_M3,"M=20,20,20,20,|T=0,0,0,0,|B=3,15,1,50;",6.66776289096558,2.28842034945522,0,1,1
40,high_noise,G002,G002,"M=20,20,20,20,|T=0,0,0,0,|B=2,15,1,50;",4.37934254151036,0,1,1,1
40,high_noise,G002,G003,"M=20,20,20,20,|T=0,0,0,0,|B=1,15,1,50;",6.66776289096558,2.28842034945522,0,1,1
40,high_noise,G002,MIRROR_M3,"M=20,20,20,20,|T=0,0,0,0,|B=3,15,1,50;",6.66776289096558,2.28842034945522,0,1,1
41,synchronous,G002,G002,"M=20,20,20,20,|T=0,0,0,0,|B=2,15,1,50;",4.82387451070232,0,1,1,1
41,synchronous,G002,MIRROR_M3,"M=20,20,20,20,|T=0,0,0,0,|B=3,15,1,50;",6.82296319861497,1.99908868791266,0,1,1
41,synchronous,G002,G003,"M=20,20,20,20,|T=0,0,0,0,|B=1,15,1,50;",6.82296319861497,1.99908868791266,0,1,1
41,asynchronous,G002,G002,"M=20,20,20,20,|T=0,0,0,0,|B=2,15,1,50;",4.82387451070232,0,1,1,0
41,asynchronous,G002,MIRROR_M3,"M=20,20,20,20,|T=0,0,0,0,|B=3,15,1,50;",6.82296319861497,1.99908868791266,0,0,1
41,asynchronous,G002,G003,"M=20,20,20,20,|T=0,0,0,0,|B=1,15,1,50;",6.82296319861497,1.99908868791266,0,1,1
41,high_noise,G002,G002,"M=20,20,20,20,|T=0,0,0,0,|B=2,15,1,50;",4.82387451070232,0,1,1,0
41,high_noise,G002,MIRROR_M3,"M=20,20,20,20,|T=0,0,0,0,|B=3,15,1,50;",6.82296319861497,1.99908868791266,0,0,1
41,high_noise,G002,G003,"M=20,20,20,20,|T=0,0,0,0,|B=1,15,1,50;",6.82296319861497,1.99908868791266,0,1,1
42,synchronous,G002,G002,"M=20,20,20,20,|T=0,0,0,0,|B=2,15,1,50;",4.81668245949969,0,1,1,1
42,synchronous,G002,MIRROR_M3,"M=20,20,20,20,|T=0,0,0,0,|B=3,15,1,50;",6.74728833904491,1.93060587954522,0,1,1
42,synchronous,G002,G003,"M=20,20,20,20,|T=0,0,0,0,|B=1,15,1,50;",6.7472883390449,1.93060587954521,0,1,1
42,asynchronous,G002,G002,"M=20,20,20,20,|T=0,0,0,0,|B=2,15,1,50;",4.81668245949969,0,1,1,1
42,asynchronous,G002,MIRROR_M3,"M=20,20,20,20,|T=0,0,0,0,|B=3,15,1,50;",6.74728833904491,1.93060587954522,0,1,1
42,asynchronous,G002,G003,"M=20,20,20,20,|T=0,0,0,0,|B=1,15,1,50;",6.7472883390449,1.93060587954521,0,1,1
42,high_noise,G002,G002,"M=20,20,20,20,|T=0,0,0,0,|B=2,15,1,50;",4.81668245949969,0,1,1,1
42,high_noise,G002,MIRROR_M3,"M=20,20,20,20,|T=0,0,0,0,|B=3,15,1,50;",6.74728833904491,1.93060587954522,0,1,1
42,high_noise,G002,G003,"M=20,20,20,20,|T=0,0,0,0,|B=1,15,1,50;",6.7472883390449,1.93060587954521,0,1,1
43,synchronous,G002,G002,"M=20,20,20,20,|T=0,0,0,0,|B=2,15,1,50;",3.74267762266436,0,1,1,1
43,synchronous,G002,G003,"M=20,20,20,20,|T=0,0,0,0,|B=1,15,1,50;",6.48180945515283,2.73913183248847,0,1,1
43,synchronous,G002,MIRROR_M3,"M=20,20,20,20,|T=0,0,0,0,|B=3,15,1,50;",6.48180945515283,2.73913183248847,0,1,1
43,asynchronous,G002,G002,"M=20,20,20,20,|T=0,0,0,0,|B=2,15,1,50;",3.74267762266436,0,1,1,1
43,asynchronous,G002,G003,"M=20,20,20,20,|T=0,0,0,0,|B=1,15,1,50;",6.48180945515283,2.73913183248847,0,1,1
43,asynchronous,G002,MIRROR_M3,"M=20,20,20,20,|T=0,0,0,0,|B=3,15,1,50;",6.48180945515283,2.73913183248847,0,1,1
43,high_noise,G002,G002,"M=20,20,20,20,|T=0,0,0,0,|B=2,15,1,50;",3.74267762266436,0,1,1,1
43,high_noise,G002,G003,"M=20,20,20,20,|T=0,0,0,0,|B=1,15,1,50;",6.48180945515283,2.73913183248847,0,1,1
43,high_noise,G002,MIRROR_M3,"M=20,20,20,20,|T=0,0,0,0,|B=3,15,1,50;",6.48180945515283,2.73913183248847,0,1,1
44,synchronous,G002,G002,"M=20,20,20,20,|T=0,0,0,0,|B=2,15,1,50;",4.99319845628977,0,1,1,1
44,synchronous,G002,G003,"M=20,20,20,20,|T=0,0,0,0,|B=1,15,1,50;",6.8404522214954,1.84725376520563,0,1,1
44,synchronous,G002,MIRROR_M3,"M=20,20,20,20,|T=0,0,0,0,|B=3,15,1,50;",6.8404522214954,1.84725376520563,0,1,1
44,asynchronous,G002,G002,"M=20,20,20,20,|T=0,0,0,0,|B=2,15,1,50;",4.99319845628977,0,1,1,1
44,asynchronous,G002,G003,"M=20,20,20,20,|T=0,0,0,0,|B=1,15,1,50;",6.8404522214954,1.84725376520563,0,1,1
44,asynchronous,G002,MIRROR_M3,"M=20,20,20,20,|T=0,0,0,0,|B=3,15,1,50;",6.8404522214954,1.84725376520563,0,1,1
44,high_noise,G002,G002,"M=20,20,20,20,|T=0,0,0,0,|B=2,15,1,50;",4.99319845628977,0,1,1,1
44,high_noise,G002,G003,"M=20,20,20,20,|T=0,0,0,0,|B=1,15,1,50;",6.8404522214954,1.84725376520563,0,1,1
44,high_noise,G002,MIRROR_M3,"M=20,20,20,20,|T=0,0,0,0,|B=3,15,1,50;",6.8404522214954,1.84725376520563,0,1,1
45,synchronous,G002,G002,"M=20,20,20,20,|T=0,0,0,0,|B=2,15,1,50;",3.49727782310732,0,1,1,1
45,synchronous,G002,MIRROR_M3,"M=20,20,20,20,|T=0,0,0,0,|B=3,15,1,50;",6.13596423718372,2.6386864140764,0,1,1
45,synchronous,G002,G003,"M=20,20,20,20,|T=0,0,0,0,|B=1,15,1,50;",6.13596423718372,2.63868641407641,0,1,1
45,asynchronous,G002,G002,"M=20,20,20,20,|T=0,0,0,0,|B=2,15,1,50;",3.49727782310732,0,1,1,1
45,asynchronous,G002,MIRROR_M3,"M=20,20,20,20,|T=0,0,0,0,|B=3,15,1,50;",6.13596423718372,2.6386864140764,0,1,1
45,asynchronous,G002,G003,"M=20,20,20,20,|T=0,0,0,0,|B=1,15,1,50;",6.13596423718372,2.63868641407641,0,1,1
45,high_noise,G002,G002,"M=20,20,20,20,|T=0,0,0,0,|B=2,15,1,50;",3.49727782310732,0,1,1,1
45,high_noise,G002,MIRROR_M3,"M=20,20,20,20,|T=0,0,0,0,|B=3,15,1,50;",6.13596423718372,2.6386864140764,0,1,1
45,high_noise,G002,G003,"M=20,20,20,20,|T=0,0,0,0,|B=1,15,1,50;",6.13596423718372,2.63868641407641,0,1,1
46,synchronous,G002,G002,"M=20,20,20,20,|T=0,0,0,0,|B=2,15,1,50;",3.71823180418909,0,1,1,1
46,synchronous,G002,MIRROR_M3,"M=20,20,20,20,|T=0,0,0,0,|B=3,15,1,50;",6.28893734968474,2.57070554549565,0,1,1
46,synchronous,G002,G003,"M=20,20,20,20,|T=0,0,0,0,|B=1,15,1,50;",6.28893734968474,2.57070554549565,0,1,1
46,asynchronous,G002,G002,"M=20,20,20,20,|T=0,0,0,0,|B=2,15,1,50;",3.71823180418909,0,1,1,1
46,asynchronous,G002,MIRROR_M3,"M=20,20,20,20,|T=0,0,0,0,|B=3,15,1,50;",6.28893734968474,2.57070554549565,0,0,0
46,asynchronous,G002,G003,"M=20,20,20,20,|T=0,0,0,0,|B=1,15,1,50;",6.28893734968474,2.57070554549565,0,1,1
46,high_noise,G002,G002,"M=20,20,20,20,|T=0,0,0,0,|B=2,15,1,50;",3.71823180418909,0,1,1,1
46,high_noise,G002,MIRROR_M3,"M=20,20,20,20,|T=0,0,0,0,|B=3,15,1,50;",6.28893734968474,2.57070554549565,0,0,0
46,high_noise,G002,G003,"M=20,20,20,20,|T=0,0,0,0,|B=1,15,1,50;",6.28893734968474,2.57070554549565,0,1,1
47,synchronous,G002,G002,"M=20,20,20,20,|T=0,0,0,0,|B=2,15,1,50;",2.0154083405095,0,1,1,1
47,synchronous,G002,G003,"M=20,20,20,20,|T=0,0,0,0,|B=1,15,1,50;",5.7568348487727,3.7414265082632,0,1,1
47,synchronous,G002,MIRROR_M3,"M=20,20,20,20,|T=0,0,0,0,|B=3,15,1,50;",5.7568348487727,3.7414265082632,0,1,1
47,asynchronous,G002,G002,"M=20,20,20,20,|T=0,0,0,0,|B=2,15,1,50;",2.0154083405095,0,1,0,0
47,asynchronous,G002,G003,"M=20,20,20,20,|T=0,0,0,0,|B=1,15,1,50;",5.7568348487727,3.7414265082632,0,0,0
47,asynchronous,G002,MIRROR_M3,"M=20,20,20,20,|T=0,0,0,0,|B=3,15,1,50;",5.7568348487727,3.7414265082632,0,0,0
47,high_noise,G002,G002,"M=20,20,20,20,|T=0,0,0,0,|B=2,15,1,50;",2.0154083405095,0,1,0,0
47,high_noise,G002,G003,"M=20,20,20,20,|T=0,0,0,0,|B=1,15,1,50;",5.7568348487727,3.7414265082632,0,0,0
47,high_noise,G002,MIRROR_M3,"M=20,20,20,20,|T=0,0,0,0,|B=3,15,1,50;",5.7568348487727,3.7414265082632,0,0,0
48,synchronous,G002,G002,"M=20,20,20,20,|T=0,0,0,0,|B=2,15,1,50;",3.32254540029511,0,1,1,1
48,synchronous,G002,MIRROR_M3,"M=20,20,20,20,|T=0,0,0,0,|B=3,15,1,50;",6.18698593860608,2.86444053831097,0,1,1
48,synchronous,G002,G003,"M=20,20,20,20,|T=0,0,0,0,|B=1,15,1,50;",6.18698593860608,2.86444053831097,0,1,1
48,asynchronous,G002,G002,"M=20,20,20,20,|T=0,0,0,0,|B=2,15,1,50;",3.32254540029511,0,1,1,1
48,asynchronous,G002,MIRROR_M3,"M=20,20,20,20,|T=0,0,0,0,|B=3,15,1,50;",6.18698593860608,2.86444053831097,0,1,1
48,asynchronous,G002,G003,"M=20,20,20,20,|T=0,0,0,0,|B=1,15,1,50;",6.18698593860608,2.86444053831097,0,1,1
48,high_noise,G002,G002,"M=20,20,20,20,|T=0,0,0,0,|B=2,15,1,50;",3.32254540029511,0,1,1,1
48,high_noise,G002,MIRROR_M3,"M=20,20,20,20,|T=0,0,0,0,|B=3,15,1,50;",6.18698593860608,2.86444053831097,0,1,1
48,high_noise,G002,G003,"M=20,20,20,20,|T=0,0,0,0,|B=1,15,1,50;",6.18698593860608,2.86444053831097,0,1,1
49,synchronous,G002,G002,"M=20,20,20,20,|T=0,0,0,0,|B=2,15,1,50;",3.54394744222272,0,1,1,1
49,synchronous,G002,G003,"M=20,20,20,20,|T=0,0,0,0,|B=1,15,1,50;",6.26333720097823,2.71938975875552,0,1,1
49,synchronous,G002,MIRROR_M3,"M=20,20,20,20,|T=0,0,0,0,|B=3,15,1,50;",6.26333720097823,2.71938975875552,0,1,1
49,asynchronous,G002,G002,"M=20,20,20,20,|T=0,0,0,0,|B=2,15,1,50;",3.54394744222272,0,1,1,1
49,asynchronous,G002,G003,"M=20,20,20,20,|T=0,0,0,0,|B=1,15,1,50;",6.26333720097823,2.71938975875552,0,1,1
49,asynchronous,G002,MIRROR_M3,"M=20,20,20,20,|T=0,0,0,0,|B=3,15,1,50;",6.26333720097823,2.71938975875552,0,1,1
49,high_noise,G002,G002,"M=20,20,20,20,|T=0,0,0,0,|B=2,15,1,50;",3.54394744222272,0,1,1,1
49,high_noise,G002,G003,"M=20,20,20,20,|T=0,0,0,0,|B=1,15,1,50;",6.26333720097823,2.71938975875552,0,1,1
49,high_noise,G002,MIRROR_M3,"M=20,20,20,20,|T=0,0,0,0,|B=3,15,1,50;",6.26333720097823,2.71938975875552,0,1,1
50,synchronous,G002,G002,"M=20,20,20,20,|T=0,0,0,0,|B=2,15,1,50;",4.14555550656752,0,1,1,1
50,synchronous,G002,G003,"M=20,20,20,20,|T=0,0,0,0,|B=1,15,1,50;",6.27967413269069,2.13411862612317,0,1,1
50,synchronous,G002,MIRROR_M3,"M=20,20,20,20,|T=0,0,0,0,|B=3,15,1,50;",6.27967413269069,2.13411862612317,0,1,1
50,asynchronous,G002,G002,"M=20,20,20,20,|T=0,0,0,0,|B=2,15,1,50;",4.14555550656752,0,1,1,1
50,asynchronous,G002,G003,"M=20,20,20,20,|T=0,0,0,0,|B=1,15,1,50;",6.27967413269069,2.13411862612317,0,1,1
50,asynchronous,G002,MIRROR_M3,"M=20,20,20,20,|T=0,0,0,0,|B=3,15,1,50;",6.27967413269069,2.13411862612317,0,1,1
50,high_noise,G002,G002,"M=20,20,20,20,|T=0,0,0,0,|B=2,15,1,50;",4.14555550656752,0,1,1,1
50,high_noise,G002,G003,"M=20,20,20,20,|T=0,0,0,0,|B=1,15,1,50;",6.27967413269069,2.13411862612317,0,1,1
50,high_noise,G002,MIRROR_M3,"M=20,20,20,20,|T=0,0,0,0,|B=3,15,1,50;",6.27967413269069,2.13411862612317,0,1,1
51,synchronous,G002,G002,"M=20,20,20,20,|T=0,0,0,0,|B=2,15,1,50;",3.64202196428421,0,1,1,1
51,synchronous,G002,G003,"M=20,20,20,20,|T=0,0,0,0,|B=1,15,1,50;",6.41291701345873,2.77089504917452,0,1,1
51,synchronous,G002,MIRROR_M3,"M=20,20,20,20,|T=0,0,0,0,|B=3,15,1,50;",6.41291701345873,2.77089504917452,0,1,1
51,asynchronous,G002,G002,"M=20,20,20,20,|T=0,0,0,0,|B=2,15,1,50;",3.64202196428421,0,1,1,1
51,asynchronous,G002,G003,"M=20,20,20,20,|T=0,0,0,0,|B=1,15,1,50;",6.41291701345873,2.77089504917452,0,1,1
51,asynchronous,G002,MIRROR_M3,"M=20,20,20,20,|T=0,0,0,0,|B=3,15,1,50;",6.41291701345873,2.77089504917452,0,1,1
51,high_noise,G002,G002,"M=20,20,20,20,|T=0,0,0,0,|B=2,15,1,50;",3.64202196428421,0,1,1,1
51,high_noise,G002,G003,"M=20,20,20,20,|T=0,0,0,0,|B=1,15,1,50;",6.41291701345873,2.77089504917452,0,1,1
51,high_noise,G002,MIRROR_M3,"M=20,20,20,20,|T=0,0,0,0,|B=3,15,1,50;",6.41291701345873,2.77089504917452,0,1,1
52,synchronous,G002,G002,"M=20,20,20,20,|T=0,0,0,0,|B=2,15,1,50;",4.26735366659556,0,1,1,1
52,synchronous,G002,G003,"M=20,20,20,20,|T=0,0,0,0,|B=1,15,1,50;",6.58953534491067,2.32218167831512,0,1,1
52,synchronous,G002,MIRROR_M3,"M=20,20,20,20,|T=0,0,0,0,|B=3,15,1,50;",6.58953534491067,2.32218167831512,0,1,1
52,asynchronous,G002,G002,"M=20,20,20,20,|T=0,0,0,0,|B=2,15,1,50;",4.26735366659556,0,1,1,1
52,asynchronous,G002,G003,"M=20,20,20,20,|T=0,0,0,0,|B=1,15,1,50;",6.58953534491067,2.32218167831512,0,1,1
52,asynchronous,G002,MIRROR_M3,"M=20,20,20,20,|T=0,0,0,0,|B=3,15,1,50;",6.58953534491067,2.32218167831512,0,1,1
52,high_noise,G002,G002,"M=20,20,20,20,|T=0,0,0,0,|B=2,15,1,50;",4.26735366659556,0,1,1,1
52,high_noise,G002,G003,"M=20,20,20,20,|T=0,0,0,0,|B=1,15,1,50;",6.58953534491067,2.32218167831512,0,1,1
52,high_noise,G002,MIRROR_M3,"M=20,20,20,20,|T=0,0,0,0,|B=3,15,1,50;",6.58953534491067,2.32218167831512,0,1,1
53,synchronous,G002,G002,"M=20,20,20,20,|T=0,0,0,0,|B=2,15,1,50;",2.79958278618631,0,1,1,1
53,synchronous,G002,G003,"M=20,20,20,20,|T=0,0,0,0,|B=1,15,1,50;",5.71351877098905,2.91393598480274,0,1,1
53,synchronous,G002,MIRROR_M3,"M=20,20,20,20,|T=0,0,0,0,|B=3,15,1,50;",5.71351877098905,2.91393598480274,0,1,1
53,asynchronous,G002,G002,"M=20,20,20,20,|T=0,0,0,0,|B=2,15,1,50;",2.79958278618631,0,1,1,1
53,asynchronous,G002,G003,"M=20,20,20,20,|T=0,0,0,0,|B=1,15,1,50;",5.71351877098905,2.91393598480274,0,1,1
53,asynchronous,G002,MIRROR_M3,"M=20,20,20,20,|T=0,0,0,0,|B=3,15,1,50;",5.71351877098905,2.91393598480274,0,1,1
53,high_noise,G002,G002,"M=20,20,20,20,|T=0,0,0,0,|B=2,15,1,50;",2.79958278618631,0,1,1,1
53,high_noise,G002,G003,"M=20,20,20,20,|T=0,0,0,0,|B=1,15,1,50;",5.71351877098905,2.91393598480274,0,1,1
53,high_noise,G002,MIRROR_M3,"M=20,20,20,20,|T=0,0,0,0,|B=3,15,1,50;",5.71351877098905,2.91393598480274,0,1,1
54,synchronous,G002,G002,"M=20,20,20,20,|T=0,0,0,0,|B=2,15,1,50;",5.21595051278313,0,1,1,1
54,synchronous,G002,MIRROR_M3,"M=20,20,20,20,|T=0,0,0,0,|B=3,15,1,50;",6.8629874822012,1.64703696941807,0,1,1
54,synchronous,G002,G003,"M=20,20,20,20,|T=0,0,0,0,|B=1,15,1,50;",6.8629874822012,1.64703696941807,0,1,1
54,asynchronous,G002,G002,"M=20,20,20,20,|T=0,0,0,0,|B=2,15,1,50;",5.21595051278313,0,1,1,1
54,asynchronous,G002,MIRROR_M3,"M=20,20,20,20,|T=0,0,0,0,|B=3,15,1,50;",6.8629874822012,1.64703696941807,0,1,1
54,asynchronous,G002,G003,"M=20,20,20,20,|T=0,0,0,0,|B=1,15,1,50;",6.8629874822012,1.64703696941807,0,1,1
54,high_noise,G002,G002,"M=20,20,20,20,|T=0,0,0,0,|B=2,15,1,50;",5.21595051278313,0,1,1,1
54,high_noise,G002,MIRROR_M3,"M=20,20,20,20,|T=0,0,0,0,|B=3,15,1,50;",6.8629874822012,1.64703696941807,0,1,1
54,high_noise,G002,G003,"M=20,20,20,20,|T=0,0,0,0,|B=1,15,1,50;",6.8629874822012,1.64703696941807,0,1,1
55,synchronous,G002,G002,"M=20,20,20,20,|T=0,0,0,0,|B=2,15,1,50;",5.05246188365204,0,1,1,1
55,synchronous,G002,MIRROR_M3,"M=20,20,20,20,|T=0,0,0,0,|B=3,15,1,50;",6.84129425601997,1.78883237236793,0,1,1
55,synchronous,G002,G003,"M=20,20,20,20,|T=0,0,0,0,|B=1,15,1,50;",6.84129425601997,1.78883237236793,0,1,1
55,asynchronous,G002,G002,"M=20,20,20,20,|T=0,0,0,0,|B=2,15,1,50;",5.05246188365204,0,1,1,1
55,asynchronous,G002,MIRROR_M3,"M=20,20,20,20,|T=0,0,0,0,|B=3,15,1,50;",6.84129425601997,1.78883237236793,0,1,1
55,asynchronous,G002,G003,"M=20,20,20,20,|T=0,0,0,0,|B=1,15,1,50;",6.84129425601997,1.78883237236793,0,1,1
55,high_noise,G002,G002,"M=20,20,20,20,|T=0,0,0,0,|B=2,15,1,50;",5.05246188365204,0,1,1,1
55,high_noise,G002,MIRROR_M3,"M=20,20,20,20,|T=0,0,0,0,|B=3,15,1,50;",6.84129425601997,1.78883237236793,0,1,1
55,high_noise,G002,G003,"M=20,20,20,20,|T=0,0,0,0,|B=1,15,1,50;",6.84129425601997,1.78883237236793,0,1,1
56,synchronous,G002,G002,"M=20,20,20,20,|T=0,0,0,0,|B=2,15,1,50;",3.58394788542843,0,1,1,1
56,synchronous,G002,MIRROR_M3,"M=20,20,20,20,|T=0,0,0,0,|B=3,15,1,50;",6.41893884281347,2.83499095738504,0,1,1
56,synchronous,G002,G003,"M=20,20,20,20,|T=0,0,0,0,|B=1,15,1,50;",6.41893884281347,2.83499095738504,0,1,1
56,asynchronous,G002,G002,"M=20,20,20,20,|T=0,0,0,0,|B=2,15,1,50;",3.58394788542843,0,1,1,1
56,asynchronous,G002,MIRROR_M3,"M=20,20,20,20,|T=0,0,0,0,|B=3,15,1,50;",6.41893884281347,2.83499095738504,0,1,1
56,asynchronous,G002,G003,"M=20,20,20,20,|T=0,0,0,0,|B=1,15,1,50;",6.41893884281347,2.83499095738504,0,1,1
56,high_noise,G002,G002,"M=20,20,20,20,|T=0,0,0,0,|B=2,15,1,50;",3.58394788542843,0,1,1,1
56,high_noise,G002,MIRROR_M3,"M=20,20,20,20,|T=0,0,0,0,|B=3,15,1,50;",6.41893884281347,2.83499095738504,0,1,1
56,high_noise,G002,G003,"M=20,20,20,20,|T=0,0,0,0,|B=1,15,1,50;",6.41893884281347,2.83499095738504,0,1,1
57,synchronous,G002,G002,"M=20,20,20,20,|T=0,0,0,0,|B=2,15,1,50;",4.42803220166795,0,1,1,1
57,synchronous,G002,G003,"M=20,20,20,20,|T=0,0,0,0,|B=1,15,1,50;",6.51307450435167,2.08504230268372,0,1,1
57,synchronous,G002,MIRROR_M3,"M=20,20,20,20,|T=0,0,0,0,|B=3,15,1,50;",6.51307450435167,2.08504230268372,0,1,1
57,asynchronous,G002,G002,"M=20,20,20,20,|T=0,0,0,0,|B=2,15,1,50;",4.42803220166795,0,1,1,1
57,asynchronous,G002,G003,"M=20,20,20,20,|T=0,0,0,0,|B=1,15,1,50;",6.51307450435167,2.08504230268372,0,1,1
57,asynchronous,G002,MIRROR_M3,"M=20,20,20,20,|T=0,0,0,0,|B=3,15,1,50;",6.51307450435167,2.08504230268372,0,1,1
57,high_noise,G002,G002,"M=20,20,20,20,|T=0,0,0,0,|B=2,15,1,50;",4.42803220166795,0,1,1,1
57,high_noise,G002,G003,"M=20,20,20,20,|T=0,0,0,0,|B=1,15,1,50;",6.51307450435167,2.08504230268372,0,1,1
57,high_noise,G002,MIRROR_M3,"M=20,20,20,20,|T=0,0,0,0,|B=3,15,1,50;",6.51307450435167,2.08504230268372,0,1,1
58,synchronous,G002,G002,"M=20,20,20,20,|T=0,0,0,0,|B=2,15,1,50;",4.34780331511544,0,1,1,1
58,synchronous,G002,MIRROR_M3,"M=20,20,20,20,|T=0,0,0,0,|B=3,15,1,50;",6.6455131110437,2.29770979592826,0,1,1
58,synchronous,G002,G003,"M=20,20,20,20,|T=0,0,0,0,|B=1,15,1,50;",6.6455131110437,2.29770979592826,0,1,1
58,asynchronous,G002,G002,"M=20,20,20,20,|T=0,0,0,0,|B=2,15,1,50;",4.34780331511544,0,1,1,0
58,asynchronous,G002,MIRROR_M3,"M=20,20,20,20,|T=0,0,0,0,|B=3,15,1,50;",6.6455131110437,2.29770979592826,0,0,1
58,asynchronous,G002,G003,"M=20,20,20,20,|T=0,0,0,0,|B=1,15,1,50;",6.6455131110437,2.29770979592826,0,1,1
58,high_noise,G002,G002,"M=20,20,20,20,|T=0,0,0,0,|B=2,15,1,50;",4.34780331511544,0,1,1,0
58,high_noise,G002,MIRROR_M3,"M=20,20,20,20,|T=0,0,0,0,|B=3,15,1,50;",6.6455131110437,2.29770979592826,0,0,1
58,high_noise,G002,G003,"M=20,20,20,20,|T=0,0,0,0,|B=1,15,1,50;",6.6455131110437,2.29770979592826,0,1,1
59,synchronous,G002,G002,"M=20,20,20,20,|T=0,0,0,0,|B=2,15,1,50;",1.42145694634438,0,1,1,1
59,synchronous,G002,G003,"M=20,20,20,20,|T=0,0,0,0,|B=1,15,1,50;",5.65007286326947,4.22861591692509,0,1,1
59,synchronous,G002,MIRROR_M3,"M=20,20,20,20,|T=0,0,0,0,|B=3,15,1,50;",5.65007286326947,4.22861591692509,0,1,1
59,asynchronous,G002,G002,"M=20,20,20,20,|T=0,0,0,0,|B=2,15,1,50;",1.42145694634438,0,1,1,1
59,asynchronous,G002,G003,"M=20,20,20,20,|T=0,0,0,0,|B=1,15,1,50;",5.65007286326947,4.22861591692509,0,1,1
59,asynchronous,G002,MIRROR_M3,"M=20,20,20,20,|T=0,0,0,0,|B=3,15,1,50;",5.65007286326947,4.22861591692509,0,0,0
59,high_noise,G002,G002,"M=20,20,20,20,|T=0,0,0,0,|B=2,15,1,50;",1.42145694634438,0,1,1,1
59,high_noise,G002,G003,"M=20,20,20,20,|T=0,0,0,0,|B=1,15,1,50;",5.65007286326947,4.22861591692509,0,1,1
59,high_noise,G002,MIRROR_M3,"M=20,20,20,20,|T=0,0,0,0,|B=3,15,1,50;",5.65007286326947,4.22861591692509,0,0,0
60,synchronous,G002,G002,"M=20,20,20,20,|T=0,0,0,0,|B=2,15,1,50;",4.73853801081131,0,1,1,1
60,synchronous,G002,MIRROR_M3,"M=20,20,20,20,|T=0,0,0,0,|B=3,15,1,50;",6.51978919228818,1.78125118147687,0,1,1
60,synchronous,G002,G003,"M=20,20,20,20,|T=0,0,0,0,|B=1,15,1,50;",6.51978919228818,1.78125118147687,0,1,1
60,asynchronous,G002,G002,"M=20,20,20,20,|T=0,0,0,0,|B=2,15,1,50;",4.73853801081131,0,1,1,1
60,asynchronous,G002,MIRROR_M3,"M=20,20,20,20,|T=0,0,0,0,|B=3,15,1,50;",6.51978919228818,1.78125118147687,0,1,1
60,asynchronous,G002,G003,"M=20,20,20,20,|T=0,0,0,0,|B=1,15,1,50;",6.51978919228818,1.78125118147687,0,1,1
60,high_noise,G002,G002,"M=20,20,20,20,|T=0,0,0,0,|B=2,15,1,50;",4.73853801081131,0,1,1,1
60,high_noise,G002,MIRROR_M3,"M=20,20,20,20,|T=0,0,0,0,|B=3,15,1,50;",6.51978919228818,1.78125118147687,0,1,1
60,high_noise,G002,G003,"M=20,20,20,20,|T=0,0,0,0,|B=1,15,1,50;",6.51978919228818,1.78125118147687,0,1,1
61,synchronous,G003,G003,"M=20,20,20,20,|T=0,0,0,0,|B=1,15,1,50;",4.45716128408353,0,1,1,1
61,synchronous,G003,G002,"M=20,20,20,20,|T=0,0,0,0,|B=2,15,1,50;",6.84366464895019,2.38650336486666,0,1,1
61,synchronous,G003,MIRROR_M3,"M=20,20,20,20,|T=0,0,0,0,|B=3,15,1,50;",4.45716128408353,0,0,1,1
61,asynchronous,G003,G003,"M=20,20,20,20,|T=0,0,0,0,|B=1,15,1,50;",4.45716128408353,0,1,1,1
61,asynchronous,G003,G002,"M=20,20,20,20,|T=0,0,0,0,|B=2,15,1,50;",6.84366464895019,2.38650336486666,0,1,1
61,asynchronous,G003,MIRROR_M3,"M=20,20,20,20,|T=0,0,0,0,|B=3,15,1,50;",4.45716128408353,0,0,1,1
61,high_noise,G003,G003,"M=20,20,20,20,|T=0,0,0,0,|B=1,15,1,50;",4.45716128408353,0,1,1,1
61,high_noise,G003,G002,"M=20,20,20,20,|T=0,0,0,0,|B=2,15,1,50;",6.84366464895019,2.38650336486666,0,1,1
61,high_noise,G003,MIRROR_M3,"M=20,20,20,20,|T=0,0,0,0,|B=3,15,1,50;",4.45716128408353,0,0,1,1
62,synchronous,G003,G003,"M=20,20,20,20,|T=0,0,0,0,|B=1,15,1,50;",1.4240736766032,0,1,1,1
62,synchronous,G003,G002,"M=20,20,20,20,|T=0,0,0,0,|B=2,15,1,50;",5.58615881261624,4.16208513601303,0,1,1
62,synchronous,G003,MIRROR_M3,"M=20,20,20,20,|T=0,0,0,0,|B=3,15,1,50;",1.4240736766032,2.22044604925031e-16,0,1,1
62,asynchronous,G003,G003,"M=20,20,20,20,|T=0,0,0,0,|B=1,15,1,50;",1.4240736766032,0,1,1,1
62,asynchronous,G003,G002,"M=20,20,20,20,|T=0,0,0,0,|B=2,15,1,50;",5.58615881261624,4.16208513601303,0,1,1
62,asynchronous,G003,MIRROR_M3,"M=20,20,20,20,|T=0,0,0,0,|B=3,15,1,50;",1.4240736766032,2.22044604925031e-16,0,1,1
62,high_noise,G003,G003,"M=20,20,20,20,|T=0,0,0,0,|B=1,15,1,50;",1.4240736766032,0,1,1,1
62,high_noise,G003,G002,"M=20,20,20,20,|T=0,0,0,0,|B=2,15,1,50;",5.58615881261624,4.16208513601303,0,1,1
62,high_noise,G003,MIRROR_M3,"M=20,20,20,20,|T=0,0,0,0,|B=3,15,1,50;",1.4240736766032,2.22044604925031e-16,0,1,1
63,synchronous,G003,G003,"M=20,20,20,20,|T=0,0,0,0,|B=1,15,1,50;",3.69939640008495,0,1,1,1
63,synchronous,G003,G002,"M=20,20,20,20,|T=0,0,0,0,|B=2,15,1,50;",6.44858951216575,2.7491931120808,0,1,1
63,synchronous,G003,MIRROR_M3,"M=20,20,20,20,|T=0,0,0,0,|B=3,15,1,50;",3.69939640008494,-1.33226762955019e-15,0,1,1
63,asynchronous,G003,G003,"M=20,20,20,20,|T=0,0,0,0,|B=1,15,1,50;",3.69939640008495,0,1,1,1
63,asynchronous,G003,G002,"M=20,20,20,20,|T=0,0,0,0,|B=2,15,1,50;",6.44858951216575,2.7491931120808,0,1,1
63,asynchronous,G003,MIRROR_M3,"M=20,20,20,20,|T=0,0,0,0,|B=3,15,1,50;",3.69939640008494,-1.33226762955019e-15,0,0,0
63,high_noise,G003,G003,"M=20,20,20,20,|T=0,0,0,0,|B=1,15,1,50;",3.69939640008495,0,1,1,1
63,high_noise,G003,G002,"M=20,20,20,20,|T=0,0,0,0,|B=2,15,1,50;",6.44858951216575,2.7491931120808,0,1,1
63,high_noise,G003,MIRROR_M3,"M=20,20,20,20,|T=0,0,0,0,|B=3,15,1,50;",3.69939640008494,-1.33226762955019e-15,0,0,0
64,synchronous,G003,G003,"M=20,20,20,20,|T=0,0,0,0,|B=1,15,1,50;",2.78506072082684,0,1,1,1
64,synchronous,G003,G002,"M=20,20,20,20,|T=0,0,0,0,|B=2,15,1,50;",5.92874314263053,3.14368242180369,0,1,1
64,synchronous,G003,MIRROR_M3,"M=20,20,20,20,|T=0,0,0,0,|B=3,15,1,50;",2.78506072082684,8.88178419700125e-16,0,1,1
64,asynchronous,G003,G003,"M=20,20,20,20,|T=0,0,0,0,|B=1,15,1,50;",2.78506072082684,0,1,1,1
64,asynchronous,G003,G002,"M=20,20,20,20,|T=0,0,0,0,|B=2,15,1,50;",5.92874314263053,3.14368242180369,0,1,1
64,asynchronous,G003,MIRROR_M3,"M=20,20,20,20,|T=0,0,0,0,|B=3,15,1,50;",2.78506072082684,8.88178419700125e-16,0,1,1
64,high_noise,G003,G003,"M=20,20,20,20,|T=0,0,0,0,|B=1,15,1,50;",2.78506072082684,0,1,1,1
64,high_noise,G003,G002,"M=20,20,20,20,|T=0,0,0,0,|B=2,15,1,50;",5.92874314263053,3.14368242180369,0,1,1
64,high_noise,G003,MIRROR_M3,"M=20,20,20,20,|T=0,0,0,0,|B=3,15,1,50;",2.78506072082684,8.88178419700125e-16,0,1,1
65,synchronous,G003,G003,"M=20,20,20,20,|T=0,0,0,0,|B=1,15,1,50;",4.5096491209156,0,1,1,1
65,synchronous,G003,G002,"M=20,20,20,20,|T=0,0,0,0,|B=2,15,1,50;",6.83538215377575,2.32573303286015,0,1,1
65,synchronous,G003,MIRROR_M3,"M=20,20,20,20,|T=0,0,0,0,|B=3,15,1,50;",4.5096491209156,-8.88178419700125e-16,0,1,1
65,asynchronous,G003,G003,"M=20,20,20,20,|T=0,0,0,0,|B=1,15,1,50;",4.5096491209156,0,1,1,1
65,asynchronous,G003,G002,"M=20,20,20,20,|T=0,0,0,0,|B=2,15,1,50;",6.83538215377575,2.32573303286015,0,1,1
65,asynchronous,G003,MIRROR_M3,"M=20,20,20,20,|T=0,0,0,0,|B=3,15,1,50;",4.5096491209156,-8.88178419700125e-16,0,0,0
65,high_noise,G003,G003,"M=20,20,20,20,|T=0,0,0,0,|B=1,15,1,50;",4.5096491209156,0,1,1,1
65,high_noise,G003,G002,"M=20,20,20,20,|T=0,0,0,0,|B=2,15,1,50;",6.83538215377575,2.32573303286015,0,1,1
65,high_noise,G003,MIRROR_M3,"M=20,20,20,20,|T=0,0,0,0,|B=3,15,1,50;",4.5096491209156,-8.88178419700125e-16,0,0,0
66,synchronous,G003,G003,"M=20,20,20,20,|T=0,0,0,0,|B=1,15,1,50;",2.79283694045049,0,1,1,1
66,synchronous,G003,G002,"M=20,20,20,20,|T=0,0,0,0,|B=2,15,1,50;",5.64239028429182,2.84955334384133,0,1,1
66,synchronous,G003,MIRROR_M3,"M=20,20,20,20,|T=0,0,0,0,|B=3,15,1,50;",2.79283694045049,4.44089209850063e-16,0,1,1
66,asynchronous,G003,G003,"M=20,20,20,20,|T=0,0,0,0,|B=1,15,1,50;",2.79283694045049,0,1,1,0
66,asynchronous,G003,G002,"M=20,20,20,20,|T=0,0,0,0,|B=2,15,1,50;",5.64239028429182,2.84955334384133,0,1,1
66,asynchronous,G003,MIRROR_M3,"M=20,20,20,20,|T=0,0,0,0,|B=3,15,1,50;",2.79283694045049,4.44089209850063e-16,0,0,1
66,high_noise,G003,G003,"M=20,20,20,20,|T=0,0,0,0,|B=1,15,1,50;",2.79283694045049,0,1,1,0
66,high_noise,G003,G002,"M=20,20,20,20,|T=0,0,0,0,|B=2,15,1,50;",5.64239028429182,2.84955334384133,0,1,1
66,high_noise,G003,MIRROR_M3,"M=20,20,20,20,|T=0,0,0,0,|B=3,15,1,50;",2.79283694045049,4.44089209850063e-16,0,0,1
67,synchronous,G003,G003,"M=20,20,20,20,|T=0,0,0,0,|B=1,15,1,50;",2.38778839679225,0,1,1,1
67,synchronous,G003,G002,"M=20,20,20,20,|T=0,0,0,0,|B=2,15,1,50;",5.69123058227619,3.30344218548394,0,1,1
67,synchronous,G003,MIRROR_M3,"M=20,20,20,20,|T=0,0,0,0,|B=3,15,1,50;",2.38778839679225,-8.88178419700125e-16,0,1,1
67,asynchronous,G003,G003,"M=20,20,20,20,|T=0,0,0,0,|B=1,15,1,50;",2.38778839679225,0,1,1,1
67,asynchronous,G003,G002,"M=20,20,20,20,|T=0,0,0,0,|B=2,15,1,50;",5.69123058227619,3.30344218548394,0,1,1
67,asynchronous,G003,MIRROR_M3,"M=20,20,20,20,|T=0,0,0,0,|B=3,15,1,50;",2.38778839679225,-8.88178419700125e-16,0,1,1
67,high_noise,G003,G003,"M=20,20,20,20,|T=0,0,0,0,|B=1,15,1,50;",2.38778839679225,0,1,1,1
67,high_noise,G003,G002,"M=20,20,20,20,|T=0,0,0,0,|B=2,15,1,50;",5.69123058227619,3.30344218548394,0,1,1
67,high_noise,G003,MIRROR_M3,"M=20,20,20,20,|T=0,0,0,0,|B=3,15,1,50;",2.38778839679225,-8.88178419700125e-16,0,1,1
68,synchronous,G003,G003,"M=20,20,20,20,|T=0,0,0,0,|B=1,15,1,50;",2.89010797200106,0,1,1,1
68,synchronous,G003,G002,"M=20,20,20,20,|T=0,0,0,0,|B=2,15,1,50;",5.89392667439057,3.00381870238951,0,1,1
68,synchronous,G003,MIRROR_M3,"M=20,20,20,20,|T=0,0,0,0,|B=3,15,1,50;",2.89010797200106,8.88178419700125e-16,0,1,1
68,asynchronous,G003,G003,"M=20,20,20,20,|T=0,0,0,0,|B=1,15,1,50;",2.89010797200106,0,1,1,0
68,asynchronous,G003,G002,"M=20,20,20,20,|T=0,0,0,0,|B=2,15,1,50;",5.89392667439057,3.00381870238951,0,0,0
68,asynchronous,G003,MIRROR_M3,"M=20,20,20,20,|T=0,0,0,0,|B=3,15,1,50;",2.89010797200106,8.88178419700125e-16,0,0,1
68,high_noise,G003,G003,"M=20,20,20,20,|T=0,0,0,0,|B=1,15,1,50;",2.89010797200106,0,1,1,0
68,high_noise,G003,G002,"M=20,20,20,20,|T=0,0,0,0,|B=2,15,1,50;",5.89392667439057,3.00381870238951,0,0,0
68,high_noise,G003,MIRROR_M3,"M=20,20,20,20,|T=0,0,0,0,|B=3,15,1,50;",2.89010797200106,8.88178419700125e-16,0,0,1
69,synchronous,G003,G003,"M=20,20,20,20,|T=0,0,0,0,|B=1,15,1,50;",3.70183583164816,0,1,1,1
69,synchronous,G003,G002,"M=20,20,20,20,|T=0,0,0,0,|B=2,15,1,50;",6.46197756628002,2.76014173463187,0,1,1
69,synchronous,G003,MIRROR_M3,"M=20,20,20,20,|T=0,0,0,0,|B=3,15,1,50;",3.70183583164816,0,0,1,1
69,asynchronous,G003,G003,"M=20,20,20,20,|T=0,0,0,0,|B=1,15,1,50;",3.70183583164816,0,1,1,1
69,asynchronous,G003,G002,"M=20,20,20,20,|T=0,0,0,0,|B=2,15,1,50;",6.46197756628002,2.76014173463187,0,1,1
69,asynchronous,G003,MIRROR_M3,"M=20,20,20,20,|T=0,0,0,0,|B=3,15,1,50;",3.70183583164816,0,0,1,1
69,high_noise,G003,G003,"M=20,20,20,20,|T=0,0,0,0,|B=1,15,1,50;",3.70183583164816,0,1,1,1
69,high_noise,G003,G002,"M=20,20,20,20,|T=0,0,0,0,|B=2,15,1,50;",6.46197756628002,2.76014173463187,0,1,1
69,high_noise,G003,MIRROR_M3,"M=20,20,20,20,|T=0,0,0,0,|B=3,15,1,50;",3.70183583164816,0,0,1,1
70,synchronous,G003,G003,"M=20,20,20,20,|T=0,0,0,0,|B=1,15,1,50;",2.34623959027884,0,1,1,1
70,synchronous,G003,G002,"M=20,20,20,20,|T=0,0,0,0,|B=2,15,1,50;",5.90393607656377,3.55769648628493,0,1,1
70,synchronous,G003,MIRROR_M3,"M=20,20,20,20,|T=0,0,0,0,|B=3,15,1,50;",2.34623959027884,4.44089209850063e-16,0,1,1
70,asynchronous,G003,G003,"M=20,20,20,20,|T=0,0,0,0,|B=1,15,1,50;",2.34623959027884,0,1,1,1
70,asynchronous,G003,G002,"M=20,20,20,20,|T=0,0,0,0,|B=2,15,1,50;",5.90393607656377,3.55769648628493,0,1,1
70,asynchronous,G003,MIRROR_M3,"M=20,20,20,20,|T=0,0,0,0,|B=3,15,1,50;",2.34623959027884,4.44089209850063e-16,0,1,1
70,high_noise,G003,G003,"M=20,20,20,20,|T=0,0,0,0,|B=1,15,1,50;",2.34623959027884,0,1,1,1
70,high_noise,G003,G002,"M=20,20,20,20,|T=0,0,0,0,|B=2,15,1,50;",5.90393607656377,3.55769648628493,0,1,1
70,high_noise,G003,MIRROR_M3,"M=20,20,20,20,|T=0,0,0,0,|B=3,15,1,50;",2.34623959027884,4.44089209850063e-16,0,1,1
71,synchronous,G003,G003,"M=20,20,20,20,|T=0,0,0,0,|B=1,15,1,50;",4.73728037874044,0,1,1,1
71,synchronous,G003,G002,"M=20,20,20,20,|T=0,0,0,0,|B=2,15,1,50;",6.89489871826774,2.1576183395273,0,1,1
71,synchronous,G003,MIRROR_M3,"M=20,20,20,20,|T=0,0,0,0,|B=3,15,1,50;",4.73728037874045,8.88178419700125e-16,0,1,1
71,asynchronous,G003,G003,"M=20,20,20,20,|T=0,0,0,0,|B=1,15,1,50;",4.73728037874044,0,1,1,1
71,asynchronous,G003,G002,"M=20,20,20,20,|T=0,0,0,0,|B=2,15,1,50;",6.89489871826774,2.1576183395273,0,1,1
71,asynchronous,G003,MIRROR_M3,"M=20,20,20,20,|T=0,0,0,0,|B=3,15,1,50;",4.73728037874045,8.88178419700125e-16,0,1,1
71,high_noise,G003,G003,"M=20,20,20,20,|T=0,0,0,0,|B=1,15,1,50;",4.73728037874044,0,1,1,1
71,high_noise,G003,G002,"M=20,20,20,20,|T=0,0,0,0,|B=2,15,1,50;",6.89489871826774,2.1576183395273,0,1,1
71,high_noise,G003,MIRROR_M3,"M=20,20,20,20,|T=0,0,0,0,|B=3,15,1,50;",4.73728037874045,8.88178419700125e-16,0,1,1
72,synchronous,G003,G003,"M=20,20,20,20,|T=0,0,0,0,|B=1,15,1,50;",4.62925117196612,0,1,1,1
72,synchronous,G003,G002,"M=20,20,20,20,|T=0,0,0,0,|B=2,15,1,50;",6.82105342042884,2.19180224846272,0,1,1
72,synchronous,G003,MIRROR_M3,"M=20,20,20,20,|T=0,0,0,0,|B=3,15,1,50;",4.62925117196612,0,0,1,1
72,asynchronous,G003,G003,"M=20,20,20,20,|T=0,0,0,0,|B=1,15,1,50;",4.62925117196612,0,1,1,1
72,asynchronous,G003,G002,"M=20,20,20,20,|T=0,0,0,0,|B=2,15,1,50;",6.82105342042884,2.19180224846272,0,1,1
72,asynchronous,G003,MIRROR_M3,"M=20,20,20,20,|T=0,0,0,0,|B=3,15,1,50;",4.62925117196612,0,0,1,1
72,high_noise,G003,G003,"M=20,20,20,20,|T=0,0,0,0,|B=1,15,1,50;",4.62925117196612,0,1,1,1
72,high_noise,G003,G002,"M=20,20,20,20,|T=0,0,0,0,|B=2,15,1,50;",6.82105342042884,2.19180224846272,0,1,1
72,high_noise,G003,MIRROR_M3,"M=20,20,20,20,|T=0,0,0,0,|B=3,15,1,50;",4.62925117196612,0,0,1,1
73,synchronous,G003,G003,"M=20,20,20,20,|T=0,0,0,0,|B=1,15,1,50;",2.45820601601089,0,1,1,1
73,synchronous,G003,G002,"M=20,20,20,20,|T=0,0,0,0,|B=2,15,1,50;",5.82854919265219,3.3703431766413,0,1,1
73,synchronous,G003,MIRROR_M3,"M=20,20,20,20,|T=0,0,0,0,|B=3,15,1,50;",2.45820601601089,0,0,1,1
73,asynchronous,G003,G003,"M=20,20,20,20,|T=0,0,0,0,|B=1,15,1,50;",2.45820601601089,0,1,1,1
73,asynchronous,G003,G002,"M=20,20,20,20,|T=0,0,0,0,|B=2,15,1,50;",5.82854919265219,3.3703431766413,0,1,1
73,asynchronous,G003,MIRROR_M3,"M=20,20,20,20,|T=0,0,0,0,|B=3,15,1,50;",2.45820601601089,0,0,1,1
73,high_noise,G003,G003,"M=20,20,20,20,|T=0,0,0,0,|B=1,15,1,50;",2.45820601601089,0,1,1,1
73,high_noise,G003,G002,"M=20,20,20,20,|T=0,0,0,0,|B=2,15,1,50;",5.82854919265219,3.3703431766413,0,1,1
73,high_noise,G003,MIRROR_M3,"M=20,20,20,20,|T=0,0,0,0,|B=3,15,1,50;",2.45820601601089,0,0,1,1
74,synchronous,G003,G003,"M=20,20,20,20,|T=0,0,0,0,|B=1,15,1,50;",1.19905874450543,0,1,1,1
74,synchronous,G003,G002,"M=20,20,20,20,|T=0,0,0,0,|B=2,15,1,50;",5.54637433883981,4.34731559433438,0,1,1
74,synchronous,G003,MIRROR_M3,"M=20,20,20,20,|T=0,0,0,0,|B=3,15,1,50;",1.19905874450543,-2.22044604925031e-16,0,1,1
74,asynchronous,G003,G003,"M=20,20,20,20,|T=0,0,0,0,|B=1,15,1,50;",1.19905874450543,0,1,1,1
74,asynchronous,G003,G002,"M=20,20,20,20,|T=0,0,0,0,|B=2,15,1,50;",5.54637433883981,4.34731559433438,0,1,1
74,asynchronous,G003,MIRROR_M3,"M=20,20,20,20,|T=0,0,0,0,|B=3,15,1,50;",1.19905874450543,-2.22044604925031e-16,0,1,1
74,high_noise,G003,G003,"M=20,20,20,20,|T=0,0,0,0,|B=1,15,1,50;",1.19905874450543,0,1,1,1
74,high_noise,G003,G002,"M=20,20,20,20,|T=0,0,0,0,|B=2,15,1,50;",5.54637433883981,4.34731559433438,0,1,1
74,high_noise,G003,MIRROR_M3,"M=20,20,20,20,|T=0,0,0,0,|B=3,15,1,50;",1.19905874450543,-2.22044604925031e-16,0,1,1
75,synchronous,G003,G003,"M=20,20,20,20,|T=0,0,0,0,|B=1,15,1,50;",4.53477575386529,0,1,1,1
75,synchronous,G003,G002,"M=20,20,20,20,|T=0,0,0,0,|B=2,15,1,50;",6.86214064898803,2.32736489512274,0,1,1
75,synchronous,G003,MIRROR_M3,"M=20,20,20,20,|T=0,0,0,0,|B=3,15,1,50;",4.53477575386529,0,0,1,1
75,asynchronous,G003,G003,"M=20,20,20,20,|T=0,0,0,0,|B=1,15,1,50;",4.53477575386529,0,1,1,0
75,asynchronous,G003,G002,"M=20,20,20,20,|T=0,0,0,0,|B=2,15,1,50;",6.86214064898803,2.32736489512274,0,1,1
75,asynchronous,G003,MIRROR_M3,"M=20,20,20,20,|T=0,0,0,0,|B=3,15,1,50;",4.53477575386529,0,0,0,1
75,high_noise,G003,G003,"M=20,20,20,20,|T=0,0,0,0,|B=1,15,1,50;",4.53477575386529,0,1,1,0
75,high_noise,G003,G002,"M=20,20,20,20,|T=0,0,0,0,|B=2,15,1,50;",6.86214064898803,2.32736489512274,0,1,1
75,high_noise,G003,MIRROR_M3,"M=20,20,20,20,|T=0,0,0,0,|B=3,15,1,50;",4.53477575386529,0,0,0,1
76,synchronous,G003,G003,"M=20,20,20,20,|T=0,0,0,0,|B=1,15,1,50;",3.75217949029266,0,1,1,1
76,synchronous,G003,G002,"M=20,20,20,20,|T=0,0,0,0,|B=2,15,1,50;",6.51952986930311,2.76735037901045,0,1,1
76,synchronous,G003,MIRROR_M3,"M=20,20,20,20,|T=0,0,0,0,|B=3,15,1,50;",3.75217949029266,0,0,1,1
76,asynchronous,G003,G003,"M=20,20,20,20,|T=0,0,0,0,|B=1,15,1,50;",3.75217949029266,0,1,1,1
76,asynchronous,G003,G002,"M=20,20,20,20,|T=0,0,0,0,|B=2,15,1,50;",6.51952986930311,2.76735037901045,0,1,1
76,asynchronous,G003,MIRROR_M3,"M=20,20,20,20,|T=0,0,0,0,|B=3,15,1,50;",3.75217949029266,0,0,1,1
76,high_noise,G003,G003,"M=20,20,20,20,|T=0,0,0,0,|B=1,15,1,50;",3.75217949029266,0,1,1,1
76,high_noise,G003,G002,"M=20,20,20,20,|T=0,0,0,0,|B=2,15,1,50;",6.51952986930311,2.76735037901045,0,1,1
76,high_noise,G003,MIRROR_M3,"M=20,20,20,20,|T=0,0,0,0,|B=3,15,1,50;",3.75217949029266,0,0,1,1
77,synchronous,G003,G003,"M=20,20,20,20,|T=0,0,0,0,|B=1,15,1,50;",4.78062026793889,0,1,1,1
77,synchronous,G003,G002,"M=20,20,20,20,|T=0,0,0,0,|B=2,15,1,50;",7.03333500540512,2.25271473746623,0,1,1
77,synchronous,G003,MIRROR_M3,"M=20,20,20,20,|T=0,0,0,0,|B=3,15,1,50;",4.78062026793889,0,0,1,1
77,asynchronous,G003,G003,"M=20,20,20,20,|T=0,0,0,0,|B=1,15,1,50;",4.78062026793889,0,1,1,1
77,asynchronous,G003,G002,"M=20,20,20,20,|T=0,0,0,0,|B=2,15,1,50;",7.03333500540512,2.25271473746623,0,1,1
77,asynchronous,G003,MIRROR_M3,"M=20,20,20,20,|T=0,0,0,0,|B=3,15,1,50;",4.78062026793889,0,0,1,1
77,high_noise,G003,G003,"M=20,20,20,20,|T=0,0,0,0,|B=1,15,1,50;",4.78062026793889,0,1,1,1
77,high_noise,G003,G002,"M=20,20,20,20,|T=0,0,0,0,|B=2,15,1,50;",7.03333500540512,2.25271473746623,0,1,1
77,high_noise,G003,MIRROR_M3,"M=20,20,20,20,|T=0,0,0,0,|B=3,15,1,50;",4.78062026793889,0,0,1,1
78,synchronous,G003,G003,"M=20,20,20,20,|T=0,0,0,0,|B=1,15,1,50;",1.62567395171319,0,1,1,1
78,synchronous,G003,G002,"M=20,20,20,20,|T=0,0,0,0,|B=2,15,1,50;",5.71265738011332,4.08698342840013,0,1,1
78,synchronous,G003,MIRROR_M3,"M=20,20,20,20,|T=0,0,0,0,|B=3,15,1,50;",1.62567395171319,-2.22044604925031e-16,0,1,1
78,asynchronous,G003,G003,"M=20,20,20,20,|T=0,0,0,0,|B=1,15,1,50;",1.62567395171319,0,1,1,1
78,asynchronous,G003,G002,"M=20,20,20,20,|T=0,0,0,0,|B=2,15,1,50;",5.71265738011332,4.08698342840013,0,1,1
78,asynchronous,G003,MIRROR_M3,"M=20,20,20,20,|T=0,0,0,0,|B=3,15,1,50;",1.62567395171319,-2.22044604925031e-16,0,1,1
78,high_noise,G003,G003,"M=20,20,20,20,|T=0,0,0,0,|B=1,15,1,50;",1.62567395171319,0,1,1,1
78,high_noise,G003,G002,"M=20,20,20,20,|T=0,0,0,0,|B=2,15,1,50;",5.71265738011332,4.08698342840013,0,1,1
78,high_noise,G003,MIRROR_M3,"M=20,20,20,20,|T=0,0,0,0,|B=3,15,1,50;",1.62567395171319,-2.22044604925031e-16,0,1,1
79,synchronous,G003,G003,"M=20,20,20,20,|T=0,0,0,0,|B=1,15,1,50;",3.32497960959516,0,1,1,1
79,synchronous,G003,G002,"M=20,20,20,20,|T=0,0,0,0,|B=2,15,1,50;",6.33425110177775,3.00927149218259,0,1,1
79,synchronous,G003,MIRROR_M3,"M=20,20,20,20,|T=0,0,0,0,|B=3,15,1,50;",3.32497960959516,0,0,1,1
79,asynchronous,G003,G003,"M=20,20,20,20,|T=0,0,0,0,|B=1,15,1,50;",3.32497960959516,0,1,1,1
79,asynchronous,G003,G002,"M=20,20,20,20,|T=0,0,0,0,|B=2,15,1,50;",6.33425110177775,3.00927149218259,0,1,1
79,asynchronous,G003,MIRROR_M3,"M=20,20,20,20,|T=0,0,0,0,|B=3,15,1,50;",3.32497960959516,0,0,1,1
79,high_noise,G003,G003,"M=20,20,20,20,|T=0,0,0,0,|B=1,15,1,50;",3.32497960959516,0,1,1,1
79,high_noise,G003,G002,"M=20,20,20,20,|T=0,0,0,0,|B=2,15,1,50;",6.33425110177775,3.00927149218259,0,1,1
79,high_noise,G003,MIRROR_M3,"M=20,20,20,20,|T=0,0,0,0,|B=3,15,1,50;",3.32497960959516,0,0,1,1
80,synchronous,G003,G003,"M=20,20,20,20,|T=0,0,0,0,|B=1,15,1,50;",2.55243005552102,0,1,1,1
80,synchronous,G003,G002,"M=20,20,20,20,|T=0,0,0,0,|B=2,15,1,50;",5.74548180500541,3.19305174948439,0,1,1
80,synchronous,G003,MIRROR_M3,"M=20,20,20,20,|T=0,0,0,0,|B=3,15,1,50;",2.55243005552102,4.44089209850063e-16,0,1,1
80,asynchronous,G003,G003,"M=20,20,20,20,|T=0,0,0,0,|B=1,15,1,50;",2.55243005552102,0,1,1,1
80,asynchronous,G003,G002,"M=20,20,20,20,|T=0,0,0,0,|B=2,15,1,50;",5.74548180500541,3.19305174948439,0,1,1
80,asynchronous,G003,MIRROR_M3,"M=20,20,20,20,|T=0,0,0,0,|B=3,15,1,50;",2.55243005552102,4.44089209850063e-16,0,1,1
80,high_noise,G003,G003,"M=20,20,20,20,|T=0,0,0,0,|B=1,15,1,50;",2.55243005552102,0,1,1,1
80,high_noise,G003,G002,"M=20,20,20,20,|T=0,0,0,0,|B=2,15,1,50;",5.74548180500541,3.19305174948439,0,1,1
80,high_noise,G003,MIRROR_M3,"M=20,20,20,20,|T=0,0,0,0,|B=3,15,1,50;",2.55243005552102,4.44089209850063e-16,0,1,1
81,synchronous,G003,G003,"M=20,20,20,20,|T=0,0,0,0,|B=1,15,1,50;",2.93824782199849,0,1,1,1
81,synchronous,G003,G002,"M=20,20,20,20,|T=0,0,0,0,|B=2,15,1,50;",5.92087513248612,2.98262731048763,0,1,1
81,synchronous,G003,MIRROR_M3,"M=20,20,20,20,|T=0,0,0,0,|B=3,15,1,50;",2.93824782199849,4.44089209850063e-16,0,1,1
81,asynchronous,G003,G003,"M=20,20,20,20,|T=0,0,0,0,|B=1,15,1,50;",2.93824782199849,0,1,1,1
81,asynchronous,G003,G002,"M=20,20,20,20,|T=0,0,0,0,|B=2,15,1,50;",5.92087513248612,2.98262731048763,0,1,1
81,asynchronous,G003,MIRROR_M3,"M=20,20,20,20,|T=0,0,0,0,|B=3,15,1,50;",2.93824782199849,4.44089209850063e-16,0,1,1
81,high_noise,G003,G003,"M=20,20,20,20,|T=0,0,0,0,|B=1,15,1,50;",2.93824782199849,0,1,1,1
81,high_noise,G003,G002,"M=20,20,20,20,|T=0,0,0,0,|B=2,15,1,50;",5.92087513248612,2.98262731048763,0,1,1
81,high_noise,G003,MIRROR_M3,"M=20,20,20,20,|T=0,0,0,0,|B=3,15,1,50;",2.93824782199849,4.44089209850063e-16,0,1,1
82,synchronous,G003,G003,"M=20,20,20,20,|T=0,0,0,0,|B=1,15,1,50;",4.35375397753756,0,1,1,1
82,synchronous,G003,G002,"M=20,20,20,20,|T=0,0,0,0,|B=2,15,1,50;",6.64039089523114,2.28663691769357,0,1,1
82,synchronous,G003,MIRROR_M3,"M=20,20,20,20,|T=0,0,0,0,|B=3,15,1,50;",4.35375397753756,8.88178419700125e-16,0,1,1
82,asynchronous,G003,G003,"M=20,20,20,20,|T=0,0,0,0,|B=1,15,1,50;",4.35375397753756,0,1,1,1
82,asynchronous,G003,G002,"M=20,20,20,20,|T=0,0,0,0,|B=2,15,1,50;",6.64039089523114,2.28663691769357,0,1,1
82,asynchronous,G003,MIRROR_M3,"M=20,20,20,20,|T=0,0,0,0,|B=3,15,1,50;",4.35375397753756,8.88178419700125e-16,0,1,1
82,high_noise,G003,G003,"M=20,20,20,20,|T=0,0,0,0,|B=1,15,1,50;",4.35375397753756,0,1,1,1
82,high_noise,G003,G002,"M=20,20,20,20,|T=0,0,0,0,|B=2,15,1,50;",6.64039089523114,2.28663691769357,0,1,1
82,high_noise,G003,MIRROR_M3,"M=20,20,20,20,|T=0,0,0,0,|B=3,15,1,50;",4.35375397753756,8.88178419700125e-16,0,1,1
83,synchronous,G003,G003,"M=20,20,20,20,|T=0,0,0,0,|B=1,15,1,50;",4.4942259966001,0,1,1,1
83,synchronous,G003,G002,"M=20,20,20,20,|T=0,0,0,0,|B=2,15,1,50;",6.92477542519813,2.43054942859803,0,1,1
83,synchronous,G003,MIRROR_M3,"M=20,20,20,20,|T=0,0,0,0,|B=3,15,1,50;",4.4942259966001,-8.88178419700125e-16,0,1,1
83,asynchronous,G003,G003,"M=20,20,20,20,|T=0,0,0,0,|B=1,15,1,50;",4.4942259966001,0,1,0,0
83,asynchronous,G003,G002,"M=20,20,20,20,|T=0,0,0,0,|B=2,15,1,50;",6.92477542519813,2.43054942859803,0,0,0
83,asynchronous,G003,MIRROR_M3,"M=20,20,20,20,|T=0,0,0,0,|B=3,15,1,50;",4.4942259966001,-8.88178419700125e-16,0,0,0
83,high_noise,G003,G003,"M=20,20,20,20,|T=0,0,0,0,|B=1,15,1,50;",4.4942259966001,0,1,0,0
83,high_noise,G003,G002,"M=20,20,20,20,|T=0,0,0,0,|B=2,15,1,50;",6.92477542519813,2.43054942859803,0,0,0
83,high_noise,G003,MIRROR_M3,"M=20,20,20,20,|T=0,0,0,0,|B=3,15,1,50;",4.4942259966001,-8.88178419700125e-16,0,0,0
84,synchronous,G003,G003,"M=20,20,20,20,|T=0,0,0,0,|B=1,15,1,50;",3.47769235494565,0,1,1,1
84,synchronous,G003,G002,"M=20,20,20,20,|T=0,0,0,0,|B=2,15,1,50;",6.25296133069823,2.77526897575257,0,1,1
84,synchronous,G003,MIRROR_M3,"M=20,20,20,20,|T=0,0,0,0,|B=3,15,1,50;",3.47769235494565,4.44089209850063e-16,0,1,1
84,asynchronous,G003,G003,"M=20,20,20,20,|T=0,0,0,0,|B=1,15,1,50;",3.47769235494565,0,1,1,1
84,asynchronous,G003,G002,"M=20,20,20,20,|T=0,0,0,0,|B=2,15,1,50;",6.25296133069823,2.77526897575257,0,1,1
84,asynchronous,G003,MIRROR_M3,"M=20,20,20,20,|T=0,0,0,0,|B=3,15,1,50;",3.47769235494565,4.44089209850063e-16,0,1,1
84,high_noise,G003,G003,"M=20,20,20,20,|T=0,0,0,0,|B=1,15,1,50;",3.47769235494565,0,1,1,1
84,high_noise,G003,G002,"M=20,20,20,20,|T=0,0,0,0,|B=2,15,1,50;",6.25296133069823,2.77526897575257,0,1,1
84,high_noise,G003,MIRROR_M3,"M=20,20,20,20,|T=0,0,0,0,|B=3,15,1,50;",3.47769235494565,4.44089209850063e-16,0,1,1
85,synchronous,G003,G003,"M=20,20,20,20,|T=0,0,0,0,|B=1,15,1,50;",4.66959101931699,0,1,1,1
85,synchronous,G003,G002,"M=20,20,20,20,|T=0,0,0,0,|B=2,15,1,50;",7.01286271213923,2.34327169282223,0,1,1
85,synchronous,G003,MIRROR_M3,"M=20,20,20,20,|T=0,0,0,0,|B=3,15,1,50;",4.66959101931699,0,0,1,1
85,asynchronous,G003,G003,"M=20,20,20,20,|T=0,0,0,0,|B=1,15,1,50;",4.66959101931699,0,1,1,1
85,asynchronous,G003,G002,"M=20,20,20,20,|T=0,0,0,0,|B=2,15,1,50;",7.01286271213923,2.34327169282223,0,1,1
85,asynchronous,G003,MIRROR_M3,"M=20,20,20,20,|T=0,0,0,0,|B=3,15,1,50;",4.66959101931699,0,0,1,1
85,high_noise,G003,G003,"M=20,20,20,20,|T=0,0,0,0,|B=1,15,1,50;",4.66959101931699,0,1,1,1
85,high_noise,G003,G002,"M=20,20,20,20,|T=0,0,0,0,|B=2,15,1,50;",7.01286271213923,2.34327169282223,0,1,1
85,high_noise,G003,MIRROR_M3,"M=20,20,20,20,|T=0,0,0,0,|B=3,15,1,50;",4.66959101931699,0,0,1,1
86,synchronous,G003,G003,"M=20,20,20,20,|T=0,0,0,0,|B=1,15,1,50;",3.91437686222994,0,1,1,1
86,synchronous,G003,G002,"M=20,20,20,20,|T=0,0,0,0,|B=2,15,1,50;",6.54531165827179,2.63093479604185,0,1,1
86,synchronous,G003,MIRROR_M3,"M=20,20,20,20,|T=0,0,0,0,|B=3,15,1,50;",3.91437686222993,-4.44089209850063e-16,0,1,1
86,asynchronous,G003,G003,"M=20,20,20,20,|T=0,0,0,0,|B=1,15,1,50;",3.91437686222994,0,1,1,1
86,asynchronous,G003,G002,"M=20,20,20,20,|T=0,0,0,0,|B=2,15,1,50;",6.54531165827179,2.63093479604185,0,1,0
86,asynchronous,G003,MIRROR_M3,"M=20,20,20,20,|T=0,0,0,0,|B=3,15,1,50;",3.91437686222993,-4.44089209850063e-16,0,0,1
86,high_noise,G003,G003,"M=20,20,20,20,|T=0,0,0,0,|B=1,15,1,50;",3.91437686222994,0,1,1,1
86,high_noise,G003,G002,"M=20,20,20,20,|T=0,0,0,0,|B=2,15,1,50;",6.54531165827179,2.63093479604185,0,1,0
86,high_noise,G003,MIRROR_M3,"M=20,20,20,20,|T=0,0,0,0,|B=3,15,1,50;",3.91437686222993,-4.44089209850063e-16,0,0,1
87,synchronous,G003,G003,"M=20,20,20,20,|T=0,0,0,0,|B=1,15,1,50;",1.29920462972566,0,1,1,1
87,synchronous,G003,G002,"M=20,20,20,20,|T=0,0,0,0,|B=2,15,1,50;",5.29813983268331,3.99893520295765,0,1,1
87,synchronous,G003,MIRROR_M3,"M=20,20,20,20,|T=0,0,0,0,|B=3,15,1,50;",1.29920462972566,6.66133814775094e-16,0,1,1
87,asynchronous,G003,G003,"M=20,20,20,20,|T=0,0,0,0,|B=1,15,1,50;",1.29920462972566,0,1,1,1
87,asynchronous,G003,G002,"M=20,20,20,20,|T=0,0,0,0,|B=2,15,1,50;",5.29813983268331,3.99893520295765,0,1,1
87,asynchronous,G003,MIRROR_M3,"M=20,20,20,20,|T=0,0,0,0,|B=3,15,1,50;",1.29920462972566,6.66133814775094e-16,0,1,1
87,high_noise,G003,G003,"M=20,20,20,20,|T=0,0,0,0,|B=1,15,1,50;",1.29920462972566,0,1,1,1
87,high_noise,G003,G002,"M=20,20,20,20,|T=0,0,0,0,|B=2,15,1,50;",5.29813983268331,3.99893520295765,0,1,1
87,high_noise,G003,MIRROR_M3,"M=20,20,20,20,|T=0,0,0,0,|B=3,15,1,50;",1.29920462972566,6.66133814775094e-16,0,1,1
88,synchronous,G003,G003,"M=20,20,20,20,|T=0,0,0,0,|B=1,15,1,50;",3.83532209735391,0,1,1,1
88,synchronous,G003,G002,"M=20,20,20,20,|T=0,0,0,0,|B=2,15,1,50;",6.22659286604864,2.39127076869473,0,1,1
88,synchronous,G003,MIRROR_M3,"M=20,20,20,20,|T=0,0,0,0,|B=3,15,1,50;",3.83532209735391,-4.44089209850063e-16,0,1,1
88,asynchronous,G003,G003,"M=20,20,20,20,|T=0,0,0,0,|B=1,15,1,50;",3.83532209735391,0,1,1,1
88,asynchronous,G003,G002,"M=20,20,20,20,|T=0,0,0,0,|B=2,15,1,50;",6.22659286604864,2.39127076869473,0,1,1
88,asynchronous,G003,MIRROR_M3,"M=20,20,20,20,|T=0,0,0,0,|B=3,15,1,50;",3.83532209735391,-4.44089209850063e-16,0,1,1
88,high_noise,G003,G003,"M=20,20,20,20,|T=0,0,0,0,|B=1,15,1,50;",3.83532209735391,0,1,1,1
88,high_noise,G003,G002,"M=20,20,20,20,|T=0,0,0,0,|B=2,15,1,50;",6.22659286604864,2.39127076869473,0,1,1
88,high_noise,G003,MIRROR_M3,"M=20,20,20,20,|T=0,0,0,0,|B=3,15,1,50;",3.83532209735391,-4.44089209850063e-16,0,1,1
89,synchronous,G003,G003,"M=20,20,20,20,|T=0,0,0,0,|B=1,15,1,50;",2.66688045569472,0,1,1,1
89,synchronous,G003,G002,"M=20,20,20,20,|T=0,0,0,0,|B=2,15,1,50;",5.8754593374361,3.20857888174138,0,1,1
89,synchronous,G003,MIRROR_M3,"M=20,20,20,20,|T=0,0,0,0,|B=3,15,1,50;",2.66688045569472,-8.88178419700125e-16,0,1,1
89,asynchronous,G003,G003,"M=20,20,20,20,|T=0,0,0,0,|B=1,15,1,50;",2.66688045569472,0,1,1,1
89,asynchronous,G003,G002,"M=20,20,20,20,|T=0,0,0,0,|B=2,15,1,50;",5.8754593374361,3.20857888174138,0,1,1
89,asynchronous,G003,MIRROR_M3,"M=20,20,20,20,|T=0,0,0,0,|B=3,15,1,50;",2.66688045569472,-8.88178419700125e-16,0,1,1
89,high_noise,G003,G003,"M=20,20,20,20,|T=0,0,0,0,|B=1,15,1,50;",2.66688045569472,0,1,1,1
89,high_noise,G003,G002,"M=20,20,20,20,|T=0,0,0,0,|B=2,15,1,50;",5.8754593374361,3.20857888174138,0,1,1
89,high_noise,G003,MIRROR_M3,"M=20,20,20,20,|T=0,0,0,0,|B=3,15,1,50;",2.66688045569472,-8.88178419700125e-16,0,1,1
90,synchronous,G003,G003,"M=20,20,20,20,|T=0,0,0,0,|B=1,15,1,50;",4.6175977818226,0,1,1,1
90,synchronous,G003,G002,"M=20,20,20,20,|T=0,0,0,0,|B=2,15,1,50;",6.75248795223358,2.13489017041097,0,1,1
90,synchronous,G003,MIRROR_M3,"M=20,20,20,20,|T=0,0,0,0,|B=3,15,1,50;",4.6175977818226,1.77635683940025e-15,0,1,1
90,asynchronous,G003,G003,"M=20,20,20,20,|T=0,0,0,0,|B=1,15,1,50;",4.6175977818226,0,1,1,1
90,asynchronous,G003,G002,"M=20,20,20,20,|T=0,0,0,0,|B=2,15,1,50;",6.75248795223358,2.13489017041097,0,1,1
90,asynchronous,G003,MIRROR_M3,"M=20,20,20,20,|T=0,0,0,0,|B=3,15,1,50;",4.6175977818226,1.77635683940025e-15,0,1,1
90,high_noise,G003,G003,"M=20,20,20,20,|T=0,0,0,0,|B=1,15,1,50;",4.6175977818226,0,1,1,1
90,high_noise,G003,G002,"M=20,20,20,20,|T=0,0,0,0,|B=2,15,1,50;",6.75248795223358,2.13489017041097,0,1,1
90,high_noise,G003,MIRROR_M3,"M=20,20,20,20,|T=0,0,0,0,|B=3,15,1,50;",4.6175977818226,1.77635683940025e-15,0,1,1
91,synchronous,DOUBLE_M2,DOUBLE_M2,"M=20,20,20,20,|T=0,0,0,0,|B=2,15,1,50;2,15,1,50;",3.9764227792083,0,1,1,0
91,synchronous,DOUBLE_M2,ADD_M2_M3,"M=20,20,20,20,|T=0,0,0,0,|B=2,15,1,50;3,15,1,50;",5.39423105179315,1.41780827258486,0,1,1
91,synchronous,DOUBLE_M2,ADD_M1_M2,"M=20,20,20,20,|T=0,0,0,0,|B=1,15,1,50;2,15,1,50;",5.39423105179315,1.41780827258486,0,1,0
91,synchronous,DOUBLE_M2,DOUBLE_M1,"M=20,20,20,20,|T=0,0,0,0,|B=1,15,1,50;1,15,1,50;",6.53858176310213,2.56215898389383,0,0,1
91,synchronous,DOUBLE_M2,ADD_M1_M3,"M=20,20,20,20,|T=0,0,0,0,|B=1,15,1,50;3,15,1,50;",6.29777731795817,2.32135453874987,0,0,1
91,synchronous,DOUBLE_M2,DOUBLE_M3,"M=20,20,20,20,|T=0,0,0,0,|B=3,15,1,50;3,15,1,50;",6.53858176310213,2.56215898389383,0,0,0
91,asynchronous,DOUBLE_M2,DOUBLE_M2,"M=20,20,20,20,|T=0,0,0,0,|B=2,15,1,50;2,15,1,50;",3.9764227792083,0,1,1,0
91,asynchronous,DOUBLE_M2,ADD_M2_M3,"M=20,20,20,20,|T=0,0,0,0,|B=2,15,1,50;3,15,1,50;",5.39423105179315,1.41780827258486,0,1,1
91,asynchronous,DOUBLE_M2,ADD_M1_M2,"M=20,20,20,20,|T=0,0,0,0,|B=1,15,1,50;2,15,1,50;",5.39423105179315,1.41780827258486,0,1,0
91,asynchronous,DOUBLE_M2,DOUBLE_M1,"M=20,20,20,20,|T=0,0,0,0,|B=1,15,1,50;1,15,1,50;",6.53858176310213,2.56215898389383,0,0,1
91,asynchronous,DOUBLE_M2,ADD_M1_M3,"M=20,20,20,20,|T=0,0,0,0,|B=1,15,1,50;3,15,1,50;",6.29777731795817,2.32135453874987,0,0,1
91,asynchronous,DOUBLE_M2,DOUBLE_M3,"M=20,20,20,20,|T=0,0,0,0,|B=3,15,1,50;3,15,1,50;",6.53858176310213,2.56215898389383,0,0,0
91,high_noise,DOUBLE_M2,DOUBLE_M2,"M=20,20,20,20,|T=0,0,0,0,|B=2,15,1,50;2,15,1,50;",3.9764227792083,0,1,1,0
91,high_noise,DOUBLE_M2,ADD_M2_M3,"M=20,20,20,20,|T=0,0,0,0,|B=2,15,1,50;3,15,1,50;",5.39423105179315,1.41780827258486,0,1,1
91,high_noise,DOUBLE_M2,ADD_M1_M2,"M=20,20,20,20,|T=0,0,0,0,|B=1,15,1,50;2,15,1,50;",5.39423105179315,1.41780827258486,0,1,0
91,high_noise,DOUBLE_M2,DOUBLE_M1,"M=20,20,20,20,|T=0,0,0,0,|B=1,15,1,50;1,15,1,50;",6.53858176310213,2.56215898389383,0,0,1
91,high_noise,DOUBLE_M2,ADD_M1_M3,"M=20,20,20,20,|T=0,0,0,0,|B=1,15,1,50;3,15,1,50;",6.29777731795817,2.32135453874987,0,0,1
91,high_noise,DOUBLE_M2,DOUBLE_M3,"M=20,20,20,20,|T=0,0,0,0,|B=3,15,1,50;3,15,1,50;",6.53858176310213,2.56215898389383,0,0,0
92,synchronous,DOUBLE_M2,DOUBLE_M2,"M=20,20,20,20,|T=0,0,0,0,|B=2,15,1,50;2,15,1,50;",2.83915261054712,0,1,1,0
92,synchronous,DOUBLE_M2,ADD_M2_M3,"M=20,20,20,20,|T=0,0,0,0,|B=2,15,1,50;3,15,1,50;",4.79897007780037,1.95981746725325,0,1,1
92,synchronous,DOUBLE_M2,ADD_M1_M2,"M=20,20,20,20,|T=0,0,0,0,|B=1,15,1,50;2,15,1,50;",4.79897007780037,1.95981746725325,0,1,1
92,synchronous,DOUBLE_M2,DOUBLE_M1,"M=20,20,20,20,|T=0,0,0,0,|B=1,15,1,50;1,15,1,50;",6.13110434503816,3.29195173449104,0,0,0
92,synchronous,DOUBLE_M2,ADD_M1_M3,"M=20,20,20,20,|T=0,0,0,0,|B=1,15,1,50;3,15,1,50;",5.86082923294475,3.02167662239763,0,0,0
92,synchronous,DOUBLE_M2,DOUBLE_M3,"M=20,20,20,20,|T=0,0,0,0,|B=3,15,1,50;3,15,1,50;",6.13110434503816,3.29195173449104,0,0,1
92,asynchronous,DOUBLE_M2,DOUBLE_M2,"M=20,20,20,20,|T=0,0,0,0,|B=2,15,1,50;2,15,1,50;",2.83915261054712,0,1,1,0
92,asynchronous,DOUBLE_M2,ADD_M2_M3,"M=20,20,20,20,|T=0,0,0,0,|B=2,15,1,50;3,15,1,50;",4.79897007780037,1.95981746725325,0,1,1
92,asynchronous,DOUBLE_M2,ADD_M1_M2,"M=20,20,20,20,|T=0,0,0,0,|B=1,15,1,50;2,15,1,50;",4.79897007780037,1.95981746725325,0,1,1
92,asynchronous,DOUBLE_M2,DOUBLE_M1,"M=20,20,20,20,|T=0,0,0,0,|B=1,15,1,50;1,15,1,50;",6.13110434503816,3.29195173449104,0,0,0
92,asynchronous,DOUBLE_M2,ADD_M1_M3,"M=20,20,20,20,|T=0,0,0,0,|B=1,15,1,50;3,15,1,50;",5.86082923294475,3.02167662239763,0,0,0
92,asynchronous,DOUBLE_M2,DOUBLE_M3,"M=20,20,20,20,|T=0,0,0,0,|B=3,15,1,50;3,15,1,50;",6.13110434503816,3.29195173449104,0,0,1
92,high_noise,DOUBLE_M2,DOUBLE_M2,"M=20,20,20,20,|T=0,0,0,0,|B=2,15,1,50;2,15,1,50;",2.83915261054712,0,1,1,0
92,high_noise,DOUBLE_M2,ADD_M2_M3,"M=20,20,20,20,|T=0,0,0,0,|B=2,15,1,50;3,15,1,50;",4.79897007780037,1.95981746725325,0,1,1
92,high_noise,DOUBLE_M2,ADD_M1_M2,"M=20,20,20,20,|T=0,0,0,0,|B=1,15,1,50;2,15,1,50;",4.79897007780037,1.95981746725325,0,1,1
92,high_noise,DOUBLE_M2,DOUBLE_M1,"M=20,20,20,20,|T=0,0,0,0,|B=1,15,1,50;1,15,1,50;",6.13110434503816,3.29195173449104,0,0,0
92,high_noise,DOUBLE_M2,ADD_M1_M3,"M=20,20,20,20,|T=0,0,0,0,|B=1,15,1,50;3,15,1,50;",5.86082923294475,3.02167662239763,0,0,0
92,high_noise,DOUBLE_M2,DOUBLE_M3,"M=20,20,20,20,|T=0,0,0,0,|B=3,15,1,50;3,15,1,50;",6.13110434503816,3.29195173449104,0,0,1
93,synchronous,DOUBLE_M2,DOUBLE_M2,"M=20,20,20,20,|T=0,0,0,0,|B=2,15,1,50;2,15,1,50;",4.87514883582424,0,1,1,0
93,synchronous,DOUBLE_M2,ADD_M2_M3,"M=20,20,20,20,|T=0,0,0,0,|B=2,15,1,50;3,15,1,50;",6.01901674823848,1.14386791241424,0,1,0
93,synchronous,DOUBLE_M2,ADD_M1_M2,"M=20,20,20,20,|T=0,0,0,0,|B=1,15,1,50;2,15,1,50;",6.01901674823848,1.14386791241424,0,1,1
93,synchronous,DOUBLE_M2,DOUBLE_M3,"M=20,20,20,20,|T=0,0,0,0,|B=3,15,1,50;3,15,1,50;",7.15110280090878,2.27595396508454,0,0,0
93,synchronous,DOUBLE_M2,DOUBLE_M1,"M=20,20,20,20,|T=0,0,0,0,|B=1,15,1,50;1,15,1,50;",7.15110280090878,2.27595396508454,0,0,1
93,synchronous,DOUBLE_M2,ADD_M1_M3,"M=20,20,20,20,|T=0,0,0,0,|B=1,15,1,50;3,15,1,50;",6.8216230916572,1.94647425583296,0,0,1
93,asynchronous,DOUBLE_M2,DOUBLE_M2,"M=20,20,20,20,|T=0,0,0,0,|B=2,15,1,50;2,15,1,50;",4.87514883582424,0,1,1,0
93,asynchronous,DOUBLE_M2,ADD_M2_M3,"M=20,20,20,20,|T=0,0,0,0,|B=2,15,1,50;3,15,1,50;",6.01901674823848,1.14386791241424,0,1,0
93,asynchronous,DOUBLE_M2,ADD_M1_M2,"M=20,20,20,20,|T=0,0,0,0,|B=1,15,1,50;2,15,1,50;",6.01901674823848,1.14386791241424,0,1,1
93,asynchronous,DOUBLE_M2,DOUBLE_M3,"M=20,20,20,20,|T=0,0,0,0,|B=3,15,1,50;3,15,1,50;",7.15110280090878,2.27595396508454,0,0,0
93,asynchronous,DOUBLE_M2,DOUBLE_M1,"M=20,20,20,20,|T=0,0,0,0,|B=1,15,1,50;1,15,1,50;",7.15110280090878,2.27595396508454,0,0,1
93,asynchronous,DOUBLE_M2,ADD_M1_M3,"M=20,20,20,20,|T=0,0,0,0,|B=1,15,1,50;3,15,1,50;",6.8216230916572,1.94647425583296,0,0,1
93,high_noise,DOUBLE_M2,DOUBLE_M2,"M=20,20,20,20,|T=0,0,0,0,|B=2,15,1,50;2,15,1,50;",4.87514883582424,0,1,1,0
93,high_noise,DOUBLE_M2,ADD_M2_M3,"M=20,20,20,20,|T=0,0,0,0,|B=2,15,1,50;3,15,1,50;",6.01901674823848,1.14386791241424,0,1,0
93,high_noise,DOUBLE_M2,ADD_M1_M2,"M=20,20,20,20,|T=0,0,0,0,|B=1,15,1,50;2,15,1,50;",6.01901674823848,1.14386791241424,0,1,1
93,high_noise,DOUBLE_M2,DOUBLE_M3,"M=20,20,20,20,|T=0,0,0,0,|B=3,15,1,50;3,15,1,50;",7.15110280090878,2.27595396508454,0,0,0
93,high_noise,DOUBLE_M2,DOUBLE_M1,"M=20,20,20,20,|T=0,0,0,0,|B=1,15,1,50;1,15,1,50;",7.15110280090878,2.27595396508454,0,0,1
93,high_noise,DOUBLE_M2,ADD_M1_M3,"M=20,20,20,20,|T=0,0,0,0,|B=1,15,1,50;3,15,1,50;",6.8216230916572,1.94647425583296,0,0,1
94,synchronous,DOUBLE_M2,DOUBLE_M2,"M=20,20,20,20,|T=0,0,0,0,|B=2,15,1,50;2,15,1,50;",1.21456781312633,0,1,1,0
94,synchronous,DOUBLE_M2,ADD_M2_M3,"M=20,20,20,20,|T=0,0,0,0,|B=2,15,1,50;3,15,1,50;",4.357724291384,3.14315647825767,0,1,0
94,synchronous,DOUBLE_M2,ADD_M1_M2,"M=20,20,20,20,|T=0,0,0,0,|B=1,15,1,50;2,15,1,50;",4.357724291384,3.14315647825767,0,1,1
94,synchronous,DOUBLE_M2,DOUBLE_M1,"M=20,20,20,20,|T=0,0,0,0,|B=1,15,1,50;1,15,1,50;",5.98685174933846,4.77228393621213,0,0,0
94,synchronous,DOUBLE_M2,ADD_M1_M3,"M=20,20,20,20,|T=0,0,0,0,|B=1,15,1,50;3,15,1,50;",5.59839396869958,4.38382615557325,0,0,1
94,synchronous,DOUBLE_M2,DOUBLE_M3,"M=20,20,20,20,|T=0,0,0,0,|B=3,15,1,50;3,15,1,50;",5.98685174933846,4.77228393621213,0,0,1
94,asynchronous,DOUBLE_M2,DOUBLE_M2,"M=20,20,20,20,|T=0,0,0,0,|B=2,15,1,50;2,15,1,50;",1.21456781312633,0,1,1,0
94,asynchronous,DOUBLE_M2,ADD_M2_M3,"M=20,20,20,20,|T=0,0,0,0,|B=2,15,1,50;3,15,1,50;",4.357724291384,3.14315647825767,0,1,0
94,asynchronous,DOUBLE_M2,ADD_M1_M2,"M=20,20,20,20,|T=0,0,0,0,|B=1,15,1,50;2,15,1,50;",4.357724291384,3.14315647825767,0,1,1
94,asynchronous,DOUBLE_M2,DOUBLE_M1,"M=20,20,20,20,|T=0,0,0,0,|B=1,15,1,50;1,15,1,50;",5.98685174933846,4.77228393621213,0,0,0
94,asynchronous,DOUBLE_M2,ADD_M1_M3,"M=20,20,20,20,|T=0,0,0,0,|B=1,15,1,50;3,15,1,50;",5.59839396869958,4.38382615557325,0,0,1
94,asynchronous,DOUBLE_M2,DOUBLE_M3,"M=20,20,20,20,|T=0,0,0,0,|B=3,15,1,50;3,15,1,50;",5.98685174933846,4.77228393621213,0,0,1
94,high_noise,DOUBLE_M2,DOUBLE_M2,"M=20,20,20,20,|T=0,0,0,0,|B=2,15,1,50;2,15,1,50;",1.21456781312633,0,1,1,0
94,high_noise,DOUBLE_M2,ADD_M2_M3,"M=20,20,20,20,|T=0,0,0,0,|B=2,15,1,50;3,15,1,50;",4.357724291384,3.14315647825767,0,1,0
94,high_noise,DOUBLE_M2,ADD_M1_M2,"M=20,20,20,20,|T=0,0,0,0,|B=1,15,1,50;2,15,1,50;",4.357724291384,3.14315647825767,0,1,1
94,high_noise,DOUBLE_M2,DOUBLE_M1,"M=20,20,20,20,|T=0,0,0,0,|B=1,15,1,50;1,15,1,50;",5.98685174933846,4.77228393621213,0,0,0
94,high_noise,DOUBLE_M2,ADD_M1_M3,"M=20,20,20,20,|T=0,0,0,0,|B=1,15,1,50;3,15,1,50;",5.59839396869958,4.38382615557325,0,0,1
94,high_noise,DOUBLE_M2,DOUBLE_M3,"M=20,20,20,20,|T=0,0,0,0,|B=3,15,1,50;3,15,1,50;",5.98685174933846,4.77228393621213,0,0,1
95,synchronous,DOUBLE_M2,DOUBLE_M2,"M=20,20,20,20,|T=0,0,0,0,|B=2,15,1,50;2,15,1,50;",2.48625073688316,0,1,1,0
95,synchronous,DOUBLE_M2,ADD_M2_M3,"M=20,20,20,20,|T=0,0,0,0,|B=2,15,1,50;3,15,1,50;",4.67683505808097,2.19058432119781,0,1,0
95,synchronous,DOUBLE_M2,ADD_M1_M2,"M=20,20,20,20,|T=0,0,0,0,|B=1,15,1,50;2,15,1,50;",4.67683505808097,2.19058432119781,0,1,0
95,synchronous,DOUBLE_M2,DOUBLE_M3,"M=20,20,20,20,|T=0,0,0,0,|B=3,15,1,50;3,15,1,50;",6.15796970265373,3.67171896577057,0,0,1
95,synchronous,DOUBLE_M2,DOUBLE_M1,"M=20,20,20,20,|T=0,0,0,0,|B=1,15,1,50;1,15,1,50;",6.15796970265373,3.67171896577057,0,0,1
95,synchronous,DOUBLE_M2,ADD_M1_M3,"M=20,20,20,20,|T=0,0,0,0,|B=1,15,1,50;3,15,1,50;",5.76464325174754,3.27839251486438,0,0,1
95,asynchronous,DOUBLE_M2,DOUBLE_M2,"M=20,20,20,20,|T=0,0,0,0,|B=2,15,1,50;2,15,1,50;",2.48625073688316,0,1,1,0
95,asynchronous,DOUBLE_M2,ADD_M2_M3,"M=20,20,20,20,|T=0,0,0,0,|B=2,15,1,50;3,15,1,50;",4.67683505808097,2.19058432119781,0,1,0
95,asynchronous,DOUBLE_M2,ADD_M1_M2,"M=20,20,20,20,|T=0,0,0,0,|B=1,15,1,50;2,15,1,50;",4.67683505808097,2.19058432119781,0,1,0
95,asynchronous,DOUBLE_M2,DOUBLE_M3,"M=20,20,20,20,|T=0,0,0,0,|B=3,15,1,50;3,15,1,50;",6.15796970265373,3.67171896577057,0,0,1
95,asynchronous,DOUBLE_M2,DOUBLE_M1,"M=20,20,20,20,|T=0,0,0,0,|B=1,15,1,50;1,15,1,50;",6.15796970265373,3.67171896577057,0,0,1
95,asynchronous,DOUBLE_M2,ADD_M1_M3,"M=20,20,20,20,|T=0,0,0,0,|B=1,15,1,50;3,15,1,50;",5.76464325174754,3.27839251486438,0,0,1
95,high_noise,DOUBLE_M2,DOUBLE_M2,"M=20,20,20,20,|T=0,0,0,0,|B=2,15,1,50;2,15,1,50;",2.48625073688316,0,1,1,0
95,high_noise,DOUBLE_M2,ADD_M2_M3,"M=20,20,20,20,|T=0,0,0,0,|B=2,15,1,50;3,15,1,50;",4.67683505808097,2.19058432119781,0,1,0
95,high_noise,DOUBLE_M2,ADD_M1_M2,"M=20,20,20,20,|T=0,0,0,0,|B=1,15,1,50;2,15,1,50;",4.67683505808097,2.19058432119781,0,1,0
95,high_noise,DOUBLE_M2,DOUBLE_M3,"M=20,20,20,20,|T=0,0,0,0,|B=3,15,1,50;3,15,1,50;",6.15796970265373,3.67171896577057,0,0,1
95,high_noise,DOUBLE_M2,DOUBLE_M1,"M=20,20,20,20,|T=0,0,0,0,|B=1,15,1,50;1,15,1,50;",6.15796970265373,3.67171896577057,0,0,1
95,high_noise,DOUBLE_M2,ADD_M1_M3,"M=20,20,20,20,|T=0,0,0,0,|B=1,15,1,50;3,15,1,50;",5.76464325174754,3.27839251486438,0,0,1
96,synchronous,DOUBLE_M2,DOUBLE_M2,"M=20,20,20,20,|T=0,0,0,0,|B=2,15,1,50;2,15,1,50;",4.63485751406402,0,1,1,1
96,synchronous,DOUBLE_M2,ADD_M2_M3,"M=20,20,20,20,|T=0,0,0,0,|B=2,15,1,50;3,15,1,50;",5.72230349334026,1.08744597927624,0,1,0
96,synchronous,DOUBLE_M2,ADD_M1_M2,"M=20,20,20,20,|T=0,0,0,0,|B=1,15,1,50;2,15,1,50;",5.72230349334026,1.08744597927624,0,1,1
96,synchronous,DOUBLE_M2,DOUBLE_M1,"M=20,20,20,20,|T=0,0,0,0,|B=1,15,1,50;1,15,1,50;",6.90887314500949,2.27401563094548,0,0,1
96,synchronous,DOUBLE_M2,ADD_M1_M3,"M=20,20,20,20,|T=0,0,0,0,|B=1,15,1,50;3,15,1,50;",6.62555406884853,1.99069655478451,0,0,0
96,synchronous,DOUBLE_M2,DOUBLE_M3,"M=20,20,20,20,|T=0,0,0,0,|B=3,15,1,50;3,15,1,50;",6.90887314500949,2.27401563094548,0,0,0
96,asynchronous,DOUBLE_M2,DOUBLE_M2,"M=20,20,20,20,|T=0,0,0,0,|B=2,15,1,50;2,15,1,50;",4.63485751406402,0,1,1,1
96,asynchronous,DOUBLE_M2,ADD_M2_M3,"M=20,20,20,20,|T=0,0,0,0,|B=2,15,1,50;3,15,1,50;",5.72230349334026,1.08744597927624,0,1,0
96,asynchronous,DOUBLE_M2,ADD_M1_M2,"M=20,20,20,20,|T=0,0,0,0,|B=1,15,1,50;2,15,1,50;",5.72230349334026,1.08744597927624,0,1,1
96,asynchronous,DOUBLE_M2,DOUBLE_M1,"M=20,20,20,20,|T=0,0,0,0,|B=1,15,1,50;1,15,1,50;",6.90887314500949,2.27401563094548,0,0,1
96,asynchronous,DOUBLE_M2,ADD_M1_M3,"M=20,20,20,20,|T=0,0,0,0,|B=1,15,1,50;3,15,1,50;",6.62555406884853,1.99069655478451,0,0,0
96,asynchronous,DOUBLE_M2,DOUBLE_M3,"M=20,20,20,20,|T=0,0,0,0,|B=3,15,1,50;3,15,1,50;",6.90887314500949,2.27401563094548,0,0,0
96,high_noise,DOUBLE_M2,DOUBLE_M2,"M=20,20,20,20,|T=0,0,0,0,|B=2,15,1,50;2,15,1,50;",4.63485751406402,0,1,1,1
96,high_noise,DOUBLE_M2,ADD_M2_M3,"M=20,20,20,20,|T=0,0,0,0,|B=2,15,1,50;3,15,1,50;",5.72230349334026,1.08744597927624,0,1,0
96,high_noise,DOUBLE_M2,ADD_M1_M2,"M=20,20,20,20,|T=0,0,0,0,|B=1,15,1,50;2,15,1,50;",5.72230349334026,1.08744597927624,0,1,1
96,high_noise,DOUBLE_M2,DOUBLE_M1,"M=20,20,20,20,|T=0,0,0,0,|B=1,15,1,50;1,15,1,50;",6.90887314500949,2.27401563094548,0,0,1
96,high_noise,DOUBLE_M2,ADD_M1_M3,"M=20,20,20,20,|T=0,0,0,0,|B=1,15,1,50;3,15,1,50;",6.62555406884853,1.99069655478451,0,0,0
96,high_noise,DOUBLE_M2,DOUBLE_M3,"M=20,20,20,20,|T=0,0,0,0,|B=3,15,1,50;3,15,1,50;",6.90887314500949,2.27401563094548,0,0,0
97,synchronous,DOUBLE_M2,DOUBLE_M2,"M=20,20,20,20,|T=0,0,0,0,|B=2,15,1,50;2,15,1,50;",3.0146800104904,0,1,1,0
97,synchronous,DOUBLE_M2,ADD_M2_M3,"M=20,20,20,20,|T=0,0,0,0,|B=2,15,1,50;3,15,1,50;",4.90530203367961,1.89062202318921,0,1,1
97,synchronous,DOUBLE_M2,ADD_M1_M2,"M=20,20,20,20,|T=0,0,0,0,|B=1,15,1,50;2,15,1,50;",4.90530203367961,1.89062202318921,0,1,0
97,synchronous,DOUBLE_M2,ADD_M1_M3,"M=20,20,20,20,|T=0,0,0,0,|B=1,15,1,50;3,15,1,50;",5.947833381418,2.9331533709276,0,0,1
97,synchronous,DOUBLE_M2,DOUBLE_M3,"M=20,20,20,20,|T=0,0,0,0,|B=3,15,1,50;3,15,1,50;",6.32893601351594,3.31425600302554,0,0,1
97,synchronous,DOUBLE_M2,DOUBLE_M1,"M=20,20,20,20,|T=0,0,0,0,|B=1,15,1,50;1,15,1,50;",6.32893601351594,3.31425600302554,0,0,0
97,asynchronous,DOUBLE_M2,DOUBLE_M2,"M=20,20,20,20,|T=0,0,0,0,|B=2,15,1,50;2,15,1,50;",3.0146800104904,0,1,1,0
97,asynchronous,DOUBLE_M2,ADD_M2_M3,"M=20,20,20,20,|T=0,0,0,0,|B=2,15,1,50;3,15,1,50;",4.90530203367961,1.89062202318921,0,1,1
97,asynchronous,DOUBLE_M2,ADD_M1_M2,"M=20,20,20,20,|T=0,0,0,0,|B=1,15,1,50;2,15,1,50;",4.90530203367961,1.89062202318921,0,1,0
97,asynchronous,DOUBLE_M2,ADD_M1_M3,"M=20,20,20,20,|T=0,0,0,0,|B=1,15,1,50;3,15,1,50;",5.947833381418,2.9331533709276,0,0,1
97,asynchronous,DOUBLE_M2,DOUBLE_M3,"M=20,20,20,20,|T=0,0,0,0,|B=3,15,1,50;3,15,1,50;",6.32893601351594,3.31425600302554,0,0,1
97,asynchronous,DOUBLE_M2,DOUBLE_M1,"M=20,20,20,20,|T=0,0,0,0,|B=1,15,1,50;1,15,1,50;",6.32893601351594,3.31425600302554,0,0,0
97,high_noise,DOUBLE_M2,DOUBLE_M2,"M=20,20,20,20,|T=0,0,0,0,|B=2,15,1,50;2,15,1,50;",3.0146800104904,0,1,1,0
97,high_noise,DOUBLE_M2,ADD_M2_M3,"M=20,20,20,20,|T=0,0,0,0,|B=2,15,1,50;3,15,1,50;",4.90530203367961,1.89062202318921,0,1,1
97,high_noise,DOUBLE_M2,ADD_M1_M2,"M=20,20,20,20,|T=0,0,0,0,|B=1,15,1,50;2,15,1,50;",4.90530203367961,1.89062202318921,0,1,0
97,high_noise,DOUBLE_M2,ADD_M1_M3,"M=20,20,20,20,|T=0,0,0,0,|B=1,15,1,50;3,15,1,50;",5.947833381418,2.9331533709276,0,0,1
97,high_noise,DOUBLE_M2,DOUBLE_M3,"M=20,20,20,20,|T=0,0,0,0,|B=3,15,1,50;3,15,1,50;",6.32893601351594,3.31425600302554,0,0,1
97,high_noise,DOUBLE_M2,DOUBLE_M1,"M=20,20,20,20,|T=0,0,0,0,|B=1,15,1,50;1,15,1,50;",6.32893601351594,3.31425600302554,0,0,0
98,synchronous,DOUBLE_M2,DOUBLE_M2,"M=20,20,20,20,|T=0,0,0,0,|B=2,15,1,50;2,15,1,50;",2.00307942258446,0,1,1,1
98,synchronous,DOUBLE_M2,ADD_M2_M3,"M=20,20,20,20,|T=0,0,0,0,|B=2,15,1,50;3,15,1,50;",4.62006415868255,2.61698473609808,0,1,0
98,synchronous,DOUBLE_M2,ADD_M1_M2,"M=20,20,20,20,|T=0,0,0,0,|B=1,15,1,50;2,15,1,50;",4.62006415868255,2.61698473609808,0,1,1
98,synchronous,DOUBLE_M2,DOUBLE_M1,"M=20,20,20,20,|T=0,0,0,0,|B=1,15,1,50;1,15,1,50;",6.16683284239982,4.16375341981535,0,0,1
98,synchronous,DOUBLE_M2,ADD_M1_M3,"M=20,20,20,20,|T=0,0,0,0,|B=1,15,1,50;3,15,1,50;",5.80891255712982,3.80583313454536,0,0,0
98,synchronous,DOUBLE_M2,DOUBLE_M3,"M=20,20,20,20,|T=0,0,0,0,|B=3,15,1,50;3,15,1,50;",6.16683284239982,4.16375341981535,0,0,0
98,asynchronous,DOUBLE_M2,DOUBLE_M2,"M=20,20,20,20,|T=0,0,0,0,|B=2,15,1,50;2,15,1,50;",2.00307942258446,0,1,1,1
98,asynchronous,DOUBLE_M2,ADD_M2_M3,"M=20,20,20,20,|T=0,0,0,0,|B=2,15,1,50;3,15,1,50;",4.62006415868255,2.61698473609808,0,1,0
98,asynchronous,DOUBLE_M2,ADD_M1_M2,"M=20,20,20,20,|T=0,0,0,0,|B=1,15,1,50;2,15,1,50;",4.62006415868255,2.61698473609808,0,1,1
98,asynchronous,DOUBLE_M2,DOUBLE_M1,"M=20,20,20,20,|T=0,0,0,0,|B=1,15,1,50;1,15,1,50;",6.16683284239982,4.16375341981535,0,0,1
98,asynchronous,DOUBLE_M2,ADD_M1_M3,"M=20,20,20,20,|T=0,0,0,0,|B=1,15,1,50;3,15,1,50;",5.80891255712982,3.80583313454536,0,0,0
98,asynchronous,DOUBLE_M2,DOUBLE_M3,"M=20,20,20,20,|T=0,0,0,0,|B=3,15,1,50;3,15,1,50;",6.16683284239982,4.16375341981535,0,0,0
98,high_noise,DOUBLE_M2,DOUBLE_M2,"M=20,20,20,20,|T=0,0,0,0,|B=2,15,1,50;2,15,1,50;",2.00307942258446,0,1,1,1
98,high_noise,DOUBLE_M2,ADD_M2_M3,"M=20,20,20,20,|T=0,0,0,0,|B=2,15,1,50;3,15,1,50;",4.62006415868255,2.61698473609808,0,1,0
98,high_noise,DOUBLE_M2,ADD_M1_M2,"M=20,20,20,20,|T=0,0,0,0,|B=1,15,1,50;2,15,1,50;",4.62006415868255,2.61698473609808,0,1,1
98,high_noise,DOUBLE_M2,DOUBLE_M1,"M=20,20,20,20,|T=0,0,0,0,|B=1,15,1,50;1,15,1,50;",6.16683284239982,4.16375341981535,0,0,1
98,high_noise,DOUBLE_M2,ADD_M1_M3,"M=20,20,20,20,|T=0,0,0,0,|B=1,15,1,50;3,15,1,50;",5.80891255712982,3.80583313454536,0,0,0
98,high_noise,DOUBLE_M2,DOUBLE_M3,"M=20,20,20,20,|T=0,0,0,0,|B=3,15,1,50;3,15,1,50;",6.16683284239982,4.16375341981535,0,0,0
99,synchronous,DOUBLE_M2,DOUBLE_M2,"M=20,20,20,20,|T=0,0,0,0,|B=2,15,1,50;2,15,1,50;",3.39074849063121,0,1,1,0
99,synchronous,DOUBLE_M2,ADD_M2_M3,"M=20,20,20,20,|T=0,0,0,0,|B=2,15,1,50;3,15,1,50;",5.05465202558607,1.66390353495486,0,1,1
99,synchronous,DOUBLE_M2,ADD_M1_M2,"M=20,20,20,20,|T=0,0,0,0,|B=1,15,1,50;2,15,1,50;",5.05465202558607,1.66390353495486,0,1,0
99,synchronous,DOUBLE_M2,DOUBLE_M1,"M=20,20,20,20,|T=0,0,0,0,|B=1,15,1,50;1,15,1,50;",6.27091427695224,2.88016578632103,0,0,0
99,synchronous,DOUBLE_M2,ADD_M1_M3,"M=20,20,20,20,|T=0,0,0,0,|B=1,15,1,50;3,15,1,50;",6.03476465563941,2.6440161650082,0,0,1
99,synchronous,DOUBLE_M2,DOUBLE_M3,"M=20,20,20,20,|T=0,0,0,0,|B=3,15,1,50;3,15,1,50;",6.27091427695224,2.88016578632103,0,0,1
99,asynchronous,DOUBLE_M2,DOUBLE_M2,"M=20,20,20,20,|T=0,0,0,0,|B=2,15,1,50;2,15,1,50;",3.39074849063121,0,1,1,0
99,asynchronous,DOUBLE_M2,ADD_M2_M3,"M=20,20,20,20,|T=0,0,0,0,|B=2,15,1,50;3,15,1,50;",5.05465202558607,1.66390353495486,0,0,1
99,asynchronous,DOUBLE_M2,ADD_M1_M2,"M=20,20,20,20,|T=0,0,0,0,|B=1,15,1,50;2,15,1,50;",5.05465202558607,1.66390353495486,0,1,0
99,asynchronous,DOUBLE_M2,DOUBLE_M1,"M=20,20,20,20,|T=0,0,0,0,|B=1,15,1,50;1,15,1,50;",6.27091427695224,2.88016578632103,0,1,0
99,asynchronous,DOUBLE_M2,ADD_M1_M3,"M=20,20,20,20,|T=0,0,0,0,|B=1,15,1,50;3,15,1,50;",6.03476465563941,2.6440161650082,0,0,1
99,asynchronous,DOUBLE_M2,DOUBLE_M3,"M=20,20,20,20,|T=0,0,0,0,|B=3,15,1,50;3,15,1,50;",6.27091427695224,2.88016578632103,0,0,1
99,high_noise,DOUBLE_M2,DOUBLE_M2,"M=20,20,20,20,|T=0,0,0,0,|B=2,15,1,50;2,15,1,50;",3.39074849063121,0,1,1,0
99,high_noise,DOUBLE_M2,ADD_M2_M3,"M=20,20,20,20,|T=0,0,0,0,|B=2,15,1,50;3,15,1,50;",5.05465202558607,1.66390353495486,0,0,1
99,high_noise,DOUBLE_M2,ADD_M1_M2,"M=20,20,20,20,|T=0,0,0,0,|B=1,15,1,50;2,15,1,50;",5.05465202558607,1.66390353495486,0,1,0
99,high_noise,DOUBLE_M2,DOUBLE_M1,"M=20,20,20,20,|T=0,0,0,0,|B=1,15,1,50;1,15,1,50;",6.27091427695224,2.88016578632103,0,1,0
99,high_noise,DOUBLE_M2,ADD_M1_M3,"M=20,20,20,20,|T=0,0,0,0,|B=1,15,1,50;3,15,1,50;",6.03476465563941,2.6440161650082,0,0,1
99,high_noise,DOUBLE_M2,DOUBLE_M3,"M=20,20,20,20,|T=0,0,0,0,|B=3,15,1,50;3,15,1,50;",6.27091427695224,2.88016578632103,0,0,1
100,synchronous,DOUBLE_M2,DOUBLE_M2,"M=20,20,20,20,|T=0,0,0,0,|B=2,15,1,50;2,15,1,50;",3.99327154167358,0,1,1,0
100,synchronous,DOUBLE_M2,ADD_M2_M3,"M=20,20,20,20,|T=0,0,0,0,|B=2,15,1,50;3,15,1,50;",5.27676421379035,1.28349267211677,0,1,1
100,synchronous,DOUBLE_M2,ADD_M1_M2,"M=20,20,20,20,|T=0,0,0,0,|B=1,15,1,50;2,15,1,50;",5.27676421379035,1.28349267211677,0,1,1
100,synchronous,DOUBLE_M2,ADD_M1_M3,"M=20,20,20,20,|T=0,0,0,0,|B=1,15,1,50;3,15,1,50;",6.20785100414695,2.21457946247337,0,0,1
100,synchronous,DOUBLE_M2,DOUBLE_M3,"M=20,20,20,20,|T=0,0,0,0,|B=3,15,1,50;3,15,1,50;",6.49468283034449,2.50141128867091,0,0,0
100,synchronous,DOUBLE_M2,DOUBLE_M1,"M=20,20,20,20,|T=0,0,0,0,|B=1,15,1,50;1,15,1,50;",6.49468283034449,2.50141128867091,0,0,0
100,asynchronous,DOUBLE_M2,DOUBLE_M2,"M=20,20,20,20,|T=0,0,0,0,|B=2,15,1,50;2,15,1,50;",3.99327154167358,0,1,1,0
100,asynchronous,DOUBLE_M2,ADD_M2_M3,"M=20,20,20,20,|T=0,0,0,0,|B=2,15,1,50;3,15,1,50;",5.27676421379035,1.28349267211677,0,1,1
100,asynchronous,DOUBLE_M2,ADD_M1_M2,"M=20,20,20,20,|T=0,0,0,0,|B=1,15,1,50;2,15,1,50;",5.27676421379035,1.28349267211677,0,1,1
100,asynchronous,DOUBLE_M2,ADD_M1_M3,"M=20,20,20,20,|T=0,0,0,0,|B=1,15,1,50;3,15,1,50;",6.20785100414695,2.21457946247337,0,0,1
100,asynchronous,DOUBLE_M2,DOUBLE_M3,"M=20,20,20,20,|T=0,0,0,0,|B=3,15,1,50;3,15,1,50;",6.49468283034449,2.50141128867091,0,0,0
100,asynchronous,DOUBLE_M2,DOUBLE_M1,"M=20,20,20,20,|T=0,0,0,0,|B=1,15,1,50;1,15,1,50;",6.49468283034449,2.50141128867091,0,0,0
100,high_noise,DOUBLE_M2,DOUBLE_M2,"M=20,20,20,20,|T=0,0,0,0,|B=2,15,1,50;2,15,1,50;",3.99327154167358,0,1,1,0
100,high_noise,DOUBLE_M2,ADD_M2_M3,"M=20,20,20,20,|T=0,0,0,0,|B=2,15,1,50;3,15,1,50;",5.27676421379035,1.28349267211677,0,1,1
100,high_noise,DOUBLE_M2,ADD_M1_M2,"M=20,20,20,20,|T=0,0,0,0,|B=1,15,1,50;2,15,1,50;",5.27676421379035,1.28349267211677,0,1,1
100,high_noise,DOUBLE_M2,ADD_M1_M3,"M=20,20,20,20,|T=0,0,0,0,|B=1,15,1,50;3,15,1,50;",6.20785100414695,2.21457946247337,0,0,1
100,high_noise,DOUBLE_M2,DOUBLE_M3,"M=20,20,20,20,|T=0,0,0,0,|B=3,15,1,50;3,15,1,50;",6.49468283034449,2.50141128867091,0,0,0
100,high_noise,DOUBLE_M2,DOUBLE_M1,"M=20,20,20,20,|T=0,0,0,0,|B=1,15,1,50;1,15,1,50;",6.49468283034449,2.50141128867091,0,0,0
101,synchronous,DOUBLE_M2,DOUBLE_M2,"M=20,20,20,20,|T=0,0,0,0,|B=2,15,1,50;2,15,1,50;",3.8503147085761,0,1,1,1
101,synchronous,DOUBLE_M2,ADD_M2_M3,"M=20,20,20,20,|T=0,0,0,0,|B=2,15,1,50;3,15,1,50;",5.24522077887539,1.39490607029929,0,1,0
101,synchronous,DOUBLE_M2,ADD_M1_M2,"M=20,20,20,20,|T=0,0,0,0,|B=1,15,1,50;2,15,1,50;",5.24522077887539,1.39490607029929,0,1,0
101,synchronous,DOUBLE_M2,DOUBLE_M1,"M=20,20,20,20,|T=0,0,0,0,|B=1,15,1,50;1,15,1,50;",6.42256687095227,2.57225216237617,0,0,1
101,synchronous,DOUBLE_M2,ADD_M1_M3,"M=20,20,20,20,|T=0,0,0,0,|B=1,15,1,50;3,15,1,50;",6.12681333258242,2.27649862400632,0,0,1
101,synchronous,DOUBLE_M2,DOUBLE_M3,"M=20,20,20,20,|T=0,0,0,0,|B=3,15,1,50;3,15,1,50;",6.42256687095227,2.57225216237617,0,0,0
101,asynchronous,DOUBLE_M2,DOUBLE_M2,"M=20,20,20,20,|T=0,0,0,0,|B=2,15,1,50;2,15,1,50;",3.8503147085761,0,1,1,1
101,asynchronous,DOUBLE_M2,ADD_M2_M3,"M=20,20,20,20,|T=0,0,0,0,|B=2,15,1,50;3,15,1,50;",5.24522077887539,1.39490607029929,0,1,0
101,asynchronous,DOUBLE_M2,ADD_M1_M2,"M=20,20,20,20,|T=0,0,0,0,|B=1,15,1,50;2,15,1,50;",5.24522077887539,1.39490607029929,0,1,0
101,asynchronous,DOUBLE_M2,DOUBLE_M1,"M=20,20,20,20,|T=0,0,0,0,|B=1,15,1,50;1,15,1,50;",6.42256687095227,2.57225216237617,0,0,1
101,asynchronous,DOUBLE_M2,ADD_M1_M3,"M=20,20,20,20,|T=0,0,0,0,|B=1,15,1,50;3,15,1,50;",6.12681333258242,2.27649862400632,0,0,1
101,asynchronous,DOUBLE_M2,DOUBLE_M3,"M=20,20,20,20,|T=0,0,0,0,|B=3,15,1,50;3,15,1,50;",6.42256687095227,2.57225216237617,0,0,0
101,high_noise,DOUBLE_M2,DOUBLE_M2,"M=20,20,20,20,|T=0,0,0,0,|B=2,15,1,50;2,15,1,50;",3.8503147085761,0,1,1,1
101,high_noise,DOUBLE_M2,ADD_M2_M3,"M=20,20,20,20,|T=0,0,0,0,|B=2,15,1,50;3,15,1,50;",5.24522077887539,1.39490607029929,0,1,0
101,high_noise,DOUBLE_M2,ADD_M1_M2,"M=20,20,20,20,|T=0,0,0,0,|B=1,15,1,50;2,15,1,50;",5.24522077887539,1.39490607029929,0,1,0
101,high_noise,DOUBLE_M2,DOUBLE_M1,"M=20,20,20,20,|T=0,0,0,0,|B=1,15,1,50;1,15,1,50;",6.42256687095227,2.57225216237617,0,0,1
101,high_noise,DOUBLE_M2,ADD_M1_M3,"M=20,20,20,20,|T=0,0,0,0,|B=1,15,1,50;3,15,1,50;",6.12681333258242,2.27649862400632,0,0,1
101,high_noise,DOUBLE_M2,DOUBLE_M3,"M=20,20,20,20,|T=0,0,0,0,|B=3,15,1,50;3,15,1,50;",6.42256687095227,2.57225216237617,0,0,0
102,synchronous,DOUBLE_M2,DOUBLE_M2,"M=20,20,20,20,|T=0,0,0,0,|B=2,15,1,50;2,15,1,50;",1.83182273783242,0,1,1,1
102,synchronous,DOUBLE_M2,ADD_M2_M3,"M=20,20,20,20,|T=0,0,0,0,|B=2,15,1,50;3,15,1,50;",4.41389474770843,2.58207200987601,0,1,0
102,synchronous,DOUBLE_M2,ADD_M1_M2,"M=20,20,20,20,|T=0,0,0,0,|B=1,15,1,50;2,15,1,50;",4.41389474770843,2.58207200987601,0,1,0
102,synchronous,DOUBLE_M2,DOUBLE_M1,"M=20,20,20,20,|T=0,0,0,0,|B=1,15,1,50;1,15,1,50;",5.97293811945744,4.14111538162501,0,0,1
102,synchronous,DOUBLE_M2,ADD_M1_M3,"M=20,20,20,20,|T=0,0,0,0,|B=1,15,1,50;3,15,1,50;",5.60635722532499,3.77453448749257,0,0,0
102,synchronous,DOUBLE_M2,DOUBLE_M3,"M=20,20,20,20,|T=0,0,0,0,|B=3,15,1,50;3,15,1,50;",5.97293811945744,4.14111538162501,0,0,1
102,asynchronous,DOUBLE_M2,DOUBLE_M2,"M=20,20,20,20,|T=0,0,0,0,|B=2,15,1,50;2,15,1,50;",1.83182273783242,0,1,1,1
102,asynchronous,DOUBLE_M2,ADD_M2_M3,"M=20,20,20,20,|T=0,0,0,0,|B=2,15,1,50;3,15,1,50;",4.41389474770843,2.58207200987601,0,0,0
102,asynchronous,DOUBLE_M2,ADD_M1_M2,"M=20,20,20,20,|T=0,0,0,0,|B=1,15,1,50;2,15,1,50;",4.41389474770843,2.58207200987601,0,1,0
102,asynchronous,DOUBLE_M2,DOUBLE_M1,"M=20,20,20,20,|T=0,0,0,0,|B=1,15,1,50;1,15,1,50;",5.97293811945744,4.14111538162501,0,1,1
102,asynchronous,DOUBLE_M2,ADD_M1_M3,"M=20,20,20,20,|T=0,0,0,0,|B=1,15,1,50;3,15,1,50;",5.60635722532499,3.77453448749257,0,0,0
102,asynchronous,DOUBLE_M2,DOUBLE_M3,"M=20,20,20,20,|T=0,0,0,0,|B=3,15,1,50;3,15,1,50;",5.97293811945744,4.14111538162501,0,0,1
102,high_noise,DOUBLE_M2,DOUBLE_M2,"M=20,20,20,20,|T=0,0,0,0,|B=2,15,1,50;2,15,1,50;",1.83182273783242,0,1,1,1
102,high_noise,DOUBLE_M2,ADD_M2_M3,"M=20,20,20,20,|T=0,0,0,0,|B=2,15,1,50;3,15,1,50;",4.41389474770843,2.58207200987601,0,0,0
102,high_noise,DOUBLE_M2,ADD_M1_M2,"M=20,20,20,20,|T=0,0,0,0,|B=1,15,1,50;2,15,1,50;",4.41389474770843,2.58207200987601,0,1,0
102,high_noise,DOUBLE_M2,DOUBLE_M1,"M=20,20,20,20,|T=0,0,0,0,|B=1,15,1,50;1,15,1,50;",5.97293811945744,4.14111538162501,0,1,1
102,high_noise,DOUBLE_M2,ADD_M1_M3,"M=20,20,20,20,|T=0,0,0,0,|B=1,15,1,50;3,15,1,50;",5.60635722532499,3.77453448749257,0,0,0
102,high_noise,DOUBLE_M2,DOUBLE_M3,"M=20,20,20,20,|T=0,0,0,0,|B=3,15,1,50;3,15,1,50;",5.97293811945744,4.14111538162501,0,0,1
103,synchronous,DOUBLE_M2,DOUBLE_M2,"M=20,20,20,20,|T=0,0,0,0,|B=2,15,1,50;2,15,1,50;",4.52060483774711,0,1,1,0
103,synchronous,DOUBLE_M2,ADD_M2_M3,"M=20,20,20,20,|T=0,0,0,0,|B=2,15,1,50;3,15,1,50;",5.66379932512624,1.14319448737913,0,1,1
103,synchronous,DOUBLE_M2,ADD_M1_M2,"M=20,20,20,20,|T=0,0,0,0,|B=1,15,1,50;2,15,1,50;",5.66379932512623,1.14319448737913,0,1,0
103,synchronous,DOUBLE_M2,DOUBLE_M1,"M=20,20,20,20,|T=0,0,0,0,|B=1,15,1,50;1,15,1,50;",6.77910149773483,2.25849665998773,0,0,1
103,synchronous,DOUBLE_M2,ADD_M1_M3,"M=20,20,20,20,|T=0,0,0,0,|B=1,15,1,50;3,15,1,50;",6.52255045297661,2.0019456152295,0,0,0
103,synchronous,DOUBLE_M2,DOUBLE_M3,"M=20,20,20,20,|T=0,0,0,0,|B=3,15,1,50;3,15,1,50;",6.77910149773483,2.25849665998773,0,0,1
103,asynchronous,DOUBLE_M2,DOUBLE_M2,"M=20,20,20,20,|T=0,0,0,0,|B=2,15,1,50;2,15,1,50;",4.52060483774711,0,1,1,0
103,asynchronous,DOUBLE_M2,ADD_M2_M3,"M=20,20,20,20,|T=0,0,0,0,|B=2,15,1,50;3,15,1,50;",5.66379932512624,1.14319448737913,0,0,1
103,asynchronous,DOUBLE_M2,ADD_M1_M2,"M=20,20,20,20,|T=0,0,0,0,|B=1,15,1,50;2,15,1,50;",5.66379932512623,1.14319448737913,0,1,0
103,asynchronous,DOUBLE_M2,DOUBLE_M1,"M=20,20,20,20,|T=0,0,0,0,|B=1,15,1,50;1,15,1,50;",6.77910149773483,2.25849665998773,0,1,1
103,asynchronous,DOUBLE_M2,ADD_M1_M3,"M=20,20,20,20,|T=0,0,0,0,|B=1,15,1,50;3,15,1,50;",6.52255045297661,2.0019456152295,0,0,0
103,asynchronous,DOUBLE_M2,DOUBLE_M3,"M=20,20,20,20,|T=0,0,0,0,|B=3,15,1,50;3,15,1,50;",6.77910149773483,2.25849665998773,0,0,1
103,high_noise,DOUBLE_M2,DOUBLE_M2,"M=20,20,20,20,|T=0,0,0,0,|B=2,15,1,50;2,15,1,50;",4.52060483774711,0,1,1,0
103,high_noise,DOUBLE_M2,ADD_M2_M3,"M=20,20,20,20,|T=0,0,0,0,|B=2,15,1,50;3,15,1,50;",5.66379932512624,1.14319448737913,0,0,1
103,high_noise,DOUBLE_M2,ADD_M1_M2,"M=20,20,20,20,|T=0,0,0,0,|B=1,15,1,50;2,15,1,50;",5.66379932512623,1.14319448737913,0,1,0
103,high_noise,DOUBLE_M2,DOUBLE_M1,"M=20,20,20,20,|T=0,0,0,0,|B=1,15,1,50;1,15,1,50;",6.77910149773483,2.25849665998773,0,1,1
103,high_noise,DOUBLE_M2,ADD_M1_M3,"M=20,20,20,20,|T=0,0,0,0,|B=1,15,1,50;3,15,1,50;",6.52255045297661,2.0019456152295,0,0,0
103,high_noise,DOUBLE_M2,DOUBLE_M3,"M=20,20,20,20,|T=0,0,0,0,|B=3,15,1,50;3,15,1,50;",6.77910149773483,2.25849665998773,0,0,1
104,synchronous,DOUBLE_M2,DOUBLE_M2,"M=20,20,20,20,|T=0,0,0,0,|B=2,15,1,50;2,15,1,50;",1.65185090014235,0,1,1,1
104,synchronous,DOUBLE_M2,ADD_M2_M3,"M=20,20,20,20,|T=0,0,0,0,|B=2,15,1,50;3,15,1,50;",4.49091594119424,2.83906504105189,0,1,1
104,synchronous,DOUBLE_M2,ADD_M1_M2,"M=20,20,20,20,|T=0,0,0,0,|B=1,15,1,50;2,15,1,50;",4.49091594119424,2.83906504105189,0,1,0
104,synchronous,DOUBLE_M2,DOUBLE_M3,"M=20,20,20,20,|T=0,0,0,0,|B=3,15,1,50;3,15,1,50;",5.92334133499551,4.27149043485316,0,0,1
104,synchronous,DOUBLE_M2,ADD_M1_M3,"M=20,20,20,20,|T=0,0,0,0,|B=1,15,1,50;3,15,1,50;",5.615156831709,3.96330593156665,0,0,0
104,synchronous,DOUBLE_M2,DOUBLE_M1,"M=20,20,20,20,|T=0,0,0,0,|B=1,15,1,50;1,15,1,50;",5.92334133499551,4.27149043485316,0,0,0
104,asynchronous,DOUBLE_M2,DOUBLE_M2,"M=20,20,20,20,|T=0,0,0,0,|B=2,15,1,50;2,15,1,50;",1.65185090014235,0,1,0,1
104,asynchronous,DOUBLE_M2,ADD_M2_M3,"M=20,20,20,20,|T=0,0,0,0,|B=2,15,1,50;3,15,1,50;",4.49091594119424,2.83906504105189,0,0,1
104,asynchronous,DOUBLE_M2,ADD_M1_M2,"M=20,20,20,20,|T=0,0,0,0,|B=1,15,1,50;2,15,1,50;",4.49091594119424,2.83906504105189,0,1,0
104,asynchronous,DOUBLE_M2,DOUBLE_M3,"M=20,20,20,20,|T=0,0,0,0,|B=3,15,1,50;3,15,1,50;",5.92334133499551,4.27149043485316,0,0,1
104,asynchronous,DOUBLE_M2,ADD_M1_M3,"M=20,20,20,20,|T=0,0,0,0,|B=1,15,1,50;3,15,1,50;",5.615156831709,3.96330593156665,0,1,0
104,asynchronous,DOUBLE_M2,DOUBLE_M1,"M=20,20,20,20,|T=0,0,0,0,|B=1,15,1,50;1,15,1,50;",5.92334133499551,4.27149043485316,0,1,0
104,high_noise,DOUBLE_M2,DOUBLE_M2,"M=20,20,20,20,|T=0,0,0,0,|B=2,15,1,50;2,15,1,50;",1.65185090014235,0,1,0,1
104,high_noise,DOUBLE_M2,ADD_M2_M3,"M=20,20,20,20,|T=0,0,0,0,|B=2,15,1,50;3,15,1,50;",4.49091594119424,2.83906504105189,0,0,1
104,high_noise,DOUBLE_M2,ADD_M1_M2,"M=20,20,20,20,|T=0,0,0,0,|B=1,15,1,50;2,15,1,50;",4.49091594119424,2.83906504105189,0,1,0
104,high_noise,DOUBLE_M2,DOUBLE_M3,"M=20,20,20,20,|T=0,0,0,0,|B=3,15,1,50;3,15,1,50;",5.92334133499551,4.27149043485316,0,0,1
104,high_noise,DOUBLE_M2,ADD_M1_M3,"M=20,20,20,20,|T=0,0,0,0,|B=1,15,1,50;3,15,1,50;",5.615156831709,3.96330593156665,0,1,0
104,high_noise,DOUBLE_M2,DOUBLE_M1,"M=20,20,20,20,|T=0,0,0,0,|B=1,15,1,50;1,15,1,50;",5.92334133499551,4.27149043485316,0,1,0
105,synchronous,DOUBLE_M2,DOUBLE_M2,"M=20,20,20,20,|T=0,0,0,0,|B=2,15,1,50;2,15,1,50;",2.47290505636835,0,1,1,1
105,synchronous,DOUBLE_M2,ADD_M2_M3,"M=20,20,20,20,|T=0,0,0,0,|B=2,15,1,50;3,15,1,50;",4.63576954798899,2.16286449162064,0,1,0
105,synchronous,DOUBLE_M2,ADD_M1_M2,"M=20,20,20,20,|T=0,0,0,0,|B=1,15,1,50;2,15,1,50;",4.63576954798899,2.16286449162064,0,1,0
105,synchronous,DOUBLE_M2,ADD_M1_M3,"M=20,20,20,20,|T=0,0,0,0,|B=1,15,1,50;3,15,1,50;",5.73709001504333,3.26418495867498,0,0,1
105,synchronous,DOUBLE_M2,DOUBLE_M3,"M=20,20,20,20,|T=0,0,0,0,|B=3,15,1,50;3,15,1,50;",6.09049009600697,3.61758503963862,0,0,0
105,synchronous,DOUBLE_M2,DOUBLE_M1,"M=20,20,20,20,|T=0,0,0,0,|B=1,15,1,50;1,15,1,50;",6.09049009600697,3.61758503963862,0,0,1
105,asynchronous,DOUBLE_M2,DOUBLE_M2,"M=20,20,20,20,|T=0,0,0,0,|B=2,15,1,50;2,15,1,50;",2.47290505636835,0,1,1,1
105,asynchronous,DOUBLE_M2,ADD_M2_M3,"M=20,20,20,20,|T=0,0,0,0,|B=2,15,1,50;3,15,1,50;",4.63576954798899,2.16286449162064,0,1,0
105,asynchronous,DOUBLE_M2,ADD_M1_M2,"M=20,20,20,20,|T=0,0,0,0,|B=1,15,1,50;2,15,1,50;",4.63576954798899,2.16286449162064,0,1,0
105,asynchronous,DOUBLE_M2,ADD_M1_M3,"M=20,20,20,20,|T=0,0,0,0,|B=1,15,1,50;3,15,1,50;",5.73709001504333,3.26418495867498,0,0,1
105,asynchronous,DOUBLE_M2,DOUBLE_M3,"M=20,20,20,20,|T=0,0,0,0,|B=3,15,1,50;3,15,1,50;",6.09049009600697,3.61758503963862,0,0,0
105,asynchronous,DOUBLE_M2,DOUBLE_M1,"M=20,20,20,20,|T=0,0,0,0,|B=1,15,1,50;1,15,1,50;",6.09049009600697,3.61758503963862,0,0,1
105,high_noise,DOUBLE_M2,DOUBLE_M2,"M=20,20,20,20,|T=0,0,0,0,|B=2,15,1,50;2,15,1,50;",2.47290505636835,0,1,1,1
105,high_noise,DOUBLE_M2,ADD_M2_M3,"M=20,20,20,20,|T=0,0,0,0,|B=2,15,1,50;3,15,1,50;",4.63576954798899,2.16286449162064,0,1,0
105,high_noise,DOUBLE_M2,ADD_M1_M2,"M=20,20,20,20,|T=0,0,0,0,|B=1,15,1,50;2,15,1,50;",4.63576954798899,2.16286449162064,0,1,0
105,high_noise,DOUBLE_M2,ADD_M1_M3,"M=20,20,20,20,|T=0,0,0,0,|B=1,15,1,50;3,15,1,50;",5.73709001504333,3.26418495867498,0,0,1
105,high_noise,DOUBLE_M2,DOUBLE_M3,"M=20,20,20,20,|T=0,0,0,0,|B=3,15,1,50;3,15,1,50;",6.09049009600697,3.61758503963862,0,0,0
105,high_noise,DOUBLE_M2,DOUBLE_M1,"M=20,20,20,20,|T=0,0,0,0,|B=1,15,1,50;1,15,1,50;",6.09049009600697,3.61758503963862,0,0,1
106,synchronous,DOUBLE_M2,DOUBLE_M2,"M=20,20,20,20,|T=0,0,0,0,|B=2,15,1,50;2,15,1,50;",1.74263872731064,0,1,1,1
106,synchronous,DOUBLE_M2,ADD_M2_M3,"M=20,20,20,20,|T=0,0,0,0,|B=2,15,1,50;3,15,1,50;",4.47126322026864,2.728624492958,0,1,0
106,synchronous,DOUBLE_M2,ADD_M1_M2,"M=20,20,20,20,|T=0,0,0,0,|B=1,15,1,50;2,15,1,50;",4.47126322026864,2.728624492958,0,1,1
106,synchronous,DOUBLE_M2,DOUBLE_M1,"M=20,20,20,20,|T=0,0,0,0,|B=1,15,1,50;1,15,1,50;",5.89837923751287,4.15574051020223,0,0,0
106,synchronous,DOUBLE_M2,ADD_M1_M3,"M=20,20,20,20,|T=0,0,0,0,|B=1,15,1,50;3,15,1,50;",5.59263956434529,3.85000083703465,0,0,0
106,synchronous,DOUBLE_M2,DOUBLE_M3,"M=20,20,20,20,|T=0,0,0,0,|B=3,15,1,50;3,15,1,50;",5.89837923751287,4.15574051020223,0,0,1
106,asynchronous,DOUBLE_M2,DOUBLE_M2,"M=20,20,20,20,|T=0,0,0,0,|B=2,15,1,50;2,15,1,50;",1.74263872731064,0,1,1,1
106,asynchronous,DOUBLE_M2,ADD_M2_M3,"M=20,20,20,20,|T=0,0,0,0,|B=2,15,1,50;3,15,1,50;",4.47126322026864,2.728624492958,0,1,0
106,asynchronous,DOUBLE_M2,ADD_M1_M2,"M=20,20,20,20,|T=0,0,0,0,|B=1,15,1,50;2,15,1,50;",4.47126322026864,2.728624492958,0,1,1
106,asynchronous,DOUBLE_M2,DOUBLE_M1,"M=20,20,20,20,|T=0,0,0,0,|B=1,15,1,50;1,15,1,50;",5.89837923751287,4.15574051020223,0,0,0
106,asynchronous,DOUBLE_M2,ADD_M1_M3,"M=20,20,20,20,|T=0,0,0,0,|B=1,15,1,50;3,15,1,50;",5.59263956434529,3.85000083703465,0,0,0
106,asynchronous,DOUBLE_M2,DOUBLE_M3,"M=20,20,20,20,|T=0,0,0,0,|B=3,15,1,50;3,15,1,50;",5.89837923751287,4.15574051020223,0,0,1
106,high_noise,DOUBLE_M2,DOUBLE_M2,"M=20,20,20,20,|T=0,0,0,0,|B=2,15,1,50;2,15,1,50;",1.74263872731064,0,1,1,1
106,high_noise,DOUBLE_M2,ADD_M2_M3,"M=20,20,20,20,|T=0,0,0,0,|B=2,15,1,50;3,15,1,50;",4.47126322026864,2.728624492958,0,1,0
106,high_noise,DOUBLE_M2,ADD_M1_M2,"M=20,20,20,20,|T=0,0,0,0,|B=1,15,1,50;2,15,1,50;",4.47126322026864,2.728624492958,0,1,1
106,high_noise,DOUBLE_M2,DOUBLE_M1,"M=20,20,20,20,|T=0,0,0,0,|B=1,15,1,50;1,15,1,50;",5.89837923751287,4.15574051020223,0,0,0
106,high_noise,DOUBLE_M2,ADD_M1_M3,"M=20,20,20,20,|T=0,0,0,0,|B=1,15,1,50;3,15,1,50;",5.59263956434529,3.85000083703465,0,0,0
106,high_noise,DOUBLE_M2,DOUBLE_M3,"M=20,20,20,20,|T=0,0,0,0,|B=3,15,1,50;3,15,1,50;",5.89837923751287,4.15574051020223,0,0,1
107,synchronous,DOUBLE_M2,DOUBLE_M2,"M=20,20,20,20,|T=0,0,0,0,|B=2,15,1,50;2,15,1,50;",3.56965444690902,0,1,1,0
107,synchronous,DOUBLE_M2,ADD_M2_M3,"M=20,20,20,20,|T=0,0,0,0,|B=2,15,1,50;3,15,1,50;",5.07332644947019,1.50367200256117,0,1,1
107,synchronous,DOUBLE_M2,ADD_M1_M2,"M=20,20,20,20,|T=0,0,0,0,|B=1,15,1,50;2,15,1,50;",5.07332644947019,1.50367200256117,0,1,0
107,synchronous,DOUBLE_M2,ADD_M1_M3,"M=20,20,20,20,|T=0,0,0,0,|B=1,15,1,50;3,15,1,50;",6.07723350699822,2.5075790600892,0,0,0
107,synchronous,DOUBLE_M2,DOUBLE_M3,"M=20,20,20,20,|T=0,0,0,0,|B=3,15,1,50;3,15,1,50;",6.31345816514541,2.74380371823639,0,0,1
107,synchronous,DOUBLE_M2,DOUBLE_M1,"M=20,20,20,20,|T=0,0,0,0,|B=1,15,1,50;1,15,1,50;",6.31345816514541,2.74380371823639,0,0,1
107,asynchronous,DOUBLE_M2,DOUBLE_M2,"M=20,20,20,20,|T=0,0,0,0,|B=2,15,1,50;2,15,1,50;",3.56965444690902,0,1,1,0
107,asynchronous,DOUBLE_M2,ADD_M2_M3,"M=20,20,20,20,|T=0,0,0,0,|B=2,15,1,50;3,15,1,50;",5.07332644947019,1.50367200256117,0,1,1
107,asynchronous,DOUBLE_M2,ADD_M1_M2,"M=20,20,20,20,|T=0,0,0,0,|B=1,15,1,50;2,15,1,50;",5.07332644947019,1.50367200256117,0,1,0
107,asynchronous,DOUBLE_M2,ADD_M1_M3,"M=20,20,20,20,|T=0,0,0,0,|B=1,15,1,50;3,15,1,50;",6.07723350699822,2.5075790600892,0,0,0
107,asynchronous,DOUBLE_M2,DOUBLE_M3,"M=20,20,20,20,|T=0,0,0,0,|B=3,15,1,50;3,15,1,50;",6.31345816514541,2.74380371823639,0,0,1
107,asynchronous,DOUBLE_M2,DOUBLE_M1,"M=20,20,20,20,|T=0,0,0,0,|B=1,15,1,50;1,15,1,50;",6.31345816514541,2.74380371823639,0,0,1
107,high_noise,DOUBLE_M2,DOUBLE_M2,"M=20,20,20,20,|T=0,0,0,0,|B=2,15,1,50;2,15,1,50;",3.56965444690902,0,1,1,0
107,high_noise,DOUBLE_M2,ADD_M2_M3,"M=20,20,20,20,|T=0,0,0,0,|B=2,15,1,50;3,15,1,50;",5.07332644947019,1.50367200256117,0,1,1
107,high_noise,DOUBLE_M2,ADD_M1_M2,"M=20,20,20,20,|T=0,0,0,0,|B=1,15,1,50;2,15,1,50;",5.07332644947019,1.50367200256117,0,1,0
107,high_noise,DOUBLE_M2,ADD_M1_M3,"M=20,20,20,20,|T=0,0,0,0,|B=1,15,1,50;3,15,1,50;",6.07723350699822,2.5075790600892,0,0,0
107,high_noise,DOUBLE_M2,DOUBLE_M3,"M=20,20,20,20,|T=0,0,0,0,|B=3,15,1,50;3,15,1,50;",6.31345816514541,2.74380371823639,0,0,1
107,high_noise,DOUBLE_M2,DOUBLE_M1,"M=20,20,20,20,|T=0,0,0,0,|B=1,15,1,50;1,15,1,50;",6.31345816514541,2.74380371823639,0,0,1
108,synchronous,DOUBLE_M2,DOUBLE_M2,"M=20,20,20,20,|T=0,0,0,0,|B=2,15,1,50;2,15,1,50;",4.49916617821167,0,1,1,1
108,synchronous,DOUBLE_M2,ADD_M2_M3,"M=20,20,20,20,|T=0,0,0,0,|B=2,15,1,50;3,15,1,50;",5.72132570086617,1.2221595226545,0,1,1
108,synchronous,DOUBLE_M2,ADD_M1_M2,"M=20,20,20,20,|T=0,0,0,0,|B=1,15,1,50;2,15,1,50;",5.72132570086617,1.2221595226545,0,1,1
108,synchronous,DOUBLE_M2,DOUBLE_M3,"M=20,20,20,20,|T=0,0,0,0,|B=3,15,1,50;3,15,1,50;",6.83220011191681,2.33303393370514,0,0,0
108,synchronous,DOUBLE_M2,ADD_M1_M3,"M=20,20,20,20,|T=0,0,0,0,|B=1,15,1,50;3,15,1,50;",6.62447008984069,2.12530391162902,0,0,0
108,synchronous,DOUBLE_M2,DOUBLE_M1,"M=20,20,20,20,|T=0,0,0,0,|B=1,15,1,50;1,15,1,50;",6.83220011191681,2.33303393370514,0,0,0
108,asynchronous,DOUBLE_M2,DOUBLE_M2,"M=20,20,20,20,|T=0,0,0,0,|B=2,15,1,50;2,15,1,50;",4.49916617821167,0,1,1,1
108,asynchronous,DOUBLE_M2,ADD_M2_M3,"M=20,20,20,20,|T=0,0,0,0,|B=2,15,1,50;3,15,1,50;",5.72132570086617,1.2221595226545,0,1,1
108,asynchronous,DOUBLE_M2,ADD_M1_M2,"M=20,20,20,20,|T=0,0,0,0,|B=1,15,1,50;2,15,1,50;",5.72132570086617,1.2221595226545,0,1,1
108,asynchronous,DOUBLE_M2,DOUBLE_M3,"M=20,20,20,20,|T=0,0,0,0,|B=3,15,1,50;3,15,1,50;",6.83220011191681,2.33303393370514,0,0,0
108,asynchronous,DOUBLE_M2,ADD_M1_M3,"M=20,20,20,20,|T=0,0,0,0,|B=1,15,1,50;3,15,1,50;",6.62447008984069,2.12530391162902,0,0,0
108,asynchronous,DOUBLE_M2,DOUBLE_M1,"M=20,20,20,20,|T=0,0,0,0,|B=1,15,1,50;1,15,1,50;",6.83220011191681,2.33303393370514,0,0,0
108,high_noise,DOUBLE_M2,DOUBLE_M2,"M=20,20,20,20,|T=0,0,0,0,|B=2,15,1,50;2,15,1,50;",4.49916617821167,0,1,1,1
108,high_noise,DOUBLE_M2,ADD_M2_M3,"M=20,20,20,20,|T=0,0,0,0,|B=2,15,1,50;3,15,1,50;",5.72132570086617,1.2221595226545,0,1,1
108,high_noise,DOUBLE_M2,ADD_M1_M2,"M=20,20,20,20,|T=0,0,0,0,|B=1,15,1,50;2,15,1,50;",5.72132570086617,1.2221595226545,0,1,1
108,high_noise,DOUBLE_M2,DOUBLE_M3,"M=20,20,20,20,|T=0,0,0,0,|B=3,15,1,50;3,15,1,50;",6.83220011191681,2.33303393370514,0,0,0
108,high_noise,DOUBLE_M2,ADD_M1_M3,"M=20,20,20,20,|T=0,0,0,0,|B=1,15,1,50;3,15,1,50;",6.62447008984069,2.12530391162902,0,0,0
108,high_noise,DOUBLE_M2,DOUBLE_M1,"M=20,20,20,20,|T=0,0,0,0,|B=1,15,1,50;1,15,1,50;",6.83220011191681,2.33303393370514,0,0,0
109,synchronous,DOUBLE_M2,DOUBLE_M2,"M=20,20,20,20,|T=0,0,0,0,|B=2,15,1,50;2,15,1,50;",4.34033500325717,0,1,1,1
109,synchronous,DOUBLE_M2,ADD_M2_M3,"M=20,20,20,20,|T=0,0,0,0,|B=2,15,1,50;3,15,1,50;",5.51194410925067,1.1716091059935,0,1,1
109,synchronous,DOUBLE_M2,ADD_M1_M2,"M=20,20,20,20,|T=0,0,0,0,|B=1,15,1,50;2,15,1,50;",5.51194410925067,1.1716091059935,0,1,0
109,synchronous,DOUBLE_M2,DOUBLE_M1,"M=20,20,20,20,|T=0,0,0,0,|B=1,15,1,50;1,15,1,50;",6.68915188503112,2.34881688177395,0,0,0
109,synchronous,DOUBLE_M2,ADD_M1_M3,"M=20,20,20,20,|T=0,0,0,0,|B=1,15,1,50;3,15,1,50;",6.43801201611386,2.09767701285669,0,0,1
109,synchronous,DOUBLE_M2,DOUBLE_M3,"M=20,20,20,20,|T=0,0,0,0,|B=3,15,1,50;3,15,1,50;",6.68915188503112,2.34881688177395,0,0,0
109,asynchronous,DOUBLE_M2,DOUBLE_M2,"M=20,20,20,20,|T=0,0,0,0,|B=2,15,1,50;2,15,1,50;",4.34033500325717,0,1,1,1
109,asynchronous,DOUBLE_M2,ADD_M2_M3,"M=20,20,20,20,|T=0,0,0,0,|B=2,15,1,50;3,15,1,50;",5.51194410925067,1.1716091059935,0,0,1
109,asynchronous,DOUBLE_M2,ADD_M1_M2,"M=20,20,20,20,|T=0,0,0,0,|B=1,15,1,50;2,15,1,50;",5.51194410925067,1.1716091059935,0,1,0
109,asynchronous,DOUBLE_M2,DOUBLE_M1,"M=20,20,20,20,|T=0,0,0,0,|B=1,15,1,50;1,15,1,50;",6.68915188503112,2.34881688177395,0,1,0
109,asynchronous,DOUBLE_M2,ADD_M1_M3,"M=20,20,20,20,|T=0,0,0,0,|B=1,15,1,50;3,15,1,50;",6.43801201611386,2.09767701285669,0,0,1
109,asynchronous,DOUBLE_M2,DOUBLE_M3,"M=20,20,20,20,|T=0,0,0,0,|B=3,15,1,50;3,15,1,50;",6.68915188503112,2.34881688177395,0,0,0
109,high_noise,DOUBLE_M2,DOUBLE_M2,"M=20,20,20,20,|T=0,0,0,0,|B=2,15,1,50;2,15,1,50;",4.34033500325717,0,1,1,1
109,high_noise,DOUBLE_M2,ADD_M2_M3,"M=20,20,20,20,|T=0,0,0,0,|B=2,15,1,50;3,15,1,50;",5.51194410925067,1.1716091059935,0,0,1
109,high_noise,DOUBLE_M2,ADD_M1_M2,"M=20,20,20,20,|T=0,0,0,0,|B=1,15,1,50;2,15,1,50;",5.51194410925067,1.1716091059935,0,1,0
109,high_noise,DOUBLE_M2,DOUBLE_M1,"M=20,20,20,20,|T=0,0,0,0,|B=1,15,1,50;1,15,1,50;",6.68915188503112,2.34881688177395,0,1,0
109,high_noise,DOUBLE_M2,ADD_M1_M3,"M=20,20,20,20,|T=0,0,0,0,|B=1,15,1,50;3,15,1,50;",6.43801201611386,2.09767701285669,0,0,1
109,high_noise,DOUBLE_M2,DOUBLE_M3,"M=20,20,20,20,|T=0,0,0,0,|B=3,15,1,50;3,15,1,50;",6.68915188503112,2.34881688177395,0,0,0
110,synchronous,DOUBLE_M2,DOUBLE_M2,"M=20,20,20,20,|T=0,0,0,0,|B=2,15,1,50;2,15,1,50;",3.8539097592707,0,1,1,0
110,synchronous,DOUBLE_M2,ADD_M2_M3,"M=20,20,20,20,|T=0,0,0,0,|B=2,15,1,50;3,15,1,50;",5.44276698930017,1.58885723002946,0,1,0
110,synchronous,DOUBLE_M2,ADD_M1_M2,"M=20,20,20,20,|T=0,0,0,0,|B=1,15,1,50;2,15,1,50;",5.44276698930017,1.58885723002946,0,1,1
110,synchronous,DOUBLE_M2,DOUBLE_M1,"M=20,20,20,20,|T=0,0,0,0,|B=1,15,1,50;1,15,1,50;",6.59806249061489,2.74415273134419,0,0,1
110,synchronous,DOUBLE_M2,ADD_M1_M3,"M=20,20,20,20,|T=0,0,0,0,|B=1,15,1,50;3,15,1,50;",6.35197572377637,2.49806596450566,0,0,0
110,synchronous,DOUBLE_M2,DOUBLE_M3,"M=20,20,20,20,|T=0,0,0,0,|B=3,15,1,50;3,15,1,50;",6.59806249061489,2.74415273134419,0,0,1
110,asynchronous,DOUBLE_M2,DOUBLE_M2,"M=20,20,20,20,|T=0,0,0,0,|B=2,15,1,50;2,15,1,50;",3.8539097592707,0,1,1,0
110,asynchronous,DOUBLE_M2,ADD_M2_M3,"M=20,20,20,20,|T=0,0,0,0,|B=2,15,1,50;3,15,1,50;",5.44276698930017,1.58885723002946,0,0,0
110,asynchronous,DOUBLE_M2,ADD_M1_M2,"M=20,20,20,20,|T=0,0,0,0,|B=1,15,1,50;2,15,1,50;",5.44276698930017,1.58885723002946,0,1,1
110,asynchronous,DOUBLE_M2,DOUBLE_M1,"M=20,20,20,20,|T=0,0,0,0,|B=1,15,1,50;1,15,1,50;",6.59806249061489,2.74415273134419,0,1,1
110,asynchronous,DOUBLE_M2,ADD_M1_M3,"M=20,20,20,20,|T=0,0,0,0,|B=1,15,1,50;3,15,1,50;",6.35197572377637,2.49806596450566,0,0,0
110,asynchronous,DOUBLE_M2,DOUBLE_M3,"M=20,20,20,20,|T=0,0,0,0,|B=3,15,1,50;3,15,1,50;",6.59806249061489,2.74415273134419,0,0,1
110,high_noise,DOUBLE_M2,DOUBLE_M2,"M=20,20,20,20,|T=0,0,0,0,|B=2,15,1,50;2,15,1,50;",3.8539097592707,0,1,1,0
110,high_noise,DOUBLE_M2,ADD_M2_M3,"M=20,20,20,20,|T=0,0,0,0,|B=2,15,1,50;3,15,1,50;",5.44276698930017,1.58885723002946,0,0,0
110,high_noise,DOUBLE_M2,ADD_M1_M2,"M=20,20,20,20,|T=0,0,0,0,|B=1,15,1,50;2,15,1,50;",5.44276698930017,1.58885723002946,0,1,1
110,high_noise,DOUBLE_M2,DOUBLE_M1,"M=20,20,20,20,|T=0,0,0,0,|B=1,15,1,50;1,15,1,50;",6.59806249061489,2.74415273134419,0,1,1
110,high_noise,DOUBLE_M2,ADD_M1_M3,"M=20,20,20,20,|T=0,0,0,0,|B=1,15,1,50;3,15,1,50;",6.35197572377637,2.49806596450566,0,0,0
110,high_noise,DOUBLE_M2,DOUBLE_M3,"M=20,20,20,20,|T=0,0,0,0,|B=3,15,1,50;3,15,1,50;",6.59806249061489,2.74415273134419,0,0,1
111,synchronous,DOUBLE_M2,DOUBLE_M2,"M=20,20,20,20,|T=0,0,0,0,|B=2,15,1,50;2,15,1,50;",4.49629035891151,0,1,1,0
111,synchronous,DOUBLE_M2,ADD_M2_M3,"M=20,20,20,20,|T=0,0,0,0,|B=2,15,1,50;3,15,1,50;",5.70559055643688,1.20930019752537,0,1,0
111,synchronous,DOUBLE_M2,ADD_M1_M2,"M=20,20,20,20,|T=0,0,0,0,|B=1,15,1,50;2,15,1,50;",5.70559055643688,1.20930019752537,0,1,1
111,synchronous,DOUBLE_M2,DOUBLE_M1,"M=20,20,20,20,|T=0,0,0,0,|B=1,15,1,50;1,15,1,50;",6.88341187329246,2.38712151438095,0,0,1
111,synchronous,DOUBLE_M2,ADD_M1_M3,"M=20,20,20,20,|T=0,0,0,0,|B=1,15,1,50;3,15,1,50;",6.61092046865604,2.11463010974453,0,0,1
111,synchronous,DOUBLE_M2,DOUBLE_M3,"M=20,20,20,20,|T=0,0,0,0,|B=3,15,1,50;3,15,1,50;",6.88341187329246,2.38712151438095,0,0,0
111,asynchronous,DOUBLE_M2,DOUBLE_M2,"M=20,20,20,20,|T=0,0,0,0,|B=2,15,1,50;2,15,1,50;",4.49629035891151,0,1,1,0
111,asynchronous,DOUBLE_M2,ADD_M2_M3,"M=20,20,20,20,|T=0,0,0,0,|B=2,15,1,50;3,15,1,50;",5.70559055643688,1.20930019752537,0,1,0
111,asynchronous,DOUBLE_M2,ADD_M1_M2,"M=20,20,20,20,|T=0,0,0,0,|B=1,15,1,50;2,15,1,50;",5.70559055643688,1.20930019752537,0,1,1
111,asynchronous,DOUBLE_M2,DOUBLE_M1,"M=20,20,20,20,|T=0,0,0,0,|B=1,15,1,50;1,15,1,50;",6.88341187329246,2.38712151438095,0,0,1
111,asynchronous,DOUBLE_M2,ADD_M1_M3,"M=20,20,20,20,|T=0,0,0,0,|B=1,15,1,50;3,15,1,50;",6.61092046865604,2.11463010974453,0,0,1
111,asynchronous,DOUBLE_M2,DOUBLE_M3,"M=20,20,20,20,|T=0,0,0,0,|B=3,15,1,50;3,15,1,50;",6.88341187329246,2.38712151438095,0,0,0
111,high_noise,DOUBLE_M2,DOUBLE_M2,"M=20,20,20,20,|T=0,0,0,0,|B=2,15,1,50;2,15,1,50;",4.49629035891151,0,1,1,0
111,high_noise,DOUBLE_M2,ADD_M2_M3,"M=20,20,20,20,|T=0,0,0,0,|B=2,15,1,50;3,15,1,50;",5.70559055643688,1.20930019752537,0,1,0
111,high_noise,DOUBLE_M2,ADD_M1_M2,"M=20,20,20,20,|T=0,0,0,0,|B=1,15,1,50;2,15,1,50;",5.70559055643688,1.20930019752537,0,1,1
111,high_noise,DOUBLE_M2,DOUBLE_M1,"M=20,20,20,20,|T=0,0,0,0,|B=1,15,1,50;1,15,1,50;",6.88341187329246,2.38712151438095,0,0,1
111,high_noise,DOUBLE_M2,ADD_M1_M3,"M=20,20,20,20,|T=0,0,0,0,|B=1,15,1,50;3,15,1,50;",6.61092046865604,2.11463010974453,0,0,1
111,high_noise,DOUBLE_M2,DOUBLE_M3,"M=20,20,20,20,|T=0,0,0,0,|B=3,15,1,50;3,15,1,50;",6.88341187329246,2.38712151438095,0,0,0
112,synchronous,DOUBLE_M2,DOUBLE_M2,"M=20,20,20,20,|T=0,0,0,0,|B=2,15,1,50;2,15,1,50;",3.68007027777589,0,1,1,1
112,synchronous,DOUBLE_M2,ADD_M2_M3,"M=20,20,20,20,|T=0,0,0,0,|B=2,15,1,50;3,15,1,50;",5.16117921113963,1.48110893336373,0,1,0
112,synchronous,DOUBLE_M2,ADD_M1_M2,"M=20,20,20,20,|T=0,0,0,0,|B=1,15,1,50;2,15,1,50;",5.16117921113963,1.48110893336373,0,1,1
112,synchronous,DOUBLE_M2,DOUBLE_M3,"M=20,20,20,20,|T=0,0,0,0,|B=3,15,1,50;3,15,1,50;",6.3850088693161,2.70493859154021,0,0,0
112,synchronous,DOUBLE_M2,ADD_M1_M3,"M=20,20,20,20,|T=0,0,0,0,|B=1,15,1,50;3,15,1,50;",6.05109208660409,2.37102180882819,0,0,0
112,synchronous,DOUBLE_M2,DOUBLE_M1,"M=20,20,20,20,|T=0,0,0,0,|B=1,15,1,50;1,15,1,50;",6.3850088693161,2.70493859154021,0,0,1
112,asynchronous,DOUBLE_M2,DOUBLE_M2,"M=20,20,20,20,|T=0,0,0,0,|B=2,15,1,50;2,15,1,50;",3.68007027777589,0,1,1,1
112,asynchronous,DOUBLE_M2,ADD_M2_M3,"M=20,20,20,20,|T=0,0,0,0,|B=2,15,1,50;3,15,1,50;",5.16117921113963,1.48110893336373,0,1,0
112,asynchronous,DOUBLE_M2,ADD_M1_M2,"M=20,20,20,20,|T=0,0,0,0,|B=1,15,1,50;2,15,1,50;",5.16117921113963,1.48110893336373,0,1,1
112,asynchronous,DOUBLE_M2,DOUBLE_M3,"M=20,20,20,20,|T=0,0,0,0,|B=3,15,1,50;3,15,1,50;",6.3850088693161,2.70493859154021,0,0,0
112,asynchronous,DOUBLE_M2,ADD_M1_M3,"M=20,20,20,20,|T=0,0,0,0,|B=1,15,1,50;3,15,1,50;",6.05109208660409,2.37102180882819,0,0,0
112,asynchronous,DOUBLE_M2,DOUBLE_M1,"M=20,20,20,20,|T=0,0,0,0,|B=1,15,1,50;1,15,1,50;",6.3850088693161,2.70493859154021,0,0,1
112,high_noise,DOUBLE_M2,DOUBLE_M2,"M=20,20,20,20,|T=0,0,0,0,|B=2,15,1,50;2,15,1,50;",3.68007027777589,0,1,1,1
112,high_noise,DOUBLE_M2,ADD_M2_M3,"M=20,20,20,20,|T=0,0,0,0,|B=2,15,1,50;3,15,1,50;",5.16117921113963,1.48110893336373,0,1,0
112,high_noise,DOUBLE_M2,ADD_M1_M2,"M=20,20,20,20,|T=0,0,0,0,|B=1,15,1,50;2,15,1,50;",5.16117921113963,1.48110893336373,0,1,1
112,high_noise,DOUBLE_M2,DOUBLE_M3,"M=20,20,20,20,|T=0,0,0,0,|B=3,15,1,50;3,15,1,50;",6.3850088693161,2.70493859154021,0,0,0
112,high_noise,DOUBLE_M2,ADD_M1_M3,"M=20,20,20,20,|T=0,0,0,0,|B=1,15,1,50;3,15,1,50;",6.05109208660409,2.37102180882819,0,0,0
112,high_noise,DOUBLE_M2,DOUBLE_M1,"M=20,20,20,20,|T=0,0,0,0,|B=1,15,1,50;1,15,1,50;",6.3850088693161,2.70493859154021,0,0,1
113,synchronous,DOUBLE_M2,DOUBLE_M2,"M=20,20,20,20,|T=0,0,0,0,|B=2,15,1,50;2,15,1,50;",4.77487417454862,0,1,1,0
113,synchronous,DOUBLE_M2,ADD_M2_M3,"M=20,20,20,20,|T=0,0,0,0,|B=2,15,1,50;3,15,1,50;",5.89399976193129,1.11912558738267,0,1,0
113,synchronous,DOUBLE_M2,ADD_M1_M2,"M=20,20,20,20,|T=0,0,0,0,|B=1,15,1,50;2,15,1,50;",5.89399976193128,1.11912558738267,0,1,0
113,synchronous,DOUBLE_M2,DOUBLE_M1,"M=20,20,20,20,|T=0,0,0,0,|B=1,15,1,50;1,15,1,50;",6.95101927416752,2.1761450996189,0,0,1
113,synchronous,DOUBLE_M2,ADD_M1_M3,"M=20,20,20,20,|T=0,0,0,0,|B=1,15,1,50;3,15,1,50;",6.71046559467808,1.93559142012946,0,0,1
113,synchronous,DOUBLE_M2,DOUBLE_M3,"M=20,20,20,20,|T=0,0,0,0,|B=3,15,1,50;3,15,1,50;",6.95101927416752,2.1761450996189,0,0,1
113,asynchronous,DOUBLE_M2,DOUBLE_M2,"M=20,20,20,20,|T=0,0,0,0,|B=2,15,1,50;2,15,1,50;",4.77487417454862,0,1,1,0
113,asynchronous,DOUBLE_M2,ADD_M2_M3,"M=20,20,20,20,|T=0,0,0,0,|B=2,15,1,50;3,15,1,50;",5.89399976193129,1.11912558738267,0,1,0
113,asynchronous,DOUBLE_M2,ADD_M1_M2,"M=20,20,20,20,|T=0,0,0,0,|B=1,15,1,50;2,15,1,50;",5.89399976193128,1.11912558738267,0,1,0
113,asynchronous,DOUBLE_M2,DOUBLE_M1,"M=20,20,20,20,|T=0,0,0,0,|B=1,15,1,50;1,15,1,50;",6.95101927416752,2.1761450996189,0,0,1
113,asynchronous,DOUBLE_M2,ADD_M1_M3,"M=20,20,20,20,|T=0,0,0,0,|B=1,15,1,50;3,15,1,50;",6.71046559467808,1.93559142012946,0,0,1
113,asynchronous,DOUBLE_M2,DOUBLE_M3,"M=20,20,20,20,|T=0,0,0,0,|B=3,15,1,50;3,15,1,50;",6.95101927416752,2.1761450996189,0,0,1
113,high_noise,DOUBLE_M2,DOUBLE_M2,"M=20,20,20,20,|T=0,0,0,0,|B=2,15,1,50;2,15,1,50;",4.77487417454862,0,1,1,0
113,high_noise,DOUBLE_M2,ADD_M2_M3,"M=20,20,20,20,|T=0,0,0,0,|B=2,15,1,50;3,15,1,50;",5.89399976193129,1.11912558738267,0,1,0
113,high_noise,DOUBLE_M2,ADD_M1_M2,"M=20,20,20,20,|T=0,0,0,0,|B=1,15,1,50;2,15,1,50;",5.89399976193128,1.11912558738267,0,1,0
113,high_noise,DOUBLE_M2,DOUBLE_M1,"M=20,20,20,20,|T=0,0,0,0,|B=1,15,1,50;1,15,1,50;",6.95101927416752,2.1761450996189,0,0,1
113,high_noise,DOUBLE_M2,ADD_M1_M3,"M=20,20,20,20,|T=0,0,0,0,|B=1,15,1,50;3,15,1,50;",6.71046559467808,1.93559142012946,0,0,1
113,high_noise,DOUBLE_M2,DOUBLE_M3,"M=20,20,20,20,|T=0,0,0,0,|B=3,15,1,50;3,15,1,50;",6.95101927416752,2.1761450996189,0,0,1
114,synchronous,DOUBLE_M2,DOUBLE_M2,"M=20,20,20,20,|T=0,0,0,0,|B=2,15,1,50;2,15,1,50;",4.71229759229313,0,1,1,1
114,synchronous,DOUBLE_M2,ADD_M2_M3,"M=20,20,20,20,|T=0,0,0,0,|B=2,15,1,50;3,15,1,50;",5.77021974303279,1.05792215073966,0,1,0
114,synchronous,DOUBLE_M2,ADD_M1_M2,"M=20,20,20,20,|T=0,0,0,0,|B=1,15,1,50;2,15,1,50;",5.77021974303279,1.05792215073966,0,1,1
114,synchronous,DOUBLE_M2,DOUBLE_M1,"M=20,20,20,20,|T=0,0,0,0,|B=1,15,1,50;1,15,1,50;",6.88307785075385,2.17078025846072,0,0,0
114,synchronous,DOUBLE_M2,ADD_M1_M3,"M=20,20,20,20,|T=0,0,0,0,|B=1,15,1,50;3,15,1,50;",6.64308359164819,1.93078599935506,0,0,1
114,synchronous,DOUBLE_M2,DOUBLE_M3,"M=20,20,20,20,|T=0,0,0,0,|B=3,15,1,50;3,15,1,50;",6.88307785075385,2.17078025846072,0,0,0
114,asynchronous,DOUBLE_M2,DOUBLE_M2,"M=20,20,20,20,|T=0,0,0,0,|B=2,15,1,50;2,15,1,50;",4.71229759229313,0,1,1,1
114,asynchronous,DOUBLE_M2,ADD_M2_M3,"M=20,20,20,20,|T=0,0,0,0,|B=2,15,1,50;3,15,1,50;",5.77021974303279,1.05792215073966,0,1,0
114,asynchronous,DOUBLE_M2,ADD_M1_M2,"M=20,20,20,20,|T=0,0,0,0,|B=1,15,1,50;2,15,1,50;",5.77021974303279,1.05792215073966,0,1,1
114,asynchronous,DOUBLE_M2,DOUBLE_M1,"M=20,20,20,20,|T=0,0,0,0,|B=1,15,1,50;1,15,1,50;",6.88307785075385,2.17078025846072,0,0,0
114,asynchronous,DOUBLE_M2,ADD_M1_M3,"M=20,20,20,20,|T=0,0,0,0,|B=1,15,1,50;3,15,1,50;",6.64308359164819,1.93078599935506,0,0,1
114,asynchronous,DOUBLE_M2,DOUBLE_M3,"M=20,20,20,20,|T=0,0,0,0,|B=3,15,1,50;3,15,1,50;",6.88307785075385,2.17078025846072,0,0,0
114,high_noise,DOUBLE_M2,DOUBLE_M2,"M=20,20,20,20,|T=0,0,0,0,|B=2,15,1,50;2,15,1,50;",4.71229759229313,0,1,1,1
114,high_noise,DOUBLE_M2,ADD_M2_M3,"M=20,20,20,20,|T=0,0,0,0,|B=2,15,1,50;3,15,1,50;",5.77021974303279,1.05792215073966,0,1,0
114,high_noise,DOUBLE_M2,ADD_M1_M2,"M=20,20,20,20,|T=0,0,0,0,|B=1,15,1,50;2,15,1,50;",5.77021974303279,1.05792215073966,0,1,1
114,high_noise,DOUBLE_M2,DOUBLE_M1,"M=20,20,20,20,|T=0,0,0,0,|B=1,15,1,50;1,15,1,50;",6.88307785075385,2.17078025846072,0,0,0
114,high_noise,DOUBLE_M2,ADD_M1_M3,"M=20,20,20,20,|T=0,0,0,0,|B=1,15,1,50;3,15,1,50;",6.64308359164819,1.93078599935506,0,0,1
114,high_noise,DOUBLE_M2,DOUBLE_M3,"M=20,20,20,20,|T=0,0,0,0,|B=3,15,1,50;3,15,1,50;",6.88307785075385,2.17078025846072,0,0,0
115,synchronous,DOUBLE_M2,DOUBLE_M2,"M=20,20,20,20,|T=0,0,0,0,|B=2,15,1,50;2,15,1,50;",2.97035206990335,0,1,1,0
115,synchronous,DOUBLE_M2,ADD_M2_M3,"M=20,20,20,20,|T=0,0,0,0,|B=2,15,1,50;3,15,1,50;",4.82164834342776,1.8512962735244,0,1,1
115,synchronous,DOUBLE_M2,ADD_M1_M2,"M=20,20,20,20,|T=0,0,0,0,|B=1,15,1,50;2,15,1,50;",4.82164834342776,1.8512962735244,0,1,1
115,synchronous,DOUBLE_M2,DOUBLE_M1,"M=20,20,20,20,|T=0,0,0,0,|B=1,15,1,50;1,15,1,50;",6.20623974805451,3.23588767815116,0,0,0
115,synchronous,DOUBLE_M2,ADD_M1_M3,"M=20,20,20,20,|T=0,0,0,0,|B=1,15,1,50;3,15,1,50;",5.8870902166213,2.91673814671794,0,0,1
115,synchronous,DOUBLE_M2,DOUBLE_M3,"M=20,20,20,20,|T=0,0,0,0,|B=3,15,1,50;3,15,1,50;",6.20623974805451,3.23588767815116,0,0,0
115,asynchronous,DOUBLE_M2,DOUBLE_M2,"M=20,20,20,20,|T=0,0,0,0,|B=2,15,1,50;2,15,1,50;",2.97035206990335,0,1,1,0
115,asynchronous,DOUBLE_M2,ADD_M2_M3,"M=20,20,20,20,|T=0,0,0,0,|B=2,15,1,50;3,15,1,50;",4.82164834342776,1.8512962735244,0,0,1
115,asynchronous,DOUBLE_M2,ADD_M1_M2,"M=20,20,20,20,|T=0,0,0,0,|B=1,15,1,50;2,15,1,50;",4.82164834342776,1.8512962735244,0,1,1
115,asynchronous,DOUBLE_M2,DOUBLE_M1,"M=20,20,20,20,|T=0,0,0,0,|B=1,15,1,50;1,15,1,50;",6.20623974805451,3.23588767815116,0,1,0
115,asynchronous,DOUBLE_M2,ADD_M1_M3,"M=20,20,20,20,|T=0,0,0,0,|B=1,15,1,50;3,15,1,50;",5.8870902166213,2.91673814671794,0,0,1
115,asynchronous,DOUBLE_M2,DOUBLE_M3,"M=20,20,20,20,|T=0,0,0,0,|B=3,15,1,50;3,15,1,50;",6.20623974805451,3.23588767815116,0,0,0
115,high_noise,DOUBLE_M2,DOUBLE_M2,"M=20,20,20,20,|T=0,0,0,0,|B=2,15,1,50;2,15,1,50;",2.97035206990335,0,1,1,0
115,high_noise,DOUBLE_M2,ADD_M2_M3,"M=20,20,20,20,|T=0,0,0,0,|B=2,15,1,50;3,15,1,50;",4.82164834342776,1.8512962735244,0,0,1
115,high_noise,DOUBLE_M2,ADD_M1_M2,"M=20,20,20,20,|T=0,0,0,0,|B=1,15,1,50;2,15,1,50;",4.82164834342776,1.8512962735244,0,1,1
115,high_noise,DOUBLE_M2,DOUBLE_M1,"M=20,20,20,20,|T=0,0,0,0,|B=1,15,1,50;1,15,1,50;",6.20623974805451,3.23588767815116,0,1,0
115,high_noise,DOUBLE_M2,ADD_M1_M3,"M=20,20,20,20,|T=0,0,0,0,|B=1,15,1,50;3,15,1,50;",5.8870902166213,2.91673814671794,0,0,1
115,high_noise,DOUBLE_M2,DOUBLE_M3,"M=20,20,20,20,|T=0,0,0,0,|B=3,15,1,50;3,15,1,50;",6.20623974805451,3.23588767815116,0,0,0
116,synchronous,DOUBLE_M2,DOUBLE_M2,"M=20,20,20,20,|T=0,0,0,0,|B=2,15,1,50;2,15,1,50;",2.22881346045763,0,1,1,1
116,synchronous,DOUBLE_M2,ADD_M2_M3,"M=20,20,20,20,|T=0,0,0,0,|B=2,15,1,50;3,15,1,50;",4.65855810935614,2.42974464889851,0,1,1
116,synchronous,DOUBLE_M2,ADD_M1_M2,"M=20,20,20,20,|T=0,0,0,0,|B=1,15,1,50;2,15,1,50;",4.65855810935614,2.42974464889851,0,1,0
116,synchronous,DOUBLE_M2,DOUBLE_M1,"M=20,20,20,20,|T=0,0,0,0,|B=1,15,1,50;1,15,1,50;",6.07955827197829,3.85074481152066,0,0,0
116,synchronous,DOUBLE_M2,ADD_M1_M3,"M=20,20,20,20,|T=0,0,0,0,|B=1,15,1,50;3,15,1,50;",5.73879664392082,3.50998318346319,0,0,0
116,synchronous,DOUBLE_M2,DOUBLE_M3,"M=20,20,20,20,|T=0,0,0,0,|B=3,15,1,50;3,15,1,50;",6.07955827197829,3.85074481152066,0,0,1
116,asynchronous,DOUBLE_M2,DOUBLE_M2,"M=20,20,20,20,|T=0,0,0,0,|B=2,15,1,50;2,15,1,50;",2.22881346045763,0,1,0,1
116,asynchronous,DOUBLE_M2,ADD_M2_M3,"M=20,20,20,20,|T=0,0,0,0,|B=2,15,1,50;3,15,1,50;",4.65855810935614,2.42974464889851,0,0,1
116,asynchronous,DOUBLE_M2,ADD_M1_M2,"M=20,20,20,20,|T=0,0,0,0,|B=1,15,1,50;2,15,1,50;",4.65855810935614,2.42974464889851,0,1,0
116,asynchronous,DOUBLE_M2,DOUBLE_M1,"M=20,20,20,20,|T=0,0,0,0,|B=1,15,1,50;1,15,1,50;",6.07955827197829,3.85074481152066,0,1,0
116,asynchronous,DOUBLE_M2,ADD_M1_M3,"M=20,20,20,20,|T=0,0,0,0,|B=1,15,1,50;3,15,1,50;",5.73879664392082,3.50998318346319,0,1,0
116,asynchronous,DOUBLE_M2,DOUBLE_M3,"M=20,20,20,20,|T=0,0,0,0,|B=3,15,1,50;3,15,1,50;",6.07955827197829,3.85074481152066,0,0,1
116,high_noise,DOUBLE_M2,DOUBLE_M2,"M=20,20,20,20,|T=0,0,0,0,|B=2,15,1,50;2,15,1,50;",2.22881346045763,0,1,0,1
116,high_noise,DOUBLE_M2,ADD_M2_M3,"M=20,20,20,20,|T=0,0,0,0,|B=2,15,1,50;3,15,1,50;",4.65855810935614,2.42974464889851,0,0,1
116,high_noise,DOUBLE_M2,ADD_M1_M2,"M=20,20,20,20,|T=0,0,0,0,|B=1,15,1,50;2,15,1,50;",4.65855810935614,2.42974464889851,0,1,0
116,high_noise,DOUBLE_M2,DOUBLE_M1,"M=20,20,20,20,|T=0,0,0,0,|B=1,15,1,50;1,15,1,50;",6.07955827197829,3.85074481152066,0,1,0
116,high_noise,DOUBLE_M2,ADD_M1_M3,"M=20,20,20,20,|T=0,0,0,0,|B=1,15,1,50;3,15,1,50;",5.73879664392082,3.50998318346319,0,1,0
116,high_noise,DOUBLE_M2,DOUBLE_M3,"M=20,20,20,20,|T=0,0,0,0,|B=3,15,1,50;3,15,1,50;",6.07955827197829,3.85074481152066,0,0,1
117,synchronous,DOUBLE_M2,DOUBLE_M2,"M=20,20,20,20,|T=0,0,0,0,|B=2,15,1,50;2,15,1,50;",1.7463561747884,0,1,1,1
117,synchronous,DOUBLE_M2,ADD_M2_M3,"M=20,20,20,20,|T=0,0,0,0,|B=2,15,1,50;3,15,1,50;",4.42337463737073,2.67701846258233,0,1,1
117,synchronous,DOUBLE_M2,ADD_M1_M2,"M=20,20,20,20,|T=0,0,0,0,|B=1,15,1,50;2,15,1,50;",4.42337463737073,2.67701846258233,0,1,0
117,synchronous,DOUBLE_M2,DOUBLE_M1,"M=20,20,20,20,|T=0,0,0,0,|B=1,15,1,50;1,15,1,50;",6.0075931828164,4.261237008028,0,0,0
117,synchronous,DOUBLE_M2,ADD_M1_M3,"M=20,20,20,20,|T=0,0,0,0,|B=1,15,1,50;3,15,1,50;",5.63314289524812,3.88678672045972,0,0,1
117,synchronous,DOUBLE_M2,DOUBLE_M3,"M=20,20,20,20,|T=0,0,0,0,|B=3,15,1,50;3,15,1,50;",6.0075931828164,4.261237008028,0,0,0
117,asynchronous,DOUBLE_M2,DOUBLE_M2,"M=20,20,20,20,|T=0,0,0,0,|B=2,15,1,50;2,15,1,50;",1.7463561747884,0,1,1,1
117,asynchronous,DOUBLE_M2,ADD_M2_M3,"M=20,20,20,20,|T=0,0,0,0,|B=2,15,1,50;3,15,1,50;",4.42337463737073,2.67701846258233,0,0,1
117,asynchronous,DOUBLE_M2,ADD_M1_M2,"M=20,20,20,20,|T=0,0,0,0,|B=1,15,1,50;2,15,1,50;",4.42337463737073,2.67701846258233,0,1,0
117,asynchronous,DOUBLE_M2,DOUBLE_M1,"M=20,20,20,20,|T=0,0,0,0,|B=1,15,1,50;1,15,1,50;",6.0075931828164,4.261237008028,0,1,0
117,asynchronous,DOUBLE_M2,ADD_M1_M3,"M=20,20,20,20,|T=0,0,0,0,|B=1,15,1,50;3,15,1,50;",5.63314289524812,3.88678672045972,0,0,1
117,asynchronous,DOUBLE_M2,DOUBLE_M3,"M=20,20,20,20,|T=0,0,0,0,|B=3,15,1,50;3,15,1,50;",6.0075931828164,4.261237008028,0,0,0
117,high_noise,DOUBLE_M2,DOUBLE_M2,"M=20,20,20,20,|T=0,0,0,0,|B=2,15,1,50;2,15,1,50;",1.7463561747884,0,1,1,1
117,high_noise,DOUBLE_M2,ADD_M2_M3,"M=20,20,20,20,|T=0,0,0,0,|B=2,15,1,50;3,15,1,50;",4.42337463737073,2.67701846258233,0,0,1
117,high_noise,DOUBLE_M2,ADD_M1_M2,"M=20,20,20,20,|T=0,0,0,0,|B=1,15,1,50;2,15,1,50;",4.42337463737073,2.67701846258233,0,1,0
117,high_noise,DOUBLE_M2,DOUBLE_M1,"M=20,20,20,20,|T=0,0,0,0,|B=1,15,1,50;1,15,1,50;",6.0075931828164,4.261237008028,0,1,0
117,high_noise,DOUBLE_M2,ADD_M1_M3,"M=20,20,20,20,|T=0,0,0,0,|B=1,15,1,50;3,15,1,50;",5.63314289524812,3.88678672045972,0,0,1
117,high_noise,DOUBLE_M2,DOUBLE_M3,"M=20,20,20,20,|T=0,0,0,0,|B=3,15,1,50;3,15,1,50;",6.0075931828164,4.261237008028,0,0,0
118,synchronous,DOUBLE_M2,DOUBLE_M2,"M=20,20,20,20,|T=0,0,0,0,|B=2,15,1,50;2,15,1,50;",4.30149220053957,0,1,1,1
118,synchronous,DOUBLE_M2,ADD_M2_M3,"M=20,20,20,20,|T=0,0,0,0,|B=2,15,1,50;3,15,1,50;",5.66136276131491,1.35987056077533,0,1,1
118,synchronous,DOUBLE_M2,ADD_M1_M2,"M=20,20,20,20,|T=0,0,0,0,|B=1,15,1,50;2,15,1,50;",5.66136276131491,1.35987056077533,0,1,0
118,synchronous,DOUBLE_M2,DOUBLE_M1,"M=20,20,20,20,|T=0,0,0,0,|B=1,15,1,50;1,15,1,50;",6.81381652912692,2.51232432858735,0,0,0
118,synchronous,DOUBLE_M2,ADD_M1_M3,"M=20,20,20,20,|T=0,0,0,0,|B=1,15,1,50;3,15,1,50;",6.56183768325531,2.26034548271574,0,0,1
118,synchronous,DOUBLE_M2,DOUBLE_M3,"M=20,20,20,20,|T=0,0,0,0,|B=3,15,1,50;3,15,1,50;",6.81381652912692,2.51232432858735,0,0,0
118,asynchronous,DOUBLE_M2,DOUBLE_M2,"M=20,20,20,20,|T=0,0,0,0,|B=2,15,1,50;2,15,1,50;",4.30149220053957,0,1,0,1
118,asynchronous,DOUBLE_M2,ADD_M2_M3,"M=20,20,20,20,|T=0,0,0,0,|B=2,15,1,50;3,15,1,50;",5.66136276131491,1.35987056077533,0,0,1
118,asynchronous,DOUBLE_M2,ADD_M1_M2,"M=20,20,20,20,|T=0,0,0,0,|B=1,15,1,50;2,15,1,50;",5.66136276131491,1.35987056077533,0,1,0
118,asynchronous,DOUBLE_M2,DOUBLE_M1,"M=20,20,20,20,|T=0,0,0,0,|B=1,15,1,50;1,15,1,50;",6.81381652912692,2.51232432858735,0,1,0
118,asynchronous,DOUBLE_M2,ADD_M1_M3,"M=20,20,20,20,|T=0,0,0,0,|B=1,15,1,50;3,15,1,50;",6.56183768325531,2.26034548271574,0,1,1
118,asynchronous,DOUBLE_M2,DOUBLE_M3,"M=20,20,20,20,|T=0,0,0,0,|B=3,15,1,50;3,15,1,50;",6.81381652912692,2.51232432858735,0,0,0
118,high_noise,DOUBLE_M2,DOUBLE_M2,"M=20,20,20,20,|T=0,0,0,0,|B=2,15,1,50;2,15,1,50;",4.30149220053957,0,1,0,1
118,high_noise,DOUBLE_M2,ADD_M2_M3,"M=20,20,20,20,|T=0,0,0,0,|B=2,15,1,50;3,15,1,50;",5.66136276131491,1.35987056077533,0,0,1
118,high_noise,DOUBLE_M2,ADD_M1_M2,"M=20,20,20,20,|T=0,0,0,0,|B=1,15,1,50;2,15,1,50;",5.66136276131491,1.35987056077533,0,1,0
118,high_noise,DOUBLE_M2,DOUBLE_M1,"M=20,20,20,20,|T=0,0,0,0,|B=1,15,1,50;1,15,1,50;",6.81381652912692,2.51232432858735,0,1,0
118,high_noise,DOUBLE_M2,ADD_M1_M3,"M=20,20,20,20,|T=0,0,0,0,|B=1,15,1,50;3,15,1,50;",6.56183768325531,2.26034548271574,0,1,1
118,high_noise,DOUBLE_M2,DOUBLE_M3,"M=20,20,20,20,|T=0,0,0,0,|B=3,15,1,50;3,15,1,50;",6.81381652912692,2.51232432858735,0,0,0
119,synchronous,DOUBLE_M2,DOUBLE_M2,"M=20,20,20,20,|T=0,0,0,0,|B=2,15,1,50;2,15,1,50;",3.39844341773293,0,1,1,0
119,synchronous,DOUBLE_M2,ADD_M2_M3,"M=20,20,20,20,|T=0,0,0,0,|B=2,15,1,50;3,15,1,50;",5.09656890519077,1.69812548745784,0,1,1
119,synchronous,DOUBLE_M2,ADD_M1_M2,"M=20,20,20,20,|T=0,0,0,0,|B=1,15,1,50;2,15,1,50;",5.09656890519077,1.69812548745784,0,1,0
119,synchronous,DOUBLE_M2,DOUBLE_M1,"M=20,20,20,20,|T=0,0,0,0,|B=1,15,1,50;1,15,1,50;",6.3471362977044,2.94869287997147,0,0,1
119,synchronous,DOUBLE_M2,ADD_M1_M3,"M=20,20,20,20,|T=0,0,0,0,|B=1,15,1,50;3,15,1,50;",6.0397404521558,2.64129703442287,0,0,0
119,synchronous,DOUBLE_M2,DOUBLE_M3,"M=20,20,20,20,|T=0,0,0,0,|B=3,15,1,50;3,15,1,50;",6.3471362977044,2.94869287997147,0,0,1
119,asynchronous,DOUBLE_M2,DOUBLE_M2,"M=20,20,20,20,|T=0,0,0,0,|B=2,15,1,50;2,15,1,50;",3.39844341773293,0,1,1,0
119,asynchronous,DOUBLE_M2,ADD_M2_M3,"M=20,20,20,20,|T=0,0,0,0,|B=2,15,1,50;3,15,1,50;",5.09656890519077,1.69812548745784,0,1,1
119,asynchronous,DOUBLE_M2,ADD_M1_M2,"M=20,20,20,20,|T=0,0,0,0,|B=1,15,1,50;2,15,1,50;",5.09656890519077,1.69812548745784,0,1,0
119,asynchronous,DOUBLE_M2,DOUBLE_M1,"M=20,20,20,20,|T=0,0,0,0,|B=1,15,1,50;1,15,1,50;",6.3471362977044,2.94869287997147,0,0,1
119,asynchronous,DOUBLE_M2,ADD_M1_M3,"M=20,20,20,20,|T=0,0,0,0,|B=1,15,1,50;3,15,1,50;",6.0397404521558,2.64129703442287,0,0,0
119,asynchronous,DOUBLE_M2,DOUBLE_M3,"M=20,20,20,20,|T=0,0,0,0,|B=3,15,1,50;3,15,1,50;",6.3471362977044,2.94869287997147,0,0,1
119,high_noise,DOUBLE_M2,DOUBLE_M2,"M=20,20,20,20,|T=0,0,0,0,|B=2,15,1,50;2,15,1,50;",3.39844341773293,0,1,1,0
119,high_noise,DOUBLE_M2,ADD_M2_M3,"M=20,20,20,20,|T=0,0,0,0,|B=2,15,1,50;3,15,1,50;",5.09656890519077,1.69812548745784,0,1,1
119,high_noise,DOUBLE_M2,ADD_M1_M2,"M=20,20,20,20,|T=0,0,0,0,|B=1,15,1,50;2,15,1,50;",5.09656890519077,1.69812548745784,0,1,0
119,high_noise,DOUBLE_M2,DOUBLE_M1,"M=20,20,20,20,|T=0,0,0,0,|B=1,15,1,50;1,15,1,50;",6.3471362977044,2.94869287997147,0,0,1
119,high_noise,DOUBLE_M2,ADD_M1_M3,"M=20,20,20,20,|T=0,0,0,0,|B=1,15,1,50;3,15,1,50;",6.0397404521558,2.64129703442287,0,0,0
119,high_noise,DOUBLE_M2,DOUBLE_M3,"M=20,20,20,20,|T=0,0,0,0,|B=3,15,1,50;3,15,1,50;",6.3471362977044,2.94869287997147,0,0,1
120,synchronous,DOUBLE_M2,DOUBLE_M2,"M=20,20,20,20,|T=0,0,0,0,|B=2,15,1,50;2,15,1,50;",4.52182842093817,0,1,1,0
120,synchronous,DOUBLE_M2,ADD_M2_M3,"M=20,20,20,20,|T=0,0,0,0,|B=2,15,1,50;3,15,1,50;",5.74740176583294,1.22557334489476,0,1,1
120,synchronous,DOUBLE_M2,ADD_M1_M2,"M=20,20,20,20,|T=0,0,0,0,|B=1,15,1,50;2,15,1,50;",5.74740176583294,1.22557334489476,0,1,1
120,synchronous,DOUBLE_M2,DOUBLE_M1,"M=20,20,20,20,|T=0,0,0,0,|B=1,15,1,50;1,15,1,50;",6.91424885001744,2.39242042907927,0,0,1
120,synchronous,DOUBLE_M2,ADD_M1_M3,"M=20,20,20,20,|T=0,0,0,0,|B=1,15,1,50;3,15,1,50;",6.63149563647422,2.10966721553605,0,0,0
120,synchronous,DOUBLE_M2,DOUBLE_M3,"M=20,20,20,20,|T=0,0,0,0,|B=3,15,1,50;3,15,1,50;",6.91424885001744,2.39242042907927,0,0,0
120,asynchronous,DOUBLE_M2,DOUBLE_M2,"M=20,20,20,20,|T=0,0,0,0,|B=2,15,1,50;2,15,1,50;",4.52182842093817,0,1,1,0
120,asynchronous,DOUBLE_M2,ADD_M2_M3,"M=20,20,20,20,|T=0,0,0,0,|B=2,15,1,50;3,15,1,50;",5.74740176583294,1.22557334489476,0,1,1
120,asynchronous,DOUBLE_M2,ADD_M1_M2,"M=20,20,20,20,|T=0,0,0,0,|B=1,15,1,50;2,15,1,50;",5.74740176583294,1.22557334489476,0,1,1
120,asynchronous,DOUBLE_M2,DOUBLE_M1,"M=20,20,20,20,|T=0,0,0,0,|B=1,15,1,50;1,15,1,50;",6.91424885001744,2.39242042907927,0,0,1
120,asynchronous,DOUBLE_M2,ADD_M1_M3,"M=20,20,20,20,|T=0,0,0,0,|B=1,15,1,50;3,15,1,50;",6.63149563647422,2.10966721553605,0,0,0
120,asynchronous,DOUBLE_M2,DOUBLE_M3,"M=20,20,20,20,|T=0,0,0,0,|B=3,15,1,50;3,15,1,50;",6.91424885001744,2.39242042907927,0,0,0
120,high_noise,DOUBLE_M2,DOUBLE_M2,"M=20,20,20,20,|T=0,0,0,0,|B=2,15,1,50;2,15,1,50;",4.52182842093817,0,1,1,0
120,high_noise,DOUBLE_M2,ADD_M2_M3,"M=20,20,20,20,|T=0,0,0,0,|B=2,15,1,50;3,15,1,50;",5.74740176583294,1.22557334489476,0,1,1
120,high_noise,DOUBLE_M2,ADD_M1_M2,"M=20,20,20,20,|T=0,0,0,0,|B=1,15,1,50;2,15,1,50;",5.74740176583294,1.22557334489476,0,1,1
120,high_noise,DOUBLE_M2,DOUBLE_M1,"M=20,20,20,20,|T=0,0,0,0,|B=1,15,1,50;1,15,1,50;",6.91424885001744,2.39242042907927,0,0,1
120,high_noise,DOUBLE_M2,ADD_M1_M3,"M=20,20,20,20,|T=0,0,0,0,|B=1,15,1,50;3,15,1,50;",6.63149563647422,2.10966721553605,0,0,0
120,high_noise,DOUBLE_M2,DOUBLE_M3,"M=20,20,20,20,|T=0,0,0,0,|B=3,15,1,50;3,15,1,50;",6.91424885001744,2.39242042907927,0,0,0
121,synchronous,ADD_M2_M3,ADD_M2_M3,"M=20,20,20,20,|T=0,0,0,0,|B=2,15,1,50;3,15,1,50;",2.38239578983131,0,1,1,1
121,synchronous,ADD_M2_M3,DOUBLE_M2,"M=20,20,20,20,|T=0,0,0,0,|B=2,15,1,50;2,15,1,50;",4.83273866423509,2.45034287440379,0,1,1
121,synchronous,ADD_M2_M3,ADD_M1_M3,"M=20,20,20,20,|T=0,0,0,0,|B=1,15,1,50;3,15,1,50;",3.00884335731758,0.626447567486275,0,0,0
121,synchronous,ADD_M2_M3,DOUBLE_M3,"M=20,20,20,20,|T=0,0,0,0,|B=3,15,1,50;3,15,1,50;",3.58990542948165,1.20750963965034,0,1,0
121,synchronous,ADD_M2_M3,ADD_M1_M2,"M=20,20,20,20,|T=0,0,0,0,|B=1,15,1,50;2,15,1,50;",2.38239578983131,1.33226762955019e-15,0,0,1
121,synchronous,ADD_M2_M3,DOUBLE_M1,"M=20,20,20,20,|T=0,0,0,0,|B=1,15,1,50;1,15,1,50;",3.58990542948165,1.20750963965034,0,0,0
121,asynchronous,ADD_M2_M3,ADD_M2_M3,"M=20,20,20,20,|T=0,0,0,0,|B=2,15,1,50;3,15,1,50;",2.38239578983131,0,1,0,1
121,asynchronous,ADD_M2_M3,DOUBLE_M2,"M=20,20,20,20,|T=0,0,0,0,|B=2,15,1,50;2,15,1,50;",4.83273866423509,2.45034287440379,0,0,1
121,asynchronous,ADD_M2_M3,ADD_M1_M3,"M=20,20,20,20,|T=0,0,0,0,|B=1,15,1,50;3,15,1,50;",3.00884335731758,0.626447567486275,0,1,0
121,asynchronous,ADD_M2_M3,DOUBLE_M3,"M=20,20,20,20,|T=0,0,0,0,|B=3,15,1,50;3,15,1,50;",3.58990542948165,1.20750963965034,0,0,0
121,asynchronous,ADD_M2_M3,ADD_M1_M2,"M=20,20,20,20,|T=0,0,0,0,|B=1,15,1,50;2,15,1,50;",2.38239578983131,1.33226762955019e-15,0,1,1
121,asynchronous,ADD_M2_M3,DOUBLE_M1,"M=20,20,20,20,|T=0,0,0,0,|B=1,15,1,50;1,15,1,50;",3.58990542948165,1.20750963965034,0,1,0
121,high_noise,ADD_M2_M3,ADD_M2_M3,"M=20,20,20,20,|T=0,0,0,0,|B=2,15,1,50;3,15,1,50;",2.38239578983131,0,1,0,1
121,high_noise,ADD_M2_M3,DOUBLE_M2,"M=20,20,20,20,|T=0,0,0,0,|B=2,15,1,50;2,15,1,50;",4.83273866423509,2.45034287440379,0,0,1
121,high_noise,ADD_M2_M3,ADD_M1_M3,"M=20,20,20,20,|T=0,0,0,0,|B=1,15,1,50;3,15,1,50;",3.00884335731758,0.626447567486275,0,1,0
121,high_noise,ADD_M2_M3,DOUBLE_M3,"M=20,20,20,20,|T=0,0,0,0,|B=3,15,1,50;3,15,1,50;",3.58990542948165,1.20750963965034,0,0,0
121,high_noise,ADD_M2_M3,ADD_M1_M2,"M=20,20,20,20,|T=0,0,0,0,|B=1,15,1,50;2,15,1,50;",2.38239578983131,1.33226762955019e-15,0,1,1
121,high_noise,ADD_M2_M3,DOUBLE_M1,"M=20,20,20,20,|T=0,0,0,0,|B=1,15,1,50;1,15,1,50;",3.58990542948165,1.20750963965034,0,1,0
122,synchronous,ADD_M2_M3,ADD_M2_M3,"M=20,20,20,20,|T=0,0,0,0,|B=2,15,1,50;3,15,1,50;",1.54663562359537,0,1,1,1
122,synchronous,ADD_M2_M3,DOUBLE_M2,"M=20,20,20,20,|T=0,0,0,0,|B=2,15,1,50;2,15,1,50;",4.51532420164587,2.9686885780505,0,1,1
122,synchronous,ADD_M2_M3,ADD_M1_M3,"M=20,20,20,20,|T=0,0,0,0,|B=1,15,1,50;3,15,1,50;",2.51607996810274,0.969444344507373,0,0,0
122,synchronous,ADD_M2_M3,DOUBLE_M3,"M=20,20,20,20,|T=0,0,0,0,|B=3,15,1,50;3,15,1,50;",3.15786969768068,1.61123407408531,0,1,0
122,synchronous,ADD_M2_M3,ADD_M1_M2,"M=20,20,20,20,|T=0,0,0,0,|B=1,15,1,50;2,15,1,50;",1.54663562359537,-8.88178419700125e-16,0,0,0
122,synchronous,ADD_M2_M3,DOUBLE_M1,"M=20,20,20,20,|T=0,0,0,0,|B=1,15,1,50;1,15,1,50;",3.15786969768068,1.61123407408531,0,0,1
122,asynchronous,ADD_M2_M3,ADD_M2_M3,"M=20,20,20,20,|T=0,0,0,0,|B=2,15,1,50;3,15,1,50;",1.54663562359537,0,1,1,1
122,asynchronous,ADD_M2_M3,DOUBLE_M2,"M=20,20,20,20,|T=0,0,0,0,|B=2,15,1,50;2,15,1,50;",4.51532420164587,2.9686885780505,0,1,1
122,asynchronous,ADD_M2_M3,ADD_M1_M3,"M=20,20,20,20,|T=0,0,0,0,|B=1,15,1,50;3,15,1,50;",2.51607996810274,0.969444344507373,0,0,0
122,asynchronous,ADD_M2_M3,DOUBLE_M3,"M=20,20,20,20,|T=0,0,0,0,|B=3,15,1,50;3,15,1,50;",3.15786969768068,1.61123407408531,0,1,0
122,asynchronous,ADD_M2_M3,ADD_M1_M2,"M=20,20,20,20,|T=0,0,0,0,|B=1,15,1,50;2,15,1,50;",1.54663562359537,-8.88178419700125e-16,0,0,0
122,asynchronous,ADD_M2_M3,DOUBLE_M1,"M=20,20,20,20,|T=0,0,0,0,|B=1,15,1,50;1,15,1,50;",3.15786969768068,1.61123407408531,0,0,1
122,high_noise,ADD_M2_M3,ADD_M2_M3,"M=20,20,20,20,|T=0,0,0,0,|B=2,15,1,50;3,15,1,50;",1.54663562359537,0,1,1,1
122,high_noise,ADD_M2_M3,DOUBLE_M2,"M=20,20,20,20,|T=0,0,0,0,|B=2,15,1,50;2,15,1,50;",4.51532420164587,2.9686885780505,0,1,1
122,high_noise,ADD_M2_M3,ADD_M1_M3,"M=20,20,20,20,|T=0,0,0,0,|B=1,15,1,50;3,15,1,50;",2.51607996810274,0.969444344507373,0,0,0
122,high_noise,ADD_M2_M3,DOUBLE_M3,"M=20,20,20,20,|T=0,0,0,0,|B=3,15,1,50;3,15,1,50;",3.15786969768068,1.61123407408531,0,1,0
122,high_noise,ADD_M2_M3,ADD_M1_M2,"M=20,20,20,20,|T=0,0,0,0,|B=1,15,1,50;2,15,1,50;",1.54663562359537,-8.88178419700125e-16,0,0,0
122,high_noise,ADD_M2_M3,DOUBLE_M1,"M=20,20,20,20,|T=0,0,0,0,|B=1,15,1,50;1,15,1,50;",3.15786969768068,1.61123407408531,0,0,1
123,synchronous,ADD_M2_M3,ADD_M2_M3,"M=20,20,20,20,|T=0,0,0,0,|B=2,15,1,50;3,15,1,50;",3.00118949031623,0,1,1,0
123,synchronous,ADD_M2_M3,DOUBLE_M2,"M=20,20,20,20,|T=0,0,0,0,|B=2,15,1,50;2,15,1,50;",5.15150964135427,2.15032015103804,0,1,1
123,synchronous,ADD_M2_M3,DOUBLE_M3,"M=20,20,20,20,|T=0,0,0,0,|B=3,15,1,50;3,15,1,50;",4.16500603238239,1.16381654206616,0,0,0
123,synchronous,ADD_M2_M3,ADD_M1_M3,"M=20,20,20,20,|T=0,0,0,0,|B=1,15,1,50;3,15,1,50;",3.62148325071372,0.620293760397489,0,1,1
123,synchronous,ADD_M2_M3,ADD_M1_M2,"M=20,20,20,20,|T=0,0,0,0,|B=1,15,1,50;2,15,1,50;",3.00118949031623,0,0,0,0
123,synchronous,ADD_M2_M3,DOUBLE_M1,"M=20,20,20,20,|T=0,0,0,0,|B=1,15,1,50;1,15,1,50;",4.16500603238239,1.16381654206616,0,0,1
123,asynchronous,ADD_M2_M3,ADD_M2_M3,"M=20,20,20,20,|T=0,0,0,0,|B=2,15,1,50;3,15,1,50;",3.00118949031623,0,1,1,0
123,asynchronous,ADD_M2_M3,DOUBLE_M2,"M=20,20,20,20,|T=0,0,0,0,|B=2,15,1,50;2,15,1,50;",5.15150964135427,2.15032015103804,0,1,1
123,asynchronous,ADD_M2_M3,DOUBLE_M3,"M=20,20,20,20,|T=0,0,0,0,|B=3,15,1,50;3,15,1,50;",4.16500603238239,1.16381654206616,0,0,0
123,asynchronous,ADD_M2_M3,ADD_M1_M3,"M=20,20,20,20,|T=0,0,0,0,|B=1,15,1,50;3,15,1,50;",3.62148325071372,0.620293760397489,0,1,1
123,asynchronous,ADD_M2_M3,ADD_M1_M2,"M=20,20,20,20,|T=0,0,0,0,|B=1,15,1,50;2,15,1,50;",3.00118949031623,0,0,0,0
123,asynchronous,ADD_M2_M3,DOUBLE_M1,"M=20,20,20,20,|T=0,0,0,0,|B=1,15,1,50;1,15,1,50;",4.16500603238239,1.16381654206616,0,0,1
123,high_noise,ADD_M2_M3,ADD_M2_M3,"M=20,20,20,20,|T=0,0,0,0,|B=2,15,1,50;3,15,1,50;",3.00118949031623,0,1,1,0
123,high_noise,ADD_M2_M3,DOUBLE_M2,"M=20,20,20,20,|T=0,0,0,0,|B=2,15,1,50;2,15,1,50;",5.15150964135427,2.15032015103804,0,1,1
123,high_noise,ADD_M2_M3,DOUBLE_M3,"M=20,20,20,20,|T=0,0,0,0,|B=3,15,1,50;3,15,1,50;",4.16500603238239,1.16381654206616,0,0,0
123,high_noise,ADD_M2_M3,ADD_M1_M3,"M=20,20,20,20,|T=0,0,0,0,|B=1,15,1,50;3,15,1,50;",3.62148325071372,0.620293760397489,0,1,1
123,high_noise,ADD_M2_M3,ADD_M1_M2,"M=20,20,20,20,|T=0,0,0,0,|B=1,15,1,50;2,15,1,50;",3.00118949031623,0,0,0,0
123,high_noise,ADD_M2_M3,DOUBLE_M1,"M=20,20,20,20,|T=0,0,0,0,|B=1,15,1,50;1,15,1,50;",4.16500603238239,1.16381654206616,0,0,1
124,synchronous,ADD_M2_M3,ADD_M2_M3,"M=20,20,20,20,|T=0,0,0,0,|B=2,15,1,50;3,15,1,50;",1.89141779284447,0,1,1,0
124,synchronous,ADD_M2_M3,DOUBLE_M2,"M=20,20,20,20,|T=0,0,0,0,|B=2,15,1,50;2,15,1,50;",4.4567071240248,2.56528933118033,0,1,0
124,synchronous,ADD_M2_M3,ADD_M1_M3,"M=20,20,20,20,|T=0,0,0,0,|B=1,15,1,50;3,15,1,50;",2.81443385964681,0.92301606680234,0,0,1
124,synchronous,ADD_M2_M3,DOUBLE_M3,"M=20,20,20,20,|T=0,0,0,0,|B=3,15,1,50;3,15,1,50;",3.35263710978564,1.46121931694117,0,1,1
124,synchronous,ADD_M2_M3,ADD_M1_M2,"M=20,20,20,20,|T=0,0,0,0,|B=1,15,1,50;2,15,1,50;",1.89141779284447,-2.22044604925031e-16,0,0,1
124,synchronous,ADD_M2_M3,DOUBLE_M1,"M=20,20,20,20,|T=0,0,0,0,|B=1,15,1,50;1,15,1,50;",3.35263710978564,1.46121931694117,0,0,0
124,asynchronous,ADD_M2_M3,ADD_M2_M3,"M=20,20,20,20,|T=0,0,0,0,|B=2,15,1,50;3,15,1,50;",1.89141779284447,0,1,1,0
124,asynchronous,ADD_M2_M3,DOUBLE_M2,"M=20,20,20,20,|T=0,0,0,0,|B=2,15,1,50;2,15,1,50;",4.4567071240248,2.56528933118033,0,1,0
124,asynchronous,ADD_M2_M3,ADD_M1_M3,"M=20,20,20,20,|T=0,0,0,0,|B=1,15,1,50;3,15,1,50;",2.81443385964681,0.92301606680234,0,0,1
124,asynchronous,ADD_M2_M3,DOUBLE_M3,"M=20,20,20,20,|T=0,0,0,0,|B=3,15,1,50;3,15,1,50;",3.35263710978564,1.46121931694117,0,1,1
124,asynchronous,ADD_M2_M3,ADD_M1_M2,"M=20,20,20,20,|T=0,0,0,0,|B=1,15,1,50;2,15,1,50;",1.89141779284447,-2.22044604925031e-16,0,0,1
124,asynchronous,ADD_M2_M3,DOUBLE_M1,"M=20,20,20,20,|T=0,0,0,0,|B=1,15,1,50;1,15,1,50;",3.35263710978564,1.46121931694117,0,0,0
124,high_noise,ADD_M2_M3,ADD_M2_M3,"M=20,20,20,20,|T=0,0,0,0,|B=2,15,1,50;3,15,1,50;",1.89141779284447,0,1,1,0
124,high_noise,ADD_M2_M3,DOUBLE_M2,"M=20,20,20,20,|T=0,0,0,0,|B=2,15,1,50;2,15,1,50;",4.4567071240248,2.56528933118033,0,1,0
124,high_noise,ADD_M2_M3,ADD_M1_M3,"M=20,20,20,20,|T=0,0,0,0,|B=1,15,1,50;3,15,1,50;",2.81443385964681,0.92301606680234,0,1,1
124,high_noise,ADD_M2_M3,DOUBLE_M3,"M=20,20,20,20,|T=0,0,0,0,|B=3,15,1,50;3,15,1,50;",3.35263710978564,1.46121931694117,0,0,1
124,high_noise,ADD_M2_M3,ADD_M1_M2,"M=20,20,20,20,|T=0,0,0,0,|B=1,15,1,50;2,15,1,50;",1.89141779284447,-2.22044604925031e-16,0,0,1
124,high_noise,ADD_M2_M3,DOUBLE_M1,"M=20,20,20,20,|T=0,0,0,0,|B=1,15,1,50;1,15,1,50;",3.35263710978564,1.46121931694117,0,0,0
125,synchronous,ADD_M2_M3,ADD_M2_M3,"M=20,20,20,20,|T=0,0,0,0,|B=2,15,1,50;3,15,1,50;",2.15665602023701,0,1,1,0
125,synchronous,ADD_M2_M3,DOUBLE_M2,"M=20,20,20,20,|T=0,0,0,0,|B=2,15,1,50;2,15,1,50;",4.80948667490265,2.65283065466564,0,1,1
125,synchronous,ADD_M2_M3,ADD_M1_M3,"M=20,20,20,20,|T=0,0,0,0,|B=1,15,1,50;3,15,1,50;",2.81054901760057,0.653892997363565,0,0,0
125,synchronous,ADD_M2_M3,DOUBLE_M3,"M=20,20,20,20,|T=0,0,0,0,|B=3,15,1,50;3,15,1,50;",3.48847113755464,1.33181511731763,0,1,1
125,synchronous,ADD_M2_M3,ADD_M1_M2,"M=20,20,20,20,|T=0,0,0,0,|B=1,15,1,50;2,15,1,50;",2.15665602023701,-8.88178419700125e-16,0,0,0
125,synchronous,ADD_M2_M3,DOUBLE_M1,"M=20,20,20,20,|T=0,0,0,0,|B=1,15,1,50;1,15,1,50;",3.48847113755464,1.33181511731763,0,0,1
125,asynchronous,ADD_M2_M3,ADD_M2_M3,"M=20,20,20,20,|T=0,0,0,0,|B=2,15,1,50;3,15,1,50;",2.15665602023701,0,1,1,0
125,asynchronous,ADD_M2_M3,DOUBLE_M2,"M=20,20,20,20,|T=0,0,0,0,|B=2,15,1,50;2,15,1,50;",4.80948667490265,2.65283065466564,0,1,1
125,asynchronous,ADD_M2_M3,ADD_M1_M3,"M=20,20,20,20,|T=0,0,0,0,|B=1,15,1,50;3,15,1,50;",2.81054901760057,0.653892997363565,0,0,0
125,asynchronous,ADD_M2_M3,DOUBLE_M3,"M=20,20,20,20,|T=0,0,0,0,|B=3,15,1,50;3,15,1,50;",3.48847113755464,1.33181511731763,0,0,1
125,asynchronous,ADD_M2_M3,ADD_M1_M2,"M=20,20,20,20,|T=0,0,0,0,|B=1,15,1,50;2,15,1,50;",2.15665602023701,-8.88178419700125e-16,0,1,0
125,asynchronous,ADD_M2_M3,DOUBLE_M1,"M=20,20,20,20,|T=0,0,0,0,|B=1,15,1,50;1,15,1,50;",3.48847113755464,1.33181511731763,0,0,1
125,high_noise,ADD_M2_M3,ADD_M2_M3,"M=20,20,20,20,|T=0,0,0,0,|B=2,15,1,50;3,15,1,50;",2.15665602023701,0,1,1,0
125,high_noise,ADD_M2_M3,DOUBLE_M2,"M=20,20,20,20,|T=0,0,0,0,|B=2,15,1,50;2,15,1,50;",4.80948667490265,2.65283065466564,0,1,1
125,high_noise,ADD_M2_M3,ADD_M1_M3,"M=20,20,20,20,|T=0,0,0,0,|B=1,15,1,50;3,15,1,50;",2.81054901760057,0.653892997363565,0,0,0
125,high_noise,ADD_M2_M3,DOUBLE_M3,"M=20,20,20,20,|T=0,0,0,0,|B=3,15,1,50;3,15,1,50;",3.48847113755464,1.33181511731763,0,0,1
125,high_noise,ADD_M2_M3,ADD_M1_M2,"M=20,20,20,20,|T=0,0,0,0,|B=1,15,1,50;2,15,1,50;",2.15665602023701,-8.88178419700125e-16,0,1,0
125,high_noise,ADD_M2_M3,DOUBLE_M1,"M=20,20,20,20,|T=0,0,0,0,|B=1,15,1,50;1,15,1,50;",3.48847113755464,1.33181511731763,0,0,1
126,synchronous,ADD_M2_M3,ADD_M2_M3,"M=20,20,20,20,|T=0,0,0,0,|B=2,15,1,50;3,15,1,50;",3.60752652595616,0,1,1,0
126,synchronous,ADD_M2_M3,DOUBLE_M2,"M=20,20,20,20,|T=0,0,0,0,|B=2,15,1,50;2,15,1,50;",5.70275509390347,2.09522856794732,0,1,0
126,synchronous,ADD_M2_M3,DOUBLE_M3,"M=20,20,20,20,|T=0,0,0,0,|B=3,15,1,50;3,15,1,50;",4.58004571200398,0.972519186047827,0,0,1
126,synchronous,ADD_M2_M3,ADD_M1_M3,"M=20,20,20,20,|T=0,0,0,0,|B=1,15,1,50;3,15,1,50;",4.05370457792462,0.446178051968467,0,1,1
126,synchronous,ADD_M2_M3,ADD_M1_M2,"M=20,20,20,20,|T=0,0,0,0,|B=1,15,1,50;2,15,1,50;",3.60752652595616,0,0,0,0
126,synchronous,ADD_M2_M3,DOUBLE_M1,"M=20,20,20,20,|T=0,0,0,0,|B=1,15,1,50;1,15,1,50;",4.58004571200398,0.972519186047827,0,0,1
126,asynchronous,ADD_M2_M3,ADD_M2_M3,"M=20,20,20,20,|T=0,0,0,0,|B=2,15,1,50;3,15,1,50;",3.60752652595616,0,1,0,0
126,asynchronous,ADD_M2_M3,DOUBLE_M2,"M=20,20,20,20,|T=0,0,0,0,|B=2,15,1,50;2,15,1,50;",5.70275509390347,2.09522856794732,0,1,0
126,asynchronous,ADD_M2_M3,DOUBLE_M3,"M=20,20,20,20,|T=0,0,0,0,|B=3,15,1,50;3,15,1,50;",4.58004571200398,0.972519186047827,0,0,1
126,asynchronous,ADD_M2_M3,ADD_M1_M3,"M=20,20,20,20,|T=0,0,0,0,|B=1,15,1,50;3,15,1,50;",4.05370457792462,0.446178051968467,0,0,1
126,asynchronous,ADD_M2_M3,ADD_M1_M2,"M=20,20,20,20,|T=0,0,0,0,|B=1,15,1,50;2,15,1,50;",3.60752652595616,0,0,1,0
126,asynchronous,ADD_M2_M3,DOUBLE_M1,"M=20,20,20,20,|T=0,0,0,0,|B=1,15,1,50;1,15,1,50;",4.58004571200398,0.972519186047827,0,1,1
126,high_noise,ADD_M2_M3,ADD_M2_M3,"M=20,20,20,20,|T=0,0,0,0,|B=2,15,1,50;3,15,1,50;",3.60752652595616,0,1,0,0
126,high_noise,ADD_M2_M3,DOUBLE_M2,"M=20,20,20,20,|T=0,0,0,0,|B=2,15,1,50;2,15,1,50;",5.70275509390347,2.09522856794732,0,1,0
126,high_noise,ADD_M2_M3,DOUBLE_M3,"M=20,20,20,20,|T=0,0,0,0,|B=3,15,1,50;3,15,1,50;",4.58004571200398,0.972519186047827,0,0,1
126,high_noise,ADD_M2_M3,ADD_M1_M3,"M=20,20,20,20,|T=0,0,0,0,|B=1,15,1,50;3,15,1,50;",4.05370457792462,0.446178051968467,0,0,1
126,high_noise,ADD_M2_M3,ADD_M1_M2,"M=20,20,20,20,|T=0,0,0,0,|B=1,15,1,50;2,15,1,50;",3.60752652595616,0,0,1,0
126,high_noise,ADD_M2_M3,DOUBLE_M1,"M=20,20,20,20,|T=0,0,0,0,|B=1,15,1,50;1,15,1,50;",4.58004571200398,0.972519186047827,0,1,1
127,synchronous,ADD_M2_M3,ADD_M2_M3,"M=20,20,20,20,|T=0,0,0,0,|B=2,15,1,50;3,15,1,50;",4.03031588305824,0,1,1,1
127,synchronous,ADD_M2_M3,DOUBLE_M2,"M=20,20,20,20,|T=0,0,0,0,|B=2,15,1,50;2,15,1,50;",5.92482099528659,1.89450511222835,0,1,1
127,synchronous,ADD_M2_M3,ADD_M1_M3,"M=20,20,20,20,|T=0,0,0,0,|B=1,15,1,50;3,15,1,50;",4.33876898021807,0.308453097159836,0,0,0
127,synchronous,ADD_M2_M3,DOUBLE_M3,"M=20,20,20,20,|T=0,0,0,0,|B=3,15,1,50;3,15,1,50;",4.77211050718295,0.741794624124708,0,1,0
127,synchronous,ADD_M2_M3,ADD_M1_M2,"M=20,20,20,20,|T=0,0,0,0,|B=1,15,1,50;2,15,1,50;",4.03031588305824,0,0,0,1
127,synchronous,ADD_M2_M3,DOUBLE_M1,"M=20,20,20,20,|T=0,0,0,0,|B=1,15,1,50;1,15,1,50;",4.77211050718295,0.741794624124709,0,0,0
127,asynchronous,ADD_M2_M3,ADD_M2_M3,"M=20,20,20,20,|T=0,0,0,0,|B=2,15,1,50;3,15,1,50;",4.03031588305824,0,1,0,1
127,asynchronous,ADD_M2_M3,DOUBLE_M2,"M=20,20,20,20,|T=0,0,0,0,|B=2,15,1,50;2,15,1,50;",5.92482099528659,1.89450511222835,0,1,1
127,asynchronous,ADD_M2_M3,ADD_M1_M3,"M=20,20,20,20,|T=0,0,0,0,|B=1,15,1,50;3,15,1,50;",4.33876898021807,0.308453097159836,0,0,0
127,asynchronous,ADD_M2_M3,DOUBLE_M3,"M=20,20,20,20,|T=0,0,0,0,|B=3,15,1,50;3,15,1,50;",4.77211050718295,0.741794624124708,0,0,0
127,asynchronous,ADD_M2_M3,ADD_M1_M2,"M=20,20,20,20,|T=0,0,0,0,|B=1,15,1,50;2,15,1,50;",4.03031588305824,0,0,1,1
127,asynchronous,ADD_M2_M3,DOUBLE_M1,"M=20,20,20,20,|T=0,0,0,0,|B=1,15,1,50;1,15,1,50;",4.77211050718295,0.741794624124709,0,1,0
127,high_noise,ADD_M2_M3,ADD_M2_M3,"M=20,20,20,20,|T=0,0,0,0,|B=2,15,1,50;3,15,1,50;",4.03031588305824,0,1,0,1
127,high_noise,ADD_M2_M3,DOUBLE_M2,"M=20,20,20,20,|T=0,0,0,0,|B=2,15,1,50;2,15,1,50;",5.92482099528659,1.89450511222835,0,1,1
127,high_noise,ADD_M2_M3,ADD_M1_M3,"M=20,20,20,20,|T=0,0,0,0,|B=1,15,1,50;3,15,1,50;",4.33876898021807,0.308453097159836,0,0,0
127,high_noise,ADD_M2_M3,DOUBLE_M3,"M=20,20,20,20,|T=0,0,0,0,|B=3,15,1,50;3,15,1,50;",4.77211050718295,0.741794624124708,0,0,0
127,high_noise,ADD_M2_M3,ADD_M1_M2,"M=20,20,20,20,|T=0,0,0,0,|B=1,15,1,50;2,15,1,50;",4.03031588305824,0,0,1,1
127,high_noise,ADD_M2_M3,DOUBLE_M1,"M=20,20,20,20,|T=0,0,0,0,|B=1,15,1,50;1,15,1,50;",4.77211050718295,0.741794624124709,0,1,0
128,synchronous,ADD_M2_M3,ADD_M2_M3,"M=20,20,20,20,|T=0,0,0,0,|B=2,15,1,50;3,15,1,50;",3.14986068416185,0,1,1,1
128,synchronous,ADD_M2_M3,DOUBLE_M2,"M=20,20,20,20,|T=0,0,0,0,|B=2,15,1,50;2,15,1,50;",5.28118862880692,2.13132794464506,0,1,0
128,synchronous,ADD_M2_M3,ADD_M1_M3,"M=20,20,20,20,|T=0,0,0,0,|B=1,15,1,50;3,15,1,50;",3.65153780119753,0.501677117035682,0,1,0
128,synchronous,ADD_M2_M3,DOUBLE_M3,"M=20,20,20,20,|T=0,0,0,0,|B=3,15,1,50;3,15,1,50;",4.17970207291858,1.02984138875673,0,0,1
128,synchronous,ADD_M2_M3,ADD_M1_M2,"M=20,20,20,20,|T=0,0,0,0,|B=1,15,1,50;2,15,1,50;",3.14986068416185,-1.77635683940025e-15,0,0,0
128,synchronous,ADD_M2_M3,DOUBLE_M1,"M=20,20,20,20,|T=0,0,0,0,|B=1,15,1,50;1,15,1,50;",4.17970207291858,1.02984138875673,0,0,1
128,asynchronous,ADD_M2_M3,ADD_M2_M3,"M=20,20,20,20,|T=0,0,0,0,|B=2,15,1,50;3,15,1,50;",3.14986068416185,0,1,0,1
128,asynchronous,ADD_M2_M3,DOUBLE_M2,"M=20,20,20,20,|T=0,0,0,0,|B=2,15,1,50;2,15,1,50;",5.28118862880692,2.13132794464506,0,0,0
128,asynchronous,ADD_M2_M3,ADD_M1_M3,"M=20,20,20,20,|T=0,0,0,0,|B=1,15,1,50;3,15,1,50;",3.65153780119753,0.501677117035682,0,1,0
128,asynchronous,ADD_M2_M3,DOUBLE_M3,"M=20,20,20,20,|T=0,0,0,0,|B=3,15,1,50;3,15,1,50;",4.17970207291858,1.02984138875673,0,0,1
128,asynchronous,ADD_M2_M3,ADD_M1_M2,"M=20,20,20,20,|T=0,0,0,0,|B=1,15,1,50;2,15,1,50;",3.14986068416185,-1.77635683940025e-15,0,1,0
128,asynchronous,ADD_M2_M3,DOUBLE_M1,"M=20,20,20,20,|T=0,0,0,0,|B=1,15,1,50;1,15,1,50;",4.17970207291858,1.02984138875673,0,1,1
128,high_noise,ADD_M2_M3,ADD_M2_M3,"M=20,20,20,20,|T=0,0,0,0,|B=2,15,1,50;3,15,1,50;",3.14986068416185,0,1,0,1
128,high_noise,ADD_M2_M3,DOUBLE_M2,"M=20,20,20,20,|T=0,0,0,0,|B=2,15,1,50;2,15,1,50;",5.28118862880692,2.13132794464506,0,0,0
128,high_noise,ADD_M2_M3,ADD_M1_M3,"M=20,20,20,20,|T=0,0,0,0,|B=1,15,1,50;3,15,1,50;",3.65153780119753,0.501677117035682,0,1,0
128,high_noise,ADD_M2_M3,DOUBLE_M3,"M=20,20,20,20,|T=0,0,0,0,|B=3,15,1,50;3,15,1,50;",4.17970207291858,1.02984138875673,0,0,1
128,high_noise,ADD_M2_M3,ADD_M1_M2,"M=20,20,20,20,|T=0,0,0,0,|B=1,15,1,50;2,15,1,50;",3.14986068416185,-1.77635683940025e-15,0,1,0
128,high_noise,ADD_M2_M3,DOUBLE_M1,"M=20,20,20,20,|T=0,0,0,0,|B=1,15,1,50;1,15,1,50;",4.17970207291858,1.02984138875673,0,1,1
129,synchronous,ADD_M2_M3,ADD_M2_M3,"M=20,20,20,20,|T=0,0,0,0,|B=2,15,1,50;3,15,1,50;",1.61516078817909,0,1,1,0
129,synchronous,ADD_M2_M3,DOUBLE_M2,"M=20,20,20,20,|T=0,0,0,0,|B=2,15,1,50;2,15,1,50;",4.57340726642475,2.95824647824565,0,1,1
129,synchronous,ADD_M2_M3,DOUBLE_M3,"M=20,20,20,20,|T=0,0,0,0,|B=3,15,1,50;3,15,1,50;",3.16462454673256,1.54946375855347,0,1,0
129,synchronous,ADD_M2_M3,ADD_M1_M3,"M=20,20,20,20,|T=0,0,0,0,|B=1,15,1,50;3,15,1,50;",2.51185300264777,0.896692214468671,0,0,1
129,synchronous,ADD_M2_M3,ADD_M1_M2,"M=20,20,20,20,|T=0,0,0,0,|B=1,15,1,50;2,15,1,50;",1.61516078817909,2.22044604925031e-16,0,0,1
129,synchronous,ADD_M2_M3,DOUBLE_M1,"M=20,20,20,20,|T=0,0,0,0,|B=1,15,1,50;1,15,1,50;",3.16462454673256,1.54946375855347,0,0,0
129,asynchronous,ADD_M2_M3,ADD_M2_M3,"M=20,20,20,20,|T=0,0,0,0,|B=2,15,1,50;3,15,1,50;",1.61516078817909,0,1,1,0
129,asynchronous,ADD_M2_M3,DOUBLE_M2,"M=20,20,20,20,|T=0,0,0,0,|B=2,15,1,50;2,15,1,50;",4.57340726642475,2.95824647824565,0,0,1
129,asynchronous,ADD_M2_M3,DOUBLE_M3,"M=20,20,20,20,|T=0,0,0,0,|B=3,15,1,50;3,15,1,50;",3.16462454673256,1.54946375855347,0,0,0
129,asynchronous,ADD_M2_M3,ADD_M1_M3,"M=20,20,20,20,|T=0,0,0,0,|B=1,15,1,50;3,15,1,50;",2.51185300264777,0.896692214468671,0,1,1
129,asynchronous,ADD_M2_M3,ADD_M1_M2,"M=20,20,20,20,|T=0,0,0,0,|B=1,15,1,50;2,15,1,50;",1.61516078817909,2.22044604925031e-16,0,1,1
129,asynchronous,ADD_M2_M3,DOUBLE_M1,"M=20,20,20,20,|T=0,0,0,0,|B=1,15,1,50;1,15,1,50;",3.16462454673256,1.54946375855347,0,0,0
129,high_noise,ADD_M2_M3,ADD_M2_M3,"M=20,20,20,20,|T=0,0,0,0,|B=2,15,1,50;3,15,1,50;",1.61516078817909,0,1,1,0
129,high_noise,ADD_M2_M3,DOUBLE_M2,"M=20,20,20,20,|T=0,0,0,0,|B=2,15,1,50;2,15,1,50;",4.57340726642475,2.95824647824565,0,0,1
129,high_noise,ADD_M2_M3,DOUBLE_M3,"M=20,20,20,20,|T=0,0,0,0,|B=3,15,1,50;3,15,1,50;",3.16462454673256,1.54946375855347,0,0,0
129,high_noise,ADD_M2_M3,ADD_M1_M3,"M=20,20,20,20,|T=0,0,0,0,|B=1,15,1,50;3,15,1,50;",2.51185300264777,0.896692214468671,0,1,1
129,high_noise,ADD_M2_M3,ADD_M1_M2,"M=20,20,20,20,|T=0,0,0,0,|B=1,15,1,50;2,15,1,50;",1.61516078817909,2.22044604925031e-16,0,1,1
129,high_noise,ADD_M2_M3,DOUBLE_M1,"M=20,20,20,20,|T=0,0,0,0,|B=1,15,1,50;1,15,1,50;",3.16462454673256,1.54946375855347,0,0,0
130,synchronous,ADD_M2_M3,ADD_M2_M3,"M=20,20,20,20,|T=0,0,0,0,|B=2,15,1,50;3,15,1,50;",2.04975553463847,0,1,1,1
130,synchronous,ADD_M2_M3,DOUBLE_M2,"M=20,20,20,20,|T=0,0,0,0,|B=2,15,1,50;2,15,1,50;",4.84351840069995,2.79376286606148,0,1,1
130,synchronous,ADD_M2_M3,ADD_M1_M3,"M=20,20,20,20,|T=0,0,0,0,|B=1,15,1,50;3,15,1,50;",2.66805820098122,0.618302666342744,0,0,1
130,synchronous,ADD_M2_M3,DOUBLE_M3,"M=20,20,20,20,|T=0,0,0,0,|B=3,15,1,50;3,15,1,50;",3.36502430728677,1.3152687726483,0,1,0
130,synchronous,ADD_M2_M3,ADD_M1_M2,"M=20,20,20,20,|T=0,0,0,0,|B=1,15,1,50;2,15,1,50;",2.04975553463847,8.88178419700125e-16,0,0,0
130,synchronous,ADD_M2_M3,DOUBLE_M1,"M=20,20,20,20,|T=0,0,0,0,|B=1,15,1,50;1,15,1,50;",3.36502430728677,1.3152687726483,0,0,0
130,asynchronous,ADD_M2_M3,ADD_M2_M3,"M=20,20,20,20,|T=0,0,0,0,|B=2,15,1,50;3,15,1,50;",2.04975553463847,0,1,1,1
130,asynchronous,ADD_M2_M3,DOUBLE_M2,"M=20,20,20,20,|T=0,0,0,0,|B=2,15,1,50;2,15,1,50;",4.84351840069995,2.79376286606148,0,1,1
130,asynchronous,ADD_M2_M3,ADD_M1_M3,"M=20,20,20,20,|T=0,0,0,0,|B=1,15,1,50;3,15,1,50;",2.66805820098122,0.618302666342744,0,0,1
130,asynchronous,ADD_M2_M3,DOUBLE_M3,"M=20,20,20,20,|T=0,0,0,0,|B=3,15,1,50;3,15,1,50;",3.36502430728677,1.3152687726483,0,1,0
130,asynchronous,ADD_M2_M3,ADD_M1_M2,"M=20,20,20,20,|T=0,0,0,0,|B=1,15,1,50;2,15,1,50;",2.04975553463847,8.88178419700125e-16,0,0,0
130,asynchronous,ADD_M2_M3,DOUBLE_M1,"M=20,20,20,20,|T=0,0,0,0,|B=1,15,1,50;1,15,1,50;",3.36502430728677,1.3152687726483,0,0,0
130,high_noise,ADD_M2_M3,ADD_M2_M3,"M=20,20,20,20,|T=0,0,0,0,|B=2,15,1,50;3,15,1,50;",2.04975553463847,0,1,1,1
130,high_noise,ADD_M2_M3,DOUBLE_M2,"M=20,20,20,20,|T=0,0,0,0,|B=2,15,1,50;2,15,1,50;",4.84351840069995,2.79376286606148,0,1,1
130,high_noise,ADD_M2_M3,ADD_M1_M3,"M=20,20,20,20,|T=0,0,0,0,|B=1,15,1,50;3,15,1,50;",2.66805820098122,0.618302666342744,0,0,1
130,high_noise,ADD_M2_M3,DOUBLE_M3,"M=20,20,20,20,|T=0,0,0,0,|B=3,15,1,50;3,15,1,50;",3.36502430728677,1.3152687726483,0,1,0
130,high_noise,ADD_M2_M3,ADD_M1_M2,"M=20,20,20,20,|T=0,0,0,0,|B=1,15,1,50;2,15,1,50;",2.04975553463847,8.88178419700125e-16,0,0,0
130,high_noise,ADD_M2_M3,DOUBLE_M1,"M=20,20,20,20,|T=0,0,0,0,|B=1,15,1,50;1,15,1,50;",3.36502430728677,1.3152687726483,0,0,0
131,synchronous,ADD_M2_M3,ADD_M2_M3,"M=20,20,20,20,|T=0,0,0,0,|B=2,15,1,50;3,15,1,50;",2.19473471245731,0,1,1,0
131,synchronous,ADD_M2_M3,DOUBLE_M2,"M=20,20,20,20,|T=0,0,0,0,|B=2,15,1,50;2,15,1,50;",4.93177364945995,2.73703893700264,0,1,1
131,synchronous,ADD_M2_M3,ADD_M1_M3,"M=20,20,20,20,|T=0,0,0,0,|B=1,15,1,50;3,15,1,50;",2.77899170458745,0.584256992130134,0,0,1
131,synchronous,ADD_M2_M3,DOUBLE_M3,"M=20,20,20,20,|T=0,0,0,0,|B=3,15,1,50;3,15,1,50;",3.30098241778641,1.1062477053291,0,1,1
131,synchronous,ADD_M2_M3,ADD_M1_M2,"M=20,20,20,20,|T=0,0,0,0,|B=1,15,1,50;2,15,1,50;",2.19473471245731,0,0,0,0
131,synchronous,ADD_M2_M3,DOUBLE_M1,"M=20,20,20,20,|T=0,0,0,0,|B=1,15,1,50;1,15,1,50;",3.30098241778641,1.1062477053291,0,0,0
131,asynchronous,ADD_M2_M3,ADD_M2_M3,"M=20,20,20,20,|T=0,0,0,0,|B=2,15,1,50;3,15,1,50;",2.19473471245731,0,1,1,0
131,asynchronous,ADD_M2_M3,DOUBLE_M2,"M=20,20,20,20,|T=0,0,0,0,|B=2,15,1,50;2,15,1,50;",4.93177364945995,2.73703893700264,0,1,1
131,asynchronous,ADD_M2_M3,ADD_M1_M3,"M=20,20,20,20,|T=0,0,0,0,|B=1,15,1,50;3,15,1,50;",2.77899170458745,0.584256992130134,0,0,1
131,asynchronous,ADD_M2_M3,DOUBLE_M3,"M=20,20,20,20,|T=0,0,0,0,|B=3,15,1,50;3,15,1,50;",3.30098241778641,1.1062477053291,0,1,1
131,asynchronous,ADD_M2_M3,ADD_M1_M2,"M=20,20,20,20,|T=0,0,0,0,|B=1,15,1,50;2,15,1,50;",2.19473471245731,0,0,0,0
131,asynchronous,ADD_M2_M3,DOUBLE_M1,"M=20,20,20,20,|T=0,0,0,0,|B=1,15,1,50;1,15,1,50;",3.30098241778641,1.1062477053291,0,0,0
131,high_noise,ADD_M2_M3,ADD_M2_M3,"M=20,20,20,20,|T=0,0,0,0,|B=2,15,1,50;3,15,1,50;",2.19473471245731,0,1,1,0
131,high_noise,ADD_M2_M3,DOUBLE_M2,"M=20,20,20,20,|T=0,0,0,0,|B=2,15,1,50;2,15,1,50;",4.93177364945995,2.73703893700264,0,1,1
131,high_noise,ADD_M2_M3,ADD_M1_M3,"M=20,20,20,20,|T=0,0,0,0,|B=1,15,1,50;3,15,1,50;",2.77899170458745,0.584256992130134,0,1,1
131,high_noise,ADD_M2_M3,DOUBLE_M3,"M=20,20,20,20,|T=0,0,0,0,|B=3,15,1,50;3,15,1,50;",3.30098241778641,1.1062477053291,0,0,1
131,high_noise,ADD_M2_M3,ADD_M1_M2,"M=20,20,20,20,|T=0,0,0,0,|B=1,15,1,50;2,15,1,50;",2.19473471245731,0,0,0,0
131,high_noise,ADD_M2_M3,DOUBLE_M1,"M=20,20,20,20,|T=0,0,0,0,|B=1,15,1,50;1,15,1,50;",3.30098241778641,1.1062477053291,0,0,0
132,synchronous,ADD_M2_M3,ADD_M2_M3,"M=20,20,20,20,|T=0,0,0,0,|B=2,15,1,50;3,15,1,50;",1.63487757391214,0,1,1,1
132,synchronous,ADD_M2_M3,DOUBLE_M2,"M=20,20,20,20,|T=0,0,0,0,|B=2,15,1,50;2,15,1,50;",4.54901293015071,2.91413535623857,0,1,1
132,synchronous,ADD_M2_M3,ADD_M1_M3,"M=20,20,20,20,|T=0,0,0,0,|B=1,15,1,50;3,15,1,50;",2.50061127622305,0.865733702310908,0,1,0
132,synchronous,ADD_M2_M3,DOUBLE_M3,"M=20,20,20,20,|T=0,0,0,0,|B=3,15,1,50;3,15,1,50;",3.20931735886465,1.57443978495251,0,0,0
132,synchronous,ADD_M2_M3,ADD_M1_M2,"M=20,20,20,20,|T=0,0,0,0,|B=1,15,1,50;2,15,1,50;",1.63487757391214,2.22044604925031e-16,0,0,1
132,synchronous,ADD_M2_M3,DOUBLE_M1,"M=20,20,20,20,|T=0,0,0,0,|B=1,15,1,50;1,15,1,50;",3.20931735886465,1.57443978495251,0,0,0
132,asynchronous,ADD_M2_M3,ADD_M2_M3,"M=20,20,20,20,|T=0,0,0,0,|B=2,15,1,50;3,15,1,50;",1.63487757391214,0,1,0,1
132,asynchronous,ADD_M2_M3,DOUBLE_M2,"M=20,20,20,20,|T=0,0,0,0,|B=2,15,1,50;2,15,1,50;",4.54901293015071,2.91413535623857,0,1,1
132,asynchronous,ADD_M2_M3,ADD_M1_M3,"M=20,20,20,20,|T=0,0,0,0,|B=1,15,1,50;3,15,1,50;",2.50061127622305,0.865733702310908,0,0,0
132,asynchronous,ADD_M2_M3,DOUBLE_M3,"M=20,20,20,20,|T=0,0,0,0,|B=3,15,1,50;3,15,1,50;",3.20931735886465,1.57443978495251,0,0,0
132,asynchronous,ADD_M2_M3,ADD_M1_M2,"M=20,20,20,20,|T=0,0,0,0,|B=1,15,1,50;2,15,1,50;",1.63487757391214,2.22044604925031e-16,0,1,1
132,asynchronous,ADD_M2_M3,DOUBLE_M1,"M=20,20,20,20,|T=0,0,0,0,|B=1,15,1,50;1,15,1,50;",3.20931735886465,1.57443978495251,0,1,0
132,high_noise,ADD_M2_M3,ADD_M2_M3,"M=20,20,20,20,|T=0,0,0,0,|B=2,15,1,50;3,15,1,50;",1.63487757391214,0,1,0,1
132,high_noise,ADD_M2_M3,DOUBLE_M2,"M=20,20,20,20,|T=0,0,0,0,|B=2,15,1,50;2,15,1,50;",4.54901293015071,2.91413535623857,0,1,1
132,high_noise,ADD_M2_M3,ADD_M1_M3,"M=20,20,20,20,|T=0,0,0,0,|B=1,15,1,50;3,15,1,50;",2.50061127622305,0.865733702310908,0,0,0
132,high_noise,ADD_M2_M3,DOUBLE_M3,"M=20,20,20,20,|T=0,0,0,0,|B=3,15,1,50;3,15,1,50;",3.20931735886465,1.57443978495251,0,0,0
132,high_noise,ADD_M2_M3,ADD_M1_M2,"M=20,20,20,20,|T=0,0,0,0,|B=1,15,1,50;2,15,1,50;",1.63487757391214,2.22044604925031e-16,0,1,1
132,high_noise,ADD_M2_M3,DOUBLE_M1,"M=20,20,20,20,|T=0,0,0,0,|B=1,15,1,50;1,15,1,50;",3.20931735886465,1.57443978495251,0,1,0
133,synchronous,ADD_M2_M3,ADD_M2_M3,"M=20,20,20,20,|T=0,0,0,0,|B=2,15,1,50;3,15,1,50;",2.83387478389869,0,1,1,1
133,synchronous,ADD_M2_M3,DOUBLE_M2,"M=20,20,20,20,|T=0,0,0,0,|B=2,15,1,50;2,15,1,50;",5.26061008615195,2.42673530225326,0,1,1
133,synchronous,ADD_M2_M3,ADD_M1_M3,"M=20,20,20,20,|T=0,0,0,0,|B=1,15,1,50;3,15,1,50;",3.33351851597022,0.499643732071528,0,1,0
133,synchronous,ADD_M2_M3,DOUBLE_M3,"M=20,20,20,20,|T=0,0,0,0,|B=3,15,1,50;3,15,1,50;",3.95092578538057,1.11705100148188,0,0,1
133,synchronous,ADD_M2_M3,ADD_M1_M2,"M=20,20,20,20,|T=0,0,0,0,|B=1,15,1,50;2,15,1,50;",2.83387478389869,-1.33226762955019e-15,0,0,0
133,synchronous,ADD_M2_M3,DOUBLE_M1,"M=20,20,20,20,|T=0,0,0,0,|B=1,15,1,50;1,15,1,50;",3.95092578538057,1.11705100148188,0,0,0
133,asynchronous,ADD_M2_M3,ADD_M2_M3,"M=20,20,20,20,|T=0,0,0,0,|B=2,15,1,50;3,15,1,50;",2.83387478389869,0,1,1,1
133,asynchronous,ADD_M2_M3,DOUBLE_M2,"M=20,20,20,20,|T=0,0,0,0,|B=2,15,1,50;2,15,1,50;",5.26061008615195,2.42673530225326,0,1,1
133,asynchronous,ADD_M2_M3,ADD_M1_M3,"M=20,20,20,20,|T=0,0,0,0,|B=1,15,1,50;3,15,1,50;",3.33351851597022,0.499643732071528,0,1,0
133,asynchronous,ADD_M2_M3,DOUBLE_M3,"M=20,20,20,20,|T=0,0,0,0,|B=3,15,1,50;3,15,1,50;",3.95092578538057,1.11705100148188,0,0,1
133,asynchronous,ADD_M2_M3,ADD_M1_M2,"M=20,20,20,20,|T=0,0,0,0,|B=1,15,1,50;2,15,1,50;",2.83387478389869,-1.33226762955019e-15,0,0,0
133,asynchronous,ADD_M2_M3,DOUBLE_M1,"M=20,20,20,20,|T=0,0,0,0,|B=1,15,1,50;1,15,1,50;",3.95092578538057,1.11705100148188,0,0,0
133,high_noise,ADD_M2_M3,ADD_M2_M3,"M=20,20,20,20,|T=0,0,0,0,|B=2,15,1,50;3,15,1,50;",2.83387478389869,0,1,1,1
133,high_noise,ADD_M2_M3,DOUBLE_M2,"M=20,20,20,20,|T=0,0,0,0,|B=2,15,1,50;2,15,1,50;",5.26061008615195,2.42673530225326,0,1,1
133,high_noise,ADD_M2_M3,ADD_M1_M3,"M=20,20,20,20,|T=0,0,0,0,|B=1,15,1,50;3,15,1,50;",3.33351851597022,0.499643732071528,0,1,0
133,high_noise,ADD_M2_M3,DOUBLE_M3,"M=20,20,20,20,|T=0,0,0,0,|B=3,15,1,50;3,15,1,50;",3.95092578538057,1.11705100148188,0,0,1
133,high_noise,ADD_M2_M3,ADD_M1_M2,"M=20,20,20,20,|T=0,0,0,0,|B=1,15,1,50;2,15,1,50;",2.83387478389869,-1.33226762955019e-15,0,0,0
133,high_noise,ADD_M2_M3,DOUBLE_M1,"M=20,20,20,20,|T=0,0,0,0,|B=1,15,1,50;1,15,1,50;",3.95092578538057,1.11705100148188,0,0,0
134,synchronous,ADD_M2_M3,ADD_M2_M3,"M=20,20,20,20,|T=0,0,0,0,|B=2,15,1,50;3,15,1,50;",1.31469026918419,0,1,1,0
134,synchronous,ADD_M2_M3,DOUBLE_M2,"M=20,20,20,20,|T=0,0,0,0,|B=2,15,1,50;2,15,1,50;",4.49441355762596,3.17972328844177,0,1,1
134,synchronous,ADD_M2_M3,DOUBLE_M3,"M=20,20,20,20,|T=0,0,0,0,|B=3,15,1,50;3,15,1,50;",3.14556009940429,1.8308698302201,0,1,0
134,synchronous,ADD_M2_M3,ADD_M1_M3,"M=20,20,20,20,|T=0,0,0,0,|B=1,15,1,50;3,15,1,50;",2.26533323525074,0.950642966066548,0,0,1
134,synchronous,ADD_M2_M3,ADD_M1_M2,"M=20,20,20,20,|T=0,0,0,0,|B=1,15,1,50;2,15,1,50;",1.31469026918419,1.33226762955019e-15,0,0,0
134,synchronous,ADD_M2_M3,DOUBLE_M1,"M=20,20,20,20,|T=0,0,0,0,|B=1,15,1,50;1,15,1,50;",3.14556009940429,1.8308698302201,0,0,1
134,asynchronous,ADD_M2_M3,ADD_M2_M3,"M=20,20,20,20,|T=0,0,0,0,|B=2,15,1,50;3,15,1,50;",1.31469026918419,0,1,1,0
134,asynchronous,ADD_M2_M3,DOUBLE_M2,"M=20,20,20,20,|T=0,0,0,0,|B=2,15,1,50;2,15,1,50;",4.49441355762596,3.17972328844177,0,1,1
134,asynchronous,ADD_M2_M3,DOUBLE_M3,"M=20,20,20,20,|T=0,0,0,0,|B=3,15,1,50;3,15,1,50;",3.14556009940429,1.8308698302201,0,1,0
134,asynchronous,ADD_M2_M3,ADD_M1_M3,"M=20,20,20,20,|T=0,0,0,0,|B=1,15,1,50;3,15,1,50;",2.26533323525074,0.950642966066548,0,0,1
134,asynchronous,ADD_M2_M3,ADD_M1_M2,"M=20,20,20,20,|T=0,0,0,0,|B=1,15,1,50;2,15,1,50;",1.31469026918419,1.33226762955019e-15,0,0,0
134,asynchronous,ADD_M2_M3,DOUBLE_M1,"M=20,20,20,20,|T=0,0,0,0,|B=1,15,1,50;1,15,1,50;",3.14556009940429,1.8308698302201,0,0,1
134,high_noise,ADD_M2_M3,ADD_M2_M3,"M=20,20,20,20,|T=0,0,0,0,|B=2,15,1,50;3,15,1,50;",1.31469026918419,0,1,1,0
134,high_noise,ADD_M2_M3,DOUBLE_M2,"M=20,20,20,20,|T=0,0,0,0,|B=2,15,1,50;2,15,1,50;",4.49441355762596,3.17972328844177,0,1,1
134,high_noise,ADD_M2_M3,DOUBLE_M3,"M=20,20,20,20,|T=0,0,0,0,|B=3,15,1,50;3,15,1,50;",3.14556009940429,1.8308698302201,0,1,0
134,high_noise,ADD_M2_M3,ADD_M1_M3,"M=20,20,20,20,|T=0,0,0,0,|B=1,15,1,50;3,15,1,50;",2.26533323525074,0.950642966066548,0,0,1
134,high_noise,ADD_M2_M3,ADD_M1_M2,"M=20,20,20,20,|T=0,0,0,0,|B=1,15,1,50;2,15,1,50;",1.31469026918419,1.33226762955019e-15,0,0,0
134,high_noise,ADD_M2_M3,DOUBLE_M1,"M=20,20,20,20,|T=0,0,0,0,|B=1,15,1,50;1,15,1,50;",3.14556009940429,1.8308698302201,0,0,1
135,synchronous,ADD_M2_M3,ADD_M2_M3,"M=20,20,20,20,|T=0,0,0,0,|B=2,15,1,50;3,15,1,50;",2.30918905088898,0,1,1,1
135,synchronous,ADD_M2_M3,DOUBLE_M2,"M=20,20,20,20,|T=0,0,0,0,|B=2,15,1,50;2,15,1,50;",4.90885249945722,2.59966344856824,0,1,0
135,synchronous,ADD_M2_M3,ADD_M1_M3,"M=20,20,20,20,|T=0,0,0,0,|B=1,15,1,50;3,15,1,50;",2.96423039820622,0.655041347317237,0,1,1
135,synchronous,ADD_M2_M3,DOUBLE_M3,"M=20,20,20,20,|T=0,0,0,0,|B=3,15,1,50;3,15,1,50;",3.53754680459448,1.2283577537055,0,0,0
135,synchronous,ADD_M2_M3,ADD_M1_M2,"M=20,20,20,20,|T=0,0,0,0,|B=1,15,1,50;2,15,1,50;",2.30918905088898,1.77635683940025e-15,0,0,0
135,synchronous,ADD_M2_M3,DOUBLE_M1,"M=20,20,20,20,|T=0,0,0,0,|B=1,15,1,50;1,15,1,50;",3.53754680459448,1.2283577537055,0,0,1
135,asynchronous,ADD_M2_M3,ADD_M2_M3,"M=20,20,20,20,|T=0,0,0,0,|B=2,15,1,50;3,15,1,50;",2.30918905088898,0,1,1,1
135,asynchronous,ADD_M2_M3,DOUBLE_M2,"M=20,20,20,20,|T=0,0,0,0,|B=2,15,1,50;2,15,1,50;",4.90885249945722,2.59966344856824,0,1,0
135,asynchronous,ADD_M2_M3,ADD_M1_M3,"M=20,20,20,20,|T=0,0,0,0,|B=1,15,1,50;3,15,1,50;",2.96423039820622,0.655041347317237,0,1,1
135,asynchronous,ADD_M2_M3,DOUBLE_M3,"M=20,20,20,20,|T=0,0,0,0,|B=3,15,1,50;3,15,1,50;",3.53754680459448,1.2283577537055,0,0,0
135,asynchronous,ADD_M2_M3,ADD_M1_M2,"M=20,20,20,20,|T=0,0,0,0,|B=1,15,1,50;2,15,1,50;",2.30918905088898,1.77635683940025e-15,0,0,0
135,asynchronous,ADD_M2_M3,DOUBLE_M1,"M=20,20,20,20,|T=0,0,0,0,|B=1,15,1,50;1,15,1,50;",3.53754680459448,1.2283577537055,0,0,1
135,high_noise,ADD_M2_M3,ADD_M2_M3,"M=20,20,20,20,|T=0,0,0,0,|B=2,15,1,50;3,15,1,50;",2.30918905088898,0,1,1,1
135,high_noise,ADD_M2_M3,DOUBLE_M2,"M=20,20,20,20,|T=0,0,0,0,|B=2,15,1,50;2,15,1,50;",4.90885249945722,2.59966344856824,0,1,0
135,high_noise,ADD_M2_M3,ADD_M1_M3,"M=20,20,20,20,|T=0,0,0,0,|B=1,15,1,50;3,15,1,50;",2.96423039820622,0.655041347317237,0,1,1
135,high_noise,ADD_M2_M3,DOUBLE_M3,"M=20,20,20,20,|T=0,0,0,0,|B=3,15,1,50;3,15,1,50;",3.53754680459448,1.2283577537055,0,0,0
135,high_noise,ADD_M2_M3,ADD_M1_M2,"M=20,20,20,20,|T=0,0,0,0,|B=1,15,1,50;2,15,1,50;",2.30918905088898,1.77635683940025e-15,0,0,0
135,high_noise,ADD_M2_M3,DOUBLE_M1,"M=20,20,20,20,|T=0,0,0,0,|B=1,15,1,50;1,15,1,50;",3.53754680459448,1.2283577537055,0,0,1
136,synchronous,ADD_M2_M3,ADD_M2_M3,"M=20,20,20,20,|T=0,0,0,0,|B=2,15,1,50;3,15,1,50;",3.13613426809639,0,1,1,0
136,synchronous,ADD_M2_M3,DOUBLE_M2,"M=20,20,20,20,|T=0,0,0,0,|B=2,15,1,50;2,15,1,50;",5.39680507474118,2.26067080664478,0,1,1
136,synchronous,ADD_M2_M3,DOUBLE_M3,"M=20,20,20,20,|T=0,0,0,0,|B=3,15,1,50;3,15,1,50;",4.09333729452084,0.957203026424442,0,0,0
136,synchronous,ADD_M2_M3,ADD_M1_M3,"M=20,20,20,20,|T=0,0,0,0,|B=1,15,1,50;3,15,1,50;",3.5447225908791,0.408588322782709,0,1,1
136,synchronous,ADD_M2_M3,ADD_M1_M2,"M=20,20,20,20,|T=0,0,0,0,|B=1,15,1,50;2,15,1,50;",3.13613426809639,8.88178419700125e-16,0,0,1
136,synchronous,ADD_M2_M3,DOUBLE_M1,"M=20,20,20,20,|T=0,0,0,0,|B=1,15,1,50;1,15,1,50;",4.09333729452084,0.957203026424442,0,0,0
136,asynchronous,ADD_M2_M3,ADD_M2_M3,"M=20,20,20,20,|T=0,0,0,0,|B=2,15,1,50;3,15,1,50;",3.13613426809639,0,1,1,0
136,asynchronous,ADD_M2_M3,DOUBLE_M2,"M=20,20,20,20,|T=0,0,0,0,|B=2,15,1,50;2,15,1,50;",5.39680507474118,2.26067080664478,0,0,1
136,asynchronous,ADD_M2_M3,DOUBLE_M3,"M=20,20,20,20,|T=0,0,0,0,|B=3,15,1,50;3,15,1,50;",4.09333729452084,0.957203026424442,0,0,0
136,asynchronous,ADD_M2_M3,ADD_M1_M3,"M=20,20,20,20,|T=0,0,0,0,|B=1,15,1,50;3,15,1,50;",3.5447225908791,0.408588322782709,0,1,1
136,asynchronous,ADD_M2_M3,ADD_M1_M2,"M=20,20,20,20,|T=0,0,0,0,|B=1,15,1,50;2,15,1,50;",3.13613426809639,8.88178419700125e-16,0,1,1
136,asynchronous,ADD_M2_M3,DOUBLE_M1,"M=20,20,20,20,|T=0,0,0,0,|B=1,15,1,50;1,15,1,50;",4.09333729452084,0.957203026424442,0,0,0
136,high_noise,ADD_M2_M3,ADD_M2_M3,"M=20,20,20,20,|T=0,0,0,0,|B=2,15,1,50;3,15,1,50;",3.13613426809639,0,1,1,0
136,high_noise,ADD_M2_M3,DOUBLE_M2,"M=20,20,20,20,|T=0,0,0,0,|B=2,15,1,50;2,15,1,50;",5.39680507474118,2.26067080664478,0,0,1
136,high_noise,ADD_M2_M3,DOUBLE_M3,"M=20,20,20,20,|T=0,0,0,0,|B=3,15,1,50;3,15,1,50;",4.09333729452084,0.957203026424442,0,0,0
136,high_noise,ADD_M2_M3,ADD_M1_M3,"M=20,20,20,20,|T=0,0,0,0,|B=1,15,1,50;3,15,1,50;",3.5447225908791,0.408588322782709,0,1,1
136,high_noise,ADD_M2_M3,ADD_M1_M2,"M=20,20,20,20,|T=0,0,0,0,|B=1,15,1,50;2,15,1,50;",3.13613426809639,8.88178419700125e-16,0,1,1
136,high_noise,ADD_M2_M3,DOUBLE_M1,"M=20,20,20,20,|T=0,0,0,0,|B=1,15,1,50;1,15,1,50;",4.09333729452084,0.957203026424442,0,0,0
137,synchronous,ADD_M2_M3,ADD_M2_M3,"M=20,20,20,20,|T=0,0,0,0,|B=2,15,1,50;3,15,1,50;",3.24648377878016,0,1,1,1
137,synchronous,ADD_M2_M3,DOUBLE_M2,"M=20,20,20,20,|T=0,0,0,0,|B=2,15,1,50;2,15,1,50;",5.34971498347071,2.10323120469055,0,1,0
137,synchronous,ADD_M2_M3,ADD_M1_M3,"M=20,20,20,20,|T=0,0,0,0,|B=1,15,1,50;3,15,1,50;",3.73905150855962,0.492567729779459,0,1,1
137,synchronous,ADD_M2_M3,DOUBLE_M3,"M=20,20,20,20,|T=0,0,0,0,|B=3,15,1,50;3,15,1,50;",4.26032776827381,1.01384398949365,0,0,0
137,synchronous,ADD_M2_M3,ADD_M1_M2,"M=20,20,20,20,|T=0,0,0,0,|B=1,15,1,50;2,15,1,50;",3.24648377878016,-8.88178419700125e-16,0,0,1
137,synchronous,ADD_M2_M3,DOUBLE_M1,"M=20,20,20,20,|T=0,0,0,0,|B=1,15,1,50;1,15,1,50;",4.26032776827381,1.01384398949365,0,0,0
137,asynchronous,ADD_M2_M3,ADD_M2_M3,"M=20,20,20,20,|T=0,0,0,0,|B=2,15,1,50;3,15,1,50;",3.24648377878016,0,1,1,1
137,asynchronous,ADD_M2_M3,DOUBLE_M2,"M=20,20,20,20,|T=0,0,0,0,|B=2,15,1,50;2,15,1,50;",5.34971498347071,2.10323120469055,0,0,0
137,asynchronous,ADD_M2_M3,ADD_M1_M3,"M=20,20,20,20,|T=0,0,0,0,|B=1,15,1,50;3,15,1,50;",3.73905150855962,0.492567729779459,0,1,1
137,asynchronous,ADD_M2_M3,DOUBLE_M3,"M=20,20,20,20,|T=0,0,0,0,|B=3,15,1,50;3,15,1,50;",4.26032776827381,1.01384398949365,0,0,0
137,asynchronous,ADD_M2_M3,ADD_M1_M2,"M=20,20,20,20,|T=0,0,0,0,|B=1,15,1,50;2,15,1,50;",3.24648377878016,-8.88178419700125e-16,0,1,1
137,asynchronous,ADD_M2_M3,DOUBLE_M1,"M=20,20,20,20,|T=0,0,0,0,|B=1,15,1,50;1,15,1,50;",4.26032776827381,1.01384398949365,0,0,0
137,high_noise,ADD_M2_M3,ADD_M2_M3,"M=20,20,20,20,|T=0,0,0,0,|B=2,15,1,50;3,15,1,50;",3.24648377878016,0,1,1,1
137,high_noise,ADD_M2_M3,DOUBLE_M2,"M=20,20,20,20,|T=0,0,0,0,|B=2,15,1,50;2,15,1,50;",5.34971498347071,2.10323120469055,0,0,0
137,high_noise,ADD_M2_M3,ADD_M1_M3,"M=20,20,20,20,|T=0,0,0,0,|B=1,15,1,50;3,15,1,50;",3.73905150855962,0.492567729779459,0,1,1
137,high_noise,ADD_M2_M3,DOUBLE_M3,"M=20,20,20,20,|T=0,0,0,0,|B=3,15,1,50;3,15,1,50;",4.26032776827381,1.01384398949365,0,0,0
137,high_noise,ADD_M2_M3,ADD_M1_M2,"M=20,20,20,20,|T=0,0,0,0,|B=1,15,1,50;2,15,1,50;",3.24648377878016,-8.88178419700125e-16,0,1,1
137,high_noise,ADD_M2_M3,DOUBLE_M1,"M=20,20,20,20,|T=0,0,0,0,|B=1,15,1,50;1,15,1,50;",4.26032776827381,1.01384398949365,0,0,0
138,synchronous,ADD_M2_M3,ADD_M2_M3,"M=20,20,20,20,|T=0,0,0,0,|B=2,15,1,50;3,15,1,50;",3.19625308984433,0,1,1,0
138,synchronous,ADD_M2_M3,DOUBLE_M2,"M=20,20,20,20,|T=0,0,0,0,|B=2,15,1,50;2,15,1,50;",5.31049475091516,2.11424166107083,0,1,0
138,synchronous,ADD_M2_M3,ADD_M1_M3,"M=20,20,20,20,|T=0,0,0,0,|B=1,15,1,50;3,15,1,50;",3.7862377689683,0.589984679123963,0,1,0
138,synchronous,ADD_M2_M3,DOUBLE_M3,"M=20,20,20,20,|T=0,0,0,0,|B=3,15,1,50;3,15,1,50;",4.33981610232087,1.14356301247653,0,0,1
138,synchronous,ADD_M2_M3,ADD_M1_M2,"M=20,20,20,20,|T=0,0,0,0,|B=1,15,1,50;2,15,1,50;",3.19625308984433,-4.44089209850063e-16,0,0,1
138,synchronous,ADD_M2_M3,DOUBLE_M1,"M=20,20,20,20,|T=0,0,0,0,|B=1,15,1,50;1,15,1,50;",4.33981610232087,1.14356301247653,0,0,1
138,asynchronous,ADD_M2_M3,ADD_M2_M3,"M=20,20,20,20,|T=0,0,0,0,|B=2,15,1,50;3,15,1,50;",3.19625308984433,0,1,0,0
138,asynchronous,ADD_M2_M3,DOUBLE_M2,"M=20,20,20,20,|T=0,0,0,0,|B=2,15,1,50;2,15,1,50;",5.31049475091516,2.11424166107083,0,0,0
138,asynchronous,ADD_M2_M3,ADD_M1_M3,"M=20,20,20,20,|T=0,0,0,0,|B=1,15,1,50;3,15,1,50;",3.7862377689683,0.589984679123963,0,0,0
138,asynchronous,ADD_M2_M3,DOUBLE_M3,"M=20,20,20,20,|T=0,0,0,0,|B=3,15,1,50;3,15,1,50;",4.33981610232087,1.14356301247653,0,0,1
138,asynchronous,ADD_M2_M3,ADD_M1_M2,"M=20,20,20,20,|T=0,0,0,0,|B=1,15,1,50;2,15,1,50;",3.19625308984433,-4.44089209850063e-16,0,1,0
138,asynchronous,ADD_M2_M3,DOUBLE_M1,"M=20,20,20,20,|T=0,0,0,0,|B=1,15,1,50;1,15,1,50;",4.33981610232087,1.14356301247653,0,1,1
138,high_noise,ADD_M2_M3,ADD_M2_M3,"M=20,20,20,20,|T=0,0,0,0,|B=2,15,1,50;3,15,1,50;",3.19625308984433,0,1,0,0
138,high_noise,ADD_M2_M3,DOUBLE_M2,"M=20,20,20,20,|T=0,0,0,0,|B=2,15,1,50;2,15,1,50;",5.31049475091516,2.11424166107083,0,0,0
138,high_noise,ADD_M2_M3,ADD_M1_M3,"M=20,20,20,20,|T=0,0,0,0,|B=1,15,1,50;3,15,1,50;",3.7862377689683,0.589984679123963,0,0,0
138,high_noise,ADD_M2_M3,DOUBLE_M3,"M=20,20,20,20,|T=0,0,0,0,|B=3,15,1,50;3,15,1,50;",4.33981610232087,1.14356301247653,0,0,1
138,high_noise,ADD_M2_M3,ADD_M1_M2,"M=20,20,20,20,|T=0,0,0,0,|B=1,15,1,50;2,15,1,50;",3.19625308984433,-4.44089209850063e-16,0,1,0
138,high_noise,ADD_M2_M3,DOUBLE_M1,"M=20,20,20,20,|T=0,0,0,0,|B=1,15,1,50;1,15,1,50;",4.33981610232087,1.14356301247653,0,1,1
139,synchronous,ADD_M2_M3,ADD_M2_M3,"M=20,20,20,20,|T=0,0,0,0,|B=2,15,1,50;3,15,1,50;",2.68373433020715,0,1,1,0
139,synchronous,ADD_M2_M3,DOUBLE_M2,"M=20,20,20,20,|T=0,0,0,0,|B=2,15,1,50;2,15,1,50;",5.29084633956537,2.60711200935822,0,1,1
139,synchronous,ADD_M2_M3,ADD_M1_M3,"M=20,20,20,20,|T=0,0,0,0,|B=1,15,1,50;3,15,1,50;",3.18319694322952,0.499462613022371,0,0,1
139,synchronous,ADD_M2_M3,DOUBLE_M3,"M=20,20,20,20,|T=0,0,0,0,|B=3,15,1,50;3,15,1,50;",3.74986262198958,1.06612829178243,0,1,0
139,synchronous,ADD_M2_M3,ADD_M1_M2,"M=20,20,20,20,|T=0,0,0,0,|B=1,15,1,50;2,15,1,50;",2.68373433020715,0,0,0,0
139,synchronous,ADD_M2_M3,DOUBLE_M1,"M=20,20,20,20,|T=0,0,0,0,|B=1,15,1,50;1,15,1,50;",3.74986262198958,1.06612829178243,0,0,1
139,asynchronous,ADD_M2_M3,ADD_M2_M3,"M=20,20,20,20,|T=0,0,0,0,|B=2,15,1,50;3,15,1,50;",2.68373433020715,0,1,1,0
139,asynchronous,ADD_M2_M3,DOUBLE_M2,"M=20,20,20,20,|T=0,0,0,0,|B=2,15,1,50;2,15,1,50;",5.29084633956537,2.60711200935822,0,0,1
139,asynchronous,ADD_M2_M3,ADD_M1_M3,"M=20,20,20,20,|T=0,0,0,0,|B=1,15,1,50;3,15,1,50;",3.18319694322952,0.499462613022371,0,1,1
139,asynchronous,ADD_M2_M3,DOUBLE_M3,"M=20,20,20,20,|T=0,0,0,0,|B=3,15,1,50;3,15,1,50;",3.74986262198958,1.06612829178243,0,0,0
139,asynchronous,ADD_M2_M3,ADD_M1_M2,"M=20,20,20,20,|T=0,0,0,0,|B=1,15,1,50;2,15,1,50;",2.68373433020715,0,0,1,0
139,asynchronous,ADD_M2_M3,DOUBLE_M1,"M=20,20,20,20,|T=0,0,0,0,|B=1,15,1,50;1,15,1,50;",3.74986262198958,1.06612829178243,0,0,1
139,high_noise,ADD_M2_M3,ADD_M2_M3,"M=20,20,20,20,|T=0,0,0,0,|B=2,15,1,50;3,15,1,50;",2.68373433020715,0,1,1,0
139,high_noise,ADD_M2_M3,DOUBLE_M2,"M=20,20,20,20,|T=0,0,0,0,|B=2,15,1,50;2,15,1,50;",5.29084633956537,2.60711200935822,0,0,1
139,high_noise,ADD_M2_M3,ADD_M1_M3,"M=20,20,20,20,|T=0,0,0,0,|B=1,15,1,50;3,15,1,50;",3.18319694322952,0.499462613022371,0,1,1
139,high_noise,ADD_M2_M3,DOUBLE_M3,"M=20,20,20,20,|T=0,0,0,0,|B=3,15,1,50;3,15,1,50;",3.74986262198958,1.06612829178243,0,0,0
139,high_noise,ADD_M2_M3,ADD_M1_M2,"M=20,20,20,20,|T=0,0,0,0,|B=1,15,1,50;2,15,1,50;",2.68373433020715,0,0,1,0
139,high_noise,ADD_M2_M3,DOUBLE_M1,"M=20,20,20,20,|T=0,0,0,0,|B=1,15,1,50;1,15,1,50;",3.74986262198958,1.06612829178243,0,0,1
140,synchronous,ADD_M2_M3,ADD_M2_M3,"M=20,20,20,20,|T=0,0,0,0,|B=2,15,1,50;3,15,1,50;",3.35983402146906,0,1,1,0
140,synchronous,ADD_M2_M3,DOUBLE_M2,"M=20,20,20,20,|T=0,0,0,0,|B=2,15,1,50;2,15,1,50;",5.44225182492151,2.08241780345245,0,1,0
140,synchronous,ADD_M2_M3,ADD_M1_M3,"M=20,20,20,20,|T=0,0,0,0,|B=1,15,1,50;3,15,1,50;",3.84474666689901,0.484912645429947,0,1,1
140,synchronous,ADD_M2_M3,DOUBLE_M3,"M=20,20,20,20,|T=0,0,0,0,|B=3,15,1,50;3,15,1,50;",4.38191752803595,1.02208350656689,0,0,0
140,synchronous,ADD_M2_M3,ADD_M1_M2,"M=20,20,20,20,|T=0,0,0,0,|B=1,15,1,50;2,15,1,50;",3.35983402146906,0,0,0,1
140,synchronous,ADD_M2_M3,DOUBLE_M1,"M=20,20,20,20,|T=0,0,0,0,|B=1,15,1,50;1,15,1,50;",4.38191752803595,1.02208350656689,0,0,1
140,asynchronous,ADD_M2_M3,ADD_M2_M3,"M=20,20,20,20,|T=0,0,0,0,|B=2,15,1,50;3,15,1,50;",3.35983402146906,0,1,1,0
140,asynchronous,ADD_M2_M3,DOUBLE_M2,"M=20,20,20,20,|T=0,0,0,0,|B=2,15,1,50;2,15,1,50;",5.44225182492151,2.08241780345245,0,1,0
140,asynchronous,ADD_M2_M3,ADD_M1_M3,"M=20,20,20,20,|T=0,0,0,0,|B=1,15,1,50;3,15,1,50;",3.84474666689901,0.484912645429947,0,1,1
140,asynchronous,ADD_M2_M3,DOUBLE_M3,"M=20,20,20,20,|T=0,0,0,0,|B=3,15,1,50;3,15,1,50;",4.38191752803595,1.02208350656689,0,0,0
140,asynchronous,ADD_M2_M3,ADD_M1_M2,"M=20,20,20,20,|T=0,0,0,0,|B=1,15,1,50;2,15,1,50;",3.35983402146906,0,0,0,1
140,asynchronous,ADD_M2_M3,DOUBLE_M1,"M=20,20,20,20,|T=0,0,0,0,|B=1,15,1,50;1,15,1,50;",4.38191752803595,1.02208350656689,0,0,1
140,high_noise,ADD_M2_M3,ADD_M2_M3,"M=20,20,20,20,|T=0,0,0,0,|B=2,15,1,50;3,15,1,50;",3.35983402146906,0,1,1,0
140,high_noise,ADD_M2_M3,DOUBLE_M2,"M=20,20,20,20,|T=0,0,0,0,|B=2,15,1,50;2,15,1,50;",5.44225182492151,2.08241780345245,0,1,0
140,high_noise,ADD_M2_M3,ADD_M1_M3,"M=20,20,20,20,|T=0,0,0,0,|B=1,15,1,50;3,15,1,50;",3.84474666689901,0.484912645429947,0,1,1
140,high_noise,ADD_M2_M3,DOUBLE_M3,"M=20,20,20,20,|T=0,0,0,0,|B=3,15,1,50;3,15,1,50;",4.38191752803595,1.02208350656689,0,0,0
140,high_noise,ADD_M2_M3,ADD_M1_M2,"M=20,20,20,20,|T=0,0,0,0,|B=1,15,1,50;2,15,1,50;",3.35983402146906,0,0,0,1
140,high_noise,ADD_M2_M3,DOUBLE_M1,"M=20,20,20,20,|T=0,0,0,0,|B=1,15,1,50;1,15,1,50;",4.38191752803595,1.02208350656689,0,0,1
141,synchronous,ADD_M2_M3,ADD_M2_M3,"M=20,20,20,20,|T=0,0,0,0,|B=2,15,1,50;3,15,1,50;",2.49901984467103,0,1,1,1
141,synchronous,ADD_M2_M3,DOUBLE_M2,"M=20,20,20,20,|T=0,0,0,0,|B=2,15,1,50;2,15,1,50;",5.02905440724906,2.53003456257803,0,1,1
141,synchronous,ADD_M2_M3,ADD_M1_M3,"M=20,20,20,20,|T=0,0,0,0,|B=1,15,1,50;3,15,1,50;",3.17001892169887,0.670999077027838,0,1,0
141,synchronous,ADD_M2_M3,DOUBLE_M3,"M=20,20,20,20,|T=0,0,0,0,|B=3,15,1,50;3,15,1,50;",3.79712006476284,1.29810022009181,0,0,1
141,synchronous,ADD_M2_M3,ADD_M1_M2,"M=20,20,20,20,|T=0,0,0,0,|B=1,15,1,50;2,15,1,50;",2.49901984467103,-4.44089209850063e-16,0,0,0
141,synchronous,ADD_M2_M3,DOUBLE_M1,"M=20,20,20,20,|T=0,0,0,0,|B=1,15,1,50;1,15,1,50;",3.79712006476284,1.29810022009181,0,0,0
141,asynchronous,ADD_M2_M3,ADD_M2_M3,"M=20,20,20,20,|T=0,0,0,0,|B=2,15,1,50;3,15,1,50;",2.49901984467103,0,1,1,1
141,asynchronous,ADD_M2_M3,DOUBLE_M2,"M=20,20,20,20,|T=0,0,0,0,|B=2,15,1,50;2,15,1,50;",5.02905440724906,2.53003456257803,0,1,1
141,asynchronous,ADD_M2_M3,ADD_M1_M3,"M=20,20,20,20,|T=0,0,0,0,|B=1,15,1,50;3,15,1,50;",3.17001892169887,0.670999077027838,0,1,0
141,asynchronous,ADD_M2_M3,DOUBLE_M3,"M=20,20,20,20,|T=0,0,0,0,|B=3,15,1,50;3,15,1,50;",3.79712006476284,1.29810022009181,0,0,1
141,asynchronous,ADD_M2_M3,ADD_M1_M2,"M=20,20,20,20,|T=0,0,0,0,|B=1,15,1,50;2,15,1,50;",2.49901984467103,-4.44089209850063e-16,0,0,0
141,asynchronous,ADD_M2_M3,DOUBLE_M1,"M=20,20,20,20,|T=0,0,0,0,|B=1,15,1,50;1,15,1,50;",3.79712006476284,1.29810022009181,0,0,0
141,high_noise,ADD_M2_M3,ADD_M2_M3,"M=20,20,20,20,|T=0,0,0,0,|B=2,15,1,50;3,15,1,50;",2.49901984467103,0,1,1,1
141,high_noise,ADD_M2_M3,DOUBLE_M2,"M=20,20,20,20,|T=0,0,0,0,|B=2,15,1,50;2,15,1,50;",5.02905440724906,2.53003456257803,0,1,1
141,high_noise,ADD_M2_M3,ADD_M1_M3,"M=20,20,20,20,|T=0,0,0,0,|B=1,15,1,50;3,15,1,50;",3.17001892169887,0.670999077027838,0,1,0
141,high_noise,ADD_M2_M3,DOUBLE_M3,"M=20,20,20,20,|T=0,0,0,0,|B=3,15,1,50;3,15,1,50;",3.79712006476284,1.29810022009181,0,0,1
141,high_noise,ADD_M2_M3,ADD_M1_M2,"M=20,20,20,20,|T=0,0,0,0,|B=1,15,1,50;2,15,1,50;",2.49901984467103,-4.44089209850063e-16,0,0,0
141,high_noise,ADD_M2_M3,DOUBLE_M1,"M=20,20,20,20,|T=0,0,0,0,|B=1,15,1,50;1,15,1,50;",3.79712006476284,1.29810022009181,0,0,0
142,synchronous,ADD_M2_M3,ADD_M2_M3,"M=20,20,20,20,|T=0,0,0,0,|B=2,15,1,50;3,15,1,50;",2.39507893416282,0,1,1,0
142,synchronous,ADD_M2_M3,DOUBLE_M2,"M=20,20,20,20,|T=0,0,0,0,|B=2,15,1,50;2,15,1,50;",4.86648989547819,2.47141096131537,0,1,0
142,synchronous,ADD_M2_M3,ADD_M1_M3,"M=20,20,20,20,|T=0,0,0,0,|B=1,15,1,50;3,15,1,50;",3.01027604191609,0.615197107753271,0,1,1
142,synchronous,ADD_M2_M3,DOUBLE_M3,"M=20,20,20,20,|T=0,0,0,0,|B=3,15,1,50;3,15,1,50;",3.58567295381427,1.19059401965145,0,0,1
142,synchronous,ADD_M2_M3,ADD_M1_M2,"M=20,20,20,20,|T=0,0,0,0,|B=1,15,1,50;2,15,1,50;",2.39507893416282,8.88178419700125e-16,0,0,1
142,synchronous,ADD_M2_M3,DOUBLE_M1,"M=20,20,20,20,|T=0,0,0,0,|B=1,15,1,50;1,15,1,50;",3.58567295381427,1.19059401965145,0,0,0
142,asynchronous,ADD_M2_M3,ADD_M2_M3,"M=20,20,20,20,|T=0,0,0,0,|B=2,15,1,50;3,15,1,50;",2.39507893416282,0,1,1,0
142,asynchronous,ADD_M2_M3,DOUBLE_M2,"M=20,20,20,20,|T=0,0,0,0,|B=2,15,1,50;2,15,1,50;",4.86648989547819,2.47141096131537,0,1,0
142,asynchronous,ADD_M2_M3,ADD_M1_M3,"M=20,20,20,20,|T=0,0,0,0,|B=1,15,1,50;3,15,1,50;",3.01027604191609,0.615197107753271,0,1,1
142,asynchronous,ADD_M2_M3,DOUBLE_M3,"M=20,20,20,20,|T=0,0,0,0,|B=3,15,1,50;3,15,1,50;",3.58567295381427,1.19059401965145,0,0,1
142,asynchronous,ADD_M2_M3,ADD_M1_M2,"M=20,20,20,20,|T=0,0,0,0,|B=1,15,1,50;2,15,1,50;",2.39507893416282,8.88178419700125e-16,0,0,1
142,asynchronous,ADD_M2_M3,DOUBLE_M1,"M=20,20,20,20,|T=0,0,0,0,|B=1,15,1,50;1,15,1,50;",3.58567295381427,1.19059401965145,0,0,0
142,high_noise,ADD_M2_M3,ADD_M2_M3,"M=20,20,20,20,|T=0,0,0,0,|B=2,15,1,50;3,15,1,50;",2.39507893416282,0,1,1,0
142,high_noise,ADD_M2_M3,DOUBLE_M2,"M=20,20,20,20,|T=0,0,0,0,|B=2,15,1,50;2,15,1,50;",4.86648989547819,2.47141096131537,0,1,0
142,high_noise,ADD_M2_M3,ADD_M1_M3,"M=20,20,20,20,|T=0,0,0,0,|B=1,15,1,50;3,15,1,50;",3.01027604191609,0.615197107753271,0,1,1
142,high_noise,ADD_M2_M3,DOUBLE_M3,"M=20,20,20,20,|T=0,0,0,0,|B=3,15,1,50;3,15,1,50;",3.58567295381427,1.19059401965145,0,0,1
142,high_noise,ADD_M2_M3,ADD_M1_M2,"M=20,20,20,20,|T=0,0,0,0,|B=1,15,1,50;2,15,1,50;",2.39507893416282,8.88178419700125e-16,0,0,1
142,high_noise,ADD_M2_M3,DOUBLE_M1,"M=20,20,20,20,|T=0,0,0,0,|B=1,15,1,50;1,15,1,50;",3.58567295381427,1.19059401965145,0,0,0
143,synchronous,ADD_M2_M3,ADD_M2_M3,"M=20,20,20,20,|T=0,0,0,0,|B=2,15,1,50;3,15,1,50;",1.21855695361461,0,1,1,1
143,synchronous,ADD_M2_M3,DOUBLE_M2,"M=20,20,20,20,|T=0,0,0,0,|B=2,15,1,50;2,15,1,50;",4.22256423946243,3.00400728584782,0,1,0
143,synchronous,ADD_M2_M3,DOUBLE_M3,"M=20,20,20,20,|T=0,0,0,0,|B=3,15,1,50;3,15,1,50;",3.10069707370232,1.88214012008771,0,0,0
143,synchronous,ADD_M2_M3,ADD_M1_M3,"M=20,20,20,20,|T=0,0,0,0,|B=1,15,1,50;3,15,1,50;",2.39883859819825,1.18028164458364,0,1,1
143,synchronous,ADD_M2_M3,ADD_M1_M2,"M=20,20,20,20,|T=0,0,0,0,|B=1,15,1,50;2,15,1,50;",1.21855695361461,-2.22044604925031e-16,0,0,0
143,synchronous,ADD_M2_M3,DOUBLE_M1,"M=20,20,20,20,|T=0,0,0,0,|B=1,15,1,50;1,15,1,50;",3.10069707370232,1.88214012008771,0,0,1
143,asynchronous,ADD_M2_M3,ADD_M2_M3,"M=20,20,20,20,|T=0,0,0,0,|B=2,15,1,50;3,15,1,50;",1.21855695361461,0,1,1,1
143,asynchronous,ADD_M2_M3,DOUBLE_M2,"M=20,20,20,20,|T=0,0,0,0,|B=2,15,1,50;2,15,1,50;",4.22256423946243,3.00400728584782,0,1,0
143,asynchronous,ADD_M2_M3,DOUBLE_M3,"M=20,20,20,20,|T=0,0,0,0,|B=3,15,1,50;3,15,1,50;",3.10069707370232,1.88214012008771,0,0,0
143,asynchronous,ADD_M2_M3,ADD_M1_M3,"M=20,20,20,20,|T=0,0,0,0,|B=1,15,1,50;3,15,1,50;",2.39883859819825,1.18028164458364,0,1,1
143,asynchronous,ADD_M2_M3,ADD_M1_M2,"M=20,20,20,20,|T=0,0,0,0,|B=1,15,1,50;2,15,1,50;",1.21855695361461,-2.22044604925031e-16,0,0,0
143,asynchronous,ADD_M2_M3,DOUBLE_M1,"M=20,20,20,20,|T=0,0,0,0,|B=1,15,1,50;1,15,1,50;",3.10069707370232,1.88214012008771,0,0,1
143,high_noise,ADD_M2_M3,ADD_M2_M3,"M=20,20,20,20,|T=0,0,0,0,|B=2,15,1,50;3,15,1,50;",1.21855695361461,0,1,1,1
143,high_noise,ADD_M2_M3,DOUBLE_M2,"M=20,20,20,20,|T=0,0,0,0,|B=2,15,1,50;2,15,1,50;",4.22256423946243,3.00400728584782,0,1,0
143,high_noise,ADD_M2_M3,DOUBLE_M3,"M=20,20,20,20,|T=0,0,0,0,|B=3,15,1,50;3,15,1,50;",3.10069707370232,1.88214012008771,0,0,0
143,high_noise,ADD_M2_M3,ADD_M1_M3,"M=20,20,20,20,|T=0,0,0,0,|B=1,15,1,50;3,15,1,50;",2.39883859819825,1.18028164458364,0,1,1
143,high_noise,ADD_M2_M3,ADD_M1_M2,"M=20,20,20,20,|T=0,0,0,0,|B=1,15,1,50;2,15,1,50;",1.21855695361461,-2.22044604925031e-16,0,0,0
143,high_noise,ADD_M2_M3,DOUBLE_M1,"M=20,20,20,20,|T=0,0,0,0,|B=1,15,1,50;1,15,1,50;",3.10069707370232,1.88214012008771,0,0,1
144,synchronous,ADD_M2_M3,ADD_M2_M3,"M=20,20,20,20,|T=0,0,0,0,|B=2,15,1,50;3,15,1,50;",2.45539344698956,0,1,1,0
144,synchronous,ADD_M2_M3,DOUBLE_M2,"M=20,20,20,20,|T=0,0,0,0,|B=2,15,1,50;2,15,1,50;",5.09116015484331,2.63576670785374,0,1,0
144,synchronous,ADD_M2_M3,ADD_M1_M3,"M=20,20,20,20,|T=0,0,0,0,|B=1,15,1,50;3,15,1,50;",3.00254152360949,0.54714807661993,0,1,1
144,synchronous,ADD_M2_M3,DOUBLE_M3,"M=20,20,20,20,|T=0,0,0,0,|B=3,15,1,50;3,15,1,50;",3.64001609887413,1.18462265188456,0,0,1
144,synchronous,ADD_M2_M3,ADD_M1_M2,"M=20,20,20,20,|T=0,0,0,0,|B=1,15,1,50;2,15,1,50;",2.45539344698956,8.88178419700125e-16,0,0,0
144,synchronous,ADD_M2_M3,DOUBLE_M1,"M=20,20,20,20,|T=0,0,0,0,|B=1,15,1,50;1,15,1,50;",3.64001609887413,1.18462265188456,0,0,1
144,asynchronous,ADD_M2_M3,ADD_M2_M3,"M=20,20,20,20,|T=0,0,0,0,|B=2,15,1,50;3,15,1,50;",2.45539344698956,0,1,0,0
144,asynchronous,ADD_M2_M3,DOUBLE_M2,"M=20,20,20,20,|T=0,0,0,0,|B=2,15,1,50;2,15,1,50;",5.09116015484331,2.63576670785374,0,0,0
144,asynchronous,ADD_M2_M3,ADD_M1_M3,"M=20,20,20,20,|T=0,0,0,0,|B=1,15,1,50;3,15,1,50;",3.00254152360949,0.54714807661993,0,1,1
144,asynchronous,ADD_M2_M3,DOUBLE_M3,"M=20,20,20,20,|T=0,0,0,0,|B=3,15,1,50;3,15,1,50;",3.64001609887413,1.18462265188456,0,0,1
144,asynchronous,ADD_M2_M3,ADD_M1_M2,"M=20,20,20,20,|T=0,0,0,0,|B=1,15,1,50;2,15,1,50;",2.45539344698956,8.88178419700125e-16,0,1,0
144,asynchronous,ADD_M2_M3,DOUBLE_M1,"M=20,20,20,20,|T=0,0,0,0,|B=1,15,1,50;1,15,1,50;",3.64001609887413,1.18462265188456,0,1,1
144,high_noise,ADD_M2_M3,ADD_M2_M3,"M=20,20,20,20,|T=0,0,0,0,|B=2,15,1,50;3,15,1,50;",2.45539344698956,0,1,0,0
144,high_noise,ADD_M2_M3,DOUBLE_M2,"M=20,20,20,20,|T=0,0,0,0,|B=2,15,1,50;2,15,1,50;",5.09116015484331,2.63576670785374,0,0,0
144,high_noise,ADD_M2_M3,ADD_M1_M3,"M=20,20,20,20,|T=0,0,0,0,|B=1,15,1,50;3,15,1,50;",3.00254152360949,0.54714807661993,0,1,1
144,high_noise,ADD_M2_M3,DOUBLE_M3,"M=20,20,20,20,|T=0,0,0,0,|B=3,15,1,50;3,15,1,50;",3.64001609887413,1.18462265188456,0,0,1
144,high_noise,ADD_M2_M3,ADD_M1_M2,"M=20,20,20,20,|T=0,0,0,0,|B=1,15,1,50;2,15,1,50;",2.45539344698956,8.88178419700125e-16,0,1,0
144,high_noise,ADD_M2_M3,DOUBLE_M1,"M=20,20,20,20,|T=0,0,0,0,|B=1,15,1,50;1,15,1,50;",3.64001609887413,1.18462265188456,0,1,1
145,synchronous,ADD_M2_M3,ADD_M2_M3,"M=20,20,20,20,|T=0,0,0,0,|B=2,15,1,50;3,15,1,50;",2.56495549499549,0,1,1,1
145,synchronous,ADD_M2_M3,DOUBLE_M2,"M=20,20,20,20,|T=0,0,0,0,|B=2,15,1,50;2,15,1,50;",4.8135979555091,2.24864246051361,0,1,0
145,synchronous,ADD_M2_M3,ADD_M1_M3,"M=20,20,20,20,|T=0,0,0,0,|B=1,15,1,50;3,15,1,50;",3.23707698281279,0.672121487817296,0,0,1
145,synchronous,ADD_M2_M3,DOUBLE_M3,"M=20,20,20,20,|T=0,0,0,0,|B=3,15,1,50;3,15,1,50;",3.82388435080155,1.25892885580606,0,1,1
145,synchronous,ADD_M2_M3,ADD_M1_M2,"M=20,20,20,20,|T=0,0,0,0,|B=1,15,1,50;2,15,1,50;",2.56495549499549,-8.88178419700125e-16,0,0,0
145,synchronous,ADD_M2_M3,DOUBLE_M1,"M=20,20,20,20,|T=0,0,0,0,|B=1,15,1,50;1,15,1,50;",3.82388435080155,1.25892885580606,0,0,0
145,asynchronous,ADD_M2_M3,ADD_M2_M3,"M=20,20,20,20,|T=0,0,0,0,|B=2,15,1,50;3,15,1,50;",2.56495549499549,0,1,1,1
145,asynchronous,ADD_M2_M3,DOUBLE_M2,"M=20,20,20,20,|T=0,0,0,0,|B=2,15,1,50;2,15,1,50;",4.8135979555091,2.24864246051361,0,1,0
145,asynchronous,ADD_M2_M3,ADD_M1_M3,"M=20,20,20,20,|T=0,0,0,0,|B=1,15,1,50;3,15,1,50;",3.23707698281279,0.672121487817296,0,0,1
145,asynchronous,ADD_M2_M3,DOUBLE_M3,"M=20,20,20,20,|T=0,0,0,0,|B=3,15,1,50;3,15,1,50;",3.82388435080155,1.25892885580606,0,1,1
145,asynchronous,ADD_M2_M3,ADD_M1_M2,"M=20,20,20,20,|T=0,0,0,0,|B=1,15,1,50;2,15,1,50;",2.56495549499549,-8.88178419700125e-16,0,0,0
145,asynchronous,ADD_M2_M3,DOUBLE_M1,"M=20,20,20,20,|T=0,0,0,0,|B=1,15,1,50;1,15,1,50;",3.82388435080155,1.25892885580606,0,0,0
145,high_noise,ADD_M2_M3,ADD_M2_M3,"M=20,20,20,20,|T=0,0,0,0,|B=2,15,1,50;3,15,1,50;",2.56495549499549,0,1,1,1
145,high_noise,ADD_M2_M3,DOUBLE_M2,"M=20,20,20,20,|T=0,0,0,0,|B=2,15,1,50;2,15,1,50;",4.8135979555091,2.24864246051361,0,1,0
145,high_noise,ADD_M2_M3,ADD_M1_M3,"M=20,20,20,20,|T=0,0,0,0,|B=1,15,1,50;3,15,1,50;",3.23707698281279,0.672121487817296,0,0,1
145,high_noise,ADD_M2_M3,DOUBLE_M3,"M=20,20,20,20,|T=0,0,0,0,|B=3,15,1,50;3,15,1,50;",3.82388435080155,1.25892885580606,0,1,1
145,high_noise,ADD_M2_M3,ADD_M1_M2,"M=20,20,20,20,|T=0,0,0,0,|B=1,15,1,50;2,15,1,50;",2.56495549499549,-8.88178419700125e-16,0,0,0
145,high_noise,ADD_M2_M3,DOUBLE_M1,"M=20,20,20,20,|T=0,0,0,0,|B=1,15,1,50;1,15,1,50;",3.82388435080155,1.25892885580606,0,0,0
146,synchronous,ADD_M2_M3,ADD_M2_M3,"M=20,20,20,20,|T=0,0,0,0,|B=2,15,1,50;3,15,1,50;",2.89891413150295,0,1,1,1
146,synchronous,ADD_M2_M3,DOUBLE_M2,"M=20,20,20,20,|T=0,0,0,0,|B=2,15,1,50;2,15,1,50;",5.21886794413528,2.31995381263232,0,1,0
146,synchronous,ADD_M2_M3,ADD_M1_M3,"M=20,20,20,20,|T=0,0,0,0,|B=1,15,1,50;3,15,1,50;",3.40830637678241,0.509392245279456,0,1,1
146,synchronous,ADD_M2_M3,DOUBLE_M3,"M=20,20,20,20,|T=0,0,0,0,|B=3,15,1,50;3,15,1,50;",4.09315931200152,1.19424518049857,0,0,1
146,synchronous,ADD_M2_M3,ADD_M1_M2,"M=20,20,20,20,|T=0,0,0,0,|B=1,15,1,50;2,15,1,50;",2.89891413150295,-4.44089209850063e-16,0,0,0
146,synchronous,ADD_M2_M3,DOUBLE_M1,"M=20,20,20,20,|T=0,0,0,0,|B=1,15,1,50;1,15,1,50;",4.09315931200152,1.19424518049857,0,0,0
146,asynchronous,ADD_M2_M3,ADD_M2_M3,"M=20,20,20,20,|T=0,0,0,0,|B=2,15,1,50;3,15,1,50;",2.89891413150295,0,1,1,1
146,asynchronous,ADD_M2_M3,DOUBLE_M2,"M=20,20,20,20,|T=0,0,0,0,|B=2,15,1,50;2,15,1,50;",5.21886794413528,2.31995381263232,0,1,0
146,asynchronous,ADD_M2_M3,ADD_M1_M3,"M=20,20,20,20,|T=0,0,0,0,|B=1,15,1,50;3,15,1,50;",3.40830637678241,0.509392245279456,0,0,1
146,asynchronous,ADD_M2_M3,DOUBLE_M3,"M=20,20,20,20,|T=0,0,0,0,|B=3,15,1,50;3,15,1,50;",4.09315931200152,1.19424518049857,0,0,1
146,asynchronous,ADD_M2_M3,ADD_M1_M2,"M=20,20,20,20,|T=0,0,0,0,|B=1,15,1,50;2,15,1,50;",2.89891413150295,-4.44089209850063e-16,0,1,0
146,asynchronous,ADD_M2_M3,DOUBLE_M1,"M=20,20,20,20,|T=0,0,0,0,|B=1,15,1,50;1,15,1,50;",4.09315931200152,1.19424518049857,0,0,0
146,high_noise,ADD_M2_M3,ADD_M2_M3,"M=20,20,20,20,|T=0,0,0,0,|B=2,15,1,50;3,15,1,50;",2.89891413150295,0,1,1,1
146,high_noise,ADD_M2_M3,DOUBLE_M2,"M=20,20,20,20,|T=0,0,0,0,|B=2,15,1,50;2,15,1,50;",5.21886794413528,2.31995381263232,0,1,0
146,high_noise,ADD_M2_M3,ADD_M1_M3,"M=20,20,20,20,|T=0,0,0,0,|B=1,15,1,50;3,15,1,50;",3.40830637678241,0.509392245279456,0,0,1
146,high_noise,ADD_M2_M3,DOUBLE_M3,"M=20,20,20,20,|T=0,0,0,0,|B=3,15,1,50;3,15,1,50;",4.09315931200152,1.19424518049857,0,0,1
146,high_noise,ADD_M2_M3,ADD_M1_M2,"M=20,20,20,20,|T=0,0,0,0,|B=1,15,1,50;2,15,1,50;",2.89891413150295,-4.44089209850063e-16,0,1,0
146,high_noise,ADD_M2_M3,DOUBLE_M1,"M=20,20,20,20,|T=0,0,0,0,|B=1,15,1,50;1,15,1,50;",4.09315931200152,1.19424518049857,0,0,0
147,synchronous,ADD_M2_M3,ADD_M2_M3,"M=20,20,20,20,|T=0,0,0,0,|B=2,15,1,50;3,15,1,50;",1.38347445574273,0,1,1,0
147,synchronous,ADD_M2_M3,DOUBLE_M2,"M=20,20,20,20,|T=0,0,0,0,|B=2,15,1,50;2,15,1,50;",4.3866462298694,3.00317177412667,0,1,1
147,synchronous,ADD_M2_M3,ADD_M1_M3,"M=20,20,20,20,|T=0,0,0,0,|B=1,15,1,50;3,15,1,50;",2.46251388632233,1.0790394305796,0,0,1
147,synchronous,ADD_M2_M3,DOUBLE_M3,"M=20,20,20,20,|T=0,0,0,0,|B=3,15,1,50;3,15,1,50;",3.27089786750992,1.88742341176718,0,1,0
147,synchronous,ADD_M2_M3,ADD_M1_M2,"M=20,20,20,20,|T=0,0,0,0,|B=1,15,1,50;2,15,1,50;",1.38347445574273,-2.22044604925031e-16,0,0,0
147,synchronous,ADD_M2_M3,DOUBLE_M1,"M=20,20,20,20,|T=0,0,0,0,|B=1,15,1,50;1,15,1,50;",3.27089786750992,1.88742341176718,0,0,1
147,asynchronous,ADD_M2_M3,ADD_M2_M3,"M=20,20,20,20,|T=0,0,0,0,|B=2,15,1,50;3,15,1,50;",1.38347445574273,0,1,1,0
147,asynchronous,ADD_M2_M3,DOUBLE_M2,"M=20,20,20,20,|T=0,0,0,0,|B=2,15,1,50;2,15,1,50;",4.3866462298694,3.00317177412667,0,1,1
147,asynchronous,ADD_M2_M3,ADD_M1_M3,"M=20,20,20,20,|T=0,0,0,0,|B=1,15,1,50;3,15,1,50;",2.46251388632233,1.0790394305796,0,0,1
147,asynchronous,ADD_M2_M3,DOUBLE_M3,"M=20,20,20,20,|T=0,0,0,0,|B=3,15,1,50;3,15,1,50;",3.27089786750992,1.88742341176718,0,0,0
147,asynchronous,ADD_M2_M3,ADD_M1_M2,"M=20,20,20,20,|T=0,0,0,0,|B=1,15,1,50;2,15,1,50;",1.38347445574273,-2.22044604925031e-16,0,1,0
147,asynchronous,ADD_M2_M3,DOUBLE_M1,"M=20,20,20,20,|T=0,0,0,0,|B=1,15,1,50;1,15,1,50;",3.27089786750992,1.88742341176718,0,0,1
147,high_noise,ADD_M2_M3,ADD_M2_M3,"M=20,20,20,20,|T=0,0,0,0,|B=2,15,1,50;3,15,1,50;",1.38347445574273,0,1,1,0
147,high_noise,ADD_M2_M3,DOUBLE_M2,"M=20,20,20,20,|T=0,0,0,0,|B=2,15,1,50;2,15,1,50;",4.3866462298694,3.00317177412667,0,1,1
147,high_noise,ADD_M2_M3,ADD_M1_M3,"M=20,20,20,20,|T=0,0,0,0,|B=1,15,1,50;3,15,1,50;",2.46251388632233,1.0790394305796,0,0,1
147,high_noise,ADD_M2_M3,DOUBLE_M3,"M=20,20,20,20,|T=0,0,0,0,|B=3,15,1,50;3,15,1,50;",3.27089786750992,1.88742341176718,0,0,0
147,high_noise,ADD_M2_M3,ADD_M1_M2,"M=20,20,20,20,|T=0,0,0,0,|B=1,15,1,50;2,15,1,50;",1.38347445574273,-2.22044604925031e-16,0,1,0
147,high_noise,ADD_M2_M3,DOUBLE_M1,"M=20,20,20,20,|T=0,0,0,0,|B=1,15,1,50;1,15,1,50;",3.27089786750992,1.88742341176718,0,0,1
148,synchronous,ADD_M2_M3,ADD_M2_M3,"M=20,20,20,20,|T=0,0,0,0,|B=2,15,1,50;3,15,1,50;",1.4313955673655,0,1,1,1
148,synchronous,ADD_M2_M3,DOUBLE_M2,"M=20,20,20,20,|T=0,0,0,0,|B=2,15,1,50;2,15,1,50;",4.47034046292271,3.0389448955572,0,1,1
148,synchronous,ADD_M2_M3,DOUBLE_M3,"M=20,20,20,20,|T=0,0,0,0,|B=3,15,1,50;3,15,1,50;",2.93871554345587,1.50731997609037,0,0,0
148,synchronous,ADD_M2_M3,ADD_M1_M3,"M=20,20,20,20,|T=0,0,0,0,|B=1,15,1,50;3,15,1,50;",2.25550303427059,0.824107466905089,0,1,1
148,synchronous,ADD_M2_M3,ADD_M1_M2,"M=20,20,20,20,|T=0,0,0,0,|B=1,15,1,50;2,15,1,50;",1.4313955673655,-4.44089209850063e-16,0,0,0
148,synchronous,ADD_M2_M3,DOUBLE_M1,"M=20,20,20,20,|T=0,0,0,0,|B=1,15,1,50;1,15,1,50;",2.93871554345587,1.50731997609037,0,0,0
148,asynchronous,ADD_M2_M3,ADD_M2_M3,"M=20,20,20,20,|T=0,0,0,0,|B=2,15,1,50;3,15,1,50;",1.4313955673655,0,1,1,1
148,asynchronous,ADD_M2_M3,DOUBLE_M2,"M=20,20,20,20,|T=0,0,0,0,|B=2,15,1,50;2,15,1,50;",4.47034046292271,3.0389448955572,0,0,1
148,asynchronous,ADD_M2_M3,DOUBLE_M3,"M=20,20,20,20,|T=0,0,0,0,|B=3,15,1,50;3,15,1,50;",2.93871554345587,1.50731997609037,0,0,0
148,asynchronous,ADD_M2_M3,ADD_M1_M3,"M=20,20,20,20,|T=0,0,0,0,|B=1,15,1,50;3,15,1,50;",2.25550303427059,0.824107466905089,0,1,1
148,asynchronous,ADD_M2_M3,ADD_M1_M2,"M=20,20,20,20,|T=0,0,0,0,|B=1,15,1,50;2,15,1,50;",1.4313955673655,-4.44089209850063e-16,0,1,0
148,asynchronous,ADD_M2_M3,DOUBLE_M1,"M=20,20,20,20,|T=0,0,0,0,|B=1,15,1,50;1,15,1,50;",2.93871554345587,1.50731997609037,0,0,0
148,high_noise,ADD_M2_M3,ADD_M2_M3,"M=20,20,20,20,|T=0,0,0,0,|B=2,15,1,50;3,15,1,50;",1.4313955673655,0,1,1,1
148,high_noise,ADD_M2_M3,DOUBLE_M2,"M=20,20,20,20,|T=0,0,0,0,|B=2,15,1,50;2,15,1,50;",4.47034046292271,3.0389448955572,0,0,1
148,high_noise,ADD_M2_M3,DOUBLE_M3,"M=20,20,20,20,|T=0,0,0,0,|B=3,15,1,50;3,15,1,50;",2.93871554345587,1.50731997609037,0,0,0
148,high_noise,ADD_M2_M3,ADD_M1_M3,"M=20,20,20,20,|T=0,0,0,0,|B=1,15,1,50;3,15,1,50;",2.25550303427059,0.824107466905089,0,1,1
148,high_noise,ADD_M2_M3,ADD_M1_M2,"M=20,20,20,20,|T=0,0,0,0,|B=1,15,1,50;2,15,1,50;",1.4313955673655,-4.44089209850063e-16,0,1,0
148,high_noise,ADD_M2_M3,DOUBLE_M1,"M=20,20,20,20,|T=0,0,0,0,|B=1,15,1,50;1,15,1,50;",2.93871554345587,1.50731997609037,0,0,0
149,synchronous,ADD_M2_M3,ADD_M2_M3,"M=20,20,20,20,|T=0,0,0,0,|B=2,15,1,50;3,15,1,50;",2.15239542561415,0,1,1,1
149,synchronous,ADD_M2_M3,DOUBLE_M2,"M=20,20,20,20,|T=0,0,0,0,|B=2,15,1,50;2,15,1,50;",4.82610950311697,2.67371407750282,0,1,0
149,synchronous,ADD_M2_M3,ADD_M1_M3,"M=20,20,20,20,|T=0,0,0,0,|B=1,15,1,50;3,15,1,50;",2.83863642058563,0.686240994971484,0,1,0
149,synchronous,ADD_M2_M3,DOUBLE_M3,"M=20,20,20,20,|T=0,0,0,0,|B=3,15,1,50;3,15,1,50;",3.3888093992326,1.23641397361845,0,0,1
149,synchronous,ADD_M2_M3,ADD_M1_M2,"M=20,20,20,20,|T=0,0,0,0,|B=1,15,1,50;2,15,1,50;",2.15239542561415,0,0,0,1
149,synchronous,ADD_M2_M3,DOUBLE_M1,"M=20,20,20,20,|T=0,0,0,0,|B=1,15,1,50;1,15,1,50;",3.3888093992326,1.23641397361845,0,0,0
149,asynchronous,ADD_M2_M3,ADD_M2_M3,"M=20,20,20,20,|T=0,0,0,0,|B=2,15,1,50;3,15,1,50;",2.15239542561415,0,1,1,1
149,asynchronous,ADD_M2_M3,DOUBLE_M2,"M=20,20,20,20,|T=0,0,0,0,|B=2,15,1,50;2,15,1,50;",4.82610950311697,2.67371407750282,0,1,0
149,asynchronous,ADD_M2_M3,ADD_M1_M3,"M=20,20,20,20,|T=0,0,0,0,|B=1,15,1,50;3,15,1,50;",2.83863642058563,0.686240994971484,0,1,0
149,asynchronous,ADD_M2_M3,DOUBLE_M3,"M=20,20,20,20,|T=0,0,0,0,|B=3,15,1,50;3,15,1,50;",3.3888093992326,1.23641397361845,0,0,1
149,asynchronous,ADD_M2_M3,ADD_M1_M2,"M=20,20,20,20,|T=0,0,0,0,|B=1,15,1,50;2,15,1,50;",2.15239542561415,0,0,0,1
149,asynchronous,ADD_M2_M3,DOUBLE_M1,"M=20,20,20,20,|T=0,0,0,0,|B=1,15,1,50;1,15,1,50;",3.3888093992326,1.23641397361845,0,0,0
149,high_noise,ADD_M2_M3,ADD_M2_M3,"M=20,20,20,20,|T=0,0,0,0,|B=2,15,1,50;3,15,1,50;",2.15239542561415,0,1,1,1
149,high_noise,ADD_M2_M3,DOUBLE_M2,"M=20,20,20,20,|T=0,0,0,0,|B=2,15,1,50;2,15,1,50;",4.82610950311697,2.67371407750282,0,1,0
149,high_noise,ADD_M2_M3,ADD_M1_M3,"M=20,20,20,20,|T=0,0,0,0,|B=1,15,1,50;3,15,1,50;",2.83863642058563,0.686240994971484,0,1,0
149,high_noise,ADD_M2_M3,DOUBLE_M3,"M=20,20,20,20,|T=0,0,0,0,|B=3,15,1,50;3,15,1,50;",3.3888093992326,1.23641397361845,0,0,1
149,high_noise,ADD_M2_M3,ADD_M1_M2,"M=20,20,20,20,|T=0,0,0,0,|B=1,15,1,50;2,15,1,50;",2.15239542561415,0,0,0,1
149,high_noise,ADD_M2_M3,DOUBLE_M1,"M=20,20,20,20,|T=0,0,0,0,|B=1,15,1,50;1,15,1,50;",3.3888093992326,1.23641397361845,0,0,0
150,synchronous,ADD_M2_M3,ADD_M2_M3,"M=20,20,20,20,|T=0,0,0,0,|B=2,15,1,50;3,15,1,50;",3.98821785926954,0,1,1,0
150,synchronous,ADD_M2_M3,DOUBLE_M2,"M=20,20,20,20,|T=0,0,0,0,|B=2,15,1,50;2,15,1,50;",5.80965951057415,1.82144165130461,0,1,1
150,synchronous,ADD_M2_M3,ADD_M1_M3,"M=20,20,20,20,|T=0,0,0,0,|B=1,15,1,50;3,15,1,50;",4.39259140113736,0.40437354186782,0,0,0
150,synchronous,ADD_M2_M3,DOUBLE_M3,"M=20,20,20,20,|T=0,0,0,0,|B=3,15,1,50;3,15,1,50;",4.83860205194521,0.850384192675668,0,1,1
150,synchronous,ADD_M2_M3,ADD_M1_M2,"M=20,20,20,20,|T=0,0,0,0,|B=1,15,1,50;2,15,1,50;",3.98821785926954,-1.33226762955019e-15,0,0,0
150,synchronous,ADD_M2_M3,DOUBLE_M1,"M=20,20,20,20,|T=0,0,0,0,|B=1,15,1,50;1,15,1,50;",4.83860205194521,0.850384192675668,0,0,1
150,asynchronous,ADD_M2_M3,ADD_M2_M3,"M=20,20,20,20,|T=0,0,0,0,|B=2,15,1,50;3,15,1,50;",3.98821785926954,0,1,0,0
150,asynchronous,ADD_M2_M3,DOUBLE_M2,"M=20,20,20,20,|T=0,0,0,0,|B=2,15,1,50;2,15,1,50;",5.80965951057415,1.82144165130461,0,1,1
150,asynchronous,ADD_M2_M3,ADD_M1_M3,"M=20,20,20,20,|T=0,0,0,0,|B=1,15,1,50;3,15,1,50;",4.39259140113736,0.40437354186782,0,0,0
150,asynchronous,ADD_M2_M3,DOUBLE_M3,"M=20,20,20,20,|T=0,0,0,0,|B=3,15,1,50;3,15,1,50;",4.83860205194521,0.850384192675668,0,0,1
150,asynchronous,ADD_M2_M3,ADD_M1_M2,"M=20,20,20,20,|T=0,0,0,0,|B=1,15,1,50;2,15,1,50;",3.98821785926954,-1.33226762955019e-15,0,1,0
150,asynchronous,ADD_M2_M3,DOUBLE_M1,"M=20,20,20,20,|T=0,0,0,0,|B=1,15,1,50;1,15,1,50;",4.83860205194521,0.850384192675668,0,1,1
150,high_noise,ADD_M2_M3,ADD_M2_M3,"M=20,20,20,20,|T=0,0,0,0,|B=2,15,1,50;3,15,1,50;",3.98821785926954,0,1,0,0
150,high_noise,ADD_M2_M3,DOUBLE_M2,"M=20,20,20,20,|T=0,0,0,0,|B=2,15,1,50;2,15,1,50;",5.80965951057415,1.82144165130461,0,1,1
150,high_noise,ADD_M2_M3,ADD_M1_M3,"M=20,20,20,20,|T=0,0,0,0,|B=1,15,1,50;3,15,1,50;",4.39259140113736,0.40437354186782,0,0,0
150,high_noise,ADD_M2_M3,DOUBLE_M3,"M=20,20,20,20,|T=0,0,0,0,|B=3,15,1,50;3,15,1,50;",4.83860205194521,0.850384192675668,0,0,1
150,high_noise,ADD_M2_M3,ADD_M1_M2,"M=20,20,20,20,|T=0,0,0,0,|B=1,15,1,50;2,15,1,50;",3.98821785926954,-1.33226762955019e-15,0,1,0
150,high_noise,ADD_M2_M3,DOUBLE_M1,"M=20,20,20,20,|T=0,0,0,0,|B=1,15,1,50;1,15,1,50;",4.83860205194521,0.850384192675668,0,1,1
151,synchronous,DOUBLE_M3,DOUBLE_M3,"M=20,20,20,20,|T=0,0,0,0,|B=3,15,1,50;3,15,1,50;",1.37311189469976,0,1,1,1
151,synchronous,DOUBLE_M3,ADD_M2_M3,"M=20,20,20,20,|T=0,0,0,0,|B=2,15,1,50;3,15,1,50;",3.07523758698334,1.70212569228357,0,1,1
151,synchronous,DOUBLE_M3,DOUBLE_M2,"M=20,20,20,20,|T=0,0,0,0,|B=2,15,1,50;2,15,1,50;",5.92520402908665,4.55209213438689,0,1,1
151,synchronous,DOUBLE_M3,ADD_M1_M3,"M=20,20,20,20,|T=0,0,0,0,|B=1,15,1,50;3,15,1,50;",2.45893274473019,1.08582085003043,0,0,0
151,synchronous,DOUBLE_M3,ADD_M1_M2,"M=20,20,20,20,|T=0,0,0,0,|B=1,15,1,50;2,15,1,50;",3.07523758698334,1.70212569228358,0,0,0
151,synchronous,DOUBLE_M3,DOUBLE_M1,"M=20,20,20,20,|T=0,0,0,0,|B=1,15,1,50;1,15,1,50;",1.37311189469976,0,0,0,0
151,asynchronous,DOUBLE_M3,DOUBLE_M3,"M=20,20,20,20,|T=0,0,0,0,|B=3,15,1,50;3,15,1,50;",1.37311189469976,0,1,1,1
151,asynchronous,DOUBLE_M3,ADD_M2_M3,"M=20,20,20,20,|T=0,0,0,0,|B=2,15,1,50;3,15,1,50;",3.07523758698334,1.70212569228357,0,1,1
151,asynchronous,DOUBLE_M3,DOUBLE_M2,"M=20,20,20,20,|T=0,0,0,0,|B=2,15,1,50;2,15,1,50;",5.92520402908665,4.55209213438689,0,1,1
151,asynchronous,DOUBLE_M3,ADD_M1_M3,"M=20,20,20,20,|T=0,0,0,0,|B=1,15,1,50;3,15,1,50;",2.45893274473019,1.08582085003043,0,0,0
151,asynchronous,DOUBLE_M3,ADD_M1_M2,"M=20,20,20,20,|T=0,0,0,0,|B=1,15,1,50;2,15,1,50;",3.07523758698334,1.70212569228358,0,0,0
151,asynchronous,DOUBLE_M3,DOUBLE_M1,"M=20,20,20,20,|T=0,0,0,0,|B=1,15,1,50;1,15,1,50;",1.37311189469976,0,0,0,0
151,high_noise,DOUBLE_M3,DOUBLE_M3,"M=20,20,20,20,|T=0,0,0,0,|B=3,15,1,50;3,15,1,50;",1.37311189469976,0,1,1,1
151,high_noise,DOUBLE_M3,ADD_M2_M3,"M=20,20,20,20,|T=0,0,0,0,|B=2,15,1,50;3,15,1,50;",3.07523758698334,1.70212569228357,0,1,1
151,high_noise,DOUBLE_M3,DOUBLE_M2,"M=20,20,20,20,|T=0,0,0,0,|B=2,15,1,50;2,15,1,50;",5.92520402908665,4.55209213438689,0,1,1
151,high_noise,DOUBLE_M3,ADD_M1_M3,"M=20,20,20,20,|T=0,0,0,0,|B=1,15,1,50;3,15,1,50;",2.45893274473019,1.08582085003043,0,0,0
151,high_noise,DOUBLE_M3,ADD_M1_M2,"M=20,20,20,20,|T=0,0,0,0,|B=1,15,1,50;2,15,1,50;",3.07523758698334,1.70212569228358,0,0,0
151,high_noise,DOUBLE_M3,DOUBLE_M1,"M=20,20,20,20,|T=0,0,0,0,|B=1,15,1,50;1,15,1,50;",1.37311189469976,0,0,0,0
152,synchronous,DOUBLE_M3,DOUBLE_M3,"M=20,20,20,20,|T=0,0,0,0,|B=3,15,1,50;3,15,1,50;",3.97844935942511,0,1,1,0
152,synchronous,DOUBLE_M3,ADD_M2_M3,"M=20,20,20,20,|T=0,0,0,0,|B=2,15,1,50;3,15,1,50;",4.68654731301876,0.708097953593651,0,1,1
152,synchronous,DOUBLE_M3,DOUBLE_M2,"M=20,20,20,20,|T=0,0,0,0,|B=2,15,1,50;2,15,1,50;",6.85399174244813,2.87554238302302,0,1,1
152,synchronous,DOUBLE_M3,ADD_M1_M3,"M=20,20,20,20,|T=0,0,0,0,|B=1,15,1,50;3,15,1,50;",4.50305685695497,0.524607497529862,0,0,0
152,synchronous,DOUBLE_M3,ADD_M1_M2,"M=20,20,20,20,|T=0,0,0,0,|B=1,15,1,50;2,15,1,50;",4.68654731301876,0.708097953593651,0,0,0
152,synchronous,DOUBLE_M3,DOUBLE_M1,"M=20,20,20,20,|T=0,0,0,0,|B=1,15,1,50;1,15,1,50;",3.97844935942511,-8.88178419700125e-16,0,0,1
152,asynchronous,DOUBLE_M3,DOUBLE_M3,"M=20,20,20,20,|T=0,0,0,0,|B=3,15,1,50;3,15,1,50;",3.97844935942511,0,1,1,0
152,asynchronous,DOUBLE_M3,ADD_M2_M3,"M=20,20,20,20,|T=0,0,0,0,|B=2,15,1,50;3,15,1,50;",4.68654731301876,0.708097953593651,0,1,1
152,asynchronous,DOUBLE_M3,DOUBLE_M2,"M=20,20,20,20,|T=0,0,0,0,|B=2,15,1,50;2,15,1,50;",6.85399174244813,2.87554238302302,0,1,1
152,asynchronous,DOUBLE_M3,ADD_M1_M3,"M=20,20,20,20,|T=0,0,0,0,|B=1,15,1,50;3,15,1,50;",4.50305685695497,0.524607497529862,0,0,0
152,asynchronous,DOUBLE_M3,ADD_M1_M2,"M=20,20,20,20,|T=0,0,0,0,|B=1,15,1,50;2,15,1,50;",4.68654731301876,0.708097953593651,0,0,0
152,asynchronous,DOUBLE_M3,DOUBLE_M1,"M=20,20,20,20,|T=0,0,0,0,|B=1,15,1,50;1,15,1,50;",3.97844935942511,-8.88178419700125e-16,0,0,1
152,high_noise,DOUBLE_M3,DOUBLE_M3,"M=20,20,20,20,|T=0,0,0,0,|B=3,15,1,50;3,15,1,50;",3.97844935942511,0,1,1,0
152,high_noise,DOUBLE_M3,ADD_M2_M3,"M=20,20,20,20,|T=0,0,0,0,|B=2,15,1,50;3,15,1,50;",4.68654731301876,0.708097953593651,0,1,1
152,high_noise,DOUBLE_M3,DOUBLE_M2,"M=20,20,20,20,|T=0,0,0,0,|B=2,15,1,50;2,15,1,50;",6.85399174244813,2.87554238302302,0,1,1
152,high_noise,DOUBLE_M3,ADD_M1_M3,"M=20,20,20,20,|T=0,0,0,0,|B=1,15,1,50;3,15,1,50;",4.50305685695497,0.524607497529862,0,0,0
152,high_noise,DOUBLE_M3,ADD_M1_M2,"M=20,20,20,20,|T=0,0,0,0,|B=1,15,1,50;2,15,1,50;",4.68654731301876,0.708097953593651,0,0,0
152,high_noise,DOUBLE_M3,DOUBLE_M1,"M=20,20,20,20,|T=0,0,0,0,|B=1,15,1,50;1,15,1,50;",3.97844935942511,-8.88178419700125e-16,0,0,1
153,synchronous,DOUBLE_M3,DOUBLE_M3,"M=20,20,20,20,|T=0,0,0,0,|B=3,15,1,50;3,15,1,50;",4.13111854648533,0,1,1,1
153,synchronous,DOUBLE_M3,ADD_M2_M3,"M=20,20,20,20,|T=0,0,0,0,|B=2,15,1,50;3,15,1,50;",4.83388474122302,0.702766194737692,0,1,0
153,synchronous,DOUBLE_M3,DOUBLE_M2,"M=20,20,20,20,|T=0,0,0,0,|B=2,15,1,50;2,15,1,50;",6.8493915805756,2.71827303409027,0,1,0
153,synchronous,DOUBLE_M3,ADD_M1_M3,"M=20,20,20,20,|T=0,0,0,0,|B=1,15,1,50;3,15,1,50;",4.5318040257195,0.400685479234168,0,0,0
153,synchronous,DOUBLE_M3,ADD_M1_M2,"M=20,20,20,20,|T=0,0,0,0,|B=1,15,1,50;2,15,1,50;",4.83388474122302,0.702766194737692,0,0,1
153,synchronous,DOUBLE_M3,DOUBLE_M1,"M=20,20,20,20,|T=0,0,0,0,|B=1,15,1,50;1,15,1,50;",4.13111854648533,0,0,0,1
153,asynchronous,DOUBLE_M3,DOUBLE_M3,"M=20,20,20,20,|T=0,0,0,0,|B=3,15,1,50;3,15,1,50;",4.13111854648533,0,1,1,1
153,asynchronous,DOUBLE_M3,ADD_M2_M3,"M=20,20,20,20,|T=0,0,0,0,|B=2,15,1,50;3,15,1,50;",4.83388474122302,0.702766194737692,0,1,0
153,asynchronous,DOUBLE_M3,DOUBLE_M2,"M=20,20,20,20,|T=0,0,0,0,|B=2,15,1,50;2,15,1,50;",6.8493915805756,2.71827303409027,0,1,0
153,asynchronous,DOUBLE_M3,ADD_M1_M3,"M=20,20,20,20,|T=0,0,0,0,|B=1,15,1,50;3,15,1,50;",4.5318040257195,0.400685479234168,0,0,0
153,asynchronous,DOUBLE_M3,ADD_M1_M2,"M=20,20,20,20,|T=0,0,0,0,|B=1,15,1,50;2,15,1,50;",4.83388474122302,0.702766194737692,0,0,1
153,asynchronous,DOUBLE_M3,DOUBLE_M1,"M=20,20,20,20,|T=0,0,0,0,|B=1,15,1,50;1,15,1,50;",4.13111854648533,0,0,0,1
153,high_noise,DOUBLE_M3,DOUBLE_M3,"M=20,20,20,20,|T=0,0,0,0,|B=3,15,1,50;3,15,1,50;",4.13111854648533,0,1,1,1
153,high_noise,DOUBLE_M3,ADD_M2_M3,"M=20,20,20,20,|T=0,0,0,0,|B=2,15,1,50;3,15,1,50;",4.83388474122302,0.702766194737692,0,1,0
153,high_noise,DOUBLE_M3,DOUBLE_M2,"M=20,20,20,20,|T=0,0,0,0,|B=2,15,1,50;2,15,1,50;",6.8493915805756,2.71827303409027,0,1,0
153,high_noise,DOUBLE_M3,ADD_M1_M3,"M=20,20,20,20,|T=0,0,0,0,|B=1,15,1,50;3,15,1,50;",4.5318040257195,0.400685479234168,0,0,0
153,high_noise,DOUBLE_M3,ADD_M1_M2,"M=20,20,20,20,|T=0,0,0,0,|B=1,15,1,50;2,15,1,50;",4.83388474122302,0.702766194737692,0,0,1
153,high_noise,DOUBLE_M3,DOUBLE_M1,"M=20,20,20,20,|T=0,0,0,0,|B=1,15,1,50;1,15,1,50;",4.13111854648533,0,0,0,1
154,synchronous,DOUBLE_M3,DOUBLE_M3,"M=20,20,20,20,|T=0,0,0,0,|B=3,15,1,50;3,15,1,50;",2.94283425911674,0,1,1,1
154,synchronous,DOUBLE_M3,ADD_M2_M3,"M=20,20,20,20,|T=0,0,0,0,|B=2,15,1,50;3,15,1,50;",3.86962808908931,0.926793829972565,0,1,1
154,synchronous,DOUBLE_M3,DOUBLE_M2,"M=20,20,20,20,|T=0,0,0,0,|B=2,15,1,50;2,15,1,50;",6.38161277141853,3.43877851230178,0,1,0
154,synchronous,DOUBLE_M3,ADD_M1_M3,"M=20,20,20,20,|T=0,0,0,0,|B=1,15,1,50;3,15,1,50;",3.51891128774013,0.576077028623387,0,0,1
154,synchronous,DOUBLE_M3,ADD_M1_M2,"M=20,20,20,20,|T=0,0,0,0,|B=1,15,1,50;2,15,1,50;",3.86962808908931,0.926793829972564,0,0,0
154,synchronous,DOUBLE_M3,DOUBLE_M1,"M=20,20,20,20,|T=0,0,0,0,|B=1,15,1,50;1,15,1,50;",2.94283425911674,-4.44089209850063e-16,0,0,0
154,asynchronous,DOUBLE_M3,DOUBLE_M3,"M=20,20,20,20,|T=0,0,0,0,|B=3,15,1,50;3,15,1,50;",2.94283425911674,0,1,1,1
154,asynchronous,DOUBLE_M3,ADD_M2_M3,"M=20,20,20,20,|T=0,0,0,0,|B=2,15,1,50;3,15,1,50;",3.86962808908931,0.926793829972565,0,1,1
154,asynchronous,DOUBLE_M3,DOUBLE_M2,"M=20,20,20,20,|T=0,0,0,0,|B=2,15,1,50;2,15,1,50;",6.38161277141853,3.43877851230178,0,1,0
154,asynchronous,DOUBLE_M3,ADD_M1_M3,"M=20,20,20,20,|T=0,0,0,0,|B=1,15,1,50;3,15,1,50;",3.51891128774013,0.576077028623387,0,0,1
154,asynchronous,DOUBLE_M3,ADD_M1_M2,"M=20,20,20,20,|T=0,0,0,0,|B=1,15,1,50;2,15,1,50;",3.86962808908931,0.926793829972564,0,0,0
154,asynchronous,DOUBLE_M3,DOUBLE_M1,"M=20,20,20,20,|T=0,0,0,0,|B=1,15,1,50;1,15,1,50;",2.94283425911674,-4.44089209850063e-16,0,0,0
154,high_noise,DOUBLE_M3,DOUBLE_M3,"M=20,20,20,20,|T=0,0,0,0,|B=3,15,1,50;3,15,1,50;",2.94283425911674,0,1,1,1
154,high_noise,DOUBLE_M3,ADD_M2_M3,"M=20,20,20,20,|T=0,0,0,0,|B=2,15,1,50;3,15,1,50;",3.86962808908931,0.926793829972565,0,1,1
154,high_noise,DOUBLE_M3,DOUBLE_M2,"M=20,20,20,20,|T=0,0,0,0,|B=2,15,1,50;2,15,1,50;",6.38161277141853,3.43877851230178,0,1,0
154,high_noise,DOUBLE_M3,ADD_M1_M3,"M=20,20,20,20,|T=0,0,0,0,|B=1,15,1,50;3,15,1,50;",3.51891128774013,0.576077028623387,0,0,1
154,high_noise,DOUBLE_M3,ADD_M1_M2,"M=20,20,20,20,|T=0,0,0,0,|B=1,15,1,50;2,15,1,50;",3.86962808908931,0.926793829972564,0,0,0
154,high_noise,DOUBLE_M3,DOUBLE_M1,"M=20,20,20,20,|T=0,0,0,0,|B=1,15,1,50;1,15,1,50;",2.94283425911674,-4.44089209850063e-16,0,0,0
155,synchronous,DOUBLE_M3,DOUBLE_M3,"M=20,20,20,20,|T=0,0,0,0,|B=3,15,1,50;3,15,1,50;",3.81892542045522,0,1,1,0
155,synchronous,DOUBLE_M3,ADD_M2_M3,"M=20,20,20,20,|T=0,0,0,0,|B=2,15,1,50;3,15,1,50;",4.50275076979014,0.683825349334918,0,1,1
155,synchronous,DOUBLE_M3,DOUBLE_M2,"M=20,20,20,20,|T=0,0,0,0,|B=2,15,1,50;2,15,1,50;",6.83573592164402,3.0168105011888,0,1,1
155,synchronous,DOUBLE_M3,ADD_M1_M3,"M=20,20,20,20,|T=0,0,0,0,|B=1,15,1,50;3,15,1,50;",4.17515895453325,0.356233534078028,0,0,0
155,synchronous,DOUBLE_M3,ADD_M1_M2,"M=20,20,20,20,|T=0,0,0,0,|B=1,15,1,50;2,15,1,50;",4.50275076979014,0.683825349334918,0,0,0
155,synchronous,DOUBLE_M3,DOUBLE_M1,"M=20,20,20,20,|T=0,0,0,0,|B=1,15,1,50;1,15,1,50;",3.81892542045522,4.44089209850063e-16,0,0,1
155,asynchronous,DOUBLE_M3,DOUBLE_M3,"M=20,20,20,20,|T=0,0,0,0,|B=3,15,1,50;3,15,1,50;",3.81892542045522,0,1,0,0
155,asynchronous,DOUBLE_M3,ADD_M2_M3,"M=20,20,20,20,|T=0,0,0,0,|B=2,15,1,50;3,15,1,50;",4.50275076979014,0.683825349334918,0,1,1
155,asynchronous,DOUBLE_M3,DOUBLE_M2,"M=20,20,20,20,|T=0,0,0,0,|B=2,15,1,50;2,15,1,50;",6.83573592164402,3.0168105011888,0,0,1
155,asynchronous,DOUBLE_M3,ADD_M1_M3,"M=20,20,20,20,|T=0,0,0,0,|B=1,15,1,50;3,15,1,50;",4.17515895453325,0.356233534078028,0,1,0
155,asynchronous,DOUBLE_M3,ADD_M1_M2,"M=20,20,20,20,|T=0,0,0,0,|B=1,15,1,50;2,15,1,50;",4.50275076979014,0.683825349334918,0,1,0
155,asynchronous,DOUBLE_M3,DOUBLE_M1,"M=20,20,20,20,|T=0,0,0,0,|B=1,15,1,50;1,15,1,50;",3.81892542045522,4.44089209850063e-16,0,0,1
155,high_noise,DOUBLE_M3,DOUBLE_M3,"M=20,20,20,20,|T=0,0,0,0,|B=3,15,1,50;3,15,1,50;",3.81892542045522,0,1,0,0
155,high_noise,DOUBLE_M3,ADD_M2_M3,"M=20,20,20,20,|T=0,0,0,0,|B=2,15,1,50;3,15,1,50;",4.50275076979014,0.683825349334918,0,1,1
155,high_noise,DOUBLE_M3,DOUBLE_M2,"M=20,20,20,20,|T=0,0,0,0,|B=2,15,1,50;2,15,1,50;",6.83573592164402,3.0168105011888,0,0,1
155,high_noise,DOUBLE_M3,ADD_M1_M3,"M=20,20,20,20,|T=0,0,0,0,|B=1,15,1,50;3,15,1,50;",4.17515895453325,0.356233534078028,0,1,0
155,high_noise,DOUBLE_M3,ADD_M1_M2,"M=20,20,20,20,|T=0,0,0,0,|B=1,15,1,50;2,15,1,50;",4.50275076979014,0.683825349334918,0,1,0
155,high_noise,DOUBLE_M3,DOUBLE_M1,"M=20,20,20,20,|T=0,0,0,0,|B=1,15,1,50;1,15,1,50;",3.81892542045522,4.44089209850063e-16,0,0,1
156,synchronous,DOUBLE_M3,DOUBLE_M3,"M=20,20,20,20,|T=0,0,0,0,|B=3,15,1,50;3,15,1,50;",1.18161755634026,0,1,1,1
156,synchronous,DOUBLE_M3,ADD_M2_M3,"M=20,20,20,20,|T=0,0,0,0,|B=2,15,1,50;3,15,1,50;",2.83626620439937,1.65464864805912,0,1,1
156,synchronous,DOUBLE_M3,DOUBLE_M2,"M=20,20,20,20,|T=0,0,0,0,|B=2,15,1,50;2,15,1,50;",5.73818424928219,4.55656669294194,0,1,1
156,synchronous,DOUBLE_M3,ADD_M1_M3,"M=20,20,20,20,|T=0,0,0,0,|B=1,15,1,50;3,15,1,50;",2.28918935027761,1.10757179393735,0,0,0
156,synchronous,DOUBLE_M3,ADD_M1_M2,"M=20,20,20,20,|T=0,0,0,0,|B=1,15,1,50;2,15,1,50;",2.83626620439937,1.65464864805912,0,0,0
156,synchronous,DOUBLE_M3,DOUBLE_M1,"M=20,20,20,20,|T=0,0,0,0,|B=1,15,1,50;1,15,1,50;",1.18161755634026,-6.66133814775094e-16,0,0,0
156,asynchronous,DOUBLE_M3,DOUBLE_M3,"M=20,20,20,20,|T=0,0,0,0,|B=3,15,1,50;3,15,1,50;",1.18161755634026,0,1,1,1
156,asynchronous,DOUBLE_M3,ADD_M2_M3,"M=20,20,20,20,|T=0,0,0,0,|B=2,15,1,50;3,15,1,50;",2.83626620439937,1.65464864805912,0,1,1
156,asynchronous,DOUBLE_M3,DOUBLE_M2,"M=20,20,20,20,|T=0,0,0,0,|B=2,15,1,50;2,15,1,50;",5.73818424928219,4.55656669294194,0,1,1
156,asynchronous,DOUBLE_M3,ADD_M1_M3,"M=20,20,20,20,|T=0,0,0,0,|B=1,15,1,50;3,15,1,50;",2.28918935027761,1.10757179393735,0,0,0
156,asynchronous,DOUBLE_M3,ADD_M1_M2,"M=20,20,20,20,|T=0,0,0,0,|B=1,15,1,50;2,15,1,50;",2.83626620439937,1.65464864805912,0,0,0
156,asynchronous,DOUBLE_M3,DOUBLE_M1,"M=20,20,20,20,|T=0,0,0,0,|B=1,15,1,50;1,15,1,50;",1.18161755634026,-6.66133814775094e-16,0,0,0
156,high_noise,DOUBLE_M3,DOUBLE_M3,"M=20,20,20,20,|T=0,0,0,0,|B=3,15,1,50;3,15,1,50;",1.18161755634026,0,1,1,1
156,high_noise,DOUBLE_M3,ADD_M2_M3,"M=20,20,20,20,|T=0,0,0,0,|B=2,15,1,50;3,15,1,50;",2.83626620439937,1.65464864805912,0,1,1
156,high_noise,DOUBLE_M3,DOUBLE_M2,"M=20,20,20,20,|T=0,0,0,0,|B=2,15,1,50;2,15,1,50;",5.73818424928219,4.55656669294194,0,1,1
156,high_noise,DOUBLE_M3,ADD_M1_M3,"M=20,20,20,20,|T=0,0,0,0,|B=1,15,1,50;3,15,1,50;",2.28918935027761,1.10757179393735,0,0,0
156,high_noise,DOUBLE_M3,ADD_M1_M2,"M=20,20,20,20,|T=0,0,0,0,|B=1,15,1,50;2,15,1,50;",2.83626620439937,1.65464864805912,0,0,0
156,high_noise,DOUBLE_M3,DOUBLE_M1,"M=20,20,20,20,|T=0,0,0,0,|B=1,15,1,50;1,15,1,50;",1.18161755634026,-6.66133814775094e-16,0,0,0
157,synchronous,DOUBLE_M3,DOUBLE_M3,"M=20,20,20,20,|T=0,0,0,0,|B=3,15,1,50;3,15,1,50;",2.4551165118358,0,1,1,0
157,synchronous,DOUBLE_M3,ADD_M2_M3,"M=20,20,20,20,|T=0,0,0,0,|B=2,15,1,50;3,15,1,50;",3.48193310927942,1.02681659744362,0,1,0
157,synchronous,DOUBLE_M3,DOUBLE_M2,"M=20,20,20,20,|T=0,0,0,0,|B=2,15,1,50;2,15,1,50;",6.06361530715956,3.60849879532376,0,1,1
157,synchronous,DOUBLE_M3,ADD_M1_M3,"M=20,20,20,20,|T=0,0,0,0,|B=1,15,1,50;3,15,1,50;",3.15678325813017,0.701666746294365,0,0,0
157,synchronous,DOUBLE_M3,ADD_M1_M2,"M=20,20,20,20,|T=0,0,0,0,|B=1,15,1,50;2,15,1,50;",3.48193310927942,1.02681659744362,0,0,1
157,synchronous,DOUBLE_M3,DOUBLE_M1,"M=20,20,20,20,|T=0,0,0,0,|B=1,15,1,50;1,15,1,50;",2.4551165118358,0,0,0,1
157,asynchronous,DOUBLE_M3,DOUBLE_M3,"M=20,20,20,20,|T=0,0,0,0,|B=3,15,1,50;3,15,1,50;",2.4551165118358,0,1,1,0
157,asynchronous,DOUBLE_M3,ADD_M2_M3,"M=20,20,20,20,|T=0,0,0,0,|B=2,15,1,50;3,15,1,50;",3.48193310927942,1.02681659744362,0,1,0
157,asynchronous,DOUBLE_M3,DOUBLE_M2,"M=20,20,20,20,|T=0,0,0,0,|B=2,15,1,50;2,15,1,50;",6.06361530715956,3.60849879532376,0,1,1
157,asynchronous,DOUBLE_M3,ADD_M1_M3,"M=20,20,20,20,|T=0,0,0,0,|B=1,15,1,50;3,15,1,50;",3.15678325813017,0.701666746294365,0,0,0
157,asynchronous,DOUBLE_M3,ADD_M1_M2,"M=20,20,20,20,|T=0,0,0,0,|B=1,15,1,50;2,15,1,50;",3.48193310927942,1.02681659744362,0,0,1
157,asynchronous,DOUBLE_M3,DOUBLE_M1,"M=20,20,20,20,|T=0,0,0,0,|B=1,15,1,50;1,15,1,50;",2.4551165118358,0,0,0,1
157,high_noise,DOUBLE_M3,DOUBLE_M3,"M=20,20,20,20,|T=0,0,0,0,|B=3,15,1,50;3,15,1,50;",2.4551165118358,0,1,1,0
157,high_noise,DOUBLE_M3,ADD_M2_M3,"M=20,20,20,20,|T=0,0,0,0,|B=2,15,1,50;3,15,1,50;",3.48193310927942,1.02681659744362,0,1,0
157,high_noise,DOUBLE_M3,DOUBLE_M2,"M=20,20,20,20,|T=0,0,0,0,|B=2,15,1,50;2,15,1,50;",6.06361530715956,3.60849879532376,0,1,1
157,high_noise,DOUBLE_M3,ADD_M1_M3,"M=20,20,20,20,|T=0,0,0,0,|B=1,15,1,50;3,15,1,50;",3.15678325813017,0.701666746294365,0,0,0
157,high_noise,DOUBLE_M3,ADD_M1_M2,"M=20,20,20,20,|T=0,0,0,0,|B=1,15,1,50;2,15,1,50;",3.48193310927942,1.02681659744362,0,0,1
157,high_noise,DOUBLE_M3,DOUBLE_M1,"M=20,20,20,20,|T=0,0,0,0,|B=1,15,1,50;1,15,1,50;",2.4551165118358,0,0,0,1
158,synchronous,DOUBLE_M3,DOUBLE_M3,"M=20,20,20,20,|T=0,0,0,0,|B=3,15,1,50;3,15,1,50;",3.1093101865531,0,1,1,1
158,synchronous,DOUBLE_M3,ADD_M2_M3,"M=20,20,20,20,|T=0,0,0,0,|B=2,15,1,50;3,15,1,50;",3.92464779632629,0.815337609773187,0,1,0
158,synchronous,DOUBLE_M3,DOUBLE_M2,"M=20,20,20,20,|T=0,0,0,0,|B=2,15,1,50;2,15,1,50;",6.34482991866988,3.23551973211678,0,1,0
158,synchronous,DOUBLE_M3,ADD_M1_M3,"M=20,20,20,20,|T=0,0,0,0,|B=1,15,1,50;3,15,1,50;",3.58598951053392,0.476679323980816,0,0,1
158,synchronous,DOUBLE_M3,ADD_M1_M2,"M=20,20,20,20,|T=0,0,0,0,|B=1,15,1,50;2,15,1,50;",3.92464779632629,0.815337609773187,0,0,1
158,synchronous,DOUBLE_M3,DOUBLE_M1,"M=20,20,20,20,|T=0,0,0,0,|B=1,15,1,50;1,15,1,50;",3.1093101865531,0,0,0,0
158,asynchronous,DOUBLE_M3,DOUBLE_M3,"M=20,20,20,20,|T=0,0,0,0,|B=3,15,1,50;3,15,1,50;",3.1093101865531,0,1,1,1
158,asynchronous,DOUBLE_M3,ADD_M2_M3,"M=20,20,20,20,|T=0,0,0,0,|B=2,15,1,50;3,15,1,50;",3.92464779632629,0.815337609773187,0,1,0
158,asynchronous,DOUBLE_M3,DOUBLE_M2,"M=20,20,20,20,|T=0,0,0,0,|B=2,15,1,50;2,15,1,50;",6.34482991866988,3.23551973211678,0,1,0
158,asynchronous,DOUBLE_M3,ADD_M1_M3,"M=20,20,20,20,|T=0,0,0,0,|B=1,15,1,50;3,15,1,50;",3.58598951053392,0.476679323980816,0,0,1
158,asynchronous,DOUBLE_M3,ADD_M1_M2,"M=20,20,20,20,|T=0,0,0,0,|B=1,15,1,50;2,15,1,50;",3.92464779632629,0.815337609773187,0,0,1
158,asynchronous,DOUBLE_M3,DOUBLE_M1,"M=20,20,20,20,|T=0,0,0,0,|B=1,15,1,50;1,15,1,50;",3.1093101865531,0,0,0,0
158,high_noise,DOUBLE_M3,DOUBLE_M3,"M=20,20,20,20,|T=0,0,0,0,|B=3,15,1,50;3,15,1,50;",3.1093101865531,0,1,1,1
158,high_noise,DOUBLE_M3,ADD_M2_M3,"M=20,20,20,20,|T=0,0,0,0,|B=2,15,1,50;3,15,1,50;",3.92464779632629,0.815337609773187,0,1,0
158,high_noise,DOUBLE_M3,DOUBLE_M2,"M=20,20,20,20,|T=0,0,0,0,|B=2,15,1,50;2,15,1,50;",6.34482991866988,3.23551973211678,0,1,0
158,high_noise,DOUBLE_M3,ADD_M1_M3,"M=20,20,20,20,|T=0,0,0,0,|B=1,15,1,50;3,15,1,50;",3.58598951053392,0.476679323980816,0,0,1
158,high_noise,DOUBLE_M3,ADD_M1_M2,"M=20,20,20,20,|T=0,0,0,0,|B=1,15,1,50;2,15,1,50;",3.92464779632629,0.815337609773187,0,0,1
158,high_noise,DOUBLE_M3,DOUBLE_M1,"M=20,20,20,20,|T=0,0,0,0,|B=1,15,1,50;1,15,1,50;",3.1093101865531,0,0,0,0
159,synchronous,DOUBLE_M3,DOUBLE_M3,"M=20,20,20,20,|T=0,0,0,0,|B=3,15,1,50;3,15,1,50;",3.81667443778392,0,1,1,1
159,synchronous,DOUBLE_M3,ADD_M2_M3,"M=20,20,20,20,|T=0,0,0,0,|B=2,15,1,50;3,15,1,50;",4.5431919825247,0.726517544740775,0,1,0
159,synchronous,DOUBLE_M3,DOUBLE_M2,"M=20,20,20,20,|T=0,0,0,0,|B=2,15,1,50;2,15,1,50;",6.72884017976077,2.91216574197685,0,1,1
159,synchronous,DOUBLE_M3,ADD_M1_M3,"M=20,20,20,20,|T=0,0,0,0,|B=1,15,1,50;3,15,1,50;",4.28280229627401,0.466127858490088,0,0,0
159,synchronous,DOUBLE_M3,ADD_M1_M2,"M=20,20,20,20,|T=0,0,0,0,|B=1,15,1,50;2,15,1,50;",4.5431919825247,0.726517544740775,0,0,0
159,synchronous,DOUBLE_M3,DOUBLE_M1,"M=20,20,20,20,|T=0,0,0,0,|B=1,15,1,50;1,15,1,50;",3.81667443778392,0,0,0,1
159,asynchronous,DOUBLE_M3,DOUBLE_M3,"M=20,20,20,20,|T=0,0,0,0,|B=3,15,1,50;3,15,1,50;",3.81667443778392,0,1,0,1
159,asynchronous,DOUBLE_M3,ADD_M2_M3,"M=20,20,20,20,|T=0,0,0,0,|B=2,15,1,50;3,15,1,50;",4.5431919825247,0.726517544740775,0,0,0
159,asynchronous,DOUBLE_M3,DOUBLE_M2,"M=20,20,20,20,|T=0,0,0,0,|B=2,15,1,50;2,15,1,50;",6.72884017976077,2.91216574197685,0,1,1
159,asynchronous,DOUBLE_M3,ADD_M1_M3,"M=20,20,20,20,|T=0,0,0,0,|B=1,15,1,50;3,15,1,50;",4.28280229627401,0.466127858490088,0,0,0
159,asynchronous,DOUBLE_M3,ADD_M1_M2,"M=20,20,20,20,|T=0,0,0,0,|B=1,15,1,50;2,15,1,50;",4.5431919825247,0.726517544740775,0,1,0
159,asynchronous,DOUBLE_M3,DOUBLE_M1,"M=20,20,20,20,|T=0,0,0,0,|B=1,15,1,50;1,15,1,50;",3.81667443778392,0,0,1,1
159,high_noise,DOUBLE_M3,DOUBLE_M3,"M=20,20,20,20,|T=0,0,0,0,|B=3,15,1,50;3,15,1,50;",3.81667443778392,0,1,0,1
159,high_noise,DOUBLE_M3,ADD_M2_M3,"M=20,20,20,20,|T=0,0,0,0,|B=2,15,1,50;3,15,1,50;",4.5431919825247,0.726517544740775,0,0,0
159,high_noise,DOUBLE_M3,DOUBLE_M2,"M=20,20,20,20,|T=0,0,0,0,|B=2,15,1,50;2,15,1,50;",6.72884017976077,2.91216574197685,0,1,1
159,high_noise,DOUBLE_M3,ADD_M1_M3,"M=20,20,20,20,|T=0,0,0,0,|B=1,15,1,50;3,15,1,50;",4.28280229627401,0.466127858490088,0,0,0
159,high_noise,DOUBLE_M3,ADD_M1_M2,"M=20,20,20,20,|T=0,0,0,0,|B=1,15,1,50;2,15,1,50;",4.5431919825247,0.726517544740775,0,1,0
159,high_noise,DOUBLE_M3,DOUBLE_M1,"M=20,20,20,20,|T=0,0,0,0,|B=1,15,1,50;1,15,1,50;",3.81667443778392,0,0,1,1
160,synchronous,DOUBLE_M3,DOUBLE_M3,"M=20,20,20,20,|T=0,0,0,0,|B=3,15,1,50;3,15,1,50;",3.68963180010108,0,1,1,0
160,synchronous,DOUBLE_M3,ADD_M2_M3,"M=20,20,20,20,|T=0,0,0,0,|B=2,15,1,50;3,15,1,50;",4.45004959881682,0.760417798715733,0,1,1
160,synchronous,DOUBLE_M3,DOUBLE_M2,"M=20,20,20,20,|T=0,0,0,0,|B=2,15,1,50;2,15,1,50;",6.79241125788749,3.1027794577864,0,1,1
160,synchronous,DOUBLE_M3,ADD_M1_M3,"M=20,20,20,20,|T=0,0,0,0,|B=1,15,1,50;3,15,1,50;",4.2228310413162,0.533199241215118,0,0,0
160,synchronous,DOUBLE_M3,ADD_M1_M2,"M=20,20,20,20,|T=0,0,0,0,|B=1,15,1,50;2,15,1,50;",4.45004959881682,0.760417798715732,0,0,0
160,synchronous,DOUBLE_M3,DOUBLE_M1,"M=20,20,20,20,|T=0,0,0,0,|B=1,15,1,50;1,15,1,50;",3.68963180010108,-8.88178419700125e-16,0,0,1
160,asynchronous,DOUBLE_M3,DOUBLE_M3,"M=20,20,20,20,|T=0,0,0,0,|B=3,15,1,50;3,15,1,50;",3.68963180010108,0,1,1,0
160,asynchronous,DOUBLE_M3,ADD_M2_M3,"M=20,20,20,20,|T=0,0,0,0,|B=2,15,1,50;3,15,1,50;",4.45004959881682,0.760417798715733,0,1,1
160,asynchronous,DOUBLE_M3,DOUBLE_M2,"M=20,20,20,20,|T=0,0,0,0,|B=2,15,1,50;2,15,1,50;",6.79241125788749,3.1027794577864,0,1,1
160,asynchronous,DOUBLE_M3,ADD_M1_M3,"M=20,20,20,20,|T=0,0,0,0,|B=1,15,1,50;3,15,1,50;",4.2228310413162,0.533199241215118,0,0,0
160,asynchronous,DOUBLE_M3,ADD_M1_M2,"M=20,20,20,20,|T=0,0,0,0,|B=1,15,1,50;2,15,1,50;",4.45004959881682,0.760417798715732,0,0,0
160,asynchronous,DOUBLE_M3,DOUBLE_M1,"M=20,20,20,20,|T=0,0,0,0,|B=1,15,1,50;1,15,1,50;",3.68963180010108,-8.88178419700125e-16,0,0,1
160,high_noise,DOUBLE_M3,DOUBLE_M3,"M=20,20,20,20,|T=0,0,0,0,|B=3,15,1,50;3,15,1,50;",3.68963180010108,0,1,1,0
160,high_noise,DOUBLE_M3,ADD_M2_M3,"M=20,20,20,20,|T=0,0,0,0,|B=2,15,1,50;3,15,1,50;",4.45004959881682,0.760417798715733,0,1,1
160,high_noise,DOUBLE_M3,DOUBLE_M2,"M=20,20,20,20,|T=0,0,0,0,|B=2,15,1,50;2,15,1,50;",6.79241125788749,3.1027794577864,0,1,1
160,high_noise,DOUBLE_M3,ADD_M1_M3,"M=20,20,20,20,|T=0,0,0,0,|B=1,15,1,50;3,15,1,50;",4.2228310413162,0.533199241215118,0,0,0
160,high_noise,DOUBLE_M3,ADD_M1_M2,"M=20,20,20,20,|T=0,0,0,0,|B=1,15,1,50;2,15,1,50;",4.45004959881682,0.760417798715732,0,0,0
160,high_noise,DOUBLE_M3,DOUBLE_M1,"M=20,20,20,20,|T=0,0,0,0,|B=1,15,1,50;1,15,1,50;",3.68963180010108,-8.88178419700125e-16,0,0,1
161,synchronous,DOUBLE_M3,DOUBLE_M3,"M=20,20,20,20,|T=0,0,0,0,|B=3,15,1,50;3,15,1,50;",3.31777173042903,0,1,1,0
161,synchronous,DOUBLE_M3,ADD_M2_M3,"M=20,20,20,20,|T=0,0,0,0,|B=2,15,1,50;3,15,1,50;",4.21196276977935,0.894191039350319,0,1,1
161,synchronous,DOUBLE_M3,DOUBLE_M2,"M=20,20,20,20,|T=0,0,0,0,|B=2,15,1,50;2,15,1,50;",6.56356810427434,3.24579637384531,0,1,1
161,synchronous,DOUBLE_M3,ADD_M1_M3,"M=20,20,20,20,|T=0,0,0,0,|B=1,15,1,50;3,15,1,50;",3.83630678025838,0.518535049829345,0,0,1
161,synchronous,DOUBLE_M3,ADD_M1_M2,"M=20,20,20,20,|T=0,0,0,0,|B=1,15,1,50;2,15,1,50;",4.21196276977935,0.89419103935032,0,0,0
161,synchronous,DOUBLE_M3,DOUBLE_M1,"M=20,20,20,20,|T=0,0,0,0,|B=1,15,1,50;1,15,1,50;",3.31777173042903,-8.88178419700125e-16,0,0,0
161,asynchronous,DOUBLE_M3,DOUBLE_M3,"M=20,20,20,20,|T=0,0,0,0,|B=3,15,1,50;3,15,1,50;",3.31777173042903,0,1,1,0
161,asynchronous,DOUBLE_M3,ADD_M2_M3,"M=20,20,20,20,|T=0,0,0,0,|B=2,15,1,50;3,15,1,50;",4.21196276977935,0.894191039350319,0,1,1
161,asynchronous,DOUBLE_M3,DOUBLE_M2,"M=20,20,20,20,|T=0,0,0,0,|B=2,15,1,50;2,15,1,50;",6.56356810427434,3.24579637384531,0,1,1
161,asynchronous,DOUBLE_M3,ADD_M1_M3,"M=20,20,20,20,|T=0,0,0,0,|B=1,15,1,50;3,15,1,50;",3.83630678025838,0.518535049829345,0,0,1
161,asynchronous,DOUBLE_M3,ADD_M1_M2,"M=20,20,20,20,|T=0,0,0,0,|B=1,15,1,50;2,15,1,50;",4.21196276977935,0.89419103935032,0,0,0
161,asynchronous,DOUBLE_M3,DOUBLE_M1,"M=20,20,20,20,|T=0,0,0,0,|B=1,15,1,50;1,15,1,50;",3.31777173042903,-8.88178419700125e-16,0,0,0
161,high_noise,DOUBLE_M3,DOUBLE_M3,"M=20,20,20,20,|T=0,0,0,0,|B=3,15,1,50;3,15,1,50;",3.31777173042903,0,1,1,0
161,high_noise,DOUBLE_M3,ADD_M2_M3,"M=20,20,20,20,|T=0,0,0,0,|B=2,15,1,50;3,15,1,50;",4.21196276977935,0.894191039350319,0,1,1
161,high_noise,DOUBLE_M3,DOUBLE_M2,"M=20,20,20,20,|T=0,0,0,0,|B=2,15,1,50;2,15,1,50;",6.56356810427434,3.24579637384531,0,1,1
161,high_noise,DOUBLE_M3,ADD_M1_M3,"M=20,20,20,20,|T=0,0,0,0,|B=1,15,1,50;3,15,1,50;",3.83630678025838,0.518535049829345,0,0,1
161,high_noise,DOUBLE_M3,ADD_M1_M2,"M=20,20,20,20,|T=0,0,0,0,|B=1,15,1,50;2,15,1,50;",4.21196276977935,0.89419103935032,0,0,0
161,high_noise,DOUBLE_M3,DOUBLE_M1,"M=20,20,20,20,|T=0,0,0,0,|B=1,15,1,50;1,15,1,50;",3.31777173042903,-8.88178419700125e-16,0,0,0
162,synchronous,DOUBLE_M3,DOUBLE_M3,"M=20,20,20,20,|T=0,0,0,0,|B=3,15,1,50;3,15,1,50;",2.6482695959127,0,1,1,0
162,synchronous,DOUBLE_M3,ADD_M2_M3,"M=20,20,20,20,|T=0,0,0,0,|B=2,15,1,50;3,15,1,50;",3.66835000528155,1.02008040936885,0,1,1
162,synchronous,DOUBLE_M3,DOUBLE_M2,"M=20,20,20,20,|T=0,0,0,0,|B=2,15,1,50;2,15,1,50;",6.25893773503104,3.61066813911834,0,1,1
162,synchronous,DOUBLE_M3,ADD_M1_M3,"M=20,20,20,20,|T=0,0,0,0,|B=1,15,1,50;3,15,1,50;",3.20389041246803,0.555620816555325,0,0,0
162,synchronous,DOUBLE_M3,ADD_M1_M2,"M=20,20,20,20,|T=0,0,0,0,|B=1,15,1,50;2,15,1,50;",3.66835000528155,1.02008040936885,0,0,1
162,synchronous,DOUBLE_M3,DOUBLE_M1,"M=20,20,20,20,|T=0,0,0,0,|B=1,15,1,50;1,15,1,50;",2.6482695959127,0,0,0,0
162,asynchronous,DOUBLE_M3,DOUBLE_M3,"M=20,20,20,20,|T=0,0,0,0,|B=3,15,1,50;3,15,1,50;",2.6482695959127,0,1,1,0
162,asynchronous,DOUBLE_M3,ADD_M2_M3,"M=20,20,20,20,|T=0,0,0,0,|B=2,15,1,50;3,15,1,50;",3.66835000528155,1.02008040936885,0,1,1
162,asynchronous,DOUBLE_M3,DOUBLE_M2,"M=20,20,20,20,|T=0,0,0,0,|B=2,15,1,50;2,15,1,50;",6.25893773503104,3.61066813911834,0,1,1
162,asynchronous,DOUBLE_M3,ADD_M1_M3,"M=20,20,20,20,|T=0,0,0,0,|B=1,15,1,50;3,15,1,50;",3.20389041246803,0.555620816555325,0,0,0
162,asynchronous,DOUBLE_M3,ADD_M1_M2,"M=20,20,20,20,|T=0,0,0,0,|B=1,15,1,50;2,15,1,50;",3.66835000528155,1.02008040936885,0,0,1
162,asynchronous,DOUBLE_M3,DOUBLE_M1,"M=20,20,20,20,|T=0,0,0,0,|B=1,15,1,50;1,15,1,50;",2.6482695959127,0,0,0,0
162,high_noise,DOUBLE_M3,DOUBLE_M3,"M=20,20,20,20,|T=0,0,0,0,|B=3,15,1,50;3,15,1,50;",2.6482695959127,0,1,1,0
162,high_noise,DOUBLE_M3,ADD_M2_M3,"M=20,20,20,20,|T=0,0,0,0,|B=2,15,1,50;3,15,1,50;",3.66835000528155,1.02008040936885,0,1,1
162,high_noise,DOUBLE_M3,DOUBLE_M2,"M=20,20,20,20,|T=0,0,0,0,|B=2,15,1,50;2,15,1,50;",6.25893773503104,3.61066813911834,0,1,1
162,high_noise,DOUBLE_M3,ADD_M1_M3,"M=20,20,20,20,|T=0,0,0,0,|B=1,15,1,50;3,15,1,50;",3.20389041246803,0.555620816555325,0,0,0
162,high_noise,DOUBLE_M3,ADD_M1_M2,"M=20,20,20,20,|T=0,0,0,0,|B=1,15,1,50;2,15,1,50;",3.66835000528155,1.02008040936885,0,0,1
162,high_noise,DOUBLE_M3,DOUBLE_M1,"M=20,20,20,20,|T=0,0,0,0,|B=1,15,1,50;1,15,1,50;",2.6482695959127,0,0,0,0
163,synchronous,DOUBLE_M3,DOUBLE_M3,"M=20,20,20,20,|T=0,0,0,0,|B=3,15,1,50;3,15,1,50;",2.1717577398338,0,1,1,0
163,synchronous,DOUBLE_M3,ADD_M2_M3,"M=20,20,20,20,|T=0,0,0,0,|B=2,15,1,50;3,15,1,50;",3.45115143337639,1.27939369354259,0,1,1
163,synchronous,DOUBLE_M3,DOUBLE_M2,"M=20,20,20,20,|T=0,0,0,0,|B=2,15,1,50;2,15,1,50;",6.23200937346483,4.06025163363103,0,1,0
163,synchronous,DOUBLE_M3,ADD_M1_M3,"M=20,20,20,20,|T=0,0,0,0,|B=1,15,1,50;3,15,1,50;",2.95151649859265,0.779758758758853,0,0,1
163,synchronous,DOUBLE_M3,ADD_M1_M2,"M=20,20,20,20,|T=0,0,0,0,|B=1,15,1,50;2,15,1,50;",3.45115143337639,1.27939369354259,0,0,0
163,synchronous,DOUBLE_M3,DOUBLE_M1,"M=20,20,20,20,|T=0,0,0,0,|B=1,15,1,50;1,15,1,50;",2.1717577398338,-8.88178419700125e-16,0,0,1
163,asynchronous,DOUBLE_M3,DOUBLE_M3,"M=20,20,20,20,|T=0,0,0,0,|B=3,15,1,50;3,15,1,50;",2.1717577398338,0,1,0,0
163,asynchronous,DOUBLE_M3,ADD_M2_M3,"M=20,20,20,20,|T=0,0,0,0,|B=2,15,1,50;3,15,1,50;",3.45115143337639,1.27939369354259,0,0,1
163,asynchronous,DOUBLE_M3,DOUBLE_M2,"M=20,20,20,20,|T=0,0,0,0,|B=2,15,1,50;2,15,1,50;",6.23200937346483,4.06025163363103,0,1,0
163,asynchronous,DOUBLE_M3,ADD_M1_M3,"M=20,20,20,20,|T=0,0,0,0,|B=1,15,1,50;3,15,1,50;",2.95151649859265,0.779758758758853,0,0,1
163,asynchronous,DOUBLE_M3,ADD_M1_M2,"M=20,20,20,20,|T=0,0,0,0,|B=1,15,1,50;2,15,1,50;",3.45115143337639,1.27939369354259,0,1,0
163,asynchronous,DOUBLE_M3,DOUBLE_M1,"M=20,20,20,20,|T=0,0,0,0,|B=1,15,1,50;1,15,1,50;",2.1717577398338,-8.88178419700125e-16,0,1,1
163,high_noise,DOUBLE_M3,DOUBLE_M3,"M=20,20,20,20,|T=0,0,0,0,|B=3,15,1,50;3,15,1,50;",2.1717577398338,0,1,0,0
163,high_noise,DOUBLE_M3,ADD_M2_M3,"M=20,20,20,20,|T=0,0,0,0,|B=2,15,1,50;3,15,1,50;",3.45115143337639,1.27939369354259,0,0,1
163,high_noise,DOUBLE_M3,DOUBLE_M2,"M=20,20,20,20,|T=0,0,0,0,|B=2,15,1,50;2,15,1,50;",6.23200937346483,4.06025163363103,0,1,0
163,high_noise,DOUBLE_M3,ADD_M1_M3,"M=20,20,20,20,|T=0,0,0,0,|B=1,15,1,50;3,15,1,50;",2.95151649859265,0.779758758758853,0,0,1
163,high_noise,DOUBLE_M3,ADD_M1_M2,"M=20,20,20,20,|T=0,0,0,0,|B=1,15,1,50;2,15,1,50;",3.45115143337639,1.27939369354259,0,1,0
163,high_noise,DOUBLE_M3,DOUBLE_M1,"M=20,20,20,20,|T=0,0,0,0,|B=1,15,1,50;1,15,1,50;",2.1717577398338,-8.88178419700125e-16,0,1,1
164,synchronous,DOUBLE_M3,DOUBLE_M3,"M=20,20,20,20,|T=0,0,0,0,|B=3,15,1,50;3,15,1,50;",3.41228591097047,0,1,1,1
164,synchronous,DOUBLE_M3,ADD_M2_M3,"M=20,20,20,20,|T=0,0,0,0,|B=2,15,1,50;3,15,1,50;",4.30827964099017,0.895993730019697,0,1,1
164,synchronous,DOUBLE_M3,DOUBLE_M2,"M=20,20,20,20,|T=0,0,0,0,|B=2,15,1,50;2,15,1,50;",6.69798539439632,3.28569948342585,0,1,0
164,synchronous,DOUBLE_M3,ADD_M1_M3,"M=20,20,20,20,|T=0,0,0,0,|B=1,15,1,50;3,15,1,50;",3.88604791468841,0.473762003717937,0,0,0
164,synchronous,DOUBLE_M3,ADD_M1_M2,"M=20,20,20,20,|T=0,0,0,0,|B=1,15,1,50;2,15,1,50;",4.30827964099017,0.895993730019698,0,0,0
164,synchronous,DOUBLE_M3,DOUBLE_M1,"M=20,20,20,20,|T=0,0,0,0,|B=1,15,1,50;1,15,1,50;",3.41228591097047,0,0,0,1
164,asynchronous,DOUBLE_M3,DOUBLE_M3,"M=20,20,20,20,|T=0,0,0,0,|B=3,15,1,50;3,15,1,50;",3.41228591097047,0,1,1,1
164,asynchronous,DOUBLE_M3,ADD_M2_M3,"M=20,20,20,20,|T=0,0,0,0,|B=2,15,1,50;3,15,1,50;",4.30827964099017,0.895993730019697,0,1,1
164,asynchronous,DOUBLE_M3,DOUBLE_M2,"M=20,20,20,20,|T=0,0,0,0,|B=2,15,1,50;2,15,1,50;",6.69798539439632,3.28569948342585,0,1,0
164,asynchronous,DOUBLE_M3,ADD_M1_M3,"M=20,20,20,20,|T=0,0,0,0,|B=1,15,1,50;3,15,1,50;",3.88604791468841,0.473762003717937,0,0,0
164,asynchronous,DOUBLE_M3,ADD_M1_M2,"M=20,20,20,20,|T=0,0,0,0,|B=1,15,1,50;2,15,1,50;",4.30827964099017,0.895993730019698,0,0,0
164,asynchronous,DOUBLE_M3,DOUBLE_M1,"M=20,20,20,20,|T=0,0,0,0,|B=1,15,1,50;1,15,1,50;",3.41228591097047,0,0,0,1
164,high_noise,DOUBLE_M3,DOUBLE_M3,"M=20,20,20,20,|T=0,0,0,0,|B=3,15,1,50;3,15,1,50;",3.41228591097047,0,1,1,1
164,high_noise,DOUBLE_M3,ADD_M2_M3,"M=20,20,20,20,|T=0,0,0,0,|B=2,15,1,50;3,15,1,50;",4.30827964099017,0.895993730019697,0,1,1
164,high_noise,DOUBLE_M3,DOUBLE_M2,"M=20,20,20,20,|T=0,0,0,0,|B=2,15,1,50;2,15,1,50;",6.69798539439632,3.28569948342585,0,1,0
164,high_noise,DOUBLE_M3,ADD_M1_M3,"M=20,20,20,20,|T=0,0,0,0,|B=1,15,1,50;3,15,1,50;",3.88604791468841,0.473762003717937,0,0,0
164,high_noise,DOUBLE_M3,ADD_M1_M2,"M=20,20,20,20,|T=0,0,0,0,|B=1,15,1,50;2,15,1,50;",4.30827964099017,0.895993730019698,0,0,0
164,high_noise,DOUBLE_M3,DOUBLE_M1,"M=20,20,20,20,|T=0,0,0,0,|B=1,15,1,50;1,15,1,50;",3.41228591097047,0,0,0,1
165,synchronous,DOUBLE_M3,DOUBLE_M3,"M=20,20,20,20,|T=0,0,0,0,|B=3,15,1,50;3,15,1,50;",2.00835828366507,0,1,1,1
165,synchronous,DOUBLE_M3,ADD_M2_M3,"M=20,20,20,20,|T=0,0,0,0,|B=2,15,1,50;3,15,1,50;",3.48440432995819,1.47604604629312,0,1,0
165,synchronous,DOUBLE_M3,DOUBLE_M2,"M=20,20,20,20,|T=0,0,0,0,|B=2,15,1,50;2,15,1,50;",6.19418844437877,4.1858301607137,0,1,0
165,synchronous,DOUBLE_M3,ADD_M1_M3,"M=20,20,20,20,|T=0,0,0,0,|B=1,15,1,50;3,15,1,50;",2.98547529309487,0.977117009429801,0,0,0
165,synchronous,DOUBLE_M3,ADD_M1_M2,"M=20,20,20,20,|T=0,0,0,0,|B=1,15,1,50;2,15,1,50;",3.48440432995819,1.47604604629312,0,0,1
165,synchronous,DOUBLE_M3,DOUBLE_M1,"M=20,20,20,20,|T=0,0,0,0,|B=1,15,1,50;1,15,1,50;",2.00835828366507,-8.88178419700125e-16,0,0,1
165,asynchronous,DOUBLE_M3,DOUBLE_M3,"M=20,20,20,20,|T=0,0,0,0,|B=3,15,1,50;3,15,1,50;",2.00835828366507,0,1,1,1
165,asynchronous,DOUBLE_M3,ADD_M2_M3,"M=20,20,20,20,|T=0,0,0,0,|B=2,15,1,50;3,15,1,50;",3.48440432995819,1.47604604629312,0,1,0
165,asynchronous,DOUBLE_M3,DOUBLE_M2,"M=20,20,20,20,|T=0,0,0,0,|B=2,15,1,50;2,15,1,50;",6.19418844437877,4.1858301607137,0,1,0
165,asynchronous,DOUBLE_M3,ADD_M1_M3,"M=20,20,20,20,|T=0,0,0,0,|B=1,15,1,50;3,15,1,50;",2.98547529309487,0.977117009429801,0,0,0
165,asynchronous,DOUBLE_M3,ADD_M1_M2,"M=20,20,20,20,|T=0,0,0,0,|B=1,15,1,50;2,15,1,50;",3.48440432995819,1.47604604629312,0,0,1
165,asynchronous,DOUBLE_M3,DOUBLE_M1,"M=20,20,20,20,|T=0,0,0,0,|B=1,15,1,50;1,15,1,50;",2.00835828366507,-8.88178419700125e-16,0,0,1
165,high_noise,DOUBLE_M3,DOUBLE_M3,"M=20,20,20,20,|T=0,0,0,0,|B=3,15,1,50;3,15,1,50;",2.00835828366507,0,1,1,1
165,high_noise,DOUBLE_M3,ADD_M2_M3,"M=20,20,20,20,|T=0,0,0,0,|B=2,15,1,50;3,15,1,50;",3.48440432995819,1.47604604629312,0,1,0
165,high_noise,DOUBLE_M3,DOUBLE_M2,"M=20,20,20,20,|T=0,0,0,0,|B=2,15,1,50;2,15,1,50;",6.19418844437877,4.1858301607137,0,1,0
165,high_noise,DOUBLE_M3,ADD_M1_M3,"M=20,20,20,20,|T=0,0,0,0,|B=1,15,1,50;3,15,1,50;",2.98547529309487,0.977117009429801,0,0,0
165,high_noise,DOUBLE_M3,ADD_M1_M2,"M=20,20,20,20,|T=0,0,0,0,|B=1,15,1,50;2,15,1,50;",3.48440432995819,1.47604604629312,0,0,1
165,high_noise,DOUBLE_M3,DOUBLE_M1,"M=20,20,20,20,|T=0,0,0,0,|B=1,15,1,50;1,15,1,50;",2.00835828366507,-8.88178419700125e-16,0,0,1
166,synchronous,DOUBLE_M3,DOUBLE_M3,"M=20,20,20,20,|T=0,0,0,0,|B=3,15,1,50;3,15,1,50;",3.6748688880173,0,1,1,0
166,synchronous,DOUBLE_M3,ADD_M2_M3,"M=20,20,20,20,|T=0,0,0,0,|B=2,15,1,50;3,15,1,50;",4.32566007479926,0.650791186781967,0,1,1
166,synchronous,DOUBLE_M3,DOUBLE_M2,"M=20,20,20,20,|T=0,0,0,0,|B=2,15,1,50;2,15,1,50;",6.69851672916659,3.0236478411493,0,1,1
166,synchronous,DOUBLE_M3,ADD_M1_M3,"M=20,20,20,20,|T=0,0,0,0,|B=1,15,1,50;3,15,1,50;",3.97372477196154,0.298855883944248,0,0,1
166,synchronous,DOUBLE_M3,ADD_M1_M2,"M=20,20,20,20,|T=0,0,0,0,|B=1,15,1,50;2,15,1,50;",4.32566007479926,0.650791186781967,0,0,0
166,synchronous,DOUBLE_M3,DOUBLE_M1,"M=20,20,20,20,|T=0,0,0,0,|B=1,15,1,50;1,15,1,50;",3.6748688880173,0,0,0,0
166,asynchronous,DOUBLE_M3,DOUBLE_M3,"M=20,20,20,20,|T=0,0,0,0,|B=3,15,1,50;3,15,1,50;",3.6748688880173,0,1,1,0
166,asynchronous,DOUBLE_M3,ADD_M2_M3,"M=20,20,20,20,|T=0,0,0,0,|B=2,15,1,50;3,15,1,50;",4.32566007479926,0.650791186781967,0,1,1
166,asynchronous,DOUBLE_M3,DOUBLE_M2,"M=20,20,20,20,|T=0,0,0,0,|B=2,15,1,50;2,15,1,50;",6.69851672916659,3.0236478411493,0,1,1
166,asynchronous,DOUBLE_M3,ADD_M1_M3,"M=20,20,20,20,|T=0,0,0,0,|B=1,15,1,50;3,15,1,50;",3.97372477196154,0.298855883944248,0,0,1
166,asynchronous,DOUBLE_M3,ADD_M1_M2,"M=20,20,20,20,|T=0,0,0,0,|B=1,15,1,50;2,15,1,50;",4.32566007479926,0.650791186781967,0,0,0
166,asynchronous,DOUBLE_M3,DOUBLE_M1,"M=20,20,20,20,|T=0,0,0,0,|B=1,15,1,50;1,15,1,50;",3.6748688880173,0,0,0,0
166,high_noise,DOUBLE_M3,DOUBLE_M3,"M=20,20,20,20,|T=0,0,0,0,|B=3,15,1,50;3,15,1,50;",3.6748688880173,0,1,1,0
166,high_noise,DOUBLE_M3,ADD_M2_M3,"M=20,20,20,20,|T=0,0,0,0,|B=2,15,1,50;3,15,1,50;",4.32566007479926,0.650791186781967,0,1,1
166,high_noise,DOUBLE_M3,DOUBLE_M2,"M=20,20,20,20,|T=0,0,0,0,|B=2,15,1,50;2,15,1,50;",6.69851672916659,3.0236478411493,0,1,1
166,high_noise,DOUBLE_M3,ADD_M1_M3,"M=20,20,20,20,|T=0,0,0,0,|B=1,15,1,50;3,15,1,50;",3.97372477196154,0.298855883944248,0,0,1
166,high_noise,DOUBLE_M3,ADD_M1_M2,"M=20,20,20,20,|T=0,0,0,0,|B=1,15,1,50;2,15,1,50;",4.32566007479926,0.650791186781967,0,0,0
166,high_noise,DOUBLE_M3,DOUBLE_M1,"M=20,20,20,20,|T=0,0,0,0,|B=1,15,1,50;1,15,1,50;",3.6748688880173,0,0,0,0
167,synchronous,DOUBLE_M3,DOUBLE_M3,"M=20,20,20,20,|T=0,0,0,0,|B=3,15,1,50;3,15,1,50;",1.99272479335579,0,1,1,1
167,synchronous,DOUBLE_M3,ADD_M2_M3,"M=20,20,20,20,|T=0,0,0,0,|B=2,15,1,50;3,15,1,50;",3.15404883255776,1.16132403920196,0,1,1
167,synchronous,DOUBLE_M3,DOUBLE_M2,"M=20,20,20,20,|T=0,0,0,0,|B=2,15,1,50;2,15,1,50;",5.982243653204,3.9895188598482,0,1,0
167,synchronous,DOUBLE_M3,ADD_M1_M3,"M=20,20,20,20,|T=0,0,0,0,|B=1,15,1,50;3,15,1,50;",2.78596519779744,0.793240404441648,0,0,0
167,synchronous,DOUBLE_M3,ADD_M1_M2,"M=20,20,20,20,|T=0,0,0,0,|B=1,15,1,50;2,15,1,50;",3.15404883255776,1.16132403920197,0,0,0
167,synchronous,DOUBLE_M3,DOUBLE_M1,"M=20,20,20,20,|T=0,0,0,0,|B=1,15,1,50;1,15,1,50;",1.99272479335579,0,0,0,1
167,asynchronous,DOUBLE_M3,DOUBLE_M3,"M=20,20,20,20,|T=0,0,0,0,|B=3,15,1,50;3,15,1,50;",1.99272479335579,0,1,0,1
167,asynchronous,DOUBLE_M3,ADD_M2_M3,"M=20,20,20,20,|T=0,0,0,0,|B=2,15,1,50;3,15,1,50;",3.15404883255776,1.16132403920196,0,0,1
167,asynchronous,DOUBLE_M3,DOUBLE_M2,"M=20,20,20,20,|T=0,0,0,0,|B=2,15,1,50;2,15,1,50;",5.982243653204,3.9895188598482,0,1,0
167,asynchronous,DOUBLE_M3,ADD_M1_M3,"M=20,20,20,20,|T=0,0,0,0,|B=1,15,1,50;3,15,1,50;",2.78596519779744,0.793240404441648,0,0,0
167,asynchronous,DOUBLE_M3,ADD_M1_M2,"M=20,20,20,20,|T=0,0,0,0,|B=1,15,1,50;2,15,1,50;",3.15404883255776,1.16132403920197,0,1,0
167,asynchronous,DOUBLE_M3,DOUBLE_M1,"M=20,20,20,20,|T=0,0,0,0,|B=1,15,1,50;1,15,1,50;",1.99272479335579,0,0,1,1
167,high_noise,DOUBLE_M3,DOUBLE_M3,"M=20,20,20,20,|T=0,0,0,0,|B=3,15,1,50;3,15,1,50;",1.99272479335579,0,1,0,1
167,high_noise,DOUBLE_M3,ADD_M2_M3,"M=20,20,20,20,|T=0,0,0,0,|B=2,15,1,50;3,15,1,50;",3.15404883255776,1.16132403920196,0,0,1
167,high_noise,DOUBLE_M3,DOUBLE_M2,"M=20,20,20,20,|T=0,0,0,0,|B=2,15,1,50;2,15,1,50;",5.982243653204,3.9895188598482,0,1,0
167,high_noise,DOUBLE_M3,ADD_M1_M3,"M=20,20,20,20,|T=0,0,0,0,|B=1,15,1,50;3,15,1,50;",2.78596519779744,0.793240404441648,0,0,0
167,high_noise,DOUBLE_M3,ADD_M1_M2,"M=20,20,20,20,|T=0,0,0,0,|B=1,15,1,50;2,15,1,50;",3.15404883255776,1.16132403920197,0,1,0
167,high_noise,DOUBLE_M3,DOUBLE_M1,"M=20,20,20,20,|T=0,0,0,0,|B=1,15,1,50;1,15,1,50;",1.99272479335579,0,0,1,1
168,synchronous,DOUBLE_M3,DOUBLE_M3,"M=20,20,20,20,|T=0,0,0,0,|B=3,15,1,50;3,15,1,50;",2.37283250265008,0,1,1,1
168,synchronous,DOUBLE_M3,ADD_M2_M3,"M=20,20,20,20,|T=0,0,0,0,|B=2,15,1,50;3,15,1,50;",3.43436820358489,1.06153570093481,0,1,1
168,synchronous,DOUBLE_M3,DOUBLE_M2,"M=20,20,20,20,|T=0,0,0,0,|B=2,15,1,50;2,15,1,50;",6.17789950378836,3.80506700113829,0,1,0
168,synchronous,DOUBLE_M3,ADD_M1_M3,"M=20,20,20,20,|T=0,0,0,0,|B=1,15,1,50;3,15,1,50;",2.97980543882825,0.606972936178174,0,0,0
168,synchronous,DOUBLE_M3,ADD_M1_M2,"M=20,20,20,20,|T=0,0,0,0,|B=1,15,1,50;2,15,1,50;",3.43436820358489,1.06153570093482,0,0,1
168,synchronous,DOUBLE_M3,DOUBLE_M1,"M=20,20,20,20,|T=0,0,0,0,|B=1,15,1,50;1,15,1,50;",2.37283250265008,4.44089209850063e-16,0,0,0
168,asynchronous,DOUBLE_M3,DOUBLE_M3,"M=20,20,20,20,|T=0,0,0,0,|B=3,15,1,50;3,15,1,50;",2.37283250265008,0,1,1,1
168,asynchronous,DOUBLE_M3,ADD_M2_M3,"M=20,20,20,20,|T=0,0,0,0,|B=2,15,1,50;3,15,1,50;",3.43436820358489,1.06153570093481,0,1,1
168,asynchronous,DOUBLE_M3,DOUBLE_M2,"M=20,20,20,20,|T=0,0,0,0,|B=2,15,1,50;2,15,1,50;",6.17789950378836,3.80506700113829,0,1,0
168,asynchronous,DOUBLE_M3,ADD_M1_M3,"M=20,20,20,20,|T=0,0,0,0,|B=1,15,1,50;3,15,1,50;",2.97980543882825,0.606972936178174,0,0,0
168,asynchronous,DOUBLE_M3,ADD_M1_M2,"M=20,20,20,20,|T=0,0,0,0,|B=1,15,1,50;2,15,1,50;",3.43436820358489,1.06153570093482,0,0,1
168,asynchronous,DOUBLE_M3,DOUBLE_M1,"M=20,20,20,20,|T=0,0,0,0,|B=1,15,1,50;1,15,1,50;",2.37283250265008,4.44089209850063e-16,0,0,0
168,high_noise,DOUBLE_M3,DOUBLE_M3,"M=20,20,20,20,|T=0,0,0,0,|B=3,15,1,50;3,15,1,50;",2.37283250265008,0,1,1,1
168,high_noise,DOUBLE_M3,ADD_M2_M3,"M=20,20,20,20,|T=0,0,0,0,|B=2,15,1,50;3,15,1,50;",3.43436820358489,1.06153570093481,0,1,1
168,high_noise,DOUBLE_M3,DOUBLE_M2,"M=20,20,20,20,|T=0,0,0,0,|B=2,15,1,50;2,15,1,50;",6.17789950378836,3.80506700113829,0,1,0
168,high_noise,DOUBLE_M3,ADD_M1_M3,"M=20,20,20,20,|T=0,0,0,0,|B=1,15,1,50;3,15,1,50;",2.97980543882825,0.606972936178174,0,0,0
168,high_noise,DOUBLE_M3,ADD_M1_M2,"M=20,20,20,20,|T=0,0,0,0,|B=1,15,1,50;2,15,1,50;",3.43436820358489,1.06153570093482,0,0,1
168,high_noise,DOUBLE_M3,DOUBLE_M1,"M=20,20,20,20,|T=0,0,0,0,|B=1,15,1,50;1,15,1,50;",2.37283250265008,4.44089209850063e-16,0,0,0
169,synchronous,DOUBLE_M3,DOUBLE_M3,"M=20,20,20,20,|T=0,0,0,0,|B=3,15,1,50;3,15,1,50;",1.17019264322403,0,1,1,0
169,synchronous,DOUBLE_M3,ADD_M2_M3,"M=20,20,20,20,|T=0,0,0,0,|B=2,15,1,50;3,15,1,50;",2.84188972648697,1.67169708326295,0,1,1
169,synchronous,DOUBLE_M3,DOUBLE_M2,"M=20,20,20,20,|T=0,0,0,0,|B=2,15,1,50;2,15,1,50;",5.84524031430033,4.6750476710763,0,1,1
169,synchronous,DOUBLE_M3,ADD_M1_M3,"M=20,20,20,20,|T=0,0,0,0,|B=1,15,1,50;3,15,1,50;",2.3656550019705,1.19546235874648,0,0,1
169,synchronous,DOUBLE_M3,ADD_M1_M2,"M=20,20,20,20,|T=0,0,0,0,|B=1,15,1,50;2,15,1,50;",2.84188972648697,1.67169708326295,0,0,0
169,synchronous,DOUBLE_M3,DOUBLE_M1,"M=20,20,20,20,|T=0,0,0,0,|B=1,15,1,50;1,15,1,50;",1.17019264322403,2.22044604925031e-16,0,0,0
169,asynchronous,DOUBLE_M3,DOUBLE_M3,"M=20,20,20,20,|T=0,0,0,0,|B=3,15,1,50;3,15,1,50;",1.17019264322403,0,1,1,0
169,asynchronous,DOUBLE_M3,ADD_M2_M3,"M=20,20,20,20,|T=0,0,0,0,|B=2,15,1,50;3,15,1,50;",2.84188972648697,1.67169708326295,0,1,1
169,asynchronous,DOUBLE_M3,DOUBLE_M2,"M=20,20,20,20,|T=0,0,0,0,|B=2,15,1,50;2,15,1,50;",5.84524031430033,4.6750476710763,0,1,1
169,asynchronous,DOUBLE_M3,ADD_M1_M3,"M=20,20,20,20,|T=0,0,0,0,|B=1,15,1,50;3,15,1,50;",2.3656550019705,1.19546235874648,0,0,1
169,asynchronous,DOUBLE_M3,ADD_M1_M2,"M=20,20,20,20,|T=0,0,0,0,|B=1,15,1,50;2,15,1,50;",2.84188972648697,1.67169708326295,0,0,0
169,asynchronous,DOUBLE_M3,DOUBLE_M1,"M=20,20,20,20,|T=0,0,0,0,|B=1,15,1,50;1,15,1,50;",1.17019264322403,2.22044604925031e-16,0,0,0
169,high_noise,DOUBLE_M3,DOUBLE_M3,"M=20,20,20,20,|T=0,0,0,0,|B=3,15,1,50;3,15,1,50;",1.17019264322403,0,1,1,0
169,high_noise,DOUBLE_M3,ADD_M2_M3,"M=20,20,20,20,|T=0,0,0,0,|B=2,15,1,50;3,15,1,50;",2.84188972648697,1.67169708326295,0,1,1
169,high_noise,DOUBLE_M3,DOUBLE_M2,"M=20,20,20,20,|T=0,0,0,0,|B=2,15,1,50;2,15,1,50;",5.84524031430033,4.6750476710763,0,1,1
169,high_noise,DOUBLE_M3,ADD_M1_M3,"M=20,20,20,20,|T=0,0,0,0,|B=1,15,1,50;3,15,1,50;",2.3656550019705,1.19546235874648,0,0,1
169,high_noise,DOUBLE_M3,ADD_M1_M2,"M=20,20,20,20,|T=0,0,0,0,|B=1,15,1,50;2,15,1,50;",2.84188972648697,1.67169708326295,0,0,0
169,high_noise,DOUBLE_M3,DOUBLE_M1,"M=20,20,20,20,|T=0,0,0,0,|B=1,15,1,50;1,15,1,50;",1.17019264322403,2.22044604925031e-16,0,0,0
170,synchronous,DOUBLE_M3,DOUBLE_M3,"M=20,20,20,20,|T=0,0,0,0,|B=3,15,1,50;3,15,1,50;",1.85815068822222,0,1,1,0
170,synchronous,DOUBLE_M3,ADD_M2_M3,"M=20,20,20,20,|T=0,0,0,0,|B=2,15,1,50;3,15,1,50;",3.16407144052465,1.30592075230242,0,1,1
170,synchronous,DOUBLE_M3,DOUBLE_M2,"M=20,20,20,20,|T=0,0,0,0,|B=2,15,1,50;2,15,1,50;",6.03196006555509,4.17380937733286,0,1,0
170,synchronous,DOUBLE_M3,ADD_M1_M3,"M=20,20,20,20,|T=0,0,0,0,|B=1,15,1,50;3,15,1,50;",2.62496902545594,0.766818337233711,0,0,0
170,synchronous,DOUBLE_M3,ADD_M1_M2,"M=20,20,20,20,|T=0,0,0,0,|B=1,15,1,50;2,15,1,50;",3.16407144052465,1.30592075230242,0,0,1
170,synchronous,DOUBLE_M3,DOUBLE_M1,"M=20,20,20,20,|T=0,0,0,0,|B=1,15,1,50;1,15,1,50;",1.85815068822222,0,0,0,1
170,asynchronous,DOUBLE_M3,DOUBLE_M3,"M=20,20,20,20,|T=0,0,0,0,|B=3,15,1,50;3,15,1,50;",1.85815068822222,0,1,1,0
170,asynchronous,DOUBLE_M3,ADD_M2_M3,"M=20,20,20,20,|T=0,0,0,0,|B=2,15,1,50;3,15,1,50;",3.16407144052465,1.30592075230242,0,1,1
170,asynchronous,DOUBLE_M3,DOUBLE_M2,"M=20,20,20,20,|T=0,0,0,0,|B=2,15,1,50;2,15,1,50;",6.03196006555509,4.17380937733286,0,1,0
170,asynchronous,DOUBLE_M3,ADD_M1_M3,"M=20,20,20,20,|T=0,0,0,0,|B=1,15,1,50;3,15,1,50;",2.62496902545594,0.766818337233711,0,0,0
170,asynchronous,DOUBLE_M3,ADD_M1_M2,"M=20,20,20,20,|T=0,0,0,0,|B=1,15,1,50;2,15,1,50;",3.16407144052465,1.30592075230242,0,0,1
170,asynchronous,DOUBLE_M3,DOUBLE_M1,"M=20,20,20,20,|T=0,0,0,0,|B=1,15,1,50;1,15,1,50;",1.85815068822222,0,0,0,1
170,high_noise,DOUBLE_M3,DOUBLE_M3,"M=20,20,20,20,|T=0,0,0,0,|B=3,15,1,50;3,15,1,50;",1.85815068822222,0,1,1,0
170,high_noise,DOUBLE_M3,ADD_M2_M3,"M=20,20,20,20,|T=0,0,0,0,|B=2,15,1,50;3,15,1,50;",3.16407144052465,1.30592075230242,0,1,1
170,high_noise,DOUBLE_M3,DOUBLE_M2,"M=20,20,20,20,|T=0,0,0,0,|B=2,15,1,50;2,15,1,50;",6.03196006555509,4.17380937733286,0,1,0
170,high_noise,DOUBLE_M3,ADD_M1_M3,"M=20,20,20,20,|T=0,0,0,0,|B=1,15,1,50;3,15,1,50;",2.62496902545594,0.766818337233711,0,0,0
170,high_noise,DOUBLE_M3,ADD_M1_M2,"M=20,20,20,20,|T=0,0,0,0,|B=1,15,1,50;2,15,1,50;",3.16407144052465,1.30592075230242,0,0,1
170,high_noise,DOUBLE_M3,DOUBLE_M1,"M=20,20,20,20,|T=0,0,0,0,|B=1,15,1,50;1,15,1,50;",1.85815068822222,0,0,0,1
171,synchronous,DOUBLE_M3,DOUBLE_M3,"M=20,20,20,20,|T=0,0,0,0,|B=3,15,1,50;3,15,1,50;",1.57665291790547,0,1,1,0
171,synchronous,DOUBLE_M3,ADD_M2_M3,"M=20,20,20,20,|T=0,0,0,0,|B=2,15,1,50;3,15,1,50;",3.0808283462295,1.50417542832403,0,1,1
171,synchronous,DOUBLE_M3,DOUBLE_M2,"M=20,20,20,20,|T=0,0,0,0,|B=2,15,1,50;2,15,1,50;",5.87717219588445,4.30051927797898,0,1,0
171,synchronous,DOUBLE_M3,ADD_M1_M3,"M=20,20,20,20,|T=0,0,0,0,|B=1,15,1,50;3,15,1,50;",2.62818072425397,1.0515278063485,0,0,0
171,synchronous,DOUBLE_M3,ADD_M1_M2,"M=20,20,20,20,|T=0,0,0,0,|B=1,15,1,50;2,15,1,50;",3.0808283462295,1.50417542832403,0,0,1
171,synchronous,DOUBLE_M3,DOUBLE_M1,"M=20,20,20,20,|T=0,0,0,0,|B=1,15,1,50;1,15,1,50;",1.57665291790547,6.66133814775094e-16,0,0,1
171,asynchronous,DOUBLE_M3,DOUBLE_M3,"M=20,20,20,20,|T=0,0,0,0,|B=3,15,1,50;3,15,1,50;",1.57665291790547,0,1,0,0
171,asynchronous,DOUBLE_M3,ADD_M2_M3,"M=20,20,20,20,|T=0,0,0,0,|B=2,15,1,50;3,15,1,50;",3.0808283462295,1.50417542832403,0,0,1
171,asynchronous,DOUBLE_M3,DOUBLE_M2,"M=20,20,20,20,|T=0,0,0,0,|B=2,15,1,50;2,15,1,50;",5.87717219588445,4.30051927797898,0,1,0
171,asynchronous,DOUBLE_M3,ADD_M1_M3,"M=20,20,20,20,|T=0,0,0,0,|B=1,15,1,50;3,15,1,50;",2.62818072425397,1.0515278063485,0,0,0
171,asynchronous,DOUBLE_M3,ADD_M1_M2,"M=20,20,20,20,|T=0,0,0,0,|B=1,15,1,50;2,15,1,50;",3.0808283462295,1.50417542832403,0,1,1
171,asynchronous,DOUBLE_M3,DOUBLE_M1,"M=20,20,20,20,|T=0,0,0,0,|B=1,15,1,50;1,15,1,50;",1.57665291790547,6.66133814775094e-16,0,1,1
171,high_noise,DOUBLE_M3,DOUBLE_M3,"M=20,20,20,20,|T=0,0,0,0,|B=3,15,1,50;3,15,1,50;",1.57665291790547,0,1,0,0
171,high_noise,DOUBLE_M3,ADD_M2_M3,"M=20,20,20,20,|T=0,0,0,0,|B=2,15,1,50;3,15,1,50;",3.0808283462295,1.50417542832403,0,0,1
171,high_noise,DOUBLE_M3,DOUBLE_M2,"M=20,20,20,20,|T=0,0,0,0,|B=2,15,1,50;2,15,1,50;",5.87717219588445,4.30051927797898,0,1,0
171,high_noise,DOUBLE_M3,ADD_M1_M3,"M=20,20,20,20,|T=0,0,0,0,|B=1,15,1,50;3,15,1,50;",2.62818072425397,1.0515278063485,0,0,0
171,high_noise,DOUBLE_M3,ADD_M1_M2,"M=20,20,20,20,|T=0,0,0,0,|B=1,15,1,50;2,15,1,50;",3.0808283462295,1.50417542832403,0,1,1
171,high_noise,DOUBLE_M3,DOUBLE_M1,"M=20,20,20,20,|T=0,0,0,0,|B=1,15,1,50;1,15,1,50;",1.57665291790547,6.66133814775094e-16,0,1,1
172,synchronous,DOUBLE_M3,DOUBLE_M3,"M=20,20,20,20,|T=0,0,0,0,|B=3,15,1,50;3,15,1,50;",3.10812203654891,0,1,1,1
172,synchronous,DOUBLE_M3,ADD_M2_M3,"M=20,20,20,20,|T=0,0,0,0,|B=2,15,1,50;3,15,1,50;",3.91216114965238,0.804039113103465,0,1,0
172,synchronous,DOUBLE_M3,DOUBLE_M2,"M=20,20,20,20,|T=0,0,0,0,|B=2,15,1,50;2,15,1,50;",6.35256822529484,3.24444618874593,0,1,1
172,synchronous,DOUBLE_M3,ADD_M1_M3,"M=20,20,20,20,|T=0,0,0,0,|B=1,15,1,50;3,15,1,50;",3.60719381535365,0.499071778804734,0,0,0
172,synchronous,DOUBLE_M3,ADD_M1_M2,"M=20,20,20,20,|T=0,0,0,0,|B=1,15,1,50;2,15,1,50;",3.91216114965238,0.804039113103465,0,0,1
172,synchronous,DOUBLE_M3,DOUBLE_M1,"M=20,20,20,20,|T=0,0,0,0,|B=1,15,1,50;1,15,1,50;",3.10812203654891,0,0,0,0
172,asynchronous,DOUBLE_M3,DOUBLE_M3,"M=20,20,20,20,|T=0,0,0,0,|B=3,15,1,50;3,15,1,50;",3.10812203654891,0,1,1,1
172,asynchronous,DOUBLE_M3,ADD_M2_M3,"M=20,20,20,20,|T=0,0,0,0,|B=2,15,1,50;3,15,1,50;",3.91216114965238,0.804039113103465,0,1,0
172,asynchronous,DOUBLE_M3,DOUBLE_M2,"M=20,20,20,20,|T=0,0,0,0,|B=2,15,1,50;2,15,1,50;",6.35256822529484,3.24444618874593,0,1,1
172,asynchronous,DOUBLE_M3,ADD_M1_M3,"M=20,20,20,20,|T=0,0,0,0,|B=1,15,1,50;3,15,1,50;",3.60719381535365,0.499071778804734,0,0,0
172,asynchronous,DOUBLE_M3,ADD_M1_M2,"M=20,20,20,20,|T=0,0,0,0,|B=1,15,1,50;2,15,1,50;",3.91216114965238,0.804039113103465,0,0,1
172,asynchronous,DOUBLE_M3,DOUBLE_M1,"M=20,20,20,20,|T=0,0,0,0,|B=1,15,1,50;1,15,1,50;",3.10812203654891,0,0,0,0
172,high_noise,DOUBLE_M3,DOUBLE_M3,"M=20,20,20,20,|T=0,0,0,0,|B=3,15,1,50;3,15,1,50;",3.10812203654891,0,1,1,1
172,high_noise,DOUBLE_M3,ADD_M2_M3,"M=20,20,20,20,|T=0,0,0,0,|B=2,15,1,50;3,15,1,50;",3.91216114965238,0.804039113103465,0,1,0
172,high_noise,DOUBLE_M3,DOUBLE_M2,"M=20,20,20,20,|T=0,0,0,0,|B=2,15,1,50;2,15,1,50;",6.35256822529484,3.24444618874593,0,1,1
172,high_noise,DOUBLE_M3,ADD_M1_M3,"M=20,20,20,20,|T=0,0,0,0,|B=1,15,1,50;3,15,1,50;",3.60719381535365,0.499071778804734,0,0,0
172,high_noise,DOUBLE_M3,ADD_M1_M2,"M=20,20,20,20,|T=0,0,0,0,|B=1,15,1,50;2,15,1,50;",3.91216114965238,0.804039113103465,0,0,1
172,high_noise,DOUBLE_M3,DOUBLE_M1,"M=20,20,20,20,|T=0,0,0,0,|B=1,15,1,50;1,15,1,50;",3.10812203654891,0,0,0,0
173,synchronous,DOUBLE_M3,DOUBLE_M3,"M=20,20,20,20,|T=0,0,0,0,|B=3,15,1,50;3,15,1,50;",0.998179557780748,0,1,1,1
173,synchronous,DOUBLE_M3,ADD_M2_M3,"M=20,20,20,20,|T=0,0,0,0,|B=2,15,1,50;3,15,1,50;",2.92491532376404,1.92673576598329,0,1,0
173,synchronous,DOUBLE_M3,DOUBLE_M2,"M=20,20,20,20,|T=0,0,0,0,|B=2,15,1,50;2,15,1,50;",5.84053533199049,4.84235577420975,0,1,0
173,synchronous,DOUBLE_M3,ADD_M1_M3,"M=20,20,20,20,|T=0,0,0,0,|B=1,15,1,50;3,15,1,50;",2.34627515234309,1.34809559456234,0,0,1
173,synchronous,DOUBLE_M3,ADD_M1_M2,"M=20,20,20,20,|T=0,0,0,0,|B=1,15,1,50;2,15,1,50;",2.92491532376404,1.92673576598329,0,0,0
173,synchronous,DOUBLE_M3,DOUBLE_M1,"M=20,20,20,20,|T=0,0,0,0,|B=1,15,1,50;1,15,1,50;",0.998179557780749,1.11022302462516e-16,0,0,1
173,asynchronous,DOUBLE_M3,DOUBLE_M3,"M=20,20,20,20,|T=0,0,0,0,|B=3,15,1,50;3,15,1,50;",0.998179557780748,0,1,0,1
173,asynchronous,DOUBLE_M3,ADD_M2_M3,"M=20,20,20,20,|T=0,0,0,0,|B=2,15,1,50;3,15,1,50;",2.92491532376404,1.92673576598329,0,1,0
173,asynchronous,DOUBLE_M3,DOUBLE_M2,"M=20,20,20,20,|T=0,0,0,0,|B=2,15,1,50;2,15,1,50;",5.84053533199049,4.84235577420975,0,0,0
173,asynchronous,DOUBLE_M3,ADD_M1_M3,"M=20,20,20,20,|T=0,0,0,0,|B=1,15,1,50;3,15,1,50;",2.34627515234309,1.34809559456234,0,1,1
173,asynchronous,DOUBLE_M3,ADD_M1_M2,"M=20,20,20,20,|T=0,0,0,0,|B=1,15,1,50;2,15,1,50;",2.92491532376404,1.92673576598329,0,1,0
173,asynchronous,DOUBLE_M3,DOUBLE_M1,"M=20,20,20,20,|T=0,0,0,0,|B=1,15,1,50;1,15,1,50;",0.998179557780749,1.11022302462516e-16,0,0,1
173,high_noise,DOUBLE_M3,DOUBLE_M3,"M=20,20,20,20,|T=0,0,0,0,|B=3,15,1,50;3,15,1,50;",0.998179557780748,0,1,0,1
173,high_noise,DOUBLE_M3,ADD_M2_M3,"M=20,20,20,20,|T=0,0,0,0,|B=2,15,1,50;3,15,1,50;",2.92491532376404,1.92673576598329,0,1,0
173,high_noise,DOUBLE_M3,DOUBLE_M2,"M=20,20,20,20,|T=0,0,0,0,|B=2,15,1,50;2,15,1,50;",5.84053533199049,4.84235577420975,0,0,0
173,high_noise,DOUBLE_M3,ADD_M1_M3,"M=20,20,20,20,|T=0,0,0,0,|B=1,15,1,50;3,15,1,50;",2.34627515234309,1.34809559456234,0,1,1
173,high_noise,DOUBLE_M3,ADD_M1_M2,"M=20,20,20,20,|T=0,0,0,0,|B=1,15,1,50;2,15,1,50;",2.92491532376404,1.92673576598329,0,1,0
173,high_noise,DOUBLE_M3,DOUBLE_M1,"M=20,20,20,20,|T=0,0,0,0,|B=1,15,1,50;1,15,1,50;",0.998179557780749,1.11022302462516e-16,0,0,1
174,synchronous,DOUBLE_M3,DOUBLE_M3,"M=20,20,20,20,|T=0,0,0,0,|B=3,15,1,50;3,15,1,50;",1.35352049564906,0,1,1,0
174,synchronous,DOUBLE_M3,ADD_M2_M3,"M=20,20,20,20,|T=0,0,0,0,|B=2,15,1,50;3,15,1,50;",2.9379669973703,1.58444650172124,0,1,1
174,synchronous,DOUBLE_M3,DOUBLE_M2,"M=20,20,20,20,|T=0,0,0,0,|B=2,15,1,50;2,15,1,50;",5.7609572464642,4.40743675081514,0,1,1
174,synchronous,DOUBLE_M3,ADD_M1_M3,"M=20,20,20,20,|T=0,0,0,0,|B=1,15,1,50;3,15,1,50;",2.48362713254024,1.13010663689118,0,0,1
174,synchronous,DOUBLE_M3,ADD_M1_M2,"M=20,20,20,20,|T=0,0,0,0,|B=1,15,1,50;2,15,1,50;",2.9379669973703,1.58444650172124,0,0,0
174,synchronous,DOUBLE_M3,DOUBLE_M1,"M=20,20,20,20,|T=0,0,0,0,|B=1,15,1,50;1,15,1,50;",1.35352049564906,4.44089209850063e-16,0,0,0
174,asynchronous,DOUBLE_M3,DOUBLE_M3,"M=20,20,20,20,|T=0,0,0,0,|B=3,15,1,50;3,15,1,50;",1.35352049564906,0,1,1,0
174,asynchronous,DOUBLE_M3,ADD_M2_M3,"M=20,20,20,20,|T=0,0,0,0,|B=2,15,1,50;3,15,1,50;",2.9379669973703,1.58444650172124,0,1,1
174,asynchronous,DOUBLE_M3,DOUBLE_M2,"M=20,20,20,20,|T=0,0,0,0,|B=2,15,1,50;2,15,1,50;",5.7609572464642,4.40743675081514,0,1,1
174,asynchronous,DOUBLE_M3,ADD_M1_M3,"M=20,20,20,20,|T=0,0,0,0,|B=1,15,1,50;3,15,1,50;",2.48362713254024,1.13010663689118,0,0,1
174,asynchronous,DOUBLE_M3,ADD_M1_M2,"M=20,20,20,20,|T=0,0,0,0,|B=1,15,1,50;2,15,1,50;",2.9379669973703,1.58444650172124,0,0,0
174,asynchronous,DOUBLE_M3,DOUBLE_M1,"M=20,20,20,20,|T=0,0,0,0,|B=1,15,1,50;1,15,1,50;",1.35352049564906,4.44089209850063e-16,0,0,0
174,high_noise,DOUBLE_M3,DOUBLE_M3,"M=20,20,20,20,|T=0,0,0,0,|B=3,15,1,50;3,15,1,50;",1.35352049564906,0,1,1,0
174,high_noise,DOUBLE_M3,ADD_M2_M3,"M=20,20,20,20,|T=0,0,0,0,|B=2,15,1,50;3,15,1,50;",2.9379669973703,1.58444650172124,0,1,1
174,high_noise,DOUBLE_M3,DOUBLE_M2,"M=20,20,20,20,|T=0,0,0,0,|B=2,15,1,50;2,15,1,50;",5.7609572464642,4.40743675081514,0,1,1
174,high_noise,DOUBLE_M3,ADD_M1_M3,"M=20,20,20,20,|T=0,0,0,0,|B=1,15,1,50;3,15,1,50;",2.48362713254024,1.13010663689118,0,0,1
174,high_noise,DOUBLE_M3,ADD_M1_M2,"M=20,20,20,20,|T=0,0,0,0,|B=1,15,1,50;2,15,1,50;",2.9379669973703,1.58444650172124,0,0,0
174,high_noise,DOUBLE_M3,DOUBLE_M1,"M=20,20,20,20,|T=0,0,0,0,|B=1,15,1,50;1,15,1,50;",1.35352049564906,4.44089209850063e-16,0,0,0
175,synchronous,DOUBLE_M3,DOUBLE_M3,"M=20,20,20,20,|T=0,0,0,0,|B=3,15,1,50;3,15,1,50;",4.01082022872091,0,1,1,0
175,synchronous,DOUBLE_M3,ADD_M2_M3,"M=20,20,20,20,|T=0,0,0,0,|B=2,15,1,50;3,15,1,50;",4.66101556961296,0.650195340892048,0,1,0
175,synchronous,DOUBLE_M3,DOUBLE_M2,"M=20,20,20,20,|T=0,0,0,0,|B=2,15,1,50;2,15,1,50;",6.80823737070475,2.79741714198384,0,1,1
175,synchronous,DOUBLE_M3,ADD_M1_M3,"M=20,20,20,20,|T=0,0,0,0,|B=1,15,1,50;3,15,1,50;",4.44497590428403,0.43415567556312,0,0,1
175,synchronous,DOUBLE_M3,ADD_M1_M2,"M=20,20,20,20,|T=0,0,0,0,|B=1,15,1,50;2,15,1,50;",4.66101556961296,0.650195340892047,0,0,0
175,synchronous,DOUBLE_M3,DOUBLE_M1,"M=20,20,20,20,|T=0,0,0,0,|B=1,15,1,50;1,15,1,50;",4.01082022872091,-8.88178419700125e-16,0,0,1
175,asynchronous,DOUBLE_M3,DOUBLE_M3,"M=20,20,20,20,|T=0,0,0,0,|B=3,15,1,50;3,15,1,50;",4.01082022872091,0,1,1,0
175,asynchronous,DOUBLE_M3,ADD_M2_M3,"M=20,20,20,20,|T=0,0,0,0,|B=2,15,1,50;3,15,1,50;",4.66101556961296,0.650195340892048,0,1,0
175,asynchronous,DOUBLE_M3,DOUBLE_M2,"M=20,20,20,20,|T=0,0,0,0,|B=2,15,1,50;2,15,1,50;",6.80823737070475,2.79741714198384,0,1,1
175,asynchronous,DOUBLE_M3,ADD_M1_M3,"M=20,20,20,20,|T=0,0,0,0,|B=1,15,1,50;3,15,1,50;",4.44497590428403,0.43415567556312,0,0,1
175,asynchronous,DOUBLE_M3,ADD_M1_M2,"M=20,20,20,20,|T=0,0,0,0,|B=1,15,1,50;2,15,1,50;",4.66101556961296,0.650195340892047,0,0,0
175,asynchronous,DOUBLE_M3,DOUBLE_M1,"M=20,20,20,20,|T=0,0,0,0,|B=1,15,1,50;1,15,1,50;",4.01082022872091,-8.88178419700125e-16,0,0,1
175,high_noise,DOUBLE_M3,DOUBLE_M3,"M=20,20,20,20,|T=0,0,0,0,|B=3,15,1,50;3,15,1,50;",4.01082022872091,0,1,1,0
175,high_noise,DOUBLE_M3,ADD_M2_M3,"M=20,20,20,20,|T=0,0,0,0,|B=2,15,1,50;3,15,1,50;",4.66101556961296,0.650195340892048,0,1,0
175,high_noise,DOUBLE_M3,DOUBLE_M2,"M=20,20,20,20,|T=0,0,0,0,|B=2,15,1,50;2,15,1,50;",6.80823737070475,2.79741714198384,0,1,1
175,high_noise,DOUBLE_M3,ADD_M1_M3,"M=20,20,20,20,|T=0,0,0,0,|B=1,15,1,50;3,15,1,50;",4.44497590428403,0.43415567556312,0,0,1
175,high_noise,DOUBLE_M3,ADD_M1_M2,"M=20,20,20,20,|T=0,0,0,0,|B=1,15,1,50;2,15,1,50;",4.66101556961296,0.650195340892047,0,0,0
175,high_noise,DOUBLE_M3,DOUBLE_M1,"M=20,20,20,20,|T=0,0,0,0,|B=1,15,1,50;1,15,1,50;",4.01082022872091,-8.88178419700125e-16,0,0,1
176,synchronous,DOUBLE_M3,DOUBLE_M3,"M=20,20,20,20,|T=0,0,0,0,|B=3,15,1,50;3,15,1,50;",2.98817247627588,0,1,1,0
176,synchronous,DOUBLE_M3,ADD_M2_M3,"M=20,20,20,20,|T=0,0,0,0,|B=2,15,1,50;3,15,1,50;",3.91025075064574,0.922078274369864,0,1,0
176,synchronous,DOUBLE_M3,DOUBLE_M2,"M=20,20,20,20,|T=0,0,0,0,|B=2,15,1,50;2,15,1,50;",6.45653862833769,3.46836615206181,0,1,1
176,synchronous,DOUBLE_M3,ADD_M1_M3,"M=20,20,20,20,|T=0,0,0,0,|B=1,15,1,50;3,15,1,50;",3.57820592336939,0.590033447093507,0,0,1
176,synchronous,DOUBLE_M3,ADD_M1_M2,"M=20,20,20,20,|T=0,0,0,0,|B=1,15,1,50;2,15,1,50;",3.91025075064574,0.922078274369864,0,0,1
176,synchronous,DOUBLE_M3,DOUBLE_M1,"M=20,20,20,20,|T=0,0,0,0,|B=1,15,1,50;1,15,1,50;",2.98817247627588,4.44089209850063e-16,0,0,0
176,asynchronous,DOUBLE_M3,DOUBLE_M3,"M=20,20,20,20,|T=0,0,0,0,|B=3,15,1,50;3,15,1,50;",2.98817247627588,0,1,1,0
176,asynchronous,DOUBLE_M3,ADD_M2_M3,"M=20,20,20,20,|T=0,0,0,0,|B=2,15,1,50;3,15,1,50;",3.91025075064574,0.922078274369864,0,1,0
176,asynchronous,DOUBLE_M3,DOUBLE_M2,"M=20,20,20,20,|T=0,0,0,0,|B=2,15,1,50;2,15,1,50;",6.45653862833769,3.46836615206181,0,1,1
176,asynchronous,DOUBLE_M3,ADD_M1_M3,"M=20,20,20,20,|T=0,0,0,0,|B=1,15,1,50;3,15,1,50;",3.57820592336939,0.590033447093507,0,0,1
176,asynchronous,DOUBLE_M3,ADD_M1_M2,"M=20,20,20,20,|T=0,0,0,0,|B=1,15,1,50;2,15,1,50;",3.91025075064574,0.922078274369864,0,0,1
176,asynchronous,DOUBLE_M3,DOUBLE_M1,"M=20,20,20,20,|T=0,0,0,0,|B=1,15,1,50;1,15,1,50;",2.98817247627588,4.44089209850063e-16,0,0,0
176,high_noise,DOUBLE_M3,DOUBLE_M3,"M=20,20,20,20,|T=0,0,0,0,|B=3,15,1,50;3,15,1,50;",2.98817247627588,0,1,1,0
176,high_noise,DOUBLE_M3,ADD_M2_M3,"M=20,20,20,20,|T=0,0,0,0,|B=2,15,1,50;3,15,1,50;",3.91025075064574,0.922078274369864,0,1,0
176,high_noise,DOUBLE_M3,DOUBLE_M2,"M=20,20,20,20,|T=0,0,0,0,|B=2,15,1,50;2,15,1,50;",6.45653862833769,3.46836615206181,0,1,1
176,high_noise,DOUBLE_M3,ADD_M1_M3,"M=20,20,20,20,|T=0,0,0,0,|B=1,15,1,50;3,15,1,50;",3.57820592336939,0.590033447093507,0,0,1
176,high_noise,DOUBLE_M3,ADD_M1_M2,"M=20,20,20,20,|T=0,0,0,0,|B=1,15,1,50;2,15,1,50;",3.91025075064574,0.922078274369864,0,0,1
176,high_noise,DOUBLE_M3,DOUBLE_M1,"M=20,20,20,20,|T=0,0,0,0,|B=1,15,1,50;1,15,1,50;",2.98817247627588,4.44089209850063e-16,0,0,0
177,synchronous,DOUBLE_M3,DOUBLE_M3,"M=20,20,20,20,|T=0,0,0,0,|B=3,15,1,50;3,15,1,50;",2.62104127987566,0,1,1,0
177,synchronous,DOUBLE_M3,ADD_M2_M3,"M=20,20,20,20,|T=0,0,0,0,|B=2,15,1,50;3,15,1,50;",3.56222097483294,0.941179694957284,0,1,0
177,synchronous,DOUBLE_M3,DOUBLE_M2,"M=20,20,20,20,|T=0,0,0,0,|B=2,15,1,50;2,15,1,50;",6.25350991956388,3.63246863968822,0,1,1
177,synchronous,DOUBLE_M3,ADD_M1_M3,"M=20,20,20,20,|T=0,0,0,0,|B=1,15,1,50;3,15,1,50;",3.18003795225137,0.558996672375713,0,0,0
177,synchronous,DOUBLE_M3,ADD_M1_M2,"M=20,20,20,20,|T=0,0,0,0,|B=1,15,1,50;2,15,1,50;",3.56222097483294,0.941179694957283,0,0,1
177,synchronous,DOUBLE_M3,DOUBLE_M1,"M=20,20,20,20,|T=0,0,0,0,|B=1,15,1,50;1,15,1,50;",2.62104127987566,-4.44089209850063e-16,0,0,1
177,asynchronous,DOUBLE_M3,DOUBLE_M3,"M=20,20,20,20,|T=0,0,0,0,|B=3,15,1,50;3,15,1,50;",2.62104127987566,0,1,1,0
177,asynchronous,DOUBLE_M3,ADD_M2_M3,"M=20,20,20,20,|T=0,0,0,0,|B=2,15,1,50;3,15,1,50;",3.56222097483294,0.941179694957284,0,1,0
177,asynchronous,DOUBLE_M3,DOUBLE_M2,"M=20,20,20,20,|T=0,0,0,0,|B=2,15,1,50;2,15,1,50;",6.25350991956388,3.63246863968822,0,1,1
177,asynchronous,DOUBLE_M3,ADD_M1_M3,"M=20,20,20,20,|T=0,0,0,0,|B=1,15,1,50;3,15,1,50;",3.18003795225137,0.558996672375713,0,0,0
177,asynchronous,DOUBLE_M3,ADD_M1_M2,"M=20,20,20,20,|T=0,0,0,0,|B=1,15,1,50;2,15,1,50;",3.56222097483294,0.941179694957283,0,0,1
177,asynchronous,DOUBLE_M3,DOUBLE_M1,"M=20,20,20,20,|T=0,0,0,0,|B=1,15,1,50;1,15,1,50;",2.62104127987566,-4.44089209850063e-16,0,0,1
177,high_noise,DOUBLE_M3,DOUBLE_M3,"M=20,20,20,20,|T=0,0,0,0,|B=3,15,1,50;3,15,1,50;",2.62104127987566,0,1,1,0
177,high_noise,DOUBLE_M3,ADD_M2_M3,"M=20,20,20,20,|T=0,0,0,0,|B=2,15,1,50;3,15,1,50;",3.56222097483294,0.941179694957284,0,1,0
177,high_noise,DOUBLE_M3,DOUBLE_M2,"M=20,20,20,20,|T=0,0,0,0,|B=2,15,1,50;2,15,1,50;",6.25350991956388,3.63246863968822,0,1,1
177,high_noise,DOUBLE_M3,ADD_M1_M3,"M=20,20,20,20,|T=0,0,0,0,|B=1,15,1,50;3,15,1,50;",3.18003795225137,0.558996672375713,0,0,0
177,high_noise,DOUBLE_M3,ADD_M1_M2,"M=20,20,20,20,|T=0,0,0,0,|B=1,15,1,50;2,15,1,50;",3.56222097483294,0.941179694957283,0,0,1
177,high_noise,DOUBLE_M3,DOUBLE_M1,"M=20,20,20,20,|T=0,0,0,0,|B=1,15,1,50;1,15,1,50;",2.62104127987566,-4.44089209850063e-16,0,0,1
178,synchronous,DOUBLE_M3,DOUBLE_M3,"M=20,20,20,20,|T=0,0,0,0,|B=3,15,1,50;3,15,1,50;",2.95151678074325,0,1,1,1
178,synchronous,DOUBLE_M3,ADD_M2_M3,"M=20,20,20,20,|T=0,0,0,0,|B=2,15,1,50;3,15,1,50;",3.95153449771277,1.00001771696951,0,1,1
178,synchronous,DOUBLE_M3,DOUBLE_M2,"M=20,20,20,20,|T=0,0,0,0,|B=2,15,1,50;2,15,1,50;",6.38768506231598,3.43616828157273,0,1,0
178,synchronous,DOUBLE_M3,ADD_M1_M3,"M=20,20,20,20,|T=0,0,0,0,|B=1,15,1,50;3,15,1,50;",3.60399659038683,0.652479809643574,0,0,0
178,synchronous,DOUBLE_M3,ADD_M1_M2,"M=20,20,20,20,|T=0,0,0,0,|B=1,15,1,50;2,15,1,50;",3.95153449771276,1.00001771696951,0,0,0
178,synchronous,DOUBLE_M3,DOUBLE_M1,"M=20,20,20,20,|T=0,0,0,0,|B=1,15,1,50;1,15,1,50;",2.95151678074325,8.88178419700125e-16,0,0,1
178,asynchronous,DOUBLE_M3,DOUBLE_M3,"M=20,20,20,20,|T=0,0,0,0,|B=3,15,1,50;3,15,1,50;",2.95151678074325,0,1,1,1
178,asynchronous,DOUBLE_M3,ADD_M2_M3,"M=20,20,20,20,|T=0,0,0,0,|B=2,15,1,50;3,15,1,50;",3.95153449771277,1.00001771696951,0,1,1
178,asynchronous,DOUBLE_M3,DOUBLE_M2,"M=20,20,20,20,|T=0,0,0,0,|B=2,15,1,50;2,15,1,50;",6.38768506231598,3.43616828157273,0,1,0
178,asynchronous,DOUBLE_M3,ADD_M1_M3,"M=20,20,20,20,|T=0,0,0,0,|B=1,15,1,50;3,15,1,50;",3.60399659038683,0.652479809643574,0,0,0
178,asynchronous,DOUBLE_M3,ADD_M1_M2,"M=20,20,20,20,|T=0,0,0,0,|B=1,15,1,50;2,15,1,50;",3.95153449771276,1.00001771696951,0,0,0
178,asynchronous,DOUBLE_M3,DOUBLE_M1,"M=20,20,20,20,|T=0,0,0,0,|B=1,15,1,50;1,15,1,50;",2.95151678074325,8.88178419700125e-16,0,0,1
178,high_noise,DOUBLE_M3,DOUBLE_M3,"M=20,20,20,20,|T=0,0,0,0,|B=3,15,1,50;3,15,1,50;",2.95151678074325,0,1,1,1
178,high_noise,DOUBLE_M3,ADD_M2_M3,"M=20,20,20,20,|T=0,0,0,0,|B=2,15,1,50;3,15,1,50;",3.95153449771277,1.00001771696951,0,1,1
178,high_noise,DOUBLE_M3,DOUBLE_M2,"M=20,20,20,20,|T=0,0,0,0,|B=2,15,1,50;2,15,1,50;",6.38768506231598,3.43616828157273,0,1,0
178,high_noise,DOUBLE_M3,ADD_M1_M3,"M=20,20,20,20,|T=0,0,0,0,|B=1,15,1,50;3,15,1,50;",3.60399659038683,0.652479809643574,0,0,0
178,high_noise,DOUBLE_M3,ADD_M1_M2,"M=20,20,20,20,|T=0,0,0,0,|B=1,15,1,50;2,15,1,50;",3.95153449771276,1.00001771696951,0,0,0
178,high_noise,DOUBLE_M3,DOUBLE_M1,"M=20,20,20,20,|T=0,0,0,0,|B=1,15,1,50;1,15,1,50;",2.95151678074325,8.88178419700125e-16,0,0,1
179,synchronous,DOUBLE_M3,DOUBLE_M3,"M=20,20,20,20,|T=0,0,0,0,|B=3,15,1,50;3,15,1,50;",3.54479735030021,0,1,1,1
179,synchronous,DOUBLE_M3,ADD_M2_M3,"M=20,20,20,20,|T=0,0,0,0,|B=2,15,1,50;3,15,1,50;",4.27459305687345,0.729795706573247,0,1,0
179,synchronous,DOUBLE_M3,DOUBLE_M2,"M=20,20,20,20,|T=0,0,0,0,|B=2,15,1,50;2,15,1,50;",6.63754977006595,3.09275241976574,0,1,1
179,synchronous,DOUBLE_M3,ADD_M1_M3,"M=20,20,20,20,|T=0,0,0,0,|B=1,15,1,50;3,15,1,50;",4.00477362307495,0.459976272774745,0,0,1
179,synchronous,DOUBLE_M3,ADD_M1_M2,"M=20,20,20,20,|T=0,0,0,0,|B=1,15,1,50;2,15,1,50;",4.27459305687345,0.729795706573247,0,0,0
179,synchronous,DOUBLE_M3,DOUBLE_M1,"M=20,20,20,20,|T=0,0,0,0,|B=1,15,1,50;1,15,1,50;",3.54479735030021,0,0,0,0
179,asynchronous,DOUBLE_M3,DOUBLE_M3,"M=20,20,20,20,|T=0,0,0,0,|B=3,15,1,50;3,15,1,50;",3.54479735030021,0,1,1,1
179,asynchronous,DOUBLE_M3,ADD_M2_M3,"M=20,20,20,20,|T=0,0,0,0,|B=2,15,1,50;3,15,1,50;",4.27459305687345,0.729795706573247,0,1,0
179,asynchronous,DOUBLE_M3,DOUBLE_M2,"M=20,20,20,20,|T=0,0,0,0,|B=2,15,1,50;2,15,1,50;",6.63754977006595,3.09275241976574,0,1,1
179,asynchronous,DOUBLE_M3,ADD_M1_M3,"M=20,20,20,20,|T=0,0,0,0,|B=1,15,1,50;3,15,1,50;",4.00477362307495,0.459976272774745,0,0,1
179,asynchronous,DOUBLE_M3,ADD_M1_M2,"M=20,20,20,20,|T=0,0,0,0,|B=1,15,1,50;2,15,1,50;",4.27459305687345,0.729795706573247,0,0,0
179,asynchronous,DOUBLE_M3,DOUBLE_M1,"M=20,20,20,20,|T=0,0,0,0,|B=1,15,1,50;1,15,1,50;",3.54479735030021,0,0,0,0
179,high_noise,DOUBLE_M3,DOUBLE_M3,"M=20,20,20,20,|T=0,0,0,0,|B=3,15,1,50;3,15,1,50;",3.54479735030021,0,1,1,1
179,high_noise,DOUBLE_M3,ADD_M2_M3,"M=20,20,20,20,|T=0,0,0,0,|B=2,15,1,50;3,15,1,50;",4.27459305687345,0.729795706573247,0,1,0
179,high_noise,DOUBLE_M3,DOUBLE_M2,"M=20,20,20,20,|T=0,0,0,0,|B=2,15,1,50;2,15,1,50;",6.63754977006595,3.09275241976574,0,1,1
179,high_noise,DOUBLE_M3,ADD_M1_M3,"M=20,20,20,20,|T=0,0,0,0,|B=1,15,1,50;3,15,1,50;",4.00477362307495,0.459976272774745,0,0,1
179,high_noise,DOUBLE_M3,ADD_M1_M2,"M=20,20,20,20,|T=0,0,0,0,|B=1,15,1,50;2,15,1,50;",4.27459305687345,0.729795706573247,0,0,0
179,high_noise,DOUBLE_M3,DOUBLE_M1,"M=20,20,20,20,|T=0,0,0,0,|B=1,15,1,50;1,15,1,50;",3.54479735030021,0,0,0,0
180,synchronous,DOUBLE_M3,DOUBLE_M3,"M=20,20,20,20,|T=0,0,0,0,|B=3,15,1,50;3,15,1,50;",3.0355069518356,0,1,1,0
180,synchronous,DOUBLE_M3,ADD_M2_M3,"M=20,20,20,20,|T=0,0,0,0,|B=2,15,1,50;3,15,1,50;",3.89094114570641,0.85543419387081,0,1,1
180,synchronous,DOUBLE_M3,DOUBLE_M2,"M=20,20,20,20,|T=0,0,0,0,|B=2,15,1,50;2,15,1,50;",6.37903398934563,3.34352703751003,0,1,1
180,synchronous,DOUBLE_M3,ADD_M1_M3,"M=20,20,20,20,|T=0,0,0,0,|B=1,15,1,50;3,15,1,50;",3.53500155639459,0.499494604558991,0,0,0
180,synchronous,DOUBLE_M3,ADD_M1_M2,"M=20,20,20,20,|T=0,0,0,0,|B=1,15,1,50;2,15,1,50;",3.89094114570641,0.855434193870811,0,0,1
180,synchronous,DOUBLE_M3,DOUBLE_M1,"M=20,20,20,20,|T=0,0,0,0,|B=1,15,1,50;1,15,1,50;",3.0355069518356,-4.44089209850063e-16,0,0,0
180,asynchronous,DOUBLE_M3,DOUBLE_M3,"M=20,20,20,20,|T=0,0,0,0,|B=3,15,1,50;3,15,1,50;",3.0355069518356,0,1,1,0
180,asynchronous,DOUBLE_M3,ADD_M2_M3,"M=20,20,20,20,|T=0,0,0,0,|B=2,15,1,50;3,15,1,50;",3.89094114570641,0.85543419387081,0,1,1
180,asynchronous,DOUBLE_M3,DOUBLE_M2,"M=20,20,20,20,|T=0,0,0,0,|B=2,15,1,50;2,15,1,50;",6.37903398934563,3.34352703751003,0,1,1
180,asynchronous,DOUBLE_M3,ADD_M1_M3,"M=20,20,20,20,|T=0,0,0,0,|B=1,15,1,50;3,15,1,50;",3.53500155639459,0.499494604558991,0,0,0
180,asynchronous,DOUBLE_M3,ADD_M1_M2,"M=20,20,20,20,|T=0,0,0,0,|B=1,15,1,50;2,15,1,50;",3.89094114570641,0.855434193870811,0,0,1
180,asynchronous,DOUBLE_M3,DOUBLE_M1,"M=20,20,20,20,|T=0,0,0,0,|B=1,15,1,50;1,15,1,50;",3.0355069518356,-4.44089209850063e-16,0,0,0
180,high_noise,DOUBLE_M3,DOUBLE_M3,"M=20,20,20,20,|T=0,0,0,0,|B=3,15,1,50;3,15,1,50;",3.0355069518356,0,1,1,0
180,high_noise,DOUBLE_M3,ADD_M2_M3,"M=20,20,20,20,|T=0,0,0,0,|B=2,15,1,50;3,15,1,50;",3.89094114570641,0.85543419387081,0,1,1
180,high_noise,DOUBLE_M3,DOUBLE_M2,"M=20,20,20,20,|T=0,0,0,0,|B=2,15,1,50;2,15,1,50;",6.37903398934563,3.34352703751003,0,1,1
180,high_noise,DOUBLE_M3,ADD_M1_M3,"M=20,20,20,20,|T=0,0,0,0,|B=1,15,1,50;3,15,1,50;",3.53500155639459,0.499494604558991,0,0,0
180,high_noise,DOUBLE_M3,ADD_M1_M2,"M=20,20,20,20,|T=0,0,0,0,|B=1,15,1,50;2,15,1,50;",3.89094114570641,0.855434193870811,0,0,1
180,high_noise,DOUBLE_M3,DOUBLE_M1,"M=20,20,20,20,|T=0,0,0,0,|B=1,15,1,50;1,15,1,50;",3.0355069518356,-4.44089209850063e-16,0,0,0
181,synchronous,EXT_021,EXT_021,"M=20,20,20,20,|T=0,0,0,0,|B=2,15,1,50;2,15,1,50;3,15,1,50;",0.901888194275444,0,1,1,1
181,synchronous,EXT_021,EXT_012,"M=20,20,20,20,|T=0,0,0,0,|B=2,15,1,50;3,15,1,50;3,15,1,50;",1.7249400968027,0.823051902527258,0,1,1
181,synchronous,EXT_021,EXT_111,"M=20,20,20,20,|T=0,0,0,0,|B=1,15,1,50;2,15,1,50;3,15,1,50;",1.97096297833332,1.06907478405788,0,1,1
181,synchronous,EXT_021,EXT_120,"M=20,20,20,20,|T=0,0,0,0,|B=1,15,1,50;2,15,1,50;2,15,1,50;",0.901888194275444,-3.33066907387547e-16,0,0,0
181,synchronous,EXT_021,EXT_201,"M=20,20,20,20,|T=0,0,0,0,|B=1,15,1,50;1,15,1,50;3,15,1,50;",2.5312529268013,1.62936473252586,0,0,0
181,synchronous,EXT_021,EXT_102,"M=20,20,20,20,|T=0,0,0,0,|B=1,15,1,50;3,15,1,50;3,15,1,50;",2.5312529268013,1.62936473252586,0,0,0
181,synchronous,EXT_021,EXT_210,"M=20,20,20,20,|T=0,0,0,0,|B=1,15,1,50;1,15,1,50;2,15,1,50;",1.7249400968027,0.823051902527257,0,0,0
181,asynchronous,EXT_021,EXT_021,"M=20,20,20,20,|T=0,0,0,0,|B=2,15,1,50;2,15,1,50;3,15,1,50;",0.901888194275444,0,1,0,1
181,asynchronous,EXT_021,EXT_012,"M=20,20,20,20,|T=0,0,0,0,|B=2,15,1,50;3,15,1,50;3,15,1,50;",1.7249400968027,0.823051902527258,0,0,1
181,asynchronous,EXT_021,EXT_111,"M=20,20,20,20,|T=0,0,0,0,|B=1,15,1,50;2,15,1,50;3,15,1,50;",1.97096297833332,1.06907478405788,0,1,1
181,asynchronous,EXT_021,EXT_120,"M=20,20,20,20,|T=0,0,0,0,|B=1,15,1,50;2,15,1,50;2,15,1,50;",0.901888194275444,-3.33066907387547e-16,0,1,0
181,asynchronous,EXT_021,EXT_201,"M=20,20,20,20,|T=0,0,0,0,|B=1,15,1,50;1,15,1,50;3,15,1,50;",2.5312529268013,1.62936473252586,0,0,0
181,asynchronous,EXT_021,EXT_102,"M=20,20,20,20,|T=0,0,0,0,|B=1,15,1,50;3,15,1,50;3,15,1,50;",2.5312529268013,1.62936473252586,0,0,0
181,asynchronous,EXT_021,EXT_210,"M=20,20,20,20,|T=0,0,0,0,|B=1,15,1,50;1,15,1,50;2,15,1,50;",1.7249400968027,0.823051902527257,0,1,0
181,high_noise,EXT_021,EXT_021,"M=20,20,20,20,|T=0,0,0,0,|B=2,15,1,50;2,15,1,50;3,15,1,50;",0.901888194275444,0,1,0,1
181,high_noise,EXT_021,EXT_012,"M=20,20,20,20,|T=0,0,0,0,|B=2,15,1,50;3,15,1,50;3,15,1,50;",1.7249400968027,0.823051902527258,0,0,1
181,high_noise,EXT_021,EXT_111,"M=20,20,20,20,|T=0,0,0,0,|B=1,15,1,50;2,15,1,50;3,15,1,50;",1.97096297833332,1.06907478405788,0,1,1
181,high_noise,EXT_021,EXT_120,"M=20,20,20,20,|T=0,0,0,0,|B=1,15,1,50;2,15,1,50;2,15,1,50;",0.901888194275444,-3.33066907387547e-16,0,1,0
181,high_noise,EXT_021,EXT_201,"M=20,20,20,20,|T=0,0,0,0,|B=1,15,1,50;1,15,1,50;3,15,1,50;",2.5312529268013,1.62936473252586,0,0,0
181,high_noise,EXT_021,EXT_102,"M=20,20,20,20,|T=0,0,0,0,|B=1,15,1,50;3,15,1,50;3,15,1,50;",2.5312529268013,1.62936473252586,0,0,0
181,high_noise,EXT_021,EXT_210,"M=20,20,20,20,|T=0,0,0,0,|B=1,15,1,50;1,15,1,50;2,15,1,50;",1.7249400968027,0.823051902527257,0,1,0
182,synchronous,EXT_021,EXT_021,"M=20,20,20,20,|T=0,0,0,0,|B=2,15,1,50;2,15,1,50;3,15,1,50;",2.5546237934641,0,1,1,0
182,synchronous,EXT_021,EXT_012,"M=20,20,20,20,|T=0,0,0,0,|B=2,15,1,50;3,15,1,50;3,15,1,50;",2.94255247913017,0.387928685666068,0,1,1
182,synchronous,EXT_021,EXT_111,"M=20,20,20,20,|T=0,0,0,0,|B=1,15,1,50;2,15,1,50;3,15,1,50;",3.14145808482914,0.586834291365036,0,1,0
182,synchronous,EXT_021,EXT_120,"M=20,20,20,20,|T=0,0,0,0,|B=1,15,1,50;2,15,1,50;2,15,1,50;",2.5546237934641,-8.88178419700125e-16,0,0,1
182,synchronous,EXT_021,EXT_102,"M=20,20,20,20,|T=0,0,0,0,|B=1,15,1,50;3,15,1,50;3,15,1,50;",3.46749193958186,0.912868146117759,0,0,0
182,synchronous,EXT_021,EXT_201,"M=20,20,20,20,|T=0,0,0,0,|B=1,15,1,50;1,15,1,50;3,15,1,50;",3.46749193958186,0.912868146117759,0,0,0
182,synchronous,EXT_021,EXT_210,"M=20,20,20,20,|T=0,0,0,0,|B=1,15,1,50;1,15,1,50;2,15,1,50;",2.94255247913017,0.387928685666066,0,0,1
182,asynchronous,EXT_021,EXT_021,"M=20,20,20,20,|T=0,0,0,0,|B=2,15,1,50;2,15,1,50;3,15,1,50;",2.5546237934641,0,1,1,0
182,asynchronous,EXT_021,EXT_012,"M=20,20,20,20,|T=0,0,0,0,|B=2,15,1,50;3,15,1,50;3,15,1,50;",2.94255247913017,0.387928685666068,0,1,1
182,asynchronous,EXT_021,EXT_111,"M=20,20,20,20,|T=0,0,0,0,|B=1,15,1,50;2,15,1,50;3,15,1,50;",3.14145808482914,0.586834291365036,0,1,0
182,asynchronous,EXT_021,EXT_120,"M=20,20,20,20,|T=0,0,0,0,|B=1,15,1,50;2,15,1,50;2,15,1,50;",2.5546237934641,-8.88178419700125e-16,0,0,1
182,asynchronous,EXT_021,EXT_102,"M=20,20,20,20,|T=0,0,0,0,|B=1,15,1,50;3,15,1,50;3,15,1,50;",3.46749193958186,0.912868146117759,0,0,0
182,asynchronous,EXT_021,EXT_201,"M=20,20,20,20,|T=0,0,0,0,|B=1,15,1,50;1,15,1,50;3,15,1,50;",3.46749193958186,0.912868146117759,0,0,0
182,asynchronous,EXT_021,EXT_210,"M=20,20,20,20,|T=0,0,0,0,|B=1,15,1,50;1,15,1,50;2,15,1,50;",2.94255247913017,0.387928685666066,0,0,1
182,high_noise,EXT_021,EXT_021,"M=20,20,20,20,|T=0,0,0,0,|B=2,15,1,50;2,15,1,50;3,15,1,50;",2.5546237934641,0,1,1,0
182,high_noise,EXT_021,EXT_012,"M=20,20,20,20,|T=0,0,0,0,|B=2,15,1,50;3,15,1,50;3,15,1,50;",2.94255247913017,0.387928685666068,0,1,1
182,high_noise,EXT_021,EXT_111,"M=20,20,20,20,|T=0,0,0,0,|B=1,15,1,50;2,15,1,50;3,15,1,50;",3.14145808482914,0.586834291365036,0,1,0
182,high_noise,EXT_021,EXT_120,"M=20,20,20,20,|T=0,0,0,0,|B=1,15,1,50;2,15,1,50;2,15,1,50;",2.5546237934641,-8.88178419700125e-16,0,0,1
182,high_noise,EXT_021,EXT_102,"M=20,20,20,20,|T=0,0,0,0,|B=1,15,1,50;3,15,1,50;3,15,1,50;",3.46749193958186,0.912868146117759,0,0,0
182,high_noise,EXT_021,EXT_201,"M=20,20,20,20,|T=0,0,0,0,|B=1,15,1,50;1,15,1,50;3,15,1,50;",3.46749193958186,0.912868146117759,0,0,0
182,high_noise,EXT_021,EXT_210,"M=20,20,20,20,|T=0,0,0,0,|B=1,15,1,50;1,15,1,50;2,15,1,50;",2.94255247913017,0.387928685666066,0,0,1
183,synchronous,EXT_021,EXT_021,"M=20,20,20,20,|T=0,0,0,0,|B=2,15,1,50;2,15,1,50;3,15,1,50;",2.70763643950334,0,1,1,1
183,synchronous,EXT_021,EXT_012,"M=20,20,20,20,|T=0,0,0,0,|B=2,15,1,50;3,15,1,50;3,15,1,50;",3.10819120698758,0.400554767484237,0,1,1
183,synchronous,EXT_021,EXT_111,"M=20,20,20,20,|T=0,0,0,0,|B=1,15,1,50;2,15,1,50;3,15,1,50;",3.27167282971514,0.564036390211795,0,1,0
183,synchronous,EXT_021,EXT_120,"M=20,20,20,20,|T=0,0,0,0,|B=1,15,1,50;2,15,1,50;2,15,1,50;",2.70763643950334,4.44089209850063e-16,0,0,0
183,synchronous,EXT_021,EXT_201,"M=20,20,20,20,|T=0,0,0,0,|B=1,15,1,50;1,15,1,50;3,15,1,50;",3.61220393646789,0.904567496964554,0,0,1
183,synchronous,EXT_021,EXT_102,"M=20,20,20,20,|T=0,0,0,0,|B=1,15,1,50;3,15,1,50;3,15,1,50;",3.6122039364679,0.904567496964554,0,0,0
183,synchronous,EXT_021,EXT_210,"M=20,20,20,20,|T=0,0,0,0,|B=1,15,1,50;1,15,1,50;2,15,1,50;",3.10819120698758,0.400554767484236,0,0,0
183,asynchronous,EXT_021,EXT_021,"M=20,20,20,20,|T=0,0,0,0,|B=2,15,1,50;2,15,1,50;3,15,1,50;",2.70763643950334,0,1,1,1
183,asynchronous,EXT_021,EXT_012,"M=20,20,20,20,|T=0,0,0,0,|B=2,15,1,50;3,15,1,50;3,15,1,50;",3.10819120698758,0.400554767484237,0,1,1
183,asynchronous,EXT_021,EXT_111,"M=20,20,20,20,|T=0,0,0,0,|B=1,15,1,50;2,15,1,50;3,15,1,50;",3.27167282971514,0.564036390211795,0,1,0
183,asynchronous,EXT_021,EXT_120,"M=20,20,20,20,|T=0,0,0,0,|B=1,15,1,50;2,15,1,50;2,15,1,50;",2.70763643950334,4.44089209850063e-16,0,0,0
183,asynchronous,EXT_021,EXT_201,"M=20,20,20,20,|T=0,0,0,0,|B=1,15,1,50;1,15,1,50;3,15,1,50;",3.61220393646789,0.904567496964554,0,0,1
183,asynchronous,EXT_021,EXT_102,"M=20,20,20,20,|T=0,0,0,0,|B=1,15,1,50;3,15,1,50;3,15,1,50;",3.6122039364679,0.904567496964554,0,0,0
183,asynchronous,EXT_021,EXT_210,"M=20,20,20,20,|T=0,0,0,0,|B=1,15,1,50;1,15,1,50;2,15,1,50;",3.10819120698758,0.400554767484236,0,0,0
183,high_noise,EXT_021,EXT_021,"M=20,20,20,20,|T=0,0,0,0,|B=2,15,1,50;2,15,1,50;3,15,1,50;",2.70763643950334,0,1,1,1
183,high_noise,EXT_021,EXT_012,"M=20,20,20,20,|T=0,0,0,0,|B=2,15,1,50;3,15,1,50;3,15,1,50;",3.10819120698758,0.400554767484237,0,1,1
183,high_noise,EXT_021,EXT_111,"M=20,20,20,20,|T=0,0,0,0,|B=1,15,1,50;2,15,1,50;3,15,1,50;",3.27167282971514,0.564036390211795,0,1,0
183,high_noise,EXT_021,EXT_120,"M=20,20,20,20,|T=0,0,0,0,|B=1,15,1,50;2,15,1,50;2,15,1,50;",2.70763643950334,4.44089209850063e-16,0,0,0
183,high_noise,EXT_021,EXT_201,"M=20,20,20,20,|T=0,0,0,0,|B=1,15,1,50;1,15,1,50;3,15,1,50;",3.61220393646789,0.904567496964554,0,0,1
183,high_noise,EXT_021,EXT_102,"M=20,20,20,20,|T=0,0,0,0,|B=1,15,1,50;3,15,1,50;3,15,1,50;",3.6122039364679,0.904567496964554,0,0,0
183,high_noise,EXT_021,EXT_210,"M=20,20,20,20,|T=0,0,0,0,|B=1,15,1,50;1,15,1,50;2,15,1,50;",3.10819120698758,0.400554767484236,0,0,0
184,synchronous,EXT_021,EXT_021,"M=20,20,20,20,|T=0,0,0,0,|B=2,15,1,50;2,15,1,50;3,15,1,50;",2.48505189435689,0,1,1,0
184,synchronous,EXT_021,EXT_012,"M=20,20,20,20,|T=0,0,0,0,|B=2,15,1,50;3,15,1,50;3,15,1,50;",2.86595722394842,0.380905329591532,0,1,1
184,synchronous,EXT_021,EXT_111,"M=20,20,20,20,|T=0,0,0,0,|B=1,15,1,50;2,15,1,50;3,15,1,50;",3.07051587081835,0.585463976461461,0,1,0
184,synchronous,EXT_021,EXT_120,"M=20,20,20,20,|T=0,0,0,0,|B=1,15,1,50;2,15,1,50;2,15,1,50;",2.48505189435689,-4.44089209850063e-16,0,0,0
184,synchronous,EXT_021,EXT_201,"M=20,20,20,20,|T=0,0,0,0,|B=1,15,1,50;1,15,1,50;3,15,1,50;",3.40052212954858,0.915470235191691,0,0,0
184,synchronous,EXT_021,EXT_102,"M=20,20,20,20,|T=0,0,0,0,|B=1,15,1,50;3,15,1,50;3,15,1,50;",3.40052212954858,0.915470235191691,0,0,1
184,synchronous,EXT_021,EXT_210,"M=20,20,20,20,|T=0,0,0,0,|B=1,15,1,50;1,15,1,50;2,15,1,50;",2.86595722394842,0.380905329591531,0,0,1
184,asynchronous,EXT_021,EXT_021,"M=20,20,20,20,|T=0,0,0,0,|B=2,15,1,50;2,15,1,50;3,15,1,50;",2.48505189435689,0,1,0,0
184,asynchronous,EXT_021,EXT_012,"M=20,20,20,20,|T=0,0,0,0,|B=2,15,1,50;3,15,1,50;3,15,1,50;",2.86595722394842,0.380905329591532,0,0,1
184,asynchronous,EXT_021,EXT_111,"M=20,20,20,20,|T=0,0,0,0,|B=1,15,1,50;2,15,1,50;3,15,1,50;",3.07051587081835,0.585463976461461,0,1,0
184,asynchronous,EXT_021,EXT_120,"M=20,20,20,20,|T=0,0,0,0,|B=1,15,1,50;2,15,1,50;2,15,1,50;",2.48505189435689,-4.44089209850063e-16,0,1,0
184,asynchronous,EXT_021,EXT_201,"M=20,20,20,20,|T=0,0,0,0,|B=1,15,1,50;1,15,1,50;3,15,1,50;",3.40052212954858,0.915470235191691,0,1,0
184,asynchronous,EXT_021,EXT_102,"M=20,20,20,20,|T=0,0,0,0,|B=1,15,1,50;3,15,1,50;3,15,1,50;",3.40052212954858,0.915470235191691,0,0,1
184,asynchronous,EXT_021,EXT_210,"M=20,20,20,20,|T=0,0,0,0,|B=1,15,1,50;1,15,1,50;2,15,1,50;",2.86595722394842,0.380905329591531,0,0,1
184,high_noise,EXT_021,EXT_021,"M=20,20,20,20,|T=0,0,0,0,|B=2,15,1,50;2,15,1,50;3,15,1,50;",2.48505189435689,0,1,0,0
184,high_noise,EXT_021,EXT_012,"M=20,20,20,20,|T=0,0,0,0,|B=2,15,1,50;3,15,1,50;3,15,1,50;",2.86595722394842,0.380905329591532,0,0,1
184,high_noise,EXT_021,EXT_111,"M=20,20,20,20,|T=0,0,0,0,|B=1,15,1,50;2,15,1,50;3,15,1,50;",3.07051587081835,0.585463976461461,0,1,0
184,high_noise,EXT_021,EXT_120,"M=20,20,20,20,|T=0,0,0,0,|B=1,15,1,50;2,15,1,50;2,15,1,50;",2.48505189435689,-4.44089209850063e-16,0,1,0
184,high_noise,EXT_021,EXT_201,"M=20,20,20,20,|T=0,0,0,0,|B=1,15,1,50;1,15,1,50;3,15,1,50;",3.40052212954858,0.915470235191691,0,1,0
184,high_noise,EXT_021,EXT_102,"M=20,20,20,20,|T=0,0,0,0,|B=1,15,1,50;3,15,1,50;3,15,1,50;",3.40052212954858,0.915470235191691,0,0,1
184,high_noise,EXT_021,EXT_210,"M=20,20,20,20,|T=0,0,0,0,|B=1,15,1,50;1,15,1,50;2,15,1,50;",2.86595722394842,0.380905329591531,0,0,1
185,synchronous,EXT_021,EXT_021,"M=20,20,20,20,|T=0,0,0,0,|B=2,15,1,50;2,15,1,50;3,15,1,50;",2.566051807724,0,1,1,1
185,synchronous,EXT_021,EXT_012,"M=20,20,20,20,|T=0,0,0,0,|B=2,15,1,50;3,15,1,50;3,15,1,50;",2.97577157012582,0.409719762401819,0,1,1
185,synchronous,EXT_021,EXT_111,"M=20,20,20,20,|T=0,0,0,0,|B=1,15,1,50;2,15,1,50;3,15,1,50;",3.14274718863384,0.576695380909837,0,1,1
185,synchronous,EXT_021,EXT_120,"M=20,20,20,20,|T=0,0,0,0,|B=1,15,1,50;2,15,1,50;2,15,1,50;",2.566051807724,4.44089209850063e-16,0,0,0
185,synchronous,EXT_021,EXT_201,"M=20,20,20,20,|T=0,0,0,0,|B=1,15,1,50;1,15,1,50;3,15,1,50;",3.48672561620054,0.920673808476539,0,0,0
185,synchronous,EXT_021,EXT_102,"M=20,20,20,20,|T=0,0,0,0,|B=1,15,1,50;3,15,1,50;3,15,1,50;",3.48672561620054,0.920673808476538,0,0,0
185,synchronous,EXT_021,EXT_210,"M=20,20,20,20,|T=0,0,0,0,|B=1,15,1,50;1,15,1,50;2,15,1,50;",2.97577157012582,0.409719762401819,0,0,0
185,asynchronous,EXT_021,EXT_021,"M=20,20,20,20,|T=0,0,0,0,|B=2,15,1,50;2,15,1,50;3,15,1,50;",2.566051807724,0,1,1,1
185,asynchronous,EXT_021,EXT_012,"M=20,20,20,20,|T=0,0,0,0,|B=2,15,1,50;3,15,1,50;3,15,1,50;",2.97577157012582,0.409719762401819,0,1,1
185,asynchronous,EXT_021,EXT_111,"M=20,20,20,20,|T=0,0,0,0,|B=1,15,1,50;2,15,1,50;3,15,1,50;",3.14274718863384,0.576695380909837,0,1,1
185,asynchronous,EXT_021,EXT_120,"M=20,20,20,20,|T=0,0,0,0,|B=1,15,1,50;2,15,1,50;2,15,1,50;",2.566051807724,4.44089209850063e-16,0,0,0
185,asynchronous,EXT_021,EXT_201,"M=20,20,20,20,|T=0,0,0,0,|B=1,15,1,50;1,15,1,50;3,15,1,50;",3.48672561620054,0.920673808476539,0,0,0
185,asynchronous,EXT_021,EXT_102,"M=20,20,20,20,|T=0,0,0,0,|B=1,15,1,50;3,15,1,50;3,15,1,50;",3.48672561620054,0.920673808476538,0,0,0
185,asynchronous,EXT_021,EXT_210,"M=20,20,20,20,|T=0,0,0,0,|B=1,15,1,50;1,15,1,50;2,15,1,50;",2.97577157012582,0.409719762401819,0,0,0
185,high_noise,EXT_021,EXT_021,"M=20,20,20,20,|T=0,0,0,0,|B=2,15,1,50;2,15,1,50;3,15,1,50;",2.566051807724,0,1,1,1
185,high_noise,EXT_021,EXT_012,"M=20,20,20,20,|T=0,0,0,0,|B=2,15,1,50;3,15,1,50;3,15,1,50;",2.97577157012582,0.409719762401819,0,1,1
185,high_noise,EXT_021,EXT_111,"M=20,20,20,20,|T=0,0,0,0,|B=1,15,1,50;2,15,1,50;3,15,1,50;",3.14274718863384,0.576695380909837,0,1,1
185,high_noise,EXT_021,EXT_120,"M=20,20,20,20,|T=0,0,0,0,|B=1,15,1,50;2,15,1,50;2,15,1,50;",2.566051807724,4.44089209850063e-16,0,0,0
185,high_noise,EXT_021,EXT_201,"M=20,20,20,20,|T=0,0,0,0,|B=1,15,1,50;1,15,1,50;3,15,1,50;",3.48672561620054,0.920673808476539,0,0,0
185,high_noise,EXT_021,EXT_102,"M=20,20,20,20,|T=0,0,0,0,|B=1,15,1,50;3,15,1,50;3,15,1,50;",3.48672561620054,0.920673808476538,0,0,0
185,high_noise,EXT_021,EXT_210,"M=20,20,20,20,|T=0,0,0,0,|B=1,15,1,50;1,15,1,50;2,15,1,50;",2.97577157012582,0.409719762401819,0,0,0
186,synchronous,EXT_021,EXT_021,"M=20,20,20,20,|T=0,0,0,0,|B=2,15,1,50;2,15,1,50;3,15,1,50;",1.90740757997159,0,1,1,0
186,synchronous,EXT_021,EXT_012,"M=20,20,20,20,|T=0,0,0,0,|B=2,15,1,50;3,15,1,50;3,15,1,50;",2.33616466562584,0.42875708565425,0,1,0
186,synchronous,EXT_021,EXT_111,"M=20,20,20,20,|T=0,0,0,0,|B=1,15,1,50;2,15,1,50;3,15,1,50;",2.55527536732099,0.647867787349402,0,1,1
186,synchronous,EXT_021,EXT_120,"M=20,20,20,20,|T=0,0,0,0,|B=1,15,1,50;2,15,1,50;2,15,1,50;",1.90740757997159,2.22044604925031e-16,0,0,0
186,synchronous,EXT_021,EXT_102,"M=20,20,20,20,|T=0,0,0,0,|B=1,15,1,50;3,15,1,50;3,15,1,50;",2.95624627131433,1.04883869134274,0,0,0
186,synchronous,EXT_021,EXT_201,"M=20,20,20,20,|T=0,0,0,0,|B=1,15,1,50;1,15,1,50;3,15,1,50;",2.95624627131433,1.04883869134274,0,0,1
186,synchronous,EXT_021,EXT_210,"M=20,20,20,20,|T=0,0,0,0,|B=1,15,1,50;1,15,1,50;2,15,1,50;",2.33616466562584,0.42875708565425,0,0,1
186,asynchronous,EXT_021,EXT_021,"M=20,20,20,20,|T=0,0,0,0,|B=2,15,1,50;2,15,1,50;3,15,1,50;",1.90740757997159,0,1,0,0
186,asynchronous,EXT_021,EXT_012,"M=20,20,20,20,|T=0,0,0,0,|B=2,15,1,50;3,15,1,50;3,15,1,50;",2.33616466562584,0.42875708565425,0,0,0
186,asynchronous,EXT_021,EXT_111,"M=20,20,20,20,|T=0,0,0,0,|B=1,15,1,50;2,15,1,50;3,15,1,50;",2.55527536732099,0.647867787349402,0,1,1
186,asynchronous,EXT_021,EXT_120,"M=20,20,20,20,|T=0,0,0,0,|B=1,15,1,50;2,15,1,50;2,15,1,50;",1.90740757997159,2.22044604925031e-16,0,1,0
186,asynchronous,EXT_021,EXT_102,"M=20,20,20,20,|T=0,0,0,0,|B=1,15,1,50;3,15,1,50;3,15,1,50;",2.95624627131433,1.04883869134274,0,0,0
186,asynchronous,EXT_021,EXT_201,"M=20,20,20,20,|T=0,0,0,0,|B=1,15,1,50;1,15,1,50;3,15,1,50;",2.95624627131433,1.04883869134274,0,0,1
186,asynchronous,EXT_021,EXT_210,"M=20,20,20,20,|T=0,0,0,0,|B=1,15,1,50;1,15,1,50;2,15,1,50;",2.33616466562584,0.42875708565425,0,1,1
186,high_noise,EXT_021,EXT_021,"M=20,20,20,20,|T=0,0,0,0,|B=2,15,1,50;2,15,1,50;3,15,1,50;",1.90740757997159,0,1,0,0
186,high_noise,EXT_021,EXT_012,"M=20,20,20,20,|T=0,0,0,0,|B=2,15,1,50;3,15,1,50;3,15,1,50;",2.33616466562584,0.42875708565425,0,0,0
186,high_noise,EXT_021,EXT_111,"M=20,20,20,20,|T=0,0,0,0,|B=1,15,1,50;2,15,1,50;3,15,1,50;",2.55527536732099,0.647867787349402,0,1,1
186,high_noise,EXT_021,EXT_120,"M=20,20,20,20,|T=0,0,0,0,|B=1,15,1,50;2,15,1,50;2,15,1,50;",1.90740757997159,2.22044604925031e-16,0,1,0
186,high_noise,EXT_021,EXT_102,"M=20,20,20,20,|T=0,0,0,0,|B=1,15,1,50;3,15,1,50;3,15,1,50;",2.95624627131433,1.04883869134274,0,0,0
186,high_noise,EXT_021,EXT_201,"M=20,20,20,20,|T=0,0,0,0,|B=1,15,1,50;1,15,1,50;3,15,1,50;",2.95624627131433,1.04883869134274,0,0,1
186,high_noise,EXT_021,EXT_210,"M=20,20,20,20,|T=0,0,0,0,|B=1,15,1,50;1,15,1,50;2,15,1,50;",2.33616466562584,0.42875708565425,0,1,1
187,synchronous,EXT_021,EXT_021,"M=20,20,20,20,|T=0,0,0,0,|B=2,15,1,50;2,15,1,50;3,15,1,50;",2.68057612047246,0,1,1,1
187,synchronous,EXT_021,EXT_012,"M=20,20,20,20,|T=0,0,0,0,|B=2,15,1,50;3,15,1,50;3,15,1,50;",2.99678479176684,0.316208671294384,0,1,0
187,synchronous,EXT_021,EXT_111,"M=20,20,20,20,|T=0,0,0,0,|B=1,15,1,50;2,15,1,50;3,15,1,50;",3.15851222643438,0.477936105961922,0,1,0
187,synchronous,EXT_021,EXT_120,"M=20,20,20,20,|T=0,0,0,0,|B=1,15,1,50;2,15,1,50;2,15,1,50;",2.68057612047246,-8.88178419700125e-16,0,0,0
187,synchronous,EXT_021,EXT_201,"M=20,20,20,20,|T=0,0,0,0,|B=1,15,1,50;1,15,1,50;3,15,1,50;",3.48640651003835,0.805830389565893,0,0,1
187,synchronous,EXT_021,EXT_102,"M=20,20,20,20,|T=0,0,0,0,|B=1,15,1,50;3,15,1,50;3,15,1,50;",3.48640651003835,0.805830389565892,0,0,1
187,synchronous,EXT_021,EXT_210,"M=20,20,20,20,|T=0,0,0,0,|B=1,15,1,50;1,15,1,50;2,15,1,50;",2.99678479176684,0.316208671294383,0,0,0
187,asynchronous,EXT_021,EXT_021,"M=20,20,20,20,|T=0,0,0,0,|B=2,15,1,50;2,15,1,50;3,15,1,50;",2.68057612047246,0,1,1,1
187,asynchronous,EXT_021,EXT_012,"M=20,20,20,20,|T=0,0,0,0,|B=2,15,1,50;3,15,1,50;3,15,1,50;",2.99678479176684,0.316208671294384,0,1,0
187,asynchronous,EXT_021,EXT_111,"M=20,20,20,20,|T=0,0,0,0,|B=1,15,1,50;2,15,1,50;3,15,1,50;",3.15851222643438,0.477936105961922,0,1,0
187,asynchronous,EXT_021,EXT_120,"M=20,20,20,20,|T=0,0,0,0,|B=1,15,1,50;2,15,1,50;2,15,1,50;",2.68057612047246,-8.88178419700125e-16,0,0,0
187,asynchronous,EXT_021,EXT_201,"M=20,20,20,20,|T=0,0,0,0,|B=1,15,1,50;1,15,1,50;3,15,1,50;",3.48640651003835,0.805830389565893,0,0,1
187,asynchronous,EXT_021,EXT_102,"M=20,20,20,20,|T=0,0,0,0,|B=1,15,1,50;3,15,1,50;3,15,1,50;",3.48640651003835,0.805830389565892,0,0,1
187,asynchronous,EXT_021,EXT_210,"M=20,20,20,20,|T=0,0,0,0,|B=1,15,1,50;1,15,1,50;2,15,1,50;",2.99678479176684,0.316208671294383,0,0,0
187,high_noise,EXT_021,EXT_021,"M=20,20,20,20,|T=0,0,0,0,|B=2,15,1,50;2,15,1,50;3,15,1,50;",2.68057612047246,0,1,1,1
187,high_noise,EXT_021,EXT_012,"M=20,20,20,20,|T=0,0,0,0,|B=2,15,1,50;3,15,1,50;3,15,1,50;",2.99678479176684,0.316208671294384,0,1,0
187,high_noise,EXT_021,EXT_111,"M=20,20,20,20,|T=0,0,0,0,|B=1,15,1,50;2,15,1,50;3,15,1,50;",3.15851222643438,0.477936105961922,0,1,0
187,high_noise,EXT_021,EXT_120,"M=20,20,20,20,|T=0,0,0,0,|B=1,15,1,50;2,15,1,50;2,15,1,50;",2.68057612047246,-8.88178419700125e-16,0,0,0
187,high_noise,EXT_021,EXT_201,"M=20,20,20,20,|T=0,0,0,0,|B=1,15,1,50;1,15,1,50;3,15,1,50;",3.48640651003835,0.805830389565893,0,0,1
187,high_noise,EXT_021,EXT_102,"M=20,20,20,20,|T=0,0,0,0,|B=1,15,1,50;3,15,1,50;3,15,1,50;",3.48640651003835,0.805830389565892,0,0,1
187,high_noise,EXT_021,EXT_210,"M=20,20,20,20,|T=0,0,0,0,|B=1,15,1,50;1,15,1,50;2,15,1,50;",2.99678479176684,0.316208671294383,0,0,0
188,synchronous,EXT_021,EXT_021,"M=20,20,20,20,|T=0,0,0,0,|B=2,15,1,50;2,15,1,50;3,15,1,50;",2.56406368425847,0,1,1,1
188,synchronous,EXT_021,EXT_012,"M=20,20,20,20,|T=0,0,0,0,|B=2,15,1,50;3,15,1,50;3,15,1,50;",2.96219594346492,0.398132259206449,0,1,0
188,synchronous,EXT_021,EXT_111,"M=20,20,20,20,|T=0,0,0,0,|B=1,15,1,50;2,15,1,50;3,15,1,50;",3.13621727527538,0.572153591016909,0,1,0
188,synchronous,EXT_021,EXT_120,"M=20,20,20,20,|T=0,0,0,0,|B=1,15,1,50;2,15,1,50;2,15,1,50;",2.56406368425847,8.88178419700125e-16,0,0,0
188,synchronous,EXT_021,EXT_102,"M=20,20,20,20,|T=0,0,0,0,|B=1,15,1,50;3,15,1,50;3,15,1,50;",3.51788067279288,0.953816988534412,0,0,0
188,synchronous,EXT_021,EXT_201,"M=20,20,20,20,|T=0,0,0,0,|B=1,15,1,50;1,15,1,50;3,15,1,50;",3.51788067279288,0.953816988534411,0,0,1
188,synchronous,EXT_021,EXT_210,"M=20,20,20,20,|T=0,0,0,0,|B=1,15,1,50;1,15,1,50;2,15,1,50;",2.96219594346492,0.398132259206449,0,0,1
188,asynchronous,EXT_021,EXT_021,"M=20,20,20,20,|T=0,0,0,0,|B=2,15,1,50;2,15,1,50;3,15,1,50;",2.56406368425847,0,1,1,1
188,asynchronous,EXT_021,EXT_012,"M=20,20,20,20,|T=0,0,0,0,|B=2,15,1,50;3,15,1,50;3,15,1,50;",2.96219594346492,0.398132259206449,0,1,0
188,asynchronous,EXT_021,EXT_111,"M=20,20,20,20,|T=0,0,0,0,|B=1,15,1,50;2,15,1,50;3,15,1,50;",3.13621727527538,0.572153591016909,0,1,0
188,asynchronous,EXT_021,EXT_120,"M=20,20,20,20,|T=0,0,0,0,|B=1,15,1,50;2,15,1,50;2,15,1,50;",2.56406368425847,8.88178419700125e-16,0,0,0
188,asynchronous,EXT_021,EXT_102,"M=20,20,20,20,|T=0,0,0,0,|B=1,15,1,50;3,15,1,50;3,15,1,50;",3.51788067279288,0.953816988534412,0,0,0
188,asynchronous,EXT_021,EXT_201,"M=20,20,20,20,|T=0,0,0,0,|B=1,15,1,50;1,15,1,50;3,15,1,50;",3.51788067279288,0.953816988534411,0,0,1
188,asynchronous,EXT_021,EXT_210,"M=20,20,20,20,|T=0,0,0,0,|B=1,15,1,50;1,15,1,50;2,15,1,50;",2.96219594346492,0.398132259206449,0,0,1
188,high_noise,EXT_021,EXT_021,"M=20,20,20,20,|T=0,0,0,0,|B=2,15,1,50;2,15,1,50;3,15,1,50;",2.56406368425847,0,1,1,1
188,high_noise,EXT_021,EXT_012,"M=20,20,20,20,|T=0,0,0,0,|B=2,15,1,50;3,15,1,50;3,15,1,50;",2.96219594346492,0.398132259206449,0,1,0
188,high_noise,EXT_021,EXT_111,"M=20,20,20,20,|T=0,0,0,0,|B=1,15,1,50;2,15,1,50;3,15,1,50;",3.13621727527538,0.572153591016909,0,1,0
188,high_noise,EXT_021,EXT_120,"M=20,20,20,20,|T=0,0,0,0,|B=1,15,1,50;2,15,1,50;2,15,1,50;",2.56406368425847,8.88178419700125e-16,0,0,0
188,high_noise,EXT_021,EXT_102,"M=20,20,20,20,|T=0,0,0,0,|B=1,15,1,50;3,15,1,50;3,15,1,50;",3.51788067279288,0.953816988534412,0,0,0
188,high_noise,EXT_021,EXT_201,"M=20,20,20,20,|T=0,0,0,0,|B=1,15,1,50;1,15,1,50;3,15,1,50;",3.51788067279288,0.953816988534411,0,0,1
188,high_noise,EXT_021,EXT_210,"M=20,20,20,20,|T=0,0,0,0,|B=1,15,1,50;1,15,1,50;2,15,1,50;",2.96219594346492,0.398132259206449,0,0,1
189,synchronous,EXT_021,EXT_021,"M=20,20,20,20,|T=0,0,0,0,|B=2,15,1,50;2,15,1,50;3,15,1,50;",0.834391762107714,0,1,1,0
189,synchronous,EXT_021,EXT_012,"M=20,20,20,20,|T=0,0,0,0,|B=2,15,1,50;3,15,1,50;3,15,1,50;",1.73193719004347,0.89754542793576,0,1,1
189,synchronous,EXT_021,EXT_111,"M=20,20,20,20,|T=0,0,0,0,|B=1,15,1,50;2,15,1,50;3,15,1,50;",1.9646815350265,1.13028977291879,0,1,0
189,synchronous,EXT_021,EXT_120,"M=20,20,20,20,|T=0,0,0,0,|B=1,15,1,50;2,15,1,50;2,15,1,50;",0.834391762107713,-1.11022302462516e-16,0,0,1
189,synchronous,EXT_021,EXT_201,"M=20,20,20,20,|T=0,0,0,0,|B=1,15,1,50;1,15,1,50;3,15,1,50;",2.551377073736,1.71698531162828,0,0,0
189,synchronous,EXT_021,EXT_102,"M=20,20,20,20,|T=0,0,0,0,|B=1,15,1,50;3,15,1,50;3,15,1,50;",2.551377073736,1.71698531162828,0,0,0
189,synchronous,EXT_021,EXT_210,"M=20,20,20,20,|T=0,0,0,0,|B=1,15,1,50;1,15,1,50;2,15,1,50;",1.73193719004347,0.897545427935759,0,0,1
189,asynchronous,EXT_021,EXT_021,"M=20,20,20,20,|T=0,0,0,0,|B=2,15,1,50;2,15,1,50;3,15,1,50;",0.834391762107714,0,1,1,0
189,asynchronous,EXT_021,EXT_012,"M=20,20,20,20,|T=0,0,0,0,|B=2,15,1,50;3,15,1,50;3,15,1,50;",1.73193719004347,0.89754542793576,0,1,1
189,asynchronous,EXT_021,EXT_111,"M=20,20,20,20,|T=0,0,0,0,|B=1,15,1,50;2,15,1,50;3,15,1,50;",1.9646815350265,1.13028977291879,0,1,0
189,asynchronous,EXT_021,EXT_120,"M=20,20,20,20,|T=0,0,0,0,|B=1,15,1,50;2,15,1,50;2,15,1,50;",0.834391762107713,-1.11022302462516e-16,0,0,1
189,asynchronous,EXT_021,EXT_201,"M=20,20,20,20,|T=0,0,0,0,|B=1,15,1,50;1,15,1,50;3,15,1,50;",2.551377073736,1.71698531162828,0,0,0
189,asynchronous,EXT_021,EXT_102,"M=20,20,20,20,|T=0,0,0,0,|B=1,15,1,50;3,15,1,50;3,15,1,50;",2.551377073736,1.71698531162828,0,0,0
189,asynchronous,EXT_021,EXT_210,"M=20,20,20,20,|T=0,0,0,0,|B=1,15,1,50;1,15,1,50;2,15,1,50;",1.73193719004347,0.897545427935759,0,0,1
189,high_noise,EXT_021,EXT_021,"M=20,20,20,20,|T=0,0,0,0,|B=2,15,1,50;2,15,1,50;3,15,1,50;",0.834391762107714,0,1,1,0
189,high_noise,EXT_021,EXT_012,"M=20,20,20,20,|T=0,0,0,0,|B=2,15,1,50;3,15,1,50;3,15,1,50;",1.73193719004347,0.89754542793576,0,1,1
189,high_noise,EXT_021,EXT_111,"M=20,20,20,20,|T=0,0,0,0,|B=1,15,1,50;2,15,1,50;3,15,1,50;",1.9646815350265,1.13028977291879,0,1,0
189,high_noise,EXT_021,EXT_120,"M=20,20,20,20,|T=0,0,0,0,|B=1,15,1,50;2,15,1,50;2,15,1,50;",0.834391762107713,-1.11022302462516e-16,0,0,1
189,high_noise,EXT_021,EXT_201,"M=20,20,20,20,|T=0,0,0,0,|B=1,15,1,50;1,15,1,50;3,15,1,50;",2.551377073736,1.71698531162828,0,0,0
189,high_noise,EXT_021,EXT_102,"M=20,20,20,20,|T=0,0,0,0,|B=1,15,1,50;3,15,1,50;3,15,1,50;",2.551377073736,1.71698531162828,0,0,0
189,high_noise,EXT_021,EXT_210,"M=20,20,20,20,|T=0,0,0,0,|B=1,15,1,50;1,15,1,50;2,15,1,50;",1.73193719004347,0.897545427935759,0,0,1
190,synchronous,EXT_021,EXT_021,"M=20,20,20,20,|T=0,0,0,0,|B=2,15,1,50;2,15,1,50;3,15,1,50;",3.65099975977328,0,1,1,1
190,synchronous,EXT_021,EXT_012,"M=20,20,20,20,|T=0,0,0,0,|B=2,15,1,50;3,15,1,50;3,15,1,50;",3.84225892235712,0.191259162583845,0,1,1
190,synchronous,EXT_021,EXT_111,"M=20,20,20,20,|T=0,0,0,0,|B=1,15,1,50;2,15,1,50;3,15,1,50;",3.94456948844636,0.293569728673076,0,1,1
190,synchronous,EXT_021,EXT_120,"M=20,20,20,20,|T=0,0,0,0,|B=1,15,1,50;2,15,1,50;2,15,1,50;",3.65099975977328,4.44089209850063e-16,0,0,0
190,synchronous,EXT_021,EXT_201,"M=20,20,20,20,|T=0,0,0,0,|B=1,15,1,50;1,15,1,50;3,15,1,50;",4.21703848054675,0.566038720773467,0,0,0
190,synchronous,EXT_021,EXT_102,"M=20,20,20,20,|T=0,0,0,0,|B=1,15,1,50;3,15,1,50;3,15,1,50;",4.21703848054675,0.566038720773467,0,0,0
190,synchronous,EXT_021,EXT_210,"M=20,20,20,20,|T=0,0,0,0,|B=1,15,1,50;1,15,1,50;2,15,1,50;",3.84225892235712,0.191259162583844,0,0,0
190,asynchronous,EXT_021,EXT_021,"M=20,20,20,20,|T=0,0,0,0,|B=2,15,1,50;2,15,1,50;3,15,1,50;",3.65099975977328,0,1,1,1
190,asynchronous,EXT_021,EXT_012,"M=20,20,20,20,|T=0,0,0,0,|B=2,15,1,50;3,15,1,50;3,15,1,50;",3.84225892235712,0.191259162583845,0,1,1
190,asynchronous,EXT_021,EXT_111,"M=20,20,20,20,|T=0,0,0,0,|B=1,15,1,50;2,15,1,50;3,15,1,50;",3.94456948844636,0.293569728673076,0,1,1
190,asynchronous,EXT_021,EXT_120,"M=20,20,20,20,|T=0,0,0,0,|B=1,15,1,50;2,15,1,50;2,15,1,50;",3.65099975977328,4.44089209850063e-16,0,0,0
190,asynchronous,EXT_021,EXT_201,"M=20,20,20,20,|T=0,0,0,0,|B=1,15,1,50;1,15,1,50;3,15,1,50;",4.21703848054675,0.566038720773467,0,0,0
190,asynchronous,EXT_021,EXT_102,"M=20,20,20,20,|T=0,0,0,0,|B=1,15,1,50;3,15,1,50;3,15,1,50;",4.21703848054675,0.566038720773467,0,0,0
190,asynchronous,EXT_021,EXT_210,"M=20,20,20,20,|T=0,0,0,0,|B=1,15,1,50;1,15,1,50;2,15,1,50;",3.84225892235712,0.191259162583844,0,0,0
190,high_noise,EXT_021,EXT_021,"M=20,20,20,20,|T=0,0,0,0,|B=2,15,1,50;2,15,1,50;3,15,1,50;",3.65099975977328,0,1,1,1
190,high_noise,EXT_021,EXT_012,"M=20,20,20,20,|T=0,0,0,0,|B=2,15,1,50;3,15,1,50;3,15,1,50;",3.84225892235712,0.191259162583845,0,1,1
190,high_noise,EXT_021,EXT_111,"M=20,20,20,20,|T=0,0,0,0,|B=1,15,1,50;2,15,1,50;3,15,1,50;",3.94456948844636,0.293569728673076,0,1,1
190,high_noise,EXT_021,EXT_120,"M=20,20,20,20,|T=0,0,0,0,|B=1,15,1,50;2,15,1,50;2,15,1,50;",3.65099975977328,4.44089209850063e-16,0,0,0
190,high_noise,EXT_021,EXT_201,"M=20,20,20,20,|T=0,0,0,0,|B=1,15,1,50;1,15,1,50;3,15,1,50;",4.21703848054675,0.566038720773467,0,0,0
190,high_noise,EXT_021,EXT_102,"M=20,20,20,20,|T=0,0,0,0,|B=1,15,1,50;3,15,1,50;3,15,1,50;",4.21703848054675,0.566038720773467,0,0,0
190,high_noise,EXT_021,EXT_210,"M=20,20,20,20,|T=0,0,0,0,|B=1,15,1,50;1,15,1,50;2,15,1,50;",3.84225892235712,0.191259162583844,0,0,0
191,synchronous,EXT_021,EXT_021,"M=20,20,20,20,|T=0,0,0,0,|B=2,15,1,50;2,15,1,50;3,15,1,50;",2.91815760564351,0,1,1,0
191,synchronous,EXT_021,EXT_012,"M=20,20,20,20,|T=0,0,0,0,|B=2,15,1,50;3,15,1,50;3,15,1,50;",3.19856963466797,0.280412029024451,0,1,1
191,synchronous,EXT_021,EXT_111,"M=20,20,20,20,|T=0,0,0,0,|B=1,15,1,50;2,15,1,50;3,15,1,50;",3.35416548865151,0.436007883007993,0,1,0
191,synchronous,EXT_021,EXT_120,"M=20,20,20,20,|T=0,0,0,0,|B=1,15,1,50;2,15,1,50;2,15,1,50;",2.91815760564351,4.44089209850063e-16,0,0,0
191,synchronous,EXT_021,EXT_201,"M=20,20,20,20,|T=0,0,0,0,|B=1,15,1,50;1,15,1,50;3,15,1,50;",3.66122563896952,0.743068033326007,0,0,0
191,synchronous,EXT_021,EXT_102,"M=20,20,20,20,|T=0,0,0,0,|B=1,15,1,50;3,15,1,50;3,15,1,50;",3.66122563896952,0.743068033326008,0,0,1
191,synchronous,EXT_021,EXT_210,"M=20,20,20,20,|T=0,0,0,0,|B=1,15,1,50;1,15,1,50;2,15,1,50;",3.19856963466796,0.280412029024451,0,0,1
191,asynchronous,EXT_021,EXT_021,"M=20,20,20,20,|T=0,0,0,0,|B=2,15,1,50;2,15,1,50;3,15,1,50;",2.91815760564351,0,1,0,0
191,asynchronous,EXT_021,EXT_012,"M=20,20,20,20,|T=0,0,0,0,|B=2,15,1,50;3,15,1,50;3,15,1,50;",3.19856963466797,0.280412029024451,0,0,1
191,asynchronous,EXT_021,EXT_111,"M=20,20,20,20,|T=0,0,0,0,|B=1,15,1,50;2,15,1,50;3,15,1,50;",3.35416548865151,0.436007883007993,0,0,0
191,asynchronous,EXT_021,EXT_120,"M=20,20,20,20,|T=0,0,0,0,|B=1,15,1,50;2,15,1,50;2,15,1,50;",2.91815760564351,4.44089209850063e-16,0,1,0
191,asynchronous,EXT_021,EXT_201,"M=20,20,20,20,|T=0,0,0,0,|B=1,15,1,50;1,15,1,50;3,15,1,50;",3.66122563896952,0.743068033326007,0,1,0
191,asynchronous,EXT_021,EXT_102,"M=20,20,20,20,|T=0,0,0,0,|B=1,15,1,50;3,15,1,50;3,15,1,50;",3.66122563896952,0.743068033326008,0,0,1
191,asynchronous,EXT_021,EXT_210,"M=20,20,20,20,|T=0,0,0,0,|B=1,15,1,50;1,15,1,50;2,15,1,50;",3.19856963466796,0.280412029024451,0,1,1
191,high_noise,EXT_021,EXT_021,"M=20,20,20,20,|T=0,0,0,0,|B=2,15,1,50;2,15,1,50;3,15,1,50;",2.91815760564351,0,1,0,0
191,high_noise,EXT_021,EXT_012,"M=20,20,20,20,|T=0,0,0,0,|B=2,15,1,50;3,15,1,50;3,15,1,50;",3.19856963466797,0.280412029024451,0,0,1
191,high_noise,EXT_021,EXT_111,"M=20,20,20,20,|T=0,0,0,0,|B=1,15,1,50;2,15,1,50;3,15,1,50;",3.35416548865151,0.436007883007993,0,0,0
191,high_noise,EXT_021,EXT_120,"M=20,20,20,20,|T=0,0,0,0,|B=1,15,1,50;2,15,1,50;2,15,1,50;",2.91815760564351,4.44089209850063e-16,0,1,0
191,high_noise,EXT_021,EXT_201,"M=20,20,20,20,|T=0,0,0,0,|B=1,15,1,50;1,15,1,50;3,15,1,50;",3.66122563896952,0.743068033326007,0,1,0
191,high_noise,EXT_021,EXT_102,"M=20,20,20,20,|T=0,0,0,0,|B=1,15,1,50;3,15,1,50;3,15,1,50;",3.66122563896952,0.743068033326008,0,0,1
191,high_noise,EXT_021,EXT_210,"M=20,20,20,20,|T=0,0,0,0,|B=1,15,1,50;1,15,1,50;2,15,1,50;",3.19856963466796,0.280412029024451,0,1,1
192,synchronous,EXT_021,EXT_021,"M=20,20,20,20,|T=0,0,0,0,|B=2,15,1,50;2,15,1,50;3,15,1,50;",2.51854033465536,0,1,1,0
192,synchronous,EXT_021,EXT_012,"M=20,20,20,20,|T=0,0,0,0,|B=2,15,1,50;3,15,1,50;3,15,1,50;",2.93366458331737,0.415124248662009,0,1,1
192,synchronous,EXT_021,EXT_111,"M=20,20,20,20,|T=0,0,0,0,|B=1,15,1,50;2,15,1,50;3,15,1,50;",3.11479518301365,0.596254848358294,0,1,0
192,synchronous,EXT_021,EXT_120,"M=20,20,20,20,|T=0,0,0,0,|B=1,15,1,50;2,15,1,50;2,15,1,50;",2.51854033465536,-4.44089209850063e-16,0,0,1
192,synchronous,EXT_021,EXT_201,"M=20,20,20,20,|T=0,0,0,0,|B=1,15,1,50;1,15,1,50;3,15,1,50;",3.46203170343302,0.943491368777666,0,0,0
192,synchronous,EXT_021,EXT_102,"M=20,20,20,20,|T=0,0,0,0,|B=1,15,1,50;3,15,1,50;3,15,1,50;",3.46203170343302,0.943491368777666,0,0,0
192,synchronous,EXT_021,EXT_210,"M=20,20,20,20,|T=0,0,0,0,|B=1,15,1,50;1,15,1,50;2,15,1,50;",2.93366458331737,0.415124248662009,0,0,1
192,asynchronous,EXT_021,EXT_021,"M=20,20,20,20,|T=0,0,0,0,|B=2,15,1,50;2,15,1,50;3,15,1,50;",2.51854033465536,0,1,1,0
192,asynchronous,EXT_021,EXT_012,"M=20,20,20,20,|T=0,0,0,0,|B=2,15,1,50;3,15,1,50;3,15,1,50;",2.93366458331737,0.415124248662009,0,0,1
192,asynchronous,EXT_021,EXT_111,"M=20,20,20,20,|T=0,0,0,0,|B=1,15,1,50;2,15,1,50;3,15,1,50;",3.11479518301365,0.596254848358294,0,0,0
192,asynchronous,EXT_021,EXT_120,"M=20,20,20,20,|T=0,0,0,0,|B=1,15,1,50;2,15,1,50;2,15,1,50;",2.51854033465536,-4.44089209850063e-16,0,1,1
192,asynchronous,EXT_021,EXT_201,"M=20,20,20,20,|T=0,0,0,0,|B=1,15,1,50;1,15,1,50;3,15,1,50;",3.46203170343302,0.943491368777666,0,0,0
192,asynchronous,EXT_021,EXT_102,"M=20,20,20,20,|T=0,0,0,0,|B=1,15,1,50;3,15,1,50;3,15,1,50;",3.46203170343302,0.943491368777666,0,0,0
192,asynchronous,EXT_021,EXT_210,"M=20,20,20,20,|T=0,0,0,0,|B=1,15,1,50;1,15,1,50;2,15,1,50;",2.93366458331737,0.415124248662009,0,1,1
192,high_noise,EXT_021,EXT_021,"M=20,20,20,20,|T=0,0,0,0,|B=2,15,1,50;2,15,1,50;3,15,1,50;",2.51854033465536,0,1,1,0
192,high_noise,EXT_021,EXT_012,"M=20,20,20,20,|T=0,0,0,0,|B=2,15,1,50;3,15,1,50;3,15,1,50;",2.93366458331737,0.415124248662009,0,0,1
192,high_noise,EXT_021,EXT_111,"M=20,20,20,20,|T=0,0,0,0,|B=1,15,1,50;2,15,1,50;3,15,1,50;",3.11479518301365,0.596254848358294,0,0,0
192,high_noise,EXT_021,EXT_120,"M=20,20,20,20,|T=0,0,0,0,|B=1,15,1,50;2,15,1,50;2,15,1,50;",2.51854033465536,-4.44089209850063e-16,0,1,1
192,high_noise,EXT_021,EXT_201,"M=20,20,20,20,|T=0,0,0,0,|B=1,15,1,50;1,15,1,50;3,15,1,50;",3.46203170343302,0.943491368777666,0,0,0
192,high_noise,EXT_021,EXT_102,"M=20,20,20,20,|T=0,0,0,0,|B=1,15,1,50;3,15,1,50;3,15,1,50;",3.46203170343302,0.943491368777666,0,0,0
192,high_noise,EXT_021,EXT_210,"M=20,20,20,20,|T=0,0,0,0,|B=1,15,1,50;1,15,1,50;2,15,1,50;",2.93366458331737,0.415124248662009,0,1,1
193,synchronous,EXT_021,EXT_021,"M=20,20,20,20,|T=0,0,0,0,|B=2,15,1,50;2,15,1,50;3,15,1,50;",3.31929635749901,0,1,1,0
193,synchronous,EXT_021,EXT_012,"M=20,20,20,20,|T=0,0,0,0,|B=2,15,1,50;3,15,1,50;3,15,1,50;",3.53102505813577,0.211728700636764,0,1,0
193,synchronous,EXT_021,EXT_111,"M=20,20,20,20,|T=0,0,0,0,|B=1,15,1,50;2,15,1,50;3,15,1,50;",3.63162515816734,0.312328800668338,0,1,1
193,synchronous,EXT_021,EXT_120,"M=20,20,20,20,|T=0,0,0,0,|B=1,15,1,50;2,15,1,50;2,15,1,50;",3.31929635749901,1.77635683940025e-15,0,0,0
193,synchronous,EXT_021,EXT_201,"M=20,20,20,20,|T=0,0,0,0,|B=1,15,1,50;1,15,1,50;3,15,1,50;",3.94336265083274,0.624066293333733,0,0,1
193,synchronous,EXT_021,EXT_102,"M=20,20,20,20,|T=0,0,0,0,|B=1,15,1,50;3,15,1,50;3,15,1,50;",3.94336265083274,0.624066293333734,0,0,0
193,synchronous,EXT_021,EXT_210,"M=20,20,20,20,|T=0,0,0,0,|B=1,15,1,50;1,15,1,50;2,15,1,50;",3.53102505813577,0.211728700636763,0,0,1
193,asynchronous,EXT_021,EXT_021,"M=20,20,20,20,|T=0,0,0,0,|B=2,15,1,50;2,15,1,50;3,15,1,50;",3.31929635749901,0,1,1,0
193,asynchronous,EXT_021,EXT_012,"M=20,20,20,20,|T=0,0,0,0,|B=2,15,1,50;3,15,1,50;3,15,1,50;",3.53102505813577,0.211728700636764,0,1,0
193,asynchronous,EXT_021,EXT_111,"M=20,20,20,20,|T=0,0,0,0,|B=1,15,1,50;2,15,1,50;3,15,1,50;",3.63162515816734,0.312328800668338,0,1,1
193,asynchronous,EXT_021,EXT_120,"M=20,20,20,20,|T=0,0,0,0,|B=1,15,1,50;2,15,1,50;2,15,1,50;",3.31929635749901,1.77635683940025e-15,0,0,0
193,asynchronous,EXT_021,EXT_201,"M=20,20,20,20,|T=0,0,0,0,|B=1,15,1,50;1,15,1,50;3,15,1,50;",3.94336265083274,0.624066293333733,0,0,1
193,asynchronous,EXT_021,EXT_102,"M=20,20,20,20,|T=0,0,0,0,|B=1,15,1,50;3,15,1,50;3,15,1,50;",3.94336265083274,0.624066293333734,0,0,0
193,asynchronous,EXT_021,EXT_210,"M=20,20,20,20,|T=0,0,0,0,|B=1,15,1,50;1,15,1,50;2,15,1,50;",3.53102505813577,0.211728700636763,0,0,1
193,high_noise,EXT_021,EXT_021,"M=20,20,20,20,|T=0,0,0,0,|B=2,15,1,50;2,15,1,50;3,15,1,50;",3.31929635749901,0,1,1,0
193,high_noise,EXT_021,EXT_012,"M=20,20,20,20,|T=0,0,0,0,|B=2,15,1,50;3,15,1,50;3,15,1,50;",3.53102505813577,0.211728700636764,0,1,0
193,high_noise,EXT_021,EXT_111,"M=20,20,20,20,|T=0,0,0,0,|B=1,15,1,50;2,15,1,50;3,15,1,50;",3.63162515816734,0.312328800668338,0,1,1
193,high_noise,EXT_021,EXT_120,"M=20,20,20,20,|T=0,0,0,0,|B=1,15,1,50;2,15,1,50;2,15,1,50;",3.31929635749901,1.77635683940025e-15,0,0,0
193,high_noise,EXT_021,EXT_201,"M=20,20,20,20,|T=0,0,0,0,|B=1,15,1,50;1,15,1,50;3,15,1,50;",3.94336265083274,0.624066293333733,0,0,1
193,high_noise,EXT_021,EXT_102,"M=20,20,20,20,|T=0,0,0,0,|B=1,15,1,50;3,15,1,50;3,15,1,50;",3.94336265083274,0.624066293333734,0,0,0
193,high_noise,EXT_021,EXT_210,"M=20,20,20,20,|T=0,0,0,0,|B=1,15,1,50;1,15,1,50;2,15,1,50;",3.53102505813577,0.211728700636763,0,0,1
194,synchronous,EXT_021,EXT_021,"M=20,20,20,20,|T=0,0,0,0,|B=2,15,1,50;2,15,1,50;3,15,1,50;",1.72377987163122,0,1,1,1
194,synchronous,EXT_021,EXT_012,"M=20,20,20,20,|T=0,0,0,0,|B=2,15,1,50;3,15,1,50;3,15,1,50;",2.29292836269665,0.569148491065434,0,1,1
194,synchronous,EXT_021,EXT_111,"M=20,20,20,20,|T=0,0,0,0,|B=1,15,1,50;2,15,1,50;3,15,1,50;",2.51257117417756,0.788791302546339,0,1,0
194,synchronous,EXT_021,EXT_120,"M=20,20,20,20,|T=0,0,0,0,|B=1,15,1,50;2,15,1,50;2,15,1,50;",1.72377987163122,4.44089209850063e-16,0,0,0
194,synchronous,EXT_021,EXT_201,"M=20,20,20,20,|T=0,0,0,0,|B=1,15,1,50;1,15,1,50;3,15,1,50;",2.94455706704705,1.22077719541584,0,0,1
194,synchronous,EXT_021,EXT_102,"M=20,20,20,20,|T=0,0,0,0,|B=1,15,1,50;3,15,1,50;3,15,1,50;",2.94455706704705,1.22077719541583,0,0,0
194,synchronous,EXT_021,EXT_210,"M=20,20,20,20,|T=0,0,0,0,|B=1,15,1,50;1,15,1,50;2,15,1,50;",2.29292836269665,0.569148491065433,0,0,0
194,asynchronous,EXT_021,EXT_021,"M=20,20,20,20,|T=0,0,0,0,|B=2,15,1,50;2,15,1,50;3,15,1,50;",1.72377987163122,0,1,1,1
194,asynchronous,EXT_021,EXT_012,"M=20,20,20,20,|T=0,0,0,0,|B=2,15,1,50;3,15,1,50;3,15,1,50;",2.29292836269665,0.569148491065434,0,0,1
194,asynchronous,EXT_021,EXT_111,"M=20,20,20,20,|T=0,0,0,0,|B=1,15,1,50;2,15,1,50;3,15,1,50;",2.51257117417756,0.788791302546339,0,0,0
194,asynchronous,EXT_021,EXT_120,"M=20,20,20,20,|T=0,0,0,0,|B=1,15,1,50;2,15,1,50;2,15,1,50;",1.72377987163122,4.44089209850063e-16,0,1,0
194,asynchronous,EXT_021,EXT_201,"M=20,20,20,20,|T=0,0,0,0,|B=1,15,1,50;1,15,1,50;3,15,1,50;",2.94455706704705,1.22077719541584,0,0,1
194,asynchronous,EXT_021,EXT_102,"M=20,20,20,20,|T=0,0,0,0,|B=1,15,1,50;3,15,1,50;3,15,1,50;",2.94455706704705,1.22077719541583,0,0,0
194,asynchronous,EXT_021,EXT_210,"M=20,20,20,20,|T=0,0,0,0,|B=1,15,1,50;1,15,1,50;2,15,1,50;",2.29292836269665,0.569148491065433,0,1,0
194,high_noise,EXT_021,EXT_021,"M=20,20,20,20,|T=0,0,0,0,|B=2,15,1,50;2,15,1,50;3,15,1,50;",1.72377987163122,0,1,1,1
194,high_noise,EXT_021,EXT_012,"M=20,20,20,20,|T=0,0,0,0,|B=2,15,1,50;3,15,1,50;3,15,1,50;",2.29292836269665,0.569148491065434,0,0,1
194,high_noise,EXT_021,EXT_111,"M=20,20,20,20,|T=0,0,0,0,|B=1,15,1,50;2,15,1,50;3,15,1,50;",2.51257117417756,0.788791302546339,0,0,0
194,high_noise,EXT_021,EXT_120,"M=20,20,20,20,|T=0,0,0,0,|B=1,15,1,50;2,15,1,50;2,15,1,50;",1.72377987163122,4.44089209850063e-16,0,1,0
194,high_noise,EXT_021,EXT_201,"M=20,20,20,20,|T=0,0,0,0,|B=1,15,1,50;1,15,1,50;3,15,1,50;",2.94455706704705,1.22077719541584,0,0,1
194,high_noise,EXT_021,EXT_102,"M=20,20,20,20,|T=0,0,0,0,|B=1,15,1,50;3,15,1,50;3,15,1,50;",2.94455706704705,1.22077719541583,0,0,0
194,high_noise,EXT_021,EXT_210,"M=20,20,20,20,|T=0,0,0,0,|B=1,15,1,50;1,15,1,50;2,15,1,50;",2.29292836269665,0.569148491065433,0,1,0
195,synchronous,EXT_021,EXT_021,"M=20,20,20,20,|T=0,0,0,0,|B=2,15,1,50;2,15,1,50;3,15,1,50;",2.59028605186875,0,1,1,1
195,synchronous,EXT_021,EXT_012,"M=20,20,20,20,|T=0,0,0,0,|B=2,15,1,50;3,15,1,50;3,15,1,50;",2.99382119900297,0.403535147134213,0,1,0
195,synchronous,EXT_021,EXT_111,"M=20,20,20,20,|T=0,0,0,0,|B=1,15,1,50;2,15,1,50;3,15,1,50;",3.11112508392744,0.520839032058681,0,1,0
195,synchronous,EXT_021,EXT_120,"M=20,20,20,20,|T=0,0,0,0,|B=1,15,1,50;2,15,1,50;2,15,1,50;",2.59028605186875,8.88178419700125e-16,0,0,0
195,synchronous,EXT_021,EXT_201,"M=20,20,20,20,|T=0,0,0,0,|B=1,15,1,50;1,15,1,50;3,15,1,50;",3.53240398376398,0.942117931895221,0,0,1
195,synchronous,EXT_021,EXT_102,"M=20,20,20,20,|T=0,0,0,0,|B=1,15,1,50;3,15,1,50;3,15,1,50;",3.53240398376398,0.942117931895222,0,0,1
195,synchronous,EXT_021,EXT_210,"M=20,20,20,20,|T=0,0,0,0,|B=1,15,1,50;1,15,1,50;2,15,1,50;",2.99382119900297,0.403535147134213,0,0,0
195,asynchronous,EXT_021,EXT_021,"M=20,20,20,20,|T=0,0,0,0,|B=2,15,1,50;2,15,1,50;3,15,1,50;",2.59028605186875,0,1,1,1
195,asynchronous,EXT_021,EXT_012,"M=20,20,20,20,|T=0,0,0,0,|B=2,15,1,50;3,15,1,50;3,15,1,50;",2.99382119900297,0.403535147134213,0,1,0
195,asynchronous,EXT_021,EXT_111,"M=20,20,20,20,|T=0,0,0,0,|B=1,15,1,50;2,15,1,50;3,15,1,50;",3.11112508392744,0.520839032058681,0,1,0
195,asynchronous,EXT_021,EXT_120,"M=20,20,20,20,|T=0,0,0,0,|B=1,15,1,50;2,15,1,50;2,15,1,50;",2.59028605186875,8.88178419700125e-16,0,0,0
195,asynchronous,EXT_021,EXT_201,"M=20,20,20,20,|T=0,0,0,0,|B=1,15,1,50;1,15,1,50;3,15,1,50;",3.53240398376398,0.942117931895221,0,0,1
195,asynchronous,EXT_021,EXT_102,"M=20,20,20,20,|T=0,0,0,0,|B=1,15,1,50;3,15,1,50;3,15,1,50;",3.53240398376398,0.942117931895222,0,0,1
195,asynchronous,EXT_021,EXT_210,"M=20,20,20,20,|T=0,0,0,0,|B=1,15,1,50;1,15,1,50;2,15,1,50;",2.99382119900297,0.403535147134213,0,0,0
195,high_noise,EXT_021,EXT_021,"M=20,20,20,20,|T=0,0,0,0,|B=2,15,1,50;2,15,1,50;3,15,1,50;",2.59028605186875,0,1,1,1
195,high_noise,EXT_021,EXT_012,"M=20,20,20,20,|T=0,0,0,0,|B=2,15,1,50;3,15,1,50;3,15,1,50;",2.99382119900297,0.403535147134213,0,1,0
195,high_noise,EXT_021,EXT_111,"M=20,20,20,20,|T=0,0,0,0,|B=1,15,1,50;2,15,1,50;3,15,1,50;",3.11112508392744,0.520839032058681,0,1,0
195,high_noise,EXT_021,EXT_120,"M=20,20,20,20,|T=0,0,0,0,|B=1,15,1,50;2,15,1,50;2,15,1,50;",2.59028605186875,8.88178419700125e-16,0,0,0
195,high_noise,EXT_021,EXT_201,"M=20,20,20,20,|T=0,0,0,0,|B=1,15,1,50;1,15,1,50;3,15,1,50;",3.53240398376398,0.942117931895221,0,0,1
195,high_noise,EXT_021,EXT_102,"M=20,20,20,20,|T=0,0,0,0,|B=1,15,1,50;3,15,1,50;3,15,1,50;",3.53240398376398,0.942117931895222,0,0,1
195,high_noise,EXT_021,EXT_210,"M=20,20,20,20,|T=0,0,0,0,|B=1,15,1,50;1,15,1,50;2,15,1,50;",2.99382119900297,0.403535147134213,0,0,0
196,synchronous,EXT_021,EXT_021,"M=20,20,20,20,|T=0,0,0,0,|B=2,15,1,50;2,15,1,50;3,15,1,50;",3.02464700741671,0,1,1,1
196,synchronous,EXT_021,EXT_012,"M=20,20,20,20,|T=0,0,0,0,|B=2,15,1,50;3,15,1,50;3,15,1,50;",3.34047393054905,0.315826923132341,0,1,1
196,synchronous,EXT_021,EXT_111,"M=20,20,20,20,|T=0,0,0,0,|B=1,15,1,50;2,15,1,50;3,15,1,50;",3.4831716291018,0.458524621685086,0,1,0
196,synchronous,EXT_021,EXT_120,"M=20,20,20,20,|T=0,0,0,0,|B=1,15,1,50;2,15,1,50;2,15,1,50;",3.02464700741671,8.88178419700125e-16,0,0,0
196,synchronous,EXT_021,EXT_201,"M=20,20,20,20,|T=0,0,0,0,|B=1,15,1,50;1,15,1,50;3,15,1,50;",3.81026895645151,0.785621949034802,0,0,1
196,synchronous,EXT_021,EXT_102,"M=20,20,20,20,|T=0,0,0,0,|B=1,15,1,50;3,15,1,50;3,15,1,50;",3.81026895645151,0.785621949034802,0,0,0
196,synchronous,EXT_021,EXT_210,"M=20,20,20,20,|T=0,0,0,0,|B=1,15,1,50;1,15,1,50;2,15,1,50;",3.34047393054905,0.315826923132342,0,0,0
196,asynchronous,EXT_021,EXT_021,"M=20,20,20,20,|T=0,0,0,0,|B=2,15,1,50;2,15,1,50;3,15,1,50;",3.02464700741671,0,1,1,1
196,asynchronous,EXT_021,EXT_012,"M=20,20,20,20,|T=0,0,0,0,|B=2,15,1,50;3,15,1,50;3,15,1,50;",3.34047393054905,0.315826923132341,0,1,1
196,asynchronous,EXT_021,EXT_111,"M=20,20,20,20,|T=0,0,0,0,|B=1,15,1,50;2,15,1,50;3,15,1,50;",3.4831716291018,0.458524621685086,0,1,0
196,asynchronous,EXT_021,EXT_120,"M=20,20,20,20,|T=0,0,0,0,|B=1,15,1,50;2,15,1,50;2,15,1,50;",3.02464700741671,8.88178419700125e-16,0,0,0
196,asynchronous,EXT_021,EXT_201,"M=20,20,20,20,|T=0,0,0,0,|B=1,15,1,50;1,15,1,50;3,15,1,50;",3.81026895645151,0.785621949034802,0,0,1
196,asynchronous,EXT_021,EXT_102,"M=20,20,20,20,|T=0,0,0,0,|B=1,15,1,50;3,15,1,50;3,15,1,50;",3.81026895645151,0.785621949034802,0,0,0
196,asynchronous,EXT_021,EXT_210,"M=20,20,20,20,|T=0,0,0,0,|B=1,15,1,50;1,15,1,50;2,15,1,50;",3.34047393054905,0.315826923132342,0,0,0
196,high_noise,EXT_021,EXT_021,"M=20,20,20,20,|T=0,0,0,0,|B=2,15,1,50;2,15,1,50;3,15,1,50;",3.02464700741671,0,1,1,1
196,high_noise,EXT_021,EXT_012,"M=20,20,20,20,|T=0,0,0,0,|B=2,15,1,50;3,15,1,50;3,15,1,50;",3.34047393054905,0.315826923132341,0,1,1
196,high_noise,EXT_021,EXT_111,"M=20,20,20,20,|T=0,0,0,0,|B=1,15,1,50;2,15,1,50;3,15,1,50;",3.4831716291018,0.458524621685086,0,1,0
196,high_noise,EXT_021,EXT_120,"M=20,20,20,20,|T=0,0,0,0,|B=1,15,1,50;2,15,1,50;2,15,1,50;",3.02464700741671,8.88178419700125e-16,0,0,0
196,high_noise,EXT_021,EXT_201,"M=20,20,20,20,|T=0,0,0,0,|B=1,15,1,50;1,15,1,50;3,15,1,50;",3.81026895645151,0.785621949034802,0,0,1
196,high_noise,EXT_021,EXT_102,"M=20,20,20,20,|T=0,0,0,0,|B=1,15,1,50;3,15,1,50;3,15,1,50;",3.81026895645151,0.785621949034802,0,0,0
196,high_noise,EXT_021,EXT_210,"M=20,20,20,20,|T=0,0,0,0,|B=1,15,1,50;1,15,1,50;2,15,1,50;",3.34047393054905,0.315826923132342,0,0,0
197,synchronous,EXT_021,EXT_021,"M=20,20,20,20,|T=0,0,0,0,|B=2,15,1,50;2,15,1,50;3,15,1,50;",3.27842602210938,0,1,1,0
197,synchronous,EXT_021,EXT_012,"M=20,20,20,20,|T=0,0,0,0,|B=2,15,1,50;3,15,1,50;3,15,1,50;",3.53474241892752,0.256316396818139,0,1,0
197,synchronous,EXT_021,EXT_111,"M=20,20,20,20,|T=0,0,0,0,|B=1,15,1,50;2,15,1,50;3,15,1,50;",3.63885984656807,0.360433824458688,0,1,1
197,synchronous,EXT_021,EXT_120,"M=20,20,20,20,|T=0,0,0,0,|B=1,15,1,50;2,15,1,50;2,15,1,50;",3.27842602210938,1.33226762955019e-15,0,0,1
197,synchronous,EXT_021,EXT_201,"M=20,20,20,20,|T=0,0,0,0,|B=1,15,1,50;1,15,1,50;3,15,1,50;",3.97541374633832,0.696987724228944,0,0,0
197,synchronous,EXT_021,EXT_102,"M=20,20,20,20,|T=0,0,0,0,|B=1,15,1,50;3,15,1,50;3,15,1,50;",3.97541374633832,0.696987724228944,0,0,1
197,synchronous,EXT_021,EXT_210,"M=20,20,20,20,|T=0,0,0,0,|B=1,15,1,50;1,15,1,50;2,15,1,50;",3.53474241892752,0.256316396818138,0,0,0
197,asynchronous,EXT_021,EXT_021,"M=20,20,20,20,|T=0,0,0,0,|B=2,15,1,50;2,15,1,50;3,15,1,50;",3.27842602210938,0,1,0,0
197,asynchronous,EXT_021,EXT_012,"M=20,20,20,20,|T=0,0,0,0,|B=2,15,1,50;3,15,1,50;3,15,1,50;",3.53474241892752,0.256316396818139,0,0,0
197,asynchronous,EXT_021,EXT_111,"M=20,20,20,20,|T=0,0,0,0,|B=1,15,1,50;2,15,1,50;3,15,1,50;",3.63885984656807,0.360433824458688,0,1,1
197,asynchronous,EXT_021,EXT_120,"M=20,20,20,20,|T=0,0,0,0,|B=1,15,1,50;2,15,1,50;2,15,1,50;",3.27842602210938,1.33226762955019e-15,0,1,1
197,asynchronous,EXT_021,EXT_201,"M=20,20,20,20,|T=0,0,0,0,|B=1,15,1,50;1,15,1,50;3,15,1,50;",3.97541374633832,0.696987724228944,0,0,0
197,asynchronous,EXT_021,EXT_102,"M=20,20,20,20,|T=0,0,0,0,|B=1,15,1,50;3,15,1,50;3,15,1,50;",3.97541374633832,0.696987724228944,0,1,1
197,asynchronous,EXT_021,EXT_210,"M=20,20,20,20,|T=0,0,0,0,|B=1,15,1,50;1,15,1,50;2,15,1,50;",3.53474241892752,0.256316396818138,0,0,0
197,high_noise,EXT_021,EXT_021,"M=20,20,20,20,|T=0,0,0,0,|B=2,15,1,50;2,15,1,50;3,15,1,50;",3.27842602210938,0,1,0,0
197,high_noise,EXT_021,EXT_012,"M=20,20,20,20,|T=0,0,0,0,|B=2,15,1,50;3,15,1,50;3,15,1,50;",3.53474241892752,0.256316396818139,0,0,0
197,high_noise,EXT_021,EXT_111,"M=20,20,20,20,|T=0,0,0,0,|B=1,15,1,50;2,15,1,50;3,15,1,50;",3.63885984656807,0.360433824458688,0,1,1
197,high_noise,EXT_021,EXT_120,"M=20,20,20,20,|T=0,0,0,0,|B=1,15,1,50;2,15,1,50;2,15,1,50;",3.27842602210938,1.33226762955019e-15,0,1,1
197,high_noise,EXT_021,EXT_201,"M=20,20,20,20,|T=0,0,0,0,|B=1,15,1,50;1,15,1,50;3,15,1,50;",3.97541374633832,0.696987724228944,0,0,0
197,high_noise,EXT_021,EXT_102,"M=20,20,20,20,|T=0,0,0,0,|B=1,15,1,50;3,15,1,50;3,15,1,50;",3.97541374633832,0.696987724228944,0,1,1
197,high_noise,EXT_021,EXT_210,"M=20,20,20,20,|T=0,0,0,0,|B=1,15,1,50;1,15,1,50;2,15,1,50;",3.53474241892752,0.256316396818138,0,0,0
198,synchronous,EXT_021,EXT_021,"M=20,20,20,20,|T=0,0,0,0,|B=2,15,1,50;2,15,1,50;3,15,1,50;",0.886454236472075,0,1,1,1
198,synchronous,EXT_021,EXT_012,"M=20,20,20,20,|T=0,0,0,0,|B=2,15,1,50;3,15,1,50;3,15,1,50;",1.70146571121374,0.815011474741662,0,1,1
198,synchronous,EXT_021,EXT_111,"M=20,20,20,20,|T=0,0,0,0,|B=1,15,1,50;2,15,1,50;3,15,1,50;",2.04968084646162,1.16322660998955,0,1,0
198,synchronous,EXT_021,EXT_120,"M=20,20,20,20,|T=0,0,0,0,|B=1,15,1,50;2,15,1,50;2,15,1,50;",0.886454236472075,0,0,0,0
198,synchronous,EXT_021,EXT_201,"M=20,20,20,20,|T=0,0,0,0,|B=1,15,1,50;1,15,1,50;3,15,1,50;",2.54537422783685,1.65891999136477,0,0,1
198,synchronous,EXT_021,EXT_102,"M=20,20,20,20,|T=0,0,0,0,|B=1,15,1,50;3,15,1,50;3,15,1,50;",2.54537422783685,1.65891999136477,0,0,0
198,synchronous,EXT_021,EXT_210,"M=20,20,20,20,|T=0,0,0,0,|B=1,15,1,50;1,15,1,50;2,15,1,50;",1.70146571121374,0.815011474741662,0,0,0
198,asynchronous,EXT_021,EXT_021,"M=20,20,20,20,|T=0,0,0,0,|B=2,15,1,50;2,15,1,50;3,15,1,50;",0.886454236472075,0,1,1,1
198,asynchronous,EXT_021,EXT_012,"M=20,20,20,20,|T=0,0,0,0,|B=2,15,1,50;3,15,1,50;3,15,1,50;",1.70146571121374,0.815011474741662,0,0,1
198,asynchronous,EXT_021,EXT_111,"M=20,20,20,20,|T=0,0,0,0,|B=1,15,1,50;2,15,1,50;3,15,1,50;",2.04968084646162,1.16322660998955,0,0,0
198,asynchronous,EXT_021,EXT_120,"M=20,20,20,20,|T=0,0,0,0,|B=1,15,1,50;2,15,1,50;2,15,1,50;",0.886454236472075,0,0,0,0
198,asynchronous,EXT_021,EXT_201,"M=20,20,20,20,|T=0,0,0,0,|B=1,15,1,50;1,15,1,50;3,15,1,50;",2.54537422783685,1.65891999136477,0,1,1
198,asynchronous,EXT_021,EXT_102,"M=20,20,20,20,|T=0,0,0,0,|B=1,15,1,50;3,15,1,50;3,15,1,50;",2.54537422783685,1.65891999136477,0,0,0
198,asynchronous,EXT_021,EXT_210,"M=20,20,20,20,|T=0,0,0,0,|B=1,15,1,50;1,15,1,50;2,15,1,50;",1.70146571121374,0.815011474741662,0,1,0
198,high_noise,EXT_021,EXT_021,"M=20,20,20,20,|T=0,0,0,0,|B=2,15,1,50;2,15,1,50;3,15,1,50;",0.886454236472075,0,1,1,1
198,high_noise,EXT_021,EXT_012,"M=20,20,20,20,|T=0,0,0,0,|B=2,15,1,50;3,15,1,50;3,15,1,50;",1.70146571121374,0.815011474741662,0,0,1
198,high_noise,EXT_021,EXT_111,"M=20,20,20,20,|T=0,0,0,0,|B=1,15,1,50;2,15,1,50;3,15,1,50;",2.04968084646162,1.16322660998955,0,0,0
198,high_noise,EXT_021,EXT_120,"M=20,20,20,20,|T=0,0,0,0,|B=1,15,1,50;2,15,1,50;2,15,1,50;",0.886454236472075,0,0,0,0
198,high_noise,EXT_021,EXT_201,"M=20,20,20,20,|T=0,0,0,0,|B=1,15,1,50;1,15,1,50;3,15,1,50;",2.54537422783685,1.65891999136477,0,1,1
198,high_noise,EXT_021,EXT_102,"M=20,20,20,20,|T=0,0,0,0,|B=1,15,1,50;3,15,1,50;3,15,1,50;",2.54537422783685,1.65891999136477,0,0,0
198,high_noise,EXT_021,EXT_210,"M=20,20,20,20,|T=0,0,0,0,|B=1,15,1,50;1,15,1,50;2,15,1,50;",1.70146571121374,0.815011474741662,0,1,0
199,synchronous,EXT_021,EXT_021,"M=20,20,20,20,|T=0,0,0,0,|B=2,15,1,50;2,15,1,50;3,15,1,50;",1.3523020334418,0,1,1,1
199,synchronous,EXT_021,EXT_012,"M=20,20,20,20,|T=0,0,0,0,|B=2,15,1,50;3,15,1,50;3,15,1,50;",2.0600029824215,0.707700948979704,0,1,0
199,synchronous,EXT_021,EXT_111,"M=20,20,20,20,|T=0,0,0,0,|B=1,15,1,50;2,15,1,50;3,15,1,50;",2.36534399292768,1.01304195948588,0,1,1
199,synchronous,EXT_021,EXT_120,"M=20,20,20,20,|T=0,0,0,0,|B=1,15,1,50;2,15,1,50;2,15,1,50;",1.3523020334418,6.66133814775094e-16,0,0,0
199,synchronous,EXT_021,EXT_102,"M=20,20,20,20,|T=0,0,0,0,|B=1,15,1,50;3,15,1,50;3,15,1,50;",2.86108553522039,1.5087835017786,0,0,1
199,synchronous,EXT_021,EXT_201,"M=20,20,20,20,|T=0,0,0,0,|B=1,15,1,50;1,15,1,50;3,15,1,50;",2.86108553522039,1.5087835017786,0,0,0
199,synchronous,EXT_021,EXT_210,"M=20,20,20,20,|T=0,0,0,0,|B=1,15,1,50;1,15,1,50;2,15,1,50;",2.0600029824215,0.707700948979704,0,0,0
199,asynchronous,EXT_021,EXT_021,"M=20,20,20,20,|T=0,0,0,0,|B=2,15,1,50;2,15,1,50;3,15,1,50;",1.3523020334418,0,1,1,1
199,asynchronous,EXT_021,EXT_012,"M=20,20,20,20,|T=0,0,0,0,|B=2,15,1,50;3,15,1,50;3,15,1,50;",2.0600029824215,0.707700948979704,0,1,0
199,asynchronous,EXT_021,EXT_111,"M=20,20,20,20,|T=0,0,0,0,|B=1,15,1,50;2,15,1,50;3,15,1,50;",2.36534399292768,1.01304195948588,0,1,1
199,asynchronous,EXT_021,EXT_120,"M=20,20,20,20,|T=0,0,0,0,|B=1,15,1,50;2,15,1,50;2,15,1,50;",1.3523020334418,6.66133814775094e-16,0,0,0
199,asynchronous,EXT_021,EXT_102,"M=20,20,20,20,|T=0,0,0,0,|B=1,15,1,50;3,15,1,50;3,15,1,50;",2.86108553522039,1.5087835017786,0,0,1
199,asynchronous,EXT_021,EXT_201,"M=20,20,20,20,|T=0,0,0,0,|B=1,15,1,50;1,15,1,50;3,15,1,50;",2.86108553522039,1.5087835017786,0,0,0
199,asynchronous,EXT_021,EXT_210,"M=20,20,20,20,|T=0,0,0,0,|B=1,15,1,50;1,15,1,50;2,15,1,50;",2.0600029824215,0.707700948979704,0,0,0
199,high_noise,EXT_021,EXT_021,"M=20,20,20,20,|T=0,0,0,0,|B=2,15,1,50;2,15,1,50;3,15,1,50;",1.3523020334418,0,1,1,1
199,high_noise,EXT_021,EXT_012,"M=20,20,20,20,|T=0,0,0,0,|B=2,15,1,50;3,15,1,50;3,15,1,50;",2.0600029824215,0.707700948979704,0,1,0
199,high_noise,EXT_021,EXT_111,"M=20,20,20,20,|T=0,0,0,0,|B=1,15,1,50;2,15,1,50;3,15,1,50;",2.36534399292768,1.01304195948588,0,1,1
199,high_noise,EXT_021,EXT_120,"M=20,20,20,20,|T=0,0,0,0,|B=1,15,1,50;2,15,1,50;2,15,1,50;",1.3523020334418,6.66133814775094e-16,0,0,0
199,high_noise,EXT_021,EXT_102,"M=20,20,20,20,|T=0,0,0,0,|B=1,15,1,50;3,15,1,50;3,15,1,50;",2.86108553522039,1.5087835017786,0,0,1
199,high_noise,EXT_021,EXT_201,"M=20,20,20,20,|T=0,0,0,0,|B=1,15,1,50;1,15,1,50;3,15,1,50;",2.86108553522039,1.5087835017786,0,0,0
199,high_noise,EXT_021,EXT_210,"M=20,20,20,20,|T=0,0,0,0,|B=1,15,1,50;1,15,1,50;2,15,1,50;",2.0600029824215,0.707700948979704,0,0,0
200,synchronous,EXT_021,EXT_021,"M=20,20,20,20,|T=0,0,0,0,|B=2,15,1,50;2,15,1,50;3,15,1,50;",2.9788937537944,0,1,1,0
200,synchronous,EXT_021,EXT_012,"M=20,20,20,20,|T=0,0,0,0,|B=2,15,1,50;3,15,1,50;3,15,1,50;",3.2158031319187,0.236909378124299,0,1,0
200,synchronous,EXT_021,EXT_111,"M=20,20,20,20,|T=0,0,0,0,|B=1,15,1,50;2,15,1,50;3,15,1,50;",3.34314000414455,0.364246250350153,0,1,1
200,synchronous,EXT_021,EXT_120,"M=20,20,20,20,|T=0,0,0,0,|B=1,15,1,50;2,15,1,50;2,15,1,50;",2.9788937537944,4.44089209850063e-16,0,0,1
200,synchronous,EXT_021,EXT_102,"M=20,20,20,20,|T=0,0,0,0,|B=1,15,1,50;3,15,1,50;3,15,1,50;",3.66016814646848,0.681274392674081,0,0,0
200,synchronous,EXT_021,EXT_201,"M=20,20,20,20,|T=0,0,0,0,|B=1,15,1,50;1,15,1,50;3,15,1,50;",3.66016814646848,0.681274392674081,0,0,1
200,synchronous,EXT_021,EXT_210,"M=20,20,20,20,|T=0,0,0,0,|B=1,15,1,50;1,15,1,50;2,15,1,50;",3.2158031319187,0.236909378124298,0,0,0
200,asynchronous,EXT_021,EXT_021,"M=20,20,20,20,|T=0,0,0,0,|B=2,15,1,50;2,15,1,50;3,15,1,50;",2.9788937537944,0,1,0,0
200,asynchronous,EXT_021,EXT_012,"M=20,20,20,20,|T=0,0,0,0,|B=2,15,1,50;3,15,1,50;3,15,1,50;",3.2158031319187,0.236909378124299,0,0,0
200,asynchronous,EXT_021,EXT_111,"M=20,20,20,20,|T=0,0,0,0,|B=1,15,1,50;2,15,1,50;3,15,1,50;",3.34314000414455,0.364246250350153,0,1,1
200,asynchronous,EXT_021,EXT_120,"M=20,20,20,20,|T=0,0,0,0,|B=1,15,1,50;2,15,1,50;2,15,1,50;",2.9788937537944,4.44089209850063e-16,0,1,1
200,asynchronous,EXT_021,EXT_102,"M=20,20,20,20,|T=0,0,0,0,|B=1,15,1,50;3,15,1,50;3,15,1,50;",3.66016814646848,0.681274392674081,0,0,0
200,asynchronous,EXT_021,EXT_201,"M=20,20,20,20,|T=0,0,0,0,|B=1,15,1,50;1,15,1,50;3,15,1,50;",3.66016814646848,0.681274392674081,0,1,1
200,asynchronous,EXT_021,EXT_210,"M=20,20,20,20,|T=0,0,0,0,|B=1,15,1,50;1,15,1,50;2,15,1,50;",3.2158031319187,0.236909378124298,0,0,0
200,high_noise,EXT_021,EXT_021,"M=20,20,20,20,|T=0,0,0,0,|B=2,15,1,50;2,15,1,50;3,15,1,50;",2.9788937537944,0,1,0,0
200,high_noise,EXT_021,EXT_012,"M=20,20,20,20,|T=0,0,0,0,|B=2,15,1,50;3,15,1,50;3,15,1,50;",3.2158031319187,0.236909378124299,0,0,0
200,high_noise,EXT_021,EXT_111,"M=20,20,20,20,|T=0,0,0,0,|B=1,15,1,50;2,15,1,50;3,15,1,50;",3.34314000414455,0.364246250350153,0,1,1
200,high_noise,EXT_021,EXT_120,"M=20,20,20,20,|T=0,0,0,0,|B=1,15,1,50;2,15,1,50;2,15,1,50;",2.9788937537944,4.44089209850063e-16,0,1,1
200,high_noise,EXT_021,EXT_102,"M=20,20,20,20,|T=0,0,0,0,|B=1,15,1,50;3,15,1,50;3,15,1,50;",3.66016814646848,0.681274392674081,0,0,0
200,high_noise,EXT_021,EXT_201,"M=20,20,20,20,|T=0,0,0,0,|B=1,15,1,50;1,15,1,50;3,15,1,50;",3.66016814646848,0.681274392674081,0,1,1
200,high_noise,EXT_021,EXT_210,"M=20,20,20,20,|T=0,0,0,0,|B=1,15,1,50;1,15,1,50;2,15,1,50;",3.2158031319187,0.236909378124298,0,0,0
201,synchronous,EXT_021,EXT_021,"M=20,20,20,20,|T=0,0,0,0,|B=2,15,1,50;2,15,1,50;3,15,1,50;",0.966535179436365,0,1,1,1
201,synchronous,EXT_021,EXT_012,"M=20,20,20,20,|T=0,0,0,0,|B=2,15,1,50;3,15,1,50;3,15,1,50;",1.80907428123001,0.842539101793649,0,1,0
201,synchronous,EXT_021,EXT_111,"M=20,20,20,20,|T=0,0,0,0,|B=1,15,1,50;2,15,1,50;3,15,1,50;",2.11236975765012,1.14583457821376,0,1,0
201,synchronous,EXT_021,EXT_120,"M=20,20,20,20,|T=0,0,0,0,|B=1,15,1,50;2,15,1,50;2,15,1,50;",0.966535179436366,6.66133814775094e-16,0,0,0
201,synchronous,EXT_021,EXT_201,"M=20,20,20,20,|T=0,0,0,0,|B=1,15,1,50;1,15,1,50;3,15,1,50;",2.65137104017018,1.68483586073382,0,0,1
201,synchronous,EXT_021,EXT_102,"M=20,20,20,20,|T=0,0,0,0,|B=1,15,1,50;3,15,1,50;3,15,1,50;",2.65137104017018,1.68483586073382,0,0,0
201,synchronous,EXT_021,EXT_210,"M=20,20,20,20,|T=0,0,0,0,|B=1,15,1,50;1,15,1,50;2,15,1,50;",1.80907428123001,0.842539101793649,0,0,1
201,asynchronous,EXT_021,EXT_021,"M=20,20,20,20,|T=0,0,0,0,|B=2,15,1,50;2,15,1,50;3,15,1,50;",0.966535179436365,0,1,0,1
201,asynchronous,EXT_021,EXT_012,"M=20,20,20,20,|T=0,0,0,0,|B=2,15,1,50;3,15,1,50;3,15,1,50;",1.80907428123001,0.842539101793649,0,0,0
201,asynchronous,EXT_021,EXT_111,"M=20,20,20,20,|T=0,0,0,0,|B=1,15,1,50;2,15,1,50;3,15,1,50;",2.11236975765012,1.14583457821376,0,1,0
201,asynchronous,EXT_021,EXT_120,"M=20,20,20,20,|T=0,0,0,0,|B=1,15,1,50;2,15,1,50;2,15,1,50;",0.966535179436366,6.66133814775094e-16,0,1,0
201,asynchronous,EXT_021,EXT_201,"M=20,20,20,20,|T=0,0,0,0,|B=1,15,1,50;1,15,1,50;3,15,1,50;",2.65137104017018,1.68483586073382,0,0,1
201,asynchronous,EXT_021,EXT_102,"M=20,20,20,20,|T=0,0,0,0,|B=1,15,1,50;3,15,1,50;3,15,1,50;",2.65137104017018,1.68483586073382,0,1,0
201,asynchronous,EXT_021,EXT_210,"M=20,20,20,20,|T=0,0,0,0,|B=1,15,1,50;1,15,1,50;2,15,1,50;",1.80907428123001,0.842539101793649,0,0,1
201,high_noise,EXT_021,EXT_021,"M=20,20,20,20,|T=0,0,0,0,|B=2,15,1,50;2,15,1,50;3,15,1,50;",0.966535179436365,0,1,0,1
201,high_noise,EXT_021,EXT_012,"M=20,20,20,20,|T=0,0,0,0,|B=2,15,1,50;3,15,1,50;3,15,1,50;",1.80907428123001,0.842539101793649,0,0,0
201,high_noise,EXT_021,EXT_111,"M=20,20,20,20,|T=0,0,0,0,|B=1,15,1,50;2,15,1,50;3,15,1,50;",2.11236975765012,1.14583457821376,0,1,0
201,high_noise,EXT_021,EXT_120,"M=20,20,20,20,|T=0,0,0,0,|B=1,15,1,50;2,15,1,50;2,15,1,50;",0.966535179436366,6.66133814775094e-16,0,1,0
201,high_noise,EXT_021,EXT_201,"M=20,20,20,20,|T=0,0,0,0,|B=1,15,1,50;1,15,1,50;3,15,1,50;",2.65137104017018,1.68483586073382,0,0,1
201,high_noise,EXT_021,EXT_102,"M=20,20,20,20,|T=0,0,0,0,|B=1,15,1,50;3,15,1,50;3,15,1,50;",2.65137104017018,1.68483586073382,0,1,0
201,high_noise,EXT_021,EXT_210,"M=20,20,20,20,|T=0,0,0,0,|B=1,15,1,50;1,15,1,50;2,15,1,50;",1.80907428123001,0.842539101793649,0,0,1
202,synchronous,EXT_021,EXT_021,"M=20,20,20,20,|T=0,0,0,0,|B=2,15,1,50;2,15,1,50;3,15,1,50;",2.86669032967348,0,1,1,1
202,synchronous,EXT_021,EXT_012,"M=20,20,20,20,|T=0,0,0,0,|B=2,15,1,50;3,15,1,50;3,15,1,50;",3.15730779135243,0.290617461678945,0,1,0
202,synchronous,EXT_021,EXT_111,"M=20,20,20,20,|T=0,0,0,0,|B=1,15,1,50;2,15,1,50;3,15,1,50;",3.26822742466824,0.401537094994759,0,1,0
202,synchronous,EXT_021,EXT_120,"M=20,20,20,20,|T=0,0,0,0,|B=1,15,1,50;2,15,1,50;2,15,1,50;",2.86669032967348,4.44089209850063e-16,0,0,1
202,synchronous,EXT_021,EXT_201,"M=20,20,20,20,|T=0,0,0,0,|B=1,15,1,50;1,15,1,50;3,15,1,50;",3.64880451661774,0.782114186944259,0,0,1
202,synchronous,EXT_021,EXT_102,"M=20,20,20,20,|T=0,0,0,0,|B=1,15,1,50;3,15,1,50;3,15,1,50;",3.64880451661774,0.78211418694426,0,0,0
202,synchronous,EXT_021,EXT_210,"M=20,20,20,20,|T=0,0,0,0,|B=1,15,1,50;1,15,1,50;2,15,1,50;",3.15730779135243,0.290617461678945,0,0,0
202,asynchronous,EXT_021,EXT_021,"M=20,20,20,20,|T=0,0,0,0,|B=2,15,1,50;2,15,1,50;3,15,1,50;",2.86669032967348,0,1,1,1
202,asynchronous,EXT_021,EXT_012,"M=20,20,20,20,|T=0,0,0,0,|B=2,15,1,50;3,15,1,50;3,15,1,50;",3.15730779135243,0.290617461678945,0,1,0
202,asynchronous,EXT_021,EXT_111,"M=20,20,20,20,|T=0,0,0,0,|B=1,15,1,50;2,15,1,50;3,15,1,50;",3.26822742466824,0.401537094994759,0,1,0
202,asynchronous,EXT_021,EXT_120,"M=20,20,20,20,|T=0,0,0,0,|B=1,15,1,50;2,15,1,50;2,15,1,50;",2.86669032967348,4.44089209850063e-16,0,0,1
202,asynchronous,EXT_021,EXT_201,"M=20,20,20,20,|T=0,0,0,0,|B=1,15,1,50;1,15,1,50;3,15,1,50;",3.64880451661774,0.782114186944259,0,0,1
202,asynchronous,EXT_021,EXT_102,"M=20,20,20,20,|T=0,0,0,0,|B=1,15,1,50;3,15,1,50;3,15,1,50;",3.64880451661774,0.78211418694426,0,0,0
202,asynchronous,EXT_021,EXT_210,"M=20,20,20,20,|T=0,0,0,0,|B=1,15,1,50;1,15,1,50;2,15,1,50;",3.15730779135243,0.290617461678945,0,0,0
202,high_noise,EXT_021,EXT_021,"M=20,20,20,20,|T=0,0,0,0,|B=2,15,1,50;2,15,1,50;3,15,1,50;",2.86669032967348,0,1,1,1
202,high_noise,EXT_021,EXT_012,"M=20,20,20,20,|T=0,0,0,0,|B=2,15,1,50;3,15,1,50;3,15,1,50;",3.15730779135243,0.290617461678945,0,1,0
202,high_noise,EXT_021,EXT_111,"M=20,20,20,20,|T=0,0,0,0,|B=1,15,1,50;2,15,1,50;3,15,1,50;",3.26822742466824,0.401537094994759,0,1,0
202,high_noise,EXT_021,EXT_120,"M=20,20,20,20,|T=0,0,0,0,|B=1,15,1,50;2,15,1,50;2,15,1,50;",2.86669032967348,4.44089209850063e-16,0,0,1
202,high_noise,EXT_021,EXT_201,"M=20,20,20,20,|T=0,0,0,0,|B=1,15,1,50;1,15,1,50;3,15,1,50;",3.64880451661774,0.782114186944259,0,0,1
202,high_noise,EXT_021,EXT_102,"M=20,20,20,20,|T=0,0,0,0,|B=1,15,1,50;3,15,1,50;3,15,1,50;",3.64880451661774,0.78211418694426,0,0,0
202,high_noise,EXT_021,EXT_210,"M=20,20,20,20,|T=0,0,0,0,|B=1,15,1,50;1,15,1,50;2,15,1,50;",3.15730779135243,0.290617461678945,0,0,0
203,synchronous,EXT_021,EXT_021,"M=20,20,20,20,|T=0,0,0,0,|B=2,15,1,50;2,15,1,50;3,15,1,50;",1.06330037149682,0,1,1,1
203,synchronous,EXT_021,EXT_012,"M=20,20,20,20,|T=0,0,0,0,|B=2,15,1,50;3,15,1,50;3,15,1,50;",1.81742070523309,0.754120333736269,0,1,0
203,synchronous,EXT_021,EXT_111,"M=20,20,20,20,|T=0,0,0,0,|B=1,15,1,50;2,15,1,50;3,15,1,50;",2.10026651868196,1.03696614718514,0,1,1
203,synchronous,EXT_021,EXT_120,"M=20,20,20,20,|T=0,0,0,0,|B=1,15,1,50;2,15,1,50;2,15,1,50;",1.06330037149682,2.22044604925031e-16,0,0,0
203,synchronous,EXT_021,EXT_201,"M=20,20,20,20,|T=0,0,0,0,|B=1,15,1,50;1,15,1,50;3,15,1,50;",2.62834997308496,1.56504960158814,0,0,1
203,synchronous,EXT_021,EXT_102,"M=20,20,20,20,|T=0,0,0,0,|B=1,15,1,50;3,15,1,50;3,15,1,50;",2.62834997308496,1.56504960158814,0,0,0
203,synchronous,EXT_021,EXT_210,"M=20,20,20,20,|T=0,0,0,0,|B=1,15,1,50;1,15,1,50;2,15,1,50;",1.81742070523309,0.754120333736268,0,0,0
203,asynchronous,EXT_021,EXT_021,"M=20,20,20,20,|T=0,0,0,0,|B=2,15,1,50;2,15,1,50;3,15,1,50;",1.06330037149682,0,1,1,1
203,asynchronous,EXT_021,EXT_012,"M=20,20,20,20,|T=0,0,0,0,|B=2,15,1,50;3,15,1,50;3,15,1,50;",1.81742070523309,0.754120333736269,0,1,0
203,asynchronous,EXT_021,EXT_111,"M=20,20,20,20,|T=0,0,0,0,|B=1,15,1,50;2,15,1,50;3,15,1,50;",2.10026651868196,1.03696614718514,0,1,1
203,asynchronous,EXT_021,EXT_120,"M=20,20,20,20,|T=0,0,0,0,|B=1,15,1,50;2,15,1,50;2,15,1,50;",1.06330037149682,2.22044604925031e-16,0,0,0
203,asynchronous,EXT_021,EXT_201,"M=20,20,20,20,|T=0,0,0,0,|B=1,15,1,50;1,15,1,50;3,15,1,50;",2.62834997308496,1.56504960158814,0,0,1
203,asynchronous,EXT_021,EXT_102,"M=20,20,20,20,|T=0,0,0,0,|B=1,15,1,50;3,15,1,50;3,15,1,50;",2.62834997308496,1.56504960158814,0,0,0
203,asynchronous,EXT_021,EXT_210,"M=20,20,20,20,|T=0,0,0,0,|B=1,15,1,50;1,15,1,50;2,15,1,50;",1.81742070523309,0.754120333736268,0,0,0
203,high_noise,EXT_021,EXT_021,"M=20,20,20,20,|T=0,0,0,0,|B=2,15,1,50;2,15,1,50;3,15,1,50;",1.06330037149682,0,1,1,1
203,high_noise,EXT_021,EXT_012,"M=20,20,20,20,|T=0,0,0,0,|B=2,15,1,50;3,15,1,50;3,15,1,50;",1.81742070523309,0.754120333736269,0,1,0
203,high_noise,EXT_021,EXT_111,"M=20,20,20,20,|T=0,0,0,0,|B=1,15,1,50;2,15,1,50;3,15,1,50;",2.10026651868196,1.03696614718514,0,1,1
203,high_noise,EXT_021,EXT_120,"M=20,20,20,20,|T=0,0,0,0,|B=1,15,1,50;2,15,1,50;2,15,1,50;",1.06330037149682,2.22044604925031e-16,0,0,0
203,high_noise,EXT_021,EXT_201,"M=20,20,20,20,|T=0,0,0,0,|B=1,15,1,50;1,15,1,50;3,15,1,50;",2.62834997308496,1.56504960158814,0,0,1
203,high_noise,EXT_021,EXT_102,"M=20,20,20,20,|T=0,0,0,0,|B=1,15,1,50;3,15,1,50;3,15,1,50;",2.62834997308496,1.56504960158814,0,0,0
203,high_noise,EXT_021,EXT_210,"M=20,20,20,20,|T=0,0,0,0,|B=1,15,1,50;1,15,1,50;2,15,1,50;",1.81742070523309,0.754120333736268,0,0,0
204,synchronous,EXT_021,EXT_021,"M=20,20,20,20,|T=0,0,0,0,|B=2,15,1,50;2,15,1,50;3,15,1,50;",1.36402156881602,0,1,1,0
204,synchronous,EXT_021,EXT_012,"M=20,20,20,20,|T=0,0,0,0,|B=2,15,1,50;3,15,1,50;3,15,1,50;",2.07755533613141,0.713533767315398,0,1,1
204,synchronous,EXT_021,EXT_111,"M=20,20,20,20,|T=0,0,0,0,|B=1,15,1,50;2,15,1,50;3,15,1,50;",2.38167686323263,1.01765529441661,0,1,0
204,synchronous,EXT_021,EXT_120,"M=20,20,20,20,|T=0,0,0,0,|B=1,15,1,50;2,15,1,50;2,15,1,50;",1.36402156881602,-6.66133814775094e-16,0,0,0
204,synchronous,EXT_021,EXT_201,"M=20,20,20,20,|T=0,0,0,0,|B=1,15,1,50;1,15,1,50;3,15,1,50;",2.81866394380479,1.45464237498877,0,0,1
204,synchronous,EXT_021,EXT_102,"M=20,20,20,20,|T=0,0,0,0,|B=1,15,1,50;3,15,1,50;3,15,1,50;",2.81866394380479,1.45464237498877,0,0,0
204,synchronous,EXT_021,EXT_210,"M=20,20,20,20,|T=0,0,0,0,|B=1,15,1,50;1,15,1,50;2,15,1,50;",2.07755533613141,0.713533767315397,0,0,1
204,asynchronous,EXT_021,EXT_021,"M=20,20,20,20,|T=0,0,0,0,|B=2,15,1,50;2,15,1,50;3,15,1,50;",1.36402156881602,0,1,1,0
204,asynchronous,EXT_021,EXT_012,"M=20,20,20,20,|T=0,0,0,0,|B=2,15,1,50;3,15,1,50;3,15,1,50;",2.07755533613141,0.713533767315398,0,1,1
204,asynchronous,EXT_021,EXT_111,"M=20,20,20,20,|T=0,0,0,0,|B=1,15,1,50;2,15,1,50;3,15,1,50;",2.38167686323263,1.01765529441661,0,1,0
204,asynchronous,EXT_021,EXT_120,"M=20,20,20,20,|T=0,0,0,0,|B=1,15,1,50;2,15,1,50;2,15,1,50;",1.36402156881602,-6.66133814775094e-16,0,0,0
204,asynchronous,EXT_021,EXT_201,"M=20,20,20,20,|T=0,0,0,0,|B=1,15,1,50;1,15,1,50;3,15,1,50;",2.81866394380479,1.45464237498877,0,0,1
204,asynchronous,EXT_021,EXT_102,"M=20,20,20,20,|T=0,0,0,0,|B=1,15,1,50;3,15,1,50;3,15,1,50;",2.81866394380479,1.45464237498877,0,0,0
204,asynchronous,EXT_021,EXT_210,"M=20,20,20,20,|T=0,0,0,0,|B=1,15,1,50;1,15,1,50;2,15,1,50;",2.07755533613141,0.713533767315397,0,0,1
204,high_noise,EXT_021,EXT_021,"M=20,20,20,20,|T=0,0,0,0,|B=2,15,1,50;2,15,1,50;3,15,1,50;",1.36402156881602,0,1,1,0
204,high_noise,EXT_021,EXT_012,"M=20,20,20,20,|T=0,0,0,0,|B=2,15,1,50;3,15,1,50;3,15,1,50;",2.07755533613141,0.713533767315398,0,1,1
204,high_noise,EXT_021,EXT_111,"M=20,20,20,20,|T=0,0,0,0,|B=1,15,1,50;2,15,1,50;3,15,1,50;",2.38167686323263,1.01765529441661,0,1,0
204,high_noise,EXT_021,EXT_120,"M=20,20,20,20,|T=0,0,0,0,|B=1,15,1,50;2,15,1,50;2,15,1,50;",1.36402156881602,-6.66133814775094e-16,0,0,0
204,high_noise,EXT_021,EXT_201,"M=20,20,20,20,|T=0,0,0,0,|B=1,15,1,50;1,15,1,50;3,15,1,50;",2.81866394380479,1.45464237498877,0,0,1
204,high_noise,EXT_021,EXT_102,"M=20,20,20,20,|T=0,0,0,0,|B=1,15,1,50;3,15,1,50;3,15,1,50;",2.81866394380479,1.45464237498877,0,0,0
204,high_noise,EXT_021,EXT_210,"M=20,20,20,20,|T=0,0,0,0,|B=1,15,1,50;1,15,1,50;2,15,1,50;",2.07755533613141,0.713533767315397,0,0,1
205,synchronous,EXT_021,EXT_021,"M=20,20,20,20,|T=0,0,0,0,|B=2,15,1,50;2,15,1,50;3,15,1,50;",3.20870553525753,0,1,1,0
205,synchronous,EXT_021,EXT_012,"M=20,20,20,20,|T=0,0,0,0,|B=2,15,1,50;3,15,1,50;3,15,1,50;",3.49737620248734,0.28867066722981,0,1,1
205,synchronous,EXT_021,EXT_111,"M=20,20,20,20,|T=0,0,0,0,|B=1,15,1,50;2,15,1,50;3,15,1,50;",3.63262983517173,0.423924299914195,0,1,0
205,synchronous,EXT_021,EXT_120,"M=20,20,20,20,|T=0,0,0,0,|B=1,15,1,50;2,15,1,50;2,15,1,50;",3.20870553525753,0,0,0,1
205,synchronous,EXT_021,EXT_201,"M=20,20,20,20,|T=0,0,0,0,|B=1,15,1,50;1,15,1,50;3,15,1,50;",3.92455073951287,0.715845204255342,0,0,0
205,synchronous,EXT_021,EXT_102,"M=20,20,20,20,|T=0,0,0,0,|B=1,15,1,50;3,15,1,50;3,15,1,50;",3.92455073951287,0.715845204255342,0,0,0
205,synchronous,EXT_021,EXT_210,"M=20,20,20,20,|T=0,0,0,0,|B=1,15,1,50;1,15,1,50;2,15,1,50;",3.49737620248734,0.288670667229809,0,0,1
205,asynchronous,EXT_021,EXT_021,"M=20,20,20,20,|T=0,0,0,0,|B=2,15,1,50;2,15,1,50;3,15,1,50;",3.20870553525753,0,1,1,0
205,asynchronous,EXT_021,EXT_012,"M=20,20,20,20,|T=0,0,0,0,|B=2,15,1,50;3,15,1,50;3,15,1,50;",3.49737620248734,0.28867066722981,0,1,1
205,asynchronous,EXT_021,EXT_111,"M=20,20,20,20,|T=0,0,0,0,|B=1,15,1,50;2,15,1,50;3,15,1,50;",3.63262983517173,0.423924299914195,0,1,0
205,asynchronous,EXT_021,EXT_120,"M=20,20,20,20,|T=0,0,0,0,|B=1,15,1,50;2,15,1,50;2,15,1,50;",3.20870553525753,0,0,0,1
205,asynchronous,EXT_021,EXT_201,"M=20,20,20,20,|T=0,0,0,0,|B=1,15,1,50;1,15,1,50;3,15,1,50;",3.92455073951287,0.715845204255342,0,0,0
205,asynchronous,EXT_021,EXT_102,"M=20,20,20,20,|T=0,0,0,0,|B=1,15,1,50;3,15,1,50;3,15,1,50;",3.92455073951287,0.715845204255342,0,0,0
205,asynchronous,EXT_021,EXT_210,"M=20,20,20,20,|T=0,0,0,0,|B=1,15,1,50;1,15,1,50;2,15,1,50;",3.49737620248734,0.288670667229809,0,0,1
205,high_noise,EXT_021,EXT_021,"M=20,20,20,20,|T=0,0,0,0,|B=2,15,1,50;2,15,1,50;3,15,1,50;",3.20870553525753,0,1,1,0
205,high_noise,EXT_021,EXT_012,"M=20,20,20,20,|T=0,0,0,0,|B=2,15,1,50;3,15,1,50;3,15,1,50;",3.49737620248734,0.28867066722981,0,1,1
205,high_noise,EXT_021,EXT_111,"M=20,20,20,20,|T=0,0,0,0,|B=1,15,1,50;2,15,1,50;3,15,1,50;",3.63262983517173,0.423924299914195,0,1,0
205,high_noise,EXT_021,EXT_120,"M=20,20,20,20,|T=0,0,0,0,|B=1,15,1,50;2,15,1,50;2,15,1,50;",3.20870553525753,0,0,0,1
205,high_noise,EXT_021,EXT_201,"M=20,20,20,20,|T=0,0,0,0,|B=1,15,1,50;1,15,1,50;3,15,1,50;",3.92455073951287,0.715845204255342,0,0,0
205,high_noise,EXT_021,EXT_102,"M=20,20,20,20,|T=0,0,0,0,|B=1,15,1,50;3,15,1,50;3,15,1,50;",3.92455073951287,0.715845204255342,0,0,0
205,high_noise,EXT_021,EXT_210,"M=20,20,20,20,|T=0,0,0,0,|B=1,15,1,50;1,15,1,50;2,15,1,50;",3.49737620248734,0.288670667229809,0,0,1
206,synchronous,EXT_021,EXT_021,"M=20,20,20,20,|T=0,0,0,0,|B=2,15,1,50;2,15,1,50;3,15,1,50;",2.19808658858769,0,1,1,1
206,synchronous,EXT_021,EXT_012,"M=20,20,20,20,|T=0,0,0,0,|B=2,15,1,50;3,15,1,50;3,15,1,50;",2.69291586752896,0.494829278941272,0,1,1
206,synchronous,EXT_021,EXT_111,"M=20,20,20,20,|T=0,0,0,0,|B=1,15,1,50;2,15,1,50;3,15,1,50;",2.8614795034097,0.663392914822016,0,1,0
206,synchronous,EXT_021,EXT_120,"M=20,20,20,20,|T=0,0,0,0,|B=1,15,1,50;2,15,1,50;2,15,1,50;",2.19808658858769,8.88178419700125e-16,0,0,0
206,synchronous,EXT_021,EXT_201,"M=20,20,20,20,|T=0,0,0,0,|B=1,15,1,50;1,15,1,50;3,15,1,50;",3.28743984621186,1.08935325762417,0,0,0
206,synchronous,EXT_021,EXT_102,"M=20,20,20,20,|T=0,0,0,0,|B=1,15,1,50;3,15,1,50;3,15,1,50;",3.28743984621186,1.08935325762417,0,0,0
206,synchronous,EXT_021,EXT_210,"M=20,20,20,20,|T=0,0,0,0,|B=1,15,1,50;1,15,1,50;2,15,1,50;",2.69291586752896,0.494829278941272,0,0,1
206,asynchronous,EXT_021,EXT_021,"M=20,20,20,20,|T=0,0,0,0,|B=2,15,1,50;2,15,1,50;3,15,1,50;",2.19808658858769,0,1,1,1
206,asynchronous,EXT_021,EXT_012,"M=20,20,20,20,|T=0,0,0,0,|B=2,15,1,50;3,15,1,50;3,15,1,50;",2.69291586752896,0.494829278941272,0,1,1
206,asynchronous,EXT_021,EXT_111,"M=20,20,20,20,|T=0,0,0,0,|B=1,15,1,50;2,15,1,50;3,15,1,50;",2.8614795034097,0.663392914822016,0,1,0
206,asynchronous,EXT_021,EXT_120,"M=20,20,20,20,|T=0,0,0,0,|B=1,15,1,50;2,15,1,50;2,15,1,50;",2.19808658858769,8.88178419700125e-16,0,0,0
206,asynchronous,EXT_021,EXT_201,"M=20,20,20,20,|T=0,0,0,0,|B=1,15,1,50;1,15,1,50;3,15,1,50;",3.28743984621186,1.08935325762417,0,0,0
206,asynchronous,EXT_021,EXT_102,"M=20,20,20,20,|T=0,0,0,0,|B=1,15,1,50;3,15,1,50;3,15,1,50;",3.28743984621186,1.08935325762417,0,0,0
206,asynchronous,EXT_021,EXT_210,"M=20,20,20,20,|T=0,0,0,0,|B=1,15,1,50;1,15,1,50;2,15,1,50;",2.69291586752896,0.494829278941272,0,0,1
206,high_noise,EXT_021,EXT_021,"M=20,20,20,20,|T=0,0,0,0,|B=2,15,1,50;2,15,1,50;3,15,1,50;",2.19808658858769,0,1,1,1
206,high_noise,EXT_021,EXT_012,"M=20,20,20,20,|T=0,0,0,0,|B=2,15,1,50;3,15,1,50;3,15,1,50;",2.69291586752896,0.494829278941272,0,1,1
206,high_noise,EXT_021,EXT_111,"M=20,20,20,20,|T=0,0,0,0,|B=1,15,1,50;2,15,1,50;3,15,1,50;",2.8614795034097,0.663392914822016,0,1,0
206,high_noise,EXT_021,EXT_120,"M=20,20,20,20,|T=0,0,0,0,|B=1,15,1,50;2,15,1,50;2,15,1,50;",2.19808658858769,8.88178419700125e-16,0,0,0
206,high_noise,EXT_021,EXT_201,"M=20,20,20,20,|T=0,0,0,0,|B=1,15,1,50;1,15,1,50;3,15,1,50;",3.28743984621186,1.08935325762417,0,0,0
206,high_noise,EXT_021,EXT_102,"M=20,20,20,20,|T=0,0,0,0,|B=1,15,1,50;3,15,1,50;3,15,1,50;",3.28743984621186,1.08935325762417,0,0,0
206,high_noise,EXT_021,EXT_210,"M=20,20,20,20,|T=0,0,0,0,|B=1,15,1,50;1,15,1,50;2,15,1,50;",2.69291586752896,0.494829278941272,0,0,1
207,synchronous,EXT_021,EXT_021,"M=20,20,20,20,|T=0,0,0,0,|B=2,15,1,50;2,15,1,50;3,15,1,50;",3.22168618369418,0,1,1,0
207,synchronous,EXT_021,EXT_012,"M=20,20,20,20,|T=0,0,0,0,|B=2,15,1,50;3,15,1,50;3,15,1,50;",3.55329541800853,0.33160923431435,0,1,1
207,synchronous,EXT_021,EXT_111,"M=20,20,20,20,|T=0,0,0,0,|B=1,15,1,50;2,15,1,50;3,15,1,50;",3.71827470648731,0.496588522793134,0,1,0
207,synchronous,EXT_021,EXT_120,"M=20,20,20,20,|T=0,0,0,0,|B=1,15,1,50;2,15,1,50;2,15,1,50;",3.22168618369418,8.88178419700125e-16,0,0,0
207,synchronous,EXT_021,EXT_201,"M=20,20,20,20,|T=0,0,0,0,|B=1,15,1,50;1,15,1,50;3,15,1,50;",4.00643884381642,0.784752660122245,0,0,0
207,synchronous,EXT_021,EXT_102,"M=20,20,20,20,|T=0,0,0,0,|B=1,15,1,50;3,15,1,50;3,15,1,50;",4.00643884381642,0.784752660122244,0,0,1
207,synchronous,EXT_021,EXT_210,"M=20,20,20,20,|T=0,0,0,0,|B=1,15,1,50;1,15,1,50;2,15,1,50;",3.55329541800853,0.33160923431435,0,0,1
207,asynchronous,EXT_021,EXT_021,"M=20,20,20,20,|T=0,0,0,0,|B=2,15,1,50;2,15,1,50;3,15,1,50;",3.22168618369418,0,1,1,0
207,asynchronous,EXT_021,EXT_012,"M=20,20,20,20,|T=0,0,0,0,|B=2,15,1,50;3,15,1,50;3,15,1,50;",3.55329541800853,0.33160923431435,0,1,1
207,asynchronous,EXT_021,EXT_111,"M=20,20,20,20,|T=0,0,0,0,|B=1,15,1,50;2,15,1,50;3,15,1,50;",3.71827470648731,0.496588522793134,0,1,0
207,asynchronous,EXT_021,EXT_120,"M=20,20,20,20,|T=0,0,0,0,|B=1,15,1,50;2,15,1,50;2,15,1,50;",3.22168618369418,8.88178419700125e-16,0,0,0
207,asynchronous,EXT_021,EXT_201,"M=20,20,20,20,|T=0,0,0,0,|B=1,15,1,50;1,15,1,50;3,15,1,50;",4.00643884381642,0.784752660122245,0,0,0
207,asynchronous,EXT_021,EXT_102,"M=20,20,20,20,|T=0,0,0,0,|B=1,15,1,50;3,15,1,50;3,15,1,50;",4.00643884381642,0.784752660122244,0,0,1
207,asynchronous,EXT_021,EXT_210,"M=20,20,20,20,|T=0,0,0,0,|B=1,15,1,50;1,15,1,50;2,15,1,50;",3.55329541800853,0.33160923431435,0,0,1
207,high_noise,EXT_021,EXT_021,"M=20,20,20,20,|T=0,0,0,0,|B=2,15,1,50;2,15,1,50;3,15,1,50;",3.22168618369418,0,1,1,0
207,high_noise,EXT_021,EXT_012,"M=20,20,20,20,|T=0,0,0,0,|B=2,15,1,50;3,15,1,50;3,15,1,50;",3.55329541800853,0.33160923431435,0,1,1
207,high_noise,EXT_021,EXT_111,"M=20,20,20,20,|T=0,0,0,0,|B=1,15,1,50;2,15,1,50;3,15,1,50;",3.71827470648731,0.496588522793134,0,1,0
207,high_noise,EXT_021,EXT_120,"M=20,20,20,20,|T=0,0,0,0,|B=1,15,1,50;2,15,1,50;2,15,1,50;",3.22168618369418,8.88178419700125e-16,0,0,0
207,high_noise,EXT_021,EXT_201,"M=20,20,20,20,|T=0,0,0,0,|B=1,15,1,50;1,15,1,50;3,15,1,50;",4.00643884381642,0.784752660122245,0,0,0
207,high_noise,EXT_021,EXT_102,"M=20,20,20,20,|T=0,0,0,0,|B=1,15,1,50;3,15,1,50;3,15,1,50;",4.00643884381642,0.784752660122244,0,0,1
207,high_noise,EXT_021,EXT_210,"M=20,20,20,20,|T=0,0,0,0,|B=1,15,1,50;1,15,1,50;2,15,1,50;",3.55329541800853,0.33160923431435,0,0,1
208,synchronous,EXT_021,EXT_021,"M=20,20,20,20,|T=0,0,0,0,|B=2,15,1,50;2,15,1,50;3,15,1,50;",2.98814415984834,0,1,1,0
208,synchronous,EXT_021,EXT_012,"M=20,20,20,20,|T=0,0,0,0,|B=2,15,1,50;3,15,1,50;3,15,1,50;",3.26456697662975,0.276422816781409,0,1,1
208,synchronous,EXT_021,EXT_111,"M=20,20,20,20,|T=0,0,0,0,|B=1,15,1,50;2,15,1,50;3,15,1,50;",3.35255909050311,0.364414930654771,0,1,1
208,synchronous,EXT_021,EXT_120,"M=20,20,20,20,|T=0,0,0,0,|B=1,15,1,50;2,15,1,50;2,15,1,50;",2.98814415984834,8.88178419700125e-16,0,0,1
208,synchronous,EXT_021,EXT_201,"M=20,20,20,20,|T=0,0,0,0,|B=1,15,1,50;1,15,1,50;3,15,1,50;",3.71887899429793,0.73073483444959,0,0,0
208,synchronous,EXT_021,EXT_102,"M=20,20,20,20,|T=0,0,0,0,|B=1,15,1,50;3,15,1,50;3,15,1,50;",3.71887899429793,0.73073483444959,0,0,0
208,synchronous,EXT_021,EXT_210,"M=20,20,20,20,|T=0,0,0,0,|B=1,15,1,50;1,15,1,50;2,15,1,50;",3.26456697662975,0.276422816781409,0,0,0
208,asynchronous,EXT_021,EXT_021,"M=20,20,20,20,|T=0,0,0,0,|B=2,15,1,50;2,15,1,50;3,15,1,50;",2.98814415984834,0,1,1,0
208,asynchronous,EXT_021,EXT_012,"M=20,20,20,20,|T=0,0,0,0,|B=2,15,1,50;3,15,1,50;3,15,1,50;",3.26456697662975,0.276422816781409,0,1,1
208,asynchronous,EXT_021,EXT_111,"M=20,20,20,20,|T=0,0,0,0,|B=1,15,1,50;2,15,1,50;3,15,1,50;",3.35255909050311,0.364414930654771,0,1,1
208,asynchronous,EXT_021,EXT_120,"M=20,20,20,20,|T=0,0,0,0,|B=1,15,1,50;2,15,1,50;2,15,1,50;",2.98814415984834,8.88178419700125e-16,0,0,1
208,asynchronous,EXT_021,EXT_201,"M=20,20,20,20,|T=0,0,0,0,|B=1,15,1,50;1,15,1,50;3,15,1,50;",3.71887899429793,0.73073483444959,0,0,0
208,asynchronous,EXT_021,EXT_102,"M=20,20,20,20,|T=0,0,0,0,|B=1,15,1,50;3,15,1,50;3,15,1,50;",3.71887899429793,0.73073483444959,0,0,0
208,asynchronous,EXT_021,EXT_210,"M=20,20,20,20,|T=0,0,0,0,|B=1,15,1,50;1,15,1,50;2,15,1,50;",3.26456697662975,0.276422816781409,0,0,0
208,high_noise,EXT_021,EXT_021,"M=20,20,20,20,|T=0,0,0,0,|B=2,15,1,50;2,15,1,50;3,15,1,50;",2.98814415984834,0,1,1,0
208,high_noise,EXT_021,EXT_012,"M=20,20,20,20,|T=0,0,0,0,|B=2,15,1,50;3,15,1,50;3,15,1,50;",3.26456697662975,0.276422816781409,0,1,1
208,high_noise,EXT_021,EXT_111,"M=20,20,20,20,|T=0,0,0,0,|B=1,15,1,50;2,15,1,50;3,15,1,50;",3.35255909050311,0.364414930654771,0,1,1
208,high_noise,EXT_021,EXT_120,"M=20,20,20,20,|T=0,0,0,0,|B=1,15,1,50;2,15,1,50;2,15,1,50;",2.98814415984834,8.88178419700125e-16,0,0,1
208,high_noise,EXT_021,EXT_201,"M=20,20,20,20,|T=0,0,0,0,|B=1,15,1,50;1,15,1,50;3,15,1,50;",3.71887899429793,0.73073483444959,0,0,0
208,high_noise,EXT_021,EXT_102,"M=20,20,20,20,|T=0,0,0,0,|B=1,15,1,50;3,15,1,50;3,15,1,50;",3.71887899429793,0.73073483444959,0,0,0
208,high_noise,EXT_021,EXT_210,"M=20,20,20,20,|T=0,0,0,0,|B=1,15,1,50;1,15,1,50;2,15,1,50;",3.26456697662975,0.276422816781409,0,0,0
209,synchronous,EXT_021,EXT_021,"M=20,20,20,20,|T=0,0,0,0,|B=2,15,1,50;2,15,1,50;3,15,1,50;",1.76114273702067,0,1,1,0
209,synchronous,EXT_021,EXT_012,"M=20,20,20,20,|T=0,0,0,0,|B=2,15,1,50;3,15,1,50;3,15,1,50;",2.33295419827703,0.571811461256352,0,1,1
209,synchronous,EXT_021,EXT_111,"M=20,20,20,20,|T=0,0,0,0,|B=1,15,1,50;2,15,1,50;3,15,1,50;",2.51316071119855,0.752017974177875,0,1,1
209,synchronous,EXT_021,EXT_120,"M=20,20,20,20,|T=0,0,0,0,|B=1,15,1,50;2,15,1,50;2,15,1,50;",1.76114273702067,-2.22044604925031e-16,0,0,0
209,synchronous,EXT_021,EXT_201,"M=20,20,20,20,|T=0,0,0,0,|B=1,15,1,50;1,15,1,50;3,15,1,50;",3.01047783818763,1.24933510116695,0,0,0
209,synchronous,EXT_021,EXT_102,"M=20,20,20,20,|T=0,0,0,0,|B=1,15,1,50;3,15,1,50;3,15,1,50;",3.01047783818763,1.24933510116695,0,0,1
209,synchronous,EXT_021,EXT_210,"M=20,20,20,20,|T=0,0,0,0,|B=1,15,1,50;1,15,1,50;2,15,1,50;",2.33295419827703,0.571811461256352,0,0,0
209,asynchronous,EXT_021,EXT_021,"M=20,20,20,20,|T=0,0,0,0,|B=2,15,1,50;2,15,1,50;3,15,1,50;",1.76114273702067,0,1,1,0
209,asynchronous,EXT_021,EXT_012,"M=20,20,20,20,|T=0,0,0,0,|B=2,15,1,50;3,15,1,50;3,15,1,50;",2.33295419827703,0.571811461256352,0,0,1
209,asynchronous,EXT_021,EXT_111,"M=20,20,20,20,|T=0,0,0,0,|B=1,15,1,50;2,15,1,50;3,15,1,50;",2.51316071119855,0.752017974177875,0,0,1
209,asynchronous,EXT_021,EXT_120,"M=20,20,20,20,|T=0,0,0,0,|B=1,15,1,50;2,15,1,50;2,15,1,50;",1.76114273702067,-2.22044604925031e-16,0,1,0
209,asynchronous,EXT_021,EXT_201,"M=20,20,20,20,|T=0,0,0,0,|B=1,15,1,50;1,15,1,50;3,15,1,50;",3.01047783818763,1.24933510116695,0,0,0
209,asynchronous,EXT_021,EXT_102,"M=20,20,20,20,|T=0,0,0,0,|B=1,15,1,50;3,15,1,50;3,15,1,50;",3.01047783818763,1.24933510116695,0,0,1
209,asynchronous,EXT_021,EXT_210,"M=20,20,20,20,|T=0,0,0,0,|B=1,15,1,50;1,15,1,50;2,15,1,50;",2.33295419827703,0.571811461256352,0,1,0
209,high_noise,EXT_021,EXT_021,"M=20,20,20,20,|T=0,0,0,0,|B=2,15,1,50;2,15,1,50;3,15,1,50;",1.76114273702067,0,1,1,0
209,high_noise,EXT_021,EXT_012,"M=20,20,20,20,|T=0,0,0,0,|B=2,15,1,50;3,15,1,50;3,15,1,50;",2.33295419827703,0.571811461256352,0,0,1
209,high_noise,EXT_021,EXT_111,"M=20,20,20,20,|T=0,0,0,0,|B=1,15,1,50;2,15,1,50;3,15,1,50;",2.51316071119855,0.752017974177875,0,0,1
209,high_noise,EXT_021,EXT_120,"M=20,20,20,20,|T=0,0,0,0,|B=1,15,1,50;2,15,1,50;2,15,1,50;",1.76114273702067,-2.22044604925031e-16,0,1,0
209,high_noise,EXT_021,EXT_201,"M=20,20,20,20,|T=0,0,0,0,|B=1,15,1,50;1,15,1,50;3,15,1,50;",3.01047783818763,1.24933510116695,0,0,0
209,high_noise,EXT_021,EXT_102,"M=20,20,20,20,|T=0,0,0,0,|B=1,15,1,50;3,15,1,50;3,15,1,50;",3.01047783818763,1.24933510116695,0,0,1
209,high_noise,EXT_021,EXT_210,"M=20,20,20,20,|T=0,0,0,0,|B=1,15,1,50;1,15,1,50;2,15,1,50;",2.33295419827703,0.571811461256352,0,1,0
210,synchronous,EXT_021,EXT_021,"M=20,20,20,20,|T=0,0,0,0,|B=2,15,1,50;2,15,1,50;3,15,1,50;",3.01901281759919,0,1,1,0
210,synchronous,EXT_021,EXT_012,"M=20,20,20,20,|T=0,0,0,0,|B=2,15,1,50;3,15,1,50;3,15,1,50;",3.35998072731641,0.340967909717218,0,1,0
210,synchronous,EXT_021,EXT_111,"M=20,20,20,20,|T=0,0,0,0,|B=1,15,1,50;2,15,1,50;3,15,1,50;",3.4754061831534,0.456393365554209,0,1,1
210,synchronous,EXT_021,EXT_120,"M=20,20,20,20,|T=0,0,0,0,|B=1,15,1,50;2,15,1,50;2,15,1,50;",3.01901281759919,4.44089209850063e-16,0,0,1
210,synchronous,EXT_021,EXT_201,"M=20,20,20,20,|T=0,0,0,0,|B=1,15,1,50;1,15,1,50;3,15,1,50;",3.82604032697837,0.80702750937918,0,0,0
210,synchronous,EXT_021,EXT_102,"M=20,20,20,20,|T=0,0,0,0,|B=1,15,1,50;3,15,1,50;3,15,1,50;",3.82604032697837,0.807027509379181,0,0,1
210,synchronous,EXT_021,EXT_210,"M=20,20,20,20,|T=0,0,0,0,|B=1,15,1,50;1,15,1,50;2,15,1,50;",3.35998072731641,0.340967909717218,0,0,0
210,asynchronous,EXT_021,EXT_021,"M=20,20,20,20,|T=0,0,0,0,|B=2,15,1,50;2,15,1,50;3,15,1,50;",3.01901281759919,0,1,1,0
210,asynchronous,EXT_021,EXT_012,"M=20,20,20,20,|T=0,0,0,0,|B=2,15,1,50;3,15,1,50;3,15,1,50;",3.35998072731641,0.340967909717218,0,1,0
210,asynchronous,EXT_021,EXT_111,"M=20,20,20,20,|T=0,0,0,0,|B=1,15,1,50;2,15,1,50;3,15,1,50;",3.4754061831534,0.456393365554209,0,1,1
210,asynchronous,EXT_021,EXT_120,"M=20,20,20,20,|T=0,0,0,0,|B=1,15,1,50;2,15,1,50;2,15,1,50;",3.01901281759919,4.44089209850063e-16,0,0,1
210,asynchronous,EXT_021,EXT_201,"M=20,20,20,20,|T=0,0,0,0,|B=1,15,1,50;1,15,1,50;3,15,1,50;",3.82604032697837,0.80702750937918,0,0,0
210,asynchronous,EXT_021,EXT_102,"M=20,20,20,20,|T=0,0,0,0,|B=1,15,1,50;3,15,1,50;3,15,1,50;",3.82604032697837,0.807027509379181,0,0,1
210,asynchronous,EXT_021,EXT_210,"M=20,20,20,20,|T=0,0,0,0,|B=1,15,1,50;1,15,1,50;2,15,1,50;",3.35998072731641,0.340967909717218,0,0,0
210,high_noise,EXT_021,EXT_021,"M=20,20,20,20,|T=0,0,0,0,|B=2,15,1,50;2,15,1,50;3,15,1,50;",3.01901281759919,0,1,1,0
210,high_noise,EXT_021,EXT_012,"M=20,20,20,20,|T=0,0,0,0,|B=2,15,1,50;3,15,1,50;3,15,1,50;",3.35998072731641,0.340967909717218,0,1,0
210,high_noise,EXT_021,EXT_111,"M=20,20,20,20,|T=0,0,0,0,|B=1,15,1,50;2,15,1,50;3,15,1,50;",3.4754061831534,0.456393365554209,0,1,1
210,high_noise,EXT_021,EXT_120,"M=20,20,20,20,|T=0,0,0,0,|B=1,15,1,50;2,15,1,50;2,15,1,50;",3.01901281759919,4.44089209850063e-16,0,0,1
210,high_noise,EXT_021,EXT_201,"M=20,20,20,20,|T=0,0,0,0,|B=1,15,1,50;1,15,1,50;3,15,1,50;",3.82604032697837,0.80702750937918,0,0,0
210,high_noise,EXT_021,EXT_102,"M=20,20,20,20,|T=0,0,0,0,|B=1,15,1,50;3,15,1,50;3,15,1,50;",3.82604032697837,0.807027509379181,0,0,1
210,high_noise,EXT_021,EXT_210,"M=20,20,20,20,|T=0,0,0,0,|B=1,15,1,50;1,15,1,50;2,15,1,50;",3.35998072731641,0.340967909717218,0,0,0
211,synchronous,EXT_201,EXT_201,"M=20,20,20,20,|T=0,0,0,0,|B=1,15,1,50;1,15,1,50;3,15,1,50;",3.5100739492186,0,1,1,0
211,synchronous,EXT_201,EXT_210,"M=20,20,20,20,|T=0,0,0,0,|B=1,15,1,50;1,15,1,50;2,15,1,50;",3.64107736977483,0.131003420556231,0,1,1
211,synchronous,EXT_201,EXT_111,"M=20,20,20,20,|T=0,0,0,0,|B=1,15,1,50;2,15,1,50;3,15,1,50;",3.72769325994399,0.217619310725395,0,1,0
211,synchronous,EXT_201,EXT_120,"M=20,20,20,20,|T=0,0,0,0,|B=1,15,1,50;2,15,1,50;2,15,1,50;",4.16810513799099,0.658031188772386,0,0,1
211,synchronous,EXT_201,EXT_021,"M=20,20,20,20,|T=0,0,0,0,|B=2,15,1,50;2,15,1,50;3,15,1,50;",4.16810513799099,0.658031188772387,0,0,0
211,synchronous,EXT_201,EXT_102,"M=20,20,20,20,|T=0,0,0,0,|B=1,15,1,50;3,15,1,50;3,15,1,50;",3.5100739492186,-4.44089209850063e-16,0,0,1
211,synchronous,EXT_201,EXT_012,"M=20,20,20,20,|T=0,0,0,0,|B=2,15,1,50;3,15,1,50;3,15,1,50;",3.64107736977483,0.131003420556231,0,0,0
211,asynchronous,EXT_201,EXT_201,"M=20,20,20,20,|T=0,0,0,0,|B=1,15,1,50;1,15,1,50;3,15,1,50;",3.5100739492186,0,1,1,0
211,asynchronous,EXT_201,EXT_210,"M=20,20,20,20,|T=0,0,0,0,|B=1,15,1,50;1,15,1,50;2,15,1,50;",3.64107736977483,0.131003420556231,0,1,1
211,asynchronous,EXT_201,EXT_111,"M=20,20,20,20,|T=0,0,0,0,|B=1,15,1,50;2,15,1,50;3,15,1,50;",3.72769325994399,0.217619310725395,0,1,0
211,asynchronous,EXT_201,EXT_120,"M=20,20,20,20,|T=0,0,0,0,|B=1,15,1,50;2,15,1,50;2,15,1,50;",4.16810513799099,0.658031188772386,0,0,1
211,asynchronous,EXT_201,EXT_021,"M=20,20,20,20,|T=0,0,0,0,|B=2,15,1,50;2,15,1,50;3,15,1,50;",4.16810513799099,0.658031188772387,0,0,0
211,asynchronous,EXT_201,EXT_102,"M=20,20,20,20,|T=0,0,0,0,|B=1,15,1,50;3,15,1,50;3,15,1,50;",3.5100739492186,-4.44089209850063e-16,0,0,1
211,asynchronous,EXT_201,EXT_012,"M=20,20,20,20,|T=0,0,0,0,|B=2,15,1,50;3,15,1,50;3,15,1,50;",3.64107736977483,0.131003420556231,0,0,0
211,high_noise,EXT_201,EXT_201,"M=20,20,20,20,|T=0,0,0,0,|B=1,15,1,50;1,15,1,50;3,15,1,50;",3.5100739492186,0,1,1,0
211,high_noise,EXT_201,EXT_210,"M=20,20,20,20,|T=0,0,0,0,|B=1,15,1,50;1,15,1,50;2,15,1,50;",3.64107736977483,0.131003420556231,0,1,1
211,high_noise,EXT_201,EXT_111,"M=20,20,20,20,|T=0,0,0,0,|B=1,15,1,50;2,15,1,50;3,15,1,50;",3.72769325994399,0.217619310725395,0,1,0
211,high_noise,EXT_201,EXT_120,"M=20,20,20,20,|T=0,0,0,0,|B=1,15,1,50;2,15,1,50;2,15,1,50;",4.16810513799099,0.658031188772386,0,0,1
211,high_noise,EXT_201,EXT_021,"M=20,20,20,20,|T=0,0,0,0,|B=2,15,1,50;2,15,1,50;3,15,1,50;",4.16810513799099,0.658031188772387,0,0,0
211,high_noise,EXT_201,EXT_102,"M=20,20,20,20,|T=0,0,0,0,|B=1,15,1,50;3,15,1,50;3,15,1,50;",3.5100739492186,-4.44089209850063e-16,0,0,1
211,high_noise,EXT_201,EXT_012,"M=20,20,20,20,|T=0,0,0,0,|B=2,15,1,50;3,15,1,50;3,15,1,50;",3.64107736977483,0.131003420556231,0,0,0
212,synchronous,EXT_201,EXT_201,"M=20,20,20,20,|T=0,0,0,0,|B=1,15,1,50;1,15,1,50;3,15,1,50;",1.77933373570038,0,1,1,1
212,synchronous,EXT_201,EXT_210,"M=20,20,20,20,|T=0,0,0,0,|B=1,15,1,50;1,15,1,50;2,15,1,50;",2.06873136595301,0.289397630252634,0,1,1
212,synchronous,EXT_201,EXT_111,"M=20,20,20,20,|T=0,0,0,0,|B=1,15,1,50;2,15,1,50;3,15,1,50;",2.25946201839247,0.48012828269209,0,1,0
212,synchronous,EXT_201,EXT_120,"M=20,20,20,20,|T=0,0,0,0,|B=1,15,1,50;2,15,1,50;2,15,1,50;",2.97278015480262,1.19344641910224,0,0,0
212,synchronous,EXT_201,EXT_021,"M=20,20,20,20,|T=0,0,0,0,|B=2,15,1,50;2,15,1,50;3,15,1,50;",2.97278015480262,1.19344641910224,0,0,1
212,synchronous,EXT_201,EXT_102,"M=20,20,20,20,|T=0,0,0,0,|B=1,15,1,50;3,15,1,50;3,15,1,50;",1.77933373570038,-2.22044604925031e-16,0,0,0
212,synchronous,EXT_201,EXT_012,"M=20,20,20,20,|T=0,0,0,0,|B=2,15,1,50;3,15,1,50;3,15,1,50;",2.06873136595302,0.289397630252635,0,0,0
212,asynchronous,EXT_201,EXT_201,"M=20,20,20,20,|T=0,0,0,0,|B=1,15,1,50;1,15,1,50;3,15,1,50;",1.77933373570038,0,1,1,1
212,asynchronous,EXT_201,EXT_210,"M=20,20,20,20,|T=0,0,0,0,|B=1,15,1,50;1,15,1,50;2,15,1,50;",2.06873136595301,0.289397630252634,0,1,1
212,asynchronous,EXT_201,EXT_111,"M=20,20,20,20,|T=0,0,0,0,|B=1,15,1,50;2,15,1,50;3,15,1,50;",2.25946201839247,0.48012828269209,0,0,0
212,asynchronous,EXT_201,EXT_120,"M=20,20,20,20,|T=0,0,0,0,|B=1,15,1,50;2,15,1,50;2,15,1,50;",2.97278015480262,1.19344641910224,0,1,0
212,asynchronous,EXT_201,EXT_021,"M=20,20,20,20,|T=0,0,0,0,|B=2,15,1,50;2,15,1,50;3,15,1,50;",2.97278015480262,1.19344641910224,0,0,1
212,asynchronous,EXT_201,EXT_102,"M=20,20,20,20,|T=0,0,0,0,|B=1,15,1,50;3,15,1,50;3,15,1,50;",1.77933373570038,-2.22044604925031e-16,0,0,0
212,asynchronous,EXT_201,EXT_012,"M=20,20,20,20,|T=0,0,0,0,|B=2,15,1,50;3,15,1,50;3,15,1,50;",2.06873136595302,0.289397630252635,0,0,0
212,high_noise,EXT_201,EXT_201,"M=20,20,20,20,|T=0,0,0,0,|B=1,15,1,50;1,15,1,50;3,15,1,50;",1.77933373570038,0,1,1,1
212,high_noise,EXT_201,EXT_210,"M=20,20,20,20,|T=0,0,0,0,|B=1,15,1,50;1,15,1,50;2,15,1,50;",2.06873136595301,0.289397630252634,0,1,1
212,high_noise,EXT_201,EXT_111,"M=20,20,20,20,|T=0,0,0,0,|B=1,15,1,50;2,15,1,50;3,15,1,50;",2.25946201839247,0.48012828269209,0,0,0
212,high_noise,EXT_201,EXT_120,"M=20,20,20,20,|T=0,0,0,0,|B=1,15,1,50;2,15,1,50;2,15,1,50;",2.97278015480262,1.19344641910224,0,1,0
212,high_noise,EXT_201,EXT_021,"M=20,20,20,20,|T=0,0,0,0,|B=2,15,1,50;2,15,1,50;3,15,1,50;",2.97278015480262,1.19344641910224,0,0,1
212,high_noise,EXT_201,EXT_102,"M=20,20,20,20,|T=0,0,0,0,|B=1,15,1,50;3,15,1,50;3,15,1,50;",1.77933373570038,-2.22044604925031e-16,0,0,0
212,high_noise,EXT_201,EXT_012,"M=20,20,20,20,|T=0,0,0,0,|B=2,15,1,50;3,15,1,50;3,15,1,50;",2.06873136595302,0.289397630252635,0,0,0
213,synchronous,EXT_201,EXT_201,"M=20,20,20,20,|T=0,0,0,0,|B=1,15,1,50;1,15,1,50;3,15,1,50;",2.41799874160359,0,1,1,0
213,synchronous,EXT_201,EXT_210,"M=20,20,20,20,|T=0,0,0,0,|B=1,15,1,50;1,15,1,50;2,15,1,50;",2.62679356745993,0.208794825856341,0,1,0
213,synchronous,EXT_201,EXT_111,"M=20,20,20,20,|T=0,0,0,0,|B=1,15,1,50;2,15,1,50;3,15,1,50;",2.76867532118817,0.350676579584578,0,1,0
213,synchronous,EXT_201,EXT_120,"M=20,20,20,20,|T=0,0,0,0,|B=1,15,1,50;2,15,1,50;2,15,1,50;",3.37387900961416,0.95588026801057,0,0,0
213,synchronous,EXT_201,EXT_021,"M=20,20,20,20,|T=0,0,0,0,|B=2,15,1,50;2,15,1,50;3,15,1,50;",3.37387900961416,0.955880268010569,0,0,1
213,synchronous,EXT_201,EXT_102,"M=20,20,20,20,|T=0,0,0,0,|B=1,15,1,50;3,15,1,50;3,15,1,50;",2.41799874160359,4.44089209850063e-16,0,0,1
213,synchronous,EXT_201,EXT_012,"M=20,20,20,20,|T=0,0,0,0,|B=2,15,1,50;3,15,1,50;3,15,1,50;",2.62679356745993,0.208794825856341,0,0,1
213,asynchronous,EXT_201,EXT_201,"M=20,20,20,20,|T=0,0,0,0,|B=1,15,1,50;1,15,1,50;3,15,1,50;",2.41799874160359,0,1,1,0
213,asynchronous,EXT_201,EXT_210,"M=20,20,20,20,|T=0,0,0,0,|B=1,15,1,50;1,15,1,50;2,15,1,50;",2.62679356745993,0.208794825856341,0,1,0
213,asynchronous,EXT_201,EXT_111,"M=20,20,20,20,|T=0,0,0,0,|B=1,15,1,50;2,15,1,50;3,15,1,50;",2.76867532118817,0.350676579584578,0,1,0
213,asynchronous,EXT_201,EXT_120,"M=20,20,20,20,|T=0,0,0,0,|B=1,15,1,50;2,15,1,50;2,15,1,50;",3.37387900961416,0.95588026801057,0,0,0
213,asynchronous,EXT_201,EXT_021,"M=20,20,20,20,|T=0,0,0,0,|B=2,15,1,50;2,15,1,50;3,15,1,50;",3.37387900961416,0.955880268010569,0,0,1
213,asynchronous,EXT_201,EXT_102,"M=20,20,20,20,|T=0,0,0,0,|B=1,15,1,50;3,15,1,50;3,15,1,50;",2.41799874160359,4.44089209850063e-16,0,0,1
213,asynchronous,EXT_201,EXT_012,"M=20,20,20,20,|T=0,0,0,0,|B=2,15,1,50;3,15,1,50;3,15,1,50;",2.62679356745993,0.208794825856341,0,0,1
213,high_noise,EXT_201,EXT_201,"M=20,20,20,20,|T=0,0,0,0,|B=1,15,1,50;1,15,1,50;3,15,1,50;",2.41799874160359,0,1,1,0
213,high_noise,EXT_201,EXT_210,"M=20,20,20,20,|T=0,0,0,0,|B=1,15,1,50;1,15,1,50;2,15,1,50;",2.62679356745993,0.208794825856341,0,1,0
213,high_noise,EXT_201,EXT_111,"M=20,20,20,20,|T=0,0,0,0,|B=1,15,1,50;2,15,1,50;3,15,1,50;",2.76867532118817,0.350676579584578,0,1,0
213,high_noise,EXT_201,EXT_120,"M=20,20,20,20,|T=0,0,0,0,|B=1,15,1,50;2,15,1,50;2,15,1,50;",3.37387900961416,0.95588026801057,0,0,0
213,high_noise,EXT_201,EXT_021,"M=20,20,20,20,|T=0,0,0,0,|B=2,15,1,50;2,15,1,50;3,15,1,50;",3.37387900961416,0.955880268010569,0,0,1
213,high_noise,EXT_201,EXT_102,"M=20,20,20,20,|T=0,0,0,0,|B=1,15,1,50;3,15,1,50;3,15,1,50;",2.41799874160359,4.44089209850063e-16,0,0,1
213,high_noise,EXT_201,EXT_012,"M=20,20,20,20,|T=0,0,0,0,|B=2,15,1,50;3,15,1,50;3,15,1,50;",2.62679356745993,0.208794825856341,0,0,1
214,synchronous,EXT_201,EXT_201,"M=20,20,20,20,|T=0,0,0,0,|B=1,15,1,50;1,15,1,50;3,15,1,50;",1.77605395277143,0,1,1,1
214,synchronous,EXT_201,EXT_210,"M=20,20,20,20,|T=0,0,0,0,|B=1,15,1,50;1,15,1,50;2,15,1,50;",2.0402400121636,0.264186059392173,0,1,1
214,synchronous,EXT_201,EXT_111,"M=20,20,20,20,|T=0,0,0,0,|B=1,15,1,50;2,15,1,50;3,15,1,50;",2.25860955286463,0.482555600093195,0,1,0
214,synchronous,EXT_201,EXT_120,"M=20,20,20,20,|T=0,0,0,0,|B=1,15,1,50;2,15,1,50;2,15,1,50;",2.93234180020293,1.1562878474315,0,0,0
214,synchronous,EXT_201,EXT_021,"M=20,20,20,20,|T=0,0,0,0,|B=2,15,1,50;2,15,1,50;3,15,1,50;",2.93234180020293,1.1562878474315,0,0,0
214,synchronous,EXT_201,EXT_102,"M=20,20,20,20,|T=0,0,0,0,|B=1,15,1,50;3,15,1,50;3,15,1,50;",1.77605395277143,0,0,0,0
214,synchronous,EXT_201,EXT_012,"M=20,20,20,20,|T=0,0,0,0,|B=2,15,1,50;3,15,1,50;3,15,1,50;",2.0402400121636,0.264186059392173,0,0,1
214,asynchronous,EXT_201,EXT_201,"M=20,20,20,20,|T=0,0,0,0,|B=1,15,1,50;1,15,1,50;3,15,1,50;",1.77605395277143,0,1,1,1
214,asynchronous,EXT_201,EXT_210,"M=20,20,20,20,|T=0,0,0,0,|B=1,15,1,50;1,15,1,50;2,15,1,50;",2.0402400121636,0.264186059392173,0,1,1
214,asynchronous,EXT_201,EXT_111,"M=20,20,20,20,|T=0,0,0,0,|B=1,15,1,50;2,15,1,50;3,15,1,50;",2.25860955286463,0.482555600093195,0,1,0
214,asynchronous,EXT_201,EXT_120,"M=20,20,20,20,|T=0,0,0,0,|B=1,15,1,50;2,15,1,50;2,15,1,50;",2.93234180020293,1.1562878474315,0,0,0
214,asynchronous,EXT_201,EXT_021,"M=20,20,20,20,|T=0,0,0,0,|B=2,15,1,50;2,15,1,50;3,15,1,50;",2.93234180020293,1.1562878474315,0,0,0
214,asynchronous,EXT_201,EXT_102,"M=20,20,20,20,|T=0,0,0,0,|B=1,15,1,50;3,15,1,50;3,15,1,50;",1.77605395277143,0,0,0,0
214,asynchronous,EXT_201,EXT_012,"M=20,20,20,20,|T=0,0,0,0,|B=2,15,1,50;3,15,1,50;3,15,1,50;",2.0402400121636,0.264186059392173,0,0,1
214,high_noise,EXT_201,EXT_201,"M=20,20,20,20,|T=0,0,0,0,|B=1,15,1,50;1,15,1,50;3,15,1,50;",1.77605395277143,0,1,1,1
214,high_noise,EXT_201,EXT_210,"M=20,20,20,20,|T=0,0,0,0,|B=1,15,1,50;1,15,1,50;2,15,1,50;",2.0402400121636,0.264186059392173,0,1,1
214,high_noise,EXT_201,EXT_111,"M=20,20,20,20,|T=0,0,0,0,|B=1,15,1,50;2,15,1,50;3,15,1,50;",2.25860955286463,0.482555600093195,0,1,0
214,high_noise,EXT_201,EXT_120,"M=20,20,20,20,|T=0,0,0,0,|B=1,15,1,50;2,15,1,50;2,15,1,50;",2.93234180020293,1.1562878474315,0,0,0
214,high_noise,EXT_201,EXT_021,"M=20,20,20,20,|T=0,0,0,0,|B=2,15,1,50;2,15,1,50;3,15,1,50;",2.93234180020293,1.1562878474315,0,0,0
214,high_noise,EXT_201,EXT_102,"M=20,20,20,20,|T=0,0,0,0,|B=1,15,1,50;3,15,1,50;3,15,1,50;",1.77605395277143,0,0,0,0
214,high_noise,EXT_201,EXT_012,"M=20,20,20,20,|T=0,0,0,0,|B=2,15,1,50;3,15,1,50;3,15,1,50;",2.0402400121636,0.264186059392173,0,0,1
215,synchronous,EXT_201,EXT_201,"M=20,20,20,20,|T=0,0,0,0,|B=1,15,1,50;1,15,1,50;3,15,1,50;",0.859958957743699,0,1,1,0
215,synchronous,EXT_201,EXT_210,"M=20,20,20,20,|T=0,0,0,0,|B=1,15,1,50;1,15,1,50;2,15,1,50;",1.39096193706443,0.53100297932073,0,1,1
215,synchronous,EXT_201,EXT_111,"M=20,20,20,20,|T=0,0,0,0,|B=1,15,1,50;2,15,1,50;3,15,1,50;",1.69117307487199,0.831214117128288,0,1,1
215,synchronous,EXT_201,EXT_120,"M=20,20,20,20,|T=0,0,0,0,|B=1,15,1,50;2,15,1,50;2,15,1,50;",2.57134071803977,1.71138176029607,0,0,0
215,synchronous,EXT_201,EXT_021,"M=20,20,20,20,|T=0,0,0,0,|B=2,15,1,50;2,15,1,50;3,15,1,50;",2.57134071803977,1.71138176029607,0,0,0
215,synchronous,EXT_201,EXT_102,"M=20,20,20,20,|T=0,0,0,0,|B=1,15,1,50;3,15,1,50;3,15,1,50;",0.859958957743698,-2.22044604925031e-16,0,0,0
215,synchronous,EXT_201,EXT_012,"M=20,20,20,20,|T=0,0,0,0,|B=2,15,1,50;3,15,1,50;3,15,1,50;",1.39096193706443,0.531002979320729,0,0,1
215,asynchronous,EXT_201,EXT_201,"M=20,20,20,20,|T=0,0,0,0,|B=1,15,1,50;1,15,1,50;3,15,1,50;",0.859958957743699,0,1,1,0
215,asynchronous,EXT_201,EXT_210,"M=20,20,20,20,|T=0,0,0,0,|B=1,15,1,50;1,15,1,50;2,15,1,50;",1.39096193706443,0.53100297932073,0,1,1
215,asynchronous,EXT_201,EXT_111,"M=20,20,20,20,|T=0,0,0,0,|B=1,15,1,50;2,15,1,50;3,15,1,50;",1.69117307487199,0.831214117128288,0,1,1
215,asynchronous,EXT_201,EXT_120,"M=20,20,20,20,|T=0,0,0,0,|B=1,15,1,50;2,15,1,50;2,15,1,50;",2.57134071803977,1.71138176029607,0,0,0
215,asynchronous,EXT_201,EXT_021,"M=20,20,20,20,|T=0,0,0,0,|B=2,15,1,50;2,15,1,50;3,15,1,50;",2.57134071803977,1.71138176029607,0,0,0
215,asynchronous,EXT_201,EXT_102,"M=20,20,20,20,|T=0,0,0,0,|B=1,15,1,50;3,15,1,50;3,15,1,50;",0.859958957743698,-2.22044604925031e-16,0,0,0
215,asynchronous,EXT_201,EXT_012,"M=20,20,20,20,|T=0,0,0,0,|B=2,15,1,50;3,15,1,50;3,15,1,50;",1.39096193706443,0.531002979320729,0,0,1
215,high_noise,EXT_201,EXT_201,"M=20,20,20,20,|T=0,0,0,0,|B=1,15,1,50;1,15,1,50;3,15,1,50;",0.859958957743699,0,1,1,0
215,high_noise,EXT_201,EXT_210,"M=20,20,20,20,|T=0,0,0,0,|B=1,15,1,50;1,15,1,50;2,15,1,50;",1.39096193706443,0.53100297932073,0,1,1
215,high_noise,EXT_201,EXT_111,"M=20,20,20,20,|T=0,0,0,0,|B=1,15,1,50;2,15,1,50;3,15,1,50;",1.69117307487199,0.831214117128288,0,1,1
215,high_noise,EXT_201,EXT_120,"M=20,20,20,20,|T=0,0,0,0,|B=1,15,1,50;2,15,1,50;2,15,1,50;",2.57134071803977,1.71138176029607,0,0,0
215,high_noise,EXT_201,EXT_021,"M=20,20,20,20,|T=0,0,0,0,|B=2,15,1,50;2,15,1,50;3,15,1,50;",2.57134071803977,1.71138176029607,0,0,0
215,high_noise,EXT_201,EXT_102,"M=20,20,20,20,|T=0,0,0,0,|B=1,15,1,50;3,15,1,50;3,15,1,50;",0.859958957743698,-2.22044604925031e-16,0,0,0
215,high_noise,EXT_201,EXT_012,"M=20,20,20,20,|T=0,0,0,0,|B=2,15,1,50;3,15,1,50;3,15,1,50;",1.39096193706443,0.531002979320729,0,0,1
216,synchronous,EXT_201,EXT_201,"M=20,20,20,20,|T=0,0,0,0,|B=1,15,1,50;1,15,1,50;3,15,1,50;",2.29733562707476,0,1,1,1
216,synchronous,EXT_201,EXT_210,"M=20,20,20,20,|T=0,0,0,0,|B=1,15,1,50;1,15,1,50;2,15,1,50;",2.52803780849868,0.230702181423912,0,1,0
216,synchronous,EXT_201,EXT_111,"M=20,20,20,20,|T=0,0,0,0,|B=1,15,1,50;2,15,1,50;3,15,1,50;",2.7089469688003,0.411611341725532,0,1,0
216,synchronous,EXT_201,EXT_120,"M=20,20,20,20,|T=0,0,0,0,|B=1,15,1,50;2,15,1,50;2,15,1,50;",3.27853317218562,0.981197545110852,0,0,1
216,synchronous,EXT_201,EXT_021,"M=20,20,20,20,|T=0,0,0,0,|B=2,15,1,50;2,15,1,50;3,15,1,50;",3.27853317218562,0.981197545110852,0,0,0
216,synchronous,EXT_201,EXT_102,"M=20,20,20,20,|T=0,0,0,0,|B=1,15,1,50;3,15,1,50;3,15,1,50;",2.29733562707476,-8.88178419700125e-16,0,0,1
216,synchronous,EXT_201,EXT_012,"M=20,20,20,20,|T=0,0,0,0,|B=2,15,1,50;3,15,1,50;3,15,1,50;",2.52803780849868,0.230702181423912,0,0,0
216,asynchronous,EXT_201,EXT_201,"M=20,20,20,20,|T=0,0,0,0,|B=1,15,1,50;1,15,1,50;3,15,1,50;",2.29733562707476,0,1,1,1
216,asynchronous,EXT_201,EXT_210,"M=20,20,20,20,|T=0,0,0,0,|B=1,15,1,50;1,15,1,50;2,15,1,50;",2.52803780849868,0.230702181423912,0,1,0
216,asynchronous,EXT_201,EXT_111,"M=20,20,20,20,|T=0,0,0,0,|B=1,15,1,50;2,15,1,50;3,15,1,50;",2.7089469688003,0.411611341725532,0,0,0
216,asynchronous,EXT_201,EXT_120,"M=20,20,20,20,|T=0,0,0,0,|B=1,15,1,50;2,15,1,50;2,15,1,50;",3.27853317218562,0.981197545110852,0,1,1
216,asynchronous,EXT_201,EXT_021,"M=20,20,20,20,|T=0,0,0,0,|B=2,15,1,50;2,15,1,50;3,15,1,50;",3.27853317218562,0.981197545110852,0,0,0
216,asynchronous,EXT_201,EXT_102,"M=20,20,20,20,|T=0,0,0,0,|B=1,15,1,50;3,15,1,50;3,15,1,50;",2.29733562707476,-8.88178419700125e-16,0,0,1
216,asynchronous,EXT_201,EXT_012,"M=20,20,20,20,|T=0,0,0,0,|B=2,15,1,50;3,15,1,50;3,15,1,50;",2.52803780849868,0.230702181423912,0,0,0
216,high_noise,EXT_201,EXT_201,"M=20,20,20,20,|T=0,0,0,0,|B=1,15,1,50;1,15,1,50;3,15,1,50;",2.29733562707476,0,1,1,1
216,high_noise,EXT_201,EXT_210,"M=20,20,20,20,|T=0,0,0,0,|B=1,15,1,50;1,15,1,50;2,15,1,50;",2.52803780849868,0.230702181423912,0,1,0
216,high_noise,EXT_201,EXT_111,"M=20,20,20,20,|T=0,0,0,0,|B=1,15,1,50;2,15,1,50;3,15,1,50;",2.7089469688003,0.411611341725532,0,0,0
216,high_noise,EXT_201,EXT_120,"M=20,20,20,20,|T=0,0,0,0,|B=1,15,1,50;2,15,1,50;2,15,1,50;",3.27853317218562,0.981197545110852,0,1,1
216,high_noise,EXT_201,EXT_021,"M=20,20,20,20,|T=0,0,0,0,|B=2,15,1,50;2,15,1,50;3,15,1,50;",3.27853317218562,0.981197545110852,0,0,0
216,high_noise,EXT_201,EXT_102,"M=20,20,20,20,|T=0,0,0,0,|B=1,15,1,50;3,15,1,50;3,15,1,50;",2.29733562707476,-8.88178419700125e-16,0,0,1
216,high_noise,EXT_201,EXT_012,"M=20,20,20,20,|T=0,0,0,0,|B=2,15,1,50;3,15,1,50;3,15,1,50;",2.52803780849868,0.230702181423912,0,0,0
217,synchronous,EXT_201,EXT_201,"M=20,20,20,20,|T=0,0,0,0,|B=1,15,1,50;1,15,1,50;3,15,1,50;",1.84114347349329,0,1,1,1
217,synchronous,EXT_201,EXT_210,"M=20,20,20,20,|T=0,0,0,0,|B=1,15,1,50;1,15,1,50;2,15,1,50;",2.16915474385091,0.328011270357614,0,1,1
217,synchronous,EXT_201,EXT_111,"M=20,20,20,20,|T=0,0,0,0,|B=1,15,1,50;2,15,1,50;3,15,1,50;",2.33615739366937,0.495013920176075,0,1,0
217,synchronous,EXT_201,EXT_120,"M=20,20,20,20,|T=0,0,0,0,|B=1,15,1,50;2,15,1,50;2,15,1,50;",3.04241951034584,1.20127603685255,0,0,1
217,synchronous,EXT_201,EXT_021,"M=20,20,20,20,|T=0,0,0,0,|B=2,15,1,50;2,15,1,50;3,15,1,50;",3.04241951034584,1.20127603685255,0,0,0
217,synchronous,EXT_201,EXT_102,"M=20,20,20,20,|T=0,0,0,0,|B=1,15,1,50;3,15,1,50;3,15,1,50;",1.84114347349329,2.22044604925031e-16,0,0,0
217,synchronous,EXT_201,EXT_012,"M=20,20,20,20,|T=0,0,0,0,|B=2,15,1,50;3,15,1,50;3,15,1,50;",2.16915474385091,0.328011270357614,0,0,0
217,asynchronous,EXT_201,EXT_201,"M=20,20,20,20,|T=0,0,0,0,|B=1,15,1,50;1,15,1,50;3,15,1,50;",1.84114347349329,0,1,1,1
217,asynchronous,EXT_201,EXT_210,"M=20,20,20,20,|T=0,0,0,0,|B=1,15,1,50;1,15,1,50;2,15,1,50;",2.16915474385091,0.328011270357614,0,1,1
217,asynchronous,EXT_201,EXT_111,"M=20,20,20,20,|T=0,0,0,0,|B=1,15,1,50;2,15,1,50;3,15,1,50;",2.33615739366937,0.495013920176075,0,0,0
217,asynchronous,EXT_201,EXT_120,"M=20,20,20,20,|T=0,0,0,0,|B=1,15,1,50;2,15,1,50;2,15,1,50;",3.04241951034584,1.20127603685255,0,1,1
217,asynchronous,EXT_201,EXT_021,"M=20,20,20,20,|T=0,0,0,0,|B=2,15,1,50;2,15,1,50;3,15,1,50;",3.04241951034584,1.20127603685255,0,0,0
217,asynchronous,EXT_201,EXT_102,"M=20,20,20,20,|T=0,0,0,0,|B=1,15,1,50;3,15,1,50;3,15,1,50;",1.84114347349329,2.22044604925031e-16,0,0,0
217,asynchronous,EXT_201,EXT_012,"M=20,20,20,20,|T=0,0,0,0,|B=2,15,1,50;3,15,1,50;3,15,1,50;",2.16915474385091,0.328011270357614,0,0,0
217,high_noise,EXT_201,EXT_201,"M=20,20,20,20,|T=0,0,0,0,|B=1,15,1,50;1,15,1,50;3,15,1,50;",1.84114347349329,0,1,1,1
217,high_noise,EXT_201,EXT_210,"M=20,20,20,20,|T=0,0,0,0,|B=1,15,1,50;1,15,1,50;2,15,1,50;",2.16915474385091,0.328011270357614,0,1,1
217,high_noise,EXT_201,EXT_111,"M=20,20,20,20,|T=0,0,0,0,|B=1,15,1,50;2,15,1,50;3,15,1,50;",2.33615739366937,0.495013920176075,0,0,0
217,high_noise,EXT_201,EXT_120,"M=20,20,20,20,|T=0,0,0,0,|B=1,15,1,50;2,15,1,50;2,15,1,50;",3.04241951034584,1.20127603685255,0,1,1
217,high_noise,EXT_201,EXT_021,"M=20,20,20,20,|T=0,0,0,0,|B=2,15,1,50;2,15,1,50;3,15,1,50;",3.04241951034584,1.20127603685255,0,0,0
217,high_noise,EXT_201,EXT_102,"M=20,20,20,20,|T=0,0,0,0,|B=1,15,1,50;3,15,1,50;3,15,1,50;",1.84114347349329,2.22044604925031e-16,0,0,0
217,high_noise,EXT_201,EXT_012,"M=20,20,20,20,|T=0,0,0,0,|B=2,15,1,50;3,15,1,50;3,15,1,50;",2.16915474385091,0.328011270357614,0,0,0
218,synchronous,EXT_201,EXT_201,"M=20,20,20,20,|T=0,0,0,0,|B=1,15,1,50;1,15,1,50;3,15,1,50;",2.3251226461245,0,1,1,1
218,synchronous,EXT_201,EXT_210,"M=20,20,20,20,|T=0,0,0,0,|B=1,15,1,50;1,15,1,50;2,15,1,50;",2.57011815641635,0.244995510291844,0,1,0
218,synchronous,EXT_201,EXT_111,"M=20,20,20,20,|T=0,0,0,0,|B=1,15,1,50;2,15,1,50;3,15,1,50;",2.67740254538944,0.352279899264936,0,1,0
218,synchronous,EXT_201,EXT_120,"M=20,20,20,20,|T=0,0,0,0,|B=1,15,1,50;2,15,1,50;2,15,1,50;",3.32230373585441,0.997181089729908,0,0,1
218,synchronous,EXT_201,EXT_021,"M=20,20,20,20,|T=0,0,0,0,|B=2,15,1,50;2,15,1,50;3,15,1,50;",3.32230373585441,0.997181089729907,0,0,1
218,synchronous,EXT_201,EXT_102,"M=20,20,20,20,|T=0,0,0,0,|B=1,15,1,50;3,15,1,50;3,15,1,50;",2.3251226461245,-4.44089209850063e-16,0,0,0
218,synchronous,EXT_201,EXT_012,"M=20,20,20,20,|T=0,0,0,0,|B=2,15,1,50;3,15,1,50;3,15,1,50;",2.57011815641635,0.244995510291844,0,0,0
218,asynchronous,EXT_201,EXT_201,"M=20,20,20,20,|T=0,0,0,0,|B=1,15,1,50;1,15,1,50;3,15,1,50;",2.3251226461245,0,1,1,1
218,asynchronous,EXT_201,EXT_210,"M=20,20,20,20,|T=0,0,0,0,|B=1,15,1,50;1,15,1,50;2,15,1,50;",2.57011815641635,0.244995510291844,0,1,0
218,asynchronous,EXT_201,EXT_111,"M=20,20,20,20,|T=0,0,0,0,|B=1,15,1,50;2,15,1,50;3,15,1,50;",2.67740254538944,0.352279899264936,0,1,0
218,asynchronous,EXT_201,EXT_120,"M=20,20,20,20,|T=0,0,0,0,|B=1,15,1,50;2,15,1,50;2,15,1,50;",3.32230373585441,0.997181089729908,0,0,1
218,asynchronous,EXT_201,EXT_021,"M=20,20,20,20,|T=0,0,0,0,|B=2,15,1,50;2,15,1,50;3,15,1,50;",3.32230373585441,0.997181089729907,0,0,1
218,asynchronous,EXT_201,EXT_102,"M=20,20,20,20,|T=0,0,0,0,|B=1,15,1,50;3,15,1,50;3,15,1,50;",2.3251226461245,-4.44089209850063e-16,0,0,0
218,asynchronous,EXT_201,EXT_012,"M=20,20,20,20,|T=0,0,0,0,|B=2,15,1,50;3,15,1,50;3,15,1,50;",2.57011815641635,0.244995510291844,0,0,0
218,high_noise,EXT_201,EXT_201,"M=20,20,20,20,|T=0,0,0,0,|B=1,15,1,50;1,15,1,50;3,15,1,50;",2.3251226461245,0,1,1,1
218,high_noise,EXT_201,EXT_210,"M=20,20,20,20,|T=0,0,0,0,|B=1,15,1,50;1,15,1,50;2,15,1,50;",2.57011815641635,0.244995510291844,0,1,0
218,high_noise,EXT_201,EXT_111,"M=20,20,20,20,|T=0,0,0,0,|B=1,15,1,50;2,15,1,50;3,15,1,50;",2.67740254538944,0.352279899264936,0,1,0
218,high_noise,EXT_201,EXT_120,"M=20,20,20,20,|T=0,0,0,0,|B=1,15,1,50;2,15,1,50;2,15,1,50;",3.32230373585441,0.997181089729908,0,0,1
218,high_noise,EXT_201,EXT_021,"M=20,20,20,20,|T=0,0,0,0,|B=2,15,1,50;2,15,1,50;3,15,1,50;",3.32230373585441,0.997181089729907,0,0,1
218,high_noise,EXT_201,EXT_102,"M=20,20,20,20,|T=0,0,0,0,|B=1,15,1,50;3,15,1,50;3,15,1,50;",2.3251226461245,-4.44089209850063e-16,0,0,0
218,high_noise,EXT_201,EXT_012,"M=20,20,20,20,|T=0,0,0,0,|B=2,15,1,50;3,15,1,50;3,15,1,50;",2.57011815641635,0.244995510291844,0,0,0
219,synchronous,EXT_201,EXT_201,"M=20,20,20,20,|T=0,0,0,0,|B=1,15,1,50;1,15,1,50;3,15,1,50;",1.96208151302887,0,1,1,1
219,synchronous,EXT_201,EXT_210,"M=20,20,20,20,|T=0,0,0,0,|B=1,15,1,50;1,15,1,50;2,15,1,50;",2.22775883095137,0.265677317922496,0,1,1
219,synchronous,EXT_201,EXT_111,"M=20,20,20,20,|T=0,0,0,0,|B=1,15,1,50;2,15,1,50;3,15,1,50;",2.37525388235819,0.413172369329321,0,1,0
219,synchronous,EXT_201,EXT_120,"M=20,20,20,20,|T=0,0,0,0,|B=1,15,1,50;2,15,1,50;2,15,1,50;",3.10189253309508,1.1398110200662,0,0,0
219,synchronous,EXT_201,EXT_021,"M=20,20,20,20,|T=0,0,0,0,|B=2,15,1,50;2,15,1,50;3,15,1,50;",3.10189253309508,1.1398110200662,0,0,0
219,synchronous,EXT_201,EXT_102,"M=20,20,20,20,|T=0,0,0,0,|B=1,15,1,50;3,15,1,50;3,15,1,50;",1.96208151302887,2.22044604925031e-16,0,0,0
219,synchronous,EXT_201,EXT_012,"M=20,20,20,20,|T=0,0,0,0,|B=2,15,1,50;3,15,1,50;3,15,1,50;",2.22775883095137,0.265677317922495,0,0,1
219,asynchronous,EXT_201,EXT_201,"M=20,20,20,20,|T=0,0,0,0,|B=1,15,1,50;1,15,1,50;3,15,1,50;",1.96208151302887,0,1,1,1
219,asynchronous,EXT_201,EXT_210,"M=20,20,20,20,|T=0,0,0,0,|B=1,15,1,50;1,15,1,50;2,15,1,50;",2.22775883095137,0.265677317922496,0,1,1
219,asynchronous,EXT_201,EXT_111,"M=20,20,20,20,|T=0,0,0,0,|B=1,15,1,50;2,15,1,50;3,15,1,50;",2.37525388235819,0.413172369329321,0,1,0
219,asynchronous,EXT_201,EXT_120,"M=20,20,20,20,|T=0,0,0,0,|B=1,15,1,50;2,15,1,50;2,15,1,50;",3.10189253309508,1.1398110200662,0,0,0
219,asynchronous,EXT_201,EXT_021,"M=20,20,20,20,|T=0,0,0,0,|B=2,15,1,50;2,15,1,50;3,15,1,50;",3.10189253309508,1.1398110200662,0,0,0
219,asynchronous,EXT_201,EXT_102,"M=20,20,20,20,|T=0,0,0,0,|B=1,15,1,50;3,15,1,50;3,15,1,50;",1.96208151302887,2.22044604925031e-16,0,0,0
219,asynchronous,EXT_201,EXT_012,"M=20,20,20,20,|T=0,0,0,0,|B=2,15,1,50;3,15,1,50;3,15,1,50;",2.22775883095137,0.265677317922495,0,0,1
219,high_noise,EXT_201,EXT_201,"M=20,20,20,20,|T=0,0,0,0,|B=1,15,1,50;1,15,1,50;3,15,1,50;",1.96208151302887,0,1,1,1
219,high_noise,EXT_201,EXT_210,"M=20,20,20,20,|T=0,0,0,0,|B=1,15,1,50;1,15,1,50;2,15,1,50;",2.22775883095137,0.265677317922496,0,1,1
219,high_noise,EXT_201,EXT_111,"M=20,20,20,20,|T=0,0,0,0,|B=1,15,1,50;2,15,1,50;3,15,1,50;",2.37525388235819,0.413172369329321,0,1,0
219,high_noise,EXT_201,EXT_120,"M=20,20,20,20,|T=0,0,0,0,|B=1,15,1,50;2,15,1,50;2,15,1,50;",3.10189253309508,1.1398110200662,0,0,0
219,high_noise,EXT_201,EXT_021,"M=20,20,20,20,|T=0,0,0,0,|B=2,15,1,50;2,15,1,50;3,15,1,50;",3.10189253309508,1.1398110200662,0,0,0
219,high_noise,EXT_201,EXT_102,"M=20,20,20,20,|T=0,0,0,0,|B=1,15,1,50;3,15,1,50;3,15,1,50;",1.96208151302887,2.22044604925031e-16,0,0,0
219,high_noise,EXT_201,EXT_012,"M=20,20,20,20,|T=0,0,0,0,|B=2,15,1,50;3,15,1,50;3,15,1,50;",2.22775883095137,0.265677317922495,0,0,1
220,synchronous,EXT_201,EXT_201,"M=20,20,20,20,|T=0,0,0,0,|B=1,15,1,50;1,15,1,50;3,15,1,50;",2.21297137047238,0,1,1,1
220,synchronous,EXT_201,EXT_210,"M=20,20,20,20,|T=0,0,0,0,|B=1,15,1,50;1,15,1,50;2,15,1,50;",2.44327329825854,0.230301927786164,0,1,0
220,synchronous,EXT_201,EXT_111,"M=20,20,20,20,|T=0,0,0,0,|B=1,15,1,50;2,15,1,50;3,15,1,50;",2.59258609637498,0.379614725902599,0,1,1
220,synchronous,EXT_201,EXT_120,"M=20,20,20,20,|T=0,0,0,0,|B=1,15,1,50;2,15,1,50;2,15,1,50;",3.19109175163371,0.978120381161328,0,0,0
220,synchronous,EXT_201,EXT_021,"M=20,20,20,20,|T=0,0,0,0,|B=2,15,1,50;2,15,1,50;3,15,1,50;",3.1910917516337,0.978120381161327,0,0,0
220,synchronous,EXT_201,EXT_102,"M=20,20,20,20,|T=0,0,0,0,|B=1,15,1,50;3,15,1,50;3,15,1,50;",2.21297137047238,0,0,0,1
220,synchronous,EXT_201,EXT_012,"M=20,20,20,20,|T=0,0,0,0,|B=2,15,1,50;3,15,1,50;3,15,1,50;",2.44327329825854,0.230301927786164,0,0,0
220,asynchronous,EXT_201,EXT_201,"M=20,20,20,20,|T=0,0,0,0,|B=1,15,1,50;1,15,1,50;3,15,1,50;",2.21297137047238,0,1,1,1
220,asynchronous,EXT_201,EXT_210,"M=20,20,20,20,|T=0,0,0,0,|B=1,15,1,50;1,15,1,50;2,15,1,50;",2.44327329825854,0.230301927786164,0,1,0
220,asynchronous,EXT_201,EXT_111,"M=20,20,20,20,|T=0,0,0,0,|B=1,15,1,50;2,15,1,50;3,15,1,50;",2.59258609637498,0.379614725902599,0,1,1
220,asynchronous,EXT_201,EXT_120,"M=20,20,20,20,|T=0,0,0,0,|B=1,15,1,50;2,15,1,50;2,15,1,50;",3.19109175163371,0.978120381161328,0,0,0
220,asynchronous,EXT_201,EXT_021,"M=20,20,20,20,|T=0,0,0,0,|B=2,15,1,50;2,15,1,50;3,15,1,50;",3.1910917516337,0.978120381161327,0,0,0
220,asynchronous,EXT_201,EXT_102,"M=20,20,20,20,|T=0,0,0,0,|B=1,15,1,50;3,15,1,50;3,15,1,50;",2.21297137047238,0,0,0,1
220,asynchronous,EXT_201,EXT_012,"M=20,20,20,20,|T=0,0,0,0,|B=2,15,1,50;3,15,1,50;3,15,1,50;",2.44327329825854,0.230301927786164,0,0,0
220,high_noise,EXT_201,EXT_201,"M=20,20,20,20,|T=0,0,0,0,|B=1,15,1,50;1,15,1,50;3,15,1,50;",2.21297137047238,0,1,1,1
220,high_noise,EXT_201,EXT_210,"M=20,20,20,20,|T=0,0,0,0,|B=1,15,1,50;1,15,1,50;2,15,1,50;",2.44327329825854,0.230301927786164,0,1,0
220,high_noise,EXT_201,EXT_111,"M=20,20,20,20,|T=0,0,0,0,|B=1,15,1,50;2,15,1,50;3,15,1,50;",2.59258609637498,0.379614725902599,0,1,1
220,high_noise,EXT_201,EXT_120,"M=20,20,20,20,|T=0,0,0,0,|B=1,15,1,50;2,15,1,50;2,15,1,50;",3.19109175163371,0.978120381161328,0,0,0
220,high_noise,EXT_201,EXT_021,"M=20,20,20,20,|T=0,0,0,0,|B=2,15,1,50;2,15,1,50;3,15,1,50;",3.1910917516337,0.978120381161327,0,0,0
220,high_noise,EXT_201,EXT_102,"M=20,20,20,20,|T=0,0,0,0,|B=1,15,1,50;3,15,1,50;3,15,1,50;",2.21297137047238,0,0,0,1
220,high_noise,EXT_201,EXT_012,"M=20,20,20,20,|T=0,0,0,0,|B=2,15,1,50;3,15,1,50;3,15,1,50;",2.44327329825854,0.230301927786164,0,0,0
221,synchronous,EXT_201,EXT_201,"M=20,20,20,20,|T=0,0,0,0,|B=1,15,1,50;1,15,1,50;3,15,1,50;",2.59550542528493,0,1,1,0
221,synchronous,EXT_201,EXT_210,"M=20,20,20,20,|T=0,0,0,0,|B=1,15,1,50;1,15,1,50;2,15,1,50;",2.79156376951922,0.196058344234287,0,1,1
221,synchronous,EXT_201,EXT_111,"M=20,20,20,20,|T=0,0,0,0,|B=1,15,1,50;2,15,1,50;3,15,1,50;",2.91958412252916,0.32407869724422,0,1,0
221,synchronous,EXT_201,EXT_120,"M=20,20,20,20,|T=0,0,0,0,|B=1,15,1,50;2,15,1,50;2,15,1,50;",3.5065099712793,0.911004545994366,0,0,1
221,synchronous,EXT_201,EXT_021,"M=20,20,20,20,|T=0,0,0,0,|B=2,15,1,50;2,15,1,50;3,15,1,50;",3.5065099712793,0.911004545994365,0,0,1
221,synchronous,EXT_201,EXT_102,"M=20,20,20,20,|T=0,0,0,0,|B=1,15,1,50;3,15,1,50;3,15,1,50;",2.59550542528494,1.33226762955019e-15,0,0,0
221,synchronous,EXT_201,EXT_012,"M=20,20,20,20,|T=0,0,0,0,|B=2,15,1,50;3,15,1,50;3,15,1,50;",2.79156376951922,0.196058344234286,0,0,0
221,asynchronous,EXT_201,EXT_201,"M=20,20,20,20,|T=0,0,0,0,|B=1,15,1,50;1,15,1,50;3,15,1,50;",2.59550542528493,0,1,1,0
221,asynchronous,EXT_201,EXT_210,"M=20,20,20,20,|T=0,0,0,0,|B=1,15,1,50;1,15,1,50;2,15,1,50;",2.79156376951922,0.196058344234287,0,1,1
221,asynchronous,EXT_201,EXT_111,"M=20,20,20,20,|T=0,0,0,0,|B=1,15,1,50;2,15,1,50;3,15,1,50;",2.91958412252916,0.32407869724422,0,1,0
221,asynchronous,EXT_201,EXT_120,"M=20,20,20,20,|T=0,0,0,0,|B=1,15,1,50;2,15,1,50;2,15,1,50;",3.5065099712793,0.911004545994366,0,0,1
221,asynchronous,EXT_201,EXT_021,"M=20,20,20,20,|T=0,0,0,0,|B=2,15,1,50;2,15,1,50;3,15,1,50;",3.5065099712793,0.911004545994365,0,0,1
221,asynchronous,EXT_201,EXT_102,"M=20,20,20,20,|T=0,0,0,0,|B=1,15,1,50;3,15,1,50;3,15,1,50;",2.59550542528494,1.33226762955019e-15,0,0,0
221,asynchronous,EXT_201,EXT_012,"M=20,20,20,20,|T=0,0,0,0,|B=2,15,1,50;3,15,1,50;3,15,1,50;",2.79156376951922,0.196058344234286,0,0,0
221,high_noise,EXT_201,EXT_201,"M=20,20,20,20,|T=0,0,0,0,|B=1,15,1,50;1,15,1,50;3,15,1,50;",2.59550542528493,0,1,1,0
221,high_noise,EXT_201,EXT_210,"M=20,20,20,20,|T=0,0,0,0,|B=1,15,1,50;1,15,1,50;2,15,1,50;",2.79156376951922,0.196058344234287,0,1,1
221,high_noise,EXT_201,EXT_111,"M=20,20,20,20,|T=0,0,0,0,|B=1,15,1,50;2,15,1,50;3,15,1,50;",2.91958412252916,0.32407869724422,0,1,0
221,high_noise,EXT_201,EXT_120,"M=20,20,20,20,|T=0,0,0,0,|B=1,15,1,50;2,15,1,50;2,15,1,50;",3.5065099712793,0.911004545994366,0,0,1
221,high_noise,EXT_201,EXT_021,"M=20,20,20,20,|T=0,0,0,0,|B=2,15,1,50;2,15,1,50;3,15,1,50;",3.5065099712793,0.911004545994365,0,0,1
221,high_noise,EXT_201,EXT_102,"M=20,20,20,20,|T=0,0,0,0,|B=1,15,1,50;3,15,1,50;3,15,1,50;",2.59550542528494,1.33226762955019e-15,0,0,0
221,high_noise,EXT_201,EXT_012,"M=20,20,20,20,|T=0,0,0,0,|B=2,15,1,50;3,15,1,50;3,15,1,50;",2.79156376951922,0.196058344234286,0,0,0
222,synchronous,EXT_201,EXT_201,"M=20,20,20,20,|T=0,0,0,0,|B=1,15,1,50;1,15,1,50;3,15,1,50;",1.68639595823376,0,1,1,0
222,synchronous,EXT_201,EXT_210,"M=20,20,20,20,|T=0,0,0,0,|B=1,15,1,50;1,15,1,50;2,15,1,50;",2.02058681107886,0.334190852845094,0,1,1
222,synchronous,EXT_201,EXT_111,"M=20,20,20,20,|T=0,0,0,0,|B=1,15,1,50;2,15,1,50;3,15,1,50;",2.22320415728367,0.536808199049901,0,1,1
222,synchronous,EXT_201,EXT_120,"M=20,20,20,20,|T=0,0,0,0,|B=1,15,1,50;2,15,1,50;2,15,1,50;",2.97200725402808,1.28561129579431,0,0,0
222,synchronous,EXT_201,EXT_021,"M=20,20,20,20,|T=0,0,0,0,|B=2,15,1,50;2,15,1,50;3,15,1,50;",2.97200725402808,1.28561129579431,0,0,0
222,synchronous,EXT_201,EXT_102,"M=20,20,20,20,|T=0,0,0,0,|B=1,15,1,50;3,15,1,50;3,15,1,50;",1.68639595823376,4.44089209850063e-16,0,0,1
222,synchronous,EXT_201,EXT_012,"M=20,20,20,20,|T=0,0,0,0,|B=2,15,1,50;3,15,1,50;3,15,1,50;",2.02058681107886,0.334190852845092,0,0,0
222,asynchronous,EXT_201,EXT_201,"M=20,20,20,20,|T=0,0,0,0,|B=1,15,1,50;1,15,1,50;3,15,1,50;",1.68639595823376,0,1,1,0
222,asynchronous,EXT_201,EXT_210,"M=20,20,20,20,|T=0,0,0,0,|B=1,15,1,50;1,15,1,50;2,15,1,50;",2.02058681107886,0.334190852845094,0,1,1
222,asynchronous,EXT_201,EXT_111,"M=20,20,20,20,|T=0,0,0,0,|B=1,15,1,50;2,15,1,50;3,15,1,50;",2.22320415728367,0.536808199049901,0,1,1
222,asynchronous,EXT_201,EXT_120,"M=20,20,20,20,|T=0,0,0,0,|B=1,15,1,50;2,15,1,50;2,15,1,50;",2.97200725402808,1.28561129579431,0,0,0
222,asynchronous,EXT_201,EXT_021,"M=20,20,20,20,|T=0,0,0,0,|B=2,15,1,50;2,15,1,50;3,15,1,50;",2.97200725402808,1.28561129579431,0,0,0
222,asynchronous,EXT_201,EXT_102,"M=20,20,20,20,|T=0,0,0,0,|B=1,15,1,50;3,15,1,50;3,15,1,50;",1.68639595823376,4.44089209850063e-16,0,0,1
222,asynchronous,EXT_201,EXT_012,"M=20,20,20,20,|T=0,0,0,0,|B=2,15,1,50;3,15,1,50;3,15,1,50;",2.02058681107886,0.334190852845092,0,0,0
222,high_noise,EXT_201,EXT_201,"M=20,20,20,20,|T=0,0,0,0,|B=1,15,1,50;1,15,1,50;3,15,1,50;",1.68639595823376,0,1,1,0
222,high_noise,EXT_201,EXT_210,"M=20,20,20,20,|T=0,0,0,0,|B=1,15,1,50;1,15,1,50;2,15,1,50;",2.02058681107886,0.334190852845094,0,1,1
222,high_noise,EXT_201,EXT_111,"M=20,20,20,20,|T=0,0,0,0,|B=1,15,1,50;2,15,1,50;3,15,1,50;",2.22320415728367,0.536808199049901,0,1,1
222,high_noise,EXT_201,EXT_120,"M=20,20,20,20,|T=0,0,0,0,|B=1,15,1,50;2,15,1,50;2,15,1,50;",2.97200725402808,1.28561129579431,0,0,0
222,high_noise,EXT_201,EXT_021,"M=20,20,20,20,|T=0,0,0,0,|B=2,15,1,50;2,15,1,50;3,15,1,50;",2.97200725402808,1.28561129579431,0,0,0
222,high_noise,EXT_201,EXT_102,"M=20,20,20,20,|T=0,0,0,0,|B=1,15,1,50;3,15,1,50;3,15,1,50;",1.68639595823376,4.44089209850063e-16,0,0,1
222,high_noise,EXT_201,EXT_012,"M=20,20,20,20,|T=0,0,0,0,|B=2,15,1,50;3,15,1,50;3,15,1,50;",2.02058681107886,0.334190852845092,0,0,0
223,synchronous,EXT_201,EXT_201,"M=20,20,20,20,|T=0,0,0,0,|B=1,15,1,50;1,15,1,50;3,15,1,50;",1.92653822611352,0,1,1,0
223,synchronous,EXT_201,EXT_210,"M=20,20,20,20,|T=0,0,0,0,|B=1,15,1,50;1,15,1,50;2,15,1,50;",2.21581553985877,0.289277313745247,0,1,0
223,synchronous,EXT_201,EXT_111,"M=20,20,20,20,|T=0,0,0,0,|B=1,15,1,50;2,15,1,50;3,15,1,50;",2.39620203666826,0.469663810554744,0,1,0
223,synchronous,EXT_201,EXT_120,"M=20,20,20,20,|T=0,0,0,0,|B=1,15,1,50;2,15,1,50;2,15,1,50;",3.07506848340553,1.14853025729201,0,0,0
223,synchronous,EXT_201,EXT_021,"M=20,20,20,20,|T=0,0,0,0,|B=2,15,1,50;2,15,1,50;3,15,1,50;",3.07506848340552,1.14853025729201,0,0,1
223,synchronous,EXT_201,EXT_102,"M=20,20,20,20,|T=0,0,0,0,|B=1,15,1,50;3,15,1,50;3,15,1,50;",1.92653822611352,0,0,0,1
223,synchronous,EXT_201,EXT_012,"M=20,20,20,20,|T=0,0,0,0,|B=2,15,1,50;3,15,1,50;3,15,1,50;",2.21581553985877,0.289277313745246,0,0,1
223,asynchronous,EXT_201,EXT_201,"M=20,20,20,20,|T=0,0,0,0,|B=1,15,1,50;1,15,1,50;3,15,1,50;",1.92653822611352,0,1,1,0
223,asynchronous,EXT_201,EXT_210,"M=20,20,20,20,|T=0,0,0,0,|B=1,15,1,50;1,15,1,50;2,15,1,50;",2.21581553985877,0.289277313745247,0,1,0
223,asynchronous,EXT_201,EXT_111,"M=20,20,20,20,|T=0,0,0,0,|B=1,15,1,50;2,15,1,50;3,15,1,50;",2.39620203666826,0.469663810554744,0,1,0
223,asynchronous,EXT_201,EXT_120,"M=20,20,20,20,|T=0,0,0,0,|B=1,15,1,50;2,15,1,50;2,15,1,50;",3.07506848340553,1.14853025729201,0,0,0
223,asynchronous,EXT_201,EXT_021,"M=20,20,20,20,|T=0,0,0,0,|B=2,15,1,50;2,15,1,50;3,15,1,50;",3.07506848340552,1.14853025729201,0,0,1
223,asynchronous,EXT_201,EXT_102,"M=20,20,20,20,|T=0,0,0,0,|B=1,15,1,50;3,15,1,50;3,15,1,50;",1.92653822611352,0,0,0,1
223,asynchronous,EXT_201,EXT_012,"M=20,20,20,20,|T=0,0,0,0,|B=2,15,1,50;3,15,1,50;3,15,1,50;",2.21581553985877,0.289277313745246,0,0,1
223,high_noise,EXT_201,EXT_201,"M=20,20,20,20,|T=0,0,0,0,|B=1,15,1,50;1,15,1,50;3,15,1,50;",1.92653822611352,0,1,1,0
223,high_noise,EXT_201,EXT_210,"M=20,20,20,20,|T=0,0,0,0,|B=1,15,1,50;1,15,1,50;2,15,1,50;",2.21581553985877,0.289277313745247,0,1,0
223,high_noise,EXT_201,EXT_111,"M=20,20,20,20,|T=0,0,0,0,|B=1,15,1,50;2,15,1,50;3,15,1,50;",2.39620203666826,0.469663810554744,0,1,0
223,high_noise,EXT_201,EXT_120,"M=20,20,20,20,|T=0,0,0,0,|B=1,15,1,50;2,15,1,50;2,15,1,50;",3.07506848340553,1.14853025729201,0,0,0
223,high_noise,EXT_201,EXT_021,"M=20,20,20,20,|T=0,0,0,0,|B=2,15,1,50;2,15,1,50;3,15,1,50;",3.07506848340552,1.14853025729201,0,0,1
223,high_noise,EXT_201,EXT_102,"M=20,20,20,20,|T=0,0,0,0,|B=1,15,1,50;3,15,1,50;3,15,1,50;",1.92653822611352,0,0,0,1
223,high_noise,EXT_201,EXT_012,"M=20,20,20,20,|T=0,0,0,0,|B=2,15,1,50;3,15,1,50;3,15,1,50;",2.21581553985877,0.289277313745246,0,0,1
224,synchronous,EXT_201,EXT_201,"M=20,20,20,20,|T=0,0,0,0,|B=1,15,1,50;1,15,1,50;3,15,1,50;",1.71120341153933,0,1,1,0
224,synchronous,EXT_201,EXT_210,"M=20,20,20,20,|T=0,0,0,0,|B=1,15,1,50;1,15,1,50;2,15,1,50;",2.01326263660547,0.30205922506614,0,1,1
224,synchronous,EXT_201,EXT_111,"M=20,20,20,20,|T=0,0,0,0,|B=1,15,1,50;2,15,1,50;3,15,1,50;",2.12691977987381,0.415716368334487,0,1,0
224,synchronous,EXT_201,EXT_120,"M=20,20,20,20,|T=0,0,0,0,|B=1,15,1,50;2,15,1,50;2,15,1,50;",2.91900496248521,1.20780155094588,0,0,0
224,synchronous,EXT_201,EXT_021,"M=20,20,20,20,|T=0,0,0,0,|B=2,15,1,50;2,15,1,50;3,15,1,50;",2.91900496248521,1.20780155094588,0,0,1
224,synchronous,EXT_201,EXT_102,"M=20,20,20,20,|T=0,0,0,0,|B=1,15,1,50;3,15,1,50;3,15,1,50;",1.71120341153933,0,0,0,0
224,synchronous,EXT_201,EXT_012,"M=20,20,20,20,|T=0,0,0,0,|B=2,15,1,50;3,15,1,50;3,15,1,50;",2.01326263660547,0.30205922506614,0,0,1
224,asynchronous,EXT_201,EXT_201,"M=20,20,20,20,|T=0,0,0,0,|B=1,15,1,50;1,15,1,50;3,15,1,50;",1.71120341153933,0,1,1,0
224,asynchronous,EXT_201,EXT_210,"M=20,20,20,20,|T=0,0,0,0,|B=1,15,1,50;1,15,1,50;2,15,1,50;",2.01326263660547,0.30205922506614,0,1,1
224,asynchronous,EXT_201,EXT_111,"M=20,20,20,20,|T=0,0,0,0,|B=1,15,1,50;2,15,1,50;3,15,1,50;",2.12691977987381,0.415716368334487,0,0,0
224,asynchronous,EXT_201,EXT_120,"M=20,20,20,20,|T=0,0,0,0,|B=1,15,1,50;2,15,1,50;2,15,1,50;",2.91900496248521,1.20780155094588,0,1,0
224,asynchronous,EXT_201,EXT_021,"M=20,20,20,20,|T=0,0,0,0,|B=2,15,1,50;2,15,1,50;3,15,1,50;",2.91900496248521,1.20780155094588,0,0,1
224,asynchronous,EXT_201,EXT_102,"M=20,20,20,20,|T=0,0,0,0,|B=1,15,1,50;3,15,1,50;3,15,1,50;",1.71120341153933,0,0,0,0
224,asynchronous,EXT_201,EXT_012,"M=20,20,20,20,|T=0,0,0,0,|B=2,15,1,50;3,15,1,50;3,15,1,50;",2.01326263660547,0.30205922506614,0,0,1
224,high_noise,EXT_201,EXT_201,"M=20,20,20,20,|T=0,0,0,0,|B=1,15,1,50;1,15,1,50;3,15,1,50;",1.71120341153933,0,1,1,0
224,high_noise,EXT_201,EXT_210,"M=20,20,20,20,|T=0,0,0,0,|B=1,15,1,50;1,15,1,50;2,15,1,50;",2.01326263660547,0.30205922506614,0,1,1
224,high_noise,EXT_201,EXT_111,"M=20,20,20,20,|T=0,0,0,0,|B=1,15,1,50;2,15,1,50;3,15,1,50;",2.12691977987381,0.415716368334487,0,0,0
224,high_noise,EXT_201,EXT_120,"M=20,20,20,20,|T=0,0,0,0,|B=1,15,1,50;2,15,1,50;2,15,1,50;",2.91900496248521,1.20780155094588,0,1,0
224,high_noise,EXT_201,EXT_021,"M=20,20,20,20,|T=0,0,0,0,|B=2,15,1,50;2,15,1,50;3,15,1,50;",2.91900496248521,1.20780155094588,0,0,1
224,high_noise,EXT_201,EXT_102,"M=20,20,20,20,|T=0,0,0,0,|B=1,15,1,50;3,15,1,50;3,15,1,50;",1.71120341153933,0,0,0,0
224,high_noise,EXT_201,EXT_012,"M=20,20,20,20,|T=0,0,0,0,|B=2,15,1,50;3,15,1,50;3,15,1,50;",2.01326263660547,0.30205922506614,0,0,1
225,synchronous,EXT_201,EXT_201,"M=20,20,20,20,|T=0,0,0,0,|B=1,15,1,50;1,15,1,50;3,15,1,50;",2.69175138997231,0,1,1,0
225,synchronous,EXT_201,EXT_210,"M=20,20,20,20,|T=0,0,0,0,|B=1,15,1,50;1,15,1,50;2,15,1,50;",2.83323308907319,0.14148169910088,0,1,1
225,synchronous,EXT_201,EXT_111,"M=20,20,20,20,|T=0,0,0,0,|B=1,15,1,50;2,15,1,50;3,15,1,50;",2.98766819127319,0.295916801300878,0,1,1
225,synchronous,EXT_201,EXT_120,"M=20,20,20,20,|T=0,0,0,0,|B=1,15,1,50;2,15,1,50;2,15,1,50;",3.46574184262359,0.77399045265128,0,0,0
225,synchronous,EXT_201,EXT_021,"M=20,20,20,20,|T=0,0,0,0,|B=2,15,1,50;2,15,1,50;3,15,1,50;",3.4657418426236,0.773990452651282,0,0,0
225,synchronous,EXT_201,EXT_102,"M=20,20,20,20,|T=0,0,0,0,|B=1,15,1,50;3,15,1,50;3,15,1,50;",2.69175138997231,-4.44089209850063e-16,0,0,0
225,synchronous,EXT_201,EXT_012,"M=20,20,20,20,|T=0,0,0,0,|B=2,15,1,50;3,15,1,50;3,15,1,50;",2.83323308907319,0.14148169910088,0,0,1
225,asynchronous,EXT_201,EXT_201,"M=20,20,20,20,|T=0,0,0,0,|B=1,15,1,50;1,15,1,50;3,15,1,50;",2.69175138997231,0,1,1,0
225,asynchronous,EXT_201,EXT_210,"M=20,20,20,20,|T=0,0,0,0,|B=1,15,1,50;1,15,1,50;2,15,1,50;",2.83323308907319,0.14148169910088,0,1,1
225,asynchronous,EXT_201,EXT_111,"M=20,20,20,20,|T=0,0,0,0,|B=1,15,1,50;2,15,1,50;3,15,1,50;",2.98766819127319,0.295916801300878,0,0,1
225,asynchronous,EXT_201,EXT_120,"M=20,20,20,20,|T=0,0,0,0,|B=1,15,1,50;2,15,1,50;2,15,1,50;",3.46574184262359,0.77399045265128,0,1,0
225,asynchronous,EXT_201,EXT_021,"M=20,20,20,20,|T=0,0,0,0,|B=2,15,1,50;2,15,1,50;3,15,1,50;",3.4657418426236,0.773990452651282,0,0,0
225,asynchronous,EXT_201,EXT_102,"M=20,20,20,20,|T=0,0,0,0,|B=1,15,1,50;3,15,1,50;3,15,1,50;",2.69175138997231,-4.44089209850063e-16,0,0,0
225,asynchronous,EXT_201,EXT_012,"M=20,20,20,20,|T=0,0,0,0,|B=2,15,1,50;3,15,1,50;3,15,1,50;",2.83323308907319,0.14148169910088,0,0,1
225,high_noise,EXT_201,EXT_201,"M=20,20,20,20,|T=0,0,0,0,|B=1,15,1,50;1,15,1,50;3,15,1,50;",2.69175138997231,0,1,1,0
225,high_noise,EXT_201,EXT_210,"M=20,20,20,20,|T=0,0,0,0,|B=1,15,1,50;1,15,1,50;2,15,1,50;",2.83323308907319,0.14148169910088,0,1,1
225,high_noise,EXT_201,EXT_111,"M=20,20,20,20,|T=0,0,0,0,|B=1,15,1,50;2,15,1,50;3,15,1,50;",2.98766819127319,0.295916801300878,0,0,1
225,high_noise,EXT_201,EXT_120,"M=20,20,20,20,|T=0,0,0,0,|B=1,15,1,50;2,15,1,50;2,15,1,50;",3.46574184262359,0.77399045265128,0,1,0
225,high_noise,EXT_201,EXT_021,"M=20,20,20,20,|T=0,0,0,0,|B=2,15,1,50;2,15,1,50;3,15,1,50;",3.4657418426236,0.773990452651282,0,0,0
225,high_noise,EXT_201,EXT_102,"M=20,20,20,20,|T=0,0,0,0,|B=1,15,1,50;3,15,1,50;3,15,1,50;",2.69175138997231,-4.44089209850063e-16,0,0,0
225,high_noise,EXT_201,EXT_012,"M=20,20,20,20,|T=0,0,0,0,|B=2,15,1,50;3,15,1,50;3,15,1,50;",2.83323308907319,0.14148169910088,0,0,1
226,synchronous,EXT_201,EXT_201,"M=20,20,20,20,|T=0,0,0,0,|B=1,15,1,50;1,15,1,50;3,15,1,50;",2.06282199537287,0,1,1,0
226,synchronous,EXT_201,EXT_210,"M=20,20,20,20,|T=0,0,0,0,|B=1,15,1,50;1,15,1,50;2,15,1,50;",2.30639139717842,0.243569401805554,0,1,0
226,synchronous,EXT_201,EXT_111,"M=20,20,20,20,|T=0,0,0,0,|B=1,15,1,50;2,15,1,50;3,15,1,50;",2.48790268015829,0.425080684785427,0,1,1
226,synchronous,EXT_201,EXT_120,"M=20,20,20,20,|T=0,0,0,0,|B=1,15,1,50;2,15,1,50;2,15,1,50;",3.1424470283424,1.07962503296953,0,0,1
226,synchronous,EXT_201,EXT_021,"M=20,20,20,20,|T=0,0,0,0,|B=2,15,1,50;2,15,1,50;3,15,1,50;",3.1424470283424,1.07962503296953,0,0,0
226,synchronous,EXT_201,EXT_102,"M=20,20,20,20,|T=0,0,0,0,|B=1,15,1,50;3,15,1,50;3,15,1,50;",2.06282199537287,-4.44089209850063e-16,0,0,1
226,synchronous,EXT_201,EXT_012,"M=20,20,20,20,|T=0,0,0,0,|B=2,15,1,50;3,15,1,50;3,15,1,50;",2.30639139717842,0.243569401805554,0,0,0
226,asynchronous,EXT_201,EXT_201,"M=20,20,20,20,|T=0,0,0,0,|B=1,15,1,50;1,15,1,50;3,15,1,50;",2.06282199537287,0,1,1,0
226,asynchronous,EXT_201,EXT_210,"M=20,20,20,20,|T=0,0,0,0,|B=1,15,1,50;1,15,1,50;2,15,1,50;",2.30639139717842,0.243569401805554,0,1,0
226,asynchronous,EXT_201,EXT_111,"M=20,20,20,20,|T=0,0,0,0,|B=1,15,1,50;2,15,1,50;3,15,1,50;",2.48790268015829,0.425080684785427,0,1,1
226,asynchronous,EXT_201,EXT_120,"M=20,20,20,20,|T=0,0,0,0,|B=1,15,1,50;2,15,1,50;2,15,1,50;",3.1424470283424,1.07962503296953,0,0,1
226,asynchronous,EXT_201,EXT_021,"M=20,20,20,20,|T=0,0,0,0,|B=2,15,1,50;2,15,1,50;3,15,1,50;",3.1424470283424,1.07962503296953,0,0,0
226,asynchronous,EXT_201,EXT_102,"M=20,20,20,20,|T=0,0,0,0,|B=1,15,1,50;3,15,1,50;3,15,1,50;",2.06282199537287,-4.44089209850063e-16,0,0,1
226,asynchronous,EXT_201,EXT_012,"M=20,20,20,20,|T=0,0,0,0,|B=2,15,1,50;3,15,1,50;3,15,1,50;",2.30639139717842,0.243569401805554,0,0,0
226,high_noise,EXT_201,EXT_201,"M=20,20,20,20,|T=0,0,0,0,|B=1,15,1,50;1,15,1,50;3,15,1,50;",2.06282199537287,0,1,1,0
226,high_noise,EXT_201,EXT_210,"M=20,20,20,20,|T=0,0,0,0,|B=1,15,1,50;1,15,1,50;2,15,1,50;",2.30639139717842,0.243569401805554,0,1,0
226,high_noise,EXT_201,EXT_111,"M=20,20,20,20,|T=0,0,0,0,|B=1,15,1,50;2,15,1,50;3,15,1,50;",2.48790268015829,0.425080684785427,0,1,1
226,high_noise,EXT_201,EXT_120,"M=20,20,20,20,|T=0,0,0,0,|B=1,15,1,50;2,15,1,50;2,15,1,50;",3.1424470283424,1.07962503296953,0,0,1
226,high_noise,EXT_201,EXT_021,"M=20,20,20,20,|T=0,0,0,0,|B=2,15,1,50;2,15,1,50;3,15,1,50;",3.1424470283424,1.07962503296953,0,0,0
226,high_noise,EXT_201,EXT_102,"M=20,20,20,20,|T=0,0,0,0,|B=1,15,1,50;3,15,1,50;3,15,1,50;",2.06282199537287,-4.44089209850063e-16,0,0,1
226,high_noise,EXT_201,EXT_012,"M=20,20,20,20,|T=0,0,0,0,|B=2,15,1,50;3,15,1,50;3,15,1,50;",2.30639139717842,0.243569401805554,0,0,0
227,synchronous,EXT_201,EXT_201,"M=20,20,20,20,|T=0,0,0,0,|B=1,15,1,50;1,15,1,50;3,15,1,50;",1.97798639283745,0,1,1,0
227,synchronous,EXT_201,EXT_210,"M=20,20,20,20,|T=0,0,0,0,|B=1,15,1,50;1,15,1,50;2,15,1,50;",2.21083775150789,0.232851358670439,0,1,0
227,synchronous,EXT_201,EXT_111,"M=20,20,20,20,|T=0,0,0,0,|B=1,15,1,50;2,15,1,50;3,15,1,50;",2.41638463034548,0.438398237508032,0,1,1
227,synchronous,EXT_201,EXT_120,"M=20,20,20,20,|T=0,0,0,0,|B=1,15,1,50;2,15,1,50;2,15,1,50;",3.05901693021306,1.08103053737561,0,0,0
227,synchronous,EXT_201,EXT_021,"M=20,20,20,20,|T=0,0,0,0,|B=2,15,1,50;2,15,1,50;3,15,1,50;",3.05901693021306,1.08103053737561,0,0,1
227,synchronous,EXT_201,EXT_102,"M=20,20,20,20,|T=0,0,0,0,|B=1,15,1,50;3,15,1,50;3,15,1,50;",1.97798639283745,-4.44089209850063e-16,0,0,0
227,synchronous,EXT_201,EXT_012,"M=20,20,20,20,|T=0,0,0,0,|B=2,15,1,50;3,15,1,50;3,15,1,50;",2.21083775150789,0.23285135867044,0,0,1
227,asynchronous,EXT_201,EXT_201,"M=20,20,20,20,|T=0,0,0,0,|B=1,15,1,50;1,15,1,50;3,15,1,50;",1.97798639283745,0,1,1,0
227,asynchronous,EXT_201,EXT_210,"M=20,20,20,20,|T=0,0,0,0,|B=1,15,1,50;1,15,1,50;2,15,1,50;",2.21083775150789,0.232851358670439,0,1,0
227,asynchronous,EXT_201,EXT_111,"M=20,20,20,20,|T=0,0,0,0,|B=1,15,1,50;2,15,1,50;3,15,1,50;",2.41638463034548,0.438398237508032,0,0,1
227,asynchronous,EXT_201,EXT_120,"M=20,20,20,20,|T=0,0,0,0,|B=1,15,1,50;2,15,1,50;2,15,1,50;",3.05901693021306,1.08103053737561,0,1,0
227,asynchronous,EXT_201,EXT_021,"M=20,20,20,20,|T=0,0,0,0,|B=2,15,1,50;2,15,1,50;3,15,1,50;",3.05901693021306,1.08103053737561,0,0,1
227,asynchronous,EXT_201,EXT_102,"M=20,20,20,20,|T=0,0,0,0,|B=1,15,1,50;3,15,1,50;3,15,1,50;",1.97798639283745,-4.44089209850063e-16,0,0,0
227,asynchronous,EXT_201,EXT_012,"M=20,20,20,20,|T=0,0,0,0,|B=2,15,1,50;3,15,1,50;3,15,1,50;",2.21083775150789,0.23285135867044,0,0,1
227,high_noise,EXT_201,EXT_201,"M=20,20,20,20,|T=0,0,0,0,|B=1,15,1,50;1,15,1,50;3,15,1,50;",1.97798639283745,0,1,1,0
227,high_noise,EXT_201,EXT_210,"M=20,20,20,20,|T=0,0,0,0,|B=1,15,1,50;1,15,1,50;2,15,1,50;",2.21083775150789,0.232851358670439,0,1,0
227,high_noise,EXT_201,EXT_111,"M=20,20,20,20,|T=0,0,0,0,|B=1,15,1,50;2,15,1,50;3,15,1,50;",2.41638463034548,0.438398237508032,0,0,1
227,high_noise,EXT_201,EXT_120,"M=20,20,20,20,|T=0,0,0,0,|B=1,15,1,50;2,15,1,50;2,15,1,50;",3.05901693021306,1.08103053737561,0,1,0
227,high_noise,EXT_201,EXT_021,"M=20,20,20,20,|T=0,0,0,0,|B=2,15,1,50;2,15,1,50;3,15,1,50;",3.05901693021306,1.08103053737561,0,0,1
227,high_noise,EXT_201,EXT_102,"M=20,20,20,20,|T=0,0,0,0,|B=1,15,1,50;3,15,1,50;3,15,1,50;",1.97798639283745,-4.44089209850063e-16,0,0,0
227,high_noise,EXT_201,EXT_012,"M=20,20,20,20,|T=0,0,0,0,|B=2,15,1,50;3,15,1,50;3,15,1,50;",2.21083775150789,0.23285135867044,0,0,1
228,synchronous,EXT_201,EXT_201,"M=20,20,20,20,|T=0,0,0,0,|B=1,15,1,50;1,15,1,50;3,15,1,50;",1.64950152185723,0,1,1,1
228,synchronous,EXT_201,EXT_210,"M=20,20,20,20,|T=0,0,0,0,|B=1,15,1,50;1,15,1,50;2,15,1,50;",1.96379689682255,0.314295374965317,0,1,0
228,synchronous,EXT_201,EXT_111,"M=20,20,20,20,|T=0,0,0,0,|B=1,15,1,50;2,15,1,50;3,15,1,50;",2.19636068367403,0.546859161816792,0,1,0
228,synchronous,EXT_201,EXT_120,"M=20,20,20,20,|T=0,0,0,0,|B=1,15,1,50;2,15,1,50;2,15,1,50;",2.8695945625758,1.22009304071856,0,0,0
228,synchronous,EXT_201,EXT_021,"M=20,20,20,20,|T=0,0,0,0,|B=2,15,1,50;2,15,1,50;3,15,1,50;",2.8695945625758,1.22009304071856,0,0,0
228,synchronous,EXT_201,EXT_102,"M=20,20,20,20,|T=0,0,0,0,|B=1,15,1,50;3,15,1,50;3,15,1,50;",1.64950152185723,0,0,0,1
228,synchronous,EXT_201,EXT_012,"M=20,20,20,20,|T=0,0,0,0,|B=2,15,1,50;3,15,1,50;3,15,1,50;",1.96379689682255,0.314295374965317,0,0,1
228,asynchronous,EXT_201,EXT_201,"M=20,20,20,20,|T=0,0,0,0,|B=1,15,1,50;1,15,1,50;3,15,1,50;",1.64950152185723,0,1,1,1
228,asynchronous,EXT_201,EXT_210,"M=20,20,20,20,|T=0,0,0,0,|B=1,15,1,50;1,15,1,50;2,15,1,50;",1.96379689682255,0.314295374965317,0,1,0
228,asynchronous,EXT_201,EXT_111,"M=20,20,20,20,|T=0,0,0,0,|B=1,15,1,50;2,15,1,50;3,15,1,50;",2.19636068367403,0.546859161816792,0,1,0
228,asynchronous,EXT_201,EXT_120,"M=20,20,20,20,|T=0,0,0,0,|B=1,15,1,50;2,15,1,50;2,15,1,50;",2.8695945625758,1.22009304071856,0,0,0
228,asynchronous,EXT_201,EXT_021,"M=20,20,20,20,|T=0,0,0,0,|B=2,15,1,50;2,15,1,50;3,15,1,50;",2.8695945625758,1.22009304071856,0,0,0
228,asynchronous,EXT_201,EXT_102,"M=20,20,20,20,|T=0,0,0,0,|B=1,15,1,50;3,15,1,50;3,15,1,50;",1.64950152185723,0,0,0,1
228,asynchronous,EXT_201,EXT_012,"M=20,20,20,20,|T=0,0,0,0,|B=2,15,1,50;3,15,1,50;3,15,1,50;",1.96379689682255,0.314295374965317,0,0,1
228,high_noise,EXT_201,EXT_201,"M=20,20,20,20,|T=0,0,0,0,|B=1,15,1,50;1,15,1,50;3,15,1,50;",1.64950152185723,0,1,1,1
228,high_noise,EXT_201,EXT_210,"M=20,20,20,20,|T=0,0,0,0,|B=1,15,1,50;1,15,1,50;2,15,1,50;",1.96379689682255,0.314295374965317,0,1,0
228,high_noise,EXT_201,EXT_111,"M=20,20,20,20,|T=0,0,0,0,|B=1,15,1,50;2,15,1,50;3,15,1,50;",2.19636068367403,0.546859161816792,0,1,0
228,high_noise,EXT_201,EXT_120,"M=20,20,20,20,|T=0,0,0,0,|B=1,15,1,50;2,15,1,50;2,15,1,50;",2.8695945625758,1.22009304071856,0,0,0
228,high_noise,EXT_201,EXT_021,"M=20,20,20,20,|T=0,0,0,0,|B=2,15,1,50;2,15,1,50;3,15,1,50;",2.8695945625758,1.22009304071856,0,0,0
228,high_noise,EXT_201,EXT_102,"M=20,20,20,20,|T=0,0,0,0,|B=1,15,1,50;3,15,1,50;3,15,1,50;",1.64950152185723,0,0,0,1
228,high_noise,EXT_201,EXT_012,"M=20,20,20,20,|T=0,0,0,0,|B=2,15,1,50;3,15,1,50;3,15,1,50;",1.96379689682255,0.314295374965317,0,0,1
229,synchronous,EXT_201,EXT_201,"M=20,20,20,20,|T=0,0,0,0,|B=1,15,1,50;1,15,1,50;3,15,1,50;",1.89696071569938,0,1,1,0
229,synchronous,EXT_201,EXT_210,"M=20,20,20,20,|T=0,0,0,0,|B=1,15,1,50;1,15,1,50;2,15,1,50;",2.26899224487461,0.372031529175228,0,1,1
229,synchronous,EXT_201,EXT_111,"M=20,20,20,20,|T=0,0,0,0,|B=1,15,1,50;2,15,1,50;3,15,1,50;",2.43713514133855,0.540174425639165,0,1,0
229,synchronous,EXT_201,EXT_120,"M=20,20,20,20,|T=0,0,0,0,|B=1,15,1,50;2,15,1,50;2,15,1,50;",3.14128240123157,1.24432168553218,0,0,1
229,synchronous,EXT_201,EXT_021,"M=20,20,20,20,|T=0,0,0,0,|B=2,15,1,50;2,15,1,50;3,15,1,50;",3.14128240123157,1.24432168553218,0,0,0
229,synchronous,EXT_201,EXT_102,"M=20,20,20,20,|T=0,0,0,0,|B=1,15,1,50;3,15,1,50;3,15,1,50;",1.89696071569938,-2.22044604925031e-16,0,0,0
229,synchronous,EXT_201,EXT_012,"M=20,20,20,20,|T=0,0,0,0,|B=2,15,1,50;3,15,1,50;3,15,1,50;",2.26899224487461,0.372031529175228,0,0,1
229,asynchronous,EXT_201,EXT_201,"M=20,20,20,20,|T=0,0,0,0,|B=1,15,1,50;1,15,1,50;3,15,1,50;",1.89696071569938,0,1,1,0
229,asynchronous,EXT_201,EXT_210,"M=20,20,20,20,|T=0,0,0,0,|B=1,15,1,50;1,15,1,50;2,15,1,50;",2.26899224487461,0.372031529175228,0,1,1
229,asynchronous,EXT_201,EXT_111,"M=20,20,20,20,|T=0,0,0,0,|B=1,15,1,50;2,15,1,50;3,15,1,50;",2.43713514133855,0.540174425639165,0,1,0
229,asynchronous,EXT_201,EXT_120,"M=20,20,20,20,|T=0,0,0,0,|B=1,15,1,50;2,15,1,50;2,15,1,50;",3.14128240123157,1.24432168553218,0,0,1
229,asynchronous,EXT_201,EXT_021,"M=20,20,20,20,|T=0,0,0,0,|B=2,15,1,50;2,15,1,50;3,15,1,50;",3.14128240123157,1.24432168553218,0,0,0
229,asynchronous,EXT_201,EXT_102,"M=20,20,20,20,|T=0,0,0,0,|B=1,15,1,50;3,15,1,50;3,15,1,50;",1.89696071569938,-2.22044604925031e-16,0,0,0
229,asynchronous,EXT_201,EXT_012,"M=20,20,20,20,|T=0,0,0,0,|B=2,15,1,50;3,15,1,50;3,15,1,50;",2.26899224487461,0.372031529175228,0,0,1
229,high_noise,EXT_201,EXT_201,"M=20,20,20,20,|T=0,0,0,0,|B=1,15,1,50;1,15,1,50;3,15,1,50;",1.89696071569938,0,1,1,0
229,high_noise,EXT_201,EXT_210,"M=20,20,20,20,|T=0,0,0,0,|B=1,15,1,50;1,15,1,50;2,15,1,50;",2.26899224487461,0.372031529175228,0,1,1
229,high_noise,EXT_201,EXT_111,"M=20,20,20,20,|T=0,0,0,0,|B=1,15,1,50;2,15,1,50;3,15,1,50;",2.43713514133855,0.540174425639165,0,1,0
229,high_noise,EXT_201,EXT_120,"M=20,20,20,20,|T=0,0,0,0,|B=1,15,1,50;2,15,1,50;2,15,1,50;",3.14128240123157,1.24432168553218,0,0,1
229,high_noise,EXT_201,EXT_021,"M=20,20,20,20,|T=0,0,0,0,|B=2,15,1,50;2,15,1,50;3,15,1,50;",3.14128240123157,1.24432168553218,0,0,0
229,high_noise,EXT_201,EXT_102,"M=20,20,20,20,|T=0,0,0,0,|B=1,15,1,50;3,15,1,50;3,15,1,50;",1.89696071569938,-2.22044604925031e-16,0,0,0
229,high_noise,EXT_201,EXT_012,"M=20,20,20,20,|T=0,0,0,0,|B=2,15,1,50;3,15,1,50;3,15,1,50;",2.26899224487461,0.372031529175228,0,0,1
230,synchronous,EXT_201,EXT_201,"M=20,20,20,20,|T=0,0,0,0,|B=1,15,1,50;1,15,1,50;3,15,1,50;",1.19407662644552,0,1,1,0
230,synchronous,EXT_201,EXT_210,"M=20,20,20,20,|T=0,0,0,0,|B=1,15,1,50;1,15,1,50;2,15,1,50;",1.50859287405156,0.314516247606046,0,1,1
230,synchronous,EXT_201,EXT_111,"M=20,20,20,20,|T=0,0,0,0,|B=1,15,1,50;2,15,1,50;3,15,1,50;",1.76657821762858,0.572501591183059,0,1,0
230,synchronous,EXT_201,EXT_120,"M=20,20,20,20,|T=0,0,0,0,|B=1,15,1,50;2,15,1,50;2,15,1,50;",2.51542881713563,1.32135219069011,0,0,0
230,synchronous,EXT_201,EXT_021,"M=20,20,20,20,|T=0,0,0,0,|B=2,15,1,50;2,15,1,50;3,15,1,50;",2.51542881713563,1.32135219069011,0,0,1
230,synchronous,EXT_201,EXT_102,"M=20,20,20,20,|T=0,0,0,0,|B=1,15,1,50;3,15,1,50;3,15,1,50;",1.19407662644552,0,0,0,0
230,synchronous,EXT_201,EXT_012,"M=20,20,20,20,|T=0,0,0,0,|B=2,15,1,50;3,15,1,50;3,15,1,50;",1.50859287405156,0.314516247606046,0,0,1
230,asynchronous,EXT_201,EXT_201,"M=20,20,20,20,|T=0,0,0,0,|B=1,15,1,50;1,15,1,50;3,15,1,50;",1.19407662644552,0,1,1,0
230,asynchronous,EXT_201,EXT_210,"M=20,20,20,20,|T=0,0,0,0,|B=1,15,1,50;1,15,1,50;2,15,1,50;",1.50859287405156,0.314516247606046,0,1,1
230,asynchronous,EXT_201,EXT_111,"M=20,20,20,20,|T=0,0,0,0,|B=1,15,1,50;2,15,1,50;3,15,1,50;",1.76657821762858,0.572501591183059,0,1,0
230,asynchronous,EXT_201,EXT_120,"M=20,20,20,20,|T=0,0,0,0,|B=1,15,1,50;2,15,1,50;2,15,1,50;",2.51542881713563,1.32135219069011,0,0,0
230,asynchronous,EXT_201,EXT_021,"M=20,20,20,20,|T=0,0,0,0,|B=2,15,1,50;2,15,1,50;3,15,1,50;",2.51542881713563,1.32135219069011,0,0,1
230,asynchronous,EXT_201,EXT_102,"M=20,20,20,20,|T=0,0,0,0,|B=1,15,1,50;3,15,1,50;3,15,1,50;",1.19407662644552,0,0,0,0
230,asynchronous,EXT_201,EXT_012,"M=20,20,20,20,|T=0,0,0,0,|B=2,15,1,50;3,15,1,50;3,15,1,50;",1.50859287405156,0.314516247606046,0,0,1
230,high_noise,EXT_201,EXT_201,"M=20,20,20,20,|T=0,0,0,0,|B=1,15,1,50;1,15,1,50;3,15,1,50;",1.19407662644552,0,1,1,0
230,high_noise,EXT_201,EXT_210,"M=20,20,20,20,|T=0,0,0,0,|B=1,15,1,50;1,15,1,50;2,15,1,50;",1.50859287405156,0.314516247606046,0,1,1
230,high_noise,EXT_201,EXT_111,"M=20,20,20,20,|T=0,0,0,0,|B=1,15,1,50;2,15,1,50;3,15,1,50;",1.76657821762858,0.572501591183059,0,1,0
230,high_noise,EXT_201,EXT_120,"M=20,20,20,20,|T=0,0,0,0,|B=1,15,1,50;2,15,1,50;2,15,1,50;",2.51542881713563,1.32135219069011,0,0,0
230,high_noise,EXT_201,EXT_021,"M=20,20,20,20,|T=0,0,0,0,|B=2,15,1,50;2,15,1,50;3,15,1,50;",2.51542881713563,1.32135219069011,0,0,1
230,high_noise,EXT_201,EXT_102,"M=20,20,20,20,|T=0,0,0,0,|B=1,15,1,50;3,15,1,50;3,15,1,50;",1.19407662644552,0,0,0,0
230,high_noise,EXT_201,EXT_012,"M=20,20,20,20,|T=0,0,0,0,|B=2,15,1,50;3,15,1,50;3,15,1,50;",1.50859287405156,0.314516247606046,0,0,1
231,synchronous,EXT_201,EXT_201,"M=20,20,20,20,|T=0,0,0,0,|B=1,15,1,50;1,15,1,50;3,15,1,50;",2.83024785619126,0,1,1,0
231,synchronous,EXT_201,EXT_210,"M=20,20,20,20,|T=0,0,0,0,|B=1,15,1,50;1,15,1,50;2,15,1,50;",2.92680815074566,0.0965602945543944,0,1,0
231,synchronous,EXT_201,EXT_111,"M=20,20,20,20,|T=0,0,0,0,|B=1,15,1,50;2,15,1,50;3,15,1,50;",3.08720210133295,0.256954245141691,0,1,1
231,synchronous,EXT_201,EXT_120,"M=20,20,20,20,|T=0,0,0,0,|B=1,15,1,50;2,15,1,50;2,15,1,50;",3.48668327555305,0.656435419361789,0,0,0
231,synchronous,EXT_201,EXT_021,"M=20,20,20,20,|T=0,0,0,0,|B=2,15,1,50;2,15,1,50;3,15,1,50;",3.48668327555305,0.65643541936179,0,0,1
231,synchronous,EXT_201,EXT_102,"M=20,20,20,20,|T=0,0,0,0,|B=1,15,1,50;3,15,1,50;3,15,1,50;",2.83024785619126,-8.88178419700125e-16,0,0,0
231,synchronous,EXT_201,EXT_012,"M=20,20,20,20,|T=0,0,0,0,|B=2,15,1,50;3,15,1,50;3,15,1,50;",2.92680815074566,0.0965602945543953,0,0,1
231,asynchronous,EXT_201,EXT_201,"M=20,20,20,20,|T=0,0,0,0,|B=1,15,1,50;1,15,1,50;3,15,1,50;",2.83024785619126,0,1,1,0
231,asynchronous,EXT_201,EXT_210,"M=20,20,20,20,|T=0,0,0,0,|B=1,15,1,50;1,15,1,50;2,15,1,50;",2.92680815074566,0.0965602945543944,0,1,0
231,asynchronous,EXT_201,EXT_111,"M=20,20,20,20,|T=0,0,0,0,|B=1,15,1,50;2,15,1,50;3,15,1,50;",3.08720210133295,0.256954245141691,0,1,1
231,asynchronous,EXT_201,EXT_120,"M=20,20,20,20,|T=0,0,0,0,|B=1,15,1,50;2,15,1,50;2,15,1,50;",3.48668327555305,0.656435419361789,0,0,0
231,asynchronous,EXT_201,EXT_021,"M=20,20,20,20,|T=0,0,0,0,|B=2,15,1,50;2,15,1,50;3,15,1,50;",3.48668327555305,0.65643541936179,0,0,1
231,asynchronous,EXT_201,EXT_102,"M=20,20,20,20,|T=0,0,0,0,|B=1,15,1,50;3,15,1,50;3,15,1,50;",2.83024785619126,-8.88178419700125e-16,0,0,0
231,asynchronous,EXT_201,EXT_012,"M=20,20,20,20,|T=0,0,0,0,|B=2,15,1,50;3,15,1,50;3,15,1,50;",2.92680815074566,0.0965602945543953,0,0,1
231,high_noise,EXT_201,EXT_201,"M=20,20,20,20,|T=0,0,0,0,|B=1,15,1,50;1,15,1,50;3,15,1,50;",2.83024785619126,0,1,1,0
231,high_noise,EXT_201,EXT_210,"M=20,20,20,20,|T=0,0,0,0,|B=1,15,1,50;1,15,1,50;2,15,1,50;",2.92680815074566,0.0965602945543944,0,1,0
231,high_noise,EXT_201,EXT_111,"M=20,20,20,20,|T=0,0,0,0,|B=1,15,1,50;2,15,1,50;3,15,1,50;",3.08720210133295,0.256954245141691,0,1,1
231,high_noise,EXT_201,EXT_120,"M=20,20,20,20,|T=0,0,0,0,|B=1,15,1,50;2,15,1,50;2,15,1,50;",3.48668327555305,0.656435419361789,0,0,0
231,high_noise,EXT_201,EXT_021,"M=20,20,20,20,|T=0,0,0,0,|B=2,15,1,50;2,15,1,50;3,15,1,50;",3.48668327555305,0.65643541936179,0,0,1
231,high_noise,EXT_201,EXT_102,"M=20,20,20,20,|T=0,0,0,0,|B=1,15,1,50;3,15,1,50;3,15,1,50;",2.83024785619126,-8.88178419700125e-16,0,0,0
231,high_noise,EXT_201,EXT_012,"M=20,20,20,20,|T=0,0,0,0,|B=2,15,1,50;3,15,1,50;3,15,1,50;",2.92680815074566,0.0965602945543953,0,0,1
232,synchronous,EXT_201,EXT_201,"M=20,20,20,20,|T=0,0,0,0,|B=1,15,1,50;1,15,1,50;3,15,1,50;",2.29787743659456,0,1,1,0
232,synchronous,EXT_201,EXT_210,"M=20,20,20,20,|T=0,0,0,0,|B=1,15,1,50;1,15,1,50;2,15,1,50;",2.47401800516228,0.17614056856772,0,1,1
232,synchronous,EXT_201,EXT_111,"M=20,20,20,20,|T=0,0,0,0,|B=1,15,1,50;2,15,1,50;3,15,1,50;",2.66499374133022,0.367116304735664,0,1,0
232,synchronous,EXT_201,EXT_120,"M=20,20,20,20,|T=0,0,0,0,|B=1,15,1,50;2,15,1,50;2,15,1,50;",3.21226414105385,0.91438670445929,0,0,1
232,synchronous,EXT_201,EXT_021,"M=20,20,20,20,|T=0,0,0,0,|B=2,15,1,50;2,15,1,50;3,15,1,50;",3.21226414105385,0.914386704459291,0,0,0
232,synchronous,EXT_201,EXT_102,"M=20,20,20,20,|T=0,0,0,0,|B=1,15,1,50;3,15,1,50;3,15,1,50;",2.29787743659456,-4.44089209850063e-16,0,0,0
232,synchronous,EXT_201,EXT_012,"M=20,20,20,20,|T=0,0,0,0,|B=2,15,1,50;3,15,1,50;3,15,1,50;",2.47401800516228,0.176140568567721,0,0,1
232,asynchronous,EXT_201,EXT_201,"M=20,20,20,20,|T=0,0,0,0,|B=1,15,1,50;1,15,1,50;3,15,1,50;",2.29787743659456,0,1,1,0
232,asynchronous,EXT_201,EXT_210,"M=20,20,20,20,|T=0,0,0,0,|B=1,15,1,50;1,15,1,50;2,15,1,50;",2.47401800516228,0.17614056856772,0,1,1
232,asynchronous,EXT_201,EXT_111,"M=20,20,20,20,|T=0,0,0,0,|B=1,15,1,50;2,15,1,50;3,15,1,50;",2.66499374133022,0.367116304735664,0,1,0
232,asynchronous,EXT_201,EXT_120,"M=20,20,20,20,|T=0,0,0,0,|B=1,15,1,50;2,15,1,50;2,15,1,50;",3.21226414105385,0.91438670445929,0,0,1
232,asynchronous,EXT_201,EXT_021,"M=20,20,20,20,|T=0,0,0,0,|B=2,15,1,50;2,15,1,50;3,15,1,50;",3.21226414105385,0.914386704459291,0,0,0
232,asynchronous,EXT_201,EXT_102,"M=20,20,20,20,|T=0,0,0,0,|B=1,15,1,50;3,15,1,50;3,15,1,50;",2.29787743659456,-4.44089209850063e-16,0,0,0
232,asynchronous,EXT_201,EXT_012,"M=20,20,20,20,|T=0,0,0,0,|B=2,15,1,50;3,15,1,50;3,15,1,50;",2.47401800516228,0.176140568567721,0,0,1
232,high_noise,EXT_201,EXT_201,"M=20,20,20,20,|T=0,0,0,0,|B=1,15,1,50;1,15,1,50;3,15,1,50;",2.29787743659456,0,1,1,0
232,high_noise,EXT_201,EXT_210,"M=20,20,20,20,|T=0,0,0,0,|B=1,15,1,50;1,15,1,50;2,15,1,50;",2.47401800516228,0.17614056856772,0,1,1
232,high_noise,EXT_201,EXT_111,"M=20,20,20,20,|T=0,0,0,0,|B=1,15,1,50;2,15,1,50;3,15,1,50;",2.66499374133022,0.367116304735664,0,1,0
232,high_noise,EXT_201,EXT_120,"M=20,20,20,20,|T=0,0,0,0,|B=1,15,1,50;2,15,1,50;2,15,1,50;",3.21226414105385,0.91438670445929,0,0,1
232,high_noise,EXT_201,EXT_021,"M=20,20,20,20,|T=0,0,0,0,|B=2,15,1,50;2,15,1,50;3,15,1,50;",3.21226414105385,0.914386704459291,0,0,0
232,high_noise,EXT_201,EXT_102,"M=20,20,20,20,|T=0,0,0,0,|B=1,15,1,50;3,15,1,50;3,15,1,50;",2.29787743659456,-4.44089209850063e-16,0,0,0
232,high_noise,EXT_201,EXT_012,"M=20,20,20,20,|T=0,0,0,0,|B=2,15,1,50;3,15,1,50;3,15,1,50;",2.47401800516228,0.176140568567721,0,0,1
233,synchronous,EXT_201,EXT_201,"M=20,20,20,20,|T=0,0,0,0,|B=1,15,1,50;1,15,1,50;3,15,1,50;",0.95213620936827,0,1,1,1
233,synchronous,EXT_201,EXT_210,"M=20,20,20,20,|T=0,0,0,0,|B=1,15,1,50;1,15,1,50;2,15,1,50;",1.46793129375909,0.515795084390816,0,1,0
233,synchronous,EXT_201,EXT_111,"M=20,20,20,20,|T=0,0,0,0,|B=1,15,1,50;2,15,1,50;3,15,1,50;",1.79163528589152,0.839499076523249,0,1,0
233,synchronous,EXT_201,EXT_120,"M=20,20,20,20,|T=0,0,0,0,|B=1,15,1,50;2,15,1,50;2,15,1,50;",2.60082961000503,1.64869340063677,0,0,0
233,synchronous,EXT_201,EXT_021,"M=20,20,20,20,|T=0,0,0,0,|B=2,15,1,50;2,15,1,50;3,15,1,50;",2.60082961000504,1.64869340063677,0,0,0
233,synchronous,EXT_201,EXT_102,"M=20,20,20,20,|T=0,0,0,0,|B=1,15,1,50;3,15,1,50;3,15,1,50;",0.95213620936827,4.44089209850063e-16,0,0,1
233,synchronous,EXT_201,EXT_012,"M=20,20,20,20,|T=0,0,0,0,|B=2,15,1,50;3,15,1,50;3,15,1,50;",1.46793129375909,0.515795084390816,0,0,1
233,asynchronous,EXT_201,EXT_201,"M=20,20,20,20,|T=0,0,0,0,|B=1,15,1,50;1,15,1,50;3,15,1,50;",0.95213620936827,0,1,1,1
233,asynchronous,EXT_201,EXT_210,"M=20,20,20,20,|T=0,0,0,0,|B=1,15,1,50;1,15,1,50;2,15,1,50;",1.46793129375909,0.515795084390816,0,1,0
233,asynchronous,EXT_201,EXT_111,"M=20,20,20,20,|T=0,0,0,0,|B=1,15,1,50;2,15,1,50;3,15,1,50;",1.79163528589152,0.839499076523249,0,1,0
233,asynchronous,EXT_201,EXT_120,"M=20,20,20,20,|T=0,0,0,0,|B=1,15,1,50;2,15,1,50;2,15,1,50;",2.60082961000503,1.64869340063677,0,0,0
233,asynchronous,EXT_201,EXT_021,"M=20,20,20,20,|T=0,0,0,0,|B=2,15,1,50;2,15,1,50;3,15,1,50;",2.60082961000504,1.64869340063677,0,0,0
233,asynchronous,EXT_201,EXT_102,"M=20,20,20,20,|T=0,0,0,0,|B=1,15,1,50;3,15,1,50;3,15,1,50;",0.95213620936827,4.44089209850063e-16,0,0,1
233,asynchronous,EXT_201,EXT_012,"M=20,20,20,20,|T=0,0,0,0,|B=2,15,1,50;3,15,1,50;3,15,1,50;",1.46793129375909,0.515795084390816,0,0,1
233,high_noise,EXT_201,EXT_201,"M=20,20,20,20,|T=0,0,0,0,|B=1,15,1,50;1,15,1,50;3,15,1,50;",0.95213620936827,0,1,1,1
233,high_noise,EXT_201,EXT_210,"M=20,20,20,20,|T=0,0,0,0,|B=1,15,1,50;1,15,1,50;2,15,1,50;",1.46793129375909,0.515795084390816,0,1,0
233,high_noise,EXT_201,EXT_111,"M=20,20,20,20,|T=0,0,0,0,|B=1,15,1,50;2,15,1,50;3,15,1,50;",1.79163528589152,0.839499076523249,0,1,0
233,high_noise,EXT_201,EXT_120,"M=20,20,20,20,|T=0,0,0,0,|B=1,15,1,50;2,15,1,50;2,15,1,50;",2.60082961000503,1.64869340063677,0,0,0
233,high_noise,EXT_201,EXT_021,"M=20,20,20,20,|T=0,0,0,0,|B=2,15,1,50;2,15,1,50;3,15,1,50;",2.60082961000504,1.64869340063677,0,0,0
233,high_noise,EXT_201,EXT_102,"M=20,20,20,20,|T=0,0,0,0,|B=1,15,1,50;3,15,1,50;3,15,1,50;",0.95213620936827,4.44089209850063e-16,0,0,1
233,high_noise,EXT_201,EXT_012,"M=20,20,20,20,|T=0,0,0,0,|B=2,15,1,50;3,15,1,50;3,15,1,50;",1.46793129375909,0.515795084390816,0,0,1
234,synchronous,EXT_201,EXT_201,"M=20,20,20,20,|T=0,0,0,0,|B=1,15,1,50;1,15,1,50;3,15,1,50;",1.4369549716132,0,1,1,1
234,synchronous,EXT_201,EXT_210,"M=20,20,20,20,|T=0,0,0,0,|B=1,15,1,50;1,15,1,50;2,15,1,50;",1.76997619495651,0.333021223343311,0,1,0
234,synchronous,EXT_201,EXT_111,"M=20,20,20,20,|T=0,0,0,0,|B=1,15,1,50;2,15,1,50;3,15,1,50;",2.03493614741559,0.597981175802394,0,1,0
234,synchronous,EXT_201,EXT_120,"M=20,20,20,20,|T=0,0,0,0,|B=1,15,1,50;2,15,1,50;2,15,1,50;",2.73227586526755,1.29532089365435,0,0,0
234,synchronous,EXT_201,EXT_021,"M=20,20,20,20,|T=0,0,0,0,|B=2,15,1,50;2,15,1,50;3,15,1,50;",2.73227586526755,1.29532089365435,0,0,0
234,synchronous,EXT_201,EXT_102,"M=20,20,20,20,|T=0,0,0,0,|B=1,15,1,50;3,15,1,50;3,15,1,50;",1.4369549716132,-4.44089209850063e-16,0,0,1
234,synchronous,EXT_201,EXT_012,"M=20,20,20,20,|T=0,0,0,0,|B=2,15,1,50;3,15,1,50;3,15,1,50;",1.76997619495651,0.333021223343311,0,0,1
234,asynchronous,EXT_201,EXT_201,"M=20,20,20,20,|T=0,0,0,0,|B=1,15,1,50;1,15,1,50;3,15,1,50;",1.4369549716132,0,1,1,1
234,asynchronous,EXT_201,EXT_210,"M=20,20,20,20,|T=0,0,0,0,|B=1,15,1,50;1,15,1,50;2,15,1,50;",1.76997619495651,0.333021223343311,0,1,0
234,asynchronous,EXT_201,EXT_111,"M=20,20,20,20,|T=0,0,0,0,|B=1,15,1,50;2,15,1,50;3,15,1,50;",2.03493614741559,0.597981175802394,0,0,0
234,asynchronous,EXT_201,EXT_120,"M=20,20,20,20,|T=0,0,0,0,|B=1,15,1,50;2,15,1,50;2,15,1,50;",2.73227586526755,1.29532089365435,0,1,0
234,asynchronous,EXT_201,EXT_021,"M=20,20,20,20,|T=0,0,0,0,|B=2,15,1,50;2,15,1,50;3,15,1,50;",2.73227586526755,1.29532089365435,0,0,0
234,asynchronous,EXT_201,EXT_102,"M=20,20,20,20,|T=0,0,0,0,|B=1,15,1,50;3,15,1,50;3,15,1,50;",1.4369549716132,-4.44089209850063e-16,0,0,1
234,asynchronous,EXT_201,EXT_012,"M=20,20,20,20,|T=0,0,0,0,|B=2,15,1,50;3,15,1,50;3,15,1,50;",1.76997619495651,0.333021223343311,0,0,1
234,high_noise,EXT_201,EXT_201,"M=20,20,20,20,|T=0,0,0,0,|B=1,15,1,50;1,15,1,50;3,15,1,50;",1.4369549716132,0,1,1,1
234,high_noise,EXT_201,EXT_210,"M=20,20,20,20,|T=0,0,0,0,|B=1,15,1,50;1,15,1,50;2,15,1,50;",1.76997619495651,0.333021223343311,0,1,0
234,high_noise,EXT_201,EXT_111,"M=20,20,20,20,|T=0,0,0,0,|B=1,15,1,50;2,15,1,50;3,15,1,50;",2.03493614741559,0.597981175802394,0,0,0
234,high_noise,EXT_201,EXT_120,"M=20,20,20,20,|T=0,0,0,0,|B=1,15,1,50;2,15,1,50;2,15,1,50;",2.73227586526755,1.29532089365435,0,1,0
234,high_noise,EXT_201,EXT_021,"M=20,20,20,20,|T=0,0,0,0,|B=2,15,1,50;2,15,1,50;3,15,1,50;",2.73227586526755,1.29532089365435,0,0,0
234,high_noise,EXT_201,EXT_102,"M=20,20,20,20,|T=0,0,0,0,|B=1,15,1,50;3,15,1,50;3,15,1,50;",1.4369549716132,-4.44089209850063e-16,0,0,1
234,high_noise,EXT_201,EXT_012,"M=20,20,20,20,|T=0,0,0,0,|B=2,15,1,50;3,15,1,50;3,15,1,50;",1.76997619495651,0.333021223343311,0,0,1
235,synchronous,EXT_201,EXT_201,"M=20,20,20,20,|T=0,0,0,0,|B=1,15,1,50;1,15,1,50;3,15,1,50;",2.75823352509359,0,1,1,1
235,synchronous,EXT_201,EXT_210,"M=20,20,20,20,|T=0,0,0,0,|B=1,15,1,50;1,15,1,50;2,15,1,50;",2.98709766237819,0.2288641372846,0,1,0
235,synchronous,EXT_201,EXT_111,"M=20,20,20,20,|T=0,0,0,0,|B=1,15,1,50;2,15,1,50;3,15,1,50;",3.06477355532912,0.306540030235528,0,1,1
235,synchronous,EXT_201,EXT_120,"M=20,20,20,20,|T=0,0,0,0,|B=1,15,1,50;2,15,1,50;2,15,1,50;",3.64155193026167,0.883318405168087,0,0,0
235,synchronous,EXT_201,EXT_021,"M=20,20,20,20,|T=0,0,0,0,|B=2,15,1,50;2,15,1,50;3,15,1,50;",3.64155193026167,0.883318405168087,0,0,1
235,synchronous,EXT_201,EXT_102,"M=20,20,20,20,|T=0,0,0,0,|B=1,15,1,50;3,15,1,50;3,15,1,50;",2.75823352509359,8.88178419700125e-16,0,0,0
235,synchronous,EXT_201,EXT_012,"M=20,20,20,20,|T=0,0,0,0,|B=2,15,1,50;3,15,1,50;3,15,1,50;",2.98709766237819,0.2288641372846,0,0,0
235,asynchronous,EXT_201,EXT_201,"M=20,20,20,20,|T=0,0,0,0,|B=1,15,1,50;1,15,1,50;3,15,1,50;",2.75823352509359,0,1,1,1
235,asynchronous,EXT_201,EXT_210,"M=20,20,20,20,|T=0,0,0,0,|B=1,15,1,50;1,15,1,50;2,15,1,50;",2.98709766237819,0.2288641372846,0,1,0
235,asynchronous,EXT_201,EXT_111,"M=20,20,20,20,|T=0,0,0,0,|B=1,15,1,50;2,15,1,50;3,15,1,50;",3.06477355532912,0.306540030235528,0,1,1
235,asynchronous,EXT_201,EXT_120,"M=20,20,20,20,|T=0,0,0,0,|B=1,15,1,50;2,15,1,50;2,15,1,50;",3.64155193026167,0.883318405168087,0,0,0
235,asynchronous,EXT_201,EXT_021,"M=20,20,20,20,|T=0,0,0,0,|B=2,15,1,50;2,15,1,50;3,15,1,50;",3.64155193026167,0.883318405168087,0,0,1
235,asynchronous,EXT_201,EXT_102,"M=20,20,20,20,|T=0,0,0,0,|B=1,15,1,50;3,15,1,50;3,15,1,50;",2.75823352509359,8.88178419700125e-16,0,0,0
235,asynchronous,EXT_201,EXT_012,"M=20,20,20,20,|T=0,0,0,0,|B=2,15,1,50;3,15,1,50;3,15,1,50;",2.98709766237819,0.2288641372846,0,0,0
235,high_noise,EXT_201,EXT_201,"M=20,20,20,20,|T=0,0,0,0,|B=1,15,1,50;1,15,1,50;3,15,1,50;",2.75823352509359,0,1,1,1
235,high_noise,EXT_201,EXT_210,"M=20,20,20,20,|T=0,0,0,0,|B=1,15,1,50;1,15,1,50;2,15,1,50;",2.98709766237819,0.2288641372846,0,1,0
235,high_noise,EXT_201,EXT_111,"M=20,20,20,20,|T=0,0,0,0,|B=1,15,1,50;2,15,1,50;3,15,1,50;",3.06477355532912,0.306540030235528,0,1,1
235,high_noise,EXT_201,EXT_120,"M=20,20,20,20,|T=0,0,0,0,|B=1,15,1,50;2,15,1,50;2,15,1,50;",3.64155193026167,0.883318405168087,0,0,0
235,high_noise,EXT_201,EXT_021,"M=20,20,20,20,|T=0,0,0,0,|B=2,15,1,50;2,15,1,50;3,15,1,50;",3.64155193026167,0.883318405168087,0,0,1
235,high_noise,EXT_201,EXT_102,"M=20,20,20,20,|T=0,0,0,0,|B=1,15,1,50;3,15,1,50;3,15,1,50;",2.75823352509359,8.88178419700125e-16,0,0,0
235,high_noise,EXT_201,EXT_012,"M=20,20,20,20,|T=0,0,0,0,|B=2,15,1,50;3,15,1,50;3,15,1,50;",2.98709766237819,0.2288641372846,0,0,0
236,synchronous,EXT_201,EXT_201,"M=20,20,20,20,|T=0,0,0,0,|B=1,15,1,50;1,15,1,50;3,15,1,50;",1.8870104935603,0,1,1,1
236,synchronous,EXT_201,EXT_210,"M=20,20,20,20,|T=0,0,0,0,|B=1,15,1,50;1,15,1,50;2,15,1,50;",2.08643827122531,0.199427777665013,0,1,0
236,synchronous,EXT_201,EXT_111,"M=20,20,20,20,|T=0,0,0,0,|B=1,15,1,50;2,15,1,50;3,15,1,50;",2.33216953320883,0.445159039648534,0,1,1
236,synchronous,EXT_201,EXT_120,"M=20,20,20,20,|T=0,0,0,0,|B=1,15,1,50;2,15,1,50;2,15,1,50;",2.92109032056199,1.03407982700169,0,0,1
236,synchronous,EXT_201,EXT_021,"M=20,20,20,20,|T=0,0,0,0,|B=2,15,1,50;2,15,1,50;3,15,1,50;",2.92109032056199,1.03407982700169,0,0,0
236,synchronous,EXT_201,EXT_102,"M=20,20,20,20,|T=0,0,0,0,|B=1,15,1,50;3,15,1,50;3,15,1,50;",1.8870104935603,-6.66133814775094e-16,0,0,0
236,synchronous,EXT_201,EXT_012,"M=20,20,20,20,|T=0,0,0,0,|B=2,15,1,50;3,15,1,50;3,15,1,50;",2.08643827122531,0.199427777665013,0,0,0
236,asynchronous,EXT_201,EXT_201,"M=20,20,20,20,|T=0,0,0,0,|B=1,15,1,50;1,15,1,50;3,15,1,50;",1.8870104935603,0,1,1,1
236,asynchronous,EXT_201,EXT_210,"M=20,20,20,20,|T=0,0,0,0,|B=1,15,1,50;1,15,1,50;2,15,1,50;",2.08643827122531,0.199427777665013,0,1,0
236,asynchronous,EXT_201,EXT_111,"M=20,20,20,20,|T=0,0,0,0,|B=1,15,1,50;2,15,1,50;3,15,1,50;",2.33216953320883,0.445159039648534,0,1,1
236,asynchronous,EXT_201,EXT_120,"M=20,20,20,20,|T=0,0,0,0,|B=1,15,1,50;2,15,1,50;2,15,1,50;",2.92109032056199,1.03407982700169,0,0,1
236,asynchronous,EXT_201,EXT_021,"M=20,20,20,20,|T=0,0,0,0,|B=2,15,1,50;2,15,1,50;3,15,1,50;",2.92109032056199,1.03407982700169,0,0,0
236,asynchronous,EXT_201,EXT_102,"M=20,20,20,20,|T=0,0,0,0,|B=1,15,1,50;3,15,1,50;3,15,1,50;",1.8870104935603,-6.66133814775094e-16,0,0,0
236,asynchronous,EXT_201,EXT_012,"M=20,20,20,20,|T=0,0,0,0,|B=2,15,1,50;3,15,1,50;3,15,1,50;",2.08643827122531,0.199427777665013,0,0,0
236,high_noise,EXT_201,EXT_201,"M=20,20,20,20,|T=0,0,0,0,|B=1,15,1,50;1,15,1,50;3,15,1,50;",1.8870104935603,0,1,1,1
236,high_noise,EXT_201,EXT_210,"M=20,20,20,20,|T=0,0,0,0,|B=1,15,1,50;1,15,1,50;2,15,1,50;",2.08643827122531,0.199427777665013,0,1,0
236,high_noise,EXT_201,EXT_111,"M=20,20,20,20,|T=0,0,0,0,|B=1,15,1,50;2,15,1,50;3,15,1,50;",2.33216953320883,0.445159039648534,0,1,1
236,high_noise,EXT_201,EXT_120,"M=20,20,20,20,|T=0,0,0,0,|B=1,15,1,50;2,15,1,50;2,15,1,50;",2.92109032056199,1.03407982700169,0,0,1
236,high_noise,EXT_201,EXT_021,"M=20,20,20,20,|T=0,0,0,0,|B=2,15,1,50;2,15,1,50;3,15,1,50;",2.92109032056199,1.03407982700169,0,0,0
236,high_noise,EXT_201,EXT_102,"M=20,20,20,20,|T=0,0,0,0,|B=1,15,1,50;3,15,1,50;3,15,1,50;",1.8870104935603,-6.66133814775094e-16,0,0,0
236,high_noise,EXT_201,EXT_012,"M=20,20,20,20,|T=0,0,0,0,|B=2,15,1,50;3,15,1,50;3,15,1,50;",2.08643827122531,0.199427777665013,0,0,0
237,synchronous,EXT_201,EXT_201,"M=20,20,20,20,|T=0,0,0,0,|B=1,15,1,50;1,15,1,50;3,15,1,50;",3.52507626127495,0,1,1,0
237,synchronous,EXT_201,EXT_210,"M=20,20,20,20,|T=0,0,0,0,|B=1,15,1,50;1,15,1,50;2,15,1,50;",3.67281380378064,0.147737542505698,0,1,1
237,synchronous,EXT_201,EXT_111,"M=20,20,20,20,|T=0,0,0,0,|B=1,15,1,50;2,15,1,50;3,15,1,50;",3.76859501509923,0.243518753824278,0,1,0
237,synchronous,EXT_201,EXT_120,"M=20,20,20,20,|T=0,0,0,0,|B=1,15,1,50;2,15,1,50;2,15,1,50;",4.20871835021349,0.683642088938542,0,0,0
237,synchronous,EXT_201,EXT_021,"M=20,20,20,20,|T=0,0,0,0,|B=2,15,1,50;2,15,1,50;3,15,1,50;",4.20871835021349,0.683642088938542,0,0,1
237,synchronous,EXT_201,EXT_102,"M=20,20,20,20,|T=0,0,0,0,|B=1,15,1,50;3,15,1,50;3,15,1,50;",3.52507626127495,0,0,0,0
237,synchronous,EXT_201,EXT_012,"M=20,20,20,20,|T=0,0,0,0,|B=2,15,1,50;3,15,1,50;3,15,1,50;",3.67281380378064,0.147737542505698,0,0,1
237,asynchronous,EXT_201,EXT_201,"M=20,20,20,20,|T=0,0,0,0,|B=1,15,1,50;1,15,1,50;3,15,1,50;",3.52507626127495,0,1,1,0
237,asynchronous,EXT_201,EXT_210,"M=20,20,20,20,|T=0,0,0,0,|B=1,15,1,50;1,15,1,50;2,15,1,50;",3.67281380378064,0.147737542505698,0,1,1
237,asynchronous,EXT_201,EXT_111,"M=20,20,20,20,|T=0,0,0,0,|B=1,15,1,50;2,15,1,50;3,15,1,50;",3.76859501509923,0.243518753824278,0,0,0
237,asynchronous,EXT_201,EXT_120,"M=20,20,20,20,|T=0,0,0,0,|B=1,15,1,50;2,15,1,50;2,15,1,50;",4.20871835021349,0.683642088938542,0,1,0
237,asynchronous,EXT_201,EXT_021,"M=20,20,20,20,|T=0,0,0,0,|B=2,15,1,50;2,15,1,50;3,15,1,50;",4.20871835021349,0.683642088938542,0,0,1
237,asynchronous,EXT_201,EXT_102,"M=20,20,20,20,|T=0,0,0,0,|B=1,15,1,50;3,15,1,50;3,15,1,50;",3.52507626127495,0,0,0,0
237,asynchronous,EXT_201,EXT_012,"M=20,20,20,20,|T=0,0,0,0,|B=2,15,1,50;3,15,1,50;3,15,1,50;",3.67281380378064,0.147737542505698,0,0,1
237,high_noise,EXT_201,EXT_201,"M=20,20,20,20,|T=0,0,0,0,|B=1,15,1,50;1,15,1,50;3,15,1,50;",3.52507626127495,0,1,1,0
237,high_noise,EXT_201,EXT_210,"M=20,20,20,20,|T=0,0,0,0,|B=1,15,1,50;1,15,1,50;2,15,1,50;",3.67281380378064,0.147737542505698,0,1,1
237,high_noise,EXT_201,EXT_111,"M=20,20,20,20,|T=0,0,0,0,|B=1,15,1,50;2,15,1,50;3,15,1,50;",3.76859501509923,0.243518753824278,0,0,0
237,high_noise,EXT_201,EXT_120,"M=20,20,20,20,|T=0,0,0,0,|B=1,15,1,50;2,15,1,50;2,15,1,50;",4.20871835021349,0.683642088938542,0,1,0
237,high_noise,EXT_201,EXT_021,"M=20,20,20,20,|T=0,0,0,0,|B=2,15,1,50;2,15,1,50;3,15,1,50;",4.20871835021349,0.683642088938542,0,0,1
237,high_noise,EXT_201,EXT_102,"M=20,20,20,20,|T=0,0,0,0,|B=1,15,1,50;3,15,1,50;3,15,1,50;",3.52507626127495,0,0,0,0
237,high_noise,EXT_201,EXT_012,"M=20,20,20,20,|T=0,0,0,0,|B=2,15,1,50;3,15,1,50;3,15,1,50;",3.67281380378064,0.147737542505698,0,0,1
238,synchronous,EXT_201,EXT_201,"M=20,20,20,20,|T=0,0,0,0,|B=1,15,1,50;1,15,1,50;3,15,1,50;",2.19368185503412,0,1,1,0
238,synchronous,EXT_201,EXT_210,"M=20,20,20,20,|T=0,0,0,0,|B=1,15,1,50;1,15,1,50;2,15,1,50;",2.43855861396733,0.24487675893321,0,1,1
238,synchronous,EXT_201,EXT_111,"M=20,20,20,20,|T=0,0,0,0,|B=1,15,1,50;2,15,1,50;3,15,1,50;",2.53867217929118,0.344990324257062,0,1,0
238,synchronous,EXT_201,EXT_120,"M=20,20,20,20,|T=0,0,0,0,|B=1,15,1,50;2,15,1,50;2,15,1,50;",3.21980654173319,1.02612468669908,0,0,0
238,synchronous,EXT_201,EXT_021,"M=20,20,20,20,|T=0,0,0,0,|B=2,15,1,50;2,15,1,50;3,15,1,50;",3.21980654173319,1.02612468669908,0,0,0
238,synchronous,EXT_201,EXT_102,"M=20,20,20,20,|T=0,0,0,0,|B=1,15,1,50;3,15,1,50;3,15,1,50;",2.19368185503412,4.44089209850063e-16,0,0,1
238,synchronous,EXT_201,EXT_012,"M=20,20,20,20,|T=0,0,0,0,|B=2,15,1,50;3,15,1,50;3,15,1,50;",2.43855861396733,0.24487675893321,0,0,1
238,asynchronous,EXT_201,EXT_201,"M=20,20,20,20,|T=0,0,0,0,|B=1,15,1,50;1,15,1,50;3,15,1,50;",2.19368185503412,0,1,1,0
238,asynchronous,EXT_201,EXT_210,"M=20,20,20,20,|T=0,0,0,0,|B=1,15,1,50;1,15,1,50;2,15,1,50;",2.43855861396733,0.24487675893321,0,1,1
238,asynchronous,EXT_201,EXT_111,"M=20,20,20,20,|T=0,0,0,0,|B=1,15,1,50;2,15,1,50;3,15,1,50;",2.53867217929118,0.344990324257062,0,0,0
238,asynchronous,EXT_201,EXT_120,"M=20,20,20,20,|T=0,0,0,0,|B=1,15,1,50;2,15,1,50;2,15,1,50;",3.21980654173319,1.02612468669908,0,1,0
238,asynchronous,EXT_201,EXT_021,"M=20,20,20,20,|T=0,0,0,0,|B=2,15,1,50;2,15,1,50;3,15,1,50;",3.21980654173319,1.02612468669908,0,0,0
238,asynchronous,EXT_201,EXT_102,"M=20,20,20,20,|T=0,0,0,0,|B=1,15,1,50;3,15,1,50;3,15,1,50;",2.19368185503412,4.44089209850063e-16,0,0,1
238,asynchronous,EXT_201,EXT_012,"M=20,20,20,20,|T=0,0,0,0,|B=2,15,1,50;3,15,1,50;3,15,1,50;",2.43855861396733,0.24487675893321,0,0,1
238,high_noise,EXT_201,EXT_201,"M=20,20,20,20,|T=0,0,0,0,|B=1,15,1,50;1,15,1,50;3,15,1,50;",2.19368185503412,0,1,1,0
238,high_noise,EXT_201,EXT_210,"M=20,20,20,20,|T=0,0,0,0,|B=1,15,1,50;1,15,1,50;2,15,1,50;",2.43855861396733,0.24487675893321,0,1,1
238,high_noise,EXT_201,EXT_111,"M=20,20,20,20,|T=0,0,0,0,|B=1,15,1,50;2,15,1,50;3,15,1,50;",2.53867217929118,0.344990324257062,0,0,0
238,high_noise,EXT_201,EXT_120,"M=20,20,20,20,|T=0,0,0,0,|B=1,15,1,50;2,15,1,50;2,15,1,50;",3.21980654173319,1.02612468669908,0,1,0
238,high_noise,EXT_201,EXT_021,"M=20,20,20,20,|T=0,0,0,0,|B=2,15,1,50;2,15,1,50;3,15,1,50;",3.21980654173319,1.02612468669908,0,0,0
238,high_noise,EXT_201,EXT_102,"M=20,20,20,20,|T=0,0,0,0,|B=1,15,1,50;3,15,1,50;3,15,1,50;",2.19368185503412,4.44089209850063e-16,0,0,1
238,high_noise,EXT_201,EXT_012,"M=20,20,20,20,|T=0,0,0,0,|B=2,15,1,50;3,15,1,50;3,15,1,50;",2.43855861396733,0.24487675893321,0,0,1
239,synchronous,EXT_201,EXT_201,"M=20,20,20,20,|T=0,0,0,0,|B=1,15,1,50;1,15,1,50;3,15,1,50;",1.79189553133876,0,1,1,0
239,synchronous,EXT_201,EXT_210,"M=20,20,20,20,|T=0,0,0,0,|B=1,15,1,50;1,15,1,50;2,15,1,50;",2.1025900045913,0.310694473252544,0,1,1
239,synchronous,EXT_201,EXT_111,"M=20,20,20,20,|T=0,0,0,0,|B=1,15,1,50;2,15,1,50;3,15,1,50;",2.27260281659155,0.48070728525279,0,1,0
239,synchronous,EXT_201,EXT_120,"M=20,20,20,20,|T=0,0,0,0,|B=1,15,1,50;2,15,1,50;2,15,1,50;",2.99046202158384,1.19856649024508,0,0,0
239,synchronous,EXT_201,EXT_021,"M=20,20,20,20,|T=0,0,0,0,|B=2,15,1,50;2,15,1,50;3,15,1,50;",2.99046202158384,1.19856649024508,0,0,0
239,synchronous,EXT_201,EXT_102,"M=20,20,20,20,|T=0,0,0,0,|B=1,15,1,50;3,15,1,50;3,15,1,50;",1.79189553133876,4.44089209850063e-16,0,0,1
239,synchronous,EXT_201,EXT_012,"M=20,20,20,20,|T=0,0,0,0,|B=2,15,1,50;3,15,1,50;3,15,1,50;",2.1025900045913,0.310694473252545,0,0,1
239,asynchronous,EXT_201,EXT_201,"M=20,20,20,20,|T=0,0,0,0,|B=1,15,1,50;1,15,1,50;3,15,1,50;",1.79189553133876,0,1,1,0
239,asynchronous,EXT_201,EXT_210,"M=20,20,20,20,|T=0,0,0,0,|B=1,15,1,50;1,15,1,50;2,15,1,50;",2.1025900045913,0.310694473252544,0,1,1
239,asynchronous,EXT_201,EXT_111,"M=20,20,20,20,|T=0,0,0,0,|B=1,15,1,50;2,15,1,50;3,15,1,50;",2.27260281659155,0.48070728525279,0,1,0
239,asynchronous,EXT_201,EXT_120,"M=20,20,20,20,|T=0,0,0,0,|B=1,15,1,50;2,15,1,50;2,15,1,50;",2.99046202158384,1.19856649024508,0,0,0
239,asynchronous,EXT_201,EXT_021,"M=20,20,20,20,|T=0,0,0,0,|B=2,15,1,50;2,15,1,50;3,15,1,50;",2.99046202158384,1.19856649024508,0,0,0
239,asynchronous,EXT_201,EXT_102,"M=20,20,20,20,|T=0,0,0,0,|B=1,15,1,50;3,15,1,50;3,15,1,50;",1.79189553133876,4.44089209850063e-16,0,0,1
239,asynchronous,EXT_201,EXT_012,"M=20,20,20,20,|T=0,0,0,0,|B=2,15,1,50;3,15,1,50;3,15,1,50;",2.1025900045913,0.310694473252545,0,0,1
239,high_noise,EXT_201,EXT_201,"M=20,20,20,20,|T=0,0,0,0,|B=1,15,1,50;1,15,1,50;3,15,1,50;",1.79189553133876,0,1,1,0
239,high_noise,EXT_201,EXT_210,"M=20,20,20,20,|T=0,0,0,0,|B=1,15,1,50;1,15,1,50;2,15,1,50;",2.1025900045913,0.310694473252544,0,1,1
239,high_noise,EXT_201,EXT_111,"M=20,20,20,20,|T=0,0,0,0,|B=1,15,1,50;2,15,1,50;3,15,1,50;",2.27260281659155,0.48070728525279,0,1,0
239,high_noise,EXT_201,EXT_120,"M=20,20,20,20,|T=0,0,0,0,|B=1,15,1,50;2,15,1,50;2,15,1,50;",2.99046202158384,1.19856649024508,0,0,0
239,high_noise,EXT_201,EXT_021,"M=20,20,20,20,|T=0,0,0,0,|B=2,15,1,50;2,15,1,50;3,15,1,50;",2.99046202158384,1.19856649024508,0,0,0
239,high_noise,EXT_201,EXT_102,"M=20,20,20,20,|T=0,0,0,0,|B=1,15,1,50;3,15,1,50;3,15,1,50;",1.79189553133876,4.44089209850063e-16,0,0,1
239,high_noise,EXT_201,EXT_012,"M=20,20,20,20,|T=0,0,0,0,|B=2,15,1,50;3,15,1,50;3,15,1,50;",2.1025900045913,0.310694473252545,0,0,1
240,synchronous,EXT_201,EXT_201,"M=20,20,20,20,|T=0,0,0,0,|B=1,15,1,50;1,15,1,50;3,15,1,50;",2.84950774253213,0,1,1,1
240,synchronous,EXT_201,EXT_210,"M=20,20,20,20,|T=0,0,0,0,|B=1,15,1,50;1,15,1,50;2,15,1,50;",3.02051692828346,0.171009185751328,0,1,0
240,synchronous,EXT_201,EXT_111,"M=20,20,20,20,|T=0,0,0,0,|B=1,15,1,50;2,15,1,50;3,15,1,50;",3.071289141198,0.221781398665869,0,1,1
240,synchronous,EXT_201,EXT_120,"M=20,20,20,20,|T=0,0,0,0,|B=1,15,1,50;2,15,1,50;2,15,1,50;",3.63567553189021,0.786167789358083,0,0,0
240,synchronous,EXT_201,EXT_021,"M=20,20,20,20,|T=0,0,0,0,|B=2,15,1,50;2,15,1,50;3,15,1,50;",3.63567553189021,0.786167789358084,0,0,1
240,synchronous,EXT_201,EXT_102,"M=20,20,20,20,|T=0,0,0,0,|B=1,15,1,50;3,15,1,50;3,15,1,50;",2.84950774253213,8.88178419700125e-16,0,0,0
240,synchronous,EXT_201,EXT_012,"M=20,20,20,20,|T=0,0,0,0,|B=2,15,1,50;3,15,1,50;3,15,1,50;",3.02051692828346,0.171009185751329,0,0,0
240,asynchronous,EXT_201,EXT_201,"M=20,20,20,20,|T=0,0,0,0,|B=1,15,1,50;1,15,1,50;3,15,1,50;",2.84950774253213,0,1,1,1
240,asynchronous,EXT_201,EXT_210,"M=20,20,20,20,|T=0,0,0,0,|B=1,15,1,50;1,15,1,50;2,15,1,50;",3.02051692828346,0.171009185751328,0,1,0
240,asynchronous,EXT_201,EXT_111,"M=20,20,20,20,|T=0,0,0,0,|B=1,15,1,50;2,15,1,50;3,15,1,50;",3.071289141198,0.221781398665869,0,1,1
240,asynchronous,EXT_201,EXT_120,"M=20,20,20,20,|T=0,0,0,0,|B=1,15,1,50;2,15,1,50;2,15,1,50;",3.63567553189021,0.786167789358083,0,0,0
240,asynchronous,EXT_201,EXT_021,"M=20,20,20,20,|T=0,0,0,0,|B=2,15,1,50;2,15,1,50;3,15,1,50;",3.63567553189021,0.786167789358084,0,0,1
240,asynchronous,EXT_201,EXT_102,"M=20,20,20,20,|T=0,0,0,0,|B=1,15,1,50;3,15,1,50;3,15,1,50;",2.84950774253213,8.88178419700125e-16,0,0,0
240,asynchronous,EXT_201,EXT_012,"M=20,20,20,20,|T=0,0,0,0,|B=2,15,1,50;3,15,1,50;3,15,1,50;",3.02051692828346,0.171009185751329,0,0,0
240,high_noise,EXT_201,EXT_201,"M=20,20,20,20,|T=0,0,0,0,|B=1,15,1,50;1,15,1,50;3,15,1,50;",2.84950774253213,0,1,1,1
240,high_noise,EXT_201,EXT_210,"M=20,20,20,20,|T=0,0,0,0,|B=1,15,1,50;1,15,1,50;2,15,1,50;",3.02051692828346,0.171009185751328,0,1,0
240,high_noise,EXT_201,EXT_111,"M=20,20,20,20,|T=0,0,0,0,|B=1,15,1,50;2,15,1,50;3,15,1,50;",3.071289141198,0.221781398665869,0,1,1
240,high_noise,EXT_201,EXT_120,"M=20,20,20,20,|T=0,0,0,0,|B=1,15,1,50;2,15,1,50;2,15,1,50;",3.63567553189021,0.786167789358083,0,0,0
240,high_noise,EXT_201,EXT_021,"M=20,20,20,20,|T=0,0,0,0,|B=2,15,1,50;2,15,1,50;3,15,1,50;",3.63567553189021,0.786167789358084,0,0,1
240,high_noise,EXT_201,EXT_102,"M=20,20,20,20,|T=0,0,0,0,|B=1,15,1,50;3,15,1,50;3,15,1,50;",2.84950774253213,8.88178419700125e-16,0,0,0
240,high_noise,EXT_201,EXT_012,"M=20,20,20,20,|T=0,0,0,0,|B=2,15,1,50;3,15,1,50;3,15,1,50;",3.02051692828346,0.171009185751329,0,0,0
241,synchronous,OUT10,G003,"M=20,20,20,20,|T=0,0,0,0,|B=1,15,1,50;",5.99350158156386,NaN,0,1,1
241,synchronous,OUT10,G002,"M=20,20,20,20,|T=0,0,0,0,|B=2,15,1,50;",7.53613942311439,NaN,0,1,1
241,synchronous,OUT10,MIRROR_M3,"M=20,20,20,20,|T=0,0,0,0,|B=3,15,1,50;",5.99350158156386,NaN,0,0,0
241,asynchronous,OUT10,G003,"M=20,20,20,20,|T=0,0,0,0,|B=1,15,1,50;",5.99350158156386,NaN,0,1,1
241,asynchronous,OUT10,G002,"M=20,20,20,20,|T=0,0,0,0,|B=2,15,1,50;",7.53613942311439,NaN,0,1,1
241,asynchronous,OUT10,MIRROR_M3,"M=20,20,20,20,|T=0,0,0,0,|B=3,15,1,50;",5.99350158156386,NaN,0,0,0
241,high_noise,OUT10,G003,"M=20,20,20,20,|T=0,0,0,0,|B=1,15,1,50;",5.99350158156386,NaN,0,1,1
241,high_noise,OUT10,G002,"M=20,20,20,20,|T=0,0,0,0,|B=2,15,1,50;",7.53613942311439,NaN,0,1,1
241,high_noise,OUT10,MIRROR_M3,"M=20,20,20,20,|T=0,0,0,0,|B=3,15,1,50;",5.99350158156386,NaN,0,0,0
242,synchronous,OUT10,G003,"M=20,20,20,20,|T=0,0,0,0,|B=1,15,1,50;",6.39264664737988,NaN,0,1,1
242,synchronous,OUT10,G002,"M=20,20,20,20,|T=0,0,0,0,|B=2,15,1,50;",7.683662978727,NaN,0,1,0
242,synchronous,OUT10,MIRROR_M3,"M=20,20,20,20,|T=0,0,0,0,|B=3,15,1,50;",6.39264664737988,NaN,0,0,1
242,asynchronous,OUT10,G003,"M=20,20,20,20,|T=0,0,0,0,|B=1,15,1,50;",6.39264664737988,NaN,0,1,1
242,asynchronous,OUT10,G002,"M=20,20,20,20,|T=0,0,0,0,|B=2,15,1,50;",7.683662978727,NaN,0,1,0
242,asynchronous,OUT10,MIRROR_M3,"M=20,20,20,20,|T=0,0,0,0,|B=3,15,1,50;",6.39264664737988,NaN,0,0,1
242,high_noise,OUT10,G003,"M=20,20,20,20,|T=0,0,0,0,|B=1,15,1,50;",6.39264664737988,NaN,0,1,1
242,high_noise,OUT10,G002,"M=20,20,20,20,|T=0,0,0,0,|B=2,15,1,50;",7.683662978727,NaN,0,1,0
242,high_noise,OUT10,MIRROR_M3,"M=20,20,20,20,|T=0,0,0,0,|B=3,15,1,50;",6.39264664737988,NaN,0,0,1
243,synchronous,OUT10,G003,"M=20,20,20,20,|T=0,0,0,0,|B=1,15,1,50;",5.15186086469482,NaN,0,1,1
243,synchronous,OUT10,G002,"M=20,20,20,20,|T=0,0,0,0,|B=2,15,1,50;",6.81001009746633,NaN,0,1,0
243,synchronous,OUT10,MIRROR_M3,"M=20,20,20,20,|T=0,0,0,0,|B=3,15,1,50;",5.15186086469482,NaN,0,0,1
243,asynchronous,OUT10,G003,"M=20,20,20,20,|T=0,0,0,0,|B=1,15,1,50;",5.15186086469482,NaN,0,1,1
243,asynchronous,OUT10,G002,"M=20,20,20,20,|T=0,0,0,0,|B=2,15,1,50;",6.81001009746633,NaN,0,1,0
243,asynchronous,OUT10,MIRROR_M3,"M=20,20,20,20,|T=0,0,0,0,|B=3,15,1,50;",5.15186086469482,NaN,0,0,1
243,high_noise,OUT10,G003,"M=20,20,20,20,|T=0,0,0,0,|B=1,15,1,50;",5.15186086469482,NaN,0,1,1
243,high_noise,OUT10,G002,"M=20,20,20,20,|T=0,0,0,0,|B=2,15,1,50;",6.81001009746633,NaN,0,1,0
243,high_noise,OUT10,MIRROR_M3,"M=20,20,20,20,|T=0,0,0,0,|B=3,15,1,50;",5.15186086469482,NaN,0,0,1
244,synchronous,OUT10,G003,"M=20,20,20,20,|T=0,0,0,0,|B=1,15,1,50;",5.89406733902589,NaN,0,1,1
244,synchronous,OUT10,G002,"M=20,20,20,20,|T=0,0,0,0,|B=2,15,1,50;",7.33675233550938,NaN,0,1,0
244,synchronous,OUT10,MIRROR_M3,"M=20,20,20,20,|T=0,0,0,0,|B=3,15,1,50;",5.89406733902589,NaN,0,0,1
244,asynchronous,OUT10,G003,"M=20,20,20,20,|T=0,0,0,0,|B=1,15,1,50;",5.89406733902589,NaN,0,1,0
244,asynchronous,OUT10,G002,"M=20,20,20,20,|T=0,0,0,0,|B=2,15,1,50;",7.33675233550938,NaN,0,0,0
244,asynchronous,OUT10,MIRROR_M3,"M=20,20,20,20,|T=0,0,0,0,|B=3,15,1,50;",5.89406733902589,NaN,0,0,1
244,high_noise,OUT10,G003,"M=20,20,20,20,|T=0,0,0,0,|B=1,15,1,50;",5.89406733902589,NaN,0,1,0
244,high_noise,OUT10,G002,"M=20,20,20,20,|T=0,0,0,0,|B=2,15,1,50;",7.33675233550938,NaN,0,0,0
244,high_noise,OUT10,MIRROR_M3,"M=20,20,20,20,|T=0,0,0,0,|B=3,15,1,50;",5.89406733902589,NaN,0,0,1
245,synchronous,OUT10,G003,"M=20,20,20,20,|T=0,0,0,0,|B=1,15,1,50;",5.27888894051554,NaN,0,1,1
245,synchronous,OUT10,G002,"M=20,20,20,20,|T=0,0,0,0,|B=2,15,1,50;",6.83111590617452,NaN,0,1,1
245,synchronous,OUT10,MIRROR_M3,"M=20,20,20,20,|T=0,0,0,0,|B=3,15,1,50;",5.27888894051554,NaN,0,0,0
245,asynchronous,OUT10,G003,"M=20,20,20,20,|T=0,0,0,0,|B=1,15,1,50;",5.27888894051554,NaN,0,1,1
245,asynchronous,OUT10,G002,"M=20,20,20,20,|T=0,0,0,0,|B=2,15,1,50;",6.83111590617452,NaN,0,1,1
245,asynchronous,OUT10,MIRROR_M3,"M=20,20,20,20,|T=0,0,0,0,|B=3,15,1,50;",5.27888894051554,NaN,0,0,0
245,high_noise,OUT10,G003,"M=20,20,20,20,|T=0,0,0,0,|B=1,15,1,50;",5.27888894051554,NaN,0,1,1
245,high_noise,OUT10,G002,"M=20,20,20,20,|T=0,0,0,0,|B=2,15,1,50;",6.83111590617452,NaN,0,1,1
245,high_noise,OUT10,MIRROR_M3,"M=20,20,20,20,|T=0,0,0,0,|B=3,15,1,50;",5.27888894051554,NaN,0,0,0
246,synchronous,OUT10,G003,"M=20,20,20,20,|T=0,0,0,0,|B=1,15,1,50;",4.87356472830444,NaN,0,1,1
246,synchronous,OUT10,G002,"M=20,20,20,20,|T=0,0,0,0,|B=2,15,1,50;",6.64509454039446,NaN,0,1,0
246,synchronous,OUT10,MIRROR_M3,"M=20,20,20,20,|T=0,0,0,0,|B=3,15,1,50;",4.87356472830444,NaN,0,0,1
246,asynchronous,OUT10,G003,"M=20,20,20,20,|T=0,0,0,0,|B=1,15,1,50;",4.87356472830444,NaN,0,1,1
246,asynchronous,OUT10,G002,"M=20,20,20,20,|T=0,0,0,0,|B=2,15,1,50;",6.64509454039446,NaN,0,1,0
246,asynchronous,OUT10,MIRROR_M3,"M=20,20,20,20,|T=0,0,0,0,|B=3,15,1,50;",4.87356472830444,NaN,0,0,1
246,high_noise,OUT10,G003,"M=20,20,20,20,|T=0,0,0,0,|B=1,15,1,50;",4.87356472830444,NaN,0,1,1
246,high_noise,OUT10,G002,"M=20,20,20,20,|T=0,0,0,0,|B=2,15,1,50;",6.64509454039446,NaN,0,1,0
246,high_noise,OUT10,MIRROR_M3,"M=20,20,20,20,|T=0,0,0,0,|B=3,15,1,50;",4.87356472830444,NaN,0,0,1
247,synchronous,OUT10,G003,"M=20,20,20,20,|T=0,0,0,0,|B=1,15,1,50;",6.48686685069337,NaN,0,1,1
247,synchronous,OUT10,G002,"M=20,20,20,20,|T=0,0,0,0,|B=2,15,1,50;",7.57334687760231,NaN,0,1,0
247,synchronous,OUT10,MIRROR_M3,"M=20,20,20,20,|T=0,0,0,0,|B=3,15,1,50;",6.48686685069337,NaN,0,0,1
247,asynchronous,OUT10,G003,"M=20,20,20,20,|T=0,0,0,0,|B=1,15,1,50;",6.48686685069337,NaN,0,1,1
247,asynchronous,OUT10,G002,"M=20,20,20,20,|T=0,0,0,0,|B=2,15,1,50;",7.57334687760231,NaN,0,1,0
247,asynchronous,OUT10,MIRROR_M3,"M=20,20,20,20,|T=0,0,0,0,|B=3,15,1,50;",6.48686685069337,NaN,0,0,1
247,high_noise,OUT10,G003,"M=20,20,20,20,|T=0,0,0,0,|B=1,15,1,50;",6.48686685069337,NaN,0,1,1
247,high_noise,OUT10,G002,"M=20,20,20,20,|T=0,0,0,0,|B=2,15,1,50;",7.57334687760231,NaN,0,1,0
247,high_noise,OUT10,MIRROR_M3,"M=20,20,20,20,|T=0,0,0,0,|B=3,15,1,50;",6.48686685069337,NaN,0,0,1
248,synchronous,OUT10,G003,"M=20,20,20,20,|T=0,0,0,0,|B=1,15,1,50;",5.34818178975834,NaN,0,1,1
248,synchronous,OUT10,G002,"M=20,20,20,20,|T=0,0,0,0,|B=2,15,1,50;",7.06565931446653,NaN,0,1,1
248,synchronous,OUT10,MIRROR_M3,"M=20,20,20,20,|T=0,0,0,0,|B=3,15,1,50;",5.34818178975834,NaN,0,0,0
248,asynchronous,OUT10,G003,"M=20,20,20,20,|T=0,0,0,0,|B=1,15,1,50;",5.34818178975834,NaN,0,1,1
248,asynchronous,OUT10,G002,"M=20,20,20,20,|T=0,0,0,0,|B=2,15,1,50;",7.06565931446653,NaN,0,1,1
248,asynchronous,OUT10,MIRROR_M3,"M=20,20,20,20,|T=0,0,0,0,|B=3,15,1,50;",5.34818178975834,NaN,0,0,0
248,high_noise,OUT10,G003,"M=20,20,20,20,|T=0,0,0,0,|B=1,15,1,50;",5.34818178975834,NaN,0,1,1
248,high_noise,OUT10,G002,"M=20,20,20,20,|T=0,0,0,0,|B=2,15,1,50;",7.06565931446653,NaN,0,1,1
248,high_noise,OUT10,MIRROR_M3,"M=20,20,20,20,|T=0,0,0,0,|B=3,15,1,50;",5.34818178975834,NaN,0,0,0
249,synchronous,OUT10,G003,"M=20,20,20,20,|T=0,0,0,0,|B=1,15,1,50;",5.75296597206183,NaN,0,1,1
249,synchronous,OUT10,G002,"M=20,20,20,20,|T=0,0,0,0,|B=2,15,1,50;",7.35057224695877,NaN,0,1,1
249,synchronous,OUT10,MIRROR_M3,"M=20,20,20,20,|T=0,0,0,0,|B=3,15,1,50;",5.75296597206183,NaN,0,0,0
249,asynchronous,OUT10,G003,"M=20,20,20,20,|T=0,0,0,0,|B=1,15,1,50;",5.75296597206183,NaN,0,1,1
249,asynchronous,OUT10,G002,"M=20,20,20,20,|T=0,0,0,0,|B=2,15,1,50;",7.35057224695877,NaN,0,1,1
249,asynchronous,OUT10,MIRROR_M3,"M=20,20,20,20,|T=0,0,0,0,|B=3,15,1,50;",5.75296597206183,NaN,0,0,0
249,high_noise,OUT10,G003,"M=20,20,20,20,|T=0,0,0,0,|B=1,15,1,50;",5.75296597206183,NaN,0,1,1
249,high_noise,OUT10,G002,"M=20,20,20,20,|T=0,0,0,0,|B=2,15,1,50;",7.35057224695877,NaN,0,1,1
249,high_noise,OUT10,MIRROR_M3,"M=20,20,20,20,|T=0,0,0,0,|B=3,15,1,50;",5.75296597206183,NaN,0,0,0
250,synchronous,OUT10,G003,"M=20,20,20,20,|T=0,0,0,0,|B=1,15,1,50;",4.55845218196851,NaN,0,1,1
250,synchronous,OUT10,G002,"M=20,20,20,20,|T=0,0,0,0,|B=2,15,1,50;",6.3055215557081,NaN,0,1,0
250,synchronous,OUT10,MIRROR_M3,"M=20,20,20,20,|T=0,0,0,0,|B=3,15,1,50;",4.55845218196851,NaN,0,0,1
250,asynchronous,OUT10,G003,"M=20,20,20,20,|T=0,0,0,0,|B=1,15,1,50;",4.55845218196851,NaN,0,1,1
250,asynchronous,OUT10,G002,"M=20,20,20,20,|T=0,0,0,0,|B=2,15,1,50;",6.3055215557081,NaN,0,1,0
250,asynchronous,OUT10,MIRROR_M3,"M=20,20,20,20,|T=0,0,0,0,|B=3,15,1,50;",4.55845218196851,NaN,0,0,1
250,high_noise,OUT10,G003,"M=20,20,20,20,|T=0,0,0,0,|B=1,15,1,50;",4.55845218196851,NaN,0,1,1
250,high_noise,OUT10,G002,"M=20,20,20,20,|T=0,0,0,0,|B=2,15,1,50;",6.3055215557081,NaN,0,1,0
250,high_noise,OUT10,MIRROR_M3,"M=20,20,20,20,|T=0,0,0,0,|B=3,15,1,50;",4.55845218196851,NaN,0,0,1
251,synchronous,OUT10,G003,"M=20,20,20,20,|T=0,0,0,0,|B=1,15,1,50;",6.14798398348252,NaN,0,1,1
251,synchronous,OUT10,G002,"M=20,20,20,20,|T=0,0,0,0,|B=2,15,1,50;",7.49941512657159,NaN,0,1,1
251,synchronous,OUT10,MIRROR_M3,"M=20,20,20,20,|T=0,0,0,0,|B=3,15,1,50;",6.14798398348252,NaN,0,0,0
251,asynchronous,OUT10,G003,"M=20,20,20,20,|T=0,0,0,0,|B=1,15,1,50;",6.14798398348252,NaN,0,1,1
251,asynchronous,OUT10,G002,"M=20,20,20,20,|T=0,0,0,0,|B=2,15,1,50;",7.49941512657159,NaN,0,1,1
251,asynchronous,OUT10,MIRROR_M3,"M=20,20,20,20,|T=0,0,0,0,|B=3,15,1,50;",6.14798398348252,NaN,0,0,0
251,high_noise,OUT10,G003,"M=20,20,20,20,|T=0,0,0,0,|B=1,15,1,50;",6.14798398348252,NaN,0,1,1
251,high_noise,OUT10,G002,"M=20,20,20,20,|T=0,0,0,0,|B=2,15,1,50;",7.49941512657159,NaN,0,1,1
251,high_noise,OUT10,MIRROR_M3,"M=20,20,20,20,|T=0,0,0,0,|B=3,15,1,50;",6.14798398348252,NaN,0,0,0
252,synchronous,OUT10,G003,"M=20,20,20,20,|T=0,0,0,0,|B=1,15,1,50;",6.10636105268406,NaN,0,1,1
252,synchronous,OUT10,G002,"M=20,20,20,20,|T=0,0,0,0,|B=2,15,1,50;",7.59148785297543,NaN,0,1,0
252,synchronous,OUT10,MIRROR_M3,"M=20,20,20,20,|T=0,0,0,0,|B=3,15,1,50;",6.10636105268406,NaN,0,0,1
252,asynchronous,OUT10,G003,"M=20,20,20,20,|T=0,0,0,0,|B=1,15,1,50;",6.10636105268406,NaN,0,1,1
252,asynchronous,OUT10,G002,"M=20,20,20,20,|T=0,0,0,0,|B=2,15,1,50;",7.59148785297543,NaN,0,1,0
252,asynchronous,OUT10,MIRROR_M3,"M=20,20,20,20,|T=0,0,0,0,|B=3,15,1,50;",6.10636105268406,NaN,0,0,1
252,high_noise,OUT10,G003,"M=20,20,20,20,|T=0,0,0,0,|B=1,15,1,50;",6.10636105268406,NaN,0,1,1
252,high_noise,OUT10,G002,"M=20,20,20,20,|T=0,0,0,0,|B=2,15,1,50;",7.59148785297543,NaN,0,1,0
252,high_noise,OUT10,MIRROR_M3,"M=20,20,20,20,|T=0,0,0,0,|B=3,15,1,50;",6.10636105268406,NaN,0,0,1
253,synchronous,OUT10,G003,"M=20,20,20,20,|T=0,0,0,0,|B=1,15,1,50;",6.44450886127794,NaN,0,1,1
253,synchronous,OUT10,G002,"M=20,20,20,20,|T=0,0,0,0,|B=2,15,1,50;",7.85321526057213,NaN,0,1,0
253,synchronous,OUT10,MIRROR_M3,"M=20,20,20,20,|T=0,0,0,0,|B=3,15,1,50;",6.44450886127794,NaN,0,0,1
253,asynchronous,OUT10,G003,"M=20,20,20,20,|T=0,0,0,0,|B=1,15,1,50;",6.44450886127794,NaN,0,1,1
253,asynchronous,OUT10,G002,"M=20,20,20,20,|T=0,0,0,0,|B=2,15,1,50;",7.85321526057213,NaN,0,1,0
253,asynchronous,OUT10,MIRROR_M3,"M=20,20,20,20,|T=0,0,0,0,|B=3,15,1,50;",6.44450886127794,NaN,0,0,1
253,high_noise,OUT10,G003,"M=20,20,20,20,|T=0,0,0,0,|B=1,15,1,50;",6.44450886127794,NaN,0,1,1
253,high_noise,OUT10,G002,"M=20,20,20,20,|T=0,0,0,0,|B=2,15,1,50;",7.85321526057213,NaN,0,1,0
253,high_noise,OUT10,MIRROR_M3,"M=20,20,20,20,|T=0,0,0,0,|B=3,15,1,50;",6.44450886127794,NaN,0,0,1
254,synchronous,OUT10,G003,"M=20,20,20,20,|T=0,0,0,0,|B=1,15,1,50;",5.79376728744456,NaN,0,1,1
254,synchronous,OUT10,G002,"M=20,20,20,20,|T=0,0,0,0,|B=2,15,1,50;",7.15757995332695,NaN,0,1,1
254,synchronous,OUT10,MIRROR_M3,"M=20,20,20,20,|T=0,0,0,0,|B=3,15,1,50;",5.79376728744456,NaN,0,0,0
254,asynchronous,OUT10,G003,"M=20,20,20,20,|T=0,0,0,0,|B=1,15,1,50;",5.79376728744456,NaN,0,1,1
254,asynchronous,OUT10,G002,"M=20,20,20,20,|T=0,0,0,0,|B=2,15,1,50;",7.15757995332695,NaN,0,1,1
254,asynchronous,OUT10,MIRROR_M3,"M=20,20,20,20,|T=0,0,0,0,|B=3,15,1,50;",5.79376728744456,NaN,0,0,0
254,high_noise,OUT10,G003,"M=20,20,20,20,|T=0,0,0,0,|B=1,15,1,50;",5.79376728744456,NaN,0,1,1
254,high_noise,OUT10,G002,"M=20,20,20,20,|T=0,0,0,0,|B=2,15,1,50;",7.15757995332695,NaN,0,1,1
254,high_noise,OUT10,MIRROR_M3,"M=20,20,20,20,|T=0,0,0,0,|B=3,15,1,50;",5.79376728744456,NaN,0,0,0
255,synchronous,OUT10,G003,"M=20,20,20,20,|T=0,0,0,0,|B=1,15,1,50;",5.82317280695693,NaN,0,1,0
255,synchronous,OUT10,G002,"M=20,20,20,20,|T=0,0,0,0,|B=2,15,1,50;",7.27320160665472,NaN,0,1,1
255,synchronous,OUT10,MIRROR_M3,"M=20,20,20,20,|T=0,0,0,0,|B=3,15,1,50;",5.82317280695693,NaN,0,0,1
255,asynchronous,OUT10,G003,"M=20,20,20,20,|T=0,0,0,0,|B=1,15,1,50;",5.82317280695693,NaN,0,1,0
255,asynchronous,OUT10,G002,"M=20,20,20,20,|T=0,0,0,0,|B=2,15,1,50;",7.27320160665472,NaN,0,1,1
255,asynchronous,OUT10,MIRROR_M3,"M=20,20,20,20,|T=0,0,0,0,|B=3,15,1,50;",5.82317280695693,NaN,0,0,1
255,high_noise,OUT10,G003,"M=20,20,20,20,|T=0,0,0,0,|B=1,15,1,50;",5.82317280695693,NaN,0,1,0
255,high_noise,OUT10,G002,"M=20,20,20,20,|T=0,0,0,0,|B=2,15,1,50;",7.27320160665472,NaN,0,1,1
255,high_noise,OUT10,MIRROR_M3,"M=20,20,20,20,|T=0,0,0,0,|B=3,15,1,50;",5.82317280695693,NaN,0,0,1
256,synchronous,OUT10,G003,"M=20,20,20,20,|T=0,0,0,0,|B=1,15,1,50;",4.74121649920353,NaN,0,1,1
256,synchronous,OUT10,G002,"M=20,20,20,20,|T=0,0,0,0,|B=2,15,1,50;",6.50513335399043,NaN,0,1,0
256,synchronous,OUT10,MIRROR_M3,"M=20,20,20,20,|T=0,0,0,0,|B=3,15,1,50;",4.74121649920352,NaN,0,0,1
256,asynchronous,OUT10,G003,"M=20,20,20,20,|T=0,0,0,0,|B=1,15,1,50;",4.74121649920353,NaN,0,1,1
256,asynchronous,OUT10,G002,"M=20,20,20,20,|T=0,0,0,0,|B=2,15,1,50;",6.50513335399043,NaN,0,1,0
256,asynchronous,OUT10,MIRROR_M3,"M=20,20,20,20,|T=0,0,0,0,|B=3,15,1,50;",4.74121649920352,NaN,0,0,1
256,high_noise,OUT10,G003,"M=20,20,20,20,|T=0,0,0,0,|B=1,15,1,50;",4.74121649920353,NaN,0,1,1
256,high_noise,OUT10,G002,"M=20,20,20,20,|T=0,0,0,0,|B=2,15,1,50;",6.50513335399043,NaN,0,1,0
256,high_noise,OUT10,MIRROR_M3,"M=20,20,20,20,|T=0,0,0,0,|B=3,15,1,50;",4.74121649920352,NaN,0,0,1
257,synchronous,OUT10,G003,"M=20,20,20,20,|T=0,0,0,0,|B=1,15,1,50;",4.56165226176187,NaN,0,1,1
257,synchronous,OUT10,G002,"M=20,20,20,20,|T=0,0,0,0,|B=2,15,1,50;",6.57506979828453,NaN,0,1,1
257,synchronous,OUT10,MIRROR_M3,"M=20,20,20,20,|T=0,0,0,0,|B=3,15,1,50;",4.56165226176187,NaN,0,0,0
257,asynchronous,OUT10,G003,"M=20,20,20,20,|T=0,0,0,0,|B=1,15,1,50;",4.56165226176187,NaN,0,1,1
257,asynchronous,OUT10,G002,"M=20,20,20,20,|T=0,0,0,0,|B=2,15,1,50;",6.57506979828453,NaN,0,1,1
257,asynchronous,OUT10,MIRROR_M3,"M=20,20,20,20,|T=0,0,0,0,|B=3,15,1,50;",4.56165226176187,NaN,0,0,0
257,high_noise,OUT10,G003,"M=20,20,20,20,|T=0,0,0,0,|B=1,15,1,50;",4.56165226176187,NaN,0,1,1
257,high_noise,OUT10,G002,"M=20,20,20,20,|T=0,0,0,0,|B=2,15,1,50;",6.57506979828453,NaN,0,1,1
257,high_noise,OUT10,MIRROR_M3,"M=20,20,20,20,|T=0,0,0,0,|B=3,15,1,50;",4.56165226176187,NaN,0,0,0
258,synchronous,OUT10,G003,"M=20,20,20,20,|T=0,0,0,0,|B=1,15,1,50;",6.29637210224241,NaN,0,1,0
258,synchronous,OUT10,G002,"M=20,20,20,20,|T=0,0,0,0,|B=2,15,1,50;",7.68097473415417,NaN,0,1,1
258,synchronous,OUT10,MIRROR_M3,"M=20,20,20,20,|T=0,0,0,0,|B=3,15,1,50;",6.29637210224241,NaN,0,0,1
258,asynchronous,OUT10,G003,"M=20,20,20,20,|T=0,0,0,0,|B=1,15,1,50;",6.29637210224241,NaN,0,1,0
258,asynchronous,OUT10,G002,"M=20,20,20,20,|T=0,0,0,0,|B=2,15,1,50;",7.68097473415417,NaN,0,1,1
258,asynchronous,OUT10,MIRROR_M3,"M=20,20,20,20,|T=0,0,0,0,|B=3,15,1,50;",6.29637210224241,NaN,0,0,1
258,high_noise,OUT10,G003,"M=20,20,20,20,|T=0,0,0,0,|B=1,15,1,50;",6.29637210224241,NaN,0,1,0
258,high_noise,OUT10,G002,"M=20,20,20,20,|T=0,0,0,0,|B=2,15,1,50;",7.68097473415417,NaN,0,1,1
258,high_noise,OUT10,MIRROR_M3,"M=20,20,20,20,|T=0,0,0,0,|B=3,15,1,50;",6.29637210224241,NaN,0,0,1
259,synchronous,OUT10,G003,"M=20,20,20,20,|T=0,0,0,0,|B=1,15,1,50;",4.6288729397799,NaN,0,1,0
259,synchronous,OUT10,G002,"M=20,20,20,20,|T=0,0,0,0,|B=2,15,1,50;",6.62077334025477,NaN,0,1,1
259,synchronous,OUT10,MIRROR_M3,"M=20,20,20,20,|T=0,0,0,0,|B=3,15,1,50;",4.6288729397799,NaN,0,0,1
259,asynchronous,OUT10,G003,"M=20,20,20,20,|T=0,0,0,0,|B=1,15,1,50;",4.6288729397799,NaN,0,1,0
259,asynchronous,OUT10,G002,"M=20,20,20,20,|T=0,0,0,0,|B=2,15,1,50;",6.62077334025477,NaN,0,1,1
259,asynchronous,OUT10,MIRROR_M3,"M=20,20,20,20,|T=0,0,0,0,|B=3,15,1,50;",4.6288729397799,NaN,0,0,1
259,high_noise,OUT10,G003,"M=20,20,20,20,|T=0,0,0,0,|B=1,15,1,50;",4.6288729397799,NaN,0,1,0
259,high_noise,OUT10,G002,"M=20,20,20,20,|T=0,0,0,0,|B=2,15,1,50;",6.62077334025477,NaN,0,1,1
259,high_noise,OUT10,MIRROR_M3,"M=20,20,20,20,|T=0,0,0,0,|B=3,15,1,50;",4.6288729397799,NaN,0,0,1
260,synchronous,OUT10,G003,"M=20,20,20,20,|T=0,0,0,0,|B=1,15,1,50;",5.66784685784075,NaN,0,1,1
260,synchronous,OUT10,G002,"M=20,20,20,20,|T=0,0,0,0,|B=2,15,1,50;",7.08347700695639,NaN,0,1,1
260,synchronous,OUT10,MIRROR_M3,"M=20,20,20,20,|T=0,0,0,0,|B=3,15,1,50;",5.66784685784075,NaN,0,0,0
260,asynchronous,OUT10,G003,"M=20,20,20,20,|T=0,0,0,0,|B=1,15,1,50;",5.66784685784075,NaN,0,1,1
260,asynchronous,OUT10,G002,"M=20,20,20,20,|T=0,0,0,0,|B=2,15,1,50;",7.08347700695639,NaN,0,1,1
260,asynchronous,OUT10,MIRROR_M3,"M=20,20,20,20,|T=0,0,0,0,|B=3,15,1,50;",5.66784685784075,NaN,0,0,0
260,high_noise,OUT10,G003,"M=20,20,20,20,|T=0,0,0,0,|B=1,15,1,50;",5.66784685784075,NaN,0,1,1
260,high_noise,OUT10,G002,"M=20,20,20,20,|T=0,0,0,0,|B=2,15,1,50;",7.08347700695639,NaN,0,1,1
260,high_noise,OUT10,MIRROR_M3,"M=20,20,20,20,|T=0,0,0,0,|B=3,15,1,50;",5.66784685784075,NaN,0,0,0
261,synchronous,OUT10,G003,"M=20,20,20,20,|T=0,0,0,0,|B=1,15,1,50;",5.4899959404023,NaN,0,1,1
261,synchronous,OUT10,G002,"M=20,20,20,20,|T=0,0,0,0,|B=2,15,1,50;",6.90808263488269,NaN,0,1,0
261,synchronous,OUT10,MIRROR_M3,"M=20,20,20,20,|T=0,0,0,0,|B=3,15,1,50;",5.4899959404023,NaN,0,0,1
261,asynchronous,OUT10,G003,"M=20,20,20,20,|T=0,0,0,0,|B=1,15,1,50;",5.4899959404023,NaN,0,0,0
261,asynchronous,OUT10,G002,"M=20,20,20,20,|T=0,0,0,0,|B=2,15,1,50;",6.90808263488269,NaN,0,0,0
261,asynchronous,OUT10,MIRROR_M3,"M=20,20,20,20,|T=0,0,0,0,|B=3,15,1,50;",5.4899959404023,NaN,0,0,0
261,high_noise,OUT10,G003,"M=20,20,20,20,|T=0,0,0,0,|B=1,15,1,50;",5.4899959404023,NaN,0,0,0
261,high_noise,OUT10,G002,"M=20,20,20,20,|T=0,0,0,0,|B=2,15,1,50;",6.90808263488269,NaN,0,0,0
261,high_noise,OUT10,MIRROR_M3,"M=20,20,20,20,|T=0,0,0,0,|B=3,15,1,50;",5.4899959404023,NaN,0,0,0
262,synchronous,OUT10,G003,"M=20,20,20,20,|T=0,0,0,0,|B=1,15,1,50;",4.53660749823348,NaN,0,1,0
262,synchronous,OUT10,G002,"M=20,20,20,20,|T=0,0,0,0,|B=2,15,1,50;",6.53318930617467,NaN,0,1,1
262,synchronous,OUT10,MIRROR_M3,"M=20,20,20,20,|T=0,0,0,0,|B=3,15,1,50;",4.53660749823348,NaN,0,0,1
262,asynchronous,OUT10,G003,"M=20,20,20,20,|T=0,0,0,0,|B=1,15,1,50;",4.53660749823348,NaN,0,1,0
262,asynchronous,OUT10,G002,"M=20,20,20,20,|T=0,0,0,0,|B=2,15,1,50;",6.53318930617467,NaN,0,1,1
262,asynchronous,OUT10,MIRROR_M3,"M=20,20,20,20,|T=0,0,0,0,|B=3,15,1,50;",4.53660749823348,NaN,0,0,1
262,high_noise,OUT10,G003,"M=20,20,20,20,|T=0,0,0,0,|B=1,15,1,50;",4.53660749823348,NaN,0,1,0
262,high_noise,OUT10,G002,"M=20,20,20,20,|T=0,0,0,0,|B=2,15,1,50;",6.53318930617467,NaN,0,1,1
262,high_noise,OUT10,MIRROR_M3,"M=20,20,20,20,|T=0,0,0,0,|B=3,15,1,50;",4.53660749823348,NaN,0,0,1
263,synchronous,OUT10,G003,"M=20,20,20,20,|T=0,0,0,0,|B=1,15,1,50;",5.60175679096914,NaN,0,1,0
263,synchronous,OUT10,G002,"M=20,20,20,20,|T=0,0,0,0,|B=2,15,1,50;",7.232560746455,NaN,0,1,1
263,synchronous,OUT10,MIRROR_M3,"M=20,20,20,20,|T=0,0,0,0,|B=3,15,1,50;",5.60175679096914,NaN,0,0,1
263,asynchronous,OUT10,G003,"M=20,20,20,20,|T=0,0,0,0,|B=1,15,1,50;",5.60175679096914,NaN,0,1,0
263,asynchronous,OUT10,G002,"M=20,20,20,20,|T=0,0,0,0,|B=2,15,1,50;",7.232560746455,NaN,0,1,1
263,asynchronous,OUT10,MIRROR_M3,"M=20,20,20,20,|T=0,0,0,0,|B=3,15,1,50;",5.60175679096914,NaN,0,0,1
263,high_noise,OUT10,G003,"M=20,20,20,20,|T=0,0,0,0,|B=1,15,1,50;",5.60175679096914,NaN,0,1,0
263,high_noise,OUT10,G002,"M=20,20,20,20,|T=0,0,0,0,|B=2,15,1,50;",7.232560746455,NaN,0,1,1
263,high_noise,OUT10,MIRROR_M3,"M=20,20,20,20,|T=0,0,0,0,|B=3,15,1,50;",5.60175679096914,NaN,0,0,1
264,synchronous,OUT10,G003,"M=20,20,20,20,|T=0,0,0,0,|B=1,15,1,50;",5.29666025045672,NaN,0,1,1
264,synchronous,OUT10,G002,"M=20,20,20,20,|T=0,0,0,0,|B=2,15,1,50;",6.88685095517458,NaN,0,1,1
264,synchronous,OUT10,MIRROR_M3,"M=20,20,20,20,|T=0,0,0,0,|B=3,15,1,50;",5.29666025045672,NaN,0,0,0
264,asynchronous,OUT10,G003,"M=20,20,20,20,|T=0,0,0,0,|B=1,15,1,50;",5.29666025045672,NaN,0,1,1
264,asynchronous,OUT10,G002,"M=20,20,20,20,|T=0,0,0,0,|B=2,15,1,50;",6.88685095517458,NaN,0,1,1
264,asynchronous,OUT10,MIRROR_M3,"M=20,20,20,20,|T=0,0,0,0,|B=3,15,1,50;",5.29666025045672,NaN,0,0,0
264,high_noise,OUT10,G003,"M=20,20,20,20,|T=0,0,0,0,|B=1,15,1,50;",5.29666025045672,NaN,0,1,1
264,high_noise,OUT10,G002,"M=20,20,20,20,|T=0,0,0,0,|B=2,15,1,50;",6.88685095517458,NaN,0,1,1
264,high_noise,OUT10,MIRROR_M3,"M=20,20,20,20,|T=0,0,0,0,|B=3,15,1,50;",5.29666025045672,NaN,0,0,0
265,synchronous,OUT10,G003,"M=20,20,20,20,|T=0,0,0,0,|B=1,15,1,50;",4.65986298856868,NaN,0,1,1
265,synchronous,OUT10,G002,"M=20,20,20,20,|T=0,0,0,0,|B=2,15,1,50;",6.41125013825512,NaN,0,1,0
265,synchronous,OUT10,MIRROR_M3,"M=20,20,20,20,|T=0,0,0,0,|B=3,15,1,50;",4.65986298856868,NaN,0,0,1
265,asynchronous,OUT10,G003,"M=20,20,20,20,|T=0,0,0,0,|B=1,15,1,50;",4.65986298856868,NaN,0,1,1
265,asynchronous,OUT10,G002,"M=20,20,20,20,|T=0,0,0,0,|B=2,15,1,50;",6.41125013825512,NaN,0,1,0
265,asynchronous,OUT10,MIRROR_M3,"M=20,20,20,20,|T=0,0,0,0,|B=3,15,1,50;",4.65986298856868,NaN,0,0,1
265,high_noise,OUT10,G003,"M=20,20,20,20,|T=0,0,0,0,|B=1,15,1,50;",4.65986298856868,NaN,0,1,1
265,high_noise,OUT10,G002,"M=20,20,20,20,|T=0,0,0,0,|B=2,15,1,50;",6.41125013825512,NaN,0,1,0
265,high_noise,OUT10,MIRROR_M3,"M=20,20,20,20,|T=0,0,0,0,|B=3,15,1,50;",4.65986298856868,NaN,0,0,1
266,synchronous,OUT10,G003,"M=20,20,20,20,|T=0,0,0,0,|B=1,15,1,50;",6.27898571848272,NaN,0,1,1
266,synchronous,OUT10,G002,"M=20,20,20,20,|T=0,0,0,0,|B=2,15,1,50;",7.72326097666484,NaN,0,1,0
266,synchronous,OUT10,MIRROR_M3,"M=20,20,20,20,|T=0,0,0,0,|B=3,15,1,50;",6.27898571848272,NaN,0,0,1
266,asynchronous,OUT10,G003,"M=20,20,20,20,|T=0,0,0,0,|B=1,15,1,50;",6.27898571848272,NaN,0,1,1
266,asynchronous,OUT10,G002,"M=20,20,20,20,|T=0,0,0,0,|B=2,15,1,50;",7.72326097666484,NaN,0,1,0
266,asynchronous,OUT10,MIRROR_M3,"M=20,20,20,20,|T=0,0,0,0,|B=3,15,1,50;",6.27898571848272,NaN,0,0,1
266,high_noise,OUT10,G003,"M=20,20,20,20,|T=0,0,0,0,|B=1,15,1,50;",6.27898571848272,NaN,0,1,1
266,high_noise,OUT10,G002,"M=20,20,20,20,|T=0,0,0,0,|B=2,15,1,50;",7.72326097666484,NaN,0,1,0
266,high_noise,OUT10,MIRROR_M3,"M=20,20,20,20,|T=0,0,0,0,|B=3,15,1,50;",6.27898571848272,NaN,0,0,1
267,synchronous,OUT10,G003,"M=20,20,20,20,|T=0,0,0,0,|B=1,15,1,50;",6.26515541238489,NaN,0,1,1
267,synchronous,OUT10,G002,"M=20,20,20,20,|T=0,0,0,0,|B=2,15,1,50;",7.62390391681229,NaN,0,1,1
267,synchronous,OUT10,MIRROR_M3,"M=20,20,20,20,|T=0,0,0,0,|B=3,15,1,50;",6.26515541238488,NaN,0,0,0
267,asynchronous,OUT10,G003,"M=20,20,20,20,|T=0,0,0,0,|B=1,15,1,50;",6.26515541238489,NaN,0,1,1
267,asynchronous,OUT10,G002,"M=20,20,20,20,|T=0,0,0,0,|B=2,15,1,50;",7.62390391681229,NaN,0,1,1
267,asynchronous,OUT10,MIRROR_M3,"M=20,20,20,20,|T=0,0,0,0,|B=3,15,1,50;",6.26515541238488,NaN,0,0,0
267,high_noise,OUT10,G003,"M=20,20,20,20,|T=0,0,0,0,|B=1,15,1,50;",6.26515541238489,NaN,0,1,1
267,high_noise,OUT10,G002,"M=20,20,20,20,|T=0,0,0,0,|B=2,15,1,50;",7.62390391681229,NaN,0,1,1
267,high_noise,OUT10,MIRROR_M3,"M=20,20,20,20,|T=0,0,0,0,|B=3,15,1,50;",6.26515541238488,NaN,0,0,0
268,synchronous,OUT10,G003,"M=20,20,20,20,|T=0,0,0,0,|B=1,15,1,50;",5.14113482750324,NaN,0,1,0
268,synchronous,OUT10,G002,"M=20,20,20,20,|T=0,0,0,0,|B=2,15,1,50;",6.75574948602377,NaN,0,1,1
268,synchronous,OUT10,MIRROR_M3,"M=20,20,20,20,|T=0,0,0,0,|B=3,15,1,50;",5.14113482750324,NaN,0,0,1
268,asynchronous,OUT10,G003,"M=20,20,20,20,|T=0,0,0,0,|B=1,15,1,50;",5.14113482750324,NaN,0,1,0
268,asynchronous,OUT10,G002,"M=20,20,20,20,|T=0,0,0,0,|B=2,15,1,50;",6.75574948602377,NaN,0,1,1
268,asynchronous,OUT10,MIRROR_M3,"M=20,20,20,20,|T=0,0,0,0,|B=3,15,1,50;",5.14113482750324,NaN,0,0,1
268,high_noise,OUT10,G003,"M=20,20,20,20,|T=0,0,0,0,|B=1,15,1,50;",5.14113482750324,NaN,0,1,0
268,high_noise,OUT10,G002,"M=20,20,20,20,|T=0,0,0,0,|B=2,15,1,50;",6.75574948602377,NaN,0,1,1
268,high_noise,OUT10,MIRROR_M3,"M=20,20,20,20,|T=0,0,0,0,|B=3,15,1,50;",5.14113482750324,NaN,0,0,1
269,synchronous,OUT10,G003,"M=20,20,20,20,|T=0,0,0,0,|B=1,15,1,50;",5.44946105739961,NaN,0,1,0
269,synchronous,OUT10,G002,"M=20,20,20,20,|T=0,0,0,0,|B=2,15,1,50;",7.14901206771276,NaN,0,1,1
269,synchronous,OUT10,MIRROR_M3,"M=20,20,20,20,|T=0,0,0,0,|B=3,15,1,50;",5.44946105739961,NaN,0,0,1
269,asynchronous,OUT10,G003,"M=20,20,20,20,|T=0,0,0,0,|B=1,15,1,50;",5.44946105739961,NaN,0,1,0
269,asynchronous,OUT10,G002,"M=20,20,20,20,|T=0,0,0,0,|B=2,15,1,50;",7.14901206771276,NaN,0,1,1
269,asynchronous,OUT10,MIRROR_M3,"M=20,20,20,20,|T=0,0,0,0,|B=3,15,1,50;",5.44946105739961,NaN,0,0,1
269,high_noise,OUT10,G003,"M=20,20,20,20,|T=0,0,0,0,|B=1,15,1,50;",5.44946105739961,NaN,0,1,0
269,high_noise,OUT10,G002,"M=20,20,20,20,|T=0,0,0,0,|B=2,15,1,50;",7.14901206771276,NaN,0,1,1
269,high_noise,OUT10,MIRROR_M3,"M=20,20,20,20,|T=0,0,0,0,|B=3,15,1,50;",5.44946105739961,NaN,0,0,1
270,synchronous,OUT10,G003,"M=20,20,20,20,|T=0,0,0,0,|B=1,15,1,50;",4.66237997560615,NaN,0,1,1
270,synchronous,OUT10,G002,"M=20,20,20,20,|T=0,0,0,0,|B=2,15,1,50;",6.55298138145813,NaN,0,1,0
270,synchronous,OUT10,MIRROR_M3,"M=20,20,20,20,|T=0,0,0,0,|B=3,15,1,50;",4.66237997560615,NaN,0,0,1
270,asynchronous,OUT10,G003,"M=20,20,20,20,|T=0,0,0,0,|B=1,15,1,50;",4.66237997560615,NaN,0,1,1
270,asynchronous,OUT10,G002,"M=20,20,20,20,|T=0,0,0,0,|B=2,15,1,50;",6.55298138145813,NaN,0,1,0
270,asynchronous,OUT10,MIRROR_M3,"M=20,20,20,20,|T=0,0,0,0,|B=3,15,1,50;",4.66237997560615,NaN,0,0,1
270,high_noise,OUT10,G003,"M=20,20,20,20,|T=0,0,0,0,|B=1,15,1,50;",4.66237997560615,NaN,0,1,1
270,high_noise,OUT10,G002,"M=20,20,20,20,|T=0,0,0,0,|B=2,15,1,50;",6.55298138145813,NaN,0,1,0
270,high_noise,OUT10,MIRROR_M3,"M=20,20,20,20,|T=0,0,0,0,|B=3,15,1,50;",4.66237997560615,NaN,0,0,1
271,synchronous,OUT70,MIRROR_M3,"M=20,20,20,20,|T=0,0,0,0,|B=3,15,1,50;",4.80715838386984,NaN,0,1,1
271,synchronous,OUT70,G002,"M=20,20,20,20,|T=0,0,0,0,|B=2,15,1,50;",6.61469095265811,NaN,0,1,1
271,synchronous,OUT70,G003,"M=20,20,20,20,|T=0,0,0,0,|B=1,15,1,50;",4.80715838386984,NaN,0,0,0
271,asynchronous,OUT70,MIRROR_M3,"M=20,20,20,20,|T=0,0,0,0,|B=3,15,1,50;",4.80715838386984,NaN,0,1,1
271,asynchronous,OUT70,G002,"M=20,20,20,20,|T=0,0,0,0,|B=2,15,1,50;",6.61469095265811,NaN,0,1,1
271,asynchronous,OUT70,G003,"M=20,20,20,20,|T=0,0,0,0,|B=1,15,1,50;",4.80715838386984,NaN,0,0,0
271,high_noise,OUT70,MIRROR_M3,"M=20,20,20,20,|T=0,0,0,0,|B=3,15,1,50;",4.80715838386984,NaN,0,1,1
271,high_noise,OUT70,G002,"M=20,20,20,20,|T=0,0,0,0,|B=2,15,1,50;",6.61469095265811,NaN,0,1,1
271,high_noise,OUT70,G003,"M=20,20,20,20,|T=0,0,0,0,|B=1,15,1,50;",4.80715838386984,NaN,0,0,0
272,synchronous,OUT70,MIRROR_M3,"M=20,20,20,20,|T=0,0,0,0,|B=3,15,1,50;",5.55268338685862,NaN,0,1,1
272,synchronous,OUT70,G002,"M=20,20,20,20,|T=0,0,0,0,|B=2,15,1,50;",6.90241779462004,NaN,0,1,1
272,synchronous,OUT70,G003,"M=20,20,20,20,|T=0,0,0,0,|B=1,15,1,50;",5.55268338685862,NaN,0,0,0
272,asynchronous,OUT70,MIRROR_M3,"M=20,20,20,20,|T=0,0,0,0,|B=3,15,1,50;",5.55268338685862,NaN,0,0,1
272,asynchronous,OUT70,G002,"M=20,20,20,20,|T=0,0,0,0,|B=2,15,1,50;",6.90241779462004,NaN,0,1,1
272,asynchronous,OUT70,G003,"M=20,20,20,20,|T=0,0,0,0,|B=1,15,1,50;",5.55268338685862,NaN,0,1,0
272,high_noise,OUT70,MIRROR_M3,"M=20,20,20,20,|T=0,0,0,0,|B=3,15,1,50;",5.55268338685862,NaN,0,0,1
272,high_noise,OUT70,G002,"M=20,20,20,20,|T=0,0,0,0,|B=2,15,1,50;",6.90241779462004,NaN,0,1,1
272,high_noise,OUT70,G003,"M=20,20,20,20,|T=0,0,0,0,|B=1,15,1,50;",5.55268338685862,NaN,0,1,0
273,synchronous,OUT70,MIRROR_M3,"M=20,20,20,20,|T=0,0,0,0,|B=3,15,1,50;",5.91359095858585,NaN,0,1,1
273,synchronous,OUT70,G002,"M=20,20,20,20,|T=0,0,0,0,|B=2,15,1,50;",7.37101602221037,NaN,0,1,1
273,synchronous,OUT70,G003,"M=20,20,20,20,|T=0,0,0,0,|B=1,15,1,50;",5.91359095858585,NaN,0,0,0
273,asynchronous,OUT70,MIRROR_M3,"M=20,20,20,20,|T=0,0,0,0,|B=3,15,1,50;",5.91359095858585,NaN,0,1,1
273,asynchronous,OUT70,G002,"M=20,20,20,20,|T=0,0,0,0,|B=2,15,1,50;",7.37101602221037,NaN,0,1,1
273,asynchronous,OUT70,G003,"M=20,20,20,20,|T=0,0,0,0,|B=1,15,1,50;",5.91359095858585,NaN,0,0,0
273,high_noise,OUT70,MIRROR_M3,"M=20,20,20,20,|T=0,0,0,0,|B=3,15,1,50;",5.91359095858585,NaN,0,1,1
273,high_noise,OUT70,G002,"M=20,20,20,20,|T=0,0,0,0,|B=2,15,1,50;",7.37101602221037,NaN,0,1,1
273,high_noise,OUT70,G003,"M=20,20,20,20,|T=0,0,0,0,|B=1,15,1,50;",5.91359095858585,NaN,0,0,0
274,synchronous,OUT70,MIRROR_M3,"M=20,20,20,20,|T=0,0,0,0,|B=3,15,1,50;",6.07695197286637,NaN,0,1,0
274,synchronous,OUT70,G002,"M=20,20,20,20,|T=0,0,0,0,|B=2,15,1,50;",7.26233043413167,NaN,0,1,1
274,synchronous,OUT70,G003,"M=20,20,20,20,|T=0,0,0,0,|B=1,15,1,50;",6.07695197286637,NaN,0,0,1
274,asynchronous,OUT70,MIRROR_M3,"M=20,20,20,20,|T=0,0,0,0,|B=3,15,1,50;",6.07695197286637,NaN,0,1,0
274,asynchronous,OUT70,G002,"M=20,20,20,20,|T=0,0,0,0,|B=2,15,1,50;",7.26233043413167,NaN,0,1,1
274,asynchronous,OUT70,G003,"M=20,20,20,20,|T=0,0,0,0,|B=1,15,1,50;",6.07695197286637,NaN,0,0,1
274,high_noise,OUT70,MIRROR_M3,"M=20,20,20,20,|T=0,0,0,0,|B=3,15,1,50;",6.07695197286637,NaN,0,1,0
274,high_noise,OUT70,G002,"M=20,20,20,20,|T=0,0,0,0,|B=2,15,1,50;",7.26233043413167,NaN,0,1,1
274,high_noise,OUT70,G003,"M=20,20,20,20,|T=0,0,0,0,|B=1,15,1,50;",6.07695197286637,NaN,0,0,1
275,synchronous,OUT70,MIRROR_M3,"M=20,20,20,20,|T=0,0,0,0,|B=3,15,1,50;",5.18498930489124,NaN,0,1,1
275,synchronous,OUT70,G002,"M=20,20,20,20,|T=0,0,0,0,|B=2,15,1,50;",6.74608675738242,NaN,0,1,1
275,synchronous,OUT70,G003,"M=20,20,20,20,|T=0,0,0,0,|B=1,15,1,50;",5.18498930489124,NaN,0,0,0
275,asynchronous,OUT70,MIRROR_M3,"M=20,20,20,20,|T=0,0,0,0,|B=3,15,1,50;",5.18498930489124,NaN,0,1,1
275,asynchronous,OUT70,G002,"M=20,20,20,20,|T=0,0,0,0,|B=2,15,1,50;",6.74608675738242,NaN,0,1,1
275,asynchronous,OUT70,G003,"M=20,20,20,20,|T=0,0,0,0,|B=1,15,1,50;",5.18498930489124,NaN,0,0,0
275,high_noise,OUT70,MIRROR_M3,"M=20,20,20,20,|T=0,0,0,0,|B=3,15,1,50;",5.18498930489124,NaN,0,1,1
275,high_noise,OUT70,G002,"M=20,20,20,20,|T=0,0,0,0,|B=2,15,1,50;",6.74608675738242,NaN,0,1,1
275,high_noise,OUT70,G003,"M=20,20,20,20,|T=0,0,0,0,|B=1,15,1,50;",5.18498930489124,NaN,0,0,0
276,synchronous,OUT70,MIRROR_M3,"M=20,20,20,20,|T=0,0,0,0,|B=3,15,1,50;",5.62999614790424,NaN,0,1,1
276,synchronous,OUT70,G002,"M=20,20,20,20,|T=0,0,0,0,|B=2,15,1,50;",7.0047221685739,NaN,0,1,1
276,synchronous,OUT70,G003,"M=20,20,20,20,|T=0,0,0,0,|B=1,15,1,50;",5.62999614790424,NaN,0,0,0
276,asynchronous,OUT70,MIRROR_M3,"M=20,20,20,20,|T=0,0,0,0,|B=3,15,1,50;",5.62999614790424,NaN,0,1,1
276,asynchronous,OUT70,G002,"M=20,20,20,20,|T=0,0,0,0,|B=2,15,1,50;",7.0047221685739,NaN,0,1,1
276,asynchronous,OUT70,G003,"M=20,20,20,20,|T=0,0,0,0,|B=1,15,1,50;",5.62999614790424,NaN,0,0,0
276,high_noise,OUT70,MIRROR_M3,"M=20,20,20,20,|T=0,0,0,0,|B=3,15,1,50;",5.62999614790424,NaN,0,1,1
276,high_noise,OUT70,G002,"M=20,20,20,20,|T=0,0,0,0,|B=2,15,1,50;",7.0047221685739,NaN,0,1,1
276,high_noise,OUT70,G003,"M=20,20,20,20,|T=0,0,0,0,|B=1,15,1,50;",5.62999614790424,NaN,0,0,0
277,synchronous,OUT70,MIRROR_M3,"M=20,20,20,20,|T=0,0,0,0,|B=3,15,1,50;",5.63826872374518,NaN,0,1,0
277,synchronous,OUT70,G002,"M=20,20,20,20,|T=0,0,0,0,|B=2,15,1,50;",7.13122465726473,NaN,0,1,1
277,synchronous,OUT70,G003,"M=20,20,20,20,|T=0,0,0,0,|B=1,15,1,50;",5.63826872374518,NaN,0,0,1
277,asynchronous,OUT70,MIRROR_M3,"M=20,20,20,20,|T=0,0,0,0,|B=3,15,1,50;",5.63826872374518,NaN,0,0,0
277,asynchronous,OUT70,G002,"M=20,20,20,20,|T=0,0,0,0,|B=2,15,1,50;",7.13122465726473,NaN,0,0,1
277,asynchronous,OUT70,G003,"M=20,20,20,20,|T=0,0,0,0,|B=1,15,1,50;",5.63826872374518,NaN,0,1,0
277,high_noise,OUT70,MIRROR_M3,"M=20,20,20,20,|T=0,0,0,0,|B=3,15,1,50;",5.63826872374518,NaN,0,0,0
277,high_noise,OUT70,G002,"M=20,20,20,20,|T=0,0,0,0,|B=2,15,1,50;",7.13122465726473,NaN,0,0,1
277,high_noise,OUT70,G003,"M=20,20,20,20,|T=0,0,0,0,|B=1,15,1,50;",5.63826872374518,NaN,0,1,0
278,synchronous,OUT70,MIRROR_M3,"M=20,20,20,20,|T=0,0,0,0,|B=3,15,1,50;",5.38654777633136,NaN,0,1,1
278,synchronous,OUT70,G002,"M=20,20,20,20,|T=0,0,0,0,|B=2,15,1,50;",6.91915703342775,NaN,0,1,1
278,synchronous,OUT70,G003,"M=20,20,20,20,|T=0,0,0,0,|B=1,15,1,50;",5.38654777633136,NaN,0,0,0
278,asynchronous,OUT70,MIRROR_M3,"M=20,20,20,20,|T=0,0,0,0,|B=3,15,1,50;",5.38654777633136,NaN,0,0,1
278,asynchronous,OUT70,G002,"M=20,20,20,20,|T=0,0,0,0,|B=2,15,1,50;",6.91915703342775,NaN,0,1,1
278,asynchronous,OUT70,G003,"M=20,20,20,20,|T=0,0,0,0,|B=1,15,1,50;",5.38654777633136,NaN,0,1,0
278,high_noise,OUT70,MIRROR_M3,"M=20,20,20,20,|T=0,0,0,0,|B=3,15,1,50;",5.38654777633136,NaN,0,0,1
278,high_noise,OUT70,G002,"M=20,20,20,20,|T=0,0,0,0,|B=2,15,1,50;",6.91915703342775,NaN,0,1,1
278,high_noise,OUT70,G003,"M=20,20,20,20,|T=0,0,0,0,|B=1,15,1,50;",5.38654777633136,NaN,0,1,0
279,synchronous,OUT70,MIRROR_M3,"M=20,20,20,20,|T=0,0,0,0,|B=3,15,1,50;",5.08364056490693,NaN,0,1,0
279,synchronous,OUT70,G002,"M=20,20,20,20,|T=0,0,0,0,|B=2,15,1,50;",6.73251104351651,NaN,0,1,1
279,synchronous,OUT70,G003,"M=20,20,20,20,|T=0,0,0,0,|B=1,15,1,50;",5.08364056490693,NaN,0,0,1
279,asynchronous,OUT70,MIRROR_M3,"M=20,20,20,20,|T=0,0,0,0,|B=3,15,1,50;",5.08364056490693,NaN,0,1,0
279,asynchronous,OUT70,G002,"M=20,20,20,20,|T=0,0,0,0,|B=2,15,1,50;",6.73251104351651,NaN,0,1,1
279,asynchronous,OUT70,G003,"M=20,20,20,20,|T=0,0,0,0,|B=1,15,1,50;",5.08364056490693,NaN,0,0,1
279,high_noise,OUT70,MIRROR_M3,"M=20,20,20,20,|T=0,0,0,0,|B=3,15,1,50;",5.08364056490693,NaN,0,1,0
279,high_noise,OUT70,G002,"M=20,20,20,20,|T=0,0,0,0,|B=2,15,1,50;",6.73251104351651,NaN,0,1,1
279,high_noise,OUT70,G003,"M=20,20,20,20,|T=0,0,0,0,|B=1,15,1,50;",5.08364056490693,NaN,0,0,1
280,synchronous,OUT70,MIRROR_M3,"M=20,20,20,20,|T=0,0,0,0,|B=3,15,1,50;",6.44358875712047,NaN,0,1,1
280,synchronous,OUT70,G002,"M=20,20,20,20,|T=0,0,0,0,|B=2,15,1,50;",7.70856810968361,NaN,0,1,0
280,synchronous,OUT70,G003,"M=20,20,20,20,|T=0,0,0,0,|B=1,15,1,50;",6.44358875712047,NaN,0,0,1
280,asynchronous,OUT70,MIRROR_M3,"M=20,20,20,20,|T=0,0,0,0,|B=3,15,1,50;",6.44358875712047,NaN,0,1,1
280,asynchronous,OUT70,G002,"M=20,20,20,20,|T=0,0,0,0,|B=2,15,1,50;",7.70856810968361,NaN,0,1,0
280,asynchronous,OUT70,G003,"M=20,20,20,20,|T=0,0,0,0,|B=1,15,1,50;",6.44358875712047,NaN,0,0,1
280,high_noise,OUT70,MIRROR_M3,"M=20,20,20,20,|T=0,0,0,0,|B=3,15,1,50;",6.44358875712047,NaN,0,1,1
280,high_noise,OUT70,G002,"M=20,20,20,20,|T=0,0,0,0,|B=2,15,1,50;",7.70856810968361,NaN,0,1,0
280,high_noise,OUT70,G003,"M=20,20,20,20,|T=0,0,0,0,|B=1,15,1,50;",6.44358875712047,NaN,0,0,1
281,synchronous,OUT70,MIRROR_M3,"M=20,20,20,20,|T=0,0,0,0,|B=3,15,1,50;",4.88044971412433,NaN,0,1,0
281,synchronous,OUT70,G002,"M=20,20,20,20,|T=0,0,0,0,|B=2,15,1,50;",6.65906567905934,NaN,0,1,1
281,synchronous,OUT70,G003,"M=20,20,20,20,|T=0,0,0,0,|B=1,15,1,50;",4.88044971412433,NaN,0,0,1
281,asynchronous,OUT70,MIRROR_M3,"M=20,20,20,20,|T=0,0,0,0,|B=3,15,1,50;",4.88044971412433,NaN,0,1,0
281,asynchronous,OUT70,G002,"M=20,20,20,20,|T=0,0,0,0,|B=2,15,1,50;",6.65906567905934,NaN,0,1,1
281,asynchronous,OUT70,G003,"M=20,20,20,20,|T=0,0,0,0,|B=1,15,1,50;",4.88044971412433,NaN,0,0,1
281,high_noise,OUT70,MIRROR_M3,"M=20,20,20,20,|T=0,0,0,0,|B=3,15,1,50;",4.88044971412433,NaN,0,1,0
281,high_noise,OUT70,G002,"M=20,20,20,20,|T=0,0,0,0,|B=2,15,1,50;",6.65906567905934,NaN,0,1,1
281,high_noise,OUT70,G003,"M=20,20,20,20,|T=0,0,0,0,|B=1,15,1,50;",4.88044971412433,NaN,0,0,1
282,synchronous,OUT70,MIRROR_M3,"M=20,20,20,20,|T=0,0,0,0,|B=3,15,1,50;",6.09515485639896,NaN,0,1,1
282,synchronous,OUT70,G002,"M=20,20,20,20,|T=0,0,0,0,|B=2,15,1,50;",7.61209880537144,NaN,0,1,0
282,synchronous,OUT70,G003,"M=20,20,20,20,|T=0,0,0,0,|B=1,15,1,50;",6.09515485639897,NaN,0,0,1
282,asynchronous,OUT70,MIRROR_M3,"M=20,20,20,20,|T=0,0,0,0,|B=3,15,1,50;",6.09515485639896,NaN,0,1,1
282,asynchronous,OUT70,G002,"M=20,20,20,20,|T=0,0,0,0,|B=2,15,1,50;",7.61209880537144,NaN,0,1,0
282,asynchronous,OUT70,G003,"M=20,20,20,20,|T=0,0,0,0,|B=1,15,1,50;",6.09515485639897,NaN,0,0,1
282,high_noise,OUT70,MIRROR_M3,"M=20,20,20,20,|T=0,0,0,0,|B=3,15,1,50;",6.09515485639896,NaN,0,1,1
282,high_noise,OUT70,G002,"M=20,20,20,20,|T=0,0,0,0,|B=2,15,1,50;",7.61209880537144,NaN,0,1,0
282,high_noise,OUT70,G003,"M=20,20,20,20,|T=0,0,0,0,|B=1,15,1,50;",6.09515485639897,NaN,0,0,1
283,synchronous,OUT70,MIRROR_M3,"M=20,20,20,20,|T=0,0,0,0,|B=3,15,1,50;",6.41508021384759,NaN,0,1,1
283,synchronous,OUT70,G002,"M=20,20,20,20,|T=0,0,0,0,|B=2,15,1,50;",7.60572019275907,NaN,0,1,0
283,synchronous,OUT70,G003,"M=20,20,20,20,|T=0,0,0,0,|B=1,15,1,50;",6.41508021384759,NaN,0,0,1
283,asynchronous,OUT70,MIRROR_M3,"M=20,20,20,20,|T=0,0,0,0,|B=3,15,1,50;",6.41508021384759,NaN,0,1,1
283,asynchronous,OUT70,G002,"M=20,20,20,20,|T=0,0,0,0,|B=2,15,1,50;",7.60572019275907,NaN,0,1,0
283,asynchronous,OUT70,G003,"M=20,20,20,20,|T=0,0,0,0,|B=1,15,1,50;",6.41508021384759,NaN,0,0,1
283,high_noise,OUT70,MIRROR_M3,"M=20,20,20,20,|T=0,0,0,0,|B=3,15,1,50;",6.41508021384759,NaN,0,1,1
283,high_noise,OUT70,G002,"M=20,20,20,20,|T=0,0,0,0,|B=2,15,1,50;",7.60572019275907,NaN,0,1,0
283,high_noise,OUT70,G003,"M=20,20,20,20,|T=0,0,0,0,|B=1,15,1,50;",6.41508021384759,NaN,0,0,1
284,synchronous,OUT70,MIRROR_M3,"M=20,20,20,20,|T=0,0,0,0,|B=3,15,1,50;",4.73015140840674,NaN,0,1,1
284,synchronous,OUT70,G002,"M=20,20,20,20,|T=0,0,0,0,|B=2,15,1,50;",6.57494364700387,NaN,0,1,1
284,synchronous,OUT70,G003,"M=20,20,20,20,|T=0,0,0,0,|B=1,15,1,50;",4.73015140840674,NaN,0,0,0
284,asynchronous,OUT70,MIRROR_M3,"M=20,20,20,20,|T=0,0,0,0,|B=3,15,1,50;",4.73015140840674,NaN,0,1,1
284,asynchronous,OUT70,G002,"M=20,20,20,20,|T=0,0,0,0,|B=2,15,1,50;",6.57494364700387,NaN,0,1,1
284,asynchronous,OUT70,G003,"M=20,20,20,20,|T=0,0,0,0,|B=1,15,1,50;",4.73015140840674,NaN,0,0,0
284,high_noise,OUT70,MIRROR_M3,"M=20,20,20,20,|T=0,0,0,0,|B=3,15,1,50;",4.73015140840674,NaN,0,1,1
284,high_noise,OUT70,G002,"M=20,20,20,20,|T=0,0,0,0,|B=2,15,1,50;",6.57494364700387,NaN,0,1,1
284,high_noise,OUT70,G003,"M=20,20,20,20,|T=0,0,0,0,|B=1,15,1,50;",4.73015140840674,NaN,0,0,0
285,synchronous,OUT70,MIRROR_M3,"M=20,20,20,20,|T=0,0,0,0,|B=3,15,1,50;",5.63702114522626,NaN,0,1,1
285,synchronous,OUT70,G002,"M=20,20,20,20,|T=0,0,0,0,|B=2,15,1,50;",7.04801602724079,NaN,0,1,0
285,synchronous,OUT70,G003,"M=20,20,20,20,|T=0,0,0,0,|B=1,15,1,50;",5.63702114522625,NaN,0,0,1
285,asynchronous,OUT70,MIRROR_M3,"M=20,20,20,20,|T=0,0,0,0,|B=3,15,1,50;",5.63702114522626,NaN,0,0,0
285,asynchronous,OUT70,G002,"M=20,20,20,20,|T=0,0,0,0,|B=2,15,1,50;",7.04801602724079,NaN,0,0,0
285,asynchronous,OUT70,G003,"M=20,20,20,20,|T=0,0,0,0,|B=1,15,1,50;",5.63702114522625,NaN,0,0,0
285,high_noise,OUT70,MIRROR_M3,"M=20,20,20,20,|T=0,0,0,0,|B=3,15,1,50;",5.63702114522626,NaN,0,0,0
285,high_noise,OUT70,G002,"M=20,20,20,20,|T=0,0,0,0,|B=2,15,1,50;",7.04801602724079,NaN,0,0,0
285,high_noise,OUT70,G003,"M=20,20,20,20,|T=0,0,0,0,|B=1,15,1,50;",5.63702114522625,NaN,0,0,0
286,synchronous,OUT70,MIRROR_M3,"M=20,20,20,20,|T=0,0,0,0,|B=3,15,1,50;",5.77985562367572,NaN,0,1,0
286,synchronous,OUT70,G002,"M=20,20,20,20,|T=0,0,0,0,|B=2,15,1,50;",7.24528755068027,NaN,0,1,1
286,synchronous,OUT70,G003,"M=20,20,20,20,|T=0,0,0,0,|B=1,15,1,50;",5.77985562367572,NaN,0,0,1
286,asynchronous,OUT70,MIRROR_M3,"M=20,20,20,20,|T=0,0,0,0,|B=3,15,1,50;",5.77985562367572,NaN,0,1,0
286,asynchronous,OUT70,G002,"M=20,20,20,20,|T=0,0,0,0,|B=2,15,1,50;",7.24528755068027,NaN,0,1,1
286,asynchronous,OUT70,G003,"M=20,20,20,20,|T=0,0,0,0,|B=1,15,1,50;",5.77985562367572,NaN,0,0,1
286,high_noise,OUT70,MIRROR_M3,"M=20,20,20,20,|T=0,0,0,0,|B=3,15,1,50;",5.77985562367572,NaN,0,1,0
286,high_noise,OUT70,G002,"M=20,20,20,20,|T=0,0,0,0,|B=2,15,1,50;",7.24528755068027,NaN,0,1,1
286,high_noise,OUT70,G003,"M=20,20,20,20,|T=0,0,0,0,|B=1,15,1,50;",5.77985562367572,NaN,0,0,1
287,synchronous,OUT70,MIRROR_M3,"M=20,20,20,20,|T=0,0,0,0,|B=3,15,1,50;",4.80671953311856,NaN,0,1,1
287,synchronous,OUT70,G002,"M=20,20,20,20,|T=0,0,0,0,|B=2,15,1,50;",6.51948134795106,NaN,0,1,1
287,synchronous,OUT70,G003,"M=20,20,20,20,|T=0,0,0,0,|B=1,15,1,50;",4.80671953311856,NaN,0,0,0
287,asynchronous,OUT70,MIRROR_M3,"M=20,20,20,20,|T=0,0,0,0,|B=3,15,1,50;",4.80671953311856,NaN,0,1,1
287,asynchronous,OUT70,G002,"M=20,20,20,20,|T=0,0,0,0,|B=2,15,1,50;",6.51948134795106,NaN,0,1,1
287,asynchronous,OUT70,G003,"M=20,20,20,20,|T=0,0,0,0,|B=1,15,1,50;",4.80671953311856,NaN,0,0,0
287,high_noise,OUT70,MIRROR_M3,"M=20,20,20,20,|T=0,0,0,0,|B=3,15,1,50;",4.80671953311856,NaN,0,1,1
287,high_noise,OUT70,G002,"M=20,20,20,20,|T=0,0,0,0,|B=2,15,1,50;",6.51948134795106,NaN,0,1,1
287,high_noise,OUT70,G003,"M=20,20,20,20,|T=0,0,0,0,|B=1,15,1,50;",4.80671953311856,NaN,0,0,0
288,synchronous,OUT70,MIRROR_M3,"M=20,20,20,20,|T=0,0,0,0,|B=3,15,1,50;",6.03101908011612,NaN,0,1,0
288,synchronous,OUT70,G002,"M=20,20,20,20,|T=0,0,0,0,|B=2,15,1,50;",7.483631395245,NaN,0,1,1
288,synchronous,OUT70,G003,"M=20,20,20,20,|T=0,0,0,0,|B=1,15,1,50;",6.03101908011612,NaN,0,0,1
288,asynchronous,OUT70,MIRROR_M3,"M=20,20,20,20,|T=0,0,0,0,|B=3,15,1,50;",6.03101908011612,NaN,0,0,0
288,asynchronous,OUT70,G002,"M=20,20,20,20,|T=0,0,0,0,|B=2,15,1,50;",7.483631395245,NaN,0,1,1
288,asynchronous,OUT70,G003,"M=20,20,20,20,|T=0,0,0,0,|B=1,15,1,50;",6.03101908011612,NaN,0,1,1
288,high_noise,OUT70,MIRROR_M3,"M=20,20,20,20,|T=0,0,0,0,|B=3,15,1,50;",6.03101908011612,NaN,0,0,0
288,high_noise,OUT70,G002,"M=20,20,20,20,|T=0,0,0,0,|B=2,15,1,50;",7.483631395245,NaN,0,1,1
288,high_noise,OUT70,G003,"M=20,20,20,20,|T=0,0,0,0,|B=1,15,1,50;",6.03101908011612,NaN,0,1,1
289,synchronous,OUT70,MIRROR_M3,"M=20,20,20,20,|T=0,0,0,0,|B=3,15,1,50;",4.93203415008875,NaN,0,1,0
289,synchronous,OUT70,G002,"M=20,20,20,20,|T=0,0,0,0,|B=2,15,1,50;",6.65161454703553,NaN,0,1,1
289,synchronous,OUT70,G003,"M=20,20,20,20,|T=0,0,0,0,|B=1,15,1,50;",4.93203415008875,NaN,0,0,1
289,asynchronous,OUT70,MIRROR_M3,"M=20,20,20,20,|T=0,0,0,0,|B=3,15,1,50;",4.93203415008875,NaN,0,1,0
289,asynchronous,OUT70,G002,"M=20,20,20,20,|T=0,0,0,0,|B=2,15,1,50;",6.65161454703553,NaN,0,1,1
289,asynchronous,OUT70,G003,"M=20,20,20,20,|T=0,0,0,0,|B=1,15,1,50;",4.93203415008875,NaN,0,0,1
289,high_noise,OUT70,MIRROR_M3,"M=20,20,20,20,|T=0,0,0,0,|B=3,15,1,50;",4.93203415008875,NaN,0,1,0
289,high_noise,OUT70,G002,"M=20,20,20,20,|T=0,0,0,0,|B=2,15,1,50;",6.65161454703553,NaN,0,1,1
289,high_noise,OUT70,G003,"M=20,20,20,20,|T=0,0,0,0,|B=1,15,1,50;",4.93203415008875,NaN,0,0,1
290,synchronous,OUT70,MIRROR_M3,"M=20,20,20,20,|T=0,0,0,0,|B=3,15,1,50;",4.58503619930569,NaN,0,1,1
290,synchronous,OUT70,G002,"M=20,20,20,20,|T=0,0,0,0,|B=2,15,1,50;",6.33870621345639,NaN,0,1,1
290,synchronous,OUT70,G003,"M=20,20,20,20,|T=0,0,0,0,|B=1,15,1,50;",4.58503619930569,NaN,0,0,0
290,asynchronous,OUT70,MIRROR_M3,"M=20,20,20,20,|T=0,0,0,0,|B=3,15,1,50;",4.58503619930569,NaN,0,1,1
290,asynchronous,OUT70,G002,"M=20,20,20,20,|T=0,0,0,0,|B=2,15,1,50;",6.33870621345639,NaN,0,1,1
290,asynchronous,OUT70,G003,"M=20,20,20,20,|T=0,0,0,0,|B=1,15,1,50;",4.58503619930569,NaN,0,0,0
290,high_noise,OUT70,MIRROR_M3,"M=20,20,20,20,|T=0,0,0,0,|B=3,15,1,50;",4.58503619930569,NaN,0,1,1
290,high_noise,OUT70,G002,"M=20,20,20,20,|T=0,0,0,0,|B=2,15,1,50;",6.33870621345639,NaN,0,1,1
290,high_noise,OUT70,G003,"M=20,20,20,20,|T=0,0,0,0,|B=1,15,1,50;",4.58503619930569,NaN,0,0,0
291,synchronous,OUT70,MIRROR_M3,"M=20,20,20,20,|T=0,0,0,0,|B=3,15,1,50;",4.76346703939497,NaN,0,1,1
291,synchronous,OUT70,G002,"M=20,20,20,20,|T=0,0,0,0,|B=2,15,1,50;",6.54366925353623,NaN,0,1,0
291,synchronous,OUT70,G003,"M=20,20,20,20,|T=0,0,0,0,|B=1,15,1,50;",4.76346703939497,NaN,0,0,1
291,asynchronous,OUT70,MIRROR_M3,"M=20,20,20,20,|T=0,0,0,0,|B=3,15,1,50;",4.76346703939497,NaN,0,1,1
291,asynchronous,OUT70,G002,"M=20,20,20,20,|T=0,0,0,0,|B=2,15,1,50;",6.54366925353623,NaN,0,1,0
291,asynchronous,OUT70,G003,"M=20,20,20,20,|T=0,0,0,0,|B=1,15,1,50;",4.76346703939497,NaN,0,0,1
291,high_noise,OUT70,MIRROR_M3,"M=20,20,20,20,|T=0,0,0,0,|B=3,15,1,50;",4.76346703939497,NaN,0,1,1
291,high_noise,OUT70,G002,"M=20,20,20,20,|T=0,0,0,0,|B=2,15,1,50;",6.54366925353623,NaN,0,1,0
291,high_noise,OUT70,G003,"M=20,20,20,20,|T=0,0,0,0,|B=1,15,1,50;",4.76346703939497,NaN,0,0,1
292,synchronous,OUT70,MIRROR_M3,"M=20,20,20,20,|T=0,0,0,0,|B=3,15,1,50;",6.20052303516447,NaN,0,1,1
292,synchronous,OUT70,G002,"M=20,20,20,20,|T=0,0,0,0,|B=2,15,1,50;",7.58414636418577,NaN,0,1,0
292,synchronous,OUT70,G003,"M=20,20,20,20,|T=0,0,0,0,|B=1,15,1,50;",6.20052303516447,NaN,0,0,1
292,asynchronous,OUT70,MIRROR_M3,"M=20,20,20,20,|T=0,0,0,0,|B=3,15,1,50;",6.20052303516447,NaN,0,1,1
292,asynchronous,OUT70,G002,"M=20,20,20,20,|T=0,0,0,0,|B=2,15,1,50;",7.58414636418577,NaN,0,1,0
292,asynchronous,OUT70,G003,"M=20,20,20,20,|T=0,0,0,0,|B=1,15,1,50;",6.20052303516447,NaN,0,0,1
292,high_noise,OUT70,MIRROR_M3,"M=20,20,20,20,|T=0,0,0,0,|B=3,15,1,50;",6.20052303516447,NaN,0,1,1
292,high_noise,OUT70,G002,"M=20,20,20,20,|T=0,0,0,0,|B=2,15,1,50;",7.58414636418577,NaN,0,1,0
292,high_noise,OUT70,G003,"M=20,20,20,20,|T=0,0,0,0,|B=1,15,1,50;",6.20052303516447,NaN,0,0,1
293,synchronous,OUT70,MIRROR_M3,"M=20,20,20,20,|T=0,0,0,0,|B=3,15,1,50;",5.22417439707163,NaN,0,1,1
293,synchronous,OUT70,G002,"M=20,20,20,20,|T=0,0,0,0,|B=2,15,1,50;",6.88351022409848,NaN,0,1,0
293,synchronous,OUT70,G003,"M=20,20,20,20,|T=0,0,0,0,|B=1,15,1,50;",5.22417439707163,NaN,0,0,1
293,asynchronous,OUT70,MIRROR_M3,"M=20,20,20,20,|T=0,0,0,0,|B=3,15,1,50;",5.22417439707163,NaN,0,1,1
293,asynchronous,OUT70,G002,"M=20,20,20,20,|T=0,0,0,0,|B=2,15,1,50;",6.88351022409848,NaN,0,1,1
293,asynchronous,OUT70,G003,"M=20,20,20,20,|T=0,0,0,0,|B=1,15,1,50;",5.22417439707163,NaN,0,1,1
293,high_noise,OUT70,MIRROR_M3,"M=20,20,20,20,|T=0,0,0,0,|B=3,15,1,50;",5.22417439707163,NaN,0,1,1
293,high_noise,OUT70,G002,"M=20,20,20,20,|T=0,0,0,0,|B=2,15,1,50;",6.88351022409848,NaN,0,1,1
293,high_noise,OUT70,G003,"M=20,20,20,20,|T=0,0,0,0,|B=1,15,1,50;",5.22417439707163,NaN,0,1,1
294,synchronous,OUT70,MIRROR_M3,"M=20,20,20,20,|T=0,0,0,0,|B=3,15,1,50;",6.16955302549959,NaN,0,1,0
294,synchronous,OUT70,G002,"M=20,20,20,20,|T=0,0,0,0,|B=2,15,1,50;",7.60745519514415,NaN,0,1,1
294,synchronous,OUT70,G003,"M=20,20,20,20,|T=0,0,0,0,|B=1,15,1,50;",6.16955302549959,NaN,0,0,1
294,asynchronous,OUT70,MIRROR_M3,"M=20,20,20,20,|T=0,0,0,0,|B=3,15,1,50;",6.16955302549959,NaN,0,1,0
294,asynchronous,OUT70,G002,"M=20,20,20,20,|T=0,0,0,0,|B=2,15,1,50;",7.60745519514415,NaN,0,1,1
294,asynchronous,OUT70,G003,"M=20,20,20,20,|T=0,0,0,0,|B=1,15,1,50;",6.16955302549959,NaN,0,0,1
294,high_noise,OUT70,MIRROR_M3,"M=20,20,20,20,|T=0,0,0,0,|B=3,15,1,50;",6.16955302549959,NaN,0,1,0
294,high_noise,OUT70,G002,"M=20,20,20,20,|T=0,0,0,0,|B=2,15,1,50;",7.60745519514415,NaN,0,1,1
294,high_noise,OUT70,G003,"M=20,20,20,20,|T=0,0,0,0,|B=1,15,1,50;",6.16955302549959,NaN,0,0,1
295,synchronous,OUT70,MIRROR_M3,"M=20,20,20,20,|T=0,0,0,0,|B=3,15,1,50;",5.6854577274412,NaN,0,1,1
295,synchronous,OUT70,G002,"M=20,20,20,20,|T=0,0,0,0,|B=2,15,1,50;",6.97124960311038,NaN,0,1,0
295,synchronous,OUT70,G003,"M=20,20,20,20,|T=0,0,0,0,|B=1,15,1,50;",5.6854577274412,NaN,0,0,1
295,asynchronous,OUT70,MIRROR_M3,"M=20,20,20,20,|T=0,0,0,0,|B=3,15,1,50;",5.6854577274412,NaN,0,1,1
295,asynchronous,OUT70,G002,"M=20,20,20,20,|T=0,0,0,0,|B=2,15,1,50;",6.97124960311038,NaN,0,1,0
295,asynchronous,OUT70,G003,"M=20,20,20,20,|T=0,0,0,0,|B=1,15,1,50;",5.6854577274412,NaN,0,0,1
295,high_noise,OUT70,MIRROR_M3,"M=20,20,20,20,|T=0,0,0,0,|B=3,15,1,50;",5.6854577274412,NaN,0,1,1
295,high_noise,OUT70,G002,"M=20,20,20,20,|T=0,0,0,0,|B=2,15,1,50;",6.97124960311038,NaN,0,1,0
295,high_noise,OUT70,G003,"M=20,20,20,20,|T=0,0,0,0,|B=1,15,1,50;",5.6854577274412,NaN,0,0,1
296,synchronous,OUT70,MIRROR_M3,"M=20,20,20,20,|T=0,0,0,0,|B=3,15,1,50;",5.34227772998176,NaN,0,1,0
296,synchronous,OUT70,G002,"M=20,20,20,20,|T=0,0,0,0,|B=2,15,1,50;",6.97072681489421,NaN,0,1,1
296,synchronous,OUT70,G003,"M=20,20,20,20,|T=0,0,0,0,|B=1,15,1,50;",5.34227772998176,NaN,0,0,1
296,asynchronous,OUT70,MIRROR_M3,"M=20,20,20,20,|T=0,0,0,0,|B=3,15,1,50;",5.34227772998176,NaN,0,1,0
296,asynchronous,OUT70,G002,"M=20,20,20,20,|T=0,0,0,0,|B=2,15,1,50;",6.97072681489421,NaN,0,1,1
296,asynchronous,OUT70,G003,"M=20,20,20,20,|T=0,0,0,0,|B=1,15,1,50;",5.34227772998176,NaN,0,0,1
296,high_noise,OUT70,MIRROR_M3,"M=20,20,20,20,|T=0,0,0,0,|B=3,15,1,50;",5.34227772998176,NaN,0,1,0
296,high_noise,OUT70,G002,"M=20,20,20,20,|T=0,0,0,0,|B=2,15,1,50;",6.97072681489421,NaN,0,1,1
296,high_noise,OUT70,G003,"M=20,20,20,20,|T=0,0,0,0,|B=1,15,1,50;",5.34227772998176,NaN,0,0,1
297,synchronous,OUT70,MIRROR_M3,"M=20,20,20,20,|T=0,0,0,0,|B=3,15,1,50;",4.76187346274771,NaN,0,1,1
297,synchronous,OUT70,G002,"M=20,20,20,20,|T=0,0,0,0,|B=2,15,1,50;",6.56854626549586,NaN,0,1,0
297,synchronous,OUT70,G003,"M=20,20,20,20,|T=0,0,0,0,|B=1,15,1,50;",4.76187346274771,NaN,0,0,1
297,asynchronous,OUT70,MIRROR_M3,"M=20,20,20,20,|T=0,0,0,0,|B=3,15,1,50;",4.76187346274771,NaN,0,1,1
297,asynchronous,OUT70,G002,"M=20,20,20,20,|T=0,0,0,0,|B=2,15,1,50;",6.56854626549586,NaN,0,1,0
297,asynchronous,OUT70,G003,"M=20,20,20,20,|T=0,0,0,0,|B=1,15,1,50;",4.76187346274771,NaN,0,0,1
297,high_noise,OUT70,MIRROR_M3,"M=20,20,20,20,|T=0,0,0,0,|B=3,15,1,50;",4.76187346274771,NaN,0,1,1
297,high_noise,OUT70,G002,"M=20,20,20,20,|T=0,0,0,0,|B=2,15,1,50;",6.56854626549586,NaN,0,1,0
297,high_noise,OUT70,G003,"M=20,20,20,20,|T=0,0,0,0,|B=1,15,1,50;",4.76187346274771,NaN,0,0,1
298,synchronous,OUT70,MIRROR_M3,"M=20,20,20,20,|T=0,0,0,0,|B=3,15,1,50;",4.69474647038529,NaN,0,1,1
298,synchronous,OUT70,G002,"M=20,20,20,20,|T=0,0,0,0,|B=2,15,1,50;",6.6244764468997,NaN,0,1,1
298,synchronous,OUT70,G003,"M=20,20,20,20,|T=0,0,0,0,|B=1,15,1,50;",4.69474647038529,NaN,0,0,0
298,asynchronous,OUT70,MIRROR_M3,"M=20,20,20,20,|T=0,0,0,0,|B=3,15,1,50;",4.69474647038529,NaN,0,1,1
298,asynchronous,OUT70,G002,"M=20,20,20,20,|T=0,0,0,0,|B=2,15,1,50;",6.6244764468997,NaN,0,1,1
298,asynchronous,OUT70,G003,"M=20,20,20,20,|T=0,0,0,0,|B=1,15,1,50;",4.69474647038529,NaN,0,0,0
298,high_noise,OUT70,MIRROR_M3,"M=20,20,20,20,|T=0,0,0,0,|B=3,15,1,50;",4.69474647038529,NaN,0,1,1
298,high_noise,OUT70,G002,"M=20,20,20,20,|T=0,0,0,0,|B=2,15,1,50;",6.6244764468997,NaN,0,1,1
298,high_noise,OUT70,G003,"M=20,20,20,20,|T=0,0,0,0,|B=1,15,1,50;",4.69474647038529,NaN,0,0,0
299,synchronous,OUT70,MIRROR_M3,"M=20,20,20,20,|T=0,0,0,0,|B=3,15,1,50;",4.5093564675945,NaN,0,1,1
299,synchronous,OUT70,G002,"M=20,20,20,20,|T=0,0,0,0,|B=2,15,1,50;",6.45167799098649,NaN,0,1,1
299,synchronous,OUT70,G003,"M=20,20,20,20,|T=0,0,0,0,|B=1,15,1,50;",4.5093564675945,NaN,0,0,0
299,asynchronous,OUT70,MIRROR_M3,"M=20,20,20,20,|T=0,0,0,0,|B=3,15,1,50;",4.5093564675945,NaN,0,1,1
299,asynchronous,OUT70,G002,"M=20,20,20,20,|T=0,0,0,0,|B=2,15,1,50;",6.45167799098649,NaN,0,1,1
299,asynchronous,OUT70,G003,"M=20,20,20,20,|T=0,0,0,0,|B=1,15,1,50;",4.5093564675945,NaN,0,0,0
299,high_noise,OUT70,MIRROR_M3,"M=20,20,20,20,|T=0,0,0,0,|B=3,15,1,50;",4.5093564675945,NaN,0,1,1
299,high_noise,OUT70,G002,"M=20,20,20,20,|T=0,0,0,0,|B=2,15,1,50;",6.45167799098649,NaN,0,1,1
299,high_noise,OUT70,G003,"M=20,20,20,20,|T=0,0,0,0,|B=1,15,1,50;",4.5093564675945,NaN,0,0,0
300,synchronous,OUT70,MIRROR_M3,"M=20,20,20,20,|T=0,0,0,0,|B=3,15,1,50;",5.58010540016285,NaN,0,1,1
300,synchronous,OUT70,G002,"M=20,20,20,20,|T=0,0,0,0,|B=2,15,1,50;",7.10575421553187,NaN,0,1,0
300,synchronous,OUT70,G003,"M=20,20,20,20,|T=0,0,0,0,|B=1,15,1,50;",5.58010540016285,NaN,0,0,1
300,asynchronous,OUT70,MIRROR_M3,"M=20,20,20,20,|T=0,0,0,0,|B=3,15,1,50;",5.58010540016285,NaN,0,1,1
300,asynchronous,OUT70,G002,"M=20,20,20,20,|T=0,0,0,0,|B=2,15,1,50;",7.10575421553187,NaN,0,1,0
300,asynchronous,OUT70,G003,"M=20,20,20,20,|T=0,0,0,0,|B=1,15,1,50;",5.58010540016285,NaN,0,0,1
300,high_noise,OUT70,MIRROR_M3,"M=20,20,20,20,|T=0,0,0,0,|B=3,15,1,50;",5.58010540016285,NaN,0,1,1
300,high_noise,OUT70,G002,"M=20,20,20,20,|T=0,0,0,0,|B=2,15,1,50;",7.10575421553187,NaN,0,1,0
300,high_noise,OUT70,G003,"M=20,20,20,20,|T=0,0,0,0,|B=1,15,1,50;",5.58010540016285,NaN,0,0,1
301,synchronous,J30_002,EXT_021,"M=20,20,20,20,|T=0,0,0,0,|B=2,15,1,50;2,15,1,50;3,15,1,50;",4.52840379777576,NaN,0,1,1
301,synchronous,J30_002,EXT_012,"M=20,20,20,20,|T=0,0,0,0,|B=2,15,1,50;3,15,1,50;3,15,1,50;",4.20736733743105,NaN,0,1,0
301,synchronous,J30_002,EXT_120,"M=20,20,20,20,|T=0,0,0,0,|B=1,15,1,50;2,15,1,50;2,15,1,50;",4.52840379777576,NaN,0,1,1
301,synchronous,J30_002,EXT_111,"M=20,20,20,20,|T=0,0,0,0,|B=1,15,1,50;2,15,1,50;3,15,1,50;",4.42808896105674,NaN,0,0,0
301,synchronous,J30_002,EXT_102,"M=20,20,20,20,|T=0,0,0,0,|B=1,15,1,50;3,15,1,50;3,15,1,50;",4.24770942459588,NaN,0,0,1
301,synchronous,J30_002,EXT_210,"M=20,20,20,20,|T=0,0,0,0,|B=1,15,1,50;1,15,1,50;2,15,1,50;",4.20736733743105,NaN,0,0,0
301,synchronous,J30_002,EXT_201,"M=20,20,20,20,|T=0,0,0,0,|B=1,15,1,50;1,15,1,50;3,15,1,50;",4.24770942459588,NaN,0,0,0
301,asynchronous,J30_002,EXT_021,"M=20,20,20,20,|T=0,0,0,0,|B=2,15,1,50;2,15,1,50;3,15,1,50;",4.52840379777576,NaN,0,1,1
301,asynchronous,J30_002,EXT_012,"M=20,20,20,20,|T=0,0,0,0,|B=2,15,1,50;3,15,1,50;3,15,1,50;",4.20736733743105,NaN,0,0,0
301,asynchronous,J30_002,EXT_120,"M=20,20,20,20,|T=0,0,0,0,|B=1,15,1,50;2,15,1,50;2,15,1,50;",4.52840379777576,NaN,0,0,1
301,asynchronous,J30_002,EXT_111,"M=20,20,20,20,|T=0,0,0,0,|B=1,15,1,50;2,15,1,50;3,15,1,50;",4.42808896105674,NaN,0,0,0
301,asynchronous,J30_002,EXT_102,"M=20,20,20,20,|T=0,0,0,0,|B=1,15,1,50;3,15,1,50;3,15,1,50;",4.24770942459588,NaN,0,0,1
301,asynchronous,J30_002,EXT_210,"M=20,20,20,20,|T=0,0,0,0,|B=1,15,1,50;1,15,1,50;2,15,1,50;",4.20736733743105,NaN,0,1,0
301,asynchronous,J30_002,EXT_201,"M=20,20,20,20,|T=0,0,0,0,|B=1,15,1,50;1,15,1,50;3,15,1,50;",4.24770942459588,NaN,0,1,0
301,high_noise,J30_002,EXT_021,"M=20,20,20,20,|T=0,0,0,0,|B=2,15,1,50;2,15,1,50;3,15,1,50;",4.52840379777576,NaN,0,1,1
301,high_noise,J30_002,EXT_012,"M=20,20,20,20,|T=0,0,0,0,|B=2,15,1,50;3,15,1,50;3,15,1,50;",4.20736733743105,NaN,0,0,0
301,high_noise,J30_002,EXT_120,"M=20,20,20,20,|T=0,0,0,0,|B=1,15,1,50;2,15,1,50;2,15,1,50;",4.52840379777576,NaN,0,0,1
301,high_noise,J30_002,EXT_111,"M=20,20,20,20,|T=0,0,0,0,|B=1,15,1,50;2,15,1,50;3,15,1,50;",4.42808896105674,NaN,0,0,0
301,high_noise,J30_002,EXT_102,"M=20,20,20,20,|T=0,0,0,0,|B=1,15,1,50;3,15,1,50;3,15,1,50;",4.24770942459588,NaN,0,0,1
301,high_noise,J30_002,EXT_210,"M=20,20,20,20,|T=0,0,0,0,|B=1,15,1,50;1,15,1,50;2,15,1,50;",4.20736733743105,NaN,0,1,0
301,high_noise,J30_002,EXT_201,"M=20,20,20,20,|T=0,0,0,0,|B=1,15,1,50;1,15,1,50;3,15,1,50;",4.24770942459588,NaN,0,1,0
302,synchronous,J30_002,EXT_021,"M=20,20,20,20,|T=0,0,0,0,|B=2,15,1,50;2,15,1,50;3,15,1,50;",4.82142127335514,NaN,0,1,1
302,synchronous,J30_002,EXT_012,"M=20,20,20,20,|T=0,0,0,0,|B=2,15,1,50;3,15,1,50;3,15,1,50;",4.5463878675987,NaN,0,1,0
302,synchronous,J30_002,EXT_120,"M=20,20,20,20,|T=0,0,0,0,|B=1,15,1,50;2,15,1,50;2,15,1,50;",4.82142127335514,NaN,0,1,0
302,synchronous,J30_002,EXT_111,"M=20,20,20,20,|T=0,0,0,0,|B=1,15,1,50;2,15,1,50;3,15,1,50;",4.73473508567611,NaN,0,0,0
302,synchronous,J30_002,EXT_102,"M=20,20,20,20,|T=0,0,0,0,|B=1,15,1,50;3,15,1,50;3,15,1,50;",4.55524759641674,NaN,0,0,1
302,synchronous,J30_002,EXT_210,"M=20,20,20,20,|T=0,0,0,0,|B=1,15,1,50;1,15,1,50;2,15,1,50;",4.5463878675987,NaN,0,0,1
302,synchronous,J30_002,EXT_201,"M=20,20,20,20,|T=0,0,0,0,|B=1,15,1,50;1,15,1,50;3,15,1,50;",4.55524759641674,NaN,0,0,0
302,asynchronous,J30_002,EXT_021,"M=20,20,20,20,|T=0,0,0,0,|B=2,15,1,50;2,15,1,50;3,15,1,50;",4.82142127335514,NaN,0,1,1
302,asynchronous,J30_002,EXT_012,"M=20,20,20,20,|T=0,0,0,0,|B=2,15,1,50;3,15,1,50;3,15,1,50;",4.5463878675987,NaN,0,1,0
302,asynchronous,J30_002,EXT_120,"M=20,20,20,20,|T=0,0,0,0,|B=1,15,1,50;2,15,1,50;2,15,1,50;",4.82142127335514,NaN,0,1,0
302,asynchronous,J30_002,EXT_111,"M=20,20,20,20,|T=0,0,0,0,|B=1,15,1,50;2,15,1,50;3,15,1,50;",4.73473508567611,NaN,0,0,0
302,asynchronous,J30_002,EXT_102,"M=20,20,20,20,|T=0,0,0,0,|B=1,15,1,50;3,15,1,50;3,15,1,50;",4.55524759641674,NaN,0,0,1
302,asynchronous,J30_002,EXT_210,"M=20,20,20,20,|T=0,0,0,0,|B=1,15,1,50;1,15,1,50;2,15,1,50;",4.5463878675987,NaN,0,0,1
302,asynchronous,J30_002,EXT_201,"M=20,20,20,20,|T=0,0,0,0,|B=1,15,1,50;1,15,1,50;3,15,1,50;",4.55524759641674,NaN,0,0,0
302,high_noise,J30_002,EXT_021,"M=20,20,20,20,|T=0,0,0,0,|B=2,15,1,50;2,15,1,50;3,15,1,50;",4.82142127335514,NaN,0,1,1
302,high_noise,J30_002,EXT_012,"M=20,20,20,20,|T=0,0,0,0,|B=2,15,1,50;3,15,1,50;3,15,1,50;",4.5463878675987,NaN,0,1,0
302,high_noise,J30_002,EXT_120,"M=20,20,20,20,|T=0,0,0,0,|B=1,15,1,50;2,15,1,50;2,15,1,50;",4.82142127335514,NaN,0,1,0
302,high_noise,J30_002,EXT_111,"M=20,20,20,20,|T=0,0,0,0,|B=1,15,1,50;2,15,1,50;3,15,1,50;",4.73473508567611,NaN,0,0,0
302,high_noise,J30_002,EXT_102,"M=20,20,20,20,|T=0,0,0,0,|B=1,15,1,50;3,15,1,50;3,15,1,50;",4.55524759641674,NaN,0,0,1
302,high_noise,J30_002,EXT_210,"M=20,20,20,20,|T=0,0,0,0,|B=1,15,1,50;1,15,1,50;2,15,1,50;",4.5463878675987,NaN,0,0,1
302,high_noise,J30_002,EXT_201,"M=20,20,20,20,|T=0,0,0,0,|B=1,15,1,50;1,15,1,50;3,15,1,50;",4.55524759641674,NaN,0,0,0
303,synchronous,J30_002,EXT_021,"M=20,20,20,20,|T=0,0,0,0,|B=2,15,1,50;2,15,1,50;3,15,1,50;",4.86822212414288,NaN,0,1,1
303,synchronous,J30_002,EXT_012,"M=20,20,20,20,|T=0,0,0,0,|B=2,15,1,50;3,15,1,50;3,15,1,50;",4.58457428524044,NaN,0,1,0
303,synchronous,J30_002,EXT_120,"M=20,20,20,20,|T=0,0,0,0,|B=1,15,1,50;2,15,1,50;2,15,1,50;",4.86822212414288,NaN,0,1,1
303,synchronous,J30_002,EXT_111,"M=20,20,20,20,|T=0,0,0,0,|B=1,15,1,50;2,15,1,50;3,15,1,50;",4.74079923785522,NaN,0,0,1
303,synchronous,J30_002,EXT_102,"M=20,20,20,20,|T=0,0,0,0,|B=1,15,1,50;3,15,1,50;3,15,1,50;",4.6169347328464,NaN,0,0,0
303,synchronous,J30_002,EXT_210,"M=20,20,20,20,|T=0,0,0,0,|B=1,15,1,50;1,15,1,50;2,15,1,50;",4.58457428524044,NaN,0,0,0
303,synchronous,J30_002,EXT_201,"M=20,20,20,20,|T=0,0,0,0,|B=1,15,1,50;1,15,1,50;3,15,1,50;",4.6169347328464,NaN,0,0,0
303,asynchronous,J30_002,EXT_021,"M=20,20,20,20,|T=0,0,0,0,|B=2,15,1,50;2,15,1,50;3,15,1,50;",4.86822212414288,NaN,0,1,1
303,asynchronous,J30_002,EXT_012,"M=20,20,20,20,|T=0,0,0,0,|B=2,15,1,50;3,15,1,50;3,15,1,50;",4.58457428524044,NaN,0,0,0
303,asynchronous,J30_002,EXT_120,"M=20,20,20,20,|T=0,0,0,0,|B=1,15,1,50;2,15,1,50;2,15,1,50;",4.86822212414288,NaN,0,0,1
303,asynchronous,J30_002,EXT_111,"M=20,20,20,20,|T=0,0,0,0,|B=1,15,1,50;2,15,1,50;3,15,1,50;",4.74079923785522,NaN,0,0,1
303,asynchronous,J30_002,EXT_102,"M=20,20,20,20,|T=0,0,0,0,|B=1,15,1,50;3,15,1,50;3,15,1,50;",4.6169347328464,NaN,0,0,0
303,asynchronous,J30_002,EXT_210,"M=20,20,20,20,|T=0,0,0,0,|B=1,15,1,50;1,15,1,50;2,15,1,50;",4.58457428524044,NaN,0,1,0
303,asynchronous,J30_002,EXT_201,"M=20,20,20,20,|T=0,0,0,0,|B=1,15,1,50;1,15,1,50;3,15,1,50;",4.6169347328464,NaN,0,1,0
303,high_noise,J30_002,EXT_021,"M=20,20,20,20,|T=0,0,0,0,|B=2,15,1,50;2,15,1,50;3,15,1,50;",4.86822212414288,NaN,0,1,1
303,high_noise,J30_002,EXT_012,"M=20,20,20,20,|T=0,0,0,0,|B=2,15,1,50;3,15,1,50;3,15,1,50;",4.58457428524044,NaN,0,0,0
303,high_noise,J30_002,EXT_120,"M=20,20,20,20,|T=0,0,0,0,|B=1,15,1,50;2,15,1,50;2,15,1,50;",4.86822212414288,NaN,0,0,1
303,high_noise,J30_002,EXT_111,"M=20,20,20,20,|T=0,0,0,0,|B=1,15,1,50;2,15,1,50;3,15,1,50;",4.74079923785522,NaN,0,0,1
303,high_noise,J30_002,EXT_102,"M=20,20,20,20,|T=0,0,0,0,|B=1,15,1,50;3,15,1,50;3,15,1,50;",4.6169347328464,NaN,0,0,0
303,high_noise,J30_002,EXT_210,"M=20,20,20,20,|T=0,0,0,0,|B=1,15,1,50;1,15,1,50;2,15,1,50;",4.58457428524044,NaN,0,1,0
303,high_noise,J30_002,EXT_201,"M=20,20,20,20,|T=0,0,0,0,|B=1,15,1,50;1,15,1,50;3,15,1,50;",4.6169347328464,NaN,0,1,0
304,synchronous,J30_002,EXT_021,"M=20,20,20,20,|T=0,0,0,0,|B=2,15,1,50;2,15,1,50;3,15,1,50;",4.57601258891774,NaN,0,1,0
304,synchronous,J30_002,EXT_012,"M=20,20,20,20,|T=0,0,0,0,|B=2,15,1,50;3,15,1,50;3,15,1,50;",4.28048434024566,NaN,0,1,1
304,synchronous,J30_002,EXT_120,"M=20,20,20,20,|T=0,0,0,0,|B=1,15,1,50;2,15,1,50;2,15,1,50;",4.57601258891774,NaN,0,1,1
304,synchronous,J30_002,EXT_111,"M=20,20,20,20,|T=0,0,0,0,|B=1,15,1,50;2,15,1,50;3,15,1,50;",4.4880880572876,NaN,0,0,0
304,synchronous,J30_002,EXT_102,"M=20,20,20,20,|T=0,0,0,0,|B=1,15,1,50;3,15,1,50;3,15,1,50;",4.32613005012128,NaN,0,0,1
304,synchronous,J30_002,EXT_210,"M=20,20,20,20,|T=0,0,0,0,|B=1,15,1,50;1,15,1,50;2,15,1,50;",4.28048434024566,NaN,0,0,0
304,synchronous,J30_002,EXT_201,"M=20,20,20,20,|T=0,0,0,0,|B=1,15,1,50;1,15,1,50;3,15,1,50;",4.32613005012128,NaN,0,0,0
304,asynchronous,J30_002,EXT_021,"M=20,20,20,20,|T=0,0,0,0,|B=2,15,1,50;2,15,1,50;3,15,1,50;",4.57601258891774,NaN,0,1,0
304,asynchronous,J30_002,EXT_012,"M=20,20,20,20,|T=0,0,0,0,|B=2,15,1,50;3,15,1,50;3,15,1,50;",4.28048434024566,NaN,0,1,1
304,asynchronous,J30_002,EXT_120,"M=20,20,20,20,|T=0,0,0,0,|B=1,15,1,50;2,15,1,50;2,15,1,50;",4.57601258891774,NaN,0,1,1
304,asynchronous,J30_002,EXT_111,"M=20,20,20,20,|T=0,0,0,0,|B=1,15,1,50;2,15,1,50;3,15,1,50;",4.4880880572876,NaN,0,0,0
304,asynchronous,J30_002,EXT_102,"M=20,20,20,20,|T=0,0,0,0,|B=1,15,1,50;3,15,1,50;3,15,1,50;",4.32613005012128,NaN,0,0,1
304,asynchronous,J30_002,EXT_210,"M=20,20,20,20,|T=0,0,0,0,|B=1,15,1,50;1,15,1,50;2,15,1,50;",4.28048434024566,NaN,0,0,0
304,asynchronous,J30_002,EXT_201,"M=20,20,20,20,|T=0,0,0,0,|B=1,15,1,50;1,15,1,50;3,15,1,50;",4.32613005012128,NaN,0,0,0
304,high_noise,J30_002,EXT_021,"M=20,20,20,20,|T=0,0,0,0,|B=2,15,1,50;2,15,1,50;3,15,1,50;",4.57601258891774,NaN,0,1,0
304,high_noise,J30_002,EXT_012,"M=20,20,20,20,|T=0,0,0,0,|B=2,15,1,50;3,15,1,50;3,15,1,50;",4.28048434024566,NaN,0,1,1
304,high_noise,J30_002,EXT_120,"M=20,20,20,20,|T=0,0,0,0,|B=1,15,1,50;2,15,1,50;2,15,1,50;",4.57601258891774,NaN,0,1,1
304,high_noise,J30_002,EXT_111,"M=20,20,20,20,|T=0,0,0,0,|B=1,15,1,50;2,15,1,50;3,15,1,50;",4.4880880572876,NaN,0,0,0
304,high_noise,J30_002,EXT_102,"M=20,20,20,20,|T=0,0,0,0,|B=1,15,1,50;3,15,1,50;3,15,1,50;",4.32613005012128,NaN,0,0,1
304,high_noise,J30_002,EXT_210,"M=20,20,20,20,|T=0,0,0,0,|B=1,15,1,50;1,15,1,50;2,15,1,50;",4.28048434024566,NaN,0,0,0
304,high_noise,J30_002,EXT_201,"M=20,20,20,20,|T=0,0,0,0,|B=1,15,1,50;1,15,1,50;3,15,1,50;",4.32613005012128,NaN,0,0,0
305,synchronous,J30_002,EXT_021,"M=20,20,20,20,|T=0,0,0,0,|B=2,15,1,50;2,15,1,50;3,15,1,50;",4.04757563677699,NaN,0,1,1
305,synchronous,J30_002,EXT_012,"M=20,20,20,20,|T=0,0,0,0,|B=2,15,1,50;3,15,1,50;3,15,1,50;",3.69323830939401,NaN,0,1,0
305,synchronous,J30_002,EXT_120,"M=20,20,20,20,|T=0,0,0,0,|B=1,15,1,50;2,15,1,50;2,15,1,50;",4.04757563677698,NaN,0,1,1
305,synchronous,J30_002,EXT_111,"M=20,20,20,20,|T=0,0,0,0,|B=1,15,1,50;2,15,1,50;3,15,1,50;",3.93869505230635,NaN,0,0,1
305,synchronous,J30_002,EXT_102,"M=20,20,20,20,|T=0,0,0,0,|B=1,15,1,50;3,15,1,50;3,15,1,50;",3.74563887986481,NaN,0,0,0
305,synchronous,J30_002,EXT_210,"M=20,20,20,20,|T=0,0,0,0,|B=1,15,1,50;1,15,1,50;2,15,1,50;",3.69323830939402,NaN,0,0,0
305,synchronous,J30_002,EXT_201,"M=20,20,20,20,|T=0,0,0,0,|B=1,15,1,50;1,15,1,50;3,15,1,50;",3.74563887986481,NaN,0,0,0
305,asynchronous,J30_002,EXT_021,"M=20,20,20,20,|T=0,0,0,0,|B=2,15,1,50;2,15,1,50;3,15,1,50;",4.04757563677699,NaN,0,1,1
305,asynchronous,J30_002,EXT_012,"M=20,20,20,20,|T=0,0,0,0,|B=2,15,1,50;3,15,1,50;3,15,1,50;",3.69323830939401,NaN,0,1,0
305,asynchronous,J30_002,EXT_120,"M=20,20,20,20,|T=0,0,0,0,|B=1,15,1,50;2,15,1,50;2,15,1,50;",4.04757563677698,NaN,0,1,1
305,asynchronous,J30_002,EXT_111,"M=20,20,20,20,|T=0,0,0,0,|B=1,15,1,50;2,15,1,50;3,15,1,50;",3.93869505230635,NaN,0,0,1
305,asynchronous,J30_002,EXT_102,"M=20,20,20,20,|T=0,0,0,0,|B=1,15,1,50;3,15,1,50;3,15,1,50;",3.74563887986481,NaN,0,0,0
305,asynchronous,J30_002,EXT_210,"M=20,20,20,20,|T=0,0,0,0,|B=1,15,1,50;1,15,1,50;2,15,1,50;",3.69323830939402,NaN,0,0,0
305,asynchronous,J30_002,EXT_201,"M=20,20,20,20,|T=0,0,0,0,|B=1,15,1,50;1,15,1,50;3,15,1,50;",3.74563887986481,NaN,0,0,0
305,high_noise,J30_002,EXT_021,"M=20,20,20,20,|T=0,0,0,0,|B=2,15,1,50;2,15,1,50;3,15,1,50;",4.04757563677699,NaN,0,1,1
305,high_noise,J30_002,EXT_012,"M=20,20,20,20,|T=0,0,0,0,|B=2,15,1,50;3,15,1,50;3,15,1,50;",3.69323830939401,NaN,0,1,0
305,high_noise,J30_002,EXT_120,"M=20,20,20,20,|T=0,0,0,0,|B=1,15,1,50;2,15,1,50;2,15,1,50;",4.04757563677698,NaN,0,1,1
305,high_noise,J30_002,EXT_111,"M=20,20,20,20,|T=0,0,0,0,|B=1,15,1,50;2,15,1,50;3,15,1,50;",3.93869505230635,NaN,0,0,1
305,high_noise,J30_002,EXT_102,"M=20,20,20,20,|T=0,0,0,0,|B=1,15,1,50;3,15,1,50;3,15,1,50;",3.74563887986481,NaN,0,0,0
305,high_noise,J30_002,EXT_210,"M=20,20,20,20,|T=0,0,0,0,|B=1,15,1,50;1,15,1,50;2,15,1,50;",3.69323830939402,NaN,0,0,0
305,high_noise,J30_002,EXT_201,"M=20,20,20,20,|T=0,0,0,0,|B=1,15,1,50;1,15,1,50;3,15,1,50;",3.74563887986481,NaN,0,0,0
306,synchronous,J30_002,EXT_021,"M=20,20,20,20,|T=0,0,0,0,|B=2,15,1,50;2,15,1,50;3,15,1,50;",4.15167772042302,NaN,0,1,1
306,synchronous,J30_002,EXT_012,"M=20,20,20,20,|T=0,0,0,0,|B=2,15,1,50;3,15,1,50;3,15,1,50;",3.78666789274027,NaN,0,1,0
306,synchronous,J30_002,EXT_120,"M=20,20,20,20,|T=0,0,0,0,|B=1,15,1,50;2,15,1,50;2,15,1,50;",4.15167772042302,NaN,0,1,1
306,synchronous,J30_002,EXT_111,"M=20,20,20,20,|T=0,0,0,0,|B=1,15,1,50;2,15,1,50;3,15,1,50;",3.99610815186214,NaN,0,0,0
306,synchronous,J30_002,EXT_102,"M=20,20,20,20,|T=0,0,0,0,|B=1,15,1,50;3,15,1,50;3,15,1,50;",3.83982747975554,NaN,0,0,1
306,synchronous,J30_002,EXT_210,"M=20,20,20,20,|T=0,0,0,0,|B=1,15,1,50;1,15,1,50;2,15,1,50;",3.78666789274027,NaN,0,0,0
306,synchronous,J30_002,EXT_201,"M=20,20,20,20,|T=0,0,0,0,|B=1,15,1,50;1,15,1,50;3,15,1,50;",3.83982747975554,NaN,0,0,0
306,asynchronous,J30_002,EXT_021,"M=20,20,20,20,|T=0,0,0,0,|B=2,15,1,50;2,15,1,50;3,15,1,50;",4.15167772042302,NaN,0,0,1
306,asynchronous,J30_002,EXT_012,"M=20,20,20,20,|T=0,0,0,0,|B=2,15,1,50;3,15,1,50;3,15,1,50;",3.78666789274027,NaN,0,0,0
306,asynchronous,J30_002,EXT_120,"M=20,20,20,20,|T=0,0,0,0,|B=1,15,1,50;2,15,1,50;2,15,1,50;",4.15167772042302,NaN,0,1,1
306,asynchronous,J30_002,EXT_111,"M=20,20,20,20,|T=0,0,0,0,|B=1,15,1,50;2,15,1,50;3,15,1,50;",3.99610815186214,NaN,0,1,0
306,asynchronous,J30_002,EXT_102,"M=20,20,20,20,|T=0,0,0,0,|B=1,15,1,50;3,15,1,50;3,15,1,50;",3.83982747975554,NaN,0,1,1
306,asynchronous,J30_002,EXT_210,"M=20,20,20,20,|T=0,0,0,0,|B=1,15,1,50;1,15,1,50;2,15,1,50;",3.78666789274027,NaN,0,0,0
306,asynchronous,J30_002,EXT_201,"M=20,20,20,20,|T=0,0,0,0,|B=1,15,1,50;1,15,1,50;3,15,1,50;",3.83982747975554,NaN,0,0,0
306,high_noise,J30_002,EXT_021,"M=20,20,20,20,|T=0,0,0,0,|B=2,15,1,50;2,15,1,50;3,15,1,50;",4.15167772042302,NaN,0,0,1
306,high_noise,J30_002,EXT_012,"M=20,20,20,20,|T=0,0,0,0,|B=2,15,1,50;3,15,1,50;3,15,1,50;",3.78666789274027,NaN,0,0,0
306,high_noise,J30_002,EXT_120,"M=20,20,20,20,|T=0,0,0,0,|B=1,15,1,50;2,15,1,50;2,15,1,50;",4.15167772042302,NaN,0,1,1
306,high_noise,J30_002,EXT_111,"M=20,20,20,20,|T=0,0,0,0,|B=1,15,1,50;2,15,1,50;3,15,1,50;",3.99610815186214,NaN,0,1,0
306,high_noise,J30_002,EXT_102,"M=20,20,20,20,|T=0,0,0,0,|B=1,15,1,50;3,15,1,50;3,15,1,50;",3.83982747975554,NaN,0,1,1
306,high_noise,J30_002,EXT_210,"M=20,20,20,20,|T=0,0,0,0,|B=1,15,1,50;1,15,1,50;2,15,1,50;",3.78666789274027,NaN,0,0,0
306,high_noise,J30_002,EXT_201,"M=20,20,20,20,|T=0,0,0,0,|B=1,15,1,50;1,15,1,50;3,15,1,50;",3.83982747975554,NaN,0,0,0
307,synchronous,J30_002,EXT_021,"M=20,20,20,20,|T=0,0,0,0,|B=2,15,1,50;2,15,1,50;3,15,1,50;",4.40424051792161,NaN,0,1,0
307,synchronous,J30_002,EXT_012,"M=20,20,20,20,|T=0,0,0,0,|B=2,15,1,50;3,15,1,50;3,15,1,50;",4.06494441793667,NaN,0,1,1
307,synchronous,J30_002,EXT_120,"M=20,20,20,20,|T=0,0,0,0,|B=1,15,1,50;2,15,1,50;2,15,1,50;",4.40424051792161,NaN,0,1,0
307,synchronous,J30_002,EXT_111,"M=20,20,20,20,|T=0,0,0,0,|B=1,15,1,50;2,15,1,50;3,15,1,50;",4.30434914149604,NaN,0,0,1
307,synchronous,J30_002,EXT_102,"M=20,20,20,20,|T=0,0,0,0,|B=1,15,1,50;3,15,1,50;3,15,1,50;",4.08337669467405,NaN,0,0,0
307,synchronous,J30_002,EXT_210,"M=20,20,20,20,|T=0,0,0,0,|B=1,15,1,50;1,15,1,50;2,15,1,50;",4.06494441793667,NaN,0,0,0
307,synchronous,J30_002,EXT_201,"M=20,20,20,20,|T=0,0,0,0,|B=1,15,1,50;1,15,1,50;3,15,1,50;",4.08337669467405,NaN,0,0,1
307,asynchronous,J30_002,EXT_021,"M=20,20,20,20,|T=0,0,0,0,|B=2,15,1,50;2,15,1,50;3,15,1,50;",4.40424051792161,NaN,0,0,0
307,asynchronous,J30_002,EXT_012,"M=20,20,20,20,|T=0,0,0,0,|B=2,15,1,50;3,15,1,50;3,15,1,50;",4.06494441793667,NaN,0,0,1
307,asynchronous,J30_002,EXT_120,"M=20,20,20,20,|T=0,0,0,0,|B=1,15,1,50;2,15,1,50;2,15,1,50;",4.40424051792161,NaN,0,1,0
307,asynchronous,J30_002,EXT_111,"M=20,20,20,20,|T=0,0,0,0,|B=1,15,1,50;2,15,1,50;3,15,1,50;",4.30434914149604,NaN,0,0,1
307,asynchronous,J30_002,EXT_102,"M=20,20,20,20,|T=0,0,0,0,|B=1,15,1,50;3,15,1,50;3,15,1,50;",4.08337669467405,NaN,0,0,0
307,asynchronous,J30_002,EXT_210,"M=20,20,20,20,|T=0,0,0,0,|B=1,15,1,50;1,15,1,50;2,15,1,50;",4.06494441793667,NaN,0,1,0
307,asynchronous,J30_002,EXT_201,"M=20,20,20,20,|T=0,0,0,0,|B=1,15,1,50;1,15,1,50;3,15,1,50;",4.08337669467405,NaN,0,1,1
307,high_noise,J30_002,EXT_021,"M=20,20,20,20,|T=0,0,0,0,|B=2,15,1,50;2,15,1,50;3,15,1,50;",4.40424051792161,NaN,0,0,0
307,high_noise,J30_002,EXT_012,"M=20,20,20,20,|T=0,0,0,0,|B=2,15,1,50;3,15,1,50;3,15,1,50;",4.06494441793667,NaN,0,0,1
307,high_noise,J30_002,EXT_120,"M=20,20,20,20,|T=0,0,0,0,|B=1,15,1,50;2,15,1,50;2,15,1,50;",4.40424051792161,NaN,0,1,0
307,high_noise,J30_002,EXT_111,"M=20,20,20,20,|T=0,0,0,0,|B=1,15,1,50;2,15,1,50;3,15,1,50;",4.30434914149604,NaN,0,0,1
307,high_noise,J30_002,EXT_102,"M=20,20,20,20,|T=0,0,0,0,|B=1,15,1,50;3,15,1,50;3,15,1,50;",4.08337669467405,NaN,0,0,0
307,high_noise,J30_002,EXT_210,"M=20,20,20,20,|T=0,0,0,0,|B=1,15,1,50;1,15,1,50;2,15,1,50;",4.06494441793667,NaN,0,1,0
307,high_noise,J30_002,EXT_201,"M=20,20,20,20,|T=0,0,0,0,|B=1,15,1,50;1,15,1,50;3,15,1,50;",4.08337669467405,NaN,0,1,1
308,synchronous,J30_002,EXT_021,"M=20,20,20,20,|T=0,0,0,0,|B=2,15,1,50;2,15,1,50;3,15,1,50;",4.34191481497972,NaN,0,1,0
308,synchronous,J30_002,EXT_012,"M=20,20,20,20,|T=0,0,0,0,|B=2,15,1,50;3,15,1,50;3,15,1,50;",3.98190316994247,NaN,0,1,0
308,synchronous,J30_002,EXT_120,"M=20,20,20,20,|T=0,0,0,0,|B=1,15,1,50;2,15,1,50;2,15,1,50;",4.34191481497972,NaN,0,1,0
308,synchronous,J30_002,EXT_111,"M=20,20,20,20,|T=0,0,0,0,|B=1,15,1,50;2,15,1,50;3,15,1,50;",4.20695518002891,NaN,0,0,1
308,synchronous,J30_002,EXT_102,"M=20,20,20,20,|T=0,0,0,0,|B=1,15,1,50;3,15,1,50;3,15,1,50;",4.00348475926929,NaN,0,0,1
308,synchronous,J30_002,EXT_210,"M=20,20,20,20,|T=0,0,0,0,|B=1,15,1,50;1,15,1,50;2,15,1,50;",3.98190316994247,NaN,0,0,0
308,synchronous,J30_002,EXT_201,"M=20,20,20,20,|T=0,0,0,0,|B=1,15,1,50;1,15,1,50;3,15,1,50;",4.00348475926929,NaN,0,0,1
308,asynchronous,J30_002,EXT_021,"M=20,20,20,20,|T=0,0,0,0,|B=2,15,1,50;2,15,1,50;3,15,1,50;",4.34191481497972,NaN,0,1,0
308,asynchronous,J30_002,EXT_012,"M=20,20,20,20,|T=0,0,0,0,|B=2,15,1,50;3,15,1,50;3,15,1,50;",3.98190316994247,NaN,0,1,0
308,asynchronous,J30_002,EXT_120,"M=20,20,20,20,|T=0,0,0,0,|B=1,15,1,50;2,15,1,50;2,15,1,50;",4.34191481497972,NaN,0,1,0
308,asynchronous,J30_002,EXT_111,"M=20,20,20,20,|T=0,0,0,0,|B=1,15,1,50;2,15,1,50;3,15,1,50;",4.20695518002891,NaN,0,0,1
308,asynchronous,J30_002,EXT_102,"M=20,20,20,20,|T=0,0,0,0,|B=1,15,1,50;3,15,1,50;3,15,1,50;",4.00348475926929,NaN,0,0,1
308,asynchronous,J30_002,EXT_210,"M=20,20,20,20,|T=0,0,0,0,|B=1,15,1,50;1,15,1,50;2,15,1,50;",3.98190316994247,NaN,0,0,0
308,asynchronous,J30_002,EXT_201,"M=20,20,20,20,|T=0,0,0,0,|B=1,15,1,50;1,15,1,50;3,15,1,50;",4.00348475926929,NaN,0,0,1
308,high_noise,J30_002,EXT_021,"M=20,20,20,20,|T=0,0,0,0,|B=2,15,1,50;2,15,1,50;3,15,1,50;",4.34191481497972,NaN,0,1,0
308,high_noise,J30_002,EXT_012,"M=20,20,20,20,|T=0,0,0,0,|B=2,15,1,50;3,15,1,50;3,15,1,50;",3.98190316994247,NaN,0,1,0
308,high_noise,J30_002,EXT_120,"M=20,20,20,20,|T=0,0,0,0,|B=1,15,1,50;2,15,1,50;2,15,1,50;",4.34191481497972,NaN,0,1,0
308,high_noise,J30_002,EXT_111,"M=20,20,20,20,|T=0,0,0,0,|B=1,15,1,50;2,15,1,50;3,15,1,50;",4.20695518002891,NaN,0,0,1
308,high_noise,J30_002,EXT_102,"M=20,20,20,20,|T=0,0,0,0,|B=1,15,1,50;3,15,1,50;3,15,1,50;",4.00348475926929,NaN,0,0,1
308,high_noise,J30_002,EXT_210,"M=20,20,20,20,|T=0,0,0,0,|B=1,15,1,50;1,15,1,50;2,15,1,50;",3.98190316994247,NaN,0,0,0
308,high_noise,J30_002,EXT_201,"M=20,20,20,20,|T=0,0,0,0,|B=1,15,1,50;1,15,1,50;3,15,1,50;",4.00348475926929,NaN,0,0,1
309,synchronous,J30_002,EXT_021,"M=20,20,20,20,|T=0,0,0,0,|B=2,15,1,50;2,15,1,50;3,15,1,50;",4.25117082780829,NaN,0,1,1
309,synchronous,J30_002,EXT_012,"M=20,20,20,20,|T=0,0,0,0,|B=2,15,1,50;3,15,1,50;3,15,1,50;",3.94559203966928,NaN,0,1,0
309,synchronous,J30_002,EXT_120,"M=20,20,20,20,|T=0,0,0,0,|B=1,15,1,50;2,15,1,50;2,15,1,50;",4.25117082780829,NaN,0,1,1
309,synchronous,J30_002,EXT_111,"M=20,20,20,20,|T=0,0,0,0,|B=1,15,1,50;2,15,1,50;3,15,1,50;",4.16216918629782,NaN,0,0,1
309,synchronous,J30_002,EXT_102,"M=20,20,20,20,|T=0,0,0,0,|B=1,15,1,50;3,15,1,50;3,15,1,50;",3.97167917168854,NaN,0,0,0
309,synchronous,J30_002,EXT_210,"M=20,20,20,20,|T=0,0,0,0,|B=1,15,1,50;1,15,1,50;2,15,1,50;",3.94559203966928,NaN,0,0,0
309,synchronous,J30_002,EXT_201,"M=20,20,20,20,|T=0,0,0,0,|B=1,15,1,50;1,15,1,50;3,15,1,50;",3.97167917168854,NaN,0,0,0
309,asynchronous,J30_002,EXT_021,"M=20,20,20,20,|T=0,0,0,0,|B=2,15,1,50;2,15,1,50;3,15,1,50;",4.25117082780829,NaN,0,1,1
309,asynchronous,J30_002,EXT_012,"M=20,20,20,20,|T=0,0,0,0,|B=2,15,1,50;3,15,1,50;3,15,1,50;",3.94559203966928,NaN,0,1,0
309,asynchronous,J30_002,EXT_120,"M=20,20,20,20,|T=0,0,0,0,|B=1,15,1,50;2,15,1,50;2,15,1,50;",4.25117082780829,NaN,0,1,1
309,asynchronous,J30_002,EXT_111,"M=20,20,20,20,|T=0,0,0,0,|B=1,15,1,50;2,15,1,50;3,15,1,50;",4.16216918629782,NaN,0,0,1
309,asynchronous,J30_002,EXT_102,"M=20,20,20,20,|T=0,0,0,0,|B=1,15,1,50;3,15,1,50;3,15,1,50;",3.97167917168854,NaN,0,0,0
309,asynchronous,J30_002,EXT_210,"M=20,20,20,20,|T=0,0,0,0,|B=1,15,1,50;1,15,1,50;2,15,1,50;",3.94559203966928,NaN,0,0,0
309,asynchronous,J30_002,EXT_201,"M=20,20,20,20,|T=0,0,0,0,|B=1,15,1,50;1,15,1,50;3,15,1,50;",3.97167917168854,NaN,0,0,0
309,high_noise,J30_002,EXT_021,"M=20,20,20,20,|T=0,0,0,0,|B=2,15,1,50;2,15,1,50;3,15,1,50;",4.25117082780829,NaN,0,1,1
309,high_noise,J30_002,EXT_012,"M=20,20,20,20,|T=0,0,0,0,|B=2,15,1,50;3,15,1,50;3,15,1,50;",3.94559203966928,NaN,0,1,0
309,high_noise,J30_002,EXT_120,"M=20,20,20,20,|T=0,0,0,0,|B=1,15,1,50;2,15,1,50;2,15,1,50;",4.25117082780829,NaN,0,1,1
309,high_noise,J30_002,EXT_111,"M=20,20,20,20,|T=0,0,0,0,|B=1,15,1,50;2,15,1,50;3,15,1,50;",4.16216918629782,NaN,0,0,1
309,high_noise,J30_002,EXT_102,"M=20,20,20,20,|T=0,0,0,0,|B=1,15,1,50;3,15,1,50;3,15,1,50;",3.97167917168854,NaN,0,0,0
309,high_noise,J30_002,EXT_210,"M=20,20,20,20,|T=0,0,0,0,|B=1,15,1,50;1,15,1,50;2,15,1,50;",3.94559203966928,NaN,0,0,0
309,high_noise,J30_002,EXT_201,"M=20,20,20,20,|T=0,0,0,0,|B=1,15,1,50;1,15,1,50;3,15,1,50;",3.97167917168854,NaN,0,0,0
310,synchronous,J30_002,EXT_021,"M=20,20,20,20,|T=0,0,0,0,|B=2,15,1,50;2,15,1,50;3,15,1,50;",4.93638562175343,NaN,0,1,0
310,synchronous,J30_002,EXT_012,"M=20,20,20,20,|T=0,0,0,0,|B=2,15,1,50;3,15,1,50;3,15,1,50;",4.66238923794649,NaN,0,1,1
310,synchronous,J30_002,EXT_120,"M=20,20,20,20,|T=0,0,0,0,|B=1,15,1,50;2,15,1,50;2,15,1,50;",4.93638562175343,NaN,0,1,0
310,synchronous,J30_002,EXT_111,"M=20,20,20,20,|T=0,0,0,0,|B=1,15,1,50;2,15,1,50;3,15,1,50;",4.86236776440334,NaN,0,0,0
310,synchronous,J30_002,EXT_102,"M=20,20,20,20,|T=0,0,0,0,|B=1,15,1,50;3,15,1,50;3,15,1,50;",4.69789496422353,NaN,0,0,1
310,synchronous,J30_002,EXT_210,"M=20,20,20,20,|T=0,0,0,0,|B=1,15,1,50;1,15,1,50;2,15,1,50;",4.66238923794649,NaN,0,0,0
310,synchronous,J30_002,EXT_201,"M=20,20,20,20,|T=0,0,0,0,|B=1,15,1,50;1,15,1,50;3,15,1,50;",4.69789496422353,NaN,0,0,1
310,asynchronous,J30_002,EXT_021,"M=20,20,20,20,|T=0,0,0,0,|B=2,15,1,50;2,15,1,50;3,15,1,50;",4.93638562175343,NaN,0,1,0
310,asynchronous,J30_002,EXT_012,"M=20,20,20,20,|T=0,0,0,0,|B=2,15,1,50;3,15,1,50;3,15,1,50;",4.66238923794649,NaN,0,1,1
310,asynchronous,J30_002,EXT_120,"M=20,20,20,20,|T=0,0,0,0,|B=1,15,1,50;2,15,1,50;2,15,1,50;",4.93638562175343,NaN,0,1,0
310,asynchronous,J30_002,EXT_111,"M=20,20,20,20,|T=0,0,0,0,|B=1,15,1,50;2,15,1,50;3,15,1,50;",4.86236776440334,NaN,0,0,0
310,asynchronous,J30_002,EXT_102,"M=20,20,20,20,|T=0,0,0,0,|B=1,15,1,50;3,15,1,50;3,15,1,50;",4.69789496422353,NaN,0,0,1
310,asynchronous,J30_002,EXT_210,"M=20,20,20,20,|T=0,0,0,0,|B=1,15,1,50;1,15,1,50;2,15,1,50;",4.66238923794649,NaN,0,0,0
310,asynchronous,J30_002,EXT_201,"M=20,20,20,20,|T=0,0,0,0,|B=1,15,1,50;1,15,1,50;3,15,1,50;",4.69789496422353,NaN,0,0,1
310,high_noise,J30_002,EXT_021,"M=20,20,20,20,|T=0,0,0,0,|B=2,15,1,50;2,15,1,50;3,15,1,50;",4.93638562175343,NaN,0,1,0
310,high_noise,J30_002,EXT_012,"M=20,20,20,20,|T=0,0,0,0,|B=2,15,1,50;3,15,1,50;3,15,1,50;",4.66238923794649,NaN,0,1,1
310,high_noise,J30_002,EXT_120,"M=20,20,20,20,|T=0,0,0,0,|B=1,15,1,50;2,15,1,50;2,15,1,50;",4.93638562175343,NaN,0,1,0
310,high_noise,J30_002,EXT_111,"M=20,20,20,20,|T=0,0,0,0,|B=1,15,1,50;2,15,1,50;3,15,1,50;",4.86236776440334,NaN,0,0,0
310,high_noise,J30_002,EXT_102,"M=20,20,20,20,|T=0,0,0,0,|B=1,15,1,50;3,15,1,50;3,15,1,50;",4.69789496422353,NaN,0,0,1
310,high_noise,J30_002,EXT_210,"M=20,20,20,20,|T=0,0,0,0,|B=1,15,1,50;1,15,1,50;2,15,1,50;",4.66238923794649,NaN,0,0,0
310,high_noise,J30_002,EXT_201,"M=20,20,20,20,|T=0,0,0,0,|B=1,15,1,50;1,15,1,50;3,15,1,50;",4.69789496422353,NaN,0,0,1
311,synchronous,J30_002,EXT_021,"M=20,20,20,20,|T=0,0,0,0,|B=2,15,1,50;2,15,1,50;3,15,1,50;",4.68485519527158,NaN,0,1,0
311,synchronous,J30_002,EXT_012,"M=20,20,20,20,|T=0,0,0,0,|B=2,15,1,50;3,15,1,50;3,15,1,50;",4.3879937010344,NaN,0,1,1
311,synchronous,J30_002,EXT_120,"M=20,20,20,20,|T=0,0,0,0,|B=1,15,1,50;2,15,1,50;2,15,1,50;",4.68485519527158,NaN,0,1,0
311,synchronous,J30_002,EXT_111,"M=20,20,20,20,|T=0,0,0,0,|B=1,15,1,50;2,15,1,50;3,15,1,50;",4.60673275145885,NaN,0,0,0
311,synchronous,J30_002,EXT_102,"M=20,20,20,20,|T=0,0,0,0,|B=1,15,1,50;3,15,1,50;3,15,1,50;",4.41906288823779,NaN,0,0,1
311,synchronous,J30_002,EXT_210,"M=20,20,20,20,|T=0,0,0,0,|B=1,15,1,50;1,15,1,50;2,15,1,50;",4.3879937010344,NaN,0,0,1
311,synchronous,J30_002,EXT_201,"M=20,20,20,20,|T=0,0,0,0,|B=1,15,1,50;1,15,1,50;3,15,1,50;",4.41906288823779,NaN,0,0,0
311,asynchronous,J30_002,EXT_021,"M=20,20,20,20,|T=0,0,0,0,|B=2,15,1,50;2,15,1,50;3,15,1,50;",4.68485519527158,NaN,0,1,0
311,asynchronous,J30_002,EXT_012,"M=20,20,20,20,|T=0,0,0,0,|B=2,15,1,50;3,15,1,50;3,15,1,50;",4.3879937010344,NaN,0,0,1
311,asynchronous,J30_002,EXT_120,"M=20,20,20,20,|T=0,0,0,0,|B=1,15,1,50;2,15,1,50;2,15,1,50;",4.68485519527158,NaN,0,0,0
311,asynchronous,J30_002,EXT_111,"M=20,20,20,20,|T=0,0,0,0,|B=1,15,1,50;2,15,1,50;3,15,1,50;",4.60673275145885,NaN,0,0,0
311,asynchronous,J30_002,EXT_102,"M=20,20,20,20,|T=0,0,0,0,|B=1,15,1,50;3,15,1,50;3,15,1,50;",4.41906288823779,NaN,0,0,1
311,asynchronous,J30_002,EXT_210,"M=20,20,20,20,|T=0,0,0,0,|B=1,15,1,50;1,15,1,50;2,15,1,50;",4.3879937010344,NaN,0,1,1
311,asynchronous,J30_002,EXT_201,"M=20,20,20,20,|T=0,0,0,0,|B=1,15,1,50;1,15,1,50;3,15,1,50;",4.41906288823779,NaN,0,1,0
311,high_noise,J30_002,EXT_021,"M=20,20,20,20,|T=0,0,0,0,|B=2,15,1,50;2,15,1,50;3,15,1,50;",4.68485519527158,NaN,0,1,0
311,high_noise,J30_002,EXT_012,"M=20,20,20,20,|T=0,0,0,0,|B=2,15,1,50;3,15,1,50;3,15,1,50;",4.3879937010344,NaN,0,0,1
311,high_noise,J30_002,EXT_120,"M=20,20,20,20,|T=0,0,0,0,|B=1,15,1,50;2,15,1,50;2,15,1,50;",4.68485519527158,NaN,0,0,0
311,high_noise,J30_002,EXT_111,"M=20,20,20,20,|T=0,0,0,0,|B=1,15,1,50;2,15,1,50;3,15,1,50;",4.60673275145885,NaN,0,0,0
311,high_noise,J30_002,EXT_102,"M=20,20,20,20,|T=0,0,0,0,|B=1,15,1,50;3,15,1,50;3,15,1,50;",4.41906288823779,NaN,0,0,1
311,high_noise,J30_002,EXT_210,"M=20,20,20,20,|T=0,0,0,0,|B=1,15,1,50;1,15,1,50;2,15,1,50;",4.3879937010344,NaN,0,1,1
311,high_noise,J30_002,EXT_201,"M=20,20,20,20,|T=0,0,0,0,|B=1,15,1,50;1,15,1,50;3,15,1,50;",4.41906288823779,NaN,0,1,0
312,synchronous,J30_002,EXT_021,"M=20,20,20,20,|T=0,0,0,0,|B=2,15,1,50;2,15,1,50;3,15,1,50;",4.74667234442894,NaN,0,1,1
312,synchronous,J30_002,EXT_012,"M=20,20,20,20,|T=0,0,0,0,|B=2,15,1,50;3,15,1,50;3,15,1,50;",4.46897818317831,NaN,0,1,0
312,synchronous,J30_002,EXT_120,"M=20,20,20,20,|T=0,0,0,0,|B=1,15,1,50;2,15,1,50;2,15,1,50;",4.74667234442894,NaN,0,1,0
312,synchronous,J30_002,EXT_111,"M=20,20,20,20,|T=0,0,0,0,|B=1,15,1,50;2,15,1,50;3,15,1,50;",4.59269052308562,NaN,0,0,0
312,synchronous,J30_002,EXT_102,"M=20,20,20,20,|T=0,0,0,0,|B=1,15,1,50;3,15,1,50;3,15,1,50;",4.49583595890195,NaN,0,0,1
312,synchronous,J30_002,EXT_210,"M=20,20,20,20,|T=0,0,0,0,|B=1,15,1,50;1,15,1,50;2,15,1,50;",4.46897818317831,NaN,0,0,1
312,synchronous,J30_002,EXT_201,"M=20,20,20,20,|T=0,0,0,0,|B=1,15,1,50;1,15,1,50;3,15,1,50;",4.49583595890195,NaN,0,0,0
312,asynchronous,J30_002,EXT_021,"M=20,20,20,20,|T=0,0,0,0,|B=2,15,1,50;2,15,1,50;3,15,1,50;",4.74667234442894,NaN,0,1,1
312,asynchronous,J30_002,EXT_012,"M=20,20,20,20,|T=0,0,0,0,|B=2,15,1,50;3,15,1,50;3,15,1,50;",4.46897818317831,NaN,0,0,0
312,asynchronous,J30_002,EXT_120,"M=20,20,20,20,|T=0,0,0,0,|B=1,15,1,50;2,15,1,50;2,15,1,50;",4.74667234442894,NaN,0,1,0
312,asynchronous,J30_002,EXT_111,"M=20,20,20,20,|T=0,0,0,0,|B=1,15,1,50;2,15,1,50;3,15,1,50;",4.59269052308562,NaN,0,0,0
312,asynchronous,J30_002,EXT_102,"M=20,20,20,20,|T=0,0,0,0,|B=1,15,1,50;3,15,1,50;3,15,1,50;",4.49583595890195,NaN,0,0,1
312,asynchronous,J30_002,EXT_210,"M=20,20,20,20,|T=0,0,0,0,|B=1,15,1,50;1,15,1,50;2,15,1,50;",4.46897818317831,NaN,0,1,1
312,asynchronous,J30_002,EXT_201,"M=20,20,20,20,|T=0,0,0,0,|B=1,15,1,50;1,15,1,50;3,15,1,50;",4.49583595890195,NaN,0,0,0
312,high_noise,J30_002,EXT_021,"M=20,20,20,20,|T=0,0,0,0,|B=2,15,1,50;2,15,1,50;3,15,1,50;",4.74667234442894,NaN,0,1,1
312,high_noise,J30_002,EXT_012,"M=20,20,20,20,|T=0,0,0,0,|B=2,15,1,50;3,15,1,50;3,15,1,50;",4.46897818317831,NaN,0,0,0
312,high_noise,J30_002,EXT_120,"M=20,20,20,20,|T=0,0,0,0,|B=1,15,1,50;2,15,1,50;2,15,1,50;",4.74667234442894,NaN,0,1,0
312,high_noise,J30_002,EXT_111,"M=20,20,20,20,|T=0,0,0,0,|B=1,15,1,50;2,15,1,50;3,15,1,50;",4.59269052308562,NaN,0,0,0
312,high_noise,J30_002,EXT_102,"M=20,20,20,20,|T=0,0,0,0,|B=1,15,1,50;3,15,1,50;3,15,1,50;",4.49583595890195,NaN,0,0,1
312,high_noise,J30_002,EXT_210,"M=20,20,20,20,|T=0,0,0,0,|B=1,15,1,50;1,15,1,50;2,15,1,50;",4.46897818317831,NaN,0,1,1
312,high_noise,J30_002,EXT_201,"M=20,20,20,20,|T=0,0,0,0,|B=1,15,1,50;1,15,1,50;3,15,1,50;",4.49583595890195,NaN,0,0,0
313,synchronous,J30_002,EXT_021,"M=20,20,20,20,|T=0,0,0,0,|B=2,15,1,50;2,15,1,50;3,15,1,50;",4.14495763192556,NaN,0,1,0
313,synchronous,J30_002,EXT_012,"M=20,20,20,20,|T=0,0,0,0,|B=2,15,1,50;3,15,1,50;3,15,1,50;",3.79532979803751,NaN,0,1,1
313,synchronous,J30_002,EXT_120,"M=20,20,20,20,|T=0,0,0,0,|B=1,15,1,50;2,15,1,50;2,15,1,50;",4.14495763192556,NaN,0,1,1
313,synchronous,J30_002,EXT_111,"M=20,20,20,20,|T=0,0,0,0,|B=1,15,1,50;2,15,1,50;3,15,1,50;",4.03782618744337,NaN,0,0,0
313,synchronous,J30_002,EXT_102,"M=20,20,20,20,|T=0,0,0,0,|B=1,15,1,50;3,15,1,50;3,15,1,50;",3.82238382206626,NaN,0,0,0
313,synchronous,J30_002,EXT_210,"M=20,20,20,20,|T=0,0,0,0,|B=1,15,1,50;1,15,1,50;2,15,1,50;",3.79532979803751,NaN,0,0,1
313,synchronous,J30_002,EXT_201,"M=20,20,20,20,|T=0,0,0,0,|B=1,15,1,50;1,15,1,50;3,15,1,50;",3.82238382206626,NaN,0,0,0
313,asynchronous,J30_002,EXT_021,"M=20,20,20,20,|T=0,0,0,0,|B=2,15,1,50;2,15,1,50;3,15,1,50;",4.14495763192556,NaN,0,1,0
313,asynchronous,J30_002,EXT_012,"M=20,20,20,20,|T=0,0,0,0,|B=2,15,1,50;3,15,1,50;3,15,1,50;",3.79532979803751,NaN,0,0,1
313,asynchronous,J30_002,EXT_120,"M=20,20,20,20,|T=0,0,0,0,|B=1,15,1,50;2,15,1,50;2,15,1,50;",4.14495763192556,NaN,0,1,1
313,asynchronous,J30_002,EXT_111,"M=20,20,20,20,|T=0,0,0,0,|B=1,15,1,50;2,15,1,50;3,15,1,50;",4.03782618744337,NaN,0,0,0
313,asynchronous,J30_002,EXT_102,"M=20,20,20,20,|T=0,0,0,0,|B=1,15,1,50;3,15,1,50;3,15,1,50;",3.82238382206626,NaN,0,0,0
313,asynchronous,J30_002,EXT_210,"M=20,20,20,20,|T=0,0,0,0,|B=1,15,1,50;1,15,1,50;2,15,1,50;",3.79532979803751,NaN,0,1,1
313,asynchronous,J30_002,EXT_201,"M=20,20,20,20,|T=0,0,0,0,|B=1,15,1,50;1,15,1,50;3,15,1,50;",3.82238382206626,NaN,0,0,0
313,high_noise,J30_002,EXT_021,"M=20,20,20,20,|T=0,0,0,0,|B=2,15,1,50;2,15,1,50;3,15,1,50;",4.14495763192556,NaN,0,1,0
313,high_noise,J30_002,EXT_012,"M=20,20,20,20,|T=0,0,0,0,|B=2,15,1,50;3,15,1,50;3,15,1,50;",3.79532979803751,NaN,0,0,1
313,high_noise,J30_002,EXT_120,"M=20,20,20,20,|T=0,0,0,0,|B=1,15,1,50;2,15,1,50;2,15,1,50;",4.14495763192556,NaN,0,1,1
313,high_noise,J30_002,EXT_111,"M=20,20,20,20,|T=0,0,0,0,|B=1,15,1,50;2,15,1,50;3,15,1,50;",4.03782618744337,NaN,0,0,0
313,high_noise,J30_002,EXT_102,"M=20,20,20,20,|T=0,0,0,0,|B=1,15,1,50;3,15,1,50;3,15,1,50;",3.82238382206626,NaN,0,0,0
313,high_noise,J30_002,EXT_210,"M=20,20,20,20,|T=0,0,0,0,|B=1,15,1,50;1,15,1,50;2,15,1,50;",3.79532979803751,NaN,0,1,1
313,high_noise,J30_002,EXT_201,"M=20,20,20,20,|T=0,0,0,0,|B=1,15,1,50;1,15,1,50;3,15,1,50;",3.82238382206626,NaN,0,0,0
314,synchronous,J30_002,EXT_021,"M=20,20,20,20,|T=0,0,0,0,|B=2,15,1,50;2,15,1,50;3,15,1,50;",4.2815411250458,NaN,0,1,1
314,synchronous,J30_002,EXT_012,"M=20,20,20,20,|T=0,0,0,0,|B=2,15,1,50;3,15,1,50;3,15,1,50;",3.96643476751761,NaN,0,1,0
314,synchronous,J30_002,EXT_120,"M=20,20,20,20,|T=0,0,0,0,|B=1,15,1,50;2,15,1,50;2,15,1,50;",4.2815411250458,NaN,0,1,0
314,synchronous,J30_002,EXT_111,"M=20,20,20,20,|T=0,0,0,0,|B=1,15,1,50;2,15,1,50;3,15,1,50;",4.18215730927584,NaN,0,0,0
314,synchronous,J30_002,EXT_102,"M=20,20,20,20,|T=0,0,0,0,|B=1,15,1,50;3,15,1,50;3,15,1,50;",4.01465050872442,NaN,0,0,0
314,synchronous,J30_002,EXT_210,"M=20,20,20,20,|T=0,0,0,0,|B=1,15,1,50;1,15,1,50;2,15,1,50;",3.96643476751761,NaN,0,0,1
314,synchronous,J30_002,EXT_201,"M=20,20,20,20,|T=0,0,0,0,|B=1,15,1,50;1,15,1,50;3,15,1,50;",4.01465050872442,NaN,0,0,1
314,asynchronous,J30_002,EXT_021,"M=20,20,20,20,|T=0,0,0,0,|B=2,15,1,50;2,15,1,50;3,15,1,50;",4.2815411250458,NaN,0,0,1
314,asynchronous,J30_002,EXT_012,"M=20,20,20,20,|T=0,0,0,0,|B=2,15,1,50;3,15,1,50;3,15,1,50;",3.96643476751761,NaN,0,0,0
314,asynchronous,J30_002,EXT_120,"M=20,20,20,20,|T=0,0,0,0,|B=1,15,1,50;2,15,1,50;2,15,1,50;",4.2815411250458,NaN,0,1,0
314,asynchronous,J30_002,EXT_111,"M=20,20,20,20,|T=0,0,0,0,|B=1,15,1,50;2,15,1,50;3,15,1,50;",4.18215730927584,NaN,0,1,0
314,asynchronous,J30_002,EXT_102,"M=20,20,20,20,|T=0,0,0,0,|B=1,15,1,50;3,15,1,50;3,15,1,50;",4.01465050872442,NaN,0,1,0
314,asynchronous,J30_002,EXT_210,"M=20,20,20,20,|T=0,0,0,0,|B=1,15,1,50;1,15,1,50;2,15,1,50;",3.96643476751761,NaN,0,0,1
314,asynchronous,J30_002,EXT_201,"M=20,20,20,20,|T=0,0,0,0,|B=1,15,1,50;1,15,1,50;3,15,1,50;",4.01465050872442,NaN,0,0,1
314,high_noise,J30_002,EXT_021,"M=20,20,20,20,|T=0,0,0,0,|B=2,15,1,50;2,15,1,50;3,15,1,50;",4.2815411250458,NaN,0,0,1
314,high_noise,J30_002,EXT_012,"M=20,20,20,20,|T=0,0,0,0,|B=2,15,1,50;3,15,1,50;3,15,1,50;",3.96643476751761,NaN,0,0,0
314,high_noise,J30_002,EXT_120,"M=20,20,20,20,|T=0,0,0,0,|B=1,15,1,50;2,15,1,50;2,15,1,50;",4.2815411250458,NaN,0,1,0
314,high_noise,J30_002,EXT_111,"M=20,20,20,20,|T=0,0,0,0,|B=1,15,1,50;2,15,1,50;3,15,1,50;",4.18215730927584,NaN,0,1,0
314,high_noise,J30_002,EXT_102,"M=20,20,20,20,|T=0,0,0,0,|B=1,15,1,50;3,15,1,50;3,15,1,50;",4.01465050872442,NaN,0,1,0
314,high_noise,J30_002,EXT_210,"M=20,20,20,20,|T=0,0,0,0,|B=1,15,1,50;1,15,1,50;2,15,1,50;",3.96643476751761,NaN,0,0,1
314,high_noise,J30_002,EXT_201,"M=20,20,20,20,|T=0,0,0,0,|B=1,15,1,50;1,15,1,50;3,15,1,50;",4.01465050872442,NaN,0,0,1
315,synchronous,J30_002,EXT_021,"M=20,20,20,20,|T=0,0,0,0,|B=2,15,1,50;2,15,1,50;3,15,1,50;",4.07313869037252,NaN,0,1,0
315,synchronous,J30_002,EXT_012,"M=20,20,20,20,|T=0,0,0,0,|B=2,15,1,50;3,15,1,50;3,15,1,50;",3.77093864700104,NaN,0,1,0
315,synchronous,J30_002,EXT_120,"M=20,20,20,20,|T=0,0,0,0,|B=1,15,1,50;2,15,1,50;2,15,1,50;",4.07313869037251,NaN,0,1,1
315,synchronous,J30_002,EXT_111,"M=20,20,20,20,|T=0,0,0,0,|B=1,15,1,50;2,15,1,50;3,15,1,50;",4.01522453218813,NaN,0,0,1
315,synchronous,J30_002,EXT_102,"M=20,20,20,20,|T=0,0,0,0,|B=1,15,1,50;3,15,1,50;3,15,1,50;",3.81991677489432,NaN,0,0,1
315,synchronous,J30_002,EXT_210,"M=20,20,20,20,|T=0,0,0,0,|B=1,15,1,50;1,15,1,50;2,15,1,50;",3.77093864700104,NaN,0,0,0
315,synchronous,J30_002,EXT_201,"M=20,20,20,20,|T=0,0,0,0,|B=1,15,1,50;1,15,1,50;3,15,1,50;",3.81991677489432,NaN,0,0,0
315,asynchronous,J30_002,EXT_021,"M=20,20,20,20,|T=0,0,0,0,|B=2,15,1,50;2,15,1,50;3,15,1,50;",4.07313869037252,NaN,0,1,0
315,asynchronous,J30_002,EXT_012,"M=20,20,20,20,|T=0,0,0,0,|B=2,15,1,50;3,15,1,50;3,15,1,50;",3.77093864700104,NaN,0,1,0
315,asynchronous,J30_002,EXT_120,"M=20,20,20,20,|T=0,0,0,0,|B=1,15,1,50;2,15,1,50;2,15,1,50;",4.07313869037251,NaN,0,1,1
315,asynchronous,J30_002,EXT_111,"M=20,20,20,20,|T=0,0,0,0,|B=1,15,1,50;2,15,1,50;3,15,1,50;",4.01522453218813,NaN,0,0,1
315,asynchronous,J30_002,EXT_102,"M=20,20,20,20,|T=0,0,0,0,|B=1,15,1,50;3,15,1,50;3,15,1,50;",3.81991677489432,NaN,0,0,1
315,asynchronous,J30_002,EXT_210,"M=20,20,20,20,|T=0,0,0,0,|B=1,15,1,50;1,15,1,50;2,15,1,50;",3.77093864700104,NaN,0,0,0
315,asynchronous,J30_002,EXT_201,"M=20,20,20,20,|T=0,0,0,0,|B=1,15,1,50;1,15,1,50;3,15,1,50;",3.81991677489432,NaN,0,0,0
315,high_noise,J30_002,EXT_021,"M=20,20,20,20,|T=0,0,0,0,|B=2,15,1,50;2,15,1,50;3,15,1,50;",4.07313869037252,NaN,0,1,0
315,high_noise,J30_002,EXT_012,"M=20,20,20,20,|T=0,0,0,0,|B=2,15,1,50;3,15,1,50;3,15,1,50;",3.77093864700104,NaN,0,1,0
315,high_noise,J30_002,EXT_120,"M=20,20,20,20,|T=0,0,0,0,|B=1,15,1,50;2,15,1,50;2,15,1,50;",4.07313869037251,NaN,0,1,1
315,high_noise,J30_002,EXT_111,"M=20,20,20,20,|T=0,0,0,0,|B=1,15,1,50;2,15,1,50;3,15,1,50;",4.01522453218813,NaN,0,0,1
315,high_noise,J30_002,EXT_102,"M=20,20,20,20,|T=0,0,0,0,|B=1,15,1,50;3,15,1,50;3,15,1,50;",3.81991677489432,NaN,0,0,1
315,high_noise,J30_002,EXT_210,"M=20,20,20,20,|T=0,0,0,0,|B=1,15,1,50;1,15,1,50;2,15,1,50;",3.77093864700104,NaN,0,0,0
315,high_noise,J30_002,EXT_201,"M=20,20,20,20,|T=0,0,0,0,|B=1,15,1,50;1,15,1,50;3,15,1,50;",3.81991677489432,NaN,0,0,0
316,synchronous,J30_002,EXT_021,"M=20,20,20,20,|T=0,0,0,0,|B=2,15,1,50;2,15,1,50;3,15,1,50;",4.60354236986103,NaN,0,1,1
316,synchronous,J30_002,EXT_012,"M=20,20,20,20,|T=0,0,0,0,|B=2,15,1,50;3,15,1,50;3,15,1,50;",4.35475418881202,NaN,0,1,0
316,synchronous,J30_002,EXT_120,"M=20,20,20,20,|T=0,0,0,0,|B=1,15,1,50;2,15,1,50;2,15,1,50;",4.60354236986103,NaN,0,1,0
316,synchronous,J30_002,EXT_111,"M=20,20,20,20,|T=0,0,0,0,|B=1,15,1,50;2,15,1,50;3,15,1,50;",4.57106516708321,NaN,0,0,1
316,synchronous,J30_002,EXT_102,"M=20,20,20,20,|T=0,0,0,0,|B=1,15,1,50;3,15,1,50;3,15,1,50;",4.40246782125583,NaN,0,0,0
316,synchronous,J30_002,EXT_210,"M=20,20,20,20,|T=0,0,0,0,|B=1,15,1,50;1,15,1,50;2,15,1,50;",4.35475418881202,NaN,0,0,1
316,synchronous,J30_002,EXT_201,"M=20,20,20,20,|T=0,0,0,0,|B=1,15,1,50;1,15,1,50;3,15,1,50;",4.40246782125583,NaN,0,0,0
316,asynchronous,J30_002,EXT_021,"M=20,20,20,20,|T=0,0,0,0,|B=2,15,1,50;2,15,1,50;3,15,1,50;",4.60354236986103,NaN,0,1,1
316,asynchronous,J30_002,EXT_012,"M=20,20,20,20,|T=0,0,0,0,|B=2,15,1,50;3,15,1,50;3,15,1,50;",4.35475418881202,NaN,0,1,0
316,asynchronous,J30_002,EXT_120,"M=20,20,20,20,|T=0,0,0,0,|B=1,15,1,50;2,15,1,50;2,15,1,50;",4.60354236986103,NaN,0,1,0
316,asynchronous,J30_002,EXT_111,"M=20,20,20,20,|T=0,0,0,0,|B=1,15,1,50;2,15,1,50;3,15,1,50;",4.57106516708321,NaN,0,0,1
316,asynchronous,J30_002,EXT_102,"M=20,20,20,20,|T=0,0,0,0,|B=1,15,1,50;3,15,1,50;3,15,1,50;",4.40246782125583,NaN,0,0,0
316,asynchronous,J30_002,EXT_210,"M=20,20,20,20,|T=0,0,0,0,|B=1,15,1,50;1,15,1,50;2,15,1,50;",4.35475418881202,NaN,0,0,1
316,asynchronous,J30_002,EXT_201,"M=20,20,20,20,|T=0,0,0,0,|B=1,15,1,50;1,15,1,50;3,15,1,50;",4.40246782125583,NaN,0,0,0
316,high_noise,J30_002,EXT_021,"M=20,20,20,20,|T=0,0,0,0,|B=2,15,1,50;2,15,1,50;3,15,1,50;",4.60354236986103,NaN,0,1,1
316,high_noise,J30_002,EXT_012,"M=20,20,20,20,|T=0,0,0,0,|B=2,15,1,50;3,15,1,50;3,15,1,50;",4.35475418881202,NaN,0,1,0
316,high_noise,J30_002,EXT_120,"M=20,20,20,20,|T=0,0,0,0,|B=1,15,1,50;2,15,1,50;2,15,1,50;",4.60354236986103,NaN,0,1,0
316,high_noise,J30_002,EXT_111,"M=20,20,20,20,|T=0,0,0,0,|B=1,15,1,50;2,15,1,50;3,15,1,50;",4.57106516708321,NaN,0,0,1
316,high_noise,J30_002,EXT_102,"M=20,20,20,20,|T=0,0,0,0,|B=1,15,1,50;3,15,1,50;3,15,1,50;",4.40246782125583,NaN,0,0,0
316,high_noise,J30_002,EXT_210,"M=20,20,20,20,|T=0,0,0,0,|B=1,15,1,50;1,15,1,50;2,15,1,50;",4.35475418881202,NaN,0,0,1
316,high_noise,J30_002,EXT_201,"M=20,20,20,20,|T=0,0,0,0,|B=1,15,1,50;1,15,1,50;3,15,1,50;",4.40246782125583,NaN,0,0,0
317,synchronous,J30_002,EXT_021,"M=20,20,20,20,|T=0,0,0,0,|B=2,15,1,50;2,15,1,50;3,15,1,50;",4.22872274544009,NaN,0,1,0
317,synchronous,J30_002,EXT_012,"M=20,20,20,20,|T=0,0,0,0,|B=2,15,1,50;3,15,1,50;3,15,1,50;",3.87516564758305,NaN,0,1,1
317,synchronous,J30_002,EXT_120,"M=20,20,20,20,|T=0,0,0,0,|B=1,15,1,50;2,15,1,50;2,15,1,50;",4.22872274544009,NaN,0,1,0
317,synchronous,J30_002,EXT_111,"M=20,20,20,20,|T=0,0,0,0,|B=1,15,1,50;2,15,1,50;3,15,1,50;",4.10051878831927,NaN,0,0,1
317,synchronous,J30_002,EXT_102,"M=20,20,20,20,|T=0,0,0,0,|B=1,15,1,50;3,15,1,50;3,15,1,50;",3.89039549174866,NaN,0,0,0
317,synchronous,J30_002,EXT_210,"M=20,20,20,20,|T=0,0,0,0,|B=1,15,1,50;1,15,1,50;2,15,1,50;",3.87516564758305,NaN,0,0,0
317,synchronous,J30_002,EXT_201,"M=20,20,20,20,|T=0,0,0,0,|B=1,15,1,50;1,15,1,50;3,15,1,50;",3.89039549174866,NaN,0,0,1
317,asynchronous,J30_002,EXT_021,"M=20,20,20,20,|T=0,0,0,0,|B=2,15,1,50;2,15,1,50;3,15,1,50;",4.22872274544009,NaN,0,0,0
317,asynchronous,J30_002,EXT_012,"M=20,20,20,20,|T=0,0,0,0,|B=2,15,1,50;3,15,1,50;3,15,1,50;",3.87516564758305,NaN,0,0,1
317,asynchronous,J30_002,EXT_120,"M=20,20,20,20,|T=0,0,0,0,|B=1,15,1,50;2,15,1,50;2,15,1,50;",4.22872274544009,NaN,0,1,0
317,asynchronous,J30_002,EXT_111,"M=20,20,20,20,|T=0,0,0,0,|B=1,15,1,50;2,15,1,50;3,15,1,50;",4.10051878831927,NaN,0,0,1
317,asynchronous,J30_002,EXT_102,"M=20,20,20,20,|T=0,0,0,0,|B=1,15,1,50;3,15,1,50;3,15,1,50;",3.89039549174866,NaN,0,0,0
317,asynchronous,J30_002,EXT_210,"M=20,20,20,20,|T=0,0,0,0,|B=1,15,1,50;1,15,1,50;2,15,1,50;",3.87516564758305,NaN,0,1,0
317,asynchronous,J30_002,EXT_201,"M=20,20,20,20,|T=0,0,0,0,|B=1,15,1,50;1,15,1,50;3,15,1,50;",3.89039549174866,NaN,0,1,1
317,high_noise,J30_002,EXT_021,"M=20,20,20,20,|T=0,0,0,0,|B=2,15,1,50;2,15,1,50;3,15,1,50;",4.22872274544009,NaN,0,0,0
317,high_noise,J30_002,EXT_012,"M=20,20,20,20,|T=0,0,0,0,|B=2,15,1,50;3,15,1,50;3,15,1,50;",3.87516564758305,NaN,0,0,1
317,high_noise,J30_002,EXT_120,"M=20,20,20,20,|T=0,0,0,0,|B=1,15,1,50;2,15,1,50;2,15,1,50;",4.22872274544009,NaN,0,1,0
317,high_noise,J30_002,EXT_111,"M=20,20,20,20,|T=0,0,0,0,|B=1,15,1,50;2,15,1,50;3,15,1,50;",4.10051878831927,NaN,0,0,1
317,high_noise,J30_002,EXT_102,"M=20,20,20,20,|T=0,0,0,0,|B=1,15,1,50;3,15,1,50;3,15,1,50;",3.89039549174866,NaN,0,0,0
317,high_noise,J30_002,EXT_210,"M=20,20,20,20,|T=0,0,0,0,|B=1,15,1,50;1,15,1,50;2,15,1,50;",3.87516564758305,NaN,0,1,0
317,high_noise,J30_002,EXT_201,"M=20,20,20,20,|T=0,0,0,0,|B=1,15,1,50;1,15,1,50;3,15,1,50;",3.89039549174866,NaN,0,1,1
318,synchronous,J30_002,EXT_021,"M=20,20,20,20,|T=0,0,0,0,|B=2,15,1,50;2,15,1,50;3,15,1,50;",4.20455131033186,NaN,0,1,1
318,synchronous,J30_002,EXT_012,"M=20,20,20,20,|T=0,0,0,0,|B=2,15,1,50;3,15,1,50;3,15,1,50;",3.8582495744045,NaN,0,1,1
318,synchronous,J30_002,EXT_120,"M=20,20,20,20,|T=0,0,0,0,|B=1,15,1,50;2,15,1,50;2,15,1,50;",4.20455131033186,NaN,0,1,0
318,synchronous,J30_002,EXT_111,"M=20,20,20,20,|T=0,0,0,0,|B=1,15,1,50;2,15,1,50;3,15,1,50;",4.09310486303143,NaN,0,0,0
318,synchronous,J30_002,EXT_102,"M=20,20,20,20,|T=0,0,0,0,|B=1,15,1,50;3,15,1,50;3,15,1,50;",3.91187004405316,NaN,0,0,0
318,synchronous,J30_002,EXT_210,"M=20,20,20,20,|T=0,0,0,0,|B=1,15,1,50;1,15,1,50;2,15,1,50;",3.8582495744045,NaN,0,0,0
318,synchronous,J30_002,EXT_201,"M=20,20,20,20,|T=0,0,0,0,|B=1,15,1,50;1,15,1,50;3,15,1,50;",3.91187004405316,NaN,0,0,1
318,asynchronous,J30_002,EXT_021,"M=20,20,20,20,|T=0,0,0,0,|B=2,15,1,50;2,15,1,50;3,15,1,50;",4.20455131033186,NaN,0,1,1
318,asynchronous,J30_002,EXT_012,"M=20,20,20,20,|T=0,0,0,0,|B=2,15,1,50;3,15,1,50;3,15,1,50;",3.8582495744045,NaN,0,1,1
318,asynchronous,J30_002,EXT_120,"M=20,20,20,20,|T=0,0,0,0,|B=1,15,1,50;2,15,1,50;2,15,1,50;",4.20455131033186,NaN,0,1,0
318,asynchronous,J30_002,EXT_111,"M=20,20,20,20,|T=0,0,0,0,|B=1,15,1,50;2,15,1,50;3,15,1,50;",4.09310486303143,NaN,0,0,0
318,asynchronous,J30_002,EXT_102,"M=20,20,20,20,|T=0,0,0,0,|B=1,15,1,50;3,15,1,50;3,15,1,50;",3.91187004405316,NaN,0,0,0
318,asynchronous,J30_002,EXT_210,"M=20,20,20,20,|T=0,0,0,0,|B=1,15,1,50;1,15,1,50;2,15,1,50;",3.8582495744045,NaN,0,0,0
318,asynchronous,J30_002,EXT_201,"M=20,20,20,20,|T=0,0,0,0,|B=1,15,1,50;1,15,1,50;3,15,1,50;",3.91187004405316,NaN,0,0,1
318,high_noise,J30_002,EXT_021,"M=20,20,20,20,|T=0,0,0,0,|B=2,15,1,50;2,15,1,50;3,15,1,50;",4.20455131033186,NaN,0,1,1
318,high_noise,J30_002,EXT_012,"M=20,20,20,20,|T=0,0,0,0,|B=2,15,1,50;3,15,1,50;3,15,1,50;",3.8582495744045,NaN,0,1,1
318,high_noise,J30_002,EXT_120,"M=20,20,20,20,|T=0,0,0,0,|B=1,15,1,50;2,15,1,50;2,15,1,50;",4.20455131033186,NaN,0,1,0
318,high_noise,J30_002,EXT_111,"M=20,20,20,20,|T=0,0,0,0,|B=1,15,1,50;2,15,1,50;3,15,1,50;",4.09310486303143,NaN,0,0,0
318,high_noise,J30_002,EXT_102,"M=20,20,20,20,|T=0,0,0,0,|B=1,15,1,50;3,15,1,50;3,15,1,50;",3.91187004405316,NaN,0,0,0
318,high_noise,J30_002,EXT_210,"M=20,20,20,20,|T=0,0,0,0,|B=1,15,1,50;1,15,1,50;2,15,1,50;",3.8582495744045,NaN,0,0,0
318,high_noise,J30_002,EXT_201,"M=20,20,20,20,|T=0,0,0,0,|B=1,15,1,50;1,15,1,50;3,15,1,50;",3.91187004405316,NaN,0,0,1
319,synchronous,J30_002,EXT_021,"M=20,20,20,20,|T=0,0,0,0,|B=2,15,1,50;2,15,1,50;3,15,1,50;",4.31537413372086,NaN,0,1,1
319,synchronous,J30_002,EXT_012,"M=20,20,20,20,|T=0,0,0,0,|B=2,15,1,50;3,15,1,50;3,15,1,50;",4.00619763787532,NaN,0,1,0
319,synchronous,J30_002,EXT_120,"M=20,20,20,20,|T=0,0,0,0,|B=1,15,1,50;2,15,1,50;2,15,1,50;",4.31537413372086,NaN,0,1,1
319,synchronous,J30_002,EXT_111,"M=20,20,20,20,|T=0,0,0,0,|B=1,15,1,50;2,15,1,50;3,15,1,50;",4.23892494202316,NaN,0,0,0
319,synchronous,J30_002,EXT_102,"M=20,20,20,20,|T=0,0,0,0,|B=1,15,1,50;3,15,1,50;3,15,1,50;",4.05540801172451,NaN,0,0,1
319,synchronous,J30_002,EXT_210,"M=20,20,20,20,|T=0,0,0,0,|B=1,15,1,50;1,15,1,50;2,15,1,50;",4.00619763787532,NaN,0,0,0
319,synchronous,J30_002,EXT_201,"M=20,20,20,20,|T=0,0,0,0,|B=1,15,1,50;1,15,1,50;3,15,1,50;",4.05540801172451,NaN,0,0,0
319,asynchronous,J30_002,EXT_021,"M=20,20,20,20,|T=0,0,0,0,|B=2,15,1,50;2,15,1,50;3,15,1,50;",4.31537413372086,NaN,0,1,1
319,asynchronous,J30_002,EXT_012,"M=20,20,20,20,|T=0,0,0,0,|B=2,15,1,50;3,15,1,50;3,15,1,50;",4.00619763787532,NaN,0,1,0
319,asynchronous,J30_002,EXT_120,"M=20,20,20,20,|T=0,0,0,0,|B=1,15,1,50;2,15,1,50;2,15,1,50;",4.31537413372086,NaN,0,1,1
319,asynchronous,J30_002,EXT_111,"M=20,20,20,20,|T=0,0,0,0,|B=1,15,1,50;2,15,1,50;3,15,1,50;",4.23892494202316,NaN,0,0,0
319,asynchronous,J30_002,EXT_102,"M=20,20,20,20,|T=0,0,0,0,|B=1,15,1,50;3,15,1,50;3,15,1,50;",4.05540801172451,NaN,0,0,1
319,asynchronous,J30_002,EXT_210,"M=20,20,20,20,|T=0,0,0,0,|B=1,15,1,50;1,15,1,50;2,15,1,50;",4.00619763787532,NaN,0,0,0
319,asynchronous,J30_002,EXT_201,"M=20,20,20,20,|T=0,0,0,0,|B=1,15,1,50;1,15,1,50;3,15,1,50;",4.05540801172451,NaN,0,0,0
319,high_noise,J30_002,EXT_021,"M=20,20,20,20,|T=0,0,0,0,|B=2,15,1,50;2,15,1,50;3,15,1,50;",4.31537413372086,NaN,0,1,1
319,high_noise,J30_002,EXT_012,"M=20,20,20,20,|T=0,0,0,0,|B=2,15,1,50;3,15,1,50;3,15,1,50;",4.00619763787532,NaN,0,1,0
319,high_noise,J30_002,EXT_120,"M=20,20,20,20,|T=0,0,0,0,|B=1,15,1,50;2,15,1,50;2,15,1,50;",4.31537413372086,NaN,0,1,1
319,high_noise,J30_002,EXT_111,"M=20,20,20,20,|T=0,0,0,0,|B=1,15,1,50;2,15,1,50;3,15,1,50;",4.23892494202316,NaN,0,0,0
319,high_noise,J30_002,EXT_102,"M=20,20,20,20,|T=0,0,0,0,|B=1,15,1,50;3,15,1,50;3,15,1,50;",4.05540801172451,NaN,0,0,1
319,high_noise,J30_002,EXT_210,"M=20,20,20,20,|T=0,0,0,0,|B=1,15,1,50;1,15,1,50;2,15,1,50;",4.00619763787532,NaN,0,0,0
319,high_noise,J30_002,EXT_201,"M=20,20,20,20,|T=0,0,0,0,|B=1,15,1,50;1,15,1,50;3,15,1,50;",4.05540801172451,NaN,0,0,0
320,synchronous,J30_002,EXT_021,"M=20,20,20,20,|T=0,0,0,0,|B=2,15,1,50;2,15,1,50;3,15,1,50;",4.21442165300503,NaN,0,1,1
320,synchronous,J30_002,EXT_012,"M=20,20,20,20,|T=0,0,0,0,|B=2,15,1,50;3,15,1,50;3,15,1,50;",3.93959180772052,NaN,0,1,1
320,synchronous,J30_002,EXT_120,"M=20,20,20,20,|T=0,0,0,0,|B=1,15,1,50;2,15,1,50;2,15,1,50;",4.21442165300503,NaN,0,1,0
320,synchronous,J30_002,EXT_111,"M=20,20,20,20,|T=0,0,0,0,|B=1,15,1,50;2,15,1,50;3,15,1,50;",4.16385870081761,NaN,0,0,0
320,synchronous,J30_002,EXT_102,"M=20,20,20,20,|T=0,0,0,0,|B=1,15,1,50;3,15,1,50;3,15,1,50;",4.01723011784736,NaN,0,0,0
320,synchronous,J30_002,EXT_210,"M=20,20,20,20,|T=0,0,0,0,|B=1,15,1,50;1,15,1,50;2,15,1,50;",3.93959180772052,NaN,0,0,0
320,synchronous,J30_002,EXT_201,"M=20,20,20,20,|T=0,0,0,0,|B=1,15,1,50;1,15,1,50;3,15,1,50;",4.01723011784736,NaN,0,0,1
320,asynchronous,J30_002,EXT_021,"M=20,20,20,20,|T=0,0,0,0,|B=2,15,1,50;2,15,1,50;3,15,1,50;",4.21442165300503,NaN,0,1,1
320,asynchronous,J30_002,EXT_012,"M=20,20,20,20,|T=0,0,0,0,|B=2,15,1,50;3,15,1,50;3,15,1,50;",3.93959180772052,NaN,0,1,1
320,asynchronous,J30_002,EXT_120,"M=20,20,20,20,|T=0,0,0,0,|B=1,15,1,50;2,15,1,50;2,15,1,50;",4.21442165300503,NaN,0,1,0
320,asynchronous,J30_002,EXT_111,"M=20,20,20,20,|T=0,0,0,0,|B=1,15,1,50;2,15,1,50;3,15,1,50;",4.16385870081761,NaN,0,0,0
320,asynchronous,J30_002,EXT_102,"M=20,20,20,20,|T=0,0,0,0,|B=1,15,1,50;3,15,1,50;3,15,1,50;",4.01723011784736,NaN,0,0,0
320,asynchronous,J30_002,EXT_210,"M=20,20,20,20,|T=0,0,0,0,|B=1,15,1,50;1,15,1,50;2,15,1,50;",3.93959180772052,NaN,0,0,0
320,asynchronous,J30_002,EXT_201,"M=20,20,20,20,|T=0,0,0,0,|B=1,15,1,50;1,15,1,50;3,15,1,50;",4.01723011784736,NaN,0,0,1
320,high_noise,J30_002,EXT_021,"M=20,20,20,20,|T=0,0,0,0,|B=2,15,1,50;2,15,1,50;3,15,1,50;",4.21442165300503,NaN,0,1,1
320,high_noise,J30_002,EXT_012,"M=20,20,20,20,|T=0,0,0,0,|B=2,15,1,50;3,15,1,50;3,15,1,50;",3.93959180772052,NaN,0,1,1
320,high_noise,J30_002,EXT_120,"M=20,20,20,20,|T=0,0,0,0,|B=1,15,1,50;2,15,1,50;2,15,1,50;",4.21442165300503,NaN,0,1,0
320,high_noise,J30_002,EXT_111,"M=20,20,20,20,|T=0,0,0,0,|B=1,15,1,50;2,15,1,50;3,15,1,50;",4.16385870081761,NaN,0,0,0
320,high_noise,J30_002,EXT_102,"M=20,20,20,20,|T=0,0,0,0,|B=1,15,1,50;3,15,1,50;3,15,1,50;",4.01723011784736,NaN,0,0,0
320,high_noise,J30_002,EXT_210,"M=20,20,20,20,|T=0,0,0,0,|B=1,15,1,50;1,15,1,50;2,15,1,50;",3.93959180772052,NaN,0,0,0
320,high_noise,J30_002,EXT_201,"M=20,20,20,20,|T=0,0,0,0,|B=1,15,1,50;1,15,1,50;3,15,1,50;",4.01723011784736,NaN,0,0,1
321,synchronous,J30_002,EXT_021,"M=20,20,20,20,|T=0,0,0,0,|B=2,15,1,50;2,15,1,50;3,15,1,50;",4.95309218136177,NaN,0,1,0
321,synchronous,J30_002,EXT_012,"M=20,20,20,20,|T=0,0,0,0,|B=2,15,1,50;3,15,1,50;3,15,1,50;",4.72289538642313,NaN,0,1,0
321,synchronous,J30_002,EXT_120,"M=20,20,20,20,|T=0,0,0,0,|B=1,15,1,50;2,15,1,50;2,15,1,50;",4.95309218136177,NaN,0,1,1
321,synchronous,J30_002,EXT_111,"M=20,20,20,20,|T=0,0,0,0,|B=1,15,1,50;2,15,1,50;3,15,1,50;",4.90274727228121,NaN,0,0,0
321,synchronous,J30_002,EXT_102,"M=20,20,20,20,|T=0,0,0,0,|B=1,15,1,50;3,15,1,50;3,15,1,50;",4.77756800942319,NaN,0,0,1
321,synchronous,J30_002,EXT_210,"M=20,20,20,20,|T=0,0,0,0,|B=1,15,1,50;1,15,1,50;2,15,1,50;",4.72289538642313,NaN,0,0,0
321,synchronous,J30_002,EXT_201,"M=20,20,20,20,|T=0,0,0,0,|B=1,15,1,50;1,15,1,50;3,15,1,50;",4.77756800942319,NaN,0,0,1
321,asynchronous,J30_002,EXT_021,"M=20,20,20,20,|T=0,0,0,0,|B=2,15,1,50;2,15,1,50;3,15,1,50;",4.95309218136177,NaN,0,1,0
321,asynchronous,J30_002,EXT_012,"M=20,20,20,20,|T=0,0,0,0,|B=2,15,1,50;3,15,1,50;3,15,1,50;",4.72289538642313,NaN,0,0,0
321,asynchronous,J30_002,EXT_120,"M=20,20,20,20,|T=0,0,0,0,|B=1,15,1,50;2,15,1,50;2,15,1,50;",4.95309218136177,NaN,0,0,1
321,asynchronous,J30_002,EXT_111,"M=20,20,20,20,|T=0,0,0,0,|B=1,15,1,50;2,15,1,50;3,15,1,50;",4.90274727228121,NaN,0,0,0
321,asynchronous,J30_002,EXT_102,"M=20,20,20,20,|T=0,0,0,0,|B=1,15,1,50;3,15,1,50;3,15,1,50;",4.77756800942319,NaN,0,0,1
321,asynchronous,J30_002,EXT_210,"M=20,20,20,20,|T=0,0,0,0,|B=1,15,1,50;1,15,1,50;2,15,1,50;",4.72289538642313,NaN,0,1,0
321,asynchronous,J30_002,EXT_201,"M=20,20,20,20,|T=0,0,0,0,|B=1,15,1,50;1,15,1,50;3,15,1,50;",4.77756800942319,NaN,0,1,1
321,high_noise,J30_002,EXT_021,"M=20,20,20,20,|T=0,0,0,0,|B=2,15,1,50;2,15,1,50;3,15,1,50;",4.95309218136177,NaN,0,1,0
321,high_noise,J30_002,EXT_012,"M=20,20,20,20,|T=0,0,0,0,|B=2,15,1,50;3,15,1,50;3,15,1,50;",4.72289538642313,NaN,0,0,0
321,high_noise,J30_002,EXT_120,"M=20,20,20,20,|T=0,0,0,0,|B=1,15,1,50;2,15,1,50;2,15,1,50;",4.95309218136177,NaN,0,0,1
321,high_noise,J30_002,EXT_111,"M=20,20,20,20,|T=0,0,0,0,|B=1,15,1,50;2,15,1,50;3,15,1,50;",4.90274727228121,NaN,0,0,0
321,high_noise,J30_002,EXT_102,"M=20,20,20,20,|T=0,0,0,0,|B=1,15,1,50;3,15,1,50;3,15,1,50;",4.77756800942319,NaN,0,0,1
321,high_noise,J30_002,EXT_210,"M=20,20,20,20,|T=0,0,0,0,|B=1,15,1,50;1,15,1,50;2,15,1,50;",4.72289538642313,NaN,0,1,0
321,high_noise,J30_002,EXT_201,"M=20,20,20,20,|T=0,0,0,0,|B=1,15,1,50;1,15,1,50;3,15,1,50;",4.77756800942319,NaN,0,1,1
322,synchronous,J30_002,EXT_021,"M=20,20,20,20,|T=0,0,0,0,|B=2,15,1,50;2,15,1,50;3,15,1,50;",4.21667946599317,NaN,0,1,1
322,synchronous,J30_002,EXT_012,"M=20,20,20,20,|T=0,0,0,0,|B=2,15,1,50;3,15,1,50;3,15,1,50;",3.90227692644262,NaN,0,1,0
322,synchronous,J30_002,EXT_120,"M=20,20,20,20,|T=0,0,0,0,|B=1,15,1,50;2,15,1,50;2,15,1,50;",4.21667946599317,NaN,0,1,1
322,synchronous,J30_002,EXT_111,"M=20,20,20,20,|T=0,0,0,0,|B=1,15,1,50;2,15,1,50;3,15,1,50;",4.10848367254395,NaN,0,0,0
322,synchronous,J30_002,EXT_102,"M=20,20,20,20,|T=0,0,0,0,|B=1,15,1,50;3,15,1,50;3,15,1,50;",3.92904413898444,NaN,0,0,1
322,synchronous,J30_002,EXT_210,"M=20,20,20,20,|T=0,0,0,0,|B=1,15,1,50;1,15,1,50;2,15,1,50;",3.90227692644263,NaN,0,0,0
322,synchronous,J30_002,EXT_201,"M=20,20,20,20,|T=0,0,0,0,|B=1,15,1,50;1,15,1,50;3,15,1,50;",3.92904413898444,NaN,0,0,0
322,asynchronous,J30_002,EXT_021,"M=20,20,20,20,|T=0,0,0,0,|B=2,15,1,50;2,15,1,50;3,15,1,50;",4.21667946599317,NaN,0,0,1
322,asynchronous,J30_002,EXT_012,"M=20,20,20,20,|T=0,0,0,0,|B=2,15,1,50;3,15,1,50;3,15,1,50;",3.90227692644262,NaN,0,0,0
322,asynchronous,J30_002,EXT_120,"M=20,20,20,20,|T=0,0,0,0,|B=1,15,1,50;2,15,1,50;2,15,1,50;",4.21667946599317,NaN,0,1,1
322,asynchronous,J30_002,EXT_111,"M=20,20,20,20,|T=0,0,0,0,|B=1,15,1,50;2,15,1,50;3,15,1,50;",4.10848367254395,NaN,0,1,0
322,asynchronous,J30_002,EXT_102,"M=20,20,20,20,|T=0,0,0,0,|B=1,15,1,50;3,15,1,50;3,15,1,50;",3.92904413898444,NaN,0,0,1
322,asynchronous,J30_002,EXT_210,"M=20,20,20,20,|T=0,0,0,0,|B=1,15,1,50;1,15,1,50;2,15,1,50;",3.90227692644263,NaN,0,1,0
322,asynchronous,J30_002,EXT_201,"M=20,20,20,20,|T=0,0,0,0,|B=1,15,1,50;1,15,1,50;3,15,1,50;",3.92904413898444,NaN,0,0,0
322,high_noise,J30_002,EXT_021,"M=20,20,20,20,|T=0,0,0,0,|B=2,15,1,50;2,15,1,50;3,15,1,50;",4.21667946599317,NaN,0,0,1
322,high_noise,J30_002,EXT_012,"M=20,20,20,20,|T=0,0,0,0,|B=2,15,1,50;3,15,1,50;3,15,1,50;",3.90227692644262,NaN,0,0,0
322,high_noise,J30_002,EXT_120,"M=20,20,20,20,|T=0,0,0,0,|B=1,15,1,50;2,15,1,50;2,15,1,50;",4.21667946599317,NaN,0,1,1
322,high_noise,J30_002,EXT_111,"M=20,20,20,20,|T=0,0,0,0,|B=1,15,1,50;2,15,1,50;3,15,1,50;",4.10848367254395,NaN,0,1,0
322,high_noise,J30_002,EXT_102,"M=20,20,20,20,|T=0,0,0,0,|B=1,15,1,50;3,15,1,50;3,15,1,50;",3.92904413898444,NaN,0,0,1
322,high_noise,J30_002,EXT_210,"M=20,20,20,20,|T=0,0,0,0,|B=1,15,1,50;1,15,1,50;2,15,1,50;",3.90227692644263,NaN,0,1,0
322,high_noise,J30_002,EXT_201,"M=20,20,20,20,|T=0,0,0,0,|B=1,15,1,50;1,15,1,50;3,15,1,50;",3.92904413898444,NaN,0,0,0
323,synchronous,J30_002,EXT_021,"M=20,20,20,20,|T=0,0,0,0,|B=2,15,1,50;2,15,1,50;3,15,1,50;",4.56113537410525,NaN,0,1,0
323,synchronous,J30_002,EXT_012,"M=20,20,20,20,|T=0,0,0,0,|B=2,15,1,50;3,15,1,50;3,15,1,50;",4.26864780418314,NaN,0,1,1
323,synchronous,J30_002,EXT_120,"M=20,20,20,20,|T=0,0,0,0,|B=1,15,1,50;2,15,1,50;2,15,1,50;",4.56113537410525,NaN,0,1,0
323,synchronous,J30_002,EXT_111,"M=20,20,20,20,|T=0,0,0,0,|B=1,15,1,50;2,15,1,50;3,15,1,50;",4.46544841340723,NaN,0,0,1
323,synchronous,J30_002,EXT_102,"M=20,20,20,20,|T=0,0,0,0,|B=1,15,1,50;3,15,1,50;3,15,1,50;",4.29616296424037,NaN,0,0,0
323,synchronous,J30_002,EXT_210,"M=20,20,20,20,|T=0,0,0,0,|B=1,15,1,50;1,15,1,50;2,15,1,50;",4.26864780418314,NaN,0,0,1
323,synchronous,J30_002,EXT_201,"M=20,20,20,20,|T=0,0,0,0,|B=1,15,1,50;1,15,1,50;3,15,1,50;",4.29616296424037,NaN,0,0,0
323,asynchronous,J30_002,EXT_021,"M=20,20,20,20,|T=0,0,0,0,|B=2,15,1,50;2,15,1,50;3,15,1,50;",4.56113537410525,NaN,0,1,0
323,asynchronous,J30_002,EXT_012,"M=20,20,20,20,|T=0,0,0,0,|B=2,15,1,50;3,15,1,50;3,15,1,50;",4.26864780418314,NaN,0,0,1
323,asynchronous,J30_002,EXT_120,"M=20,20,20,20,|T=0,0,0,0,|B=1,15,1,50;2,15,1,50;2,15,1,50;",4.56113537410525,NaN,0,0,0
323,asynchronous,J30_002,EXT_111,"M=20,20,20,20,|T=0,0,0,0,|B=1,15,1,50;2,15,1,50;3,15,1,50;",4.46544841340723,NaN,0,0,1
323,asynchronous,J30_002,EXT_102,"M=20,20,20,20,|T=0,0,0,0,|B=1,15,1,50;3,15,1,50;3,15,1,50;",4.29616296424037,NaN,0,0,0
323,asynchronous,J30_002,EXT_210,"M=20,20,20,20,|T=0,0,0,0,|B=1,15,1,50;1,15,1,50;2,15,1,50;",4.26864780418314,NaN,0,1,1
323,asynchronous,J30_002,EXT_201,"M=20,20,20,20,|T=0,0,0,0,|B=1,15,1,50;1,15,1,50;3,15,1,50;",4.29616296424037,NaN,0,1,0
323,high_noise,J30_002,EXT_021,"M=20,20,20,20,|T=0,0,0,0,|B=2,15,1,50;2,15,1,50;3,15,1,50;",4.56113537410525,NaN,0,1,0
323,high_noise,J30_002,EXT_012,"M=20,20,20,20,|T=0,0,0,0,|B=2,15,1,50;3,15,1,50;3,15,1,50;",4.26864780418314,NaN,0,0,1
323,high_noise,J30_002,EXT_120,"M=20,20,20,20,|T=0,0,0,0,|B=1,15,1,50;2,15,1,50;2,15,1,50;",4.56113537410525,NaN,0,0,0
323,high_noise,J30_002,EXT_111,"M=20,20,20,20,|T=0,0,0,0,|B=1,15,1,50;2,15,1,50;3,15,1,50;",4.46544841340723,NaN,0,0,1
323,high_noise,J30_002,EXT_102,"M=20,20,20,20,|T=0,0,0,0,|B=1,15,1,50;3,15,1,50;3,15,1,50;",4.29616296424037,NaN,0,0,0
323,high_noise,J30_002,EXT_210,"M=20,20,20,20,|T=0,0,0,0,|B=1,15,1,50;1,15,1,50;2,15,1,50;",4.26864780418314,NaN,0,1,1
323,high_noise,J30_002,EXT_201,"M=20,20,20,20,|T=0,0,0,0,|B=1,15,1,50;1,15,1,50;3,15,1,50;",4.29616296424037,NaN,0,1,0
324,synchronous,J30_002,EXT_021,"M=20,20,20,20,|T=0,0,0,0,|B=2,15,1,50;2,15,1,50;3,15,1,50;",4.95382594451238,NaN,0,1,1
324,synchronous,J30_002,EXT_012,"M=20,20,20,20,|T=0,0,0,0,|B=2,15,1,50;3,15,1,50;3,15,1,50;",4.67102789178548,NaN,0,1,1
324,synchronous,J30_002,EXT_120,"M=20,20,20,20,|T=0,0,0,0,|B=1,15,1,50;2,15,1,50;2,15,1,50;",4.95382594451238,NaN,0,1,0
324,synchronous,J30_002,EXT_111,"M=20,20,20,20,|T=0,0,0,0,|B=1,15,1,50;2,15,1,50;3,15,1,50;",4.83192065870746,NaN,0,0,1
324,synchronous,J30_002,EXT_102,"M=20,20,20,20,|T=0,0,0,0,|B=1,15,1,50;3,15,1,50;3,15,1,50;",4.67881458104464,NaN,0,0,0
324,synchronous,J30_002,EXT_210,"M=20,20,20,20,|T=0,0,0,0,|B=1,15,1,50;1,15,1,50;2,15,1,50;",4.67102789178548,NaN,0,0,0
324,synchronous,J30_002,EXT_201,"M=20,20,20,20,|T=0,0,0,0,|B=1,15,1,50;1,15,1,50;3,15,1,50;",4.67881458104464,NaN,0,0,0
324,asynchronous,J30_002,EXT_021,"M=20,20,20,20,|T=0,0,0,0,|B=2,15,1,50;2,15,1,50;3,15,1,50;",4.95382594451238,NaN,0,1,1
324,asynchronous,J30_002,EXT_012,"M=20,20,20,20,|T=0,0,0,0,|B=2,15,1,50;3,15,1,50;3,15,1,50;",4.67102789178548,NaN,0,0,1
324,asynchronous,J30_002,EXT_120,"M=20,20,20,20,|T=0,0,0,0,|B=1,15,1,50;2,15,1,50;2,15,1,50;",4.95382594451238,NaN,0,1,0
324,asynchronous,J30_002,EXT_111,"M=20,20,20,20,|T=0,0,0,0,|B=1,15,1,50;2,15,1,50;3,15,1,50;",4.83192065870746,NaN,0,0,1
324,asynchronous,J30_002,EXT_102,"M=20,20,20,20,|T=0,0,0,0,|B=1,15,1,50;3,15,1,50;3,15,1,50;",4.67881458104464,NaN,0,0,0
324,asynchronous,J30_002,EXT_210,"M=20,20,20,20,|T=0,0,0,0,|B=1,15,1,50;1,15,1,50;2,15,1,50;",4.67102789178548,NaN,0,1,0
324,asynchronous,J30_002,EXT_201,"M=20,20,20,20,|T=0,0,0,0,|B=1,15,1,50;1,15,1,50;3,15,1,50;",4.67881458104464,NaN,0,0,0
324,high_noise,J30_002,EXT_021,"M=20,20,20,20,|T=0,0,0,0,|B=2,15,1,50;2,15,1,50;3,15,1,50;",4.95382594451238,NaN,0,1,1
324,high_noise,J30_002,EXT_012,"M=20,20,20,20,|T=0,0,0,0,|B=2,15,1,50;3,15,1,50;3,15,1,50;",4.67102789178548,NaN,0,0,1
324,high_noise,J30_002,EXT_120,"M=20,20,20,20,|T=0,0,0,0,|B=1,15,1,50;2,15,1,50;2,15,1,50;",4.95382594451238,NaN,0,1,0
324,high_noise,J30_002,EXT_111,"M=20,20,20,20,|T=0,0,0,0,|B=1,15,1,50;2,15,1,50;3,15,1,50;",4.83192065870746,NaN,0,0,1
324,high_noise,J30_002,EXT_102,"M=20,20,20,20,|T=0,0,0,0,|B=1,15,1,50;3,15,1,50;3,15,1,50;",4.67881458104464,NaN,0,0,0
324,high_noise,J30_002,EXT_210,"M=20,20,20,20,|T=0,0,0,0,|B=1,15,1,50;1,15,1,50;2,15,1,50;",4.67102789178548,NaN,0,1,0
324,high_noise,J30_002,EXT_201,"M=20,20,20,20,|T=0,0,0,0,|B=1,15,1,50;1,15,1,50;3,15,1,50;",4.67881458104464,NaN,0,0,0
325,synchronous,J30_002,EXT_021,"M=20,20,20,20,|T=0,0,0,0,|B=2,15,1,50;2,15,1,50;3,15,1,50;",4.48845845664138,NaN,0,1,0
325,synchronous,J30_002,EXT_012,"M=20,20,20,20,|T=0,0,0,0,|B=2,15,1,50;3,15,1,50;3,15,1,50;",4.15577078249807,NaN,0,1,0
325,synchronous,J30_002,EXT_120,"M=20,20,20,20,|T=0,0,0,0,|B=1,15,1,50;2,15,1,50;2,15,1,50;",4.48845845664138,NaN,0,1,1
325,synchronous,J30_002,EXT_111,"M=20,20,20,20,|T=0,0,0,0,|B=1,15,1,50;2,15,1,50;3,15,1,50;",4.35904346113823,NaN,0,0,0
325,synchronous,J30_002,EXT_102,"M=20,20,20,20,|T=0,0,0,0,|B=1,15,1,50;3,15,1,50;3,15,1,50;",4.15192521190232,NaN,0,0,1
325,synchronous,J30_002,EXT_210,"M=20,20,20,20,|T=0,0,0,0,|B=1,15,1,50;1,15,1,50;2,15,1,50;",4.15577078249807,NaN,0,0,1
325,synchronous,J30_002,EXT_201,"M=20,20,20,20,|T=0,0,0,0,|B=1,15,1,50;1,15,1,50;3,15,1,50;",4.15192521190232,NaN,0,0,0
325,asynchronous,J30_002,EXT_021,"M=20,20,20,20,|T=0,0,0,0,|B=2,15,1,50;2,15,1,50;3,15,1,50;",4.48845845664138,NaN,0,0,0
325,asynchronous,J30_002,EXT_012,"M=20,20,20,20,|T=0,0,0,0,|B=2,15,1,50;3,15,1,50;3,15,1,50;",4.15577078249807,NaN,0,0,0
325,asynchronous,J30_002,EXT_120,"M=20,20,20,20,|T=0,0,0,0,|B=1,15,1,50;2,15,1,50;2,15,1,50;",4.48845845664138,NaN,0,1,1
325,asynchronous,J30_002,EXT_111,"M=20,20,20,20,|T=0,0,0,0,|B=1,15,1,50;2,15,1,50;3,15,1,50;",4.35904346113823,NaN,0,1,0
325,asynchronous,J30_002,EXT_102,"M=20,20,20,20,|T=0,0,0,0,|B=1,15,1,50;3,15,1,50;3,15,1,50;",4.15192521190232,NaN,0,1,1
325,asynchronous,J30_002,EXT_210,"M=20,20,20,20,|T=0,0,0,0,|B=1,15,1,50;1,15,1,50;2,15,1,50;",4.15577078249807,NaN,0,0,1
325,asynchronous,J30_002,EXT_201,"M=20,20,20,20,|T=0,0,0,0,|B=1,15,1,50;1,15,1,50;3,15,1,50;",4.15192521190232,NaN,0,0,0
325,high_noise,J30_002,EXT_021,"M=20,20,20,20,|T=0,0,0,0,|B=2,15,1,50;2,15,1,50;3,15,1,50;",4.48845845664138,NaN,0,0,0
325,high_noise,J30_002,EXT_012,"M=20,20,20,20,|T=0,0,0,0,|B=2,15,1,50;3,15,1,50;3,15,1,50;",4.15577078249807,NaN,0,0,0
325,high_noise,J30_002,EXT_120,"M=20,20,20,20,|T=0,0,0,0,|B=1,15,1,50;2,15,1,50;2,15,1,50;",4.48845845664138,NaN,0,1,1
325,high_noise,J30_002,EXT_111,"M=20,20,20,20,|T=0,0,0,0,|B=1,15,1,50;2,15,1,50;3,15,1,50;",4.35904346113823,NaN,0,1,0
325,high_noise,J30_002,EXT_102,"M=20,20,20,20,|T=0,0,0,0,|B=1,15,1,50;3,15,1,50;3,15,1,50;",4.15192521190232,NaN,0,1,1
325,high_noise,J30_002,EXT_210,"M=20,20,20,20,|T=0,0,0,0,|B=1,15,1,50;1,15,1,50;2,15,1,50;",4.15577078249807,NaN,0,0,1
325,high_noise,J30_002,EXT_201,"M=20,20,20,20,|T=0,0,0,0,|B=1,15,1,50;1,15,1,50;3,15,1,50;",4.15192521190232,NaN,0,0,0
326,synchronous,J30_002,EXT_021,"M=20,20,20,20,|T=0,0,0,0,|B=2,15,1,50;2,15,1,50;3,15,1,50;",4.65776644757369,NaN,0,1,1
326,synchronous,J30_002,EXT_012,"M=20,20,20,20,|T=0,0,0,0,|B=2,15,1,50;3,15,1,50;3,15,1,50;",4.38878415539535,NaN,0,1,0
326,synchronous,J30_002,EXT_120,"M=20,20,20,20,|T=0,0,0,0,|B=1,15,1,50;2,15,1,50;2,15,1,50;",4.6577664475737,NaN,0,1,0
326,synchronous,J30_002,EXT_111,"M=20,20,20,20,|T=0,0,0,0,|B=1,15,1,50;2,15,1,50;3,15,1,50;",4.5952237663163,NaN,0,0,0
326,synchronous,J30_002,EXT_102,"M=20,20,20,20,|T=0,0,0,0,|B=1,15,1,50;3,15,1,50;3,15,1,50;",4.44063656727765,NaN,0,0,1
326,synchronous,J30_002,EXT_210,"M=20,20,20,20,|T=0,0,0,0,|B=1,15,1,50;1,15,1,50;2,15,1,50;",4.38878415539535,NaN,0,0,1
326,synchronous,J30_002,EXT_201,"M=20,20,20,20,|T=0,0,0,0,|B=1,15,1,50;1,15,1,50;3,15,1,50;",4.44063656727764,NaN,0,0,0
326,asynchronous,J30_002,EXT_021,"M=20,20,20,20,|T=0,0,0,0,|B=2,15,1,50;2,15,1,50;3,15,1,50;",4.65776644757369,NaN,0,0,1
326,asynchronous,J30_002,EXT_012,"M=20,20,20,20,|T=0,0,0,0,|B=2,15,1,50;3,15,1,50;3,15,1,50;",4.38878415539535,NaN,0,0,0
326,asynchronous,J30_002,EXT_120,"M=20,20,20,20,|T=0,0,0,0,|B=1,15,1,50;2,15,1,50;2,15,1,50;",4.6577664475737,NaN,0,1,0
326,asynchronous,J30_002,EXT_111,"M=20,20,20,20,|T=0,0,0,0,|B=1,15,1,50;2,15,1,50;3,15,1,50;",4.5952237663163,NaN,0,0,0
326,asynchronous,J30_002,EXT_102,"M=20,20,20,20,|T=0,0,0,0,|B=1,15,1,50;3,15,1,50;3,15,1,50;",4.44063656727765,NaN,0,0,1
326,asynchronous,J30_002,EXT_210,"M=20,20,20,20,|T=0,0,0,0,|B=1,15,1,50;1,15,1,50;2,15,1,50;",4.38878415539535,NaN,0,1,1
326,asynchronous,J30_002,EXT_201,"M=20,20,20,20,|T=0,0,0,0,|B=1,15,1,50;1,15,1,50;3,15,1,50;",4.44063656727764,NaN,0,1,0
326,high_noise,J30_002,EXT_021,"M=20,20,20,20,|T=0,0,0,0,|B=2,15,1,50;2,15,1,50;3,15,1,50;",4.65776644757369,NaN,0,0,1
326,high_noise,J30_002,EXT_012,"M=20,20,20,20,|T=0,0,0,0,|B=2,15,1,50;3,15,1,50;3,15,1,50;",4.38878415539535,NaN,0,0,0
326,high_noise,J30_002,EXT_120,"M=20,20,20,20,|T=0,0,0,0,|B=1,15,1,50;2,15,1,50;2,15,1,50;",4.6577664475737,NaN,0,1,0
326,high_noise,J30_002,EXT_111,"M=20,20,20,20,|T=0,0,0,0,|B=1,15,1,50;2,15,1,50;3,15,1,50;",4.5952237663163,NaN,0,0,0
326,high_noise,J30_002,EXT_102,"M=20,20,20,20,|T=0,0,0,0,|B=1,15,1,50;3,15,1,50;3,15,1,50;",4.44063656727765,NaN,0,0,1
326,high_noise,J30_002,EXT_210,"M=20,20,20,20,|T=0,0,0,0,|B=1,15,1,50;1,15,1,50;2,15,1,50;",4.38878415539535,NaN,0,1,1
326,high_noise,J30_002,EXT_201,"M=20,20,20,20,|T=0,0,0,0,|B=1,15,1,50;1,15,1,50;3,15,1,50;",4.44063656727764,NaN,0,1,0
327,synchronous,J30_002,EXT_021,"M=20,20,20,20,|T=0,0,0,0,|B=2,15,1,50;2,15,1,50;3,15,1,50;",4.19664937831805,NaN,0,1,1
327,synchronous,J30_002,EXT_012,"M=20,20,20,20,|T=0,0,0,0,|B=2,15,1,50;3,15,1,50;3,15,1,50;",3.82868996983908,NaN,0,1,1
327,synchronous,J30_002,EXT_120,"M=20,20,20,20,|T=0,0,0,0,|B=1,15,1,50;2,15,1,50;2,15,1,50;",4.19664937831805,NaN,0,1,0
327,synchronous,J30_002,EXT_111,"M=20,20,20,20,|T=0,0,0,0,|B=1,15,1,50;2,15,1,50;3,15,1,50;",4.05662390931098,NaN,0,0,1
327,synchronous,J30_002,EXT_102,"M=20,20,20,20,|T=0,0,0,0,|B=1,15,1,50;3,15,1,50;3,15,1,50;",3.84071902641784,NaN,0,0,0
327,synchronous,J30_002,EXT_210,"M=20,20,20,20,|T=0,0,0,0,|B=1,15,1,50;1,15,1,50;2,15,1,50;",3.82868996983908,NaN,0,0,0
327,synchronous,J30_002,EXT_201,"M=20,20,20,20,|T=0,0,0,0,|B=1,15,1,50;1,15,1,50;3,15,1,50;",3.84071902641784,NaN,0,0,0
327,asynchronous,J30_002,EXT_021,"M=20,20,20,20,|T=0,0,0,0,|B=2,15,1,50;2,15,1,50;3,15,1,50;",4.19664937831805,NaN,0,1,1
327,asynchronous,J30_002,EXT_012,"M=20,20,20,20,|T=0,0,0,0,|B=2,15,1,50;3,15,1,50;3,15,1,50;",3.82868996983908,NaN,0,1,1
327,asynchronous,J30_002,EXT_120,"M=20,20,20,20,|T=0,0,0,0,|B=1,15,1,50;2,15,1,50;2,15,1,50;",4.19664937831805,NaN,0,1,0
327,asynchronous,J30_002,EXT_111,"M=20,20,20,20,|T=0,0,0,0,|B=1,15,1,50;2,15,1,50;3,15,1,50;",4.05662390931098,NaN,0,0,1
327,asynchronous,J30_002,EXT_102,"M=20,20,20,20,|T=0,0,0,0,|B=1,15,1,50;3,15,1,50;3,15,1,50;",3.84071902641784,NaN,0,0,0
327,asynchronous,J30_002,EXT_210,"M=20,20,20,20,|T=0,0,0,0,|B=1,15,1,50;1,15,1,50;2,15,1,50;",3.82868996983908,NaN,0,0,0
327,asynchronous,J30_002,EXT_201,"M=20,20,20,20,|T=0,0,0,0,|B=1,15,1,50;1,15,1,50;3,15,1,50;",3.84071902641784,NaN,0,0,0
327,high_noise,J30_002,EXT_021,"M=20,20,20,20,|T=0,0,0,0,|B=2,15,1,50;2,15,1,50;3,15,1,50;",4.19664937831805,NaN,0,1,1
327,high_noise,J30_002,EXT_012,"M=20,20,20,20,|T=0,0,0,0,|B=2,15,1,50;3,15,1,50;3,15,1,50;",3.82868996983908,NaN,0,1,1
327,high_noise,J30_002,EXT_120,"M=20,20,20,20,|T=0,0,0,0,|B=1,15,1,50;2,15,1,50;2,15,1,50;",4.19664937831805,NaN,0,1,0
327,high_noise,J30_002,EXT_111,"M=20,20,20,20,|T=0,0,0,0,|B=1,15,1,50;2,15,1,50;3,15,1,50;",4.05662390931098,NaN,0,0,1
327,high_noise,J30_002,EXT_102,"M=20,20,20,20,|T=0,0,0,0,|B=1,15,1,50;3,15,1,50;3,15,1,50;",3.84071902641784,NaN,0,0,0
327,high_noise,J30_002,EXT_210,"M=20,20,20,20,|T=0,0,0,0,|B=1,15,1,50;1,15,1,50;2,15,1,50;",3.82868996983908,NaN,0,0,0
327,high_noise,J30_002,EXT_201,"M=20,20,20,20,|T=0,0,0,0,|B=1,15,1,50;1,15,1,50;3,15,1,50;",3.84071902641784,NaN,0,0,0
328,synchronous,J30_002,EXT_021,"M=20,20,20,20,|T=0,0,0,0,|B=2,15,1,50;2,15,1,50;3,15,1,50;",4.82762453263794,NaN,0,1,1
328,synchronous,J30_002,EXT_012,"M=20,20,20,20,|T=0,0,0,0,|B=2,15,1,50;3,15,1,50;3,15,1,50;",4.58317365462076,NaN,0,1,1
328,synchronous,J30_002,EXT_120,"M=20,20,20,20,|T=0,0,0,0,|B=1,15,1,50;2,15,1,50;2,15,1,50;",4.82762453263794,NaN,0,1,0
328,synchronous,J30_002,EXT_111,"M=20,20,20,20,|T=0,0,0,0,|B=1,15,1,50;2,15,1,50;3,15,1,50;",4.77909603731675,NaN,0,0,0
328,synchronous,J30_002,EXT_102,"M=20,20,20,20,|T=0,0,0,0,|B=1,15,1,50;3,15,1,50;3,15,1,50;",4.63061580724324,NaN,0,0,1
328,synchronous,J30_002,EXT_210,"M=20,20,20,20,|T=0,0,0,0,|B=1,15,1,50;1,15,1,50;2,15,1,50;",4.58317365462076,NaN,0,0,0
328,synchronous,J30_002,EXT_201,"M=20,20,20,20,|T=0,0,0,0,|B=1,15,1,50;1,15,1,50;3,15,1,50;",4.63061580724324,NaN,0,0,0
328,asynchronous,J30_002,EXT_021,"M=20,20,20,20,|T=0,0,0,0,|B=2,15,1,50;2,15,1,50;3,15,1,50;",4.82762453263794,NaN,0,1,1
328,asynchronous,J30_002,EXT_012,"M=20,20,20,20,|T=0,0,0,0,|B=2,15,1,50;3,15,1,50;3,15,1,50;",4.58317365462076,NaN,0,1,1
328,asynchronous,J30_002,EXT_120,"M=20,20,20,20,|T=0,0,0,0,|B=1,15,1,50;2,15,1,50;2,15,1,50;",4.82762453263794,NaN,0,1,0
328,asynchronous,J30_002,EXT_111,"M=20,20,20,20,|T=0,0,0,0,|B=1,15,1,50;2,15,1,50;3,15,1,50;",4.77909603731675,NaN,0,0,0
328,asynchronous,J30_002,EXT_102,"M=20,20,20,20,|T=0,0,0,0,|B=1,15,1,50;3,15,1,50;3,15,1,50;",4.63061580724324,NaN,0,0,1
328,asynchronous,J30_002,EXT_210,"M=20,20,20,20,|T=0,0,0,0,|B=1,15,1,50;1,15,1,50;2,15,1,50;",4.58317365462076,NaN,0,0,0
328,asynchronous,J30_002,EXT_201,"M=20,20,20,20,|T=0,0,0,0,|B=1,15,1,50;1,15,1,50;3,15,1,50;",4.63061580724324,NaN,0,0,0
328,high_noise,J30_002,EXT_021,"M=20,20,20,20,|T=0,0,0,0,|B=2,15,1,50;2,15,1,50;3,15,1,50;",4.82762453263794,NaN,0,1,1
328,high_noise,J30_002,EXT_012,"M=20,20,20,20,|T=0,0,0,0,|B=2,15,1,50;3,15,1,50;3,15,1,50;",4.58317365462076,NaN,0,1,1
328,high_noise,J30_002,EXT_120,"M=20,20,20,20,|T=0,0,0,0,|B=1,15,1,50;2,15,1,50;2,15,1,50;",4.82762453263794,NaN,0,1,0
328,high_noise,J30_002,EXT_111,"M=20,20,20,20,|T=0,0,0,0,|B=1,15,1,50;2,15,1,50;3,15,1,50;",4.77909603731675,NaN,0,0,0
328,high_noise,J30_002,EXT_102,"M=20,20,20,20,|T=0,0,0,0,|B=1,15,1,50;3,15,1,50;3,15,1,50;",4.63061580724324,NaN,0,0,1
328,high_noise,J30_002,EXT_210,"M=20,20,20,20,|T=0,0,0,0,|B=1,15,1,50;1,15,1,50;2,15,1,50;",4.58317365462076,NaN,0,0,0
328,high_noise,J30_002,EXT_201,"M=20,20,20,20,|T=0,0,0,0,|B=1,15,1,50;1,15,1,50;3,15,1,50;",4.63061580724324,NaN,0,0,0
329,synchronous,J30_002,EXT_021,"M=20,20,20,20,|T=0,0,0,0,|B=2,15,1,50;2,15,1,50;3,15,1,50;",4.72373337193916,NaN,0,1,1
329,synchronous,J30_002,EXT_012,"M=20,20,20,20,|T=0,0,0,0,|B=2,15,1,50;3,15,1,50;3,15,1,50;",4.44277128861392,NaN,0,1,0
329,synchronous,J30_002,EXT_120,"M=20,20,20,20,|T=0,0,0,0,|B=1,15,1,50;2,15,1,50;2,15,1,50;",4.72373337193916,NaN,0,1,0
329,synchronous,J30_002,EXT_111,"M=20,20,20,20,|T=0,0,0,0,|B=1,15,1,50;2,15,1,50;3,15,1,50;",4.59894125064577,NaN,0,0,1
329,synchronous,J30_002,EXT_102,"M=20,20,20,20,|T=0,0,0,0,|B=1,15,1,50;3,15,1,50;3,15,1,50;",4.45791491880456,NaN,0,0,1
329,synchronous,J30_002,EXT_210,"M=20,20,20,20,|T=0,0,0,0,|B=1,15,1,50;1,15,1,50;2,15,1,50;",4.44277128861392,NaN,0,0,0
329,synchronous,J30_002,EXT_201,"M=20,20,20,20,|T=0,0,0,0,|B=1,15,1,50;1,15,1,50;3,15,1,50;",4.45791491880457,NaN,0,0,0
329,asynchronous,J30_002,EXT_021,"M=20,20,20,20,|T=0,0,0,0,|B=2,15,1,50;2,15,1,50;3,15,1,50;",4.72373337193916,NaN,0,1,1
329,asynchronous,J30_002,EXT_012,"M=20,20,20,20,|T=0,0,0,0,|B=2,15,1,50;3,15,1,50;3,15,1,50;",4.44277128861392,NaN,0,0,0
329,asynchronous,J30_002,EXT_120,"M=20,20,20,20,|T=0,0,0,0,|B=1,15,1,50;2,15,1,50;2,15,1,50;",4.72373337193916,NaN,0,1,0
329,asynchronous,J30_002,EXT_111,"M=20,20,20,20,|T=0,0,0,0,|B=1,15,1,50;2,15,1,50;3,15,1,50;",4.59894125064577,NaN,0,0,1
329,asynchronous,J30_002,EXT_102,"M=20,20,20,20,|T=0,0,0,0,|B=1,15,1,50;3,15,1,50;3,15,1,50;",4.45791491880456,NaN,0,0,1
329,asynchronous,J30_002,EXT_210,"M=20,20,20,20,|T=0,0,0,0,|B=1,15,1,50;1,15,1,50;2,15,1,50;",4.44277128861392,NaN,0,1,0
329,asynchronous,J30_002,EXT_201,"M=20,20,20,20,|T=0,0,0,0,|B=1,15,1,50;1,15,1,50;3,15,1,50;",4.45791491880457,NaN,0,0,0
329,high_noise,J30_002,EXT_021,"M=20,20,20,20,|T=0,0,0,0,|B=2,15,1,50;2,15,1,50;3,15,1,50;",4.72373337193916,NaN,0,1,1
329,high_noise,J30_002,EXT_012,"M=20,20,20,20,|T=0,0,0,0,|B=2,15,1,50;3,15,1,50;3,15,1,50;",4.44277128861392,NaN,0,0,0
329,high_noise,J30_002,EXT_120,"M=20,20,20,20,|T=0,0,0,0,|B=1,15,1,50;2,15,1,50;2,15,1,50;",4.72373337193916,NaN,0,1,0
329,high_noise,J30_002,EXT_111,"M=20,20,20,20,|T=0,0,0,0,|B=1,15,1,50;2,15,1,50;3,15,1,50;",4.59894125064577,NaN,0,0,1
329,high_noise,J30_002,EXT_102,"M=20,20,20,20,|T=0,0,0,0,|B=1,15,1,50;3,15,1,50;3,15,1,50;",4.45791491880456,NaN,0,0,1
329,high_noise,J30_002,EXT_210,"M=20,20,20,20,|T=0,0,0,0,|B=1,15,1,50;1,15,1,50;2,15,1,50;",4.44277128861392,NaN,0,1,0
329,high_noise,J30_002,EXT_201,"M=20,20,20,20,|T=0,0,0,0,|B=1,15,1,50;1,15,1,50;3,15,1,50;",4.45791491880457,NaN,0,0,0
330,synchronous,J30_002,EXT_021,"M=20,20,20,20,|T=0,0,0,0,|B=2,15,1,50;2,15,1,50;3,15,1,50;",4.37354143676047,NaN,0,1,0
330,synchronous,J30_002,EXT_012,"M=20,20,20,20,|T=0,0,0,0,|B=2,15,1,50;3,15,1,50;3,15,1,50;",4.06439728398969,NaN,0,1,0
330,synchronous,J30_002,EXT_120,"M=20,20,20,20,|T=0,0,0,0,|B=1,15,1,50;2,15,1,50;2,15,1,50;",4.37354143676047,NaN,0,1,1
330,synchronous,J30_002,EXT_111,"M=20,20,20,20,|T=0,0,0,0,|B=1,15,1,50;2,15,1,50;3,15,1,50;",4.30435456586346,NaN,0,0,1
330,synchronous,J30_002,EXT_102,"M=20,20,20,20,|T=0,0,0,0,|B=1,15,1,50;3,15,1,50;3,15,1,50;",4.10944586214993,NaN,0,0,0
330,synchronous,J30_002,EXT_210,"M=20,20,20,20,|T=0,0,0,0,|B=1,15,1,50;1,15,1,50;2,15,1,50;",4.06439728398969,NaN,0,0,1
330,synchronous,J30_002,EXT_201,"M=20,20,20,20,|T=0,0,0,0,|B=1,15,1,50;1,15,1,50;3,15,1,50;",4.10944586214993,NaN,0,0,0
330,asynchronous,J30_002,EXT_021,"M=20,20,20,20,|T=0,0,0,0,|B=2,15,1,50;2,15,1,50;3,15,1,50;",4.37354143676047,NaN,0,1,0
330,asynchronous,J30_002,EXT_012,"M=20,20,20,20,|T=0,0,0,0,|B=2,15,1,50;3,15,1,50;3,15,1,50;",4.06439728398969,NaN,0,0,0
330,asynchronous,J30_002,EXT_120,"M=20,20,20,20,|T=0,0,0,0,|B=1,15,1,50;2,15,1,50;2,15,1,50;",4.37354143676047,NaN,0,1,1
330,asynchronous,J30_002,EXT_111,"M=20,20,20,20,|T=0,0,0,0,|B=1,15,1,50;2,15,1,50;3,15,1,50;",4.30435456586346,NaN,0,0,1
330,asynchronous,J30_002,EXT_102,"M=20,20,20,20,|T=0,0,0,0,|B=1,15,1,50;3,15,1,50;3,15,1,50;",4.10944586214993,NaN,0,0,0
330,asynchronous,J30_002,EXT_210,"M=20,20,20,20,|T=0,0,0,0,|B=1,15,1,50;1,15,1,50;2,15,1,50;",4.06439728398969,NaN,0,1,1
330,asynchronous,J30_002,EXT_201,"M=20,20,20,20,|T=0,0,0,0,|B=1,15,1,50;1,15,1,50;3,15,1,50;",4.10944586214993,NaN,0,0,0
330,high_noise,J30_002,EXT_021,"M=20,20,20,20,|T=0,0,0,0,|B=2,15,1,50;2,15,1,50;3,15,1,50;",4.37354143676047,NaN,0,1,0
330,high_noise,J30_002,EXT_012,"M=20,20,20,20,|T=0,0,0,0,|B=2,15,1,50;3,15,1,50;3,15,1,50;",4.06439728398969,NaN,0,0,0
330,high_noise,J30_002,EXT_120,"M=20,20,20,20,|T=0,0,0,0,|B=1,15,1,50;2,15,1,50;2,15,1,50;",4.37354143676047,NaN,0,1,1
330,high_noise,J30_002,EXT_111,"M=20,20,20,20,|T=0,0,0,0,|B=1,15,1,50;2,15,1,50;3,15,1,50;",4.30435456586346,NaN,0,0,1
330,high_noise,J30_002,EXT_102,"M=20,20,20,20,|T=0,0,0,0,|B=1,15,1,50;3,15,1,50;3,15,1,50;",4.10944586214993,NaN,0,0,0
330,high_noise,J30_002,EXT_210,"M=20,20,20,20,|T=0,0,0,0,|B=1,15,1,50;1,15,1,50;2,15,1,50;",4.06439728398969,NaN,0,1,1
330,high_noise,J30_002,EXT_201,"M=20,20,20,20,|T=0,0,0,0,|B=1,15,1,50;1,15,1,50;3,15,1,50;",4.10944586214993,NaN,0,0,0
331,synchronous,J50_200,EXT_201,"M=20,20,20,20,|T=0,0,0,0,|B=1,15,1,50;1,15,1,50;3,15,1,50;",4.53512027044841,NaN,0,1,0
331,synchronous,J50_200,EXT_210,"M=20,20,20,20,|T=0,0,0,0,|B=1,15,1,50;1,15,1,50;2,15,1,50;",4.47520946024571,NaN,0,1,1
331,synchronous,J50_200,EXT_111,"M=20,20,20,20,|T=0,0,0,0,|B=1,15,1,50;2,15,1,50;3,15,1,50;",4.66435771471306,NaN,0,1,0
331,synchronous,J50_200,EXT_120,"M=20,20,20,20,|T=0,0,0,0,|B=1,15,1,50;2,15,1,50;2,15,1,50;",4.70118228794988,NaN,0,0,1
331,synchronous,J50_200,EXT_021,"M=20,20,20,20,|T=0,0,0,0,|B=2,15,1,50;2,15,1,50;3,15,1,50;",4.70118228794988,NaN,0,0,1
331,synchronous,J50_200,EXT_102,"M=20,20,20,20,|T=0,0,0,0,|B=1,15,1,50;3,15,1,50;3,15,1,50;",4.53512027044841,NaN,0,0,0
331,synchronous,J50_200,EXT_012,"M=20,20,20,20,|T=0,0,0,0,|B=2,15,1,50;3,15,1,50;3,15,1,50;",4.47520946024571,NaN,0,0,0
331,asynchronous,J50_200,EXT_201,"M=20,20,20,20,|T=0,0,0,0,|B=1,15,1,50;1,15,1,50;3,15,1,50;",4.53512027044841,NaN,0,1,0
331,asynchronous,J50_200,EXT_210,"M=20,20,20,20,|T=0,0,0,0,|B=1,15,1,50;1,15,1,50;2,15,1,50;",4.47520946024571,NaN,0,1,1
331,asynchronous,J50_200,EXT_111,"M=20,20,20,20,|T=0,0,0,0,|B=1,15,1,50;2,15,1,50;3,15,1,50;",4.66435771471306,NaN,0,1,0
331,asynchronous,J50_200,EXT_120,"M=20,20,20,20,|T=0,0,0,0,|B=1,15,1,50;2,15,1,50;2,15,1,50;",4.70118228794988,NaN,0,0,1
331,asynchronous,J50_200,EXT_021,"M=20,20,20,20,|T=0,0,0,0,|B=2,15,1,50;2,15,1,50;3,15,1,50;",4.70118228794988,NaN,0,0,1
331,asynchronous,J50_200,EXT_102,"M=20,20,20,20,|T=0,0,0,0,|B=1,15,1,50;3,15,1,50;3,15,1,50;",4.53512027044841,NaN,0,0,0
331,asynchronous,J50_200,EXT_012,"M=20,20,20,20,|T=0,0,0,0,|B=2,15,1,50;3,15,1,50;3,15,1,50;",4.47520946024571,NaN,0,0,0
331,high_noise,J50_200,EXT_201,"M=20,20,20,20,|T=0,0,0,0,|B=1,15,1,50;1,15,1,50;3,15,1,50;",4.53512027044841,NaN,0,1,0
331,high_noise,J50_200,EXT_210,"M=20,20,20,20,|T=0,0,0,0,|B=1,15,1,50;1,15,1,50;2,15,1,50;",4.47520946024571,NaN,0,1,1
331,high_noise,J50_200,EXT_111,"M=20,20,20,20,|T=0,0,0,0,|B=1,15,1,50;2,15,1,50;3,15,1,50;",4.66435771471306,NaN,0,1,0
331,high_noise,J50_200,EXT_120,"M=20,20,20,20,|T=0,0,0,0,|B=1,15,1,50;2,15,1,50;2,15,1,50;",4.70118228794988,NaN,0,0,1
331,high_noise,J50_200,EXT_021,"M=20,20,20,20,|T=0,0,0,0,|B=2,15,1,50;2,15,1,50;3,15,1,50;",4.70118228794988,NaN,0,0,1
331,high_noise,J50_200,EXT_102,"M=20,20,20,20,|T=0,0,0,0,|B=1,15,1,50;3,15,1,50;3,15,1,50;",4.53512027044841,NaN,0,0,0
331,high_noise,J50_200,EXT_012,"M=20,20,20,20,|T=0,0,0,0,|B=2,15,1,50;3,15,1,50;3,15,1,50;",4.47520946024571,NaN,0,0,0
332,synchronous,J50_200,EXT_210,"M=20,20,20,20,|T=0,0,0,0,|B=1,15,1,50;1,15,1,50;2,15,1,50;",4.44784015412449,NaN,0,1,1
332,synchronous,J50_200,EXT_201,"M=20,20,20,20,|T=0,0,0,0,|B=1,15,1,50;1,15,1,50;3,15,1,50;",4.49715098458632,NaN,0,1,0
332,synchronous,J50_200,EXT_120,"M=20,20,20,20,|T=0,0,0,0,|B=1,15,1,50;2,15,1,50;2,15,1,50;",4.6997621980854,NaN,0,1,0
332,synchronous,J50_200,EXT_111,"M=20,20,20,20,|T=0,0,0,0,|B=1,15,1,50;2,15,1,50;3,15,1,50;",4.64741331984497,NaN,0,0,1
332,synchronous,J50_200,EXT_021,"M=20,20,20,20,|T=0,0,0,0,|B=2,15,1,50;2,15,1,50;3,15,1,50;",4.6997621980854,NaN,0,0,0
332,synchronous,J50_200,EXT_102,"M=20,20,20,20,|T=0,0,0,0,|B=1,15,1,50;3,15,1,50;3,15,1,50;",4.49715098458632,NaN,0,0,0
332,synchronous,J50_200,EXT_012,"M=20,20,20,20,|T=0,0,0,0,|B=2,15,1,50;3,15,1,50;3,15,1,50;",4.44784015412449,NaN,0,0,1
332,asynchronous,J50_200,EXT_210,"M=20,20,20,20,|T=0,0,0,0,|B=1,15,1,50;1,15,1,50;2,15,1,50;",4.44784015412449,NaN,0,1,1
332,asynchronous,J50_200,EXT_201,"M=20,20,20,20,|T=0,0,0,0,|B=1,15,1,50;1,15,1,50;3,15,1,50;",4.49715098458632,NaN,0,1,0
332,asynchronous,J50_200,EXT_120,"M=20,20,20,20,|T=0,0,0,0,|B=1,15,1,50;2,15,1,50;2,15,1,50;",4.6997621980854,NaN,0,1,0
332,asynchronous,J50_200,EXT_111,"M=20,20,20,20,|T=0,0,0,0,|B=1,15,1,50;2,15,1,50;3,15,1,50;",4.64741331984497,NaN,0,0,1
332,asynchronous,J50_200,EXT_021,"M=20,20,20,20,|T=0,0,0,0,|B=2,15,1,50;2,15,1,50;3,15,1,50;",4.6997621980854,NaN,0,0,0
332,asynchronous,J50_200,EXT_102,"M=20,20,20,20,|T=0,0,0,0,|B=1,15,1,50;3,15,1,50;3,15,1,50;",4.49715098458632,NaN,0,0,0
332,asynchronous,J50_200,EXT_012,"M=20,20,20,20,|T=0,0,0,0,|B=2,15,1,50;3,15,1,50;3,15,1,50;",4.44784015412449,NaN,0,0,1
332,high_noise,J50_200,EXT_210,"M=20,20,20,20,|T=0,0,0,0,|B=1,15,1,50;1,15,1,50;2,15,1,50;",4.44784015412449,NaN,0,1,1
332,high_noise,J50_200,EXT_201,"M=20,20,20,20,|T=0,0,0,0,|B=1,15,1,50;1,15,1,50;3,15,1,50;",4.49715098458632,NaN,0,1,0
332,high_noise,J50_200,EXT_120,"M=20,20,20,20,|T=0,0,0,0,|B=1,15,1,50;2,15,1,50;2,15,1,50;",4.6997621980854,NaN,0,1,0
332,high_noise,J50_200,EXT_111,"M=20,20,20,20,|T=0,0,0,0,|B=1,15,1,50;2,15,1,50;3,15,1,50;",4.64741331984497,NaN,0,0,1
332,high_noise,J50_200,EXT_021,"M=20,20,20,20,|T=0,0,0,0,|B=2,15,1,50;2,15,1,50;3,15,1,50;",4.6997621980854,NaN,0,0,0
332,high_noise,J50_200,EXT_102,"M=20,20,20,20,|T=0,0,0,0,|B=1,15,1,50;3,15,1,50;3,15,1,50;",4.49715098458632,NaN,0,0,0
332,high_noise,J50_200,EXT_012,"M=20,20,20,20,|T=0,0,0,0,|B=2,15,1,50;3,15,1,50;3,15,1,50;",4.44784015412449,NaN,0,0,1
333,synchronous,J50_200,EXT_201,"M=20,20,20,20,|T=0,0,0,0,|B=1,15,1,50;1,15,1,50;3,15,1,50;",4.60383943204618,NaN,0,1,1
333,synchronous,J50_200,EXT_210,"M=20,20,20,20,|T=0,0,0,0,|B=1,15,1,50;1,15,1,50;2,15,1,50;",4.57589862576975,NaN,0,1,0
333,synchronous,J50_200,EXT_120,"M=20,20,20,20,|T=0,0,0,0,|B=1,15,1,50;2,15,1,50;2,15,1,50;",4.83849392594858,NaN,0,0,0
333,synchronous,J50_200,EXT_111,"M=20,20,20,20,|T=0,0,0,0,|B=1,15,1,50;2,15,1,50;3,15,1,50;",4.76268812764422,NaN,0,1,0
333,synchronous,J50_200,EXT_021,"M=20,20,20,20,|T=0,0,0,0,|B=2,15,1,50;2,15,1,50;3,15,1,50;",4.83849392594858,NaN,0,0,0
333,synchronous,J50_200,EXT_102,"M=20,20,20,20,|T=0,0,0,0,|B=1,15,1,50;3,15,1,50;3,15,1,50;",4.60383943204618,NaN,0,0,1
333,synchronous,J50_200,EXT_012,"M=20,20,20,20,|T=0,0,0,0,|B=2,15,1,50;3,15,1,50;3,15,1,50;",4.57589862576975,NaN,0,0,1
333,asynchronous,J50_200,EXT_201,"M=20,20,20,20,|T=0,0,0,0,|B=1,15,1,50;1,15,1,50;3,15,1,50;",4.60383943204618,NaN,0,1,1
333,asynchronous,J50_200,EXT_210,"M=20,20,20,20,|T=0,0,0,0,|B=1,15,1,50;1,15,1,50;2,15,1,50;",4.57589862576975,NaN,0,1,0
333,asynchronous,J50_200,EXT_120,"M=20,20,20,20,|T=0,0,0,0,|B=1,15,1,50;2,15,1,50;2,15,1,50;",4.83849392594858,NaN,0,0,0
333,asynchronous,J50_200,EXT_111,"M=20,20,20,20,|T=0,0,0,0,|B=1,15,1,50;2,15,1,50;3,15,1,50;",4.76268812764422,NaN,0,1,0
333,asynchronous,J50_200,EXT_021,"M=20,20,20,20,|T=0,0,0,0,|B=2,15,1,50;2,15,1,50;3,15,1,50;",4.83849392594858,NaN,0,0,0
333,asynchronous,J50_200,EXT_102,"M=20,20,20,20,|T=0,0,0,0,|B=1,15,1,50;3,15,1,50;3,15,1,50;",4.60383943204618,NaN,0,0,1
333,asynchronous,J50_200,EXT_012,"M=20,20,20,20,|T=0,0,0,0,|B=2,15,1,50;3,15,1,50;3,15,1,50;",4.57589862576975,NaN,0,0,1
333,high_noise,J50_200,EXT_201,"M=20,20,20,20,|T=0,0,0,0,|B=1,15,1,50;1,15,1,50;3,15,1,50;",4.60383943204618,NaN,0,1,1
333,high_noise,J50_200,EXT_210,"M=20,20,20,20,|T=0,0,0,0,|B=1,15,1,50;1,15,1,50;2,15,1,50;",4.57589862576975,NaN,0,1,0
333,high_noise,J50_200,EXT_120,"M=20,20,20,20,|T=0,0,0,0,|B=1,15,1,50;2,15,1,50;2,15,1,50;",4.83849392594858,NaN,0,1,0
333,high_noise,J50_200,EXT_111,"M=20,20,20,20,|T=0,0,0,0,|B=1,15,1,50;2,15,1,50;3,15,1,50;",4.76268812764422,NaN,0,0,0
333,high_noise,J50_200,EXT_021,"M=20,20,20,20,|T=0,0,0,0,|B=2,15,1,50;2,15,1,50;3,15,1,50;",4.83849392594858,NaN,0,0,0
333,high_noise,J50_200,EXT_102,"M=20,20,20,20,|T=0,0,0,0,|B=1,15,1,50;3,15,1,50;3,15,1,50;",4.60383943204618,NaN,0,0,1
333,high_noise,J50_200,EXT_012,"M=20,20,20,20,|T=0,0,0,0,|B=2,15,1,50;3,15,1,50;3,15,1,50;",4.57589862576975,NaN,0,0,1
334,synchronous,J50_200,EXT_210,"M=20,20,20,20,|T=0,0,0,0,|B=1,15,1,50;1,15,1,50;2,15,1,50;",3.82947637943549,NaN,0,1,0
334,synchronous,J50_200,EXT_201,"M=20,20,20,20,|T=0,0,0,0,|B=1,15,1,50;1,15,1,50;3,15,1,50;",3.88366876426475,NaN,0,1,1
334,synchronous,J50_200,EXT_120,"M=20,20,20,20,|T=0,0,0,0,|B=1,15,1,50;2,15,1,50;2,15,1,50;",4.17684914897914,NaN,0,0,0
334,synchronous,J50_200,EXT_111,"M=20,20,20,20,|T=0,0,0,0,|B=1,15,1,50;2,15,1,50;3,15,1,50;",4.09498732026286,NaN,0,1,1
334,synchronous,J50_200,EXT_021,"M=20,20,20,20,|T=0,0,0,0,|B=2,15,1,50;2,15,1,50;3,15,1,50;",4.17684914897914,NaN,0,0,0
334,synchronous,J50_200,EXT_102,"M=20,20,20,20,|T=0,0,0,0,|B=1,15,1,50;3,15,1,50;3,15,1,50;",3.88366876426475,NaN,0,0,0
334,synchronous,J50_200,EXT_012,"M=20,20,20,20,|T=0,0,0,0,|B=2,15,1,50;3,15,1,50;3,15,1,50;",3.82947637943548,NaN,0,0,1
334,asynchronous,J50_200,EXT_210,"M=20,20,20,20,|T=0,0,0,0,|B=1,15,1,50;1,15,1,50;2,15,1,50;",3.82947637943549,NaN,0,1,0
334,asynchronous,J50_200,EXT_201,"M=20,20,20,20,|T=0,0,0,0,|B=1,15,1,50;1,15,1,50;3,15,1,50;",3.88366876426475,NaN,0,1,1
334,asynchronous,J50_200,EXT_120,"M=20,20,20,20,|T=0,0,0,0,|B=1,15,1,50;2,15,1,50;2,15,1,50;",4.17684914897914,NaN,0,0,0
334,asynchronous,J50_200,EXT_111,"M=20,20,20,20,|T=0,0,0,0,|B=1,15,1,50;2,15,1,50;3,15,1,50;",4.09498732026286,NaN,0,1,1
334,asynchronous,J50_200,EXT_021,"M=20,20,20,20,|T=0,0,0,0,|B=2,15,1,50;2,15,1,50;3,15,1,50;",4.17684914897914,NaN,0,0,0
334,asynchronous,J50_200,EXT_102,"M=20,20,20,20,|T=0,0,0,0,|B=1,15,1,50;3,15,1,50;3,15,1,50;",3.88366876426475,NaN,0,0,0
334,asynchronous,J50_200,EXT_012,"M=20,20,20,20,|T=0,0,0,0,|B=2,15,1,50;3,15,1,50;3,15,1,50;",3.82947637943548,NaN,0,0,1
334,high_noise,J50_200,EXT_210,"M=20,20,20,20,|T=0,0,0,0,|B=1,15,1,50;1,15,1,50;2,15,1,50;",3.82947637943549,NaN,0,1,0
334,high_noise,J50_200,EXT_201,"M=20,20,20,20,|T=0,0,0,0,|B=1,15,1,50;1,15,1,50;3,15,1,50;",3.88366876426475,NaN,0,1,1
334,high_noise,J50_200,EXT_120,"M=20,20,20,20,|T=0,0,0,0,|B=1,15,1,50;2,15,1,50;2,15,1,50;",4.17684914897914,NaN,0,0,0
334,high_noise,J50_200,EXT_111,"M=20,20,20,20,|T=0,0,0,0,|B=1,15,1,50;2,15,1,50;3,15,1,50;",4.09498732026286,NaN,0,1,1
334,high_noise,J50_200,EXT_021,"M=20,20,20,20,|T=0,0,0,0,|B=2,15,1,50;2,15,1,50;3,15,1,50;",4.17684914897914,NaN,0,0,0
334,high_noise,J50_200,EXT_102,"M=20,20,20,20,|T=0,0,0,0,|B=1,15,1,50;3,15,1,50;3,15,1,50;",3.88366876426475,NaN,0,0,0
334,high_noise,J50_200,EXT_012,"M=20,20,20,20,|T=0,0,0,0,|B=2,15,1,50;3,15,1,50;3,15,1,50;",3.82947637943548,NaN,0,0,1
335,synchronous,J50_200,EXT_201,"M=20,20,20,20,|T=0,0,0,0,|B=1,15,1,50;1,15,1,50;3,15,1,50;",4.51311492316229,NaN,0,1,1
335,synchronous,J50_200,EXT_210,"M=20,20,20,20,|T=0,0,0,0,|B=1,15,1,50;1,15,1,50;2,15,1,50;",4.4739337107148,NaN,0,1,0
335,synchronous,J50_200,EXT_111,"M=20,20,20,20,|T=0,0,0,0,|B=1,15,1,50;2,15,1,50;3,15,1,50;",4.65825111201742,NaN,0,0,1
335,synchronous,J50_200,EXT_120,"M=20,20,20,20,|T=0,0,0,0,|B=1,15,1,50;2,15,1,50;2,15,1,50;",4.74731651611536,NaN,0,1,0
335,synchronous,J50_200,EXT_021,"M=20,20,20,20,|T=0,0,0,0,|B=2,15,1,50;2,15,1,50;3,15,1,50;",4.74731651611536,NaN,0,0,0
335,synchronous,J50_200,EXT_102,"M=20,20,20,20,|T=0,0,0,0,|B=1,15,1,50;3,15,1,50;3,15,1,50;",4.51311492316229,NaN,0,0,1
335,synchronous,J50_200,EXT_012,"M=20,20,20,20,|T=0,0,0,0,|B=2,15,1,50;3,15,1,50;3,15,1,50;",4.4739337107148,NaN,0,0,0
335,asynchronous,J50_200,EXT_201,"M=20,20,20,20,|T=0,0,0,0,|B=1,15,1,50;1,15,1,50;3,15,1,50;",4.51311492316229,NaN,0,1,1
335,asynchronous,J50_200,EXT_210,"M=20,20,20,20,|T=0,0,0,0,|B=1,15,1,50;1,15,1,50;2,15,1,50;",4.4739337107148,NaN,0,1,0
335,asynchronous,J50_200,EXT_111,"M=20,20,20,20,|T=0,0,0,0,|B=1,15,1,50;2,15,1,50;3,15,1,50;",4.65825111201742,NaN,0,0,1
335,asynchronous,J50_200,EXT_120,"M=20,20,20,20,|T=0,0,0,0,|B=1,15,1,50;2,15,1,50;2,15,1,50;",4.74731651611536,NaN,0,1,0
335,asynchronous,J50_200,EXT_021,"M=20,20,20,20,|T=0,0,0,0,|B=2,15,1,50;2,15,1,50;3,15,1,50;",4.74731651611536,NaN,0,0,0
335,asynchronous,J50_200,EXT_102,"M=20,20,20,20,|T=0,0,0,0,|B=1,15,1,50;3,15,1,50;3,15,1,50;",4.51311492316229,NaN,0,0,1
335,asynchronous,J50_200,EXT_012,"M=20,20,20,20,|T=0,0,0,0,|B=2,15,1,50;3,15,1,50;3,15,1,50;",4.4739337107148,NaN,0,0,0
335,high_noise,J50_200,EXT_201,"M=20,20,20,20,|T=0,0,0,0,|B=1,15,1,50;1,15,1,50;3,15,1,50;",4.51311492316229,NaN,0,1,1
335,high_noise,J50_200,EXT_210,"M=20,20,20,20,|T=0,0,0,0,|B=1,15,1,50;1,15,1,50;2,15,1,50;",4.4739337107148,NaN,0,1,0
335,high_noise,J50_200,EXT_111,"M=20,20,20,20,|T=0,0,0,0,|B=1,15,1,50;2,15,1,50;3,15,1,50;",4.65825111201742,NaN,0,0,1
335,high_noise,J50_200,EXT_120,"M=20,20,20,20,|T=0,0,0,0,|B=1,15,1,50;2,15,1,50;2,15,1,50;",4.74731651611536,NaN,0,1,0
335,high_noise,J50_200,EXT_021,"M=20,20,20,20,|T=0,0,0,0,|B=2,15,1,50;2,15,1,50;3,15,1,50;",4.74731651611536,NaN,0,0,0
335,high_noise,J50_200,EXT_102,"M=20,20,20,20,|T=0,0,0,0,|B=1,15,1,50;3,15,1,50;3,15,1,50;",4.51311492316229,NaN,0,0,1
335,high_noise,J50_200,EXT_012,"M=20,20,20,20,|T=0,0,0,0,|B=2,15,1,50;3,15,1,50;3,15,1,50;",4.4739337107148,NaN,0,0,0
336,synchronous,J50_200,EXT_210,"M=20,20,20,20,|T=0,0,0,0,|B=1,15,1,50;1,15,1,50;2,15,1,50;",4.42896112894945,NaN,0,1,1
336,synchronous,J50_200,EXT_201,"M=20,20,20,20,|T=0,0,0,0,|B=1,15,1,50;1,15,1,50;3,15,1,50;",4.44848277407089,NaN,0,1,0
336,synchronous,J50_200,EXT_120,"M=20,20,20,20,|T=0,0,0,0,|B=1,15,1,50;2,15,1,50;2,15,1,50;",4.71495875099962,NaN,0,1,1
336,synchronous,J50_200,EXT_111,"M=20,20,20,20,|T=0,0,0,0,|B=1,15,1,50;2,15,1,50;3,15,1,50;",4.58521849340103,NaN,0,0,0
336,synchronous,J50_200,EXT_021,"M=20,20,20,20,|T=0,0,0,0,|B=2,15,1,50;2,15,1,50;3,15,1,50;",4.71495875099962,NaN,0,0,0
336,synchronous,J50_200,EXT_102,"M=20,20,20,20,|T=0,0,0,0,|B=1,15,1,50;3,15,1,50;3,15,1,50;",4.44848277407089,NaN,0,0,1
336,synchronous,J50_200,EXT_012,"M=20,20,20,20,|T=0,0,0,0,|B=2,15,1,50;3,15,1,50;3,15,1,50;",4.42896112894945,NaN,0,0,0
336,asynchronous,J50_200,EXT_210,"M=20,20,20,20,|T=0,0,0,0,|B=1,15,1,50;1,15,1,50;2,15,1,50;",4.42896112894945,NaN,0,1,1
336,asynchronous,J50_200,EXT_201,"M=20,20,20,20,|T=0,0,0,0,|B=1,15,1,50;1,15,1,50;3,15,1,50;",4.44848277407089,NaN,0,1,0
336,asynchronous,J50_200,EXT_120,"M=20,20,20,20,|T=0,0,0,0,|B=1,15,1,50;2,15,1,50;2,15,1,50;",4.71495875099962,NaN,0,1,1
336,asynchronous,J50_200,EXT_111,"M=20,20,20,20,|T=0,0,0,0,|B=1,15,1,50;2,15,1,50;3,15,1,50;",4.58521849340103,NaN,0,0,0
336,asynchronous,J50_200,EXT_021,"M=20,20,20,20,|T=0,0,0,0,|B=2,15,1,50;2,15,1,50;3,15,1,50;",4.71495875099962,NaN,0,0,0
336,asynchronous,J50_200,EXT_102,"M=20,20,20,20,|T=0,0,0,0,|B=1,15,1,50;3,15,1,50;3,15,1,50;",4.44848277407089,NaN,0,0,1
336,asynchronous,J50_200,EXT_012,"M=20,20,20,20,|T=0,0,0,0,|B=2,15,1,50;3,15,1,50;3,15,1,50;",4.42896112894945,NaN,0,0,0
336,high_noise,J50_200,EXT_210,"M=20,20,20,20,|T=0,0,0,0,|B=1,15,1,50;1,15,1,50;2,15,1,50;",4.42896112894945,NaN,0,1,1
336,high_noise,J50_200,EXT_201,"M=20,20,20,20,|T=0,0,0,0,|B=1,15,1,50;1,15,1,50;3,15,1,50;",4.44848277407089,NaN,0,1,0
336,high_noise,J50_200,EXT_120,"M=20,20,20,20,|T=0,0,0,0,|B=1,15,1,50;2,15,1,50;2,15,1,50;",4.71495875099962,NaN,0,1,1
336,high_noise,J50_200,EXT_111,"M=20,20,20,20,|T=0,0,0,0,|B=1,15,1,50;2,15,1,50;3,15,1,50;",4.58521849340103,NaN,0,0,0
336,high_noise,J50_200,EXT_021,"M=20,20,20,20,|T=0,0,0,0,|B=2,15,1,50;2,15,1,50;3,15,1,50;",4.71495875099962,NaN,0,0,0
336,high_noise,J50_200,EXT_102,"M=20,20,20,20,|T=0,0,0,0,|B=1,15,1,50;3,15,1,50;3,15,1,50;",4.44848277407089,NaN,0,0,1
336,high_noise,J50_200,EXT_012,"M=20,20,20,20,|T=0,0,0,0,|B=2,15,1,50;3,15,1,50;3,15,1,50;",4.42896112894945,NaN,0,0,0
337,synchronous,J50_200,EXT_201,"M=20,20,20,20,|T=0,0,0,0,|B=1,15,1,50;1,15,1,50;3,15,1,50;",3.82214705582469,NaN,0,1,0
337,synchronous,J50_200,EXT_210,"M=20,20,20,20,|T=0,0,0,0,|B=1,15,1,50;1,15,1,50;2,15,1,50;",3.79530630136779,NaN,0,1,1
337,synchronous,J50_200,EXT_111,"M=20,20,20,20,|T=0,0,0,0,|B=1,15,1,50;2,15,1,50;3,15,1,50;",4.02225342970501,NaN,0,0,1
337,synchronous,J50_200,EXT_120,"M=20,20,20,20,|T=0,0,0,0,|B=1,15,1,50;2,15,1,50;2,15,1,50;",4.12305722082038,NaN,0,1,0
337,synchronous,J50_200,EXT_021,"M=20,20,20,20,|T=0,0,0,0,|B=2,15,1,50;2,15,1,50;3,15,1,50;",4.12305722082038,NaN,0,0,1
337,synchronous,J50_200,EXT_102,"M=20,20,20,20,|T=0,0,0,0,|B=1,15,1,50;3,15,1,50;3,15,1,50;",3.82214705582469,NaN,0,0,0
337,synchronous,J50_200,EXT_012,"M=20,20,20,20,|T=0,0,0,0,|B=2,15,1,50;3,15,1,50;3,15,1,50;",3.79530630136779,NaN,0,0,0
337,asynchronous,J50_200,EXT_201,"M=20,20,20,20,|T=0,0,0,0,|B=1,15,1,50;1,15,1,50;3,15,1,50;",3.82214705582469,NaN,0,1,0
337,asynchronous,J50_200,EXT_210,"M=20,20,20,20,|T=0,0,0,0,|B=1,15,1,50;1,15,1,50;2,15,1,50;",3.79530630136779,NaN,0,1,1
337,asynchronous,J50_200,EXT_111,"M=20,20,20,20,|T=0,0,0,0,|B=1,15,1,50;2,15,1,50;3,15,1,50;",4.02225342970501,NaN,0,0,1
337,asynchronous,J50_200,EXT_120,"M=20,20,20,20,|T=0,0,0,0,|B=1,15,1,50;2,15,1,50;2,15,1,50;",4.12305722082038,NaN,0,1,0
337,asynchronous,J50_200,EXT_021,"M=20,20,20,20,|T=0,0,0,0,|B=2,15,1,50;2,15,1,50;3,15,1,50;",4.12305722082038,NaN,0,0,1
337,asynchronous,J50_200,EXT_102,"M=20,20,20,20,|T=0,0,0,0,|B=1,15,1,50;3,15,1,50;3,15,1,50;",3.82214705582469,NaN,0,0,0
337,asynchronous,J50_200,EXT_012,"M=20,20,20,20,|T=0,0,0,0,|B=2,15,1,50;3,15,1,50;3,15,1,50;",3.79530630136779,NaN,0,0,0
337,high_noise,J50_200,EXT_201,"M=20,20,20,20,|T=0,0,0,0,|B=1,15,1,50;1,15,1,50;3,15,1,50;",3.82214705582469,NaN,0,1,0
337,high_noise,J50_200,EXT_210,"M=20,20,20,20,|T=0,0,0,0,|B=1,15,1,50;1,15,1,50;2,15,1,50;",3.79530630136779,NaN,0,1,1
337,high_noise,J50_200,EXT_111,"M=20,20,20,20,|T=0,0,0,0,|B=1,15,1,50;2,15,1,50;3,15,1,50;",4.02225342970501,NaN,0,0,1
337,high_noise,J50_200,EXT_120,"M=20,20,20,20,|T=0,0,0,0,|B=1,15,1,50;2,15,1,50;2,15,1,50;",4.12305722082038,NaN,0,1,0
337,high_noise,J50_200,EXT_021,"M=20,20,20,20,|T=0,0,0,0,|B=2,15,1,50;2,15,1,50;3,15,1,50;",4.12305722082038,NaN,0,0,1
337,high_noise,J50_200,EXT_102,"M=20,20,20,20,|T=0,0,0,0,|B=1,15,1,50;3,15,1,50;3,15,1,50;",3.82214705582469,NaN,0,0,0
337,high_noise,J50_200,EXT_012,"M=20,20,20,20,|T=0,0,0,0,|B=2,15,1,50;3,15,1,50;3,15,1,50;",3.79530630136779,NaN,0,0,0
338,synchronous,J50_200,EXT_201,"M=20,20,20,20,|T=0,0,0,0,|B=1,15,1,50;1,15,1,50;3,15,1,50;",3.92854748978943,NaN,0,1,1
338,synchronous,J50_200,EXT_210,"M=20,20,20,20,|T=0,0,0,0,|B=1,15,1,50;1,15,1,50;2,15,1,50;",3.87361316754149,NaN,0,1,0
338,synchronous,J50_200,EXT_111,"M=20,20,20,20,|T=0,0,0,0,|B=1,15,1,50;2,15,1,50;3,15,1,50;",4.12297760097199,NaN,0,0,0
338,synchronous,J50_200,EXT_120,"M=20,20,20,20,|T=0,0,0,0,|B=1,15,1,50;2,15,1,50;2,15,1,50;",4.21369175605011,NaN,0,1,1
338,synchronous,J50_200,EXT_021,"M=20,20,20,20,|T=0,0,0,0,|B=2,15,1,50;2,15,1,50;3,15,1,50;",4.21369175605011,NaN,0,0,0
338,synchronous,J50_200,EXT_102,"M=20,20,20,20,|T=0,0,0,0,|B=1,15,1,50;3,15,1,50;3,15,1,50;",3.92854748978943,NaN,0,0,1
338,synchronous,J50_200,EXT_012,"M=20,20,20,20,|T=0,0,0,0,|B=2,15,1,50;3,15,1,50;3,15,1,50;",3.87361316754149,NaN,0,0,0
338,asynchronous,J50_200,EXT_201,"M=20,20,20,20,|T=0,0,0,0,|B=1,15,1,50;1,15,1,50;3,15,1,50;",3.92854748978943,NaN,0,1,1
338,asynchronous,J50_200,EXT_210,"M=20,20,20,20,|T=0,0,0,0,|B=1,15,1,50;1,15,1,50;2,15,1,50;",3.87361316754149,NaN,0,1,0
338,asynchronous,J50_200,EXT_111,"M=20,20,20,20,|T=0,0,0,0,|B=1,15,1,50;2,15,1,50;3,15,1,50;",4.12297760097199,NaN,0,1,0
338,asynchronous,J50_200,EXT_120,"M=20,20,20,20,|T=0,0,0,0,|B=1,15,1,50;2,15,1,50;2,15,1,50;",4.21369175605011,NaN,0,0,1
338,asynchronous,J50_200,EXT_021,"M=20,20,20,20,|T=0,0,0,0,|B=2,15,1,50;2,15,1,50;3,15,1,50;",4.21369175605011,NaN,0,0,0
338,asynchronous,J50_200,EXT_102,"M=20,20,20,20,|T=0,0,0,0,|B=1,15,1,50;3,15,1,50;3,15,1,50;",3.92854748978943,NaN,0,0,1
338,asynchronous,J50_200,EXT_012,"M=20,20,20,20,|T=0,0,0,0,|B=2,15,1,50;3,15,1,50;3,15,1,50;",3.87361316754149,NaN,0,0,0
338,high_noise,J50_200,EXT_201,"M=20,20,20,20,|T=0,0,0,0,|B=1,15,1,50;1,15,1,50;3,15,1,50;",3.92854748978943,NaN,0,1,1
338,high_noise,J50_200,EXT_210,"M=20,20,20,20,|T=0,0,0,0,|B=1,15,1,50;1,15,1,50;2,15,1,50;",3.87361316754149,NaN,0,1,0
338,high_noise,J50_200,EXT_111,"M=20,20,20,20,|T=0,0,0,0,|B=1,15,1,50;2,15,1,50;3,15,1,50;",4.12297760097199,NaN,0,1,0
338,high_noise,J50_200,EXT_120,"M=20,20,20,20,|T=0,0,0,0,|B=1,15,1,50;2,15,1,50;2,15,1,50;",4.21369175605011,NaN,0,0,1
338,high_noise,J50_200,EXT_021,"M=20,20,20,20,|T=0,0,0,0,|B=2,15,1,50;2,15,1,50;3,15,1,50;",4.21369175605011,NaN,0,0,0
338,high_noise,J50_200,EXT_102,"M=20,20,20,20,|T=0,0,0,0,|B=1,15,1,50;3,15,1,50;3,15,1,50;",3.92854748978943,NaN,0,0,1
338,high_noise,J50_200,EXT_012,"M=20,20,20,20,|T=0,0,0,0,|B=2,15,1,50;3,15,1,50;3,15,1,50;",3.87361316754149,NaN,0,0,0
339,synchronous,J50_200,EXT_201,"M=20,20,20,20,|T=0,0,0,0,|B=1,15,1,50;1,15,1,50;3,15,1,50;",4.05692118705948,NaN,0,1,1
339,synchronous,J50_200,EXT_210,"M=20,20,20,20,|T=0,0,0,0,|B=1,15,1,50;1,15,1,50;2,15,1,50;",4.04303338522897,NaN,0,1,1
339,synchronous,J50_200,EXT_111,"M=20,20,20,20,|T=0,0,0,0,|B=1,15,1,50;2,15,1,50;3,15,1,50;",4.2515111419991,NaN,0,0,0
339,synchronous,J50_200,EXT_120,"M=20,20,20,20,|T=0,0,0,0,|B=1,15,1,50;2,15,1,50;2,15,1,50;",4.35867444917021,NaN,0,1,0
339,synchronous,J50_200,EXT_021,"M=20,20,20,20,|T=0,0,0,0,|B=2,15,1,50;2,15,1,50;3,15,1,50;",4.35867444917021,NaN,0,0,0
339,synchronous,J50_200,EXT_102,"M=20,20,20,20,|T=0,0,0,0,|B=1,15,1,50;3,15,1,50;3,15,1,50;",4.05692118705948,NaN,0,0,1
339,synchronous,J50_200,EXT_012,"M=20,20,20,20,|T=0,0,0,0,|B=2,15,1,50;3,15,1,50;3,15,1,50;",4.04303338522897,NaN,0,0,0
339,asynchronous,J50_200,EXT_201,"M=20,20,20,20,|T=0,0,0,0,|B=1,15,1,50;1,15,1,50;3,15,1,50;",4.05692118705948,NaN,0,1,1
339,asynchronous,J50_200,EXT_210,"M=20,20,20,20,|T=0,0,0,0,|B=1,15,1,50;1,15,1,50;2,15,1,50;",4.04303338522897,NaN,0,1,1
339,asynchronous,J50_200,EXT_111,"M=20,20,20,20,|T=0,0,0,0,|B=1,15,1,50;2,15,1,50;3,15,1,50;",4.2515111419991,NaN,0,0,0
339,asynchronous,J50_200,EXT_120,"M=20,20,20,20,|T=0,0,0,0,|B=1,15,1,50;2,15,1,50;2,15,1,50;",4.35867444917021,NaN,0,1,0
339,asynchronous,J50_200,EXT_021,"M=20,20,20,20,|T=0,0,0,0,|B=2,15,1,50;2,15,1,50;3,15,1,50;",4.35867444917021,NaN,0,0,0
339,asynchronous,J50_200,EXT_102,"M=20,20,20,20,|T=0,0,0,0,|B=1,15,1,50;3,15,1,50;3,15,1,50;",4.05692118705948,NaN,0,0,1
339,asynchronous,J50_200,EXT_012,"M=20,20,20,20,|T=0,0,0,0,|B=2,15,1,50;3,15,1,50;3,15,1,50;",4.04303338522897,NaN,0,0,0
339,high_noise,J50_200,EXT_201,"M=20,20,20,20,|T=0,0,0,0,|B=1,15,1,50;1,15,1,50;3,15,1,50;",4.05692118705948,NaN,0,1,1
339,high_noise,J50_200,EXT_210,"M=20,20,20,20,|T=0,0,0,0,|B=1,15,1,50;1,15,1,50;2,15,1,50;",4.04303338522897,NaN,0,1,1
339,high_noise,J50_200,EXT_111,"M=20,20,20,20,|T=0,0,0,0,|B=1,15,1,50;2,15,1,50;3,15,1,50;",4.2515111419991,NaN,0,0,0
339,high_noise,J50_200,EXT_120,"M=20,20,20,20,|T=0,0,0,0,|B=1,15,1,50;2,15,1,50;2,15,1,50;",4.35867444917021,NaN,0,1,0
339,high_noise,J50_200,EXT_021,"M=20,20,20,20,|T=0,0,0,0,|B=2,15,1,50;2,15,1,50;3,15,1,50;",4.35867444917021,NaN,0,0,0
339,high_noise,J50_200,EXT_102,"M=20,20,20,20,|T=0,0,0,0,|B=1,15,1,50;3,15,1,50;3,15,1,50;",4.05692118705948,NaN,0,0,1
339,high_noise,J50_200,EXT_012,"M=20,20,20,20,|T=0,0,0,0,|B=2,15,1,50;3,15,1,50;3,15,1,50;",4.04303338522897,NaN,0,0,0
340,synchronous,J50_200,EXT_210,"M=20,20,20,20,|T=0,0,0,0,|B=1,15,1,50;1,15,1,50;2,15,1,50;",4.56203144165404,NaN,0,1,1
340,synchronous,J50_200,EXT_201,"M=20,20,20,20,|T=0,0,0,0,|B=1,15,1,50;1,15,1,50;3,15,1,50;",4.54009484672305,NaN,0,1,0
340,synchronous,J50_200,EXT_120,"M=20,20,20,20,|T=0,0,0,0,|B=1,15,1,50;2,15,1,50;2,15,1,50;",4.89104848310837,NaN,0,1,1
340,synchronous,J50_200,EXT_111,"M=20,20,20,20,|T=0,0,0,0,|B=1,15,1,50;2,15,1,50;3,15,1,50;",4.71061641287376,NaN,0,0,0
340,synchronous,J50_200,EXT_021,"M=20,20,20,20,|T=0,0,0,0,|B=2,15,1,50;2,15,1,50;3,15,1,50;",4.89104848310837,NaN,0,0,1
340,synchronous,J50_200,EXT_102,"M=20,20,20,20,|T=0,0,0,0,|B=1,15,1,50;3,15,1,50;3,15,1,50;",4.54009484672305,NaN,0,0,0
340,synchronous,J50_200,EXT_012,"M=20,20,20,20,|T=0,0,0,0,|B=2,15,1,50;3,15,1,50;3,15,1,50;",4.56203144165404,NaN,0,0,0
340,asynchronous,J50_200,EXT_210,"M=20,20,20,20,|T=0,0,0,0,|B=1,15,1,50;1,15,1,50;2,15,1,50;",4.56203144165404,NaN,0,1,1
340,asynchronous,J50_200,EXT_201,"M=20,20,20,20,|T=0,0,0,0,|B=1,15,1,50;1,15,1,50;3,15,1,50;",4.54009484672305,NaN,0,1,0
340,asynchronous,J50_200,EXT_120,"M=20,20,20,20,|T=0,0,0,0,|B=1,15,1,50;2,15,1,50;2,15,1,50;",4.89104848310837,NaN,0,1,1
340,asynchronous,J50_200,EXT_111,"M=20,20,20,20,|T=0,0,0,0,|B=1,15,1,50;2,15,1,50;3,15,1,50;",4.71061641287376,NaN,0,0,0
340,asynchronous,J50_200,EXT_021,"M=20,20,20,20,|T=0,0,0,0,|B=2,15,1,50;2,15,1,50;3,15,1,50;",4.89104848310837,NaN,0,0,1
340,asynchronous,J50_200,EXT_102,"M=20,20,20,20,|T=0,0,0,0,|B=1,15,1,50;3,15,1,50;3,15,1,50;",4.54009484672305,NaN,0,0,0
340,asynchronous,J50_200,EXT_012,"M=20,20,20,20,|T=0,0,0,0,|B=2,15,1,50;3,15,1,50;3,15,1,50;",4.56203144165404,NaN,0,0,0
340,high_noise,J50_200,EXT_210,"M=20,20,20,20,|T=0,0,0,0,|B=1,15,1,50;1,15,1,50;2,15,1,50;",4.56203144165404,NaN,0,1,1
340,high_noise,J50_200,EXT_201,"M=20,20,20,20,|T=0,0,0,0,|B=1,15,1,50;1,15,1,50;3,15,1,50;",4.54009484672305,NaN,0,1,0
340,high_noise,J50_200,EXT_120,"M=20,20,20,20,|T=0,0,0,0,|B=1,15,1,50;2,15,1,50;2,15,1,50;",4.89104848310837,NaN,0,1,1
340,high_noise,J50_200,EXT_111,"M=20,20,20,20,|T=0,0,0,0,|B=1,15,1,50;2,15,1,50;3,15,1,50;",4.71061641287376,NaN,0,0,0
340,high_noise,J50_200,EXT_021,"M=20,20,20,20,|T=0,0,0,0,|B=2,15,1,50;2,15,1,50;3,15,1,50;",4.89104848310837,NaN,0,0,1
340,high_noise,J50_200,EXT_102,"M=20,20,20,20,|T=0,0,0,0,|B=1,15,1,50;3,15,1,50;3,15,1,50;",4.54009484672305,NaN,0,0,0
340,high_noise,J50_200,EXT_012,"M=20,20,20,20,|T=0,0,0,0,|B=2,15,1,50;3,15,1,50;3,15,1,50;",4.56203144165404,NaN,0,0,0
341,synchronous,J50_200,EXT_210,"M=20,20,20,20,|T=0,0,0,0,|B=1,15,1,50;1,15,1,50;2,15,1,50;",3.84646233547578,NaN,0,1,1
341,synchronous,J50_200,EXT_201,"M=20,20,20,20,|T=0,0,0,0,|B=1,15,1,50;1,15,1,50;3,15,1,50;",3.86905612982771,NaN,0,1,0
341,synchronous,J50_200,EXT_120,"M=20,20,20,20,|T=0,0,0,0,|B=1,15,1,50;2,15,1,50;2,15,1,50;",4.18384282126545,NaN,0,0,0
341,synchronous,J50_200,EXT_111,"M=20,20,20,20,|T=0,0,0,0,|B=1,15,1,50;2,15,1,50;3,15,1,50;",4.09543042215089,NaN,0,1,1
341,synchronous,J50_200,EXT_021,"M=20,20,20,20,|T=0,0,0,0,|B=2,15,1,50;2,15,1,50;3,15,1,50;",4.18384282126545,NaN,0,0,0
341,synchronous,J50_200,EXT_102,"M=20,20,20,20,|T=0,0,0,0,|B=1,15,1,50;3,15,1,50;3,15,1,50;",3.86905612982771,NaN,0,0,1
341,synchronous,J50_200,EXT_012,"M=20,20,20,20,|T=0,0,0,0,|B=2,15,1,50;3,15,1,50;3,15,1,50;",3.84646233547578,NaN,0,0,0
341,asynchronous,J50_200,EXT_210,"M=20,20,20,20,|T=0,0,0,0,|B=1,15,1,50;1,15,1,50;2,15,1,50;",3.84646233547578,NaN,0,1,1
341,asynchronous,J50_200,EXT_201,"M=20,20,20,20,|T=0,0,0,0,|B=1,15,1,50;1,15,1,50;3,15,1,50;",3.86905612982771,NaN,0,1,0
341,asynchronous,J50_200,EXT_120,"M=20,20,20,20,|T=0,0,0,0,|B=1,15,1,50;2,15,1,50;2,15,1,50;",4.18384282126545,NaN,0,1,0
341,asynchronous,J50_200,EXT_111,"M=20,20,20,20,|T=0,0,0,0,|B=1,15,1,50;2,15,1,50;3,15,1,50;",4.09543042215089,NaN,0,0,1
341,asynchronous,J50_200,EXT_021,"M=20,20,20,20,|T=0,0,0,0,|B=2,15,1,50;2,15,1,50;3,15,1,50;",4.18384282126545,NaN,0,0,0
341,asynchronous,J50_200,EXT_102,"M=20,20,20,20,|T=0,0,0,0,|B=1,15,1,50;3,15,1,50;3,15,1,50;",3.86905612982771,NaN,0,0,1
341,asynchronous,J50_200,EXT_012,"M=20,20,20,20,|T=0,0,0,0,|B=2,15,1,50;3,15,1,50;3,15,1,50;",3.84646233547578,NaN,0,0,0
341,high_noise,J50_200,EXT_210,"M=20,20,20,20,|T=0,0,0,0,|B=1,15,1,50;1,15,1,50;2,15,1,50;",3.84646233547578,NaN,0,1,1
341,high_noise,J50_200,EXT_201,"M=20,20,20,20,|T=0,0,0,0,|B=1,15,1,50;1,15,1,50;3,15,1,50;",3.86905612982771,NaN,0,1,0
341,high_noise,J50_200,EXT_120,"M=20,20,20,20,|T=0,0,0,0,|B=1,15,1,50;2,15,1,50;2,15,1,50;",4.18384282126545,NaN,0,1,0
341,high_noise,J50_200,EXT_111,"M=20,20,20,20,|T=0,0,0,0,|B=1,15,1,50;2,15,1,50;3,15,1,50;",4.09543042215089,NaN,0,0,1
341,high_noise,J50_200,EXT_021,"M=20,20,20,20,|T=0,0,0,0,|B=2,15,1,50;2,15,1,50;3,15,1,50;",4.18384282126545,NaN,0,0,0
341,high_noise,J50_200,EXT_102,"M=20,20,20,20,|T=0,0,0,0,|B=1,15,1,50;3,15,1,50;3,15,1,50;",3.86905612982771,NaN,0,0,1
341,high_noise,J50_200,EXT_012,"M=20,20,20,20,|T=0,0,0,0,|B=2,15,1,50;3,15,1,50;3,15,1,50;",3.84646233547578,NaN,0,0,0
342,synchronous,J50_200,EXT_210,"M=20,20,20,20,|T=0,0,0,0,|B=1,15,1,50;1,15,1,50;2,15,1,50;",4.44551490312943,NaN,0,1,1
342,synchronous,J50_200,EXT_201,"M=20,20,20,20,|T=0,0,0,0,|B=1,15,1,50;1,15,1,50;3,15,1,50;",4.46033672515327,NaN,0,1,1
342,synchronous,J50_200,EXT_120,"M=20,20,20,20,|T=0,0,0,0,|B=1,15,1,50;2,15,1,50;2,15,1,50;",4.73910920959615,NaN,0,1,0
342,synchronous,J50_200,EXT_111,"M=20,20,20,20,|T=0,0,0,0,|B=1,15,1,50;2,15,1,50;3,15,1,50;",4.62187332387829,NaN,0,0,0
342,synchronous,J50_200,EXT_021,"M=20,20,20,20,|T=0,0,0,0,|B=2,15,1,50;2,15,1,50;3,15,1,50;",4.73910920959615,NaN,0,0,1
342,synchronous,J50_200,EXT_102,"M=20,20,20,20,|T=0,0,0,0,|B=1,15,1,50;3,15,1,50;3,15,1,50;",4.46033672515327,NaN,0,0,0
342,synchronous,J50_200,EXT_012,"M=20,20,20,20,|T=0,0,0,0,|B=2,15,1,50;3,15,1,50;3,15,1,50;",4.44551490312943,NaN,0,0,0
342,asynchronous,J50_200,EXT_210,"M=20,20,20,20,|T=0,0,0,0,|B=1,15,1,50;1,15,1,50;2,15,1,50;",4.44551490312943,NaN,0,1,1
342,asynchronous,J50_200,EXT_201,"M=20,20,20,20,|T=0,0,0,0,|B=1,15,1,50;1,15,1,50;3,15,1,50;",4.46033672515327,NaN,0,1,1
342,asynchronous,J50_200,EXT_120,"M=20,20,20,20,|T=0,0,0,0,|B=1,15,1,50;2,15,1,50;2,15,1,50;",4.73910920959615,NaN,0,0,0
342,asynchronous,J50_200,EXT_111,"M=20,20,20,20,|T=0,0,0,0,|B=1,15,1,50;2,15,1,50;3,15,1,50;",4.62187332387829,NaN,0,1,0
342,asynchronous,J50_200,EXT_021,"M=20,20,20,20,|T=0,0,0,0,|B=2,15,1,50;2,15,1,50;3,15,1,50;",4.73910920959615,NaN,0,0,1
342,asynchronous,J50_200,EXT_102,"M=20,20,20,20,|T=0,0,0,0,|B=1,15,1,50;3,15,1,50;3,15,1,50;",4.46033672515327,NaN,0,0,0
342,asynchronous,J50_200,EXT_012,"M=20,20,20,20,|T=0,0,0,0,|B=2,15,1,50;3,15,1,50;3,15,1,50;",4.44551490312943,NaN,0,0,0
342,high_noise,J50_200,EXT_210,"M=20,20,20,20,|T=0,0,0,0,|B=1,15,1,50;1,15,1,50;2,15,1,50;",4.44551490312943,NaN,0,1,1
342,high_noise,J50_200,EXT_201,"M=20,20,20,20,|T=0,0,0,0,|B=1,15,1,50;1,15,1,50;3,15,1,50;",4.46033672515327,NaN,0,1,1
342,high_noise,J50_200,EXT_120,"M=20,20,20,20,|T=0,0,0,0,|B=1,15,1,50;2,15,1,50;2,15,1,50;",4.73910920959615,NaN,0,0,0
342,high_noise,J50_200,EXT_111,"M=20,20,20,20,|T=0,0,0,0,|B=1,15,1,50;2,15,1,50;3,15,1,50;",4.62187332387829,NaN,0,1,0
342,high_noise,J50_200,EXT_021,"M=20,20,20,20,|T=0,0,0,0,|B=2,15,1,50;2,15,1,50;3,15,1,50;",4.73910920959615,NaN,0,0,1
342,high_noise,J50_200,EXT_102,"M=20,20,20,20,|T=0,0,0,0,|B=1,15,1,50;3,15,1,50;3,15,1,50;",4.46033672515327,NaN,0,0,0
342,high_noise,J50_200,EXT_012,"M=20,20,20,20,|T=0,0,0,0,|B=2,15,1,50;3,15,1,50;3,15,1,50;",4.44551490312943,NaN,0,0,0
343,synchronous,J50_200,EXT_210,"M=20,20,20,20,|T=0,0,0,0,|B=1,15,1,50;1,15,1,50;2,15,1,50;",4.24540226152072,NaN,0,1,0
343,synchronous,J50_200,EXT_201,"M=20,20,20,20,|T=0,0,0,0,|B=1,15,1,50;1,15,1,50;3,15,1,50;",4.25053838976531,NaN,0,1,1
343,synchronous,J50_200,EXT_120,"M=20,20,20,20,|T=0,0,0,0,|B=1,15,1,50;2,15,1,50;2,15,1,50;",4.57241482118945,NaN,0,1,0
343,synchronous,J50_200,EXT_111,"M=20,20,20,20,|T=0,0,0,0,|B=1,15,1,50;2,15,1,50;3,15,1,50;",4.40082418966184,NaN,0,0,0
343,synchronous,J50_200,EXT_021,"M=20,20,20,20,|T=0,0,0,0,|B=2,15,1,50;2,15,1,50;3,15,1,50;",4.57241482118945,NaN,0,0,0
343,synchronous,J50_200,EXT_102,"M=20,20,20,20,|T=0,0,0,0,|B=1,15,1,50;3,15,1,50;3,15,1,50;",4.25053838976532,NaN,0,0,1
343,synchronous,J50_200,EXT_012,"M=20,20,20,20,|T=0,0,0,0,|B=2,15,1,50;3,15,1,50;3,15,1,50;",4.24540226152072,NaN,0,0,1
343,asynchronous,J50_200,EXT_210,"M=20,20,20,20,|T=0,0,0,0,|B=1,15,1,50;1,15,1,50;2,15,1,50;",4.24540226152072,NaN,0,1,0
343,asynchronous,J50_200,EXT_201,"M=20,20,20,20,|T=0,0,0,0,|B=1,15,1,50;1,15,1,50;3,15,1,50;",4.25053838976531,NaN,0,1,1
343,asynchronous,J50_200,EXT_120,"M=20,20,20,20,|T=0,0,0,0,|B=1,15,1,50;2,15,1,50;2,15,1,50;",4.57241482118945,NaN,0,1,0
343,asynchronous,J50_200,EXT_111,"M=20,20,20,20,|T=0,0,0,0,|B=1,15,1,50;2,15,1,50;3,15,1,50;",4.40082418966184,NaN,0,0,0
343,asynchronous,J50_200,EXT_021,"M=20,20,20,20,|T=0,0,0,0,|B=2,15,1,50;2,15,1,50;3,15,1,50;",4.57241482118945,NaN,0,0,0
343,asynchronous,J50_200,EXT_102,"M=20,20,20,20,|T=0,0,0,0,|B=1,15,1,50;3,15,1,50;3,15,1,50;",4.25053838976532,NaN,0,0,1
343,asynchronous,J50_200,EXT_012,"M=20,20,20,20,|T=0,0,0,0,|B=2,15,1,50;3,15,1,50;3,15,1,50;",4.24540226152072,NaN,0,0,1
343,high_noise,J50_200,EXT_210,"M=20,20,20,20,|T=0,0,0,0,|B=1,15,1,50;1,15,1,50;2,15,1,50;",4.24540226152072,NaN,0,1,0
343,high_noise,J50_200,EXT_201,"M=20,20,20,20,|T=0,0,0,0,|B=1,15,1,50;1,15,1,50;3,15,1,50;",4.25053838976531,NaN,0,1,1
343,high_noise,J50_200,EXT_120,"M=20,20,20,20,|T=0,0,0,0,|B=1,15,1,50;2,15,1,50;2,15,1,50;",4.57241482118945,NaN,0,1,0
343,high_noise,J50_200,EXT_111,"M=20,20,20,20,|T=0,0,0,0,|B=1,15,1,50;2,15,1,50;3,15,1,50;",4.40082418966184,NaN,0,0,0
343,high_noise,J50_200,EXT_021,"M=20,20,20,20,|T=0,0,0,0,|B=2,15,1,50;2,15,1,50;3,15,1,50;",4.57241482118945,NaN,0,0,0
343,high_noise,J50_200,EXT_102,"M=20,20,20,20,|T=0,0,0,0,|B=1,15,1,50;3,15,1,50;3,15,1,50;",4.25053838976532,NaN,0,0,1
343,high_noise,J50_200,EXT_012,"M=20,20,20,20,|T=0,0,0,0,|B=2,15,1,50;3,15,1,50;3,15,1,50;",4.24540226152072,NaN,0,0,1
344,synchronous,J50_200,EXT_201,"M=20,20,20,20,|T=0,0,0,0,|B=1,15,1,50;1,15,1,50;3,15,1,50;",4.53570276714317,NaN,0,1,0
344,synchronous,J50_200,EXT_210,"M=20,20,20,20,|T=0,0,0,0,|B=1,15,1,50;1,15,1,50;2,15,1,50;",4.50710462739765,NaN,0,1,1
344,synchronous,J50_200,EXT_120,"M=20,20,20,20,|T=0,0,0,0,|B=1,15,1,50;2,15,1,50;2,15,1,50;",4.76992928376692,NaN,0,1,0
344,synchronous,J50_200,EXT_111,"M=20,20,20,20,|T=0,0,0,0,|B=1,15,1,50;2,15,1,50;3,15,1,50;",4.66551862230396,NaN,0,0,1
344,synchronous,J50_200,EXT_021,"M=20,20,20,20,|T=0,0,0,0,|B=2,15,1,50;2,15,1,50;3,15,1,50;",4.76992928376692,NaN,0,0,1
344,synchronous,J50_200,EXT_102,"M=20,20,20,20,|T=0,0,0,0,|B=1,15,1,50;3,15,1,50;3,15,1,50;",4.53570276714317,NaN,0,0,0
344,synchronous,J50_200,EXT_012,"M=20,20,20,20,|T=0,0,0,0,|B=2,15,1,50;3,15,1,50;3,15,1,50;",4.50710462739765,NaN,0,0,0
344,asynchronous,J50_200,EXT_201,"M=20,20,20,20,|T=0,0,0,0,|B=1,15,1,50;1,15,1,50;3,15,1,50;",4.53570276714317,NaN,0,1,0
344,asynchronous,J50_200,EXT_210,"M=20,20,20,20,|T=0,0,0,0,|B=1,15,1,50;1,15,1,50;2,15,1,50;",4.50710462739765,NaN,0,1,1
344,asynchronous,J50_200,EXT_120,"M=20,20,20,20,|T=0,0,0,0,|B=1,15,1,50;2,15,1,50;2,15,1,50;",4.76992928376692,NaN,0,1,0
344,asynchronous,J50_200,EXT_111,"M=20,20,20,20,|T=0,0,0,0,|B=1,15,1,50;2,15,1,50;3,15,1,50;",4.66551862230396,NaN,0,0,1
344,asynchronous,J50_200,EXT_021,"M=20,20,20,20,|T=0,0,0,0,|B=2,15,1,50;2,15,1,50;3,15,1,50;",4.76992928376692,NaN,0,0,1
344,asynchronous,J50_200,EXT_102,"M=20,20,20,20,|T=0,0,0,0,|B=1,15,1,50;3,15,1,50;3,15,1,50;",4.53570276714317,NaN,0,0,0
344,asynchronous,J50_200,EXT_012,"M=20,20,20,20,|T=0,0,0,0,|B=2,15,1,50;3,15,1,50;3,15,1,50;",4.50710462739765,NaN,0,0,0
344,high_noise,J50_200,EXT_201,"M=20,20,20,20,|T=0,0,0,0,|B=1,15,1,50;1,15,1,50;3,15,1,50;",4.53570276714317,NaN,0,1,0
344,high_noise,J50_200,EXT_210,"M=20,20,20,20,|T=0,0,0,0,|B=1,15,1,50;1,15,1,50;2,15,1,50;",4.50710462739765,NaN,0,1,1
344,high_noise,J50_200,EXT_120,"M=20,20,20,20,|T=0,0,0,0,|B=1,15,1,50;2,15,1,50;2,15,1,50;",4.76992928376692,NaN,0,1,0
344,high_noise,J50_200,EXT_111,"M=20,20,20,20,|T=0,0,0,0,|B=1,15,1,50;2,15,1,50;3,15,1,50;",4.66551862230396,NaN,0,0,1
344,high_noise,J50_200,EXT_021,"M=20,20,20,20,|T=0,0,0,0,|B=2,15,1,50;2,15,1,50;3,15,1,50;",4.76992928376692,NaN,0,0,1
344,high_noise,J50_200,EXT_102,"M=20,20,20,20,|T=0,0,0,0,|B=1,15,1,50;3,15,1,50;3,15,1,50;",4.53570276714317,NaN,0,0,0
344,high_noise,J50_200,EXT_012,"M=20,20,20,20,|T=0,0,0,0,|B=2,15,1,50;3,15,1,50;3,15,1,50;",4.50710462739765,NaN,0,0,0
345,synchronous,J50_200,EXT_210,"M=20,20,20,20,|T=0,0,0,0,|B=1,15,1,50;1,15,1,50;2,15,1,50;",3.83583551990892,NaN,0,1,1
345,synchronous,J50_200,EXT_201,"M=20,20,20,20,|T=0,0,0,0,|B=1,15,1,50;1,15,1,50;3,15,1,50;",3.87002671190097,NaN,0,1,1
345,synchronous,J50_200,EXT_120,"M=20,20,20,20,|T=0,0,0,0,|B=1,15,1,50;2,15,1,50;2,15,1,50;",4.17531818539154,NaN,0,0,0
345,synchronous,J50_200,EXT_111,"M=20,20,20,20,|T=0,0,0,0,|B=1,15,1,50;2,15,1,50;3,15,1,50;",4.06153898958177,NaN,0,1,0
345,synchronous,J50_200,EXT_021,"M=20,20,20,20,|T=0,0,0,0,|B=2,15,1,50;2,15,1,50;3,15,1,50;",4.17531818539154,NaN,0,0,0
345,synchronous,J50_200,EXT_102,"M=20,20,20,20,|T=0,0,0,0,|B=1,15,1,50;3,15,1,50;3,15,1,50;",3.87002671190098,NaN,0,0,0
345,synchronous,J50_200,EXT_012,"M=20,20,20,20,|T=0,0,0,0,|B=2,15,1,50;3,15,1,50;3,15,1,50;",3.83583551990892,NaN,0,0,1
345,asynchronous,J50_200,EXT_210,"M=20,20,20,20,|T=0,0,0,0,|B=1,15,1,50;1,15,1,50;2,15,1,50;",3.83583551990892,NaN,0,1,1
345,asynchronous,J50_200,EXT_201,"M=20,20,20,20,|T=0,0,0,0,|B=1,15,1,50;1,15,1,50;3,15,1,50;",3.87002671190097,NaN,0,1,1
345,asynchronous,J50_200,EXT_120,"M=20,20,20,20,|T=0,0,0,0,|B=1,15,1,50;2,15,1,50;2,15,1,50;",4.17531818539154,NaN,0,0,0
345,asynchronous,J50_200,EXT_111,"M=20,20,20,20,|T=0,0,0,0,|B=1,15,1,50;2,15,1,50;3,15,1,50;",4.06153898958177,NaN,0,1,0
345,asynchronous,J50_200,EXT_021,"M=20,20,20,20,|T=0,0,0,0,|B=2,15,1,50;2,15,1,50;3,15,1,50;",4.17531818539154,NaN,0,0,0
345,asynchronous,J50_200,EXT_102,"M=20,20,20,20,|T=0,0,0,0,|B=1,15,1,50;3,15,1,50;3,15,1,50;",3.87002671190098,NaN,0,0,0
345,asynchronous,J50_200,EXT_012,"M=20,20,20,20,|T=0,0,0,0,|B=2,15,1,50;3,15,1,50;3,15,1,50;",3.83583551990892,NaN,0,0,1
345,high_noise,J50_200,EXT_210,"M=20,20,20,20,|T=0,0,0,0,|B=1,15,1,50;1,15,1,50;2,15,1,50;",3.83583551990892,NaN,0,1,1
345,high_noise,J50_200,EXT_201,"M=20,20,20,20,|T=0,0,0,0,|B=1,15,1,50;1,15,1,50;3,15,1,50;",3.87002671190097,NaN,0,1,1
345,high_noise,J50_200,EXT_120,"M=20,20,20,20,|T=0,0,0,0,|B=1,15,1,50;2,15,1,50;2,15,1,50;",4.17531818539154,NaN,0,0,0
345,high_noise,J50_200,EXT_111,"M=20,20,20,20,|T=0,0,0,0,|B=1,15,1,50;2,15,1,50;3,15,1,50;",4.06153898958177,NaN,0,1,0
345,high_noise,J50_200,EXT_021,"M=20,20,20,20,|T=0,0,0,0,|B=2,15,1,50;2,15,1,50;3,15,1,50;",4.17531818539154,NaN,0,0,0
345,high_noise,J50_200,EXT_102,"M=20,20,20,20,|T=0,0,0,0,|B=1,15,1,50;3,15,1,50;3,15,1,50;",3.87002671190098,NaN,0,0,0
345,high_noise,J50_200,EXT_012,"M=20,20,20,20,|T=0,0,0,0,|B=2,15,1,50;3,15,1,50;3,15,1,50;",3.83583551990892,NaN,0,0,1
346,synchronous,J50_200,EXT_201,"M=20,20,20,20,|T=0,0,0,0,|B=1,15,1,50;1,15,1,50;3,15,1,50;",4.13210153415564,NaN,0,1,0
346,synchronous,J50_200,EXT_210,"M=20,20,20,20,|T=0,0,0,0,|B=1,15,1,50;1,15,1,50;2,15,1,50;",4.07150403428419,NaN,0,1,1
346,synchronous,J50_200,EXT_111,"M=20,20,20,20,|T=0,0,0,0,|B=1,15,1,50;2,15,1,50;3,15,1,50;",4.27934804943452,NaN,0,0,1
346,synchronous,J50_200,EXT_120,"M=20,20,20,20,|T=0,0,0,0,|B=1,15,1,50;2,15,1,50;2,15,1,50;",4.3756901081338,NaN,0,1,0
346,synchronous,J50_200,EXT_021,"M=20,20,20,20,|T=0,0,0,0,|B=2,15,1,50;2,15,1,50;3,15,1,50;",4.3756901081338,NaN,0,0,0
346,synchronous,J50_200,EXT_102,"M=20,20,20,20,|T=0,0,0,0,|B=1,15,1,50;3,15,1,50;3,15,1,50;",4.13210153415564,NaN,0,0,0
346,synchronous,J50_200,EXT_012,"M=20,20,20,20,|T=0,0,0,0,|B=2,15,1,50;3,15,1,50;3,15,1,50;",4.07150403428418,NaN,0,0,1
346,asynchronous,J50_200,EXT_201,"M=20,20,20,20,|T=0,0,0,0,|B=1,15,1,50;1,15,1,50;3,15,1,50;",4.13210153415564,NaN,0,1,0
346,asynchronous,J50_200,EXT_210,"M=20,20,20,20,|T=0,0,0,0,|B=1,15,1,50;1,15,1,50;2,15,1,50;",4.07150403428419,NaN,0,1,1
346,asynchronous,J50_200,EXT_111,"M=20,20,20,20,|T=0,0,0,0,|B=1,15,1,50;2,15,1,50;3,15,1,50;",4.27934804943452,NaN,0,0,1
346,asynchronous,J50_200,EXT_120,"M=20,20,20,20,|T=0,0,0,0,|B=1,15,1,50;2,15,1,50;2,15,1,50;",4.3756901081338,NaN,0,1,0
346,asynchronous,J50_200,EXT_021,"M=20,20,20,20,|T=0,0,0,0,|B=2,15,1,50;2,15,1,50;3,15,1,50;",4.3756901081338,NaN,0,0,0
346,asynchronous,J50_200,EXT_102,"M=20,20,20,20,|T=0,0,0,0,|B=1,15,1,50;3,15,1,50;3,15,1,50;",4.13210153415564,NaN,0,0,0
346,asynchronous,J50_200,EXT_012,"M=20,20,20,20,|T=0,0,0,0,|B=2,15,1,50;3,15,1,50;3,15,1,50;",4.07150403428418,NaN,0,0,1
346,high_noise,J50_200,EXT_201,"M=20,20,20,20,|T=0,0,0,0,|B=1,15,1,50;1,15,1,50;3,15,1,50;",4.13210153415564,NaN,0,1,0
346,high_noise,J50_200,EXT_210,"M=20,20,20,20,|T=0,0,0,0,|B=1,15,1,50;1,15,1,50;2,15,1,50;",4.07150403428419,NaN,0,1,1
346,high_noise,J50_200,EXT_111,"M=20,20,20,20,|T=0,0,0,0,|B=1,15,1,50;2,15,1,50;3,15,1,50;",4.27934804943452,NaN,0,0,1
346,high_noise,J50_200,EXT_120,"M=20,20,20,20,|T=0,0,0,0,|B=1,15,1,50;2,15,1,50;2,15,1,50;",4.3756901081338,NaN,0,1,0
346,high_noise,J50_200,EXT_021,"M=20,20,20,20,|T=0,0,0,0,|B=2,15,1,50;2,15,1,50;3,15,1,50;",4.3756901081338,NaN,0,0,0
346,high_noise,J50_200,EXT_102,"M=20,20,20,20,|T=0,0,0,0,|B=1,15,1,50;3,15,1,50;3,15,1,50;",4.13210153415564,NaN,0,0,0
346,high_noise,J50_200,EXT_012,"M=20,20,20,20,|T=0,0,0,0,|B=2,15,1,50;3,15,1,50;3,15,1,50;",4.07150403428418,NaN,0,0,1
347,synchronous,J50_200,EXT_201,"M=20,20,20,20,|T=0,0,0,0,|B=1,15,1,50;1,15,1,50;3,15,1,50;",3.96773728036899,NaN,0,1,1
347,synchronous,J50_200,EXT_210,"M=20,20,20,20,|T=0,0,0,0,|B=1,15,1,50;1,15,1,50;2,15,1,50;",3.89879261550416,NaN,0,1,0
347,synchronous,J50_200,EXT_111,"M=20,20,20,20,|T=0,0,0,0,|B=1,15,1,50;2,15,1,50;3,15,1,50;",4.10180538807527,NaN,0,1,0
347,synchronous,J50_200,EXT_120,"M=20,20,20,20,|T=0,0,0,0,|B=1,15,1,50;2,15,1,50;2,15,1,50;",4.17568825946545,NaN,0,0,0
347,synchronous,J50_200,EXT_021,"M=20,20,20,20,|T=0,0,0,0,|B=2,15,1,50;2,15,1,50;3,15,1,50;",4.17568825946545,NaN,0,0,0
347,synchronous,J50_200,EXT_102,"M=20,20,20,20,|T=0,0,0,0,|B=1,15,1,50;3,15,1,50;3,15,1,50;",3.96773728036899,NaN,0,0,1
347,synchronous,J50_200,EXT_012,"M=20,20,20,20,|T=0,0,0,0,|B=2,15,1,50;3,15,1,50;3,15,1,50;",3.89879261550416,NaN,0,0,1
347,asynchronous,J50_200,EXT_201,"M=20,20,20,20,|T=0,0,0,0,|B=1,15,1,50;1,15,1,50;3,15,1,50;",3.96773728036899,NaN,0,1,1
347,asynchronous,J50_200,EXT_210,"M=20,20,20,20,|T=0,0,0,0,|B=1,15,1,50;1,15,1,50;2,15,1,50;",3.89879261550416,NaN,0,1,0
347,asynchronous,J50_200,EXT_111,"M=20,20,20,20,|T=0,0,0,0,|B=1,15,1,50;2,15,1,50;3,15,1,50;",4.10180538807527,NaN,0,1,0
347,asynchronous,J50_200,EXT_120,"M=20,20,20,20,|T=0,0,0,0,|B=1,15,1,50;2,15,1,50;2,15,1,50;",4.17568825946545,NaN,0,0,0
347,asynchronous,J50_200,EXT_021,"M=20,20,20,20,|T=0,0,0,0,|B=2,15,1,50;2,15,1,50;3,15,1,50;",4.17568825946545,NaN,0,0,0
347,asynchronous,J50_200,EXT_102,"M=20,20,20,20,|T=0,0,0,0,|B=1,15,1,50;3,15,1,50;3,15,1,50;",3.96773728036899,NaN,0,0,1
347,asynchronous,J50_200,EXT_012,"M=20,20,20,20,|T=0,0,0,0,|B=2,15,1,50;3,15,1,50;3,15,1,50;",3.89879261550416,NaN,0,0,1
347,high_noise,J50_200,EXT_201,"M=20,20,20,20,|T=0,0,0,0,|B=1,15,1,50;1,15,1,50;3,15,1,50;",3.96773728036899,NaN,0,1,1
347,high_noise,J50_200,EXT_210,"M=20,20,20,20,|T=0,0,0,0,|B=1,15,1,50;1,15,1,50;2,15,1,50;",3.89879261550416,NaN,0,1,0
347,high_noise,J50_200,EXT_111,"M=20,20,20,20,|T=0,0,0,0,|B=1,15,1,50;2,15,1,50;3,15,1,50;",4.10180538807527,NaN,0,1,0
347,high_noise,J50_200,EXT_120,"M=20,20,20,20,|T=0,0,0,0,|B=1,15,1,50;2,15,1,50;2,15,1,50;",4.17568825946545,NaN,0,0,0
347,high_noise,J50_200,EXT_021,"M=20,20,20,20,|T=0,0,0,0,|B=2,15,1,50;2,15,1,50;3,15,1,50;",4.17568825946545,NaN,0,0,0
347,high_noise,J50_200,EXT_102,"M=20,20,20,20,|T=0,0,0,0,|B=1,15,1,50;3,15,1,50;3,15,1,50;",3.96773728036899,NaN,0,0,1
347,high_noise,J50_200,EXT_012,"M=20,20,20,20,|T=0,0,0,0,|B=2,15,1,50;3,15,1,50;3,15,1,50;",3.89879261550416,NaN,0,0,1
348,synchronous,J50_200,EXT_210,"M=20,20,20,20,|T=0,0,0,0,|B=1,15,1,50;1,15,1,50;2,15,1,50;",4.66039843691925,NaN,0,1,1
348,synchronous,J50_200,EXT_201,"M=20,20,20,20,|T=0,0,0,0,|B=1,15,1,50;1,15,1,50;3,15,1,50;",4.65854408574089,NaN,0,1,1
348,synchronous,J50_200,EXT_120,"M=20,20,20,20,|T=0,0,0,0,|B=1,15,1,50;2,15,1,50;2,15,1,50;",4.94959588607108,NaN,0,1,0
348,synchronous,J50_200,EXT_111,"M=20,20,20,20,|T=0,0,0,0,|B=1,15,1,50;2,15,1,50;3,15,1,50;",4.819209348616,NaN,0,0,0
348,synchronous,J50_200,EXT_021,"M=20,20,20,20,|T=0,0,0,0,|B=2,15,1,50;2,15,1,50;3,15,1,50;",4.94959588607108,NaN,0,0,0
348,synchronous,J50_200,EXT_102,"M=20,20,20,20,|T=0,0,0,0,|B=1,15,1,50;3,15,1,50;3,15,1,50;",4.65854408574089,NaN,0,0,0
348,synchronous,J50_200,EXT_012,"M=20,20,20,20,|T=0,0,0,0,|B=2,15,1,50;3,15,1,50;3,15,1,50;",4.66039843691925,NaN,0,0,1
348,asynchronous,J50_200,EXT_210,"M=20,20,20,20,|T=0,0,0,0,|B=1,15,1,50;1,15,1,50;2,15,1,50;",4.66039843691925,NaN,0,1,1
348,asynchronous,J50_200,EXT_201,"M=20,20,20,20,|T=0,0,0,0,|B=1,15,1,50;1,15,1,50;3,15,1,50;",4.65854408574089,NaN,0,1,1
348,asynchronous,J50_200,EXT_120,"M=20,20,20,20,|T=0,0,0,0,|B=1,15,1,50;2,15,1,50;2,15,1,50;",4.94959588607108,NaN,0,1,0
348,asynchronous,J50_200,EXT_111,"M=20,20,20,20,|T=0,0,0,0,|B=1,15,1,50;2,15,1,50;3,15,1,50;",4.819209348616,NaN,0,0,0
348,asynchronous,J50_200,EXT_021,"M=20,20,20,20,|T=0,0,0,0,|B=2,15,1,50;2,15,1,50;3,15,1,50;",4.94959588607108,NaN,0,0,0
348,asynchronous,J50_200,EXT_102,"M=20,20,20,20,|T=0,0,0,0,|B=1,15,1,50;3,15,1,50;3,15,1,50;",4.65854408574089,NaN,0,0,0
348,asynchronous,J50_200,EXT_012,"M=20,20,20,20,|T=0,0,0,0,|B=2,15,1,50;3,15,1,50;3,15,1,50;",4.66039843691925,NaN,0,0,1
348,high_noise,J50_200,EXT_210,"M=20,20,20,20,|T=0,0,0,0,|B=1,15,1,50;1,15,1,50;2,15,1,50;",4.66039843691925,NaN,0,1,1
348,high_noise,J50_200,EXT_201,"M=20,20,20,20,|T=0,0,0,0,|B=1,15,1,50;1,15,1,50;3,15,1,50;",4.65854408574089,NaN,0,1,1
348,high_noise,J50_200,EXT_120,"M=20,20,20,20,|T=0,0,0,0,|B=1,15,1,50;2,15,1,50;2,15,1,50;",4.94959588607108,NaN,0,1,0
348,high_noise,J50_200,EXT_111,"M=20,20,20,20,|T=0,0,0,0,|B=1,15,1,50;2,15,1,50;3,15,1,50;",4.819209348616,NaN,0,0,0
348,high_noise,J50_200,EXT_021,"M=20,20,20,20,|T=0,0,0,0,|B=2,15,1,50;2,15,1,50;3,15,1,50;",4.94959588607108,NaN,0,0,0
348,high_noise,J50_200,EXT_102,"M=20,20,20,20,|T=0,0,0,0,|B=1,15,1,50;3,15,1,50;3,15,1,50;",4.65854408574089,NaN,0,0,0
348,high_noise,J50_200,EXT_012,"M=20,20,20,20,|T=0,0,0,0,|B=2,15,1,50;3,15,1,50;3,15,1,50;",4.66039843691925,NaN,0,0,1
349,synchronous,J50_200,EXT_210,"M=20,20,20,20,|T=0,0,0,0,|B=1,15,1,50;1,15,1,50;2,15,1,50;",3.76196048074575,NaN,0,1,1
349,synchronous,J50_200,EXT_201,"M=20,20,20,20,|T=0,0,0,0,|B=1,15,1,50;1,15,1,50;3,15,1,50;",3.79782918497865,NaN,0,1,0
349,synchronous,J50_200,EXT_120,"M=20,20,20,20,|T=0,0,0,0,|B=1,15,1,50;2,15,1,50;2,15,1,50;",4.1101574327724,NaN,0,0,0
349,synchronous,J50_200,EXT_111,"M=20,20,20,20,|T=0,0,0,0,|B=1,15,1,50;2,15,1,50;3,15,1,50;",4.00996907598167,NaN,0,1,0
349,synchronous,J50_200,EXT_021,"M=20,20,20,20,|T=0,0,0,0,|B=2,15,1,50;2,15,1,50;3,15,1,50;",4.1101574327724,NaN,0,0,0
349,synchronous,J50_200,EXT_102,"M=20,20,20,20,|T=0,0,0,0,|B=1,15,1,50;3,15,1,50;3,15,1,50;",3.79782918497865,NaN,0,0,1
349,synchronous,J50_200,EXT_012,"M=20,20,20,20,|T=0,0,0,0,|B=2,15,1,50;3,15,1,50;3,15,1,50;",3.76196048074575,NaN,0,0,1
349,asynchronous,J50_200,EXT_210,"M=20,20,20,20,|T=0,0,0,0,|B=1,15,1,50;1,15,1,50;2,15,1,50;",3.76196048074575,NaN,0,1,1
349,asynchronous,J50_200,EXT_201,"M=20,20,20,20,|T=0,0,0,0,|B=1,15,1,50;1,15,1,50;3,15,1,50;",3.79782918497865,NaN,0,1,0
349,asynchronous,J50_200,EXT_120,"M=20,20,20,20,|T=0,0,0,0,|B=1,15,1,50;2,15,1,50;2,15,1,50;",4.1101574327724,NaN,0,0,0
349,asynchronous,J50_200,EXT_111,"M=20,20,20,20,|T=0,0,0,0,|B=1,15,1,50;2,15,1,50;3,15,1,50;",4.00996907598167,NaN,0,1,0
349,asynchronous,J50_200,EXT_021,"M=20,20,20,20,|T=0,0,0,0,|B=2,15,1,50;2,15,1,50;3,15,1,50;",4.1101574327724,NaN,0,0,0
349,asynchronous,J50_200,EXT_102,"M=20,20,20,20,|T=0,0,0,0,|B=1,15,1,50;3,15,1,50;3,15,1,50;",3.79782918497865,NaN,0,0,1
349,asynchronous,J50_200,EXT_012,"M=20,20,20,20,|T=0,0,0,0,|B=2,15,1,50;3,15,1,50;3,15,1,50;",3.76196048074575,NaN,0,0,1
349,high_noise,J50_200,EXT_210,"M=20,20,20,20,|T=0,0,0,0,|B=1,15,1,50;1,15,1,50;2,15,1,50;",3.76196048074575,NaN,0,1,1
349,high_noise,J50_200,EXT_201,"M=20,20,20,20,|T=0,0,0,0,|B=1,15,1,50;1,15,1,50;3,15,1,50;",3.79782918497865,NaN,0,1,0
349,high_noise,J50_200,EXT_120,"M=20,20,20,20,|T=0,0,0,0,|B=1,15,1,50;2,15,1,50;2,15,1,50;",4.1101574327724,NaN,0,0,0
349,high_noise,J50_200,EXT_111,"M=20,20,20,20,|T=0,0,0,0,|B=1,15,1,50;2,15,1,50;3,15,1,50;",4.00996907598167,NaN,0,1,0
349,high_noise,J50_200,EXT_021,"M=20,20,20,20,|T=0,0,0,0,|B=2,15,1,50;2,15,1,50;3,15,1,50;",4.1101574327724,NaN,0,0,0
349,high_noise,J50_200,EXT_102,"M=20,20,20,20,|T=0,0,0,0,|B=1,15,1,50;3,15,1,50;3,15,1,50;",3.79782918497865,NaN,0,0,1
349,high_noise,J50_200,EXT_012,"M=20,20,20,20,|T=0,0,0,0,|B=2,15,1,50;3,15,1,50;3,15,1,50;",3.76196048074575,NaN,0,0,1
350,synchronous,J50_200,EXT_210,"M=20,20,20,20,|T=0,0,0,0,|B=1,15,1,50;1,15,1,50;2,15,1,50;",4.26854396158347,NaN,0,1,1
350,synchronous,J50_200,EXT_201,"M=20,20,20,20,|T=0,0,0,0,|B=1,15,1,50;1,15,1,50;3,15,1,50;",4.31893139140977,NaN,0,1,0
350,synchronous,J50_200,EXT_120,"M=20,20,20,20,|T=0,0,0,0,|B=1,15,1,50;2,15,1,50;2,15,1,50;",4.56230806329768,NaN,0,0,0
350,synchronous,J50_200,EXT_111,"M=20,20,20,20,|T=0,0,0,0,|B=1,15,1,50;2,15,1,50;3,15,1,50;",4.44353913069315,NaN,0,1,1
350,synchronous,J50_200,EXT_021,"M=20,20,20,20,|T=0,0,0,0,|B=2,15,1,50;2,15,1,50;3,15,1,50;",4.56230806329768,NaN,0,0,1
350,synchronous,J50_200,EXT_102,"M=20,20,20,20,|T=0,0,0,0,|B=1,15,1,50;3,15,1,50;3,15,1,50;",4.31893139140977,NaN,0,0,0
350,synchronous,J50_200,EXT_012,"M=20,20,20,20,|T=0,0,0,0,|B=2,15,1,50;3,15,1,50;3,15,1,50;",4.26854396158347,NaN,0,0,0
350,asynchronous,J50_200,EXT_210,"M=20,20,20,20,|T=0,0,0,0,|B=1,15,1,50;1,15,1,50;2,15,1,50;",4.26854396158347,NaN,0,1,1
350,asynchronous,J50_200,EXT_201,"M=20,20,20,20,|T=0,0,0,0,|B=1,15,1,50;1,15,1,50;3,15,1,50;",4.31893139140977,NaN,0,1,0
350,asynchronous,J50_200,EXT_120,"M=20,20,20,20,|T=0,0,0,0,|B=1,15,1,50;2,15,1,50;2,15,1,50;",4.56230806329768,NaN,0,0,0
350,asynchronous,J50_200,EXT_111,"M=20,20,20,20,|T=0,0,0,0,|B=1,15,1,50;2,15,1,50;3,15,1,50;",4.44353913069315,NaN,0,1,1
350,asynchronous,J50_200,EXT_021,"M=20,20,20,20,|T=0,0,0,0,|B=2,15,1,50;2,15,1,50;3,15,1,50;",4.56230806329768,NaN,0,0,1
350,asynchronous,J50_200,EXT_102,"M=20,20,20,20,|T=0,0,0,0,|B=1,15,1,50;3,15,1,50;3,15,1,50;",4.31893139140977,NaN,0,0,0
350,asynchronous,J50_200,EXT_012,"M=20,20,20,20,|T=0,0,0,0,|B=2,15,1,50;3,15,1,50;3,15,1,50;",4.26854396158347,NaN,0,0,0
350,high_noise,J50_200,EXT_210,"M=20,20,20,20,|T=0,0,0,0,|B=1,15,1,50;1,15,1,50;2,15,1,50;",4.26854396158347,NaN,0,1,1
350,high_noise,J50_200,EXT_201,"M=20,20,20,20,|T=0,0,0,0,|B=1,15,1,50;1,15,1,50;3,15,1,50;",4.31893139140977,NaN,0,1,0
350,high_noise,J50_200,EXT_120,"M=20,20,20,20,|T=0,0,0,0,|B=1,15,1,50;2,15,1,50;2,15,1,50;",4.56230806329768,NaN,0,0,0
350,high_noise,J50_200,EXT_111,"M=20,20,20,20,|T=0,0,0,0,|B=1,15,1,50;2,15,1,50;3,15,1,50;",4.44353913069315,NaN,0,1,1
350,high_noise,J50_200,EXT_021,"M=20,20,20,20,|T=0,0,0,0,|B=2,15,1,50;2,15,1,50;3,15,1,50;",4.56230806329768,NaN,0,0,1
350,high_noise,J50_200,EXT_102,"M=20,20,20,20,|T=0,0,0,0,|B=1,15,1,50;3,15,1,50;3,15,1,50;",4.31893139140977,NaN,0,0,0
350,high_noise,J50_200,EXT_012,"M=20,20,20,20,|T=0,0,0,0,|B=2,15,1,50;3,15,1,50;3,15,1,50;",4.26854396158347,NaN,0,0,0
351,synchronous,J50_200,EXT_210,"M=20,20,20,20,|T=0,0,0,0,|B=1,15,1,50;1,15,1,50;2,15,1,50;",3.72221011315835,NaN,0,1,1
351,synchronous,J50_200,EXT_201,"M=20,20,20,20,|T=0,0,0,0,|B=1,15,1,50;1,15,1,50;3,15,1,50;",3.77441307891461,NaN,0,1,0
351,synchronous,J50_200,EXT_120,"M=20,20,20,20,|T=0,0,0,0,|B=1,15,1,50;2,15,1,50;2,15,1,50;",4.06350008552052,NaN,0,0,1
351,synchronous,J50_200,EXT_111,"M=20,20,20,20,|T=0,0,0,0,|B=1,15,1,50;2,15,1,50;3,15,1,50;",3.95839192475182,NaN,0,1,0
351,synchronous,J50_200,EXT_021,"M=20,20,20,20,|T=0,0,0,0,|B=2,15,1,50;2,15,1,50;3,15,1,50;",4.06350008552052,NaN,0,0,0
351,synchronous,J50_200,EXT_102,"M=20,20,20,20,|T=0,0,0,0,|B=1,15,1,50;3,15,1,50;3,15,1,50;",3.77441307891461,NaN,0,0,0
351,synchronous,J50_200,EXT_012,"M=20,20,20,20,|T=0,0,0,0,|B=2,15,1,50;3,15,1,50;3,15,1,50;",3.72221011315835,NaN,0,0,1
351,asynchronous,J50_200,EXT_210,"M=20,20,20,20,|T=0,0,0,0,|B=1,15,1,50;1,15,1,50;2,15,1,50;",3.72221011315835,NaN,0,1,1
351,asynchronous,J50_200,EXT_201,"M=20,20,20,20,|T=0,0,0,0,|B=1,15,1,50;1,15,1,50;3,15,1,50;",3.77441307891461,NaN,0,1,0
351,asynchronous,J50_200,EXT_120,"M=20,20,20,20,|T=0,0,0,0,|B=1,15,1,50;2,15,1,50;2,15,1,50;",4.06350008552052,NaN,0,0,1
351,asynchronous,J50_200,EXT_111,"M=20,20,20,20,|T=0,0,0,0,|B=1,15,1,50;2,15,1,50;3,15,1,50;",3.95839192475182,NaN,0,1,0
351,asynchronous,J50_200,EXT_021,"M=20,20,20,20,|T=0,0,0,0,|B=2,15,1,50;2,15,1,50;3,15,1,50;",4.06350008552052,NaN,0,0,0
351,asynchronous,J50_200,EXT_102,"M=20,20,20,20,|T=0,0,0,0,|B=1,15,1,50;3,15,1,50;3,15,1,50;",3.77441307891461,NaN,0,0,0
351,asynchronous,J50_200,EXT_012,"M=20,20,20,20,|T=0,0,0,0,|B=2,15,1,50;3,15,1,50;3,15,1,50;",3.72221011315835,NaN,0,0,1
351,high_noise,J50_200,EXT_210,"M=20,20,20,20,|T=0,0,0,0,|B=1,15,1,50;1,15,1,50;2,15,1,50;",3.72221011315835,NaN,0,1,1
351,high_noise,J50_200,EXT_201,"M=20,20,20,20,|T=0,0,0,0,|B=1,15,1,50;1,15,1,50;3,15,1,50;",3.77441307891461,NaN,0,1,0
351,high_noise,J50_200,EXT_120,"M=20,20,20,20,|T=0,0,0,0,|B=1,15,1,50;2,15,1,50;2,15,1,50;",4.06350008552052,NaN,0,0,1
351,high_noise,J50_200,EXT_111,"M=20,20,20,20,|T=0,0,0,0,|B=1,15,1,50;2,15,1,50;3,15,1,50;",3.95839192475182,NaN,0,1,0
351,high_noise,J50_200,EXT_021,"M=20,20,20,20,|T=0,0,0,0,|B=2,15,1,50;2,15,1,50;3,15,1,50;",4.06350008552052,NaN,0,0,0
351,high_noise,J50_200,EXT_102,"M=20,20,20,20,|T=0,0,0,0,|B=1,15,1,50;3,15,1,50;3,15,1,50;",3.77441307891461,NaN,0,0,0
351,high_noise,J50_200,EXT_012,"M=20,20,20,20,|T=0,0,0,0,|B=2,15,1,50;3,15,1,50;3,15,1,50;",3.72221011315835,NaN,0,0,1
352,synchronous,J50_200,EXT_201,"M=20,20,20,20,|T=0,0,0,0,|B=1,15,1,50;1,15,1,50;3,15,1,50;",4.68538408515852,NaN,0,1,0
352,synchronous,J50_200,EXT_210,"M=20,20,20,20,|T=0,0,0,0,|B=1,15,1,50;1,15,1,50;2,15,1,50;",4.63695629516964,NaN,0,1,0
352,synchronous,J50_200,EXT_111,"M=20,20,20,20,|T=0,0,0,0,|B=1,15,1,50;2,15,1,50;3,15,1,50;",4.80623663453863,NaN,0,1,0
352,synchronous,J50_200,EXT_120,"M=20,20,20,20,|T=0,0,0,0,|B=1,15,1,50;2,15,1,50;2,15,1,50;",4.88323088623737,NaN,0,0,0
352,synchronous,J50_200,EXT_021,"M=20,20,20,20,|T=0,0,0,0,|B=2,15,1,50;2,15,1,50;3,15,1,50;",4.88323088623737,NaN,0,0,1
352,synchronous,J50_200,EXT_102,"M=20,20,20,20,|T=0,0,0,0,|B=1,15,1,50;3,15,1,50;3,15,1,50;",4.68538408515852,NaN,0,0,1
352,synchronous,J50_200,EXT_012,"M=20,20,20,20,|T=0,0,0,0,|B=2,15,1,50;3,15,1,50;3,15,1,50;",4.63695629516964,NaN,0,0,1
352,asynchronous,J50_200,EXT_201,"M=20,20,20,20,|T=0,0,0,0,|B=1,15,1,50;1,15,1,50;3,15,1,50;",4.68538408515852,NaN,0,1,0
352,asynchronous,J50_200,EXT_210,"M=20,20,20,20,|T=0,0,0,0,|B=1,15,1,50;1,15,1,50;2,15,1,50;",4.63695629516964,NaN,0,1,0
352,asynchronous,J50_200,EXT_111,"M=20,20,20,20,|T=0,0,0,0,|B=1,15,1,50;2,15,1,50;3,15,1,50;",4.80623663453863,NaN,0,0,0
352,asynchronous,J50_200,EXT_120,"M=20,20,20,20,|T=0,0,0,0,|B=1,15,1,50;2,15,1,50;2,15,1,50;",4.88323088623737,NaN,0,1,0
352,asynchronous,J50_200,EXT_021,"M=20,20,20,20,|T=0,0,0,0,|B=2,15,1,50;2,15,1,50;3,15,1,50;",4.88323088623737,NaN,0,0,1
352,asynchronous,J50_200,EXT_102,"M=20,20,20,20,|T=0,0,0,0,|B=1,15,1,50;3,15,1,50;3,15,1,50;",4.68538408515852,NaN,0,0,1
352,asynchronous,J50_200,EXT_012,"M=20,20,20,20,|T=0,0,0,0,|B=2,15,1,50;3,15,1,50;3,15,1,50;",4.63695629516964,NaN,0,0,1
352,high_noise,J50_200,EXT_201,"M=20,20,20,20,|T=0,0,0,0,|B=1,15,1,50;1,15,1,50;3,15,1,50;",4.68538408515852,NaN,0,1,0
352,high_noise,J50_200,EXT_210,"M=20,20,20,20,|T=0,0,0,0,|B=1,15,1,50;1,15,1,50;2,15,1,50;",4.63695629516964,NaN,0,1,0
352,high_noise,J50_200,EXT_111,"M=20,20,20,20,|T=0,0,0,0,|B=1,15,1,50;2,15,1,50;3,15,1,50;",4.80623663453863,NaN,0,0,0
352,high_noise,J50_200,EXT_120,"M=20,20,20,20,|T=0,0,0,0,|B=1,15,1,50;2,15,1,50;2,15,1,50;",4.88323088623737,NaN,0,1,0
352,high_noise,J50_200,EXT_021,"M=20,20,20,20,|T=0,0,0,0,|B=2,15,1,50;2,15,1,50;3,15,1,50;",4.88323088623737,NaN,0,0,1
352,high_noise,J50_200,EXT_102,"M=20,20,20,20,|T=0,0,0,0,|B=1,15,1,50;3,15,1,50;3,15,1,50;",4.68538408515852,NaN,0,0,1
352,high_noise,J50_200,EXT_012,"M=20,20,20,20,|T=0,0,0,0,|B=2,15,1,50;3,15,1,50;3,15,1,50;",4.63695629516964,NaN,0,0,1
353,synchronous,J50_200,EXT_201,"M=20,20,20,20,|T=0,0,0,0,|B=1,15,1,50;1,15,1,50;3,15,1,50;",4.71922550420684,NaN,0,1,1
353,synchronous,J50_200,EXT_210,"M=20,20,20,20,|T=0,0,0,0,|B=1,15,1,50;1,15,1,50;2,15,1,50;",4.69309525934643,NaN,0,1,0
353,synchronous,J50_200,EXT_111,"M=20,20,20,20,|T=0,0,0,0,|B=1,15,1,50;2,15,1,50;3,15,1,50;",4.86840939789788,NaN,0,0,0
353,synchronous,J50_200,EXT_120,"M=20,20,20,20,|T=0,0,0,0,|B=1,15,1,50;2,15,1,50;2,15,1,50;",4.96374489093032,NaN,0,1,1
353,synchronous,J50_200,EXT_021,"M=20,20,20,20,|T=0,0,0,0,|B=2,15,1,50;2,15,1,50;3,15,1,50;",4.96374489093032,NaN,0,0,1
353,synchronous,J50_200,EXT_102,"M=20,20,20,20,|T=0,0,0,0,|B=1,15,1,50;3,15,1,50;3,15,1,50;",4.71922550420684,NaN,0,0,0
353,synchronous,J50_200,EXT_012,"M=20,20,20,20,|T=0,0,0,0,|B=2,15,1,50;3,15,1,50;3,15,1,50;",4.69309525934644,NaN,0,0,0
353,asynchronous,J50_200,EXT_201,"M=20,20,20,20,|T=0,0,0,0,|B=1,15,1,50;1,15,1,50;3,15,1,50;",4.71922550420684,NaN,0,1,1
353,asynchronous,J50_200,EXT_210,"M=20,20,20,20,|T=0,0,0,0,|B=1,15,1,50;1,15,1,50;2,15,1,50;",4.69309525934643,NaN,0,1,0
353,asynchronous,J50_200,EXT_111,"M=20,20,20,20,|T=0,0,0,0,|B=1,15,1,50;2,15,1,50;3,15,1,50;",4.86840939789788,NaN,0,0,0
353,asynchronous,J50_200,EXT_120,"M=20,20,20,20,|T=0,0,0,0,|B=1,15,1,50;2,15,1,50;2,15,1,50;",4.96374489093032,NaN,0,1,1
353,asynchronous,J50_200,EXT_021,"M=20,20,20,20,|T=0,0,0,0,|B=2,15,1,50;2,15,1,50;3,15,1,50;",4.96374489093032,NaN,0,0,1
353,asynchronous,J50_200,EXT_102,"M=20,20,20,20,|T=0,0,0,0,|B=1,15,1,50;3,15,1,50;3,15,1,50;",4.71922550420684,NaN,0,0,0
353,asynchronous,J50_200,EXT_012,"M=20,20,20,20,|T=0,0,0,0,|B=2,15,1,50;3,15,1,50;3,15,1,50;",4.69309525934644,NaN,0,0,0
353,high_noise,J50_200,EXT_201,"M=20,20,20,20,|T=0,0,0,0,|B=1,15,1,50;1,15,1,50;3,15,1,50;",4.71922550420684,NaN,0,1,1
353,high_noise,J50_200,EXT_210,"M=20,20,20,20,|T=0,0,0,0,|B=1,15,1,50;1,15,1,50;2,15,1,50;",4.69309525934643,NaN,0,1,0
353,high_noise,J50_200,EXT_111,"M=20,20,20,20,|T=0,0,0,0,|B=1,15,1,50;2,15,1,50;3,15,1,50;",4.86840939789788,NaN,0,0,0
353,high_noise,J50_200,EXT_120,"M=20,20,20,20,|T=0,0,0,0,|B=1,15,1,50;2,15,1,50;2,15,1,50;",4.96374489093032,NaN,0,1,1
353,high_noise,J50_200,EXT_021,"M=20,20,20,20,|T=0,0,0,0,|B=2,15,1,50;2,15,1,50;3,15,1,50;",4.96374489093032,NaN,0,0,1
353,high_noise,J50_200,EXT_102,"M=20,20,20,20,|T=0,0,0,0,|B=1,15,1,50;3,15,1,50;3,15,1,50;",4.71922550420684,NaN,0,0,0
353,high_noise,J50_200,EXT_012,"M=20,20,20,20,|T=0,0,0,0,|B=2,15,1,50;3,15,1,50;3,15,1,50;",4.69309525934644,NaN,0,0,0
354,synchronous,J50_200,EXT_210,"M=20,20,20,20,|T=0,0,0,0,|B=1,15,1,50;1,15,1,50;2,15,1,50;",4.65628061063839,NaN,0,1,1
354,synchronous,J50_200,EXT_201,"M=20,20,20,20,|T=0,0,0,0,|B=1,15,1,50;1,15,1,50;3,15,1,50;",4.68316709681067,NaN,0,1,0
354,synchronous,J50_200,EXT_120,"M=20,20,20,20,|T=0,0,0,0,|B=1,15,1,50;2,15,1,50;2,15,1,50;",4.92662385278621,NaN,0,0,0
354,synchronous,J50_200,EXT_111,"M=20,20,20,20,|T=0,0,0,0,|B=1,15,1,50;2,15,1,50;3,15,1,50;",4.84436960662088,NaN,0,1,0
354,synchronous,J50_200,EXT_021,"M=20,20,20,20,|T=0,0,0,0,|B=2,15,1,50;2,15,1,50;3,15,1,50;",4.92662385278621,NaN,0,0,1
354,synchronous,J50_200,EXT_102,"M=20,20,20,20,|T=0,0,0,0,|B=1,15,1,50;3,15,1,50;3,15,1,50;",4.68316709681067,NaN,0,0,1
354,synchronous,J50_200,EXT_012,"M=20,20,20,20,|T=0,0,0,0,|B=2,15,1,50;3,15,1,50;3,15,1,50;",4.65628061063839,NaN,0,0,0
354,asynchronous,J50_200,EXT_210,"M=20,20,20,20,|T=0,0,0,0,|B=1,15,1,50;1,15,1,50;2,15,1,50;",4.65628061063839,NaN,0,1,1
354,asynchronous,J50_200,EXT_201,"M=20,20,20,20,|T=0,0,0,0,|B=1,15,1,50;1,15,1,50;3,15,1,50;",4.68316709681067,NaN,0,1,0
354,asynchronous,J50_200,EXT_120,"M=20,20,20,20,|T=0,0,0,0,|B=1,15,1,50;2,15,1,50;2,15,1,50;",4.92662385278621,NaN,0,1,0
354,asynchronous,J50_200,EXT_111,"M=20,20,20,20,|T=0,0,0,0,|B=1,15,1,50;2,15,1,50;3,15,1,50;",4.84436960662088,NaN,0,0,0
354,asynchronous,J50_200,EXT_021,"M=20,20,20,20,|T=0,0,0,0,|B=2,15,1,50;2,15,1,50;3,15,1,50;",4.92662385278621,NaN,0,0,1
354,asynchronous,J50_200,EXT_102,"M=20,20,20,20,|T=0,0,0,0,|B=1,15,1,50;3,15,1,50;3,15,1,50;",4.68316709681067,NaN,0,0,1
354,asynchronous,J50_200,EXT_012,"M=20,20,20,20,|T=0,0,0,0,|B=2,15,1,50;3,15,1,50;3,15,1,50;",4.65628061063839,NaN,0,0,0
354,high_noise,J50_200,EXT_210,"M=20,20,20,20,|T=0,0,0,0,|B=1,15,1,50;1,15,1,50;2,15,1,50;",4.65628061063839,NaN,0,1,1
354,high_noise,J50_200,EXT_201,"M=20,20,20,20,|T=0,0,0,0,|B=1,15,1,50;1,15,1,50;3,15,1,50;",4.68316709681067,NaN,0,1,0
354,high_noise,J50_200,EXT_120,"M=20,20,20,20,|T=0,0,0,0,|B=1,15,1,50;2,15,1,50;2,15,1,50;",4.92662385278621,NaN,0,1,0
354,high_noise,J50_200,EXT_111,"M=20,20,20,20,|T=0,0,0,0,|B=1,15,1,50;2,15,1,50;3,15,1,50;",4.84436960662088,NaN,0,0,0
354,high_noise,J50_200,EXT_021,"M=20,20,20,20,|T=0,0,0,0,|B=2,15,1,50;2,15,1,50;3,15,1,50;",4.92662385278621,NaN,0,0,1
354,high_noise,J50_200,EXT_102,"M=20,20,20,20,|T=0,0,0,0,|B=1,15,1,50;3,15,1,50;3,15,1,50;",4.68316709681067,NaN,0,0,1
354,high_noise,J50_200,EXT_012,"M=20,20,20,20,|T=0,0,0,0,|B=2,15,1,50;3,15,1,50;3,15,1,50;",4.65628061063839,NaN,0,0,0
355,synchronous,J50_200,EXT_210,"M=20,20,20,20,|T=0,0,0,0,|B=1,15,1,50;1,15,1,50;2,15,1,50;",4.43260624423615,NaN,0,1,1
355,synchronous,J50_200,EXT_201,"M=20,20,20,20,|T=0,0,0,0,|B=1,15,1,50;1,15,1,50;3,15,1,50;",4.47610713231544,NaN,0,1,1
355,synchronous,J50_200,EXT_120,"M=20,20,20,20,|T=0,0,0,0,|B=1,15,1,50;2,15,1,50;2,15,1,50;",4.68695809532536,NaN,0,1,1
355,synchronous,J50_200,EXT_111,"M=20,20,20,20,|T=0,0,0,0,|B=1,15,1,50;2,15,1,50;3,15,1,50;",4.63503278845046,NaN,0,0,0
355,synchronous,J50_200,EXT_021,"M=20,20,20,20,|T=0,0,0,0,|B=2,15,1,50;2,15,1,50;3,15,1,50;",4.68695809532536,NaN,0,0,0
355,synchronous,J50_200,EXT_102,"M=20,20,20,20,|T=0,0,0,0,|B=1,15,1,50;3,15,1,50;3,15,1,50;",4.47610713231544,NaN,0,0,0
355,synchronous,J50_200,EXT_012,"M=20,20,20,20,|T=0,0,0,0,|B=2,15,1,50;3,15,1,50;3,15,1,50;",4.43260624423615,NaN,0,0,0
355,asynchronous,J50_200,EXT_210,"M=20,20,20,20,|T=0,0,0,0,|B=1,15,1,50;1,15,1,50;2,15,1,50;",4.43260624423615,NaN,0,1,1
355,asynchronous,J50_200,EXT_201,"M=20,20,20,20,|T=0,0,0,0,|B=1,15,1,50;1,15,1,50;3,15,1,50;",4.47610713231544,NaN,0,1,1
355,asynchronous,J50_200,EXT_120,"M=20,20,20,20,|T=0,0,0,0,|B=1,15,1,50;2,15,1,50;2,15,1,50;",4.68695809532536,NaN,0,1,1
355,asynchronous,J50_200,EXT_111,"M=20,20,20,20,|T=0,0,0,0,|B=1,15,1,50;2,15,1,50;3,15,1,50;",4.63503278845046,NaN,0,0,0
355,asynchronous,J50_200,EXT_021,"M=20,20,20,20,|T=0,0,0,0,|B=2,15,1,50;2,15,1,50;3,15,1,50;",4.68695809532536,NaN,0,0,0
355,asynchronous,J50_200,EXT_102,"M=20,20,20,20,|T=0,0,0,0,|B=1,15,1,50;3,15,1,50;3,15,1,50;",4.47610713231544,NaN,0,0,0
355,asynchronous,J50_200,EXT_012,"M=20,20,20,20,|T=0,0,0,0,|B=2,15,1,50;3,15,1,50;3,15,1,50;",4.43260624423615,NaN,0,0,0
355,high_noise,J50_200,EXT_210,"M=20,20,20,20,|T=0,0,0,0,|B=1,15,1,50;1,15,1,50;2,15,1,50;",4.43260624423615,NaN,0,1,1
355,high_noise,J50_200,EXT_201,"M=20,20,20,20,|T=0,0,0,0,|B=1,15,1,50;1,15,1,50;3,15,1,50;",4.47610713231544,NaN,0,1,1
355,high_noise,J50_200,EXT_120,"M=20,20,20,20,|T=0,0,0,0,|B=1,15,1,50;2,15,1,50;2,15,1,50;",4.68695809532536,NaN,0,1,1
355,high_noise,J50_200,EXT_111,"M=20,20,20,20,|T=0,0,0,0,|B=1,15,1,50;2,15,1,50;3,15,1,50;",4.63503278845046,NaN,0,0,0
355,high_noise,J50_200,EXT_021,"M=20,20,20,20,|T=0,0,0,0,|B=2,15,1,50;2,15,1,50;3,15,1,50;",4.68695809532536,NaN,0,0,0
355,high_noise,J50_200,EXT_102,"M=20,20,20,20,|T=0,0,0,0,|B=1,15,1,50;3,15,1,50;3,15,1,50;",4.47610713231544,NaN,0,0,0
355,high_noise,J50_200,EXT_012,"M=20,20,20,20,|T=0,0,0,0,|B=2,15,1,50;3,15,1,50;3,15,1,50;",4.43260624423615,NaN,0,0,0
356,synchronous,J50_200,EXT_201,"M=20,20,20,20,|T=0,0,0,0,|B=1,15,1,50;1,15,1,50;3,15,1,50;",4.19187691463068,NaN,0,1,0
356,synchronous,J50_200,EXT_210,"M=20,20,20,20,|T=0,0,0,0,|B=1,15,1,50;1,15,1,50;2,15,1,50;",4.17286579216034,NaN,0,1,0
356,synchronous,J50_200,EXT_111,"M=20,20,20,20,|T=0,0,0,0,|B=1,15,1,50;2,15,1,50;3,15,1,50;",4.36992454050565,NaN,0,1,1
356,synchronous,J50_200,EXT_120,"M=20,20,20,20,|T=0,0,0,0,|B=1,15,1,50;2,15,1,50;2,15,1,50;",4.47733465002613,NaN,0,0,0
356,synchronous,J50_200,EXT_021,"M=20,20,20,20,|T=0,0,0,0,|B=2,15,1,50;2,15,1,50;3,15,1,50;",4.47733465002613,NaN,0,0,1
356,synchronous,J50_200,EXT_102,"M=20,20,20,20,|T=0,0,0,0,|B=1,15,1,50;3,15,1,50;3,15,1,50;",4.19187691463068,NaN,0,0,1
356,synchronous,J50_200,EXT_012,"M=20,20,20,20,|T=0,0,0,0,|B=2,15,1,50;3,15,1,50;3,15,1,50;",4.17286579216034,NaN,0,0,0
356,asynchronous,J50_200,EXT_201,"M=20,20,20,20,|T=0,0,0,0,|B=1,15,1,50;1,15,1,50;3,15,1,50;",4.19187691463068,NaN,0,1,0
356,asynchronous,J50_200,EXT_210,"M=20,20,20,20,|T=0,0,0,0,|B=1,15,1,50;1,15,1,50;2,15,1,50;",4.17286579216034,NaN,0,1,0
356,asynchronous,J50_200,EXT_111,"M=20,20,20,20,|T=0,0,0,0,|B=1,15,1,50;2,15,1,50;3,15,1,50;",4.36992454050565,NaN,0,1,1
356,asynchronous,J50_200,EXT_120,"M=20,20,20,20,|T=0,0,0,0,|B=1,15,1,50;2,15,1,50;2,15,1,50;",4.47733465002613,NaN,0,0,0
356,asynchronous,J50_200,EXT_021,"M=20,20,20,20,|T=0,0,0,0,|B=2,15,1,50;2,15,1,50;3,15,1,50;",4.47733465002613,NaN,0,0,1
356,asynchronous,J50_200,EXT_102,"M=20,20,20,20,|T=0,0,0,0,|B=1,15,1,50;3,15,1,50;3,15,1,50;",4.19187691463068,NaN,0,0,1
356,asynchronous,J50_200,EXT_012,"M=20,20,20,20,|T=0,0,0,0,|B=2,15,1,50;3,15,1,50;3,15,1,50;",4.17286579216034,NaN,0,0,0
356,high_noise,J50_200,EXT_201,"M=20,20,20,20,|T=0,0,0,0,|B=1,15,1,50;1,15,1,50;3,15,1,50;",4.19187691463068,NaN,0,1,0
356,high_noise,J50_200,EXT_210,"M=20,20,20,20,|T=0,0,0,0,|B=1,15,1,50;1,15,1,50;2,15,1,50;",4.17286579216034,NaN,0,1,0
356,high_noise,J50_200,EXT_111,"M=20,20,20,20,|T=0,0,0,0,|B=1,15,1,50;2,15,1,50;3,15,1,50;",4.36992454050565,NaN,0,1,1
356,high_noise,J50_200,EXT_120,"M=20,20,20,20,|T=0,0,0,0,|B=1,15,1,50;2,15,1,50;2,15,1,50;",4.47733465002613,NaN,0,0,0
356,high_noise,J50_200,EXT_021,"M=20,20,20,20,|T=0,0,0,0,|B=2,15,1,50;2,15,1,50;3,15,1,50;",4.47733465002613,NaN,0,0,1
356,high_noise,J50_200,EXT_102,"M=20,20,20,20,|T=0,0,0,0,|B=1,15,1,50;3,15,1,50;3,15,1,50;",4.19187691463068,NaN,0,0,1
356,high_noise,J50_200,EXT_012,"M=20,20,20,20,|T=0,0,0,0,|B=2,15,1,50;3,15,1,50;3,15,1,50;",4.17286579216034,NaN,0,0,0
357,synchronous,J50_200,EXT_210,"M=20,20,20,20,|T=0,0,0,0,|B=1,15,1,50;1,15,1,50;2,15,1,50;",3.89934530572222,NaN,0,1,1
357,synchronous,J50_200,EXT_201,"M=20,20,20,20,|T=0,0,0,0,|B=1,15,1,50;1,15,1,50;3,15,1,50;",3.94673523380869,NaN,0,1,1
357,synchronous,J50_200,EXT_120,"M=20,20,20,20,|T=0,0,0,0,|B=1,15,1,50;2,15,1,50;2,15,1,50;",4.21860242515618,NaN,0,1,0
357,synchronous,J50_200,EXT_111,"M=20,20,20,20,|T=0,0,0,0,|B=1,15,1,50;2,15,1,50;3,15,1,50;",4.15084721603083,NaN,0,0,0
357,synchronous,J50_200,EXT_021,"M=20,20,20,20,|T=0,0,0,0,|B=2,15,1,50;2,15,1,50;3,15,1,50;",4.21860242515618,NaN,0,0,1
357,synchronous,J50_200,EXT_102,"M=20,20,20,20,|T=0,0,0,0,|B=1,15,1,50;3,15,1,50;3,15,1,50;",3.94673523380869,NaN,0,0,0
357,synchronous,J50_200,EXT_012,"M=20,20,20,20,|T=0,0,0,0,|B=2,15,1,50;3,15,1,50;3,15,1,50;",3.89934530572222,NaN,0,0,0
357,asynchronous,J50_200,EXT_210,"M=20,20,20,20,|T=0,0,0,0,|B=1,15,1,50;1,15,1,50;2,15,1,50;",3.89934530572222,NaN,0,1,1
357,asynchronous,J50_200,EXT_201,"M=20,20,20,20,|T=0,0,0,0,|B=1,15,1,50;1,15,1,50;3,15,1,50;",3.94673523380869,NaN,0,1,1
357,asynchronous,J50_200,EXT_120,"M=20,20,20,20,|T=0,0,0,0,|B=1,15,1,50;2,15,1,50;2,15,1,50;",4.21860242515618,NaN,0,1,0
357,asynchronous,J50_200,EXT_111,"M=20,20,20,20,|T=0,0,0,0,|B=1,15,1,50;2,15,1,50;3,15,1,50;",4.15084721603083,NaN,0,0,0
357,asynchronous,J50_200,EXT_021,"M=20,20,20,20,|T=0,0,0,0,|B=2,15,1,50;2,15,1,50;3,15,1,50;",4.21860242515618,NaN,0,0,1
357,asynchronous,J50_200,EXT_102,"M=20,20,20,20,|T=0,0,0,0,|B=1,15,1,50;3,15,1,50;3,15,1,50;",3.94673523380869,NaN,0,0,0
357,asynchronous,J50_200,EXT_012,"M=20,20,20,20,|T=0,0,0,0,|B=2,15,1,50;3,15,1,50;3,15,1,50;",3.89934530572222,NaN,0,0,0
357,high_noise,J50_200,EXT_210,"M=20,20,20,20,|T=0,0,0,0,|B=1,15,1,50;1,15,1,50;2,15,1,50;",3.89934530572222,NaN,0,1,1
357,high_noise,J50_200,EXT_201,"M=20,20,20,20,|T=0,0,0,0,|B=1,15,1,50;1,15,1,50;3,15,1,50;",3.94673523380869,NaN,0,1,1
357,high_noise,J50_200,EXT_120,"M=20,20,20,20,|T=0,0,0,0,|B=1,15,1,50;2,15,1,50;2,15,1,50;",4.21860242515618,NaN,0,1,0
357,high_noise,J50_200,EXT_111,"M=20,20,20,20,|T=0,0,0,0,|B=1,15,1,50;2,15,1,50;3,15,1,50;",4.15084721603083,NaN,0,0,0
357,high_noise,J50_200,EXT_021,"M=20,20,20,20,|T=0,0,0,0,|B=2,15,1,50;2,15,1,50;3,15,1,50;",4.21860242515618,NaN,0,0,1
357,high_noise,J50_200,EXT_102,"M=20,20,20,20,|T=0,0,0,0,|B=1,15,1,50;3,15,1,50;3,15,1,50;",3.94673523380869,NaN,0,0,0
357,high_noise,J50_200,EXT_012,"M=20,20,20,20,|T=0,0,0,0,|B=2,15,1,50;3,15,1,50;3,15,1,50;",3.89934530572222,NaN,0,0,0
358,synchronous,J50_200,EXT_201,"M=20,20,20,20,|T=0,0,0,0,|B=1,15,1,50;1,15,1,50;3,15,1,50;",3.85915049737277,NaN,0,1,1
358,synchronous,J50_200,EXT_210,"M=20,20,20,20,|T=0,0,0,0,|B=1,15,1,50;1,15,1,50;2,15,1,50;",3.84548997401167,NaN,0,1,0
358,synchronous,J50_200,EXT_111,"M=20,20,20,20,|T=0,0,0,0,|B=1,15,1,50;2,15,1,50;3,15,1,50;",4.08960183687577,NaN,0,1,0
358,synchronous,J50_200,EXT_120,"M=20,20,20,20,|T=0,0,0,0,|B=1,15,1,50;2,15,1,50;2,15,1,50;",4.20009393512471,NaN,0,0,0
358,synchronous,J50_200,EXT_021,"M=20,20,20,20,|T=0,0,0,0,|B=2,15,1,50;2,15,1,50;3,15,1,50;",4.20009393512471,NaN,0,0,0
358,synchronous,J50_200,EXT_102,"M=20,20,20,20,|T=0,0,0,0,|B=1,15,1,50;3,15,1,50;3,15,1,50;",3.85915049737277,NaN,0,0,1
358,synchronous,J50_200,EXT_012,"M=20,20,20,20,|T=0,0,0,0,|B=2,15,1,50;3,15,1,50;3,15,1,50;",3.84548997401167,NaN,0,0,1
358,asynchronous,J50_200,EXT_201,"M=20,20,20,20,|T=0,0,0,0,|B=1,15,1,50;1,15,1,50;3,15,1,50;",3.85915049737277,NaN,0,1,1
358,asynchronous,J50_200,EXT_210,"M=20,20,20,20,|T=0,0,0,0,|B=1,15,1,50;1,15,1,50;2,15,1,50;",3.84548997401167,NaN,0,1,0
358,asynchronous,J50_200,EXT_111,"M=20,20,20,20,|T=0,0,0,0,|B=1,15,1,50;2,15,1,50;3,15,1,50;",4.08960183687577,NaN,0,1,0
358,asynchronous,J50_200,EXT_120,"M=20,20,20,20,|T=0,0,0,0,|B=1,15,1,50;2,15,1,50;2,15,1,50;",4.20009393512471,NaN,0,0,0
358,asynchronous,J50_200,EXT_021,"M=20,20,20,20,|T=0,0,0,0,|B=2,15,1,50;2,15,1,50;3,15,1,50;",4.20009393512471,NaN,0,0,0
358,asynchronous,J50_200,EXT_102,"M=20,20,20,20,|T=0,0,0,0,|B=1,15,1,50;3,15,1,50;3,15,1,50;",3.85915049737277,NaN,0,0,1
358,asynchronous,J50_200,EXT_012,"M=20,20,20,20,|T=0,0,0,0,|B=2,15,1,50;3,15,1,50;3,15,1,50;",3.84548997401167,NaN,0,0,1
358,high_noise,J50_200,EXT_201,"M=20,20,20,20,|T=0,0,0,0,|B=1,15,1,50;1,15,1,50;3,15,1,50;",3.85915049737277,NaN,0,1,1
358,high_noise,J50_200,EXT_210,"M=20,20,20,20,|T=0,0,0,0,|B=1,15,1,50;1,15,1,50;2,15,1,50;",3.84548997401167,NaN,0,1,0
358,high_noise,J50_200,EXT_111,"M=20,20,20,20,|T=0,0,0,0,|B=1,15,1,50;2,15,1,50;3,15,1,50;",4.08960183687577,NaN,0,1,0
358,high_noise,J50_200,EXT_120,"M=20,20,20,20,|T=0,0,0,0,|B=1,15,1,50;2,15,1,50;2,15,1,50;",4.20009393512471,NaN,0,0,0
358,high_noise,J50_200,EXT_021,"M=20,20,20,20,|T=0,0,0,0,|B=2,15,1,50;2,15,1,50;3,15,1,50;",4.20009393512471,NaN,0,0,0
358,high_noise,J50_200,EXT_102,"M=20,20,20,20,|T=0,0,0,0,|B=1,15,1,50;3,15,1,50;3,15,1,50;",3.85915049737277,NaN,0,0,1
358,high_noise,J50_200,EXT_012,"M=20,20,20,20,|T=0,0,0,0,|B=2,15,1,50;3,15,1,50;3,15,1,50;",3.84548997401167,NaN,0,0,1
359,synchronous,J50_200,EXT_210,"M=20,20,20,20,|T=0,0,0,0,|B=1,15,1,50;1,15,1,50;2,15,1,50;",4.29936786682544,NaN,0,1,0
359,synchronous,J50_200,EXT_201,"M=20,20,20,20,|T=0,0,0,0,|B=1,15,1,50;1,15,1,50;3,15,1,50;",4.31750390116967,NaN,0,1,1
359,synchronous,J50_200,EXT_120,"M=20,20,20,20,|T=0,0,0,0,|B=1,15,1,50;2,15,1,50;2,15,1,50;",4.60324599300287,NaN,0,0,0
359,synchronous,J50_200,EXT_111,"M=20,20,20,20,|T=0,0,0,0,|B=1,15,1,50;2,15,1,50;3,15,1,50;",4.50415008238454,NaN,0,1,1
359,synchronous,J50_200,EXT_021,"M=20,20,20,20,|T=0,0,0,0,|B=2,15,1,50;2,15,1,50;3,15,1,50;",4.60324599300287,NaN,0,0,0
359,synchronous,J50_200,EXT_102,"M=20,20,20,20,|T=0,0,0,0,|B=1,15,1,50;3,15,1,50;3,15,1,50;",4.31750390116967,NaN,0,0,1
359,synchronous,J50_200,EXT_012,"M=20,20,20,20,|T=0,0,0,0,|B=2,15,1,50;3,15,1,50;3,15,1,50;",4.29936786682544,NaN,0,0,0
359,asynchronous,J50_200,EXT_210,"M=20,20,20,20,|T=0,0,0,0,|B=1,15,1,50;1,15,1,50;2,15,1,50;",4.29936786682544,NaN,0,1,0
359,asynchronous,J50_200,EXT_201,"M=20,20,20,20,|T=0,0,0,0,|B=1,15,1,50;1,15,1,50;3,15,1,50;",4.31750390116967,NaN,0,1,1
359,asynchronous,J50_200,EXT_120,"M=20,20,20,20,|T=0,0,0,0,|B=1,15,1,50;2,15,1,50;2,15,1,50;",4.60324599300287,NaN,0,1,0
359,asynchronous,J50_200,EXT_111,"M=20,20,20,20,|T=0,0,0,0,|B=1,15,1,50;2,15,1,50;3,15,1,50;",4.50415008238454,NaN,0,0,1
359,asynchronous,J50_200,EXT_021,"M=20,20,20,20,|T=0,0,0,0,|B=2,15,1,50;2,15,1,50;3,15,1,50;",4.60324599300287,NaN,0,0,0
359,asynchronous,J50_200,EXT_102,"M=20,20,20,20,|T=0,0,0,0,|B=1,15,1,50;3,15,1,50;3,15,1,50;",4.31750390116967,NaN,0,0,1
359,asynchronous,J50_200,EXT_012,"M=20,20,20,20,|T=0,0,0,0,|B=2,15,1,50;3,15,1,50;3,15,1,50;",4.29936786682544,NaN,0,0,0
359,high_noise,J50_200,EXT_210,"M=20,20,20,20,|T=0,0,0,0,|B=1,15,1,50;1,15,1,50;2,15,1,50;",4.29936786682544,NaN,0,1,0
359,high_noise,J50_200,EXT_201,"M=20,20,20,20,|T=0,0,0,0,|B=1,15,1,50;1,15,1,50;3,15,1,50;",4.31750390116967,NaN,0,1,1
359,high_noise,J50_200,EXT_120,"M=20,20,20,20,|T=0,0,0,0,|B=1,15,1,50;2,15,1,50;2,15,1,50;",4.60324599300287,NaN,0,1,0
359,high_noise,J50_200,EXT_111,"M=20,20,20,20,|T=0,0,0,0,|B=1,15,1,50;2,15,1,50;3,15,1,50;",4.50415008238454,NaN,0,0,1
359,high_noise,J50_200,EXT_021,"M=20,20,20,20,|T=0,0,0,0,|B=2,15,1,50;2,15,1,50;3,15,1,50;",4.60324599300287,NaN,0,0,0
359,high_noise,J50_200,EXT_102,"M=20,20,20,20,|T=0,0,0,0,|B=1,15,1,50;3,15,1,50;3,15,1,50;",4.31750390116967,NaN,0,0,1
359,high_noise,J50_200,EXT_012,"M=20,20,20,20,|T=0,0,0,0,|B=2,15,1,50;3,15,1,50;3,15,1,50;",4.29936786682544,NaN,0,0,0
360,synchronous,J50_200,EXT_210,"M=20,20,20,20,|T=0,0,0,0,|B=1,15,1,50;1,15,1,50;2,15,1,50;",4.04565187197912,NaN,0,1,0
360,synchronous,J50_200,EXT_201,"M=20,20,20,20,|T=0,0,0,0,|B=1,15,1,50;1,15,1,50;3,15,1,50;",4.06907567673921,NaN,0,1,0
360,synchronous,J50_200,EXT_120,"M=20,20,20,20,|T=0,0,0,0,|B=1,15,1,50;2,15,1,50;2,15,1,50;",4.37944025641833,NaN,0,1,1
360,synchronous,J50_200,EXT_111,"M=20,20,20,20,|T=0,0,0,0,|B=1,15,1,50;2,15,1,50;3,15,1,50;",4.29509446906996,NaN,0,0,0
360,synchronous,J50_200,EXT_021,"M=20,20,20,20,|T=0,0,0,0,|B=2,15,1,50;2,15,1,50;3,15,1,50;",4.37944025641833,NaN,0,0,0
360,synchronous,J50_200,EXT_102,"M=20,20,20,20,|T=0,0,0,0,|B=1,15,1,50;3,15,1,50;3,15,1,50;",4.06907567673921,NaN,0,0,1
360,synchronous,J50_200,EXT_012,"M=20,20,20,20,|T=0,0,0,0,|B=2,15,1,50;3,15,1,50;3,15,1,50;",4.04565187197912,NaN,0,0,1
360,asynchronous,J50_200,EXT_210,"M=20,20,20,20,|T=0,0,0,0,|B=1,15,1,50;1,15,1,50;2,15,1,50;",4.04565187197912,NaN,0,1,0
360,asynchronous,J50_200,EXT_201,"M=20,20,20,20,|T=0,0,0,0,|B=1,15,1,50;1,15,1,50;3,15,1,50;",4.06907567673921,NaN,0,1,0
360,asynchronous,J50_200,EXT_120,"M=20,20,20,20,|T=0,0,0,0,|B=1,15,1,50;2,15,1,50;2,15,1,50;",4.37944025641833,NaN,0,1,1
360,asynchronous,J50_200,EXT_111,"M=20,20,20,20,|T=0,0,0,0,|B=1,15,1,50;2,15,1,50;3,15,1,50;",4.29509446906996,NaN,0,0,0
360,asynchronous,J50_200,EXT_021,"M=20,20,20,20,|T=0,0,0,0,|B=2,15,1,50;2,15,1,50;3,15,1,50;",4.37944025641833,NaN,0,0,0
360,asynchronous,J50_200,EXT_102,"M=20,20,20,20,|T=0,0,0,0,|B=1,15,1,50;3,15,1,50;3,15,1,50;",4.06907567673921,NaN,0,0,1
360,asynchronous,J50_200,EXT_012,"M=20,20,20,20,|T=0,0,0,0,|B=2,15,1,50;3,15,1,50;3,15,1,50;",4.04565187197912,NaN,0,0,1
360,high_noise,J50_200,EXT_210,"M=20,20,20,20,|T=0,0,0,0,|B=1,15,1,50;1,15,1,50;2,15,1,50;",4.04565187197912,NaN,0,1,0
360,high_noise,J50_200,EXT_201,"M=20,20,20,20,|T=0,0,0,0,|B=1,15,1,50;1,15,1,50;3,15,1,50;",4.06907567673921,NaN,0,1,0
360,high_noise,J50_200,EXT_120,"M=20,20,20,20,|T=0,0,0,0,|B=1,15,1,50;2,15,1,50;2,15,1,50;",4.37944025641833,NaN,0,1,1
360,high_noise,J50_200,EXT_111,"M=20,20,20,20,|T=0,0,0,0,|B=1,15,1,50;2,15,1,50;3,15,1,50;",4.29509446906996,NaN,0,0,0
360,high_noise,J50_200,EXT_021,"M=20,20,20,20,|T=0,0,0,0,|B=2,15,1,50;2,15,1,50;3,15,1,50;",4.37944025641833,NaN,0,0,0
360,high_noise,J50_200,EXT_102,"M=20,20,20,20,|T=0,0,0,0,|B=1,15,1,50;3,15,1,50;3,15,1,50;",4.06907567673921,NaN,0,0,1
360,high_noise,J50_200,EXT_012,"M=20,20,20,20,|T=0,0,0,0,|B=2,15,1,50;3,15,1,50;3,15,1,50;",4.04565187197912,NaN,0,0,1
