sample_id,condition,method,truth_id,truth_signature,truth_in_initial,truth_in_confirm_library,truth_generated,meter_count,parameter_seed,cfr_noise_seed,lf_seed,candidate_count,eligible_count,candidate_ids,candidate_signatures,generated_rank,generator_scores,best_candidate,candidate_set,candidate_set_size,decision_state,decision_reason,truth_in_set,correct_unique,false_unique,distance,margin,generation_wall_s,graph_search_wall_s,lf_measure_wall_s,lf_estimation_wall_s,confirmation_wall_s,min_wrong_branch_edges,truth_hidden_junction_count,max_recovered_hidden_junctions
1,synchronous,A_D_samecal_3,G001,"M=20,20,20,20,|T=0,0,0,0,|B=none",1,1,1,1,1170100001,2170100001,1180001001,3,3,"G001,G002,G003","M=20,20,20,20,|T=0,0,0,0,|B=none;M=20,20,20,20,|T=0,0,0,0,|B=2,15,1,50;;M=20,20,20,20,|T=0,0,0,0,|B=1,15,1,50;",1,[],G001,"G001",1,UNIQUE_CONFIDENT,single_candidate_with_margin,1,1,0,2.53247307964277,3.71887062849056,0,0,0.000417,0.000168,0.020052,0,0,0
1,synchronous,A_D_samecal_6,G001,"M=20,20,20,20,|T=0,0,0,0,|B=none",1,1,1,1,1170100001,2170100001,1180001001,6,6,"G001,G002,G003,MIRROR_M3,ADD_M1_M3,EXT_111","M=20,20,20,20,|T=0,0,0,0,|B=none;M=20,20,20,20,|T=0,0,0,0,|B=2,15,1,50;;M=20,20,20,20,|T=0,0,0,0,|B=1,15,1,50;;M=20,20,20,20,|T=0,0,0,0,|B=3,15,1,50;;M=20,20,20,20,|T=0,0,0,0,|B=1,15,1,50;3,15,1,50;;M=20,20,20,20,|T=0,0,0,0,|B=1,15,1,50;2,15,1,50;3,15,1,50;",1,[],G001,"G001",1,UNIQUE_CONFIDENT,single_candidate_with_margin,1,1,0,2.93090894098557,4.32900822445371,0,0,0.000417,0.000168,0.006392,0,0,0
1,synchronous,J_frozen_6,G001,"M=20,20,20,20,|T=0,0,0,0,|B=none",1,1,1,1,1170100001,2170100001,1180001001,6,6,"G001,G002,G003,MIRROR_M3,ADD_M1_M3,EXT_111","M=20,20,20,20,|T=0,0,0,0,|B=none;M=20,20,20,20,|T=0,0,0,0,|B=2,15,1,50;;M=20,20,20,20,|T=0,0,0,0,|B=1,15,1,50;;M=20,20,20,20,|T=0,0,0,0,|B=3,15,1,50;;M=20,20,20,20,|T=0,0,0,0,|B=1,15,1,50;3,15,1,50;;M=20,20,20,20,|T=0,0,0,0,|B=1,15,1,50;2,15,1,50;3,15,1,50;",1,[],G001,"G001",1,UNIQUE_CONFIDENT,single_candidate_with_margin,1,1,0,2.93090894098557,4.32900822445371,0,0,0.000417,0.000168,0.008848,0,0,0
1,synchronous,B_ideal_ci,G001,"M=20,20,20,20,|T=0,0,0,0,|B=none",1,1,1,1,1170100001,2170100001,1180001001,1,1,"G001","M=20,20,20,20,|T=0,0,0,0,|B=none",1,[0;Inf;Inf;Inf;Inf;Inf;Inf;Inf;Inf;Inf;Inf;Inf;Inf;Inf;Inf;Inf;Inf],G001,"G001",1,UNIQUE_CONFIDENT,single_candidate_with_margin,1,1,0,2.89435728244052,Inf,0.018462,0.018462,0.000417,0.000168,0.00739,0,0,0
1,synchronous,C_estimated_ci,G001,"M=20,20,20,20,|T=0,0,0,0,|B=none",1,1,1,1,1170100001,2170100001,1180001001,1,1,"G001","M=20,20,20,20,|T=0,0,0,0,|B=none",1,[0.000223982100729;Inf;Inf;Inf;Inf;Inf;Inf;Inf;Inf;Inf;Inf;Inf;Inf;Inf;Inf;Inf;Inf],G001,"G001",1,UNIQUE_CONFIDENT,single_candidate_with_margin,1,1,0,2.89435728244052,Inf,0.014422,0.013837,0.000417,0.000168,0.005229,0,0,0
1,synchronous,D_count_matched,G001,"M=20,20,20,20,|T=0,0,0,0,|B=none",1,1,1,1,1170100001,2170100001,1180001001,1,1,"G001","M=20,20,20,20,|T=0,0,0,0,|B=none",1,[],G001,"G001",1,UNIQUE_CONFIDENT,single_candidate_with_margin,1,1,0,2.89435728244052,Inf,0.004826,0.004826,0.000417,0.000168,0.001296,0,0,0
1,asynchronous,A_D_samecal_3,G001,"M=20,20,20,20,|T=0,0,0,0,|B=none",1,1,1,1,1170100001,2170100001,1180001002,3,3,"G001,G002,G003","M=20,20,20,20,|T=0,0,0,0,|B=none;M=20,20,20,20,|T=0,0,0,0,|B=2,15,1,50;;M=20,20,20,20,|T=0,0,0,0,|B=1,15,1,50;",1,[],G001,"G001",1,UNIQUE_CONFIDENT,single_candidate_with_margin,1,1,0,2.53247307964277,3.71887062849056,0,0,0.000201,0.000131,0.0037,0,0,0
1,asynchronous,A_D_samecal_6,G001,"M=20,20,20,20,|T=0,0,0,0,|B=none",1,1,1,1,1170100001,2170100001,1180001002,6,6,"G001,G002,G003,MIRROR_M3,ADD_M1_M3,EXT_111","M=20,20,20,20,|T=0,0,0,0,|B=none;M=20,20,20,20,|T=0,0,0,0,|B=2,15,1,50;;M=20,20,20,20,|T=0,0,0,0,|B=1,15,1,50;;M=20,20,20,20,|T=0,0,0,0,|B=3,15,1,50;;M=20,20,20,20,|T=0,0,0,0,|B=1,15,1,50;3,15,1,50;;M=20,20,20,20,|T=0,0,0,0,|B=1,15,1,50;2,15,1,50;3,15,1,50;",1,[],G001,"G001",1,UNIQUE_CONFIDENT,single_candidate_with_margin,1,1,0,2.93090894098557,4.32900822445371,0,0,0.000201,0.000131,0.001482,0,0,0
1,asynchronous,J_frozen_6,G001,"M=20,20,20,20,|T=0,0,0,0,|B=none",1,1,1,1,1170100001,2170100001,1180001002,6,6,"G001,G002,G003,MIRROR_M3,ADD_M1_M3,EXT_111","M=20,20,20,20,|T=0,0,0,0,|B=none;M=20,20,20,20,|T=0,0,0,0,|B=2,15,1,50;;M=20,20,20,20,|T=0,0,0,0,|B=1,15,1,50;;M=20,20,20,20,|T=0,0,0,0,|B=3,15,1,50;;M=20,20,20,20,|T=0,0,0,0,|B=1,15,1,50;3,15,1,50;;M=20,20,20,20,|T=0,0,0,0,|B=1,15,1,50;2,15,1,50;3,15,1,50;",1,[],G001,"G001",1,UNIQUE_CONFIDENT,single_candidate_with_margin,1,1,0,2.93090894098557,4.32900822445371,0,0,0.000201,0.000131,0.002092,0,0,0
1,asynchronous,B_ideal_ci,G001,"M=20,20,20,20,|T=0,0,0,0,|B=none",1,1,1,1,1170100001,2170100001,1180001002,1,1,"G001","M=20,20,20,20,|T=0,0,0,0,|B=none",1,[0;Inf;Inf;Inf;Inf;Inf;Inf;Inf;Inf;Inf;Inf;Inf;Inf;Inf;Inf;Inf;Inf],G001,"G001",1,UNIQUE_CONFIDENT,single_candidate_with_margin,1,1,0,2.89435728244052,Inf,0.018462,0.018462,0.000201,0.000131,0.000637,0,0,0
1,asynchronous,C_estimated_ci,G001,"M=20,20,20,20,|T=0,0,0,0,|B=none",1,1,1,1,1170100001,2170100001,1180001002,1,1,"G001","M=20,20,20,20,|T=0,0,0,0,|B=none",1,[0.000299713969796;Inf;Inf;Inf;Inf;Inf;Inf;Inf;Inf;Inf;Inf;Inf;Inf;Inf;Inf;Inf;Inf],G001,"G001",1,UNIQUE_CONFIDENT,single_candidate_with_margin,1,1,0,2.89435728244052,Inf,0.009522,0.00919,0.000201,0.000131,0.002912,0,0,0
1,asynchronous,D_count_matched,G001,"M=20,20,20,20,|T=0,0,0,0,|B=none",1,1,1,1,1170100001,2170100001,1180001002,1,1,"G001","M=20,20,20,20,|T=0,0,0,0,|B=none",1,[],G001,"G001",1,UNIQUE_CONFIDENT,single_candidate_with_margin,1,1,0,2.89435728244052,Inf,0.001129,0.001129,0.000201,0.000131,0.000437,0,0,0
1,high_noise,A_D_samecal_3,G001,"M=20,20,20,20,|T=0,0,0,0,|B=none",1,1,1,1,1170100001,2170100001,1180001003,3,3,"G001,G002,G003","M=20,20,20,20,|T=0,0,0,0,|B=none;M=20,20,20,20,|T=0,0,0,0,|B=2,15,1,50;;M=20,20,20,20,|T=0,0,0,0,|B=1,15,1,50;",1,[],G001,"G001",1,UNIQUE_CONFIDENT,single_candidate_with_margin,1,1,0,2.53247307964277,3.71887062849056,0,0,0.000326,0.000108,0.004354,0,0,0
1,high_noise,A_D_samecal_6,G001,"M=20,20,20,20,|T=0,0,0,0,|B=none",1,1,1,1,1170100001,2170100001,1180001003,6,6,"G001,G002,G003,MIRROR_M3,ADD_M1_M3,EXT_111","M=20,20,20,20,|T=0,0,0,0,|B=none;M=20,20,20,20,|T=0,0,0,0,|B=2,15,1,50;;M=20,20,20,20,|T=0,0,0,0,|B=1,15,1,50;;M=20,20,20,20,|T=0,0,0,0,|B=3,15,1,50;;M=20,20,20,20,|T=0,0,0,0,|B=1,15,1,50;3,15,1,50;;M=20,20,20,20,|T=0,0,0,0,|B=1,15,1,50;2,15,1,50;3,15,1,50;",1,[],G001,"G001",1,UNIQUE_CONFIDENT,single_candidate_with_margin,1,1,0,2.93090894098557,4.32900822445371,0,0,0.000326,0.000108,0.000962,0,0,0
1,high_noise,J_frozen_6,G001,"M=20,20,20,20,|T=0,0,0,0,|B=none",1,1,1,1,1170100001,2170100001,1180001003,6,6,"G001,G002,G003,MIRROR_M3,ADD_M1_M3,EXT_111","M=20,20,20,20,|T=0,0,0,0,|B=none;M=20,20,20,20,|T=0,0,0,0,|B=2,15,1,50;;M=20,20,20,20,|T=0,0,0,0,|B=1,15,1,50;;M=20,20,20,20,|T=0,0,0,0,|B=3,15,1,50;;M=20,20,20,20,|T=0,0,0,0,|B=1,15,1,50;3,15,1,50;;M=20,20,20,20,|T=0,0,0,0,|B=1,15,1,50;2,15,1,50;3,15,1,50;",1,[],G001,"G001",1,UNIQUE_CONFIDENT,single_candidate_with_margin,1,1,0,2.93090894098557,4.32900822445371,0,0,0.000326,0.000108,0.002556,0,0,0
1,high_noise,B_ideal_ci,G001,"M=20,20,20,20,|T=0,0,0,0,|B=none",1,1,1,1,1170100001,2170100001,1180001003,1,1,"G001","M=20,20,20,20,|T=0,0,0,0,|B=none",1,[0;Inf;Inf;Inf;Inf;Inf;Inf;Inf;Inf;Inf;Inf;Inf;Inf;Inf;Inf;Inf;Inf],G001,"G001",1,UNIQUE_CONFIDENT,single_candidate_with_margin,1,1,0,2.89435728244052,Inf,0.018462,0.018462,0.000326,0.000108,0.000416,0,0,0
1,high_noise,C_estimated_ci,G001,"M=20,20,20,20,|T=0,0,0,0,|B=none",1,1,1,1,1170100001,2170100001,1180001003,1,1,"G001","M=20,20,20,20,|T=0,0,0,0,|B=none",1,[0.000283088703607;Inf;Inf;Inf;Inf;Inf;Inf;Inf;Inf;Inf;Inf;Inf;Inf;Inf;Inf;Inf;Inf],G001,"G001",1,UNIQUE_CONFIDENT,single_candidate_with_margin,1,1,0,2.89435728244052,Inf,0.029871,0.029437,0.000326,0.000108,0.000605,0,0,0
1,high_noise,D_count_matched,G001,"M=20,20,20,20,|T=0,0,0,0,|B=none",1,1,1,1,1170100001,2170100001,1180001003,1,1,"G001","M=20,20,20,20,|T=0,0,0,0,|B=none",1,[],G001,"G001",1,UNIQUE_CONFIDENT,single_candidate_with_margin,1,1,0,2.89435728244052,Inf,0.000913,0.000913,0.000326,0.000108,0.00138,0,0,0
2,synchronous,A_D_samecal_3,G001,"M=20,20,20,20,|T=0,0,0,0,|B=none",1,1,1,1,1170100002,2170100002,1180002001,3,3,"G001,G002,G003","M=20,20,20,20,|T=0,0,0,0,|B=none;M=20,20,20,20,|T=0,0,0,0,|B=2,15,1,50;;M=20,20,20,20,|T=0,0,0,0,|B=1,15,1,50;",1,[],G001,"G001",1,UNIQUE_CONFIDENT,single_candidate_with_margin,1,1,0,3.49300959457447,3.20413755304366,0,0,0.00023,0.000129,0.000829,0,0,0
2,synchronous,A_D_samecal_6,G001,"M=20,20,20,20,|T=0,0,0,0,|B=none",1,1,1,1,1170100002,2170100002,1180002001,6,6,"G001,G002,G003,MIRROR_M3,ADD_M1_M3,EXT_111","M=20,20,20,20,|T=0,0,0,0,|B=none;M=20,20,20,20,|T=0,0,0,0,|B=2,15,1,50;;M=20,20,20,20,|T=0,0,0,0,|B=1,15,1,50;;M=20,20,20,20,|T=0,0,0,0,|B=3,15,1,50;;M=20,20,20,20,|T=0,0,0,0,|B=1,15,1,50;3,15,1,50;;M=20,20,20,20,|T=0,0,0,0,|B=1,15,1,50;2,15,1,50;3,15,1,50;",1,[],G001,"G001",1,UNIQUE_CONFIDENT,single_candidate_with_margin,1,1,0,4.04731864753098,3.72682263382244,0,0,0.00023,0.000129,0.000885,0,0,0
2,synchronous,J_frozen_6,G001,"M=20,20,20,20,|T=0,0,0,0,|B=none",1,1,1,1,1170100002,2170100002,1180002001,6,6,"G001,G002,G003,MIRROR_M3,ADD_M1_M3,EXT_111","M=20,20,20,20,|T=0,0,0,0,|B=none;M=20,20,20,20,|T=0,0,0,0,|B=2,15,1,50;;M=20,20,20,20,|T=0,0,0,0,|B=1,15,1,50;;M=20,20,20,20,|T=0,0,0,0,|B=3,15,1,50;;M=20,20,20,20,|T=0,0,0,0,|B=1,15,1,50;3,15,1,50;;M=20,20,20,20,|T=0,0,0,0,|B=1,15,1,50;2,15,1,50;3,15,1,50;",1,[],G001,"G001",1,UNIQUE_CONFIDENT,single_candidate_with_margin,1,1,0,4.04731864753098,3.72682263382244,0,0,0.00023,0.000129,0.001466,0,0,0
2,synchronous,B_ideal_ci,G001,"M=20,20,20,20,|T=0,0,0,0,|B=none",1,1,1,1,1170100002,2170100002,1180002001,1,1,"G001","M=20,20,20,20,|T=0,0,0,0,|B=none",1,[0;Inf;Inf;Inf;Inf;Inf;Inf;Inf;Inf;Inf;Inf;Inf;Inf;Inf;Inf;Inf;Inf],G001,"G001",1,UNIQUE_CONFIDENT,single_candidate_with_margin,1,1,0,4.47529067160846,Inf,0.002269,0.002269,0.00023,0.000129,0.000398,0,0,0
2,synchronous,C_estimated_ci,G001,"M=20,20,20,20,|T=0,0,0,0,|B=none",1,1,1,1,1170100002,2170100002,1180002001,1,1,"G001","M=20,20,20,20,|T=0,0,0,0,|B=none",1,[0.000294122251835;Inf;Inf;Inf;Inf;Inf;Inf;Inf;Inf;Inf;Inf;Inf;Inf;Inf;Inf;Inf;Inf],G001,"G001",1,UNIQUE_CONFIDENT,single_candidate_with_margin,1,1,0,4.47529067160846,Inf,0.001722,0.001363,0.00023,0.000129,0.000344,0,0,0
2,synchronous,D_count_matched,G001,"M=20,20,20,20,|T=0,0,0,0,|B=none",1,1,1,1,1170100002,2170100002,1180002001,1,1,"G001","M=20,20,20,20,|T=0,0,0,0,|B=none",1,[],G001,"G001",1,UNIQUE_CONFIDENT,single_candidate_with_margin,1,1,0,4.47529067160846,Inf,0.000815,0.000815,0.00023,0.000129,0.000219,0,0,0
2,asynchronous,A_D_samecal_3,G001,"M=20,20,20,20,|T=0,0,0,0,|B=none",1,1,1,1,1170100002,2170100002,1180002002,3,3,"G001,G002,G003","M=20,20,20,20,|T=0,0,0,0,|B=none;M=20,20,20,20,|T=0,0,0,0,|B=2,15,1,50;;M=20,20,20,20,|T=0,0,0,0,|B=1,15,1,50;",1,[],G001,"G001",1,UNIQUE_CONFIDENT,single_candidate_with_margin,1,1,0,3.49300959457447,3.20413755304366,0,0,0.000233,0.000241,0.001127,0,0,0
2,asynchronous,A_D_samecal_6,G001,"M=20,20,20,20,|T=0,0,0,0,|B=none",1,1,1,1,1170100002,2170100002,1180002002,6,6,"G001,G002,G003,MIRROR_M3,ADD_M1_M3,EXT_111","M=20,20,20,20,|T=0,0,0,0,|B=none;M=20,20,20,20,|T=0,0,0,0,|B=2,15,1,50;;M=20,20,20,20,|T=0,0,0,0,|B=1,15,1,50;;M=20,20,20,20,|T=0,0,0,0,|B=3,15,1,50;;M=20,20,20,20,|T=0,0,0,0,|B=1,15,1,50;3,15,1,50;;M=20,20,20,20,|T=0,0,0,0,|B=1,15,1,50;2,15,1,50;3,15,1,50;",1,[],G001,"G001",1,UNIQUE_CONFIDENT,single_candidate_with_margin,1,1,0,4.04731864753098,3.72682263382244,0,0,0.000233,0.000241,0.001171,0,0,0
2,asynchronous,J_frozen_6,G001,"M=20,20,20,20,|T=0,0,0,0,|B=none",1,1,1,1,1170100002,2170100002,1180002002,6,6,"G001,G002,G003,MIRROR_M3,ADD_M1_M3,EXT_111","M=20,20,20,20,|T=0,0,0,0,|B=none;M=20,20,20,20,|T=0,0,0,0,|B=2,15,1,50;;M=20,20,20,20,|T=0,0,0,0,|B=1,15,1,50;;M=20,20,20,20,|T=0,0,0,0,|B=3,15,1,50;;M=20,20,20,20,|T=0,0,0,0,|B=1,15,1,50;3,15,1,50;;M=20,20,20,20,|T=0,0,0,0,|B=1,15,1,50;2,15,1,50;3,15,1,50;",1,[],G001,"G001",1,UNIQUE_CONFIDENT,single_candidate_with_margin,1,1,0,4.04731864753098,3.72682263382244,0,0,0.000233,0.000241,0.005851,0,0,0
2,asynchronous,B_ideal_ci,G001,"M=20,20,20,20,|T=0,0,0,0,|B=none",1,1,1,1,1170100002,2170100002,1180002002,1,1,"G001","M=20,20,20,20,|T=0,0,0,0,|B=none",1,[0;Inf;Inf;Inf;Inf;Inf;Inf;Inf;Inf;Inf;Inf;Inf;Inf;Inf;Inf;Inf;Inf],G001,"G001",1,UNIQUE_CONFIDENT,single_candidate_with_margin,1,1,0,4.47529067160846,Inf,0.002269,0.002269,0.000233,0.000241,0.000865,0,0,0
2,asynchronous,C_estimated_ci,G001,"M=20,20,20,20,|T=0,0,0,0,|B=none",1,1,1,1,1170100002,2170100002,1180002002,1,1,"G001","M=20,20,20,20,|T=0,0,0,0,|B=none",1,[7.82808617772e-05;Inf;Inf;Inf;Inf;Inf;Inf;Inf;Inf;Inf;Inf;Inf;Inf;Inf;Inf;Inf;Inf],G001,"G001",1,UNIQUE_CONFIDENT,single_candidate_with_margin,1,1,0,4.47529067160846,Inf,0.002157,0.001683,0.000233,0.000241,0.000724,0,0,0
2,asynchronous,D_count_matched,G001,"M=20,20,20,20,|T=0,0,0,0,|B=none",1,1,1,1,1170100002,2170100002,1180002002,1,1,"G001","M=20,20,20,20,|T=0,0,0,0,|B=none",1,[],G001,"G001",1,UNIQUE_CONFIDENT,single_candidate_with_margin,1,1,0,4.47529067160846,Inf,0.002224,0.002224,0.000233,0.000241,0.000241,0,0,0
2,high_noise,A_D_samecal_3,G001,"M=20,20,20,20,|T=0,0,0,0,|B=none",1,1,1,1,1170100002,2170100002,1180002003,3,3,"G001,G002,G003","M=20,20,20,20,|T=0,0,0,0,|B=none;M=20,20,20,20,|T=0,0,0,0,|B=2,15,1,50;;M=20,20,20,20,|T=0,0,0,0,|B=1,15,1,50;",1,[],G001,"G001",1,UNIQUE_CONFIDENT,single_candidate_with_margin,1,1,0,3.49300959457447,3.20413755304366,0,0,0.000156,7.6e-05,0.001149,0,0,0
2,high_noise,A_D_samecal_6,G001,"M=20,20,20,20,|T=0,0,0,0,|B=none",1,1,1,1,1170100002,2170100002,1180002003,6,6,"G001,G002,G003,MIRROR_M3,ADD_M1_M3,EXT_111","M=20,20,20,20,|T=0,0,0,0,|B=none;M=20,20,20,20,|T=0,0,0,0,|B=2,15,1,50;;M=20,20,20,20,|T=0,0,0,0,|B=1,15,1,50;;M=20,20,20,20,|T=0,0,0,0,|B=3,15,1,50;;M=20,20,20,20,|T=0,0,0,0,|B=1,15,1,50;3,15,1,50;;M=20,20,20,20,|T=0,0,0,0,|B=1,15,1,50;2,15,1,50;3,15,1,50;",1,[],G001,"G001",1,UNIQUE_CONFIDENT,single_candidate_with_margin,1,1,0,4.04731864753098,3.72682263382244,0,0,0.000156,7.6e-05,0.000835,0,0,0
2,high_noise,J_frozen_6,G001,"M=20,20,20,20,|T=0,0,0,0,|B=none",1,1,1,1,1170100002,2170100002,1180002003,6,6,"G001,G002,G003,MIRROR_M3,ADD_M1_M3,EXT_111","M=20,20,20,20,|T=0,0,0,0,|B=none;M=20,20,20,20,|T=0,0,0,0,|B=2,15,1,50;;M=20,20,20,20,|T=0,0,0,0,|B=1,15,1,50;;M=20,20,20,20,|T=0,0,0,0,|B=3,15,1,50;;M=20,20,20,20,|T=0,0,0,0,|B=1,15,1,50;3,15,1,50;;M=20,20,20,20,|T=0,0,0,0,|B=1,15,1,50;2,15,1,50;3,15,1,50;",1,[],G001,"G001",1,UNIQUE_CONFIDENT,single_candidate_with_margin,1,1,0,4.04731864753098,3.72682263382244,0,0,0.000156,7.6e-05,0.000957,0,0,0
2,high_noise,B_ideal_ci,G001,"M=20,20,20,20,|T=0,0,0,0,|B=none",1,1,1,1,1170100002,2170100002,1180002003,1,1,"G001","M=20,20,20,20,|T=0,0,0,0,|B=none",1,[0;Inf;Inf;Inf;Inf;Inf;Inf;Inf;Inf;Inf;Inf;Inf;Inf;Inf;Inf;Inf;Inf],G001,"G001",1,UNIQUE_CONFIDENT,single_candidate_with_margin,1,1,0,4.47529067160846,Inf,0.002269,0.002269,0.000156,7.6e-05,0.000652,0,0,0
2,high_noise,C_estimated_ci,G001,"M=20,20,20,20,|T=0,0,0,0,|B=none",1,1,1,1,1170100002,2170100002,1180002003,1,1,"G001","M=20,20,20,20,|T=0,0,0,0,|B=none",1,[0.00111313126232;Inf;Inf;Inf;Inf;Inf;Inf;Inf;Inf;Inf;Inf;Inf;Inf;Inf;Inf;Inf;Inf],G001,"G001",1,UNIQUE_CONFIDENT,single_candidate_with_margin,1,1,0,4.47529067160846,Inf,0.001614,0.001382,0.000156,7.6e-05,0.000245,0,0,0
2,high_noise,D_count_matched,G001,"M=20,20,20,20,|T=0,0,0,0,|B=none",1,1,1,1,1170100002,2170100002,1180002003,1,1,"G001","M=20,20,20,20,|T=0,0,0,0,|B=none",1,[],G001,"G001",1,UNIQUE_CONFIDENT,single_candidate_with_margin,1,1,0,4.47529067160846,Inf,0.000555,0.000555,0.000156,7.6e-05,0.000206,0,0,0
3,synchronous,A_D_samecal_3,G001,"M=20,20,20,20,|T=0,0,0,0,|B=none",1,1,1,1,1170100003,2170100003,1180003001,3,3,"G001,G002,G003","M=20,20,20,20,|T=0,0,0,0,|B=none;M=20,20,20,20,|T=0,0,0,0,|B=2,15,1,50;;M=20,20,20,20,|T=0,0,0,0,|B=1,15,1,50;",1,[],G001,"G001",1,LOW_CONFIDENCE,insufficient_unique_margin,1,0,0,4.37250124205014,2.43472966605857,0,0,0.00011,5.8e-05,0.000831,0,0,0
3,synchronous,A_D_samecal_6,G001,"M=20,20,20,20,|T=0,0,0,0,|B=none",1,1,1,1,1170100003,2170100003,1180003001,6,6,"G001,G002,G003,MIRROR_M3,ADD_M1_M3,EXT_111","M=20,20,20,20,|T=0,0,0,0,|B=none;M=20,20,20,20,|T=0,0,0,0,|B=2,15,1,50;;M=20,20,20,20,|T=0,0,0,0,|B=1,15,1,50;;M=20,20,20,20,|T=0,0,0,0,|B=3,15,1,50;;M=20,20,20,20,|T=0,0,0,0,|B=1,15,1,50;3,15,1,50;;M=20,20,20,20,|T=0,0,0,0,|B=1,15,1,50;2,15,1,50;3,15,1,50;",1,[],G001,"G001",1,LOW_CONFIDENCE,insufficient_unique_margin,1,0,0,5.06892184403272,2.82343051890758,0,0,0.00011,5.8e-05,0.000666,0,0,0
3,synchronous,J_frozen_6,G001,"M=20,20,20,20,|T=0,0,0,0,|B=none",1,1,1,1,1170100003,2170100003,1180003001,6,6,"G001,G002,G003,MIRROR_M3,ADD_M1_M3,EXT_111","M=20,20,20,20,|T=0,0,0,0,|B=none;M=20,20,20,20,|T=0,0,0,0,|B=2,15,1,50;;M=20,20,20,20,|T=0,0,0,0,|B=1,15,1,50;;M=20,20,20,20,|T=0,0,0,0,|B=3,15,1,50;;M=20,20,20,20,|T=0,0,0,0,|B=1,15,1,50;3,15,1,50;;M=20,20,20,20,|T=0,0,0,0,|B=1,15,1,50;2,15,1,50;3,15,1,50;",1,[],G001,"G001",1,LOW_CONFIDENCE,insufficient_unique_margin,1,0,0,5.06892184403272,2.82343051890758,0,0,0.00011,5.8e-05,0.000822,0,0,0
3,synchronous,B_ideal_ci,G001,"M=20,20,20,20,|T=0,0,0,0,|B=none",1,1,1,1,1170100003,2170100003,1180003001,1,1,"G001","M=20,20,20,20,|T=0,0,0,0,|B=none",1,[0;Inf;Inf;Inf;Inf;Inf;Inf;Inf;Inf;Inf;Inf;Inf;Inf;Inf;Inf;Inf;Inf],G001,"G001",1,UNIQUE_CONFIDENT,single_candidate_with_margin,1,1,0,4.86323722974455,Inf,0.001308,0.001308,0.00011,5.8e-05,0.000262,0,0,0
3,synchronous,C_estimated_ci,G001,"M=20,20,20,20,|T=0,0,0,0,|B=none",1,1,1,1,1170100003,2170100003,1180003001,1,1,"G001","M=20,20,20,20,|T=0,0,0,0,|B=none",1,[0.000111976746135;Inf;Inf;Inf;Inf;Inf;Inf;Inf;Inf;Inf;Inf;Inf;Inf;Inf;Inf;Inf;Inf],G001,"G001",1,UNIQUE_CONFIDENT,single_candidate_with_margin,1,1,0,4.86323722974455,Inf,0.001231,0.001063,0.00011,5.8e-05,0.000232,0,0,0
3,synchronous,D_count_matched,G001,"M=20,20,20,20,|T=0,0,0,0,|B=none",1,1,1,1,1170100003,2170100003,1180003001,1,1,"G001","M=20,20,20,20,|T=0,0,0,0,|B=none",1,[],G001,"G001",1,UNIQUE_CONFIDENT,single_candidate_with_margin,1,1,0,4.86323722974455,Inf,0.000474,0.000474,0.00011,5.8e-05,0.000199,0,0,0
3,asynchronous,A_D_samecal_3,G001,"M=20,20,20,20,|T=0,0,0,0,|B=none",1,1,1,1,1170100003,2170100003,1180003002,3,3,"G001,G002,G003","M=20,20,20,20,|T=0,0,0,0,|B=none;M=20,20,20,20,|T=0,0,0,0,|B=2,15,1,50;;M=20,20,20,20,|T=0,0,0,0,|B=1,15,1,50;",1,[],G001,"G001",1,LOW_CONFIDENCE,insufficient_unique_margin,1,0,0,4.37250124205014,2.43472966605857,0,0,9.3e-05,5.5e-05,0.000543,0,0,0
3,asynchronous,A_D_samecal_6,G001,"M=20,20,20,20,|T=0,0,0,0,|B=none",1,1,1,1,1170100003,2170100003,1180003002,6,6,"G001,G002,G003,MIRROR_M3,ADD_M1_M3,EXT_111","M=20,20,20,20,|T=0,0,0,0,|B=none;M=20,20,20,20,|T=0,0,0,0,|B=2,15,1,50;;M=20,20,20,20,|T=0,0,0,0,|B=1,15,1,50;;M=20,20,20,20,|T=0,0,0,0,|B=3,15,1,50;;M=20,20,20,20,|T=0,0,0,0,|B=1,15,1,50;3,15,1,50;;M=20,20,20,20,|T=0,0,0,0,|B=1,15,1,50;2,15,1,50;3,15,1,50;",1,[],G001,"G001",1,LOW_CONFIDENCE,insufficient_unique_margin,1,0,0,5.06892184403272,2.82343051890758,0,0,9.3e-05,5.5e-05,0.000841,0,0,0
3,asynchronous,J_frozen_6,G001,"M=20,20,20,20,|T=0,0,0,0,|B=none",1,1,1,1,1170100003,2170100003,1180003002,6,6,"G001,G002,G003,MIRROR_M3,ADD_M1_M3,EXT_111","M=20,20,20,20,|T=0,0,0,0,|B=none;M=20,20,20,20,|T=0,0,0,0,|B=2,15,1,50;;M=20,20,20,20,|T=0,0,0,0,|B=1,15,1,50;;M=20,20,20,20,|T=0,0,0,0,|B=3,15,1,50;;M=20,20,20,20,|T=0,0,0,0,|B=1,15,1,50;3,15,1,50;;M=20,20,20,20,|T=0,0,0,0,|B=1,15,1,50;2,15,1,50;3,15,1,50;",1,[],G001,"G001",1,LOW_CONFIDENCE,insufficient_unique_margin,1,0,0,5.06892184403272,2.82343051890758,0,0,9.3e-05,5.5e-05,0.000768,0,0,0
3,asynchronous,B_ideal_ci,G001,"M=20,20,20,20,|T=0,0,0,0,|B=none",1,1,1,1,1170100003,2170100003,1180003002,1,1,"G001","M=20,20,20,20,|T=0,0,0,0,|B=none",1,[0;Inf;Inf;Inf;Inf;Inf;Inf;Inf;Inf;Inf;Inf;Inf;Inf;Inf;Inf;Inf;Inf],G001,"G001",1,UNIQUE_CONFIDENT,single_candidate_with_margin,1,1,0,4.86323722974455,Inf,0.001308,0.001308,9.3e-05,5.5e-05,0.000256,0,0,0
3,asynchronous,C_estimated_ci,G001,"M=20,20,20,20,|T=0,0,0,0,|B=none",1,1,1,1,1170100003,2170100003,1180003002,1,1,"G001","M=20,20,20,20,|T=0,0,0,0,|B=none",1,[4.476020203e-05;Inf;Inf;Inf;Inf;Inf;Inf;Inf;Inf;Inf;Inf;Inf;Inf;Inf;Inf;Inf;Inf],G001,"G001",1,UNIQUE_CONFIDENT,single_candidate_with_margin,1,1,0,4.86323722974455,Inf,0.001398,0.00125,9.3e-05,5.5e-05,0.000237,0,0,0
3,asynchronous,D_count_matched,G001,"M=20,20,20,20,|T=0,0,0,0,|B=none",1,1,1,1,1170100003,2170100003,1180003002,1,1,"G001","M=20,20,20,20,|T=0,0,0,0,|B=none",1,[],G001,"G001",1,UNIQUE_CONFIDENT,single_candidate_with_margin,1,1,0,4.86323722974455,Inf,0.000448,0.000448,9.3e-05,5.5e-05,0.000205,0,0,0
3,high_noise,A_D_samecal_3,G001,"M=20,20,20,20,|T=0,0,0,0,|B=none",1,1,1,1,1170100003,2170100003,1180003003,3,3,"G001,G002,G003","M=20,20,20,20,|T=0,0,0,0,|B=none;M=20,20,20,20,|T=0,0,0,0,|B=2,15,1,50;;M=20,20,20,20,|T=0,0,0,0,|B=1,15,1,50;",1,[],G001,"G001",1,LOW_CONFIDENCE,insufficient_unique_margin,1,0,0,4.37250124205014,2.43472966605857,0,0,0.000109,5.3e-05,0.000632,0,0,0
3,high_noise,A_D_samecal_6,G001,"M=20,20,20,20,|T=0,0,0,0,|B=none",1,1,1,1,1170100003,2170100003,1180003003,6,6,"G001,G002,G003,MIRROR_M3,ADD_M1_M3,EXT_111","M=20,20,20,20,|T=0,0,0,0,|B=none;M=20,20,20,20,|T=0,0,0,0,|B=2,15,1,50;;M=20,20,20,20,|T=0,0,0,0,|B=1,15,1,50;;M=20,20,20,20,|T=0,0,0,0,|B=3,15,1,50;;M=20,20,20,20,|T=0,0,0,0,|B=1,15,1,50;3,15,1,50;;M=20,20,20,20,|T=0,0,0,0,|B=1,15,1,50;2,15,1,50;3,15,1,50;",1,[],G001,"G001",1,LOW_CONFIDENCE,insufficient_unique_margin,1,0,0,5.06892184403272,2.82343051890758,0,0,0.000109,5.3e-05,0.000665,0,0,0
3,high_noise,J_frozen_6,G001,"M=20,20,20,20,|T=0,0,0,0,|B=none",1,1,1,1,1170100003,2170100003,1180003003,6,6,"G001,G002,G003,MIRROR_M3,ADD_M1_M3,EXT_111","M=20,20,20,20,|T=0,0,0,0,|B=none;M=20,20,20,20,|T=0,0,0,0,|B=2,15,1,50;;M=20,20,20,20,|T=0,0,0,0,|B=1,15,1,50;;M=20,20,20,20,|T=0,0,0,0,|B=3,15,1,50;;M=20,20,20,20,|T=0,0,0,0,|B=1,15,1,50;3,15,1,50;;M=20,20,20,20,|T=0,0,0,0,|B=1,15,1,50;2,15,1,50;3,15,1,50;",1,[],G001,"G001",1,LOW_CONFIDENCE,insufficient_unique_margin,1,0,0,5.06892184403272,2.82343051890758,0,0,0.000109,5.3e-05,0.00071,0,0,0
3,high_noise,B_ideal_ci,G001,"M=20,20,20,20,|T=0,0,0,0,|B=none",1,1,1,1,1170100003,2170100003,1180003003,1,1,"G001","M=20,20,20,20,|T=0,0,0,0,|B=none",1,[0;Inf;Inf;Inf;Inf;Inf;Inf;Inf;Inf;Inf;Inf;Inf;Inf;Inf;Inf;Inf;Inf],G001,"G001",1,UNIQUE_CONFIDENT,single_candidate_with_margin,1,1,0,4.86323722974455,Inf,0.001308,0.001308,0.000109,5.3e-05,0.00027,0,0,0
3,high_noise,C_estimated_ci,G001,"M=20,20,20,20,|T=0,0,0,0,|B=none",1,1,1,1,1170100003,2170100003,1180003003,1,1,"G001","M=20,20,20,20,|T=0,0,0,0,|B=none",1,[0.000736717132226;Inf;Inf;Inf;Inf;Inf;Inf;Inf;Inf;Inf;Inf;Inf;Inf;Inf;Inf;Inf;Inf],G001,"G001",1,UNIQUE_CONFIDENT,single_candidate_with_margin,1,1,0,4.86323722974455,Inf,0.001298,0.001136,0.000109,5.3e-05,0.000232,0,0,0
3,high_noise,D_count_matched,G001,"M=20,20,20,20,|T=0,0,0,0,|B=none",1,1,1,1,1170100003,2170100003,1180003003,1,1,"G001","M=20,20,20,20,|T=0,0,0,0,|B=none",1,[],G001,"G001",1,UNIQUE_CONFIDENT,single_candidate_with_margin,1,1,0,4.86323722974455,Inf,0.000424,0.000424,0.000109,5.3e-05,0.0002,0,0,0
4,synchronous,A_D_samecal_3,G002,"M=20,20,20,20,|T=0,0,0,0,|B=2,15,1,50;",1,1,1,2,1170200001,2170200001,1180004001,3,3,"G001,G002,G003","M=20,20,20,20,|T=0,0,0,0,|B=none;M=20,20,20,20,|T=0,0,0,0,|B=2,15,1,50;;M=20,20,20,20,|T=0,0,0,0,|B=1,15,1,50;",2,[],G002,"G002",1,UNIQUE_CONFIDENT,single_candidate_with_margin,1,1,0,1.91173651394088,4.05709728164496,0,0,0.000353,9.7e-05,0.006625,0,1,1
4,synchronous,A_D_samecal_6,G002,"M=20,20,20,20,|T=0,0,0,0,|B=2,15,1,50;",1,1,1,2,1170200001,2170200001,1180004001,6,6,"G001,G002,G003,MIRROR_M3,ADD_M1_M3,EXT_111","M=20,20,20,20,|T=0,0,0,0,|B=none;M=20,20,20,20,|T=0,0,0,0,|B=2,15,1,50;;M=20,20,20,20,|T=0,0,0,0,|B=1,15,1,50;;M=20,20,20,20,|T=0,0,0,0,|B=3,15,1,50;;M=20,20,20,20,|T=0,0,0,0,|B=1,15,1,50;3,15,1,50;;M=20,20,20,20,|T=0,0,0,0,|B=1,15,1,50;2,15,1,50;3,15,1,50;",2,[],G002,"G002",1,UNIQUE_CONFIDENT,single_candidate_with_margin,1,1,0,2.1295392157218,4.51383827836902,0,0,0.000353,9.7e-05,0.0045,0,1,1
4,synchronous,J_frozen_6,G002,"M=20,20,20,20,|T=0,0,0,0,|B=2,15,1,50;",1,1,1,2,1170200001,2170200001,1180004001,6,6,"G001,G002,G003,MIRROR_M3,ADD_M1_M3,EXT_111","M=20,20,20,20,|T=0,0,0,0,|B=none;M=20,20,20,20,|T=0,0,0,0,|B=2,15,1,50;;M=20,20,20,20,|T=0,0,0,0,|B=1,15,1,50;;M=20,20,20,20,|T=0,0,0,0,|B=3,15,1,50;;M=20,20,20,20,|T=0,0,0,0,|B=1,15,1,50;3,15,1,50;;M=20,20,20,20,|T=0,0,0,0,|B=1,15,1,50;2,15,1,50;3,15,1,50;",2,[],G002,"G002",1,UNIQUE_CONFIDENT,single_candidate_with_margin,1,1,0,2.1295392157218,4.51383827836902,0,0,0.000353,9.7e-05,0.001077,0,1,1
4,synchronous,B_ideal_ci,G002,"M=20,20,20,20,|T=0,0,0,0,|B=2,15,1,50;",1,1,1,2,1170200001,2170200001,1180004001,1,3,"G002","M=20,20,20,20,|T=0,0,0,0,|B=2,15,1,50;",1,[Inf;0.0173205080757;Inf;0;Inf;Inf;Inf;Inf;0.0173205080757;Inf;Inf;Inf;Inf;Inf;Inf;Inf;Inf],G002,"G002",1,LOW_CONFIDENCE,insufficient_unique_margin,1,0,0,2.44034016902225,2.63028152636229,0.003113,0.003113,0.000353,9.7e-05,0.004948,0,1,1
4,synchronous,C_estimated_ci,G002,"M=20,20,20,20,|T=0,0,0,0,|B=2,15,1,50;",1,1,1,2,1170200001,2170200001,1180004001,3,3,"G002,G003,MIRROR_M3","M=20,20,20,20,|T=0,0,0,0,|B=2,15,1,50;;M=20,20,20,20,|T=0,0,0,0,|B=1,15,1,50;;M=20,20,20,20,|T=0,0,0,0,|B=3,15,1,50;",1,[Inf;0.0173280780296;Inf;7.89976920235e-05;Inf;Inf;Inf;Inf;0.017313295269;Inf;Inf;Inf;Inf;Inf;Inf;Inf;Inf],G002,"G002,G003,MIRROR_M3",3,MULTIPLE_AMBIGUOUS,multiple_candidates,1,0,0,2.44034016902225,2.63028152636229,0.002556,0.002106,0.000353,9.7e-05,0.005624,0,1,1
4,synchronous,D_count_matched,G002,"M=20,20,20,20,|T=0,0,0,0,|B=2,15,1,50;",1,1,1,2,1170200001,2170200001,1180004001,3,3,"G003,MIRROR_M3,G002","M=20,20,20,20,|T=0,0,0,0,|B=1,15,1,50;;M=20,20,20,20,|T=0,0,0,0,|B=3,15,1,50;;M=20,20,20,20,|T=0,0,0,0,|B=2,15,1,50;",1,[],G002,"G003,MIRROR_M3,G002",3,MULTIPLE_AMBIGUOUS,multiple_candidates,1,0,0,2.44034016902225,2.63028152636229,0.002165,0.002165,0.000353,9.7e-05,0.001589,0,1,1
4,asynchronous,A_D_samecal_3,G002,"M=20,20,20,20,|T=0,0,0,0,|B=2,15,1,50;",1,1,1,2,1170200001,2170200001,1180004002,3,3,"G001,G002,G003","M=20,20,20,20,|T=0,0,0,0,|B=none;M=20,20,20,20,|T=0,0,0,0,|B=2,15,1,50;;M=20,20,20,20,|T=0,0,0,0,|B=1,15,1,50;",2,[],G002,"G002",1,UNIQUE_CONFIDENT,single_candidate_with_margin,1,1,0,1.91173651394088,4.05709728164496,0,0,0.000173,0.000132,0.000824,0,1,1
4,asynchronous,A_D_samecal_6,G002,"M=20,20,20,20,|T=0,0,0,0,|B=2,15,1,50;",1,1,1,2,1170200001,2170200001,1180004002,6,6,"G001,G002,G003,MIRROR_M3,ADD_M1_M3,EXT_111","M=20,20,20,20,|T=0,0,0,0,|B=none;M=20,20,20,20,|T=0,0,0,0,|B=2,15,1,50;;M=20,20,20,20,|T=0,0,0,0,|B=1,15,1,50;;M=20,20,20,20,|T=0,0,0,0,|B=3,15,1,50;;M=20,20,20,20,|T=0,0,0,0,|B=1,15,1,50;3,15,1,50;;M=20,20,20,20,|T=0,0,0,0,|B=1,15,1,50;2,15,1,50;3,15,1,50;",2,[],G002,"G002",1,UNIQUE_CONFIDENT,single_candidate_with_margin,1,1,0,2.1295392157218,4.51383827836902,0,0,0.000173,0.000132,0.000757,0,1,1
4,asynchronous,J_frozen_6,G002,"M=20,20,20,20,|T=0,0,0,0,|B=2,15,1,50;",1,1,1,2,1170200001,2170200001,1180004002,6,6,"G001,G002,G003,MIRROR_M3,ADD_M1_M3,EXT_111","M=20,20,20,20,|T=0,0,0,0,|B=none;M=20,20,20,20,|T=0,0,0,0,|B=2,15,1,50;;M=20,20,20,20,|T=0,0,0,0,|B=1,15,1,50;;M=20,20,20,20,|T=0,0,0,0,|B=3,15,1,50;;M=20,20,20,20,|T=0,0,0,0,|B=1,15,1,50;3,15,1,50;;M=20,20,20,20,|T=0,0,0,0,|B=1,15,1,50;2,15,1,50;3,15,1,50;",2,[],G002,"G002",1,UNIQUE_CONFIDENT,single_candidate_with_margin,1,1,0,2.1295392157218,4.51383827836902,0,0,0.000173,0.000132,0.000745,0,1,1
4,asynchronous,B_ideal_ci,G002,"M=20,20,20,20,|T=0,0,0,0,|B=2,15,1,50;",1,1,1,2,1170200001,2170200001,1180004002,1,3,"G002","M=20,20,20,20,|T=0,0,0,0,|B=2,15,1,50;",1,[Inf;0.0173205080757;Inf;0;Inf;Inf;Inf;Inf;0.0173205080757;Inf;Inf;Inf;Inf;Inf;Inf;Inf;Inf],G002,"G002",1,LOW_CONFIDENCE,insufficient_unique_margin,1,0,0,2.44034016902225,2.63028152636229,0.003113,0.003113,0.000173,0.000132,0.000673,0,1,1
4,asynchronous,C_estimated_ci,G002,"M=20,20,20,20,|T=0,0,0,0,|B=2,15,1,50;",1,1,1,2,1170200001,2170200001,1180004002,3,3,"G003,G002,MIRROR_M3","M=20,20,20,20,|T=0,0,0,0,|B=1,15,1,50;;M=20,20,20,20,|T=0,0,0,0,|B=2,15,1,50;;M=20,20,20,20,|T=0,0,0,0,|B=3,15,1,50;",2,[Inf;0.0525589532696;Inf;0.0362372526918;Inf;Inf;Inf;Inf;0.0215367916947;Inf;Inf;Inf;Inf;Inf;Inf;Inf;Inf],G002,"G003,G002,MIRROR_M3",3,MULTIPLE_AMBIGUOUS,multiple_candidates,1,0,0,2.44034016902225,2.63028152636229,0.001793,0.001488,0.000173,0.000132,0.000645,0,1,1
4,asynchronous,D_count_matched,G002,"M=20,20,20,20,|T=0,0,0,0,|B=2,15,1,50;",1,1,1,2,1170200001,2170200001,1180004002,3,3,"G002,G003,MIRROR_M3","M=20,20,20,20,|T=0,0,0,0,|B=2,15,1,50;;M=20,20,20,20,|T=0,0,0,0,|B=1,15,1,50;;M=20,20,20,20,|T=0,0,0,0,|B=3,15,1,50;",2,[],G002,"G002,G003,MIRROR_M3",3,MULTIPLE_AMBIGUOUS,multiple_candidates,1,0,0,2.44034016902225,2.63028152636229,0.000677,0.000677,0.000173,0.000132,0.000377,0,1,1
4,high_noise,A_D_samecal_3,G002,"M=20,20,20,20,|T=0,0,0,0,|B=2,15,1,50;",1,1,1,2,1170200001,2170200001,1180004003,3,3,"G001,G002,G003","M=20,20,20,20,|T=0,0,0,0,|B=none;M=20,20,20,20,|T=0,0,0,0,|B=2,15,1,50;;M=20,20,20,20,|T=0,0,0,0,|B=1,15,1,50;",2,[],G002,"G002",1,UNIQUE_CONFIDENT,single_candidate_with_margin,1,1,0,1.91173651394088,4.05709728164496,0,0,0.000348,9.9e-05,0.000554,0,1,1
4,high_noise,A_D_samecal_6,G002,"M=20,20,20,20,|T=0,0,0,0,|B=2,15,1,50;",1,1,1,2,1170200001,2170200001,1180004003,6,6,"G001,G002,G003,MIRROR_M3,ADD_M1_M3,EXT_111","M=20,20,20,20,|T=0,0,0,0,|B=none;M=20,20,20,20,|T=0,0,0,0,|B=2,15,1,50;;M=20,20,20,20,|T=0,0,0,0,|B=1,15,1,50;;M=20,20,20,20,|T=0,0,0,0,|B=3,15,1,50;;M=20,20,20,20,|T=0,0,0,0,|B=1,15,1,50;3,15,1,50;;M=20,20,20,20,|T=0,0,0,0,|B=1,15,1,50;2,15,1,50;3,15,1,50;",2,[],G002,"G002",1,UNIQUE_CONFIDENT,single_candidate_with_margin,1,1,0,2.1295392157218,4.51383827836902,0,0,0.000348,9.9e-05,0.000708,0,1,1
4,high_noise,J_frozen_6,G002,"M=20,20,20,20,|T=0,0,0,0,|B=2,15,1,50;",1,1,1,2,1170200001,2170200001,1180004003,6,6,"G001,G002,G003,MIRROR_M3,ADD_M1_M3,EXT_111","M=20,20,20,20,|T=0,0,0,0,|B=none;M=20,20,20,20,|T=0,0,0,0,|B=2,15,1,50;;M=20,20,20,20,|T=0,0,0,0,|B=1,15,1,50;;M=20,20,20,20,|T=0,0,0,0,|B=3,15,1,50;;M=20,20,20,20,|T=0,0,0,0,|B=1,15,1,50;3,15,1,50;;M=20,20,20,20,|T=0,0,0,0,|B=1,15,1,50;2,15,1,50;3,15,1,50;",2,[],G002,"G002",1,UNIQUE_CONFIDENT,single_candidate_with_margin,1,1,0,2.1295392157218,4.51383827836902,0,0,0.000348,9.9e-05,0.000724,0,1,1
4,high_noise,B_ideal_ci,G002,"M=20,20,20,20,|T=0,0,0,0,|B=2,15,1,50;",1,1,1,2,1170200001,2170200001,1180004003,1,3,"G002","M=20,20,20,20,|T=0,0,0,0,|B=2,15,1,50;",1,[Inf;0.0173205080757;Inf;0;Inf;Inf;Inf;Inf;0.0173205080757;Inf;Inf;Inf;Inf;Inf;Inf;Inf;Inf],G002,"G002",1,LOW_CONFIDENCE,insufficient_unique_margin,1,0,0,2.44034016902225,2.63028152636229,0.003113,0.003113,0.000348,9.9e-05,0.000448,0,1,1
4,high_noise,C_estimated_ci,G002,"M=20,20,20,20,|T=0,0,0,0,|B=2,15,1,50;",1,1,1,2,1170200001,2170200001,1180004003,3,3,"G002,G003,MIRROR_M3","M=20,20,20,20,|T=0,0,0,0,|B=2,15,1,50;;M=20,20,20,20,|T=0,0,0,0,|B=1,15,1,50;;M=20,20,20,20,|T=0,0,0,0,|B=3,15,1,50;",1,[Inf;0.0173619357588;Inf;0.000194543999027;Inf;Inf;Inf;Inf;0.0172811712983;Inf;Inf;Inf;Inf;Inf;Inf;Inf;Inf],G002,"G002,G003,MIRROR_M3",3,MULTIPLE_AMBIGUOUS,multiple_candidates,1,0,0,2.44034016902225,2.63028152636229,0.001763,0.001316,0.000348,9.9e-05,0.000532,0,1,1
4,high_noise,D_count_matched,G002,"M=20,20,20,20,|T=0,0,0,0,|B=2,15,1,50;",1,1,1,2,1170200001,2170200001,1180004003,3,3,"G003,G002,MIRROR_M3","M=20,20,20,20,|T=0,0,0,0,|B=1,15,1,50;;M=20,20,20,20,|T=0,0,0,0,|B=2,15,1,50;;M=20,20,20,20,|T=0,0,0,0,|B=3,15,1,50;",1,[],G002,"G003,G002,MIRROR_M3",3,MULTIPLE_AMBIGUOUS,multiple_candidates,1,0,0,2.44034016902225,2.63028152636229,0.000462,0.000462,0.000348,9.9e-05,0.000405,0,1,1
5,synchronous,A_D_samecal_3,G002,"M=20,20,20,20,|T=0,0,0,0,|B=2,15,1,50;",1,1,1,2,1170200002,2170200002,1180005001,3,3,"G001,G002,G003","M=20,20,20,20,|T=0,0,0,0,|B=none;M=20,20,20,20,|T=0,0,0,0,|B=2,15,1,50;;M=20,20,20,20,|T=0,0,0,0,|B=1,15,1,50;",2,[],G002,"G002",1,UNIQUE_CONFIDENT,single_candidate_with_margin,1,1,0,2.44127871814192,3.52786159541515,0,0,0.00026,0.000101,0.00065,0,1,1
5,synchronous,A_D_samecal_6,G002,"M=20,20,20,20,|T=0,0,0,0,|B=2,15,1,50;",1,1,1,2,1170200002,2170200002,1180005001,6,6,"G001,G002,G003,MIRROR_M3,ADD_M1_M3,EXT_111","M=20,20,20,20,|T=0,0,0,0,|B=none;M=20,20,20,20,|T=0,0,0,0,|B=2,15,1,50;;M=20,20,20,20,|T=0,0,0,0,|B=1,15,1,50;;M=20,20,20,20,|T=0,0,0,0,|B=3,15,1,50;;M=20,20,20,20,|T=0,0,0,0,|B=1,15,1,50;3,15,1,50;;M=20,20,20,20,|T=0,0,0,0,|B=1,15,1,50;2,15,1,50;3,15,1,50;",2,[],G002,"G002",1,UNIQUE_CONFIDENT,single_candidate_with_margin,1,1,0,2.73178664232556,3.93551782730999,0,0,0.00026,0.000101,0.00124,0,1,1
5,synchronous,J_frozen_6,G002,"M=20,20,20,20,|T=0,0,0,0,|B=2,15,1,50;",1,1,1,2,1170200002,2170200002,1180005001,6,6,"G001,G002,G003,MIRROR_M3,ADD_M1_M3,EXT_111","M=20,20,20,20,|T=0,0,0,0,|B=none;M=20,20,20,20,|T=0,0,0,0,|B=2,15,1,50;;M=20,20,20,20,|T=0,0,0,0,|B=1,15,1,50;;M=20,20,20,20,|T=0,0,0,0,|B=3,15,1,50;;M=20,20,20,20,|T=0,0,0,0,|B=1,15,1,50;3,15,1,50;;M=20,20,20,20,|T=0,0,0,0,|B=1,15,1,50;2,15,1,50;3,15,1,50;",2,[],G002,"G002",1,UNIQUE_CONFIDENT,single_candidate_with_margin,1,1,0,2.73178664232556,3.93551782730999,0,0,0.00026,0.000101,0.001625,0,1,1
5,synchronous,B_ideal_ci,G002,"M=20,20,20,20,|T=0,0,0,0,|B=2,15,1,50;",1,1,1,2,1170200002,2170200002,1180005001,1,3,"G002","M=20,20,20,20,|T=0,0,0,0,|B=2,15,1,50;",1,[Inf;0.0173205080757;Inf;0;Inf;Inf;Inf;Inf;0.0173205080757;Inf;Inf;Inf;Inf;Inf;Inf;Inf;Inf],G002,"G002",1,LOW_CONFIDENCE,insufficient_unique_margin,1,0,0,3.04865323718792,2.11708899761485,0.001586,0.001586,0.00026,0.000101,0.000759,0,1,1
5,synchronous,C_estimated_ci,G002,"M=20,20,20,20,|T=0,0,0,0,|B=2,15,1,50;",1,1,1,2,1170200002,2170200002,1180005001,3,3,"G002,G003,MIRROR_M3","M=20,20,20,20,|T=0,0,0,0,|B=2,15,1,50;;M=20,20,20,20,|T=0,0,0,0,|B=1,15,1,50;;M=20,20,20,20,|T=0,0,0,0,|B=3,15,1,50;",1,[Inf;0.0173340962587;Inf;0.000123207310156;Inf;Inf;Inf;Inf;0.0173077863106;Inf;Inf;Inf;Inf;Inf;Inf;Inf;Inf],G002,"G002,G003,MIRROR_M3",3,MULTIPLE_AMBIGUOUS,multiple_candidates,1,0,0,3.04865323718792,2.11708899761485,0.001629,0.001268,0.00026,0.000101,0.000759,0,1,1
5,synchronous,D_count_matched,G002,"M=20,20,20,20,|T=0,0,0,0,|B=2,15,1,50;",1,1,1,2,1170200002,2170200002,1180005001,3,3,"MIRROR_M3,G002,G003","M=20,20,20,20,|T=0,0,0,0,|B=3,15,1,50;;M=20,20,20,20,|T=0,0,0,0,|B=2,15,1,50;;M=20,20,20,20,|T=0,0,0,0,|B=1,15,1,50;",1,[],G002,"MIRROR_M3,G002,G003",3,MULTIPLE_AMBIGUOUS,multiple_candidates,1,0,0,3.04865323718792,2.11708899761485,0.000479,0.000479,0.00026,0.000101,0.000702,0,1,1
5,asynchronous,A_D_samecal_3,G002,"M=20,20,20,20,|T=0,0,0,0,|B=2,15,1,50;",1,1,1,2,1170200002,2170200002,1180005002,3,3,"G001,G002,G003","M=20,20,20,20,|T=0,0,0,0,|B=none;M=20,20,20,20,|T=0,0,0,0,|B=2,15,1,50;;M=20,20,20,20,|T=0,0,0,0,|B=1,15,1,50;",2,[],G002,"G002",1,UNIQUE_CONFIDENT,single_candidate_with_margin,1,1,0,2.44127871814192,3.52786159541515,0,0,0.000243,0.000247,0.000651,0,1,1
5,asynchronous,A_D_samecal_6,G002,"M=20,20,20,20,|T=0,0,0,0,|B=2,15,1,50;",1,1,1,2,1170200002,2170200002,1180005002,6,6,"G001,G002,G003,MIRROR_M3,ADD_M1_M3,EXT_111","M=20,20,20,20,|T=0,0,0,0,|B=none;M=20,20,20,20,|T=0,0,0,0,|B=2,15,1,50;;M=20,20,20,20,|T=0,0,0,0,|B=1,15,1,50;;M=20,20,20,20,|T=0,0,0,0,|B=3,15,1,50;;M=20,20,20,20,|T=0,0,0,0,|B=1,15,1,50;3,15,1,50;;M=20,20,20,20,|T=0,0,0,0,|B=1,15,1,50;2,15,1,50;3,15,1,50;",2,[],G002,"G002",1,UNIQUE_CONFIDENT,single_candidate_with_margin,1,1,0,2.73178664232556,3.93551782730999,0,0,0.000243,0.000247,0.000822,0,1,1
5,asynchronous,J_frozen_6,G002,"M=20,20,20,20,|T=0,0,0,0,|B=2,15,1,50;",1,1,1,2,1170200002,2170200002,1180005002,6,6,"G001,G002,G003,MIRROR_M3,ADD_M1_M3,EXT_111","M=20,20,20,20,|T=0,0,0,0,|B=none;M=20,20,20,20,|T=0,0,0,0,|B=2,15,1,50;;M=20,20,20,20,|T=0,0,0,0,|B=1,15,1,50;;M=20,20,20,20,|T=0,0,0,0,|B=3,15,1,50;;M=20,20,20,20,|T=0,0,0,0,|B=1,15,1,50;3,15,1,50;;M=20,20,20,20,|T=0,0,0,0,|B=1,15,1,50;2,15,1,50;3,15,1,50;",2,[],G002,"G002",1,UNIQUE_CONFIDENT,single_candidate_with_margin,1,1,0,2.73178664232556,3.93551782730999,0,0,0.000243,0.000247,0.000868,0,1,1
5,asynchronous,B_ideal_ci,G002,"M=20,20,20,20,|T=0,0,0,0,|B=2,15,1,50;",1,1,1,2,1170200002,2170200002,1180005002,1,3,"G002","M=20,20,20,20,|T=0,0,0,0,|B=2,15,1,50;",1,[Inf;0.0173205080757;Inf;0;Inf;Inf;Inf;Inf;0.0173205080757;Inf;Inf;Inf;Inf;Inf;Inf;Inf;Inf],G002,"G002",1,LOW_CONFIDENCE,insufficient_unique_margin,1,0,0,3.04865323718792,2.11708899761485,0.001586,0.001586,0.000243,0.000247,0.00088,0,1,1
5,asynchronous,C_estimated_ci,G002,"M=20,20,20,20,|T=0,0,0,0,|B=2,15,1,50;",1,1,1,2,1170200002,2170200002,1180005002,3,3,"G002,G003,MIRROR_M3","M=20,20,20,20,|T=0,0,0,0,|B=2,15,1,50;;M=20,20,20,20,|T=0,0,0,0,|B=1,15,1,50;;M=20,20,20,20,|T=0,0,0,0,|B=3,15,1,50;",1,[Inf;0.0173499134475;Inf;4.44102391306e-05;Inf;Inf;Inf;Inf;0.0172911667595;Inf;Inf;Inf;Inf;Inf;Inf;Inf;Inf],G002,"G002,G003,MIRROR_M3",3,MULTIPLE_AMBIGUOUS,multiple_candidates,1,0,0,3.04865323718792,2.11708899761485,0.001924,0.001434,0.000243,0.000247,0.000548,0,1,1
5,asynchronous,D_count_matched,G002,"M=20,20,20,20,|T=0,0,0,0,|B=2,15,1,50;",1,1,1,2,1170200002,2170200002,1180005002,3,3,"G002,MIRROR_M3,G003","M=20,20,20,20,|T=0,0,0,0,|B=2,15,1,50;;M=20,20,20,20,|T=0,0,0,0,|B=3,15,1,50;;M=20,20,20,20,|T=0,0,0,0,|B=1,15,1,50;",1,[],G002,"G002,MIRROR_M3,G003",3,MULTIPLE_AMBIGUOUS,multiple_candidates,1,0,0,3.04865323718792,2.11708899761485,0.000524,0.000524,0.000243,0.000247,0.000341,0,1,1
5,high_noise,A_D_samecal_3,G002,"M=20,20,20,20,|T=0,0,0,0,|B=2,15,1,50;",1,1,1,2,1170200002,2170200002,1180005003,3,3,"G001,G002,G003","M=20,20,20,20,|T=0,0,0,0,|B=none;M=20,20,20,20,|T=0,0,0,0,|B=2,15,1,50;;M=20,20,20,20,|T=0,0,0,0,|B=1,15,1,50;",2,[],G002,"G002",1,UNIQUE_CONFIDENT,single_candidate_with_margin,1,1,0,2.44127871814192,3.52786159541515,0,0,0.000378,0.000108,0.000568,0,1,1
5,high_noise,A_D_samecal_6,G002,"M=20,20,20,20,|T=0,0,0,0,|B=2,15,1,50;",1,1,1,2,1170200002,2170200002,1180005003,6,6,"G001,G002,G003,MIRROR_M3,ADD_M1_M3,EXT_111","M=20,20,20,20,|T=0,0,0,0,|B=none;M=20,20,20,20,|T=0,0,0,0,|B=2,15,1,50;;M=20,20,20,20,|T=0,0,0,0,|B=1,15,1,50;;M=20,20,20,20,|T=0,0,0,0,|B=3,15,1,50;;M=20,20,20,20,|T=0,0,0,0,|B=1,15,1,50;3,15,1,50;;M=20,20,20,20,|T=0,0,0,0,|B=1,15,1,50;2,15,1,50;3,15,1,50;",2,[],G002,"G002",1,UNIQUE_CONFIDENT,single_candidate_with_margin,1,1,0,2.73178664232556,3.93551782730999,0,0,0.000378,0.000108,0.000704,0,1,1
5,high_noise,J_frozen_6,G002,"M=20,20,20,20,|T=0,0,0,0,|B=2,15,1,50;",1,1,1,2,1170200002,2170200002,1180005003,6,6,"G001,G002,G003,MIRROR_M3,ADD_M1_M3,EXT_111","M=20,20,20,20,|T=0,0,0,0,|B=none;M=20,20,20,20,|T=0,0,0,0,|B=2,15,1,50;;M=20,20,20,20,|T=0,0,0,0,|B=1,15,1,50;;M=20,20,20,20,|T=0,0,0,0,|B=3,15,1,50;;M=20,20,20,20,|T=0,0,0,0,|B=1,15,1,50;3,15,1,50;;M=20,20,20,20,|T=0,0,0,0,|B=1,15,1,50;2,15,1,50;3,15,1,50;",2,[],G002,"G002",1,UNIQUE_CONFIDENT,single_candidate_with_margin,1,1,0,2.73178664232556,3.93551782730999,0,0,0.000378,0.000108,0.000785,0,1,1
5,high_noise,B_ideal_ci,G002,"M=20,20,20,20,|T=0,0,0,0,|B=2,15,1,50;",1,1,1,2,1170200002,2170200002,1180005003,1,3,"G002","M=20,20,20,20,|T=0,0,0,0,|B=2,15,1,50;",1,[Inf;0.0173205080757;Inf;0;Inf;Inf;Inf;Inf;0.0173205080757;Inf;Inf;Inf;Inf;Inf;Inf;Inf;Inf],G002,"G002",1,LOW_CONFIDENCE,insufficient_unique_margin,1,0,0,3.04865323718792,2.11708899761485,0.001586,0.001586,0.000378,0.000108,0.000407,0,1,1
5,high_noise,C_estimated_ci,G002,"M=20,20,20,20,|T=0,0,0,0,|B=2,15,1,50;",1,1,1,2,1170200002,2170200002,1180005003,3,3,"G002,MIRROR_M3,G003","M=20,20,20,20,|T=0,0,0,0,|B=2,15,1,50;;M=20,20,20,20,|T=0,0,0,0,|B=3,15,1,50;;M=20,20,20,20,|T=0,0,0,0,|B=1,15,1,50;",1,[Inf;0.0171558705746;Inf;0.000631718118254;Inf;Inf;Inf;Inf;0.0175064056959;Inf;Inf;Inf;Inf;Inf;Inf;Inf;Inf],G002,"G002,MIRROR_M3,G003",3,MULTIPLE_AMBIGUOUS,multiple_candidates,1,0,0,3.04865323718792,2.11708899761485,0.001822,0.001336,0.000378,0.000108,0.000401,0,1,1
5,high_noise,D_count_matched,G002,"M=20,20,20,20,|T=0,0,0,0,|B=2,15,1,50;",1,1,1,2,1170200002,2170200002,1180005003,3,3,"G003,MIRROR_M3,G002","M=20,20,20,20,|T=0,0,0,0,|B=1,15,1,50;;M=20,20,20,20,|T=0,0,0,0,|B=3,15,1,50;;M=20,20,20,20,|T=0,0,0,0,|B=2,15,1,50;",1,[],G002,"G003,MIRROR_M3,G002",3,MULTIPLE_AMBIGUOUS,multiple_candidates,1,0,0,3.04865323718792,2.11708899761485,0.00048,0.00048,0.000378,0.000108,0.000633,0,1,1
6,synchronous,A_D_samecal_3,G002,"M=20,20,20,20,|T=0,0,0,0,|B=2,15,1,50;",1,1,1,2,1170200003,2170200003,1180006001,3,3,"G001,G002,G003","M=20,20,20,20,|T=0,0,0,0,|B=none;M=20,20,20,20,|T=0,0,0,0,|B=2,15,1,50;;M=20,20,20,20,|T=0,0,0,0,|B=1,15,1,50;",2,[],G002,"G002",1,UNIQUE_CONFIDENT,single_candidate_with_margin,1,1,0,2.84315530701561,3.41380584412718,0,0,0.000144,0.000117,0.000856,0,1,1
6,synchronous,A_D_samecal_6,G002,"M=20,20,20,20,|T=0,0,0,0,|B=2,15,1,50;",1,1,1,2,1170200003,2170200003,1180006001,6,6,"G001,G002,G003,MIRROR_M3,ADD_M1_M3,EXT_111","M=20,20,20,20,|T=0,0,0,0,|B=none;M=20,20,20,20,|T=0,0,0,0,|B=2,15,1,50;;M=20,20,20,20,|T=0,0,0,0,|B=1,15,1,50;;M=20,20,20,20,|T=0,0,0,0,|B=3,15,1,50;;M=20,20,20,20,|T=0,0,0,0,|B=1,15,1,50;3,15,1,50;;M=20,20,20,20,|T=0,0,0,0,|B=1,15,1,50;2,15,1,50;3,15,1,50;",2,[],G002,"G002",1,UNIQUE_CONFIDENT,single_candidate_with_margin,1,1,0,3.18116062854344,3.69823070251534,0,0,0.000144,0.000117,0.00087,0,1,1
6,synchronous,J_frozen_6,G002,"M=20,20,20,20,|T=0,0,0,0,|B=2,15,1,50;",1,1,1,2,1170200003,2170200003,1180006001,6,6,"G001,G002,G003,MIRROR_M3,ADD_M1_M3,EXT_111","M=20,20,20,20,|T=0,0,0,0,|B=none;M=20,20,20,20,|T=0,0,0,0,|B=2,15,1,50;;M=20,20,20,20,|T=0,0,0,0,|B=1,15,1,50;;M=20,20,20,20,|T=0,0,0,0,|B=3,15,1,50;;M=20,20,20,20,|T=0,0,0,0,|B=1,15,1,50;3,15,1,50;;M=20,20,20,20,|T=0,0,0,0,|B=1,15,1,50;2,15,1,50;3,15,1,50;",2,[],G002,"G002",1,UNIQUE_CONFIDENT,single_candidate_with_margin,1,1,0,3.18116062854344,3.69823070251534,0,0,0.000144,0.000117,0.001277,0,1,1
6,synchronous,B_ideal_ci,G002,"M=20,20,20,20,|T=0,0,0,0,|B=2,15,1,50;",1,1,1,2,1170200003,2170200003,1180006001,1,3,"G002","M=20,20,20,20,|T=0,0,0,0,|B=2,15,1,50;",1,[Inf;0.0173205080757;Inf;0;Inf;Inf;Inf;Inf;0.0173205080757;Inf;Inf;Inf;Inf;Inf;Inf;Inf;Inf],G002,"G002",1,LOW_CONFIDENCE,insufficient_unique_margin,1,0,0,3.54675451668006,1.91958344920939,0.002966,0.002966,0.000144,0.000117,0.000581,0,1,1
6,synchronous,C_estimated_ci,G002,"M=20,20,20,20,|T=0,0,0,0,|B=2,15,1,50;",1,1,1,2,1170200003,2170200003,1180006001,3,3,"G002,G003,MIRROR_M3","M=20,20,20,20,|T=0,0,0,0,|B=2,15,1,50;;M=20,20,20,20,|T=0,0,0,0,|B=1,15,1,50;;M=20,20,20,20,|T=0,0,0,0,|B=3,15,1,50;",1,[Inf;0.0174617141445;Inf;0.000146886442141;Inf;Inf;Inf;Inf;0.017179397265;Inf;Inf;Inf;Inf;Inf;Inf;Inf;Inf],G002,"G002,G003,MIRROR_M3",3,MULTIPLE_AMBIGUOUS,multiple_candidates,1,0,0,3.54675451668006,1.91958344920939,0.001635,0.001374,0.000144,0.000117,0.000403,0,1,1
6,synchronous,D_count_matched,G002,"M=20,20,20,20,|T=0,0,0,0,|B=2,15,1,50;",1,1,1,2,1170200003,2170200003,1180006001,3,3,"G002,G003,MIRROR_M3","M=20,20,20,20,|T=0,0,0,0,|B=2,15,1,50;;M=20,20,20,20,|T=0,0,0,0,|B=1,15,1,50;;M=20,20,20,20,|T=0,0,0,0,|B=3,15,1,50;",1,[],G002,"G002,G003,MIRROR_M3",3,MULTIPLE_AMBIGUOUS,multiple_candidates,1,0,0,3.54675451668006,1.91958344920939,0.000534,0.000534,0.000144,0.000117,0.00035,0,1,1
6,asynchronous,A_D_samecal_3,G002,"M=20,20,20,20,|T=0,0,0,0,|B=2,15,1,50;",1,1,1,2,1170200003,2170200003,1180006002,3,3,"G001,G002,G003","M=20,20,20,20,|T=0,0,0,0,|B=none;M=20,20,20,20,|T=0,0,0,0,|B=2,15,1,50;;M=20,20,20,20,|T=0,0,0,0,|B=1,15,1,50;",2,[],G002,"G002",1,UNIQUE_CONFIDENT,single_candidate_with_margin,1,1,0,2.84315530701561,3.41380584412718,0,0,0.000168,0.000117,0.000718,0,1,1
6,asynchronous,A_D_samecal_6,G002,"M=20,20,20,20,|T=0,0,0,0,|B=2,15,1,50;",1,1,1,2,1170200003,2170200003,1180006002,6,6,"G001,G002,G003,MIRROR_M3,ADD_M1_M3,EXT_111","M=20,20,20,20,|T=0,0,0,0,|B=none;M=20,20,20,20,|T=0,0,0,0,|B=2,15,1,50;;M=20,20,20,20,|T=0,0,0,0,|B=1,15,1,50;;M=20,20,20,20,|T=0,0,0,0,|B=3,15,1,50;;M=20,20,20,20,|T=0,0,0,0,|B=1,15,1,50;3,15,1,50;;M=20,20,20,20,|T=0,0,0,0,|B=1,15,1,50;2,15,1,50;3,15,1,50;",2,[],G002,"G002",1,UNIQUE_CONFIDENT,single_candidate_with_margin,1,1,0,3.18116062854344,3.69823070251534,0,0,0.000168,0.000117,0.000837,0,1,1
6,asynchronous,J_frozen_6,G002,"M=20,20,20,20,|T=0,0,0,0,|B=2,15,1,50;",1,1,1,2,1170200003,2170200003,1180006002,6,6,"G001,G002,G003,MIRROR_M3,ADD_M1_M3,EXT_111","M=20,20,20,20,|T=0,0,0,0,|B=none;M=20,20,20,20,|T=0,0,0,0,|B=2,15,1,50;;M=20,20,20,20,|T=0,0,0,0,|B=1,15,1,50;;M=20,20,20,20,|T=0,0,0,0,|B=3,15,1,50;;M=20,20,20,20,|T=0,0,0,0,|B=1,15,1,50;3,15,1,50;;M=20,20,20,20,|T=0,0,0,0,|B=1,15,1,50;2,15,1,50;3,15,1,50;",2,[],G002,"G002",1,UNIQUE_CONFIDENT,single_candidate_with_margin,1,1,0,3.18116062854344,3.69823070251534,0,0,0.000168,0.000117,0.000882,0,1,1
6,asynchronous,B_ideal_ci,G002,"M=20,20,20,20,|T=0,0,0,0,|B=2,15,1,50;",1,1,1,2,1170200003,2170200003,1180006002,1,3,"G002","M=20,20,20,20,|T=0,0,0,0,|B=2,15,1,50;",1,[Inf;0.0173205080757;Inf;0;Inf;Inf;Inf;Inf;0.0173205080757;Inf;Inf;Inf;Inf;Inf;Inf;Inf;Inf],G002,"G002",1,LOW_CONFIDENCE,insufficient_unique_margin,1,0,0,3.54675451668006,1.91958344920939,0.002966,0.002966,0.000168,0.000117,0.000425,0,1,1
6,asynchronous,C_estimated_ci,G002,"M=20,20,20,20,|T=0,0,0,0,|B=2,15,1,50;",1,1,1,2,1170200003,2170200003,1180006002,3,3,"G002,MIRROR_M3,G003","M=20,20,20,20,|T=0,0,0,0,|B=2,15,1,50;;M=20,20,20,20,|T=0,0,0,0,|B=3,15,1,50;;M=20,20,20,20,|T=0,0,0,0,|B=1,15,1,50;",1,[Inf;0.0170636625941;Inf;0.000272476887609;Inf;Inf;Inf;Inf;0.0175778242733;Inf;Inf;Inf;Inf;Inf;Inf;Inf;Inf],G002,"G002,MIRROR_M3,G003",3,MULTIPLE_AMBIGUOUS,multiple_candidates,1,0,0,3.54675451668006,1.91958344920939,0.001802,0.001517,0.000168,0.000117,0.000623,0,1,1
6,asynchronous,D_count_matched,G002,"M=20,20,20,20,|T=0,0,0,0,|B=2,15,1,50;",1,1,1,2,1170200003,2170200003,1180006002,3,3,"G003,G002,MIRROR_M3","M=20,20,20,20,|T=0,0,0,0,|B=1,15,1,50;;M=20,20,20,20,|T=0,0,0,0,|B=2,15,1,50;;M=20,20,20,20,|T=0,0,0,0,|B=3,15,1,50;",1,[],G002,"G003,G002,MIRROR_M3",3,MULTIPLE_AMBIGUOUS,multiple_candidates,1,0,0,3.54675451668006,1.91958344920939,0.000567,0.000567,0.000168,0.000117,0.00053,0,1,1
6,high_noise,A_D_samecal_3,G002,"M=20,20,20,20,|T=0,0,0,0,|B=2,15,1,50;",1,1,1,2,1170200003,2170200003,1180006003,3,3,"G001,G002,G003","M=20,20,20,20,|T=0,0,0,0,|B=none;M=20,20,20,20,|T=0,0,0,0,|B=2,15,1,50;;M=20,20,20,20,|T=0,0,0,0,|B=1,15,1,50;",2,[],G002,"G002",1,UNIQUE_CONFIDENT,single_candidate_with_margin,1,1,0,2.84315530701561,3.41380584412718,0,0,0.000246,0.00015,0.000737,0,1,1
6,high_noise,A_D_samecal_6,G002,"M=20,20,20,20,|T=0,0,0,0,|B=2,15,1,50;",1,1,1,2,1170200003,2170200003,1180006003,6,6,"G001,G002,G003,MIRROR_M3,ADD_M1_M3,EXT_111","M=20,20,20,20,|T=0,0,0,0,|B=none;M=20,20,20,20,|T=0,0,0,0,|B=2,15,1,50;;M=20,20,20,20,|T=0,0,0,0,|B=1,15,1,50;;M=20,20,20,20,|T=0,0,0,0,|B=3,15,1,50;;M=20,20,20,20,|T=0,0,0,0,|B=1,15,1,50;3,15,1,50;;M=20,20,20,20,|T=0,0,0,0,|B=1,15,1,50;2,15,1,50;3,15,1,50;",2,[],G002,"G002",1,UNIQUE_CONFIDENT,single_candidate_with_margin,1,1,0,3.18116062854344,3.69823070251534,0,0,0.000246,0.00015,0.000977,0,1,1
6,high_noise,J_frozen_6,G002,"M=20,20,20,20,|T=0,0,0,0,|B=2,15,1,50;",1,1,1,2,1170200003,2170200003,1180006003,6,6,"G001,G002,G003,MIRROR_M3,ADD_M1_M3,EXT_111","M=20,20,20,20,|T=0,0,0,0,|B=none;M=20,20,20,20,|T=0,0,0,0,|B=2,15,1,50;;M=20,20,20,20,|T=0,0,0,0,|B=1,15,1,50;;M=20,20,20,20,|T=0,0,0,0,|B=3,15,1,50;;M=20,20,20,20,|T=0,0,0,0,|B=1,15,1,50;3,15,1,50;;M=20,20,20,20,|T=0,0,0,0,|B=1,15,1,50;2,15,1,50;3,15,1,50;",2,[],G002,"G002",1,UNIQUE_CONFIDENT,single_candidate_with_margin,1,1,0,3.18116062854344,3.69823070251534,0,0,0.000246,0.00015,0.000932,0,1,1
6,high_noise,B_ideal_ci,G002,"M=20,20,20,20,|T=0,0,0,0,|B=2,15,1,50;",1,1,1,2,1170200003,2170200003,1180006003,1,3,"G002","M=20,20,20,20,|T=0,0,0,0,|B=2,15,1,50;",1,[Inf;0.0173205080757;Inf;0;Inf;Inf;Inf;Inf;0.0173205080757;Inf;Inf;Inf;Inf;Inf;Inf;Inf;Inf],G002,"G002",1,LOW_CONFIDENCE,insufficient_unique_margin,1,0,0,3.54675451668006,1.91958344920939,0.002966,0.002966,0.000246,0.00015,0.000491,0,1,1
6,high_noise,C_estimated_ci,G002,"M=20,20,20,20,|T=0,0,0,0,|B=2,15,1,50;",1,1,1,2,1170200003,2170200003,1180006003,3,3,"G002,MIRROR_M3,G003","M=20,20,20,20,|T=0,0,0,0,|B=2,15,1,50;;M=20,20,20,20,|T=0,0,0,0,|B=3,15,1,50;;M=20,20,20,20,|T=0,0,0,0,|B=1,15,1,50;",1,[Inf;0.0171816674366;Inf;0.000482269297477;Inf;Inf;Inf;Inf;0.0174715617919;Inf;Inf;Inf;Inf;Inf;Inf;Inf;Inf],G002,"G002,MIRROR_M3,G003",3,MULTIPLE_AMBIGUOUS,multiple_candidates,1,0,0,3.54675451668006,1.91958344920939,0.002,0.001604,0.000246,0.00015,0.00047,0,1,1
6,high_noise,D_count_matched,G002,"M=20,20,20,20,|T=0,0,0,0,|B=2,15,1,50;",1,1,1,2,1170200003,2170200003,1180006003,3,3,"MIRROR_M3,G003,G002","M=20,20,20,20,|T=0,0,0,0,|B=3,15,1,50;;M=20,20,20,20,|T=0,0,0,0,|B=1,15,1,50;;M=20,20,20,20,|T=0,0,0,0,|B=2,15,1,50;",1,[],G002,"MIRROR_M3,G003,G002",3,MULTIPLE_AMBIGUOUS,multiple_candidates,1,0,0,3.54675451668006,1.91958344920939,0.000549,0.000549,0.000246,0.00015,0.000375,0,1,1
7,synchronous,A_D_samecal_3,G003,"M=20,20,20,20,|T=0,0,0,0,|B=1,15,1,50;",1,1,1,2,1170300001,2170300001,1180007001,3,3,"G001,G002,G003","M=20,20,20,20,|T=0,0,0,0,|B=none;M=20,20,20,20,|T=0,0,0,0,|B=2,15,1,50;;M=20,20,20,20,|T=0,0,0,0,|B=1,15,1,50;",3,[],G003,"G003",1,UNIQUE_CONFIDENT,single_candidate_with_margin,1,1,0,1.4148290793556,4.45878660490325,0,0,0.000142,0.000123,0.001097,0,1,1
7,synchronous,A_D_samecal_6,G003,"M=20,20,20,20,|T=0,0,0,0,|B=1,15,1,50;",1,1,1,2,1170300001,2170300001,1180007001,6,6,"G001,G002,G003,MIRROR_M3,ADD_M1_M3,EXT_111","M=20,20,20,20,|T=0,0,0,0,|B=none;M=20,20,20,20,|T=0,0,0,0,|B=2,15,1,50;;M=20,20,20,20,|T=0,0,0,0,|B=1,15,1,50;;M=20,20,20,20,|T=0,0,0,0,|B=3,15,1,50;;M=20,20,20,20,|T=0,0,0,0,|B=1,15,1,50;3,15,1,50;;M=20,20,20,20,|T=0,0,0,0,|B=1,15,1,50;2,15,1,50;3,15,1,50;",3,[],G003,"G003",1,LOW_CONFIDENCE,insufficient_unique_margin,1,0,0,1.73219664492387,2.39889097694245,0,0,0.000142,0.000123,0.002821,0,1,1
7,synchronous,J_frozen_6,G003,"M=20,20,20,20,|T=0,0,0,0,|B=1,15,1,50;",1,1,1,2,1170300001,2170300001,1180007001,6,6,"G001,G002,G003,MIRROR_M3,ADD_M1_M3,EXT_111","M=20,20,20,20,|T=0,0,0,0,|B=none;M=20,20,20,20,|T=0,0,0,0,|B=2,15,1,50;;M=20,20,20,20,|T=0,0,0,0,|B=1,15,1,50;;M=20,20,20,20,|T=0,0,0,0,|B=3,15,1,50;;M=20,20,20,20,|T=0,0,0,0,|B=1,15,1,50;3,15,1,50;;M=20,20,20,20,|T=0,0,0,0,|B=1,15,1,50;2,15,1,50;3,15,1,50;",3,[],G003,"G003",1,LOW_CONFIDENCE,insufficient_unique_margin,1,0,0,1.73219664492387,2.39889097694245,0,0,0.000142,0.000123,0.003659,0,1,1
7,synchronous,B_ideal_ci,G003,"M=20,20,20,20,|T=0,0,0,0,|B=1,15,1,50;",1,1,1,2,1170300001,2170300001,1180007001,1,3,"G003","M=20,20,20,20,|T=0,0,0,0,|B=1,15,1,50;",1,[Inf;0.0346410161514;Inf;0.0173205080757;Inf;Inf;Inf;Inf;0;Inf;Inf;Inf;Inf;Inf;Inf;Inf;Inf],G003,"G003",1,LOW_CONFIDENCE,insufficient_unique_margin,1,0,0,2.12690799348081,0,0.003292,0.003292,0.000142,0.000123,0.000904,0,1,1
7,synchronous,C_estimated_ci,G003,"M=20,20,20,20,|T=0,0,0,0,|B=1,15,1,50;",1,1,1,2,1170300001,2170300001,1180007001,3,3,"G003,G002,MIRROR_M3","M=20,20,20,20,|T=0,0,0,0,|B=1,15,1,50;;M=20,20,20,20,|T=0,0,0,0,|B=2,15,1,50;;M=20,20,20,20,|T=0,0,0,0,|B=3,15,1,50;",1,[Inf;0.0346655489653;Inf;0.0173450677044;Inf;Inf;Inf;Inf;4.96213101936e-05;Inf;Inf;Inf;Inf;Inf;Inf;Inf;Inf],G003,"G003,G002,MIRROR_M3",3,MULTIPLE_AMBIGUOUS,multiple_candidates,1,0,0,2.12690799348081,0,0.001699,0.001434,0.000142,0.000123,0.000871,0,1,1
7,synchronous,D_count_matched,G003,"M=20,20,20,20,|T=0,0,0,0,|B=1,15,1,50;",1,1,1,2,1170300001,2170300001,1180007001,3,3,"MIRROR_M3,G003,G002","M=20,20,20,20,|T=0,0,0,0,|B=3,15,1,50;;M=20,20,20,20,|T=0,0,0,0,|B=1,15,1,50;;M=20,20,20,20,|T=0,0,0,0,|B=2,15,1,50;",1,[],MIRROR_M3,"MIRROR_M3,G003,G002",3,MULTIPLE_AMBIGUOUS,multiple_candidates,1,0,0,2.12690799348081,0,0.000726,0.000726,0.000142,0.000123,0.000813,0,1,1
7,asynchronous,A_D_samecal_3,G003,"M=20,20,20,20,|T=0,0,0,0,|B=1,15,1,50;",1,1,1,2,1170300001,2170300001,1180007002,3,3,"G001,G002,G003","M=20,20,20,20,|T=0,0,0,0,|B=none;M=20,20,20,20,|T=0,0,0,0,|B=2,15,1,50;;M=20,20,20,20,|T=0,0,0,0,|B=1,15,1,50;",3,[],G003,"G003",1,UNIQUE_CONFIDENT,single_candidate_with_margin,1,1,0,1.4148290793556,4.45878660490325,0,0,0.000278,0.00017,0.000603,0,1,1
7,asynchronous,A_D_samecal_6,G003,"M=20,20,20,20,|T=0,0,0,0,|B=1,15,1,50;",1,1,1,2,1170300001,2170300001,1180007002,6,6,"G001,G002,G003,MIRROR_M3,ADD_M1_M3,EXT_111","M=20,20,20,20,|T=0,0,0,0,|B=none;M=20,20,20,20,|T=0,0,0,0,|B=2,15,1,50;;M=20,20,20,20,|T=0,0,0,0,|B=1,15,1,50;;M=20,20,20,20,|T=0,0,0,0,|B=3,15,1,50;;M=20,20,20,20,|T=0,0,0,0,|B=1,15,1,50;3,15,1,50;;M=20,20,20,20,|T=0,0,0,0,|B=1,15,1,50;2,15,1,50;3,15,1,50;",3,[],G003,"G003",1,LOW_CONFIDENCE,insufficient_unique_margin,1,0,0,1.73219664492387,2.39889097694245,0,0,0.000278,0.00017,0.000716,0,1,1
7,asynchronous,J_frozen_6,G003,"M=20,20,20,20,|T=0,0,0,0,|B=1,15,1,50;",1,1,1,2,1170300001,2170300001,1180007002,6,6,"G001,G002,G003,MIRROR_M3,ADD_M1_M3,EXT_111","M=20,20,20,20,|T=0,0,0,0,|B=none;M=20,20,20,20,|T=0,0,0,0,|B=2,15,1,50;;M=20,20,20,20,|T=0,0,0,0,|B=1,15,1,50;;M=20,20,20,20,|T=0,0,0,0,|B=3,15,1,50;;M=20,20,20,20,|T=0,0,0,0,|B=1,15,1,50;3,15,1,50;;M=20,20,20,20,|T=0,0,0,0,|B=1,15,1,50;2,15,1,50;3,15,1,50;",3,[],G003,"G003",1,LOW_CONFIDENCE,insufficient_unique_margin,1,0,0,1.73219664492387,2.39889097694245,0,0,0.000278,0.00017,0.000958,0,1,1
7,asynchronous,B_ideal_ci,G003,"M=20,20,20,20,|T=0,0,0,0,|B=1,15,1,50;",1,1,1,2,1170300001,2170300001,1180007002,1,3,"G003","M=20,20,20,20,|T=0,0,0,0,|B=1,15,1,50;",1,[Inf;0.0346410161514;Inf;0.0173205080757;Inf;Inf;Inf;Inf;0;Inf;Inf;Inf;Inf;Inf;Inf;Inf;Inf],G003,"G003",1,LOW_CONFIDENCE,insufficient_unique_margin,1,0,0,2.12690799348081,0,0.003292,0.003292,0.000278,0.00017,0.000349,0,1,1
7,asynchronous,C_estimated_ci,G003,"M=20,20,20,20,|T=0,0,0,0,|B=1,15,1,50;",1,1,1,2,1170300001,2170300001,1180007002,3,3,"G003,G002,MIRROR_M3","M=20,20,20,20,|T=0,0,0,0,|B=1,15,1,50;;M=20,20,20,20,|T=0,0,0,0,|B=2,15,1,50;;M=20,20,20,20,|T=0,0,0,0,|B=3,15,1,50;",1,[Inf;0.0346248452936;Inf;0.017304542757;Inf;Inf;Inf;Inf;0.000120367979335;Inf;Inf;Inf;Inf;Inf;Inf;Inf;Inf],G003,"G003,G002,MIRROR_M3",3,MULTIPLE_AMBIGUOUS,multiple_candidates,1,0,0,2.12690799348081,0,0.00326,0.002812,0.000278,0.00017,0.000329,0,1,1
7,asynchronous,D_count_matched,G003,"M=20,20,20,20,|T=0,0,0,0,|B=1,15,1,50;",1,1,1,2,1170300001,2170300001,1180007002,3,3,"G002,G003,MIRROR_M3","M=20,20,20,20,|T=0,0,0,0,|B=2,15,1,50;;M=20,20,20,20,|T=0,0,0,0,|B=1,15,1,50;;M=20,20,20,20,|T=0,0,0,0,|B=3,15,1,50;",1,[],G003,"G002,G003,MIRROR_M3",3,MULTIPLE_AMBIGUOUS,multiple_candidates,1,0,0,2.12690799348081,0,0.000547,0.000547,0.000278,0.00017,0.000304,0,1,1
7,high_noise,A_D_samecal_3,G003,"M=20,20,20,20,|T=0,0,0,0,|B=1,15,1,50;",1,1,1,2,1170300001,2170300001,1180007003,3,3,"G001,G002,G003","M=20,20,20,20,|T=0,0,0,0,|B=none;M=20,20,20,20,|T=0,0,0,0,|B=2,15,1,50;;M=20,20,20,20,|T=0,0,0,0,|B=1,15,1,50;",3,[],G003,"G003",1,UNIQUE_CONFIDENT,single_candidate_with_margin,1,1,0,1.4148290793556,4.45878660490325,0,0,8.6e-05,8.2e-05,0.000678,0,1,1
7,high_noise,A_D_samecal_6,G003,"M=20,20,20,20,|T=0,0,0,0,|B=1,15,1,50;",1,1,1,2,1170300001,2170300001,1180007003,6,6,"G001,G002,G003,MIRROR_M3,ADD_M1_M3,EXT_111","M=20,20,20,20,|T=0,0,0,0,|B=none;M=20,20,20,20,|T=0,0,0,0,|B=2,15,1,50;;M=20,20,20,20,|T=0,0,0,0,|B=1,15,1,50;;M=20,20,20,20,|T=0,0,0,0,|B=3,15,1,50;;M=20,20,20,20,|T=0,0,0,0,|B=1,15,1,50;3,15,1,50;;M=20,20,20,20,|T=0,0,0,0,|B=1,15,1,50;2,15,1,50;3,15,1,50;",3,[],G003,"G003",1,LOW_CONFIDENCE,insufficient_unique_margin,1,0,0,1.73219664492387,2.39889097694245,0,0,8.6e-05,8.2e-05,0.000743,0,1,1
7,high_noise,J_frozen_6,G003,"M=20,20,20,20,|T=0,0,0,0,|B=1,15,1,50;",1,1,1,2,1170300001,2170300001,1180007003,6,6,"G001,G002,G003,MIRROR_M3,ADD_M1_M3,EXT_111","M=20,20,20,20,|T=0,0,0,0,|B=none;M=20,20,20,20,|T=0,0,0,0,|B=2,15,1,50;;M=20,20,20,20,|T=0,0,0,0,|B=1,15,1,50;;M=20,20,20,20,|T=0,0,0,0,|B=3,15,1,50;;M=20,20,20,20,|T=0,0,0,0,|B=1,15,1,50;3,15,1,50;;M=20,20,20,20,|T=0,0,0,0,|B=1,15,1,50;2,15,1,50;3,15,1,50;",3,[],G003,"G003",1,LOW_CONFIDENCE,insufficient_unique_margin,1,0,0,1.73219664492387,2.39889097694245,0,0,8.6e-05,8.2e-05,0.000768,0,1,1
7,high_noise,B_ideal_ci,G003,"M=20,20,20,20,|T=0,0,0,0,|B=1,15,1,50;",1,1,1,2,1170300001,2170300001,1180007003,1,3,"G003","M=20,20,20,20,|T=0,0,0,0,|B=1,15,1,50;",1,[Inf;0.0346410161514;Inf;0.0173205080757;Inf;Inf;Inf;Inf;0;Inf;Inf;Inf;Inf;Inf;Inf;Inf;Inf],G003,"G003",1,LOW_CONFIDENCE,insufficient_unique_margin,1,0,0,2.12690799348081,0,0.003292,0.003292,8.6e-05,8.2e-05,0.000393,0,1,1
7,high_noise,C_estimated_ci,G003,"M=20,20,20,20,|T=0,0,0,0,|B=1,15,1,50;",1,1,1,2,1170300001,2170300001,1180007003,3,3,"G003,G002,MIRROR_M3","M=20,20,20,20,|T=0,0,0,0,|B=1,15,1,50;;M=20,20,20,20,|T=0,0,0,0,|B=2,15,1,50;;M=20,20,20,20,|T=0,0,0,0,|B=3,15,1,50;",1,[Inf;0.0347155362764;Inf;0.0173960959165;Inf;Inf;Inf;Inf;0.000282572676581;Inf;Inf;Inf;Inf;Inf;Inf;Inf;Inf],G003,"G003,G002,MIRROR_M3",3,MULTIPLE_AMBIGUOUS,multiple_candidates,1,0,0,2.12690799348081,0,0.001423,0.001255,8.6e-05,8.2e-05,0.000378,0,1,1
7,high_noise,D_count_matched,G003,"M=20,20,20,20,|T=0,0,0,0,|B=1,15,1,50;",1,1,1,2,1170300001,2170300001,1180007003,3,3,"MIRROR_M3,G002,G003","M=20,20,20,20,|T=0,0,0,0,|B=3,15,1,50;;M=20,20,20,20,|T=0,0,0,0,|B=2,15,1,50;;M=20,20,20,20,|T=0,0,0,0,|B=1,15,1,50;",1,[],MIRROR_M3,"MIRROR_M3,G002,G003",3,MULTIPLE_AMBIGUOUS,multiple_candidates,1,0,0,2.12690799348081,0,0.000852,0.000852,8.6e-05,8.2e-05,0.000315,0,1,1
8,synchronous,A_D_samecal_3,G003,"M=20,20,20,20,|T=0,0,0,0,|B=1,15,1,50;",1,1,1,2,1170300002,2170300002,1180008001,3,3,"G001,G002,G003","M=20,20,20,20,|T=0,0,0,0,|B=none;M=20,20,20,20,|T=0,0,0,0,|B=2,15,1,50;;M=20,20,20,20,|T=0,0,0,0,|B=1,15,1,50;",3,[],G003,"G003",1,UNIQUE_CONFIDENT,single_candidate_with_margin,1,1,0,1.53079016630351,4.38077559209724,0,0,0.000105,9.2e-05,0.000709,0,1,1
8,synchronous,A_D_samecal_6,G003,"M=20,20,20,20,|T=0,0,0,0,|B=1,15,1,50;",1,1,1,2,1170300002,2170300002,1180008001,6,6,"G001,G002,G003,MIRROR_M3,ADD_M1_M3,EXT_111","M=20,20,20,20,|T=0,0,0,0,|B=none;M=20,20,20,20,|T=0,0,0,0,|B=2,15,1,50;;M=20,20,20,20,|T=0,0,0,0,|B=1,15,1,50;;M=20,20,20,20,|T=0,0,0,0,|B=3,15,1,50;;M=20,20,20,20,|T=0,0,0,0,|B=1,15,1,50;3,15,1,50;;M=20,20,20,20,|T=0,0,0,0,|B=1,15,1,50;2,15,1,50;3,15,1,50;",3,[],G003,"G003",1,LOW_CONFIDENCE,insufficient_unique_margin,1,0,0,1.97878771798494,2.30457850267042,0,0,0.000105,9.2e-05,0.00118,0,1,1
8,synchronous,J_frozen_6,G003,"M=20,20,20,20,|T=0,0,0,0,|B=1,15,1,50;",1,1,1,2,1170300002,2170300002,1180008001,6,6,"G001,G002,G003,MIRROR_M3,ADD_M1_M3,EXT_111","M=20,20,20,20,|T=0,0,0,0,|B=none;M=20,20,20,20,|T=0,0,0,0,|B=2,15,1,50;;M=20,20,20,20,|T=0,0,0,0,|B=1,15,1,50;;M=20,20,20,20,|T=0,0,0,0,|B=3,15,1,50;;M=20,20,20,20,|T=0,0,0,0,|B=1,15,1,50;3,15,1,50;;M=20,20,20,20,|T=0,0,0,0,|B=1,15,1,50;2,15,1,50;3,15,1,50;",3,[],G003,"G003",1,LOW_CONFIDENCE,insufficient_unique_margin,1,0,0,1.97878771798494,2.30457850267042,0,0,0.000105,9.2e-05,0.001701,0,1,1
8,synchronous,B_ideal_ci,G003,"M=20,20,20,20,|T=0,0,0,0,|B=1,15,1,50;",1,1,1,2,1170300002,2170300002,1180008001,1,3,"G003","M=20,20,20,20,|T=0,0,0,0,|B=1,15,1,50;",1,[Inf;0.0346410161514;Inf;0.0173205080757;Inf;Inf;Inf;Inf;0;Inf;Inf;Inf;Inf;Inf;Inf;Inf;Inf],G003,"G003",1,LOW_CONFIDENCE,insufficient_unique_margin,1,0,0,2.17192005388182,-4.44089209850063e-16,0.001263,0.001263,0.000105,9.2e-05,0.000879,0,1,1
8,synchronous,C_estimated_ci,G003,"M=20,20,20,20,|T=0,0,0,0,|B=1,15,1,50;",1,1,1,2,1170300002,2170300002,1180008001,3,3,"G003,G002,MIRROR_M3","M=20,20,20,20,|T=0,0,0,0,|B=1,15,1,50;;M=20,20,20,20,|T=0,0,0,0,|B=2,15,1,50;;M=20,20,20,20,|T=0,0,0,0,|B=3,15,1,50;",1,[Inf;0.034573493929;Inf;0.0172536079362;Inf;Inf;Inf;Inf;0.000217924707209;Inf;Inf;Inf;Inf;Inf;Inf;Inf;Inf],MIRROR_M3,"G003,G002,MIRROR_M3",3,MULTIPLE_AMBIGUOUS,multiple_candidates,1,0,0,2.17192005388182,4.44089209850063e-16,0.001298,0.001101,0.000105,9.2e-05,0.000807,0,1,1
8,synchronous,D_count_matched,G003,"M=20,20,20,20,|T=0,0,0,0,|B=1,15,1,50;",1,1,1,2,1170300002,2170300002,1180008001,3,3,"G002,G003,MIRROR_M3","M=20,20,20,20,|T=0,0,0,0,|B=2,15,1,50;;M=20,20,20,20,|T=0,0,0,0,|B=1,15,1,50;;M=20,20,20,20,|T=0,0,0,0,|B=3,15,1,50;",1,[],MIRROR_M3,"G002,G003,MIRROR_M3",3,MULTIPLE_AMBIGUOUS,multiple_candidates,1,0,0,2.17192005388182,4.44089209850063e-16,0.000512,0.000512,0.000105,9.2e-05,0.000724,0,1,1
8,asynchronous,A_D_samecal_3,G003,"M=20,20,20,20,|T=0,0,0,0,|B=1,15,1,50;",1,1,1,2,1170300002,2170300002,1180008002,3,3,"G001,G002,G003","M=20,20,20,20,|T=0,0,0,0,|B=none;M=20,20,20,20,|T=0,0,0,0,|B=2,15,1,50;;M=20,20,20,20,|T=0,0,0,0,|B=1,15,1,50;",3,[],G003,"G003",1,UNIQUE_CONFIDENT,single_candidate_with_margin,1,1,0,1.53079016630351,4.38077559209724,0,0,0.000231,0.000149,0.001114,0,1,1
8,asynchronous,A_D_samecal_6,G003,"M=20,20,20,20,|T=0,0,0,0,|B=1,15,1,50;",1,1,1,2,1170300002,2170300002,1180008002,6,6,"G001,G002,G003,MIRROR_M3,ADD_M1_M3,EXT_111","M=20,20,20,20,|T=0,0,0,0,|B=none;M=20,20,20,20,|T=0,0,0,0,|B=2,15,1,50;;M=20,20,20,20,|T=0,0,0,0,|B=1,15,1,50;;M=20,20,20,20,|T=0,0,0,0,|B=3,15,1,50;;M=20,20,20,20,|T=0,0,0,0,|B=1,15,1,50;3,15,1,50;;M=20,20,20,20,|T=0,0,0,0,|B=1,15,1,50;2,15,1,50;3,15,1,50;",3,[],G003,"G003",1,LOW_CONFIDENCE,insufficient_unique_margin,1,0,0,1.97878771798494,2.30457850267042,0,0,0.000231,0.000149,0.001562,0,1,1
8,asynchronous,J_frozen_6,G003,"M=20,20,20,20,|T=0,0,0,0,|B=1,15,1,50;",1,1,1,2,1170300002,2170300002,1180008002,6,6,"G001,G002,G003,MIRROR_M3,ADD_M1_M3,EXT_111","M=20,20,20,20,|T=0,0,0,0,|B=none;M=20,20,20,20,|T=0,0,0,0,|B=2,15,1,50;;M=20,20,20,20,|T=0,0,0,0,|B=1,15,1,50;;M=20,20,20,20,|T=0,0,0,0,|B=3,15,1,50;;M=20,20,20,20,|T=0,0,0,0,|B=1,15,1,50;3,15,1,50;;M=20,20,20,20,|T=0,0,0,0,|B=1,15,1,50;2,15,1,50;3,15,1,50;",3,[],G003,"G003",1,LOW_CONFIDENCE,insufficient_unique_margin,1,0,0,1.97878771798494,2.30457850267042,0,0,0.000231,0.000149,0.001563,0,1,1
8,asynchronous,B_ideal_ci,G003,"M=20,20,20,20,|T=0,0,0,0,|B=1,15,1,50;",1,1,1,2,1170300002,2170300002,1180008002,1,3,"G003","M=20,20,20,20,|T=0,0,0,0,|B=1,15,1,50;",1,[Inf;0.0346410161514;Inf;0.0173205080757;Inf;Inf;Inf;Inf;0;Inf;Inf;Inf;Inf;Inf;Inf;Inf;Inf],G003,"G003",1,LOW_CONFIDENCE,insufficient_unique_margin,1,0,0,2.17192005388182,-4.44089209850063e-16,0.001263,0.001263,0.000231,0.000149,0.000757,0,1,1
8,asynchronous,C_estimated_ci,G003,"M=20,20,20,20,|T=0,0,0,0,|B=1,15,1,50;",1,1,1,2,1170300002,2170300002,1180008002,3,3,"G003,G002,MIRROR_M3","M=20,20,20,20,|T=0,0,0,0,|B=1,15,1,50;;M=20,20,20,20,|T=0,0,0,0,|B=2,15,1,50;;M=20,20,20,20,|T=0,0,0,0,|B=3,15,1,50;",1,[Inf;0.0345499755341;Inf;0.0172296919827;Inf;Inf;Inf;Inf;0.00015415003097;Inf;Inf;Inf;Inf;Inf;Inf;Inf;Inf],MIRROR_M3,"G003,G002,MIRROR_M3",3,MULTIPLE_AMBIGUOUS,multiple_candidates,1,0,0,2.17192005388182,4.44089209850063e-16,0.003778,0.003398,0.000231,0.000149,0.000786,0,1,1
8,asynchronous,D_count_matched,G003,"M=20,20,20,20,|T=0,0,0,0,|B=1,15,1,50;",1,1,1,2,1170300002,2170300002,1180008002,3,3,"MIRROR_M3,G003,G002","M=20,20,20,20,|T=0,0,0,0,|B=3,15,1,50;;M=20,20,20,20,|T=0,0,0,0,|B=1,15,1,50;;M=20,20,20,20,|T=0,0,0,0,|B=2,15,1,50;",1,[],MIRROR_M3,"MIRROR_M3,G003,G002",3,MULTIPLE_AMBIGUOUS,multiple_candidates,1,0,0,2.17192005388182,4.44089209850063e-16,0.001539,0.001539,0.000231,0.000149,0.000759,0,1,1
8,high_noise,A_D_samecal_3,G003,"M=20,20,20,20,|T=0,0,0,0,|B=1,15,1,50;",1,1,1,2,1170300002,2170300002,1180008003,3,3,"G001,G002,G003","M=20,20,20,20,|T=0,0,0,0,|B=none;M=20,20,20,20,|T=0,0,0,0,|B=2,15,1,50;;M=20,20,20,20,|T=0,0,0,0,|B=1,15,1,50;",3,[],G003,"G003",1,UNIQUE_CONFIDENT,single_candidate_with_margin,1,1,0,1.53079016630351,4.38077559209724,0,0,0.000243,0.000156,0.000677,0,1,1
8,high_noise,A_D_samecal_6,G003,"M=20,20,20,20,|T=0,0,0,0,|B=1,15,1,50;",1,1,1,2,1170300002,2170300002,1180008003,6,6,"G001,G002,G003,MIRROR_M3,ADD_M1_M3,EXT_111","M=20,20,20,20,|T=0,0,0,0,|B=none;M=20,20,20,20,|T=0,0,0,0,|B=2,15,1,50;;M=20,20,20,20,|T=0,0,0,0,|B=1,15,1,50;;M=20,20,20,20,|T=0,0,0,0,|B=3,15,1,50;;M=20,20,20,20,|T=0,0,0,0,|B=1,15,1,50;3,15,1,50;;M=20,20,20,20,|T=0,0,0,0,|B=1,15,1,50;2,15,1,50;3,15,1,50;",3,[],G003,"G003",1,LOW_CONFIDENCE,insufficient_unique_margin,1,0,0,1.97878771798494,2.30457850267042,0,0,0.000243,0.000156,0.000847,0,1,1
8,high_noise,J_frozen_6,G003,"M=20,20,20,20,|T=0,0,0,0,|B=1,15,1,50;",1,1,1,2,1170300002,2170300002,1180008003,6,6,"G001,G002,G003,MIRROR_M3,ADD_M1_M3,EXT_111","M=20,20,20,20,|T=0,0,0,0,|B=none;M=20,20,20,20,|T=0,0,0,0,|B=2,15,1,50;;M=20,20,20,20,|T=0,0,0,0,|B=1,15,1,50;;M=20,20,20,20,|T=0,0,0,0,|B=3,15,1,50;;M=20,20,20,20,|T=0,0,0,0,|B=1,15,1,50;3,15,1,50;;M=20,20,20,20,|T=0,0,0,0,|B=1,15,1,50;2,15,1,50;3,15,1,50;",3,[],G003,"G003",1,LOW_CONFIDENCE,insufficient_unique_margin,1,0,0,1.97878771798494,2.30457850267042,0,0,0.000243,0.000156,0.000973,0,1,1
8,high_noise,B_ideal_ci,G003,"M=20,20,20,20,|T=0,0,0,0,|B=1,15,1,50;",1,1,1,2,1170300002,2170300002,1180008003,1,3,"G003","M=20,20,20,20,|T=0,0,0,0,|B=1,15,1,50;",1,[Inf;0.0346410161514;Inf;0.0173205080757;Inf;Inf;Inf;Inf;0;Inf;Inf;Inf;Inf;Inf;Inf;Inf;Inf],G003,"G003",1,LOW_CONFIDENCE,insufficient_unique_margin,1,0,0,2.17192005388182,-4.44089209850063e-16,0.001263,0.001263,0.000243,0.000156,0.000472,0,1,1
8,high_noise,C_estimated_ci,G003,"M=20,20,20,20,|T=0,0,0,0,|B=1,15,1,50;",1,1,1,2,1170300002,2170300002,1180008003,3,3,"G003,G002,MIRROR_M3","M=20,20,20,20,|T=0,0,0,0,|B=1,15,1,50;;M=20,20,20,20,|T=0,0,0,0,|B=2,15,1,50;;M=20,20,20,20,|T=0,0,0,0,|B=3,15,1,50;",1,[Inf;0.0342114026066;Inf;0.0168911985926;Inf;Inf;Inf;Inf;0.000452892346621;Inf;Inf;Inf;Inf;Inf;Inf;Inf;Inf],MIRROR_M3,"G003,G002,MIRROR_M3",3,MULTIPLE_AMBIGUOUS,multiple_candidates,1,0,0,2.17192005388182,4.44089209850063e-16,0.002808,0.002409,0.000243,0.000156,0.000455,0,1,1
8,high_noise,D_count_matched,G003,"M=20,20,20,20,|T=0,0,0,0,|B=1,15,1,50;",1,1,1,2,1170300002,2170300002,1180008003,3,3,"G003,G002,MIRROR_M3","M=20,20,20,20,|T=0,0,0,0,|B=1,15,1,50;;M=20,20,20,20,|T=0,0,0,0,|B=2,15,1,50;;M=20,20,20,20,|T=0,0,0,0,|B=3,15,1,50;",1,[],MIRROR_M3,"G003,G002,MIRROR_M3",3,MULTIPLE_AMBIGUOUS,multiple_candidates,1,0,0,2.17192005388182,4.44089209850063e-16,0.000547,0.000547,0.000243,0.000156,0.000342,0,1,1
9,synchronous,A_D_samecal_3,G003,"M=20,20,20,20,|T=0,0,0,0,|B=1,15,1,50;",1,1,1,2,1170300003,2170300003,1180009001,3,3,"G001,G002,G003","M=20,20,20,20,|T=0,0,0,0,|B=none;M=20,20,20,20,|T=0,0,0,0,|B=2,15,1,50;;M=20,20,20,20,|T=0,0,0,0,|B=1,15,1,50;",3,[],G003,"G003",1,UNIQUE_CONFIDENT,single_candidate_with_margin,1,1,0,1.24161972115705,4.54085209399536,0,0,0.000186,0.000157,0.000975,0,1,1
9,synchronous,A_D_samecal_6,G003,"M=20,20,20,20,|T=0,0,0,0,|B=1,15,1,50;",1,1,1,2,1170300003,2170300003,1180009001,6,6,"G001,G002,G003,MIRROR_M3,ADD_M1_M3,EXT_111","M=20,20,20,20,|T=0,0,0,0,|B=none;M=20,20,20,20,|T=0,0,0,0,|B=2,15,1,50;;M=20,20,20,20,|T=0,0,0,0,|B=1,15,1,50;;M=20,20,20,20,|T=0,0,0,0,|B=3,15,1,50;;M=20,20,20,20,|T=0,0,0,0,|B=1,15,1,50;3,15,1,50;;M=20,20,20,20,|T=0,0,0,0,|B=1,15,1,50;2,15,1,50;3,15,1,50;",3,[],G003,"G003",1,LOW_CONFIDENCE,insufficient_unique_margin,1,0,0,1.48545969102689,2.61055704558241,0,0,0.000186,0.000157,0.001179,0,1,1
9,synchronous,J_frozen_6,G003,"M=20,20,20,20,|T=0,0,0,0,|B=1,15,1,50;",1,1,1,2,1170300003,2170300003,1180009001,6,6,"G001,G002,G003,MIRROR_M3,ADD_M1_M3,EXT_111","M=20,20,20,20,|T=0,0,0,0,|B=none;M=20,20,20,20,|T=0,0,0,0,|B=2,15,1,50;;M=20,20,20,20,|T=0,0,0,0,|B=1,15,1,50;;M=20,20,20,20,|T=0,0,0,0,|B=3,15,1,50;;M=20,20,20,20,|T=0,0,0,0,|B=1,15,1,50;3,15,1,50;;M=20,20,20,20,|T=0,0,0,0,|B=1,15,1,50;2,15,1,50;3,15,1,50;",3,[],G003,"G003",1,LOW_CONFIDENCE,insufficient_unique_margin,1,0,0,1.48545969102689,2.61055704558241,0,0,0.000186,0.000157,0.001787,0,1,1
9,synchronous,B_ideal_ci,G003,"M=20,20,20,20,|T=0,0,0,0,|B=1,15,1,50;",1,1,1,2,1170300003,2170300003,1180009001,1,3,"G003","M=20,20,20,20,|T=0,0,0,0,|B=1,15,1,50;",1,[Inf;0.0346410161514;Inf;0.0173205080757;Inf;Inf;Inf;Inf;0;Inf;Inf;Inf;Inf;Inf;Inf;Inf;Inf],G003,"G003",1,LOW_CONFIDENCE,insufficient_unique_margin,1,0,0,1.88491546834607,-8.88178419700125e-16,0.001837,0.001837,0.000186,0.000157,0.000938,0,1,1
9,synchronous,C_estimated_ci,G003,"M=20,20,20,20,|T=0,0,0,0,|B=1,15,1,50;",1,1,1,2,1170300003,2170300003,1180009001,3,3,"G003,G002,MIRROR_M3","M=20,20,20,20,|T=0,0,0,0,|B=1,15,1,50;;M=20,20,20,20,|T=0,0,0,0,|B=2,15,1,50;;M=20,20,20,20,|T=0,0,0,0,|B=3,15,1,50;",1,[Inf;0.0346615832623;Inf;0.0173416004699;Inf;Inf;Inf;Inf;0.000191988184815;Inf;Inf;Inf;Inf;Inf;Inf;Inf;Inf],MIRROR_M3,"G003,G002,MIRROR_M3",3,MULTIPLE_AMBIGUOUS,multiple_candidates,1,0,0,1.88491546834607,8.88178419700125e-16,0.002338,0.001995,0.000186,0.000157,0.000814,0,1,1
9,synchronous,D_count_matched,G003,"M=20,20,20,20,|T=0,0,0,0,|B=1,15,1,50;",1,1,1,2,1170300003,2170300003,1180009001,3,3,"G003,MIRROR_M3,G002","M=20,20,20,20,|T=0,0,0,0,|B=1,15,1,50;;M=20,20,20,20,|T=0,0,0,0,|B=3,15,1,50;;M=20,20,20,20,|T=0,0,0,0,|B=2,15,1,50;",1,[],MIRROR_M3,"G003,MIRROR_M3,G002",3,MULTIPLE_AMBIGUOUS,multiple_candidates,1,0,0,1.88491546834607,8.88178419700125e-16,0.000787,0.000787,0.000186,0.000157,0.000713,0,1,1
9,asynchronous,A_D_samecal_3,G003,"M=20,20,20,20,|T=0,0,0,0,|B=1,15,1,50;",1,1,1,2,1170300003,2170300003,1180009002,3,3,"G001,G002,G003","M=20,20,20,20,|T=0,0,0,0,|B=none;M=20,20,20,20,|T=0,0,0,0,|B=2,15,1,50;;M=20,20,20,20,|T=0,0,0,0,|B=1,15,1,50;",3,[],G003,"G003",1,UNIQUE_CONFIDENT,single_candidate_with_margin,1,1,0,1.24161972115705,4.54085209399536,0,0,0.00027,0.000167,0.001338,0,1,1
9,asynchronous,A_D_samecal_6,G003,"M=20,20,20,20,|T=0,0,0,0,|B=1,15,1,50;",1,1,1,2,1170300003,2170300003,1180009002,6,6,"G001,G002,G003,MIRROR_M3,ADD_M1_M3,EXT_111","M=20,20,20,20,|T=0,0,0,0,|B=none;M=20,20,20,20,|T=0,0,0,0,|B=2,15,1,50;;M=20,20,20,20,|T=0,0,0,0,|B=1,15,1,50;;M=20,20,20,20,|T=0,0,0,0,|B=3,15,1,50;;M=20,20,20,20,|T=0,0,0,0,|B=1,15,1,50;3,15,1,50;;M=20,20,20,20,|T=0,0,0,0,|B=1,15,1,50;2,15,1,50;3,15,1,50;",3,[],G003,"G003",1,LOW_CONFIDENCE,insufficient_unique_margin,1,0,0,1.48545969102689,2.61055704558241,0,0,0.00027,0.000167,0.001561,0,1,1
9,asynchronous,J_frozen_6,G003,"M=20,20,20,20,|T=0,0,0,0,|B=1,15,1,50;",1,1,1,2,1170300003,2170300003,1180009002,6,6,"G001,G002,G003,MIRROR_M3,ADD_M1_M3,EXT_111","M=20,20,20,20,|T=0,0,0,0,|B=none;M=20,20,20,20,|T=0,0,0,0,|B=2,15,1,50;;M=20,20,20,20,|T=0,0,0,0,|B=1,15,1,50;;M=20,20,20,20,|T=0,0,0,0,|B=3,15,1,50;;M=20,20,20,20,|T=0,0,0,0,|B=1,15,1,50;3,15,1,50;;M=20,20,20,20,|T=0,0,0,0,|B=1,15,1,50;2,15,1,50;3,15,1,50;",3,[],G003,"G003",1,LOW_CONFIDENCE,insufficient_unique_margin,1,0,0,1.48545969102689,2.61055704558241,0,0,0.00027,0.000167,0.001949,0,1,1
9,asynchronous,B_ideal_ci,G003,"M=20,20,20,20,|T=0,0,0,0,|B=1,15,1,50;",1,1,1,2,1170300003,2170300003,1180009002,1,3,"G003","M=20,20,20,20,|T=0,0,0,0,|B=1,15,1,50;",1,[Inf;0.0346410161514;Inf;0.0173205080757;Inf;Inf;Inf;Inf;0;Inf;Inf;Inf;Inf;Inf;Inf;Inf;Inf],G003,"G003",1,LOW_CONFIDENCE,insufficient_unique_margin,1,0,0,1.88491546834607,-8.88178419700125e-16,0.001837,0.001837,0.00027,0.000167,0.000893,0,1,1
9,asynchronous,C_estimated_ci,G003,"M=20,20,20,20,|T=0,0,0,0,|B=1,15,1,50;",1,1,1,2,1170300003,2170300003,1180009002,3,3,"G003,G002,MIRROR_M3","M=20,20,20,20,|T=0,0,0,0,|B=1,15,1,50;;M=20,20,20,20,|T=0,0,0,0,|B=2,15,1,50;;M=20,20,20,20,|T=0,0,0,0,|B=3,15,1,50;",1,[Inf;0.0345746491965;Inf;0.0172543019507;Inf;Inf;Inf;Inf;0.000124517276635;Inf;Inf;Inf;Inf;Inf;Inf;Inf;Inf],MIRROR_M3,"G003,G002,MIRROR_M3",3,MULTIPLE_AMBIGUOUS,multiple_candidates,1,0,0,1.88491546834607,8.88178419700125e-16,0.003868,0.003431,0.00027,0.000167,0.000832,0,1,1
9,asynchronous,D_count_matched,G003,"M=20,20,20,20,|T=0,0,0,0,|B=1,15,1,50;",1,1,1,2,1170300003,2170300003,1180009002,3,3,"G003,MIRROR_M3,G002","M=20,20,20,20,|T=0,0,0,0,|B=1,15,1,50;;M=20,20,20,20,|T=0,0,0,0,|B=3,15,1,50;;M=20,20,20,20,|T=0,0,0,0,|B=2,15,1,50;",1,[],MIRROR_M3,"G003,MIRROR_M3,G002",3,MULTIPLE_AMBIGUOUS,multiple_candidates,1,0,0,1.88491546834607,8.88178419700125e-16,0.001564,0.001564,0.00027,0.000167,0.000746,0,1,1
9,high_noise,A_D_samecal_3,G003,"M=20,20,20,20,|T=0,0,0,0,|B=1,15,1,50;",1,1,1,2,1170300003,2170300003,1180009003,3,3,"G001,G002,G003","M=20,20,20,20,|T=0,0,0,0,|B=none;M=20,20,20,20,|T=0,0,0,0,|B=2,15,1,50;;M=20,20,20,20,|T=0,0,0,0,|B=1,15,1,50;",3,[],G003,"G003",1,UNIQUE_CONFIDENT,single_candidate_with_margin,1,1,0,1.24161972115705,4.54085209399536,0,0,0.00027,0.000164,0.001228,0,1,1
9,high_noise,A_D_samecal_6,G003,"M=20,20,20,20,|T=0,0,0,0,|B=1,15,1,50;",1,1,1,2,1170300003,2170300003,1180009003,6,6,"G001,G002,G003,MIRROR_M3,ADD_M1_M3,EXT_111","M=20,20,20,20,|T=0,0,0,0,|B=none;M=20,20,20,20,|T=0,0,0,0,|B=2,15,1,50;;M=20,20,20,20,|T=0,0,0,0,|B=1,15,1,50;;M=20,20,20,20,|T=0,0,0,0,|B=3,15,1,50;;M=20,20,20,20,|T=0,0,0,0,|B=1,15,1,50;3,15,1,50;;M=20,20,20,20,|T=0,0,0,0,|B=1,15,1,50;2,15,1,50;3,15,1,50;",3,[],G003,"G003",1,LOW_CONFIDENCE,insufficient_unique_margin,1,0,0,1.48545969102689,2.61055704558241,0,0,0.00027,0.000164,0.001341,0,1,1
9,high_noise,J_frozen_6,G003,"M=20,20,20,20,|T=0,0,0,0,|B=1,15,1,50;",1,1,1,2,1170300003,2170300003,1180009003,6,6,"G001,G002,G003,MIRROR_M3,ADD_M1_M3,EXT_111","M=20,20,20,20,|T=0,0,0,0,|B=none;M=20,20,20,20,|T=0,0,0,0,|B=2,15,1,50;;M=20,20,20,20,|T=0,0,0,0,|B=1,15,1,50;;M=20,20,20,20,|T=0,0,0,0,|B=3,15,1,50;;M=20,20,20,20,|T=0,0,0,0,|B=1,15,1,50;3,15,1,50;;M=20,20,20,20,|T=0,0,0,0,|B=1,15,1,50;2,15,1,50;3,15,1,50;",3,[],G003,"G003",1,LOW_CONFIDENCE,insufficient_unique_margin,1,0,0,1.48545969102689,2.61055704558241,0,0,0.00027,0.000164,0.001464,0,1,1
9,high_noise,B_ideal_ci,G003,"M=20,20,20,20,|T=0,0,0,0,|B=1,15,1,50;",1,1,1,2,1170300003,2170300003,1180009003,1,3,"G003","M=20,20,20,20,|T=0,0,0,0,|B=1,15,1,50;",1,[Inf;0.0346410161514;Inf;0.0173205080757;Inf;Inf;Inf;Inf;0;Inf;Inf;Inf;Inf;Inf;Inf;Inf;Inf],G003,"G003",1,LOW_CONFIDENCE,insufficient_unique_margin,1,0,0,1.88491546834607,-8.88178419700125e-16,0.001837,0.001837,0.00027,0.000164,0.000695,0,1,1
9,high_noise,C_estimated_ci,G003,"M=20,20,20,20,|T=0,0,0,0,|B=1,15,1,50;",1,1,1,2,1170300003,2170300003,1180009003,3,3,"G003,G002,MIRROR_M3","M=20,20,20,20,|T=0,0,0,0,|B=1,15,1,50;;M=20,20,20,20,|T=0,0,0,0,|B=2,15,1,50;;M=20,20,20,20,|T=0,0,0,0,|B=3,15,1,50;",1,[Inf;0.0551157616483;Inf;0.0385723860471;Inf;Inf;Inf;Inf;0.0231929029802;Inf;Inf;Inf;Inf;Inf;Inf;Inf;Inf],MIRROR_M3,"G003,G002,MIRROR_M3",3,MULTIPLE_AMBIGUOUS,multiple_candidates,1,0,0,1.88491546834607,8.88178419700125e-16,0.003965,0.003531,0.00027,0.000164,0.000482,0,1,1
9,high_noise,D_count_matched,G003,"M=20,20,20,20,|T=0,0,0,0,|B=1,15,1,50;",1,1,1,2,1170300003,2170300003,1180009003,3,3,"MIRROR_M3,G002,G003","M=20,20,20,20,|T=0,0,0,0,|B=3,15,1,50;;M=20,20,20,20,|T=0,0,0,0,|B=2,15,1,50;;M=20,20,20,20,|T=0,0,0,0,|B=1,15,1,50;",1,[],MIRROR_M3,"MIRROR_M3,G002,G003",3,MULTIPLE_AMBIGUOUS,multiple_candidates,1,0,0,1.88491546834607,8.88178419700125e-16,0.001517,0.001517,0.00027,0.000164,0.000324,0,1,1
10,synchronous,A_D_samecal_3,DOUBLE_M2,"M=20,20,20,20,|T=0,0,0,0,|B=2,15,1,50;2,15,1,50;",0,0,0,3,1170400001,2170400001,1180010001,3,3,"G001,G002,G003","M=20,20,20,20,|T=0,0,0,0,|B=none;M=20,20,20,20,|T=0,0,0,0,|B=2,15,1,50;;M=20,20,20,20,|T=0,0,0,0,|B=1,15,1,50;",NaN,[],G002,"G002",1,UNIQUE_CONFIDENT,single_candidate_with_margin,0,0,1,3.14410878980146,4.02500395308848,0,0,0.000122,0.000253,0.002593,1,1,1
10,synchronous,A_D_samecal_6,DOUBLE_M2,"M=20,20,20,20,|T=0,0,0,0,|B=2,15,1,50;2,15,1,50;",0,0,0,3,1170400001,2170400001,1180010001,6,6,"G001,G002,G003,MIRROR_M3,ADD_M1_M3,EXT_111","M=20,20,20,20,|T=0,0,0,0,|B=none;M=20,20,20,20,|T=0,0,0,0,|B=2,15,1,50;;M=20,20,20,20,|T=0,0,0,0,|B=1,15,1,50;;M=20,20,20,20,|T=0,0,0,0,|B=3,15,1,50;;M=20,20,20,20,|T=0,0,0,0,|B=1,15,1,50;3,15,1,50;;M=20,20,20,20,|T=0,0,0,0,|B=1,15,1,50;2,15,1,50;3,15,1,50;",NaN,[],G002,"G002",1,UNIQUE_CONFIDENT,single_candidate_with_margin,0,0,1,3.50227910984857,3.82999746370276,0,0,0.000122,0.000253,0.001717,1,1,1
10,synchronous,J_frozen_6,DOUBLE_M2,"M=20,20,20,20,|T=0,0,0,0,|B=2,15,1,50;2,15,1,50;",0,0,0,3,1170400001,2170400001,1180010001,6,6,"G001,G002,G003,MIRROR_M3,ADD_M1_M3,EXT_111","M=20,20,20,20,|T=0,0,0,0,|B=none;M=20,20,20,20,|T=0,0,0,0,|B=2,15,1,50;;M=20,20,20,20,|T=0,0,0,0,|B=1,15,1,50;;M=20,20,20,20,|T=0,0,0,0,|B=3,15,1,50;;M=20,20,20,20,|T=0,0,0,0,|B=1,15,1,50;3,15,1,50;;M=20,20,20,20,|T=0,0,0,0,|B=1,15,1,50;2,15,1,50;3,15,1,50;",NaN,[],G002,"G002",1,UNIQUE_CONFIDENT,single_candidate_with_margin,0,0,1,3.50227910984857,3.82999746370276,0,0,0.000122,0.000253,0.000901,1,1,1
10,synchronous,B_ideal_ci,DOUBLE_M2,"M=20,20,20,20,|T=0,0,0,0,|B=2,15,1,50;2,15,1,50;",0,1,1,3,1170400001,2170400001,1180010001,1,6,"DOUBLE_M2","M=20,20,20,20,|T=0,0,0,0,|B=2,15,1,50;2,15,1,50;",1,[Inf;Inf;0.0188561808316;Inf;0.0115470053838;Inf;0;Inf;Inf;0.0188561808316;Inf;0.01490711985;Inf;Inf;0.0188561808316;Inf;Inf],DOUBLE_M2,"DOUBLE_M2",1,LOW_CONFIDENCE,insufficient_unique_margin,1,0,0,2.42786808471855,1.59272968352334,0.001406,0.001406,0.000122,0.000253,0.001504,0,1,1
10,synchronous,C_estimated_ci,DOUBLE_M2,"M=20,20,20,20,|T=0,0,0,0,|B=2,15,1,50;2,15,1,50;",0,1,1,3,1170400001,2170400001,1180010001,3,6,"DOUBLE_M2,ADD_M2_M3,ADD_M1_M2","M=20,20,20,20,|T=0,0,0,0,|B=2,15,1,50;2,15,1,50;;M=20,20,20,20,|T=0,0,0,0,|B=2,15,1,50;3,15,1,50;;M=20,20,20,20,|T=0,0,0,0,|B=1,15,1,50;2,15,1,50;",1,[Inf;Inf;0.0187623905945;Inf;0.0114745631807;Inf;0.000145344821814;Inf;Inf;0.0188612922145;Inf;0.0149700991623;Inf;Inf;0.0189506216396;Inf;Inf],DOUBLE_M2,"DOUBLE_M2,ADD_M2_M3,ADD_M1_M2",3,MULTIPLE_AMBIGUOUS,multiple_candidates,1,0,0,2.42786808471855,1.59272968352334,0.001594,0.001219,0.000122,0.000253,0.00112,0,1,1
10,synchronous,D_count_matched,DOUBLE_M2,"M=20,20,20,20,|T=0,0,0,0,|B=2,15,1,50;2,15,1,50;",0,0,0,3,1170400001,2170400001,1180010001,3,6,"DOUBLE_M3,ADD_M1_M2,ADD_M2_M3","M=20,20,20,20,|T=0,0,0,0,|B=3,15,1,50;3,15,1,50;;M=20,20,20,20,|T=0,0,0,0,|B=1,15,1,50;2,15,1,50;;M=20,20,20,20,|T=0,0,0,0,|B=2,15,1,50;3,15,1,50;",1,[],ADD_M1_M2,"DOUBLE_M3,ADD_M1_M2,ADD_M2_M3",3,MULTIPLE_AMBIGUOUS,multiple_candidates,0,0,0,4.02059776824189,-1.59272968352334,0.000495,0.000495,0.000122,0.000253,0.000638,2,1,1
10,asynchronous,A_D_samecal_3,DOUBLE_M2,"M=20,20,20,20,|T=0,0,0,0,|B=2,15,1,50;2,15,1,50;",0,0,0,3,1170400001,2170400001,1180010002,3,3,"G001,G002,G003","M=20,20,20,20,|T=0,0,0,0,|B=none;M=20,20,20,20,|T=0,0,0,0,|B=2,15,1,50;;M=20,20,20,20,|T=0,0,0,0,|B=1,15,1,50;",NaN,[],G002,"G002",1,UNIQUE_CONFIDENT,single_candidate_with_margin,0,0,1,3.14410878980146,4.02500395308848,0,0,0.000167,0.00023,0.000655,1,1,1
10,asynchronous,A_D_samecal_6,DOUBLE_M2,"M=20,20,20,20,|T=0,0,0,0,|B=2,15,1,50;2,15,1,50;",0,0,0,3,1170400001,2170400001,1180010002,6,6,"G001,G002,G003,MIRROR_M3,ADD_M1_M3,EXT_111","M=20,20,20,20,|T=0,0,0,0,|B=none;M=20,20,20,20,|T=0,0,0,0,|B=2,15,1,50;;M=20,20,20,20,|T=0,0,0,0,|B=1,15,1,50;;M=20,20,20,20,|T=0,0,0,0,|B=3,15,1,50;;M=20,20,20,20,|T=0,0,0,0,|B=1,15,1,50;3,15,1,50;;M=20,20,20,20,|T=0,0,0,0,|B=1,15,1,50;2,15,1,50;3,15,1,50;",NaN,[],G002,"G002",1,UNIQUE_CONFIDENT,single_candidate_with_margin,0,0,1,3.50227910984857,3.82999746370276,0,0,0.000167,0.00023,0.000723,1,1,1
10,asynchronous,J_frozen_6,DOUBLE_M2,"M=20,20,20,20,|T=0,0,0,0,|B=2,15,1,50;2,15,1,50;",0,0,0,3,1170400001,2170400001,1180010002,6,6,"G001,G002,G003,MIRROR_M3,ADD_M1_M3,EXT_111","M=20,20,20,20,|T=0,0,0,0,|B=none;M=20,20,20,20,|T=0,0,0,0,|B=2,15,1,50;;M=20,20,20,20,|T=0,0,0,0,|B=1,15,1,50;;M=20,20,20,20,|T=0,0,0,0,|B=3,15,1,50;;M=20,20,20,20,|T=0,0,0,0,|B=1,15,1,50;3,15,1,50;;M=20,20,20,20,|T=0,0,0,0,|B=1,15,1,50;2,15,1,50;3,15,1,50;",NaN,[],G002,"G002",1,UNIQUE_CONFIDENT,single_candidate_with_margin,0,0,1,3.50227910984857,3.82999746370276,0,0,0.000167,0.00023,0.000735,1,1,1
10,asynchronous,B_ideal_ci,DOUBLE_M2,"M=20,20,20,20,|T=0,0,0,0,|B=2,15,1,50;2,15,1,50;",0,1,1,3,1170400001,2170400001,1180010002,1,6,"DOUBLE_M2","M=20,20,20,20,|T=0,0,0,0,|B=2,15,1,50;2,15,1,50;",1,[Inf;Inf;0.0188561808316;Inf;0.0115470053838;Inf;0;Inf;Inf;0.0188561808316;Inf;0.01490711985;Inf;Inf;0.0188561808316;Inf;Inf],DOUBLE_M2,"DOUBLE_M2",1,LOW_CONFIDENCE,insufficient_unique_margin,1,0,0,2.42786808471855,1.59272968352334,0.001406,0.001406,0.000167,0.00023,0.000454,0,1,1
10,asynchronous,C_estimated_ci,DOUBLE_M2,"M=20,20,20,20,|T=0,0,0,0,|B=2,15,1,50;2,15,1,50;",0,1,1,3,1170400001,2170400001,1180010002,3,6,"DOUBLE_M2,ADD_M1_M2,DOUBLE_M1","M=20,20,20,20,|T=0,0,0,0,|B=2,15,1,50;2,15,1,50;;M=20,20,20,20,|T=0,0,0,0,|B=1,15,1,50;2,15,1,50;;M=20,20,20,20,|T=0,0,0,0,|B=1,15,1,50;1,15,1,50;",1,[Inf;Inf;0.0315147018969;Inf;0.0272286356584;Inf;0.0222566559736;Inf;Inf;0.0305624804037;Inf;0.0262302372032;Inf;Inf;0.026620521139;Inf;Inf],DOUBLE_M2,"DOUBLE_M2,ADD_M1_M2,DOUBLE_M1",3,MULTIPLE_AMBIGUOUS,multiple_candidates,1,0,0,2.42786808471855,1.59272968352334,0.001771,0.001374,0.000167,0.00023,0.00042,0,1,1
10,asynchronous,D_count_matched,DOUBLE_M2,"M=20,20,20,20,|T=0,0,0,0,|B=2,15,1,50;2,15,1,50;",0,0,0,3,1170400001,2170400001,1180010002,3,6,"DOUBLE_M3,DOUBLE_M1,ADD_M2_M3","M=20,20,20,20,|T=0,0,0,0,|B=3,15,1,50;3,15,1,50;;M=20,20,20,20,|T=0,0,0,0,|B=1,15,1,50;1,15,1,50;;M=20,20,20,20,|T=0,0,0,0,|B=2,15,1,50;3,15,1,50;",1,[],ADD_M2_M3,"DOUBLE_M3,DOUBLE_M1,ADD_M2_M3",3,MULTIPLE_AMBIGUOUS,multiple_candidates,0,0,0,4.02059776824189,-1.59272968352334,0.000539,0.000539,0.000167,0.00023,0.000411,2,1,1
10,high_noise,A_D_samecal_3,DOUBLE_M2,"M=20,20,20,20,|T=0,0,0,0,|B=2,15,1,50;2,15,1,50;",0,0,0,3,1170400001,2170400001,1180010003,3,3,"G001,G002,G003","M=20,20,20,20,|T=0,0,0,0,|B=none;M=20,20,20,20,|T=0,0,0,0,|B=2,15,1,50;;M=20,20,20,20,|T=0,0,0,0,|B=1,15,1,50;",NaN,[],G002,"G002",1,UNIQUE_CONFIDENT,single_candidate_with_margin,0,0,1,3.14410878980146,4.02500395308848,0,0,0.000126,0.000305,0.001328,1,1,1
10,high_noise,A_D_samecal_6,DOUBLE_M2,"M=20,20,20,20,|T=0,0,0,0,|B=2,15,1,50;2,15,1,50;",0,0,0,3,1170400001,2170400001,1180010003,6,6,"G001,G002,G003,MIRROR_M3,ADD_M1_M3,EXT_111","M=20,20,20,20,|T=0,0,0,0,|B=none;M=20,20,20,20,|T=0,0,0,0,|B=2,15,1,50;;M=20,20,20,20,|T=0,0,0,0,|B=1,15,1,50;;M=20,20,20,20,|T=0,0,0,0,|B=3,15,1,50;;M=20,20,20,20,|T=0,0,0,0,|B=1,15,1,50;3,15,1,50;;M=20,20,20,20,|T=0,0,0,0,|B=1,15,1,50;2,15,1,50;3,15,1,50;",NaN,[],G002,"G002",1,UNIQUE_CONFIDENT,single_candidate_with_margin,0,0,1,3.50227910984857,3.82999746370276,0,0,0.000126,0.000305,0.001564,1,1,1
10,high_noise,J_frozen_6,DOUBLE_M2,"M=20,20,20,20,|T=0,0,0,0,|B=2,15,1,50;2,15,1,50;",0,0,0,3,1170400001,2170400001,1180010003,6,6,"G001,G002,G003,MIRROR_M3,ADD_M1_M3,EXT_111","M=20,20,20,20,|T=0,0,0,0,|B=none;M=20,20,20,20,|T=0,0,0,0,|B=2,15,1,50;;M=20,20,20,20,|T=0,0,0,0,|B=1,15,1,50;;M=20,20,20,20,|T=0,0,0,0,|B=3,15,1,50;;M=20,20,20,20,|T=0,0,0,0,|B=1,15,1,50;3,15,1,50;;M=20,20,20,20,|T=0,0,0,0,|B=1,15,1,50;2,15,1,50;3,15,1,50;",NaN,[],G002,"G002",1,UNIQUE_CONFIDENT,single_candidate_with_margin,0,0,1,3.50227910984857,3.82999746370276,0,0,0.000126,0.000305,0.001467,1,1,1
10,high_noise,B_ideal_ci,DOUBLE_M2,"M=20,20,20,20,|T=0,0,0,0,|B=2,15,1,50;2,15,1,50;",0,1,1,3,1170400001,2170400001,1180010003,1,6,"DOUBLE_M2","M=20,20,20,20,|T=0,0,0,0,|B=2,15,1,50;2,15,1,50;",1,[Inf;Inf;0.0188561808316;Inf;0.0115470053838;Inf;0;Inf;Inf;0.0188561808316;Inf;0.01490711985;Inf;Inf;0.0188561808316;Inf;Inf],DOUBLE_M2,"DOUBLE_M2",1,LOW_CONFIDENCE,insufficient_unique_margin,1,0,0,2.42786808471855,1.59272968352334,0.001406,0.001406,0.000126,0.000305,0.000896,0,1,1
10,high_noise,C_estimated_ci,DOUBLE_M2,"M=20,20,20,20,|T=0,0,0,0,|B=2,15,1,50;2,15,1,50;",0,1,1,3,1170400001,2170400001,1180010003,3,6,"DOUBLE_M2,ADD_M2_M3,ADD_M1_M2","M=20,20,20,20,|T=0,0,0,0,|B=2,15,1,50;2,15,1,50;;M=20,20,20,20,|T=0,0,0,0,|B=2,15,1,50;3,15,1,50;;M=20,20,20,20,|T=0,0,0,0,|B=1,15,1,50;2,15,1,50;",1,[Inf;Inf;0.0186991090085;Inf;0.0117138115832;Inf;0.000612278071474;Inf;Inf;0.0192149559028;Inf;0.0152438851011;Inf;Inf;0.0190316631505;Inf;Inf],DOUBLE_M2,"DOUBLE_M2,ADD_M2_M3,ADD_M1_M2",3,MULTIPLE_AMBIGUOUS,multiple_candidates,1,0,0,2.42786808471855,1.59272968352334,0.001686,0.001255,0.000126,0.000305,0.000945,0,1,1
10,high_noise,D_count_matched,DOUBLE_M2,"M=20,20,20,20,|T=0,0,0,0,|B=2,15,1,50;2,15,1,50;",0,1,1,3,1170400001,2170400001,1180010003,3,6,"DOUBLE_M2,DOUBLE_M3,ADD_M2_M3","M=20,20,20,20,|T=0,0,0,0,|B=2,15,1,50;2,15,1,50;;M=20,20,20,20,|T=0,0,0,0,|B=3,15,1,50;3,15,1,50;;M=20,20,20,20,|T=0,0,0,0,|B=2,15,1,50;3,15,1,50;",1,[],DOUBLE_M2,"DOUBLE_M2,DOUBLE_M3,ADD_M2_M3",3,MULTIPLE_AMBIGUOUS,multiple_candidates,1,0,0,2.42786808471855,1.59272968352334,0.001419,0.001419,0.000126,0.000305,0.000851,0,1,1
11,synchronous,A_D_samecal_3,DOUBLE_M2,"M=20,20,20,20,|T=0,0,0,0,|B=2,15,1,50;2,15,1,50;",0,0,0,3,1170400002,2170400002,1180011001,3,3,"G001,G002,G003","M=20,20,20,20,|T=0,0,0,0,|B=none;M=20,20,20,20,|T=0,0,0,0,|B=2,15,1,50;;M=20,20,20,20,|T=0,0,0,0,|B=1,15,1,50;",NaN,[],G001,"",0,REJECTED,empty_first_set,0,0,0,Inf,NaN,0,0,0.000194,0.000352,0.002628,1,1,1
11,synchronous,A_D_samecal_6,DOUBLE_M2,"M=20,20,20,20,|T=0,0,0,0,|B=2,15,1,50;2,15,1,50;",0,0,0,3,1170400002,2170400002,1180011001,6,6,"G001,G002,G003,MIRROR_M3,ADD_M1_M3,EXT_111","M=20,20,20,20,|T=0,0,0,0,|B=none;M=20,20,20,20,|T=0,0,0,0,|B=2,15,1,50;;M=20,20,20,20,|T=0,0,0,0,|B=1,15,1,50;;M=20,20,20,20,|T=0,0,0,0,|B=3,15,1,50;;M=20,20,20,20,|T=0,0,0,0,|B=1,15,1,50;3,15,1,50;;M=20,20,20,20,|T=0,0,0,0,|B=1,15,1,50;2,15,1,50;3,15,1,50;",NaN,[],G001,"",0,REJECTED,empty_first_set,0,0,0,Inf,NaN,0,0,0.000194,0.000352,0.000724,1,1,1
11,synchronous,J_frozen_6,DOUBLE_M2,"M=20,20,20,20,|T=0,0,0,0,|B=2,15,1,50;2,15,1,50;",0,0,0,3,1170400002,2170400002,1180011001,6,6,"G001,G002,G003,MIRROR_M3,ADD_M1_M3,EXT_111","M=20,20,20,20,|T=0,0,0,0,|B=none;M=20,20,20,20,|T=0,0,0,0,|B=2,15,1,50;;M=20,20,20,20,|T=0,0,0,0,|B=1,15,1,50;;M=20,20,20,20,|T=0,0,0,0,|B=3,15,1,50;;M=20,20,20,20,|T=0,0,0,0,|B=1,15,1,50;3,15,1,50;;M=20,20,20,20,|T=0,0,0,0,|B=1,15,1,50;2,15,1,50;3,15,1,50;",NaN,[],G001,"",0,REJECTED,empty_first_set,0,0,0,Inf,NaN,0,0,0.000194,0.000352,0.00116,1,1,1
11,synchronous,B_ideal_ci,DOUBLE_M2,"M=20,20,20,20,|T=0,0,0,0,|B=2,15,1,50;2,15,1,50;",0,1,1,3,1170400002,2170400002,1180011001,1,6,"DOUBLE_M2","M=20,20,20,20,|T=0,0,0,0,|B=2,15,1,50;2,15,1,50;",1,[Inf;Inf;0.0188561808316;Inf;0.0115470053838;Inf;0;Inf;Inf;0.0188561808316;Inf;0.01490711985;Inf;Inf;0.0188561808316;Inf;Inf],DOUBLE_M2,"DOUBLE_M2",1,LOW_CONFIDENCE,insufficient_unique_margin,1,0,0,3.7313486672261,1.00519900167346,0.003558,0.003558,0.000194,0.000352,0.000487,0,1,1
11,synchronous,C_estimated_ci,DOUBLE_M2,"M=20,20,20,20,|T=0,0,0,0,|B=2,15,1,50;2,15,1,50;",0,1,1,3,1170400002,2170400002,1180011001,3,6,"DOUBLE_M2,ADD_M2_M3,ADD_M1_M2","M=20,20,20,20,|T=0,0,0,0,|B=2,15,1,50;2,15,1,50;;M=20,20,20,20,|T=0,0,0,0,|B=2,15,1,50;3,15,1,50;;M=20,20,20,20,|T=0,0,0,0,|B=1,15,1,50;2,15,1,50;",1,[Inf;Inf;0.0190829293133;Inf;0.0115634292175;Inf;0.000290101226686;Inf;Inf;0.0186470384728;Inf;0.0146315859448;Inf;Inf;0.0186311899077;Inf;Inf],DOUBLE_M2,"DOUBLE_M2,ADD_M2_M3,ADD_M1_M2",3,MULTIPLE_AMBIGUOUS,multiple_candidates,1,0,0,3.7313486672261,1.00519900167346,0.003795,0.003249,0.000194,0.000352,0.000446,0,1,1
11,synchronous,D_count_matched,DOUBLE_M2,"M=20,20,20,20,|T=0,0,0,0,|B=2,15,1,50;2,15,1,50;",0,0,0,3,1170400002,2170400002,1180011001,3,6,"DOUBLE_M1,DOUBLE_M3,ADD_M1_M3","M=20,20,20,20,|T=0,0,0,0,|B=1,15,1,50;1,15,1,50;;M=20,20,20,20,|T=0,0,0,0,|B=3,15,1,50;3,15,1,50;;M=20,20,20,20,|T=0,0,0,0,|B=1,15,1,50;3,15,1,50;",1,[],ADD_M1_M3,"DOUBLE_M1,DOUBLE_M3,ADD_M1_M3",3,MULTIPLE_AMBIGUOUS,multiple_candidates,0,0,0,5.42723887784771,-1.69589021062161,0.000841,0.000841,0.000194,0.000352,0.000377,4,1,0
11,asynchronous,A_D_samecal_3,DOUBLE_M2,"M=20,20,20,20,|T=0,0,0,0,|B=2,15,1,50;2,15,1,50;",0,0,0,3,1170400002,2170400002,1180011002,3,3,"G001,G002,G003","M=20,20,20,20,|T=0,0,0,0,|B=none;M=20,20,20,20,|T=0,0,0,0,|B=2,15,1,50;;M=20,20,20,20,|T=0,0,0,0,|B=1,15,1,50;",NaN,[],G001,"",0,REJECTED,empty_first_set,0,0,0,Inf,NaN,0,0,0.000142,0.000235,0.000453,1,1,1
11,asynchronous,A_D_samecal_6,DOUBLE_M2,"M=20,20,20,20,|T=0,0,0,0,|B=2,15,1,50;2,15,1,50;",0,0,0,3,1170400002,2170400002,1180011002,6,6,"G001,G002,G003,MIRROR_M3,ADD_M1_M3,EXT_111","M=20,20,20,20,|T=0,0,0,0,|B=none;M=20,20,20,20,|T=0,0,0,0,|B=2,15,1,50;;M=20,20,20,20,|T=0,0,0,0,|B=1,15,1,50;;M=20,20,20,20,|T=0,0,0,0,|B=3,15,1,50;;M=20,20,20,20,|T=0,0,0,0,|B=1,15,1,50;3,15,1,50;;M=20,20,20,20,|T=0,0,0,0,|B=1,15,1,50;2,15,1,50;3,15,1,50;",NaN,[],G001,"",0,REJECTED,empty_first_set,0,0,0,Inf,NaN,0,0,0.000142,0.000235,0.000654,1,1,1
11,asynchronous,J_frozen_6,DOUBLE_M2,"M=20,20,20,20,|T=0,0,0,0,|B=2,15,1,50;2,15,1,50;",0,0,0,3,1170400002,2170400002,1180011002,6,6,"G001,G002,G003,MIRROR_M3,ADD_M1_M3,EXT_111","M=20,20,20,20,|T=0,0,0,0,|B=none;M=20,20,20,20,|T=0,0,0,0,|B=2,15,1,50;;M=20,20,20,20,|T=0,0,0,0,|B=1,15,1,50;;M=20,20,20,20,|T=0,0,0,0,|B=3,15,1,50;;M=20,20,20,20,|T=0,0,0,0,|B=1,15,1,50;3,15,1,50;;M=20,20,20,20,|T=0,0,0,0,|B=1,15,1,50;2,15,1,50;3,15,1,50;",NaN,[],G001,"",0,REJECTED,empty_first_set,0,0,0,Inf,NaN,0,0,0.000142,0.000235,0.000485,1,1,1
11,asynchronous,B_ideal_ci,DOUBLE_M2,"M=20,20,20,20,|T=0,0,0,0,|B=2,15,1,50;2,15,1,50;",0,1,1,3,1170400002,2170400002,1180011002,1,6,"DOUBLE_M2","M=20,20,20,20,|T=0,0,0,0,|B=2,15,1,50;2,15,1,50;",1,[Inf;Inf;0.0188561808316;Inf;0.0115470053838;Inf;0;Inf;Inf;0.0188561808316;Inf;0.01490711985;Inf;Inf;0.0188561808316;Inf;Inf],DOUBLE_M2,"DOUBLE_M2",1,LOW_CONFIDENCE,insufficient_unique_margin,1,0,0,3.7313486672261,1.00519900167346,0.003558,0.003558,0.000142,0.000235,0.000457,0,1,1
11,asynchronous,C_estimated_ci,DOUBLE_M2,"M=20,20,20,20,|T=0,0,0,0,|B=2,15,1,50;2,15,1,50;",0,1,1,3,1170400002,2170400002,1180011002,3,6,"DOUBLE_M2,ADD_M2_M3,ADD_M1_M2","M=20,20,20,20,|T=0,0,0,0,|B=2,15,1,50;2,15,1,50;;M=20,20,20,20,|T=0,0,0,0,|B=2,15,1,50;3,15,1,50;;M=20,20,20,20,|T=0,0,0,0,|B=1,15,1,50;2,15,1,50;",1,[Inf;Inf;0.0189150895899;Inf;0.011492131923;Inf;0.000189588306279;Inf;Inf;0.0187297096219;Inf;0.0147908373702;Inf;Inf;0.0187989995576;Inf;Inf],DOUBLE_M2,"DOUBLE_M2,ADD_M2_M3,ADD_M1_M2",3,MULTIPLE_AMBIGUOUS,multiple_candidates,1,0,0,3.7313486672261,1.00519900167346,0.001682,0.001305,0.000142,0.000235,0.000449,0,1,1
11,asynchronous,D_count_matched,DOUBLE_M2,"M=20,20,20,20,|T=0,0,0,0,|B=2,15,1,50;2,15,1,50;",0,1,1,3,1170400002,2170400002,1180011002,3,6,"DOUBLE_M1,DOUBLE_M2,DOUBLE_M3","M=20,20,20,20,|T=0,0,0,0,|B=1,15,1,50;1,15,1,50;;M=20,20,20,20,|T=0,0,0,0,|B=2,15,1,50;2,15,1,50;;M=20,20,20,20,|T=0,0,0,0,|B=3,15,1,50;3,15,1,50;",1,[],DOUBLE_M2,"DOUBLE_M1,DOUBLE_M2,DOUBLE_M3",3,MULTIPLE_AMBIGUOUS,multiple_candidates,1,0,0,3.7313486672261,1.00519900167346,0.000482,0.000482,0.000142,0.000235,0.000398,0,1,1
11,high_noise,A_D_samecal_3,DOUBLE_M2,"M=20,20,20,20,|T=0,0,0,0,|B=2,15,1,50;2,15,1,50;",0,0,0,3,1170400002,2170400002,1180011003,3,3,"G001,G002,G003","M=20,20,20,20,|T=0,0,0,0,|B=none;M=20,20,20,20,|T=0,0,0,0,|B=2,15,1,50;;M=20,20,20,20,|T=0,0,0,0,|B=1,15,1,50;",NaN,[],G001,"",0,REJECTED,empty_first_set,0,0,0,Inf,NaN,0,0,0.000141,0.000223,0.001018,1,1,1
11,high_noise,A_D_samecal_6,DOUBLE_M2,"M=20,20,20,20,|T=0,0,0,0,|B=2,15,1,50;2,15,1,50;",0,0,0,3,1170400002,2170400002,1180011003,6,6,"G001,G002,G003,MIRROR_M3,ADD_M1_M3,EXT_111","M=20,20,20,20,|T=0,0,0,0,|B=none;M=20,20,20,20,|T=0,0,0,0,|B=2,15,1,50;;M=20,20,20,20,|T=0,0,0,0,|B=1,15,1,50;;M=20,20,20,20,|T=0,0,0,0,|B=3,15,1,50;;M=20,20,20,20,|T=0,0,0,0,|B=1,15,1,50;3,15,1,50;;M=20,20,20,20,|T=0,0,0,0,|B=1,15,1,50;2,15,1,50;3,15,1,50;",NaN,[],G001,"",0,REJECTED,empty_first_set,0,0,0,Inf,NaN,0,0,0.000141,0.000223,0.000524,1,1,1
11,high_noise,J_frozen_6,DOUBLE_M2,"M=20,20,20,20,|T=0,0,0,0,|B=2,15,1,50;2,15,1,50;",0,0,0,3,1170400002,2170400002,1180011003,6,6,"G001,G002,G003,MIRROR_M3,ADD_M1_M3,EXT_111","M=20,20,20,20,|T=0,0,0,0,|B=none;M=20,20,20,20,|T=0,0,0,0,|B=2,15,1,50;;M=20,20,20,20,|T=0,0,0,0,|B=1,15,1,50;;M=20,20,20,20,|T=0,0,0,0,|B=3,15,1,50;;M=20,20,20,20,|T=0,0,0,0,|B=1,15,1,50;3,15,1,50;;M=20,20,20,20,|T=0,0,0,0,|B=1,15,1,50;2,15,1,50;3,15,1,50;",NaN,[],G001,"",0,REJECTED,empty_first_set,0,0,0,Inf,NaN,0,0,0.000141,0.000223,0.000513,1,1,1
11,high_noise,B_ideal_ci,DOUBLE_M2,"M=20,20,20,20,|T=0,0,0,0,|B=2,15,1,50;2,15,1,50;",0,1,1,3,1170400002,2170400002,1180011003,1,6,"DOUBLE_M2","M=20,20,20,20,|T=0,0,0,0,|B=2,15,1,50;2,15,1,50;",1,[Inf;Inf;0.0188561808316;Inf;0.0115470053838;Inf;0;Inf;Inf;0.0188561808316;Inf;0.01490711985;Inf;Inf;0.0188561808316;Inf;Inf],DOUBLE_M2,"DOUBLE_M2",1,LOW_CONFIDENCE,insufficient_unique_margin,1,0,0,3.7313486672261,1.00519900167346,0.003558,0.003558,0.000141,0.000223,0.000462,0,1,1
11,high_noise,C_estimated_ci,DOUBLE_M2,"M=20,20,20,20,|T=0,0,0,0,|B=2,15,1,50;2,15,1,50;",0,1,1,3,1170400002,2170400002,1180011003,3,6,"DOUBLE_M2,ADD_M1_M2,DOUBLE_M1","M=20,20,20,20,|T=0,0,0,0,|B=2,15,1,50;2,15,1,50;;M=20,20,20,20,|T=0,0,0,0,|B=1,15,1,50;2,15,1,50;;M=20,20,20,20,|T=0,0,0,0,|B=1,15,1,50;1,15,1,50;",1,[Inf;Inf;0.0395536933349;Inf;0.0340695994667;Inf;0.030810277024;Inf;Inf;0.034661578205;Inf;0.0314636387936;Inf;Inf;0.0323289776403;Inf;Inf],DOUBLE_M2,"DOUBLE_M2,ADD_M1_M2,DOUBLE_M1",3,MULTIPLE_AMBIGUOUS,multiple_candidates,1,0,0,3.7313486672261,1.00519900167346,0.001809,0.001445,0.000141,0.000223,0.000451,0,1,1
11,high_noise,D_count_matched,DOUBLE_M2,"M=20,20,20,20,|T=0,0,0,0,|B=2,15,1,50;2,15,1,50;",0,0,0,3,1170400002,2170400002,1180011003,3,6,"ADD_M1_M2,DOUBLE_M3,ADD_M2_M3","M=20,20,20,20,|T=0,0,0,0,|B=1,15,1,50;2,15,1,50;;M=20,20,20,20,|T=0,0,0,0,|B=3,15,1,50;3,15,1,50;;M=20,20,20,20,|T=0,0,0,0,|B=2,15,1,50;3,15,1,50;",1,[],ADD_M1_M2,"ADD_M1_M2,DOUBLE_M3,ADD_M2_M3",3,MULTIPLE_AMBIGUOUS,multiple_candidates,0,0,0,4.73654766889956,-1.00519900167346,0.000543,0.000543,0.000141,0.000223,0.000463,2,1,1
12,synchronous,A_D_samecal_3,DOUBLE_M2,"M=20,20,20,20,|T=0,0,0,0,|B=2,15,1,50;2,15,1,50;",0,0,0,3,1170400003,2170400003,1180012001,3,3,"G001,G002,G003","M=20,20,20,20,|T=0,0,0,0,|B=none;M=20,20,20,20,|T=0,0,0,0,|B=2,15,1,50;;M=20,20,20,20,|T=0,0,0,0,|B=1,15,1,50;",NaN,[],G002,"G002",1,UNIQUE_CONFIDENT,single_candidate_with_margin,0,0,1,2.92694847739593,4.08207559481191,0,0,0.000147,0.000316,0.000917,1,1,1
12,synchronous,A_D_samecal_6,DOUBLE_M2,"M=20,20,20,20,|T=0,0,0,0,|B=2,15,1,50;2,15,1,50;",0,0,0,3,1170400003,2170400003,1180012001,6,6,"G001,G002,G003,MIRROR_M3,ADD_M1_M3,EXT_111","M=20,20,20,20,|T=0,0,0,0,|B=none;M=20,20,20,20,|T=0,0,0,0,|B=2,15,1,50;;M=20,20,20,20,|T=0,0,0,0,|B=1,15,1,50;;M=20,20,20,20,|T=0,0,0,0,|B=3,15,1,50;;M=20,20,20,20,|T=0,0,0,0,|B=1,15,1,50;3,15,1,50;;M=20,20,20,20,|T=0,0,0,0,|B=1,15,1,50;2,15,1,50;3,15,1,50;",NaN,[],G002,"G002",1,UNIQUE_CONFIDENT,single_candidate_with_margin,0,0,1,3.25643380460733,3.92030684440745,0,0,0.000147,0.000316,0.00082,1,1,1
12,synchronous,J_frozen_6,DOUBLE_M2,"M=20,20,20,20,|T=0,0,0,0,|B=2,15,1,50;2,15,1,50;",0,0,0,3,1170400003,2170400003,1180012001,6,6,"G001,G002,G003,MIRROR_M3,ADD_M1_M3,EXT_111","M=20,20,20,20,|T=0,0,0,0,|B=none;M=20,20,20,20,|T=0,0,0,0,|B=2,15,1,50;;M=20,20,20,20,|T=0,0,0,0,|B=1,15,1,50;;M=20,20,20,20,|T=0,0,0,0,|B=3,15,1,50;;M=20,20,20,20,|T=0,0,0,0,|B=1,15,1,50;3,15,1,50;;M=20,20,20,20,|T=0,0,0,0,|B=1,15,1,50;2,15,1,50;3,15,1,50;",NaN,[],G002,"G002",1,UNIQUE_CONFIDENT,single_candidate_with_margin,0,0,1,3.25643380460733,3.92030684440745,0,0,0.000147,0.000316,0.000827,1,1,1
12,synchronous,B_ideal_ci,DOUBLE_M2,"M=20,20,20,20,|T=0,0,0,0,|B=2,15,1,50;2,15,1,50;",0,1,1,3,1170400003,2170400003,1180012001,1,6,"DOUBLE_M2","M=20,20,20,20,|T=0,0,0,0,|B=2,15,1,50;2,15,1,50;",1,[Inf;Inf;0.0188561808316;Inf;0.0115470053838;Inf;0;Inf;Inf;0.0188561808316;Inf;0.01490711985;Inf;Inf;0.0188561808316;Inf;Inf],DOUBLE_M2,"DOUBLE_M2",1,LOW_CONFIDENCE,insufficient_unique_margin,1,0,0,1.88033983755735,1.81118994160511,0.002321,0.002321,0.000147,0.000316,0.00048,0,1,1
12,synchronous,C_estimated_ci,DOUBLE_M2,"M=20,20,20,20,|T=0,0,0,0,|B=2,15,1,50;2,15,1,50;",0,1,1,3,1170400003,2170400003,1180012001,3,6,"DOUBLE_M2,ADD_M2_M3,ADD_M1_M2","M=20,20,20,20,|T=0,0,0,0,|B=2,15,1,50;2,15,1,50;;M=20,20,20,20,|T=0,0,0,0,|B=2,15,1,50;3,15,1,50;;M=20,20,20,20,|T=0,0,0,0,|B=1,15,1,50;2,15,1,50;",1,[Inf;Inf;0.0189675491713;Inf;0.0116204368509;Inf;0.00014242526656;Inf;Inf;0.0188346921421;Inf;0.0148233383703;Inf;Inf;0.0187452329796;Inf;Inf],DOUBLE_M2,"DOUBLE_M2,ADD_M2_M3,ADD_M1_M2",3,MULTIPLE_AMBIGUOUS,multiple_candidates,1,0,0,1.88033983755735,1.81118994160511,0.001895,0.001432,0.000147,0.000316,0.000534,0,1,1
12,synchronous,D_count_matched,DOUBLE_M2,"M=20,20,20,20,|T=0,0,0,0,|B=2,15,1,50;2,15,1,50;",0,1,1,3,1170400003,2170400003,1180012001,3,6,"ADD_M1_M3,ADD_M2_M3,DOUBLE_M2","M=20,20,20,20,|T=0,0,0,0,|B=1,15,1,50;3,15,1,50;;M=20,20,20,20,|T=0,0,0,0,|B=2,15,1,50;3,15,1,50;;M=20,20,20,20,|T=0,0,0,0,|B=2,15,1,50;2,15,1,50;",1,[],DOUBLE_M2,"ADD_M1_M3,ADD_M2_M3,DOUBLE_M2",3,MULTIPLE_AMBIGUOUS,multiple_candidates,1,0,0,1.88033983755735,1.81118994160511,0.00054,0.00054,0.000147,0.000316,0.000887,0,1,1
12,asynchronous,A_D_samecal_3,DOUBLE_M2,"M=20,20,20,20,|T=0,0,0,0,|B=2,15,1,50;2,15,1,50;",0,0,0,3,1170400003,2170400003,1180012002,3,3,"G001,G002,G003","M=20,20,20,20,|T=0,0,0,0,|B=none;M=20,20,20,20,|T=0,0,0,0,|B=2,15,1,50;;M=20,20,20,20,|T=0,0,0,0,|B=1,15,1,50;",NaN,[],G002,"G002",1,UNIQUE_CONFIDENT,single_candidate_with_margin,0,0,1,2.92694847739593,4.08207559481191,0,0,0.000183,0.000265,0.00075,1,1,1
12,asynchronous,A_D_samecal_6,DOUBLE_M2,"M=20,20,20,20,|T=0,0,0,0,|B=2,15,1,50;2,15,1,50;",0,0,0,3,1170400003,2170400003,1180012002,6,6,"G001,G002,G003,MIRROR_M3,ADD_M1_M3,EXT_111","M=20,20,20,20,|T=0,0,0,0,|B=none;M=20,20,20,20,|T=0,0,0,0,|B=2,15,1,50;;M=20,20,20,20,|T=0,0,0,0,|B=1,15,1,50;;M=20,20,20,20,|T=0,0,0,0,|B=3,15,1,50;;M=20,20,20,20,|T=0,0,0,0,|B=1,15,1,50;3,15,1,50;;M=20,20,20,20,|T=0,0,0,0,|B=1,15,1,50;2,15,1,50;3,15,1,50;",NaN,[],G002,"G002",1,UNIQUE_CONFIDENT,single_candidate_with_margin,0,0,1,3.25643380460733,3.92030684440745,0,0,0.000183,0.000265,0.000801,1,1,1
12,asynchronous,J_frozen_6,DOUBLE_M2,"M=20,20,20,20,|T=0,0,0,0,|B=2,15,1,50;2,15,1,50;",0,0,0,3,1170400003,2170400003,1180012002,6,6,"G001,G002,G003,MIRROR_M3,ADD_M1_M3,EXT_111","M=20,20,20,20,|T=0,0,0,0,|B=none;M=20,20,20,20,|T=0,0,0,0,|B=2,15,1,50;;M=20,20,20,20,|T=0,0,0,0,|B=1,15,1,50;;M=20,20,20,20,|T=0,0,0,0,|B=3,15,1,50;;M=20,20,20,20,|T=0,0,0,0,|B=1,15,1,50;3,15,1,50;;M=20,20,20,20,|T=0,0,0,0,|B=1,15,1,50;2,15,1,50;3,15,1,50;",NaN,[],G002,"G002",1,UNIQUE_CONFIDENT,single_candidate_with_margin,0,0,1,3.25643380460733,3.92030684440745,0,0,0.000183,0.000265,0.000786,1,1,1
12,asynchronous,B_ideal_ci,DOUBLE_M2,"M=20,20,20,20,|T=0,0,0,0,|B=2,15,1,50;2,15,1,50;",0,1,1,3,1170400003,2170400003,1180012002,1,6,"DOUBLE_M2","M=20,20,20,20,|T=0,0,0,0,|B=2,15,1,50;2,15,1,50;",1,[Inf;Inf;0.0188561808316;Inf;0.0115470053838;Inf;0;Inf;Inf;0.0188561808316;Inf;0.01490711985;Inf;Inf;0.0188561808316;Inf;Inf],DOUBLE_M2,"DOUBLE_M2",1,LOW_CONFIDENCE,insufficient_unique_margin,1,0,0,1.88033983755735,1.81118994160511,0.002321,0.002321,0.000183,0.000265,0.000504,0,1,1
12,asynchronous,C_estimated_ci,DOUBLE_M2,"M=20,20,20,20,|T=0,0,0,0,|B=2,15,1,50;2,15,1,50;",0,1,1,3,1170400003,2170400003,1180012002,3,6,"DOUBLE_M2,ADD_M2_M3,ADD_M1_M2","M=20,20,20,20,|T=0,0,0,0,|B=2,15,1,50;2,15,1,50;;M=20,20,20,20,|T=0,0,0,0,|B=2,15,1,50;3,15,1,50;;M=20,20,20,20,|T=0,0,0,0,|B=1,15,1,50;2,15,1,50;",1,[Inf;Inf;0.0187844314942;Inf;0.0115594555932;Inf;0.000244421297733;Inf;Inf;0.018942851029;Inf;0.0150090084038;Inf;Inf;0.018930814248;Inf;Inf],DOUBLE_M2,"DOUBLE_M2,ADD_M2_M3,ADD_M1_M2",3,MULTIPLE_AMBIGUOUS,multiple_candidates,1,0,0,1.88033983755735,1.81118994160511,0.00204,0.001592,0.000183,0.000265,0.000463,0,1,1
12,asynchronous,D_count_matched,DOUBLE_M2,"M=20,20,20,20,|T=0,0,0,0,|B=2,15,1,50;2,15,1,50;",0,1,1,3,1170400003,2170400003,1180012002,3,6,"ADD_M1_M2,DOUBLE_M2,DOUBLE_M3","M=20,20,20,20,|T=0,0,0,0,|B=1,15,1,50;2,15,1,50;;M=20,20,20,20,|T=0,0,0,0,|B=2,15,1,50;2,15,1,50;;M=20,20,20,20,|T=0,0,0,0,|B=3,15,1,50;3,15,1,50;",1,[],DOUBLE_M2,"ADD_M1_M2,DOUBLE_M2,DOUBLE_M3",3,MULTIPLE_AMBIGUOUS,multiple_candidates,1,0,0,1.88033983755735,1.81118994160511,0.000576,0.000576,0.000183,0.000265,0.000367,0,1,1
12,high_noise,A_D_samecal_3,DOUBLE_M2,"M=20,20,20,20,|T=0,0,0,0,|B=2,15,1,50;2,15,1,50;",0,0,0,3,1170400003,2170400003,1180012003,3,3,"G001,G002,G003","M=20,20,20,20,|T=0,0,0,0,|B=none;M=20,20,20,20,|T=0,0,0,0,|B=2,15,1,50;;M=20,20,20,20,|T=0,0,0,0,|B=1,15,1,50;",NaN,[],G002,"G002",1,UNIQUE_CONFIDENT,single_candidate_with_margin,0,0,1,2.92694847739593,4.08207559481191,0,0,0.000183,0.000224,0.000724,1,1,1
12,high_noise,A_D_samecal_6,DOUBLE_M2,"M=20,20,20,20,|T=0,0,0,0,|B=2,15,1,50;2,15,1,50;",0,0,0,3,1170400003,2170400003,1180012003,6,6,"G001,G002,G003,MIRROR_M3,ADD_M1_M3,EXT_111","M=20,20,20,20,|T=0,0,0,0,|B=none;M=20,20,20,20,|T=0,0,0,0,|B=2,15,1,50;;M=20,20,20,20,|T=0,0,0,0,|B=1,15,1,50;;M=20,20,20,20,|T=0,0,0,0,|B=3,15,1,50;;M=20,20,20,20,|T=0,0,0,0,|B=1,15,1,50;3,15,1,50;;M=20,20,20,20,|T=0,0,0,0,|B=1,15,1,50;2,15,1,50;3,15,1,50;",NaN,[],G002,"G002",1,UNIQUE_CONFIDENT,single_candidate_with_margin,0,0,1,3.25643380460733,3.92030684440745,0,0,0.000183,0.000224,0.000745,1,1,1
12,high_noise,J_frozen_6,DOUBLE_M2,"M=20,20,20,20,|T=0,0,0,0,|B=2,15,1,50;2,15,1,50;",0,0,0,3,1170400003,2170400003,1180012003,6,6,"G001,G002,G003,MIRROR_M3,ADD_M1_M3,EXT_111","M=20,20,20,20,|T=0,0,0,0,|B=none;M=20,20,20,20,|T=0,0,0,0,|B=2,15,1,50;;M=20,20,20,20,|T=0,0,0,0,|B=1,15,1,50;;M=20,20,20,20,|T=0,0,0,0,|B=3,15,1,50;;M=20,20,20,20,|T=0,0,0,0,|B=1,15,1,50;3,15,1,50;;M=20,20,20,20,|T=0,0,0,0,|B=1,15,1,50;2,15,1,50;3,15,1,50;",NaN,[],G002,"G002",1,UNIQUE_CONFIDENT,single_candidate_with_margin,0,0,1,3.25643380460733,3.92030684440745,0,0,0.000183,0.000224,0.000761,1,1,1
12,high_noise,B_ideal_ci,DOUBLE_M2,"M=20,20,20,20,|T=0,0,0,0,|B=2,15,1,50;2,15,1,50;",0,1,1,3,1170400003,2170400003,1180012003,1,6,"DOUBLE_M2","M=20,20,20,20,|T=0,0,0,0,|B=2,15,1,50;2,15,1,50;",1,[Inf;Inf;0.0188561808316;Inf;0.0115470053838;Inf;0;Inf;Inf;0.0188561808316;Inf;0.01490711985;Inf;Inf;0.0188561808316;Inf;Inf],DOUBLE_M2,"DOUBLE_M2",1,LOW_CONFIDENCE,insufficient_unique_margin,1,0,0,1.88033983755735,1.81118994160511,0.002321,0.002321,0.000183,0.000224,0.000437,0,1,1
12,high_noise,C_estimated_ci,DOUBLE_M2,"M=20,20,20,20,|T=0,0,0,0,|B=2,15,1,50;2,15,1,50;",0,1,1,3,1170400003,2170400003,1180012003,3,6,"DOUBLE_M2,ADD_M2_M3,ADD_M1_M2","M=20,20,20,20,|T=0,0,0,0,|B=2,15,1,50;2,15,1,50;;M=20,20,20,20,|T=0,0,0,0,|B=2,15,1,50;3,15,1,50;;M=20,20,20,20,|T=0,0,0,0,|B=1,15,1,50;2,15,1,50;",1,[Inf;Inf;0.0189143076037;Inf;0.0116577139927;Inf;0.000445518053176;Inf;Inf;0.0189340435035;Inf;0.0149262920442;Inf;Inf;0.0188084303347;Inf;Inf],DOUBLE_M2,"DOUBLE_M2,ADD_M2_M3,ADD_M1_M2",3,MULTIPLE_AMBIGUOUS,multiple_candidates,1,0,0,1.88033983755735,1.81118994160511,0.002216,0.001809,0.000183,0.000224,0.000416,0,1,1
12,high_noise,D_count_matched,DOUBLE_M2,"M=20,20,20,20,|T=0,0,0,0,|B=2,15,1,50;2,15,1,50;",0,1,1,3,1170400003,2170400003,1180012003,3,6,"DOUBLE_M3,ADD_M1_M3,DOUBLE_M2","M=20,20,20,20,|T=0,0,0,0,|B=3,15,1,50;3,15,1,50;;M=20,20,20,20,|T=0,0,0,0,|B=1,15,1,50;3,15,1,50;;M=20,20,20,20,|T=0,0,0,0,|B=2,15,1,50;2,15,1,50;",1,[],DOUBLE_M2,"DOUBLE_M3,ADD_M1_M3,DOUBLE_M2",3,MULTIPLE_AMBIGUOUS,multiple_candidates,1,0,0,1.88033983755735,1.81118994160511,0.000657,0.000657,0.000183,0.000224,0.000361,0,1,1
13,synchronous,A_D_samecal_3,ADD_M2_M3,"M=20,20,20,20,|T=0,0,0,0,|B=2,15,1,50;3,15,1,50;",0,0,0,3,1170500001,2170500001,1180013001,3,3,"G001,G002,G003","M=20,20,20,20,|T=0,0,0,0,|B=none;M=20,20,20,20,|T=0,0,0,0,|B=2,15,1,50;;M=20,20,20,20,|T=0,0,0,0,|B=1,15,1,50;",NaN,[],G001,"",0,REJECTED,empty_first_set,0,0,0,Inf,NaN,0,0,0.00011,0.000236,0.000906,1,2,1
13,synchronous,A_D_samecal_6,ADD_M2_M3,"M=20,20,20,20,|T=0,0,0,0,|B=2,15,1,50;3,15,1,50;",0,0,0,3,1170500001,2170500001,1180013001,6,6,"G001,G002,G003,MIRROR_M3,ADD_M1_M3,EXT_111","M=20,20,20,20,|T=0,0,0,0,|B=none;M=20,20,20,20,|T=0,0,0,0,|B=2,15,1,50;;M=20,20,20,20,|T=0,0,0,0,|B=1,15,1,50;;M=20,20,20,20,|T=0,0,0,0,|B=3,15,1,50;;M=20,20,20,20,|T=0,0,0,0,|B=1,15,1,50;3,15,1,50;;M=20,20,20,20,|T=0,0,0,0,|B=1,15,1,50;2,15,1,50;3,15,1,50;",NaN,[],ADD_M1_M3,"ADD_M1_M3",1,LOW_CONFIDENCE,insufficient_unique_margin,0,0,0,2.32148095140968,1.16865667622608,0,0,0.00011,0.000236,0.001445,1,2,2
13,synchronous,J_frozen_6,ADD_M2_M3,"M=20,20,20,20,|T=0,0,0,0,|B=2,15,1,50;3,15,1,50;",0,0,0,3,1170500001,2170500001,1180013001,6,6,"G001,G002,G003,MIRROR_M3,ADD_M1_M3,EXT_111","M=20,20,20,20,|T=0,0,0,0,|B=none;M=20,20,20,20,|T=0,0,0,0,|B=2,15,1,50;;M=20,20,20,20,|T=0,0,0,0,|B=1,15,1,50;;M=20,20,20,20,|T=0,0,0,0,|B=3,15,1,50;;M=20,20,20,20,|T=0,0,0,0,|B=1,15,1,50;3,15,1,50;;M=20,20,20,20,|T=0,0,0,0,|B=1,15,1,50;2,15,1,50;3,15,1,50;",NaN,[],ADD_M1_M3,"ADD_M1_M3",1,LOW_CONFIDENCE,insufficient_unique_margin,0,0,0,2.32148095140968,1.16865667622608,0,0,0.00011,0.000236,0.000881,1,2,2
13,synchronous,B_ideal_ci,ADD_M2_M3,"M=20,20,20,20,|T=0,0,0,0,|B=2,15,1,50;3,15,1,50;",0,1,1,3,1170500001,2170500001,1180013001,1,6,"ADD_M2_M3","M=20,20,20,20,|T=0,0,0,0,|B=2,15,1,50;3,15,1,50;",1,[Inf;Inf;0.01490711985;Inf;0;Inf;0.0115470053838;Inf;Inf;0.01490711985;Inf;0.0188561808316;Inf;Inf;0.0274873708375;Inf;Inf],ADD_M2_M3,"ADD_M2_M3",1,LOW_CONFIDENCE,insufficient_unique_margin,1,0,0,1.61845086375317,4.44089209850063e-16,0.001281,0.001281,0.00011,0.000236,0.000743,0,2,2
13,synchronous,C_estimated_ci,ADD_M2_M3,"M=20,20,20,20,|T=0,0,0,0,|B=2,15,1,50;3,15,1,50;",0,1,1,3,1170500001,2170500001,1180013001,3,6,"ADD_M2_M3,DOUBLE_M2,DOUBLE_M3","M=20,20,20,20,|T=0,0,0,0,|B=2,15,1,50;3,15,1,50;;M=20,20,20,20,|T=0,0,0,0,|B=2,15,1,50;2,15,1,50;;M=20,20,20,20,|T=0,0,0,0,|B=3,15,1,50;3,15,1,50;",1,[Inf;Inf;0.0148749374632;Inf;0.000257551991351;Inf;0.0115019272382;Inf;Inf;0.0149436724391;Inf;0.0188558039641;Inf;Inf;0.0274669985066;Inf;Inf],ADD_M2_M3,"ADD_M2_M3,DOUBLE_M2,DOUBLE_M3",3,MULTIPLE_AMBIGUOUS,multiple_candidates,1,0,0,1.61845086375317,4.44089209850063e-16,0.001638,0.001292,0.00011,0.000236,0.000587,0,2,2
13,synchronous,D_count_matched,ADD_M2_M3,"M=20,20,20,20,|T=0,0,0,0,|B=2,15,1,50;3,15,1,50;",0,1,1,3,1170500001,2170500001,1180013001,3,6,"ADD_M1_M3,ADD_M2_M3,ADD_M1_M2","M=20,20,20,20,|T=0,0,0,0,|B=1,15,1,50;3,15,1,50;;M=20,20,20,20,|T=0,0,0,0,|B=2,15,1,50;3,15,1,50;;M=20,20,20,20,|T=0,0,0,0,|B=1,15,1,50;2,15,1,50;",1,[],ADD_M2_M3,"ADD_M1_M3,ADD_M2_M3,ADD_M1_M2",3,MULTIPLE_AMBIGUOUS,multiple_candidates,1,0,0,1.61845086375317,4.44089209850063e-16,0.000706,0.000706,0.00011,0.000236,0.000467,0,2,2
13,asynchronous,A_D_samecal_3,ADD_M2_M3,"M=20,20,20,20,|T=0,0,0,0,|B=2,15,1,50;3,15,1,50;",0,0,0,3,1170500001,2170500001,1180013002,3,3,"G001,G002,G003","M=20,20,20,20,|T=0,0,0,0,|B=none;M=20,20,20,20,|T=0,0,0,0,|B=2,15,1,50;;M=20,20,20,20,|T=0,0,0,0,|B=1,15,1,50;",NaN,[],G001,"",0,REJECTED,empty_first_set,0,0,0,Inf,NaN,0,0,0.000145,0.000206,0.000644,1,2,1
13,asynchronous,A_D_samecal_6,ADD_M2_M3,"M=20,20,20,20,|T=0,0,0,0,|B=2,15,1,50;3,15,1,50;",0,0,0,3,1170500001,2170500001,1180013002,6,6,"G001,G002,G003,MIRROR_M3,ADD_M1_M3,EXT_111","M=20,20,20,20,|T=0,0,0,0,|B=none;M=20,20,20,20,|T=0,0,0,0,|B=2,15,1,50;;M=20,20,20,20,|T=0,0,0,0,|B=1,15,1,50;;M=20,20,20,20,|T=0,0,0,0,|B=3,15,1,50;;M=20,20,20,20,|T=0,0,0,0,|B=1,15,1,50;3,15,1,50;;M=20,20,20,20,|T=0,0,0,0,|B=1,15,1,50;2,15,1,50;3,15,1,50;",NaN,[],ADD_M1_M3,"ADD_M1_M3",1,LOW_CONFIDENCE,insufficient_unique_margin,0,0,0,2.32148095140968,1.16865667622608,0,0,0.000145,0.000206,0.000765,1,2,2
13,asynchronous,J_frozen_6,ADD_M2_M3,"M=20,20,20,20,|T=0,0,0,0,|B=2,15,1,50;3,15,1,50;",0,0,0,3,1170500001,2170500001,1180013002,6,6,"G001,G002,G003,MIRROR_M3,ADD_M1_M3,EXT_111","M=20,20,20,20,|T=0,0,0,0,|B=none;M=20,20,20,20,|T=0,0,0,0,|B=2,15,1,50;;M=20,20,20,20,|T=0,0,0,0,|B=1,15,1,50;;M=20,20,20,20,|T=0,0,0,0,|B=3,15,1,50;;M=20,20,20,20,|T=0,0,0,0,|B=1,15,1,50;3,15,1,50;;M=20,20,20,20,|T=0,0,0,0,|B=1,15,1,50;2,15,1,50;3,15,1,50;",NaN,[],ADD_M1_M3,"ADD_M1_M3",1,LOW_CONFIDENCE,insufficient_unique_margin,0,0,0,2.32148095140968,1.16865667622608,0,0,0.000145,0.000206,0.000815,1,2,2
13,asynchronous,B_ideal_ci,ADD_M2_M3,"M=20,20,20,20,|T=0,0,0,0,|B=2,15,1,50;3,15,1,50;",0,1,1,3,1170500001,2170500001,1180013002,1,6,"ADD_M2_M3","M=20,20,20,20,|T=0,0,0,0,|B=2,15,1,50;3,15,1,50;",1,[Inf;Inf;0.01490711985;Inf;0;Inf;0.0115470053838;Inf;Inf;0.01490711985;Inf;0.0188561808316;Inf;Inf;0.0274873708375;Inf;Inf],ADD_M2_M3,"ADD_M2_M3",1,LOW_CONFIDENCE,insufficient_unique_margin,1,0,0,1.61845086375317,4.44089209850063e-16,0.001281,0.001281,0.000145,0.000206,0.000429,0,2,2
13,asynchronous,C_estimated_ci,ADD_M2_M3,"M=20,20,20,20,|T=0,0,0,0,|B=2,15,1,50;3,15,1,50;",0,1,1,3,1170500001,2170500001,1180013002,3,6,"ADD_M2_M3,DOUBLE_M2,ADD_M1_M3","M=20,20,20,20,|T=0,0,0,0,|B=2,15,1,50;3,15,1,50;;M=20,20,20,20,|T=0,0,0,0,|B=2,15,1,50;2,15,1,50;;M=20,20,20,20,|T=0,0,0,0,|B=1,15,1,50;3,15,1,50;",1,[Inf;Inf;0.0149732345079;Inf;0.000176631925442;Inf;0.0115440484656;Inf;Inf;0.0148428127553;Inf;0.0188027377429;Inf;Inf;0.027448924741;Inf;Inf],ADD_M2_M3,"ADD_M2_M3,DOUBLE_M2,ADD_M1_M3",3,MULTIPLE_AMBIGUOUS,multiple_candidates,1,0,0,1.61845086375317,4.44089209850063e-16,0.001742,0.001391,0.000145,0.000206,0.000438,0,2,2
13,asynchronous,D_count_matched,ADD_M2_M3,"M=20,20,20,20,|T=0,0,0,0,|B=2,15,1,50;3,15,1,50;",0,1,1,3,1170500001,2170500001,1180013002,3,6,"ADD_M2_M3,DOUBLE_M1,ADD_M1_M2","M=20,20,20,20,|T=0,0,0,0,|B=2,15,1,50;3,15,1,50;;M=20,20,20,20,|T=0,0,0,0,|B=1,15,1,50;1,15,1,50;;M=20,20,20,20,|T=0,0,0,0,|B=1,15,1,50;2,15,1,50;",1,[],ADD_M2_M3,"ADD_M2_M3,DOUBLE_M1,ADD_M1_M2",3,MULTIPLE_AMBIGUOUS,multiple_candidates,1,0,0,1.61845086375317,4.44089209850063e-16,0.000548,0.000548,0.000145,0.000206,0.000447,0,2,2
13,high_noise,A_D_samecal_3,ADD_M2_M3,"M=20,20,20,20,|T=0,0,0,0,|B=2,15,1,50;3,15,1,50;",0,0,0,3,1170500001,2170500001,1180013003,3,3,"G001,G002,G003","M=20,20,20,20,|T=0,0,0,0,|B=none;M=20,20,20,20,|T=0,0,0,0,|B=2,15,1,50;;M=20,20,20,20,|T=0,0,0,0,|B=1,15,1,50;",NaN,[],G001,"",0,REJECTED,empty_first_set,0,0,0,Inf,NaN,0,0,0.000145,0.000207,0.000383,1,2,1
13,high_noise,A_D_samecal_6,ADD_M2_M3,"M=20,20,20,20,|T=0,0,0,0,|B=2,15,1,50;3,15,1,50;",0,0,0,3,1170500001,2170500001,1180013003,6,6,"G001,G002,G003,MIRROR_M3,ADD_M1_M3,EXT_111","M=20,20,20,20,|T=0,0,0,0,|B=none;M=20,20,20,20,|T=0,0,0,0,|B=2,15,1,50;;M=20,20,20,20,|T=0,0,0,0,|B=1,15,1,50;;M=20,20,20,20,|T=0,0,0,0,|B=3,15,1,50;;M=20,20,20,20,|T=0,0,0,0,|B=1,15,1,50;3,15,1,50;;M=20,20,20,20,|T=0,0,0,0,|B=1,15,1,50;2,15,1,50;3,15,1,50;",NaN,[],ADD_M1_M3,"ADD_M1_M3",1,LOW_CONFIDENCE,insufficient_unique_margin,0,0,0,2.32148095140968,1.16865667622608,0,0,0.000145,0.000207,0.000738,1,2,2
13,high_noise,J_frozen_6,ADD_M2_M3,"M=20,20,20,20,|T=0,0,0,0,|B=2,15,1,50;3,15,1,50;",0,0,0,3,1170500001,2170500001,1180013003,6,6,"G001,G002,G003,MIRROR_M3,ADD_M1_M3,EXT_111","M=20,20,20,20,|T=0,0,0,0,|B=none;M=20,20,20,20,|T=0,0,0,0,|B=2,15,1,50;;M=20,20,20,20,|T=0,0,0,0,|B=1,15,1,50;;M=20,20,20,20,|T=0,0,0,0,|B=3,15,1,50;;M=20,20,20,20,|T=0,0,0,0,|B=1,15,1,50;3,15,1,50;;M=20,20,20,20,|T=0,0,0,0,|B=1,15,1,50;2,15,1,50;3,15,1,50;",NaN,[],ADD_M1_M3,"ADD_M1_M3",1,LOW_CONFIDENCE,insufficient_unique_margin,0,0,0,2.32148095140968,1.16865667622608,0,0,0.000145,0.000207,0.00083,1,2,2
13,high_noise,B_ideal_ci,ADD_M2_M3,"M=20,20,20,20,|T=0,0,0,0,|B=2,15,1,50;3,15,1,50;",0,1,1,3,1170500001,2170500001,1180013003,1,6,"ADD_M2_M3","M=20,20,20,20,|T=0,0,0,0,|B=2,15,1,50;3,15,1,50;",1,[Inf;Inf;0.01490711985;Inf;0;Inf;0.0115470053838;Inf;Inf;0.01490711985;Inf;0.0188561808316;Inf;Inf;0.0274873708375;Inf;Inf],ADD_M2_M3,"ADD_M2_M3",1,LOW_CONFIDENCE,insufficient_unique_margin,1,0,0,1.61845086375317,4.44089209850063e-16,0.001281,0.001281,0.000145,0.000207,0.000439,0,2,2
13,high_noise,C_estimated_ci,ADD_M2_M3,"M=20,20,20,20,|T=0,0,0,0,|B=2,15,1,50;3,15,1,50;",0,1,1,3,1170500001,2170500001,1180013003,3,6,"ADD_M2_M3,DOUBLE_M2,ADD_M1_M3","M=20,20,20,20,|T=0,0,0,0,|B=2,15,1,50;3,15,1,50;;M=20,20,20,20,|T=0,0,0,0,|B=2,15,1,50;2,15,1,50;;M=20,20,20,20,|T=0,0,0,0,|B=1,15,1,50;3,15,1,50;",1,[Inf;Inf;0.0152464421505;Inf;0.00046818415653;Inf;0.0114606205854;Inf;Inf;0.0145749387307;Inf;0.0185352493051;Inf;Inf;0.0272277204567;Inf;Inf],ADD_M2_M3,"ADD_M2_M3,DOUBLE_M2,ADD_M1_M3",3,MULTIPLE_AMBIGUOUS,multiple_candidates,1,0,0,1.61845086375317,4.44089209850063e-16,0.001635,0.001283,0.000145,0.000207,0.000565,0,2,2
13,high_noise,D_count_matched,ADD_M2_M3,"M=20,20,20,20,|T=0,0,0,0,|B=2,15,1,50;3,15,1,50;",0,0,0,3,1170500001,2170500001,1180013003,3,6,"ADD_M1_M3,ADD_M1_M2,DOUBLE_M3","M=20,20,20,20,|T=0,0,0,0,|B=1,15,1,50;3,15,1,50;;M=20,20,20,20,|T=0,0,0,0,|B=1,15,1,50;2,15,1,50;;M=20,20,20,20,|T=0,0,0,0,|B=3,15,1,50;3,15,1,50;",1,[],ADD_M1_M2,"ADD_M1_M3,ADD_M1_M2,DOUBLE_M3",3,MULTIPLE_AMBIGUOUS,multiple_candidates,0,0,0,1.61845086375317,-4.44089209850063e-16,0.00048,0.00048,0.000145,0.000207,0.000475,2,2,1
14,synchronous,A_D_samecal_3,ADD_M2_M3,"M=20,20,20,20,|T=0,0,0,0,|B=2,15,1,50;3,15,1,50;",0,0,0,3,1170500002,2170500002,1180014001,3,3,"G001,G002,G003","M=20,20,20,20,|T=0,0,0,0,|B=none;M=20,20,20,20,|T=0,0,0,0,|B=2,15,1,50;;M=20,20,20,20,|T=0,0,0,0,|B=1,15,1,50;",NaN,[],G001,"",0,REJECTED,empty_first_set,0,0,0,Inf,NaN,0,0,0.000112,0.000203,0.000489,1,2,1
14,synchronous,A_D_samecal_6,ADD_M2_M3,"M=20,20,20,20,|T=0,0,0,0,|B=2,15,1,50;3,15,1,50;",0,0,0,3,1170500002,2170500002,1180014001,6,6,"G001,G002,G003,MIRROR_M3,ADD_M1_M3,EXT_111","M=20,20,20,20,|T=0,0,0,0,|B=none;M=20,20,20,20,|T=0,0,0,0,|B=2,15,1,50;;M=20,20,20,20,|T=0,0,0,0,|B=1,15,1,50;;M=20,20,20,20,|T=0,0,0,0,|B=3,15,1,50;;M=20,20,20,20,|T=0,0,0,0,|B=1,15,1,50;3,15,1,50;;M=20,20,20,20,|T=0,0,0,0,|B=1,15,1,50;2,15,1,50;3,15,1,50;",NaN,[],G001,"",0,REJECTED,empty_first_set,0,0,0,Inf,NaN,0,0,0.000112,0.000203,0.000478,1,2,2
14,synchronous,J_frozen_6,ADD_M2_M3,"M=20,20,20,20,|T=0,0,0,0,|B=2,15,1,50;3,15,1,50;",0,0,0,3,1170500002,2170500002,1180014001,6,6,"G001,G002,G003,MIRROR_M3,ADD_M1_M3,EXT_111","M=20,20,20,20,|T=0,0,0,0,|B=none;M=20,20,20,20,|T=0,0,0,0,|B=2,15,1,50;;M=20,20,20,20,|T=0,0,0,0,|B=1,15,1,50;;M=20,20,20,20,|T=0,0,0,0,|B=3,15,1,50;;M=20,20,20,20,|T=0,0,0,0,|B=1,15,1,50;3,15,1,50;;M=20,20,20,20,|T=0,0,0,0,|B=1,15,1,50;2,15,1,50;3,15,1,50;",NaN,[],G001,"",0,REJECTED,empty_first_set,0,0,0,Inf,NaN,0,0,0.000112,0.000203,0.000492,1,2,2
14,synchronous,B_ideal_ci,ADD_M2_M3,"M=20,20,20,20,|T=0,0,0,0,|B=2,15,1,50;3,15,1,50;",0,1,1,3,1170500002,2170500002,1180014001,1,6,"ADD_M2_M3","M=20,20,20,20,|T=0,0,0,0,|B=2,15,1,50;3,15,1,50;",1,[Inf;Inf;0.01490711985;Inf;0;Inf;0.0115470053838;Inf;Inf;0.01490711985;Inf;0.0188561808316;Inf;Inf;0.0274873708375;Inf;Inf],ADD_M2_M3,"ADD_M2_M3",1,LOW_CONFIDENCE,insufficient_unique_margin,1,0,0,2.94003563139745,-4.44089209850063e-16,0.001292,0.001292,0.000112,0.000203,0.000446,0,2,2
14,synchronous,C_estimated_ci,ADD_M2_M3,"M=20,20,20,20,|T=0,0,0,0,|B=2,15,1,50;3,15,1,50;",0,1,1,3,1170500002,2170500002,1180014001,3,6,"ADD_M2_M3,DOUBLE_M2,DOUBLE_M3","M=20,20,20,20,|T=0,0,0,0,|B=2,15,1,50;3,15,1,50;;M=20,20,20,20,|T=0,0,0,0,|B=2,15,1,50;2,15,1,50;;M=20,20,20,20,|T=0,0,0,0,|B=3,15,1,50;3,15,1,50;",1,[Inf;Inf;0.0147572332251;Inf;0.000192887757895;Inf;0.0114474986822;Inf;Inf;0.0150579853685;Inf;0.0189143052674;Inf;Inf;0.0274850073823;Inf;Inf],ADD_M2_M3,"ADD_M2_M3,DOUBLE_M2,DOUBLE_M3",3,MULTIPLE_AMBIGUOUS,multiple_candidates,1,0,0,2.94003563139745,-4.44089209850063e-16,0.001456,0.001141,0.000112,0.000203,0.000422,0,2,2
14,synchronous,D_count_matched,ADD_M2_M3,"M=20,20,20,20,|T=0,0,0,0,|B=2,15,1,50;3,15,1,50;",0,1,1,3,1170500002,2170500002,1180014001,3,6,"ADD_M1_M3,DOUBLE_M3,ADD_M2_M3","M=20,20,20,20,|T=0,0,0,0,|B=1,15,1,50;3,15,1,50;;M=20,20,20,20,|T=0,0,0,0,|B=3,15,1,50;3,15,1,50;;M=20,20,20,20,|T=0,0,0,0,|B=2,15,1,50;3,15,1,50;",1,[],ADD_M2_M3,"ADD_M1_M3,DOUBLE_M3,ADD_M2_M3",3,MULTIPLE_AMBIGUOUS,multiple_candidates,1,0,0,2.94003563139745,-4.44089209850063e-16,0.000481,0.000481,0.000112,0.000203,0.00044,0,2,2
14,asynchronous,A_D_samecal_3,ADD_M2_M3,"M=20,20,20,20,|T=0,0,0,0,|B=2,15,1,50;3,15,1,50;",0,0,0,3,1170500002,2170500002,1180014002,3,3,"G001,G002,G003","M=20,20,20,20,|T=0,0,0,0,|B=none;M=20,20,20,20,|T=0,0,0,0,|B=2,15,1,50;;M=20,20,20,20,|T=0,0,0,0,|B=1,15,1,50;",NaN,[],G001,"",0,REJECTED,empty_first_set,0,0,0,Inf,NaN,0,0,0.000152,0.000227,0.000487,1,2,1
14,asynchronous,A_D_samecal_6,ADD_M2_M3,"M=20,20,20,20,|T=0,0,0,0,|B=2,15,1,50;3,15,1,50;",0,0,0,3,1170500002,2170500002,1180014002,6,6,"G001,G002,G003,MIRROR_M3,ADD_M1_M3,EXT_111","M=20,20,20,20,|T=0,0,0,0,|B=none;M=20,20,20,20,|T=0,0,0,0,|B=2,15,1,50;;M=20,20,20,20,|T=0,0,0,0,|B=1,15,1,50;;M=20,20,20,20,|T=0,0,0,0,|B=3,15,1,50;;M=20,20,20,20,|T=0,0,0,0,|B=1,15,1,50;3,15,1,50;;M=20,20,20,20,|T=0,0,0,0,|B=1,15,1,50;2,15,1,50;3,15,1,50;",NaN,[],G001,"",0,REJECTED,empty_first_set,0,0,0,Inf,NaN,0,0,0.000152,0.000227,0.000475,1,2,2
14,asynchronous,J_frozen_6,ADD_M2_M3,"M=20,20,20,20,|T=0,0,0,0,|B=2,15,1,50;3,15,1,50;",0,0,0,3,1170500002,2170500002,1180014002,6,6,"G001,G002,G003,MIRROR_M3,ADD_M1_M3,EXT_111","M=20,20,20,20,|T=0,0,0,0,|B=none;M=20,20,20,20,|T=0,0,0,0,|B=2,15,1,50;;M=20,20,20,20,|T=0,0,0,0,|B=1,15,1,50;;M=20,20,20,20,|T=0,0,0,0,|B=3,15,1,50;;M=20,20,20,20,|T=0,0,0,0,|B=1,15,1,50;3,15,1,50;;M=20,20,20,20,|T=0,0,0,0,|B=1,15,1,50;2,15,1,50;3,15,1,50;",NaN,[],G001,"",0,REJECTED,empty_first_set,0,0,0,Inf,NaN,0,0,0.000152,0.000227,0.00081,1,2,2
14,asynchronous,B_ideal_ci,ADD_M2_M3,"M=20,20,20,20,|T=0,0,0,0,|B=2,15,1,50;3,15,1,50;",0,1,1,3,1170500002,2170500002,1180014002,1,6,"ADD_M2_M3","M=20,20,20,20,|T=0,0,0,0,|B=2,15,1,50;3,15,1,50;",1,[Inf;Inf;0.01490711985;Inf;0;Inf;0.0115470053838;Inf;Inf;0.01490711985;Inf;0.0188561808316;Inf;Inf;0.0274873708375;Inf;Inf],ADD_M2_M3,"ADD_M2_M3",1,LOW_CONFIDENCE,insufficient_unique_margin,1,0,0,2.94003563139745,-4.44089209850063e-16,0.001292,0.001292,0.000152,0.000227,0.000436,0,2,2
14,asynchronous,C_estimated_ci,ADD_M2_M3,"M=20,20,20,20,|T=0,0,0,0,|B=2,15,1,50;3,15,1,50;",0,0,0,3,1170500002,2170500002,1180014002,3,6,"DOUBLE_M1,DOUBLE_M2,ADD_M1_M2","M=20,20,20,20,|T=0,0,0,0,|B=1,15,1,50;1,15,1,50;;M=20,20,20,20,|T=0,0,0,0,|B=2,15,1,50;2,15,1,50;;M=20,20,20,20,|T=0,0,0,0,|B=1,15,1,50;2,15,1,50;",4,[Inf;Inf;0.035871556173;Inf;0.0293905749548;Inf;0.0207431401811;Inf;Inf;0.0297537845411;Inf;0.0212546386212;Inf;Inf;0.0168789305936;Inf;Inf],ADD_M1_M2,"DOUBLE_M1,DOUBLE_M2,ADD_M1_M2",3,MULTIPLE_AMBIGUOUS,multiple_candidates,0,0,0,2.94003563139745,4.44089209850063e-16,0.002059,0.00168,0.000152,0.000227,0.000424,2,2,1
14,asynchronous,D_count_matched,ADD_M2_M3,"M=20,20,20,20,|T=0,0,0,0,|B=2,15,1,50;3,15,1,50;",0,0,0,3,1170500002,2170500002,1180014002,3,6,"DOUBLE_M2,DOUBLE_M1,ADD_M1_M2","M=20,20,20,20,|T=0,0,0,0,|B=2,15,1,50;2,15,1,50;;M=20,20,20,20,|T=0,0,0,0,|B=1,15,1,50;1,15,1,50;;M=20,20,20,20,|T=0,0,0,0,|B=1,15,1,50;2,15,1,50;",4,[],ADD_M1_M2,"DOUBLE_M2,DOUBLE_M1,ADD_M1_M2",3,MULTIPLE_AMBIGUOUS,multiple_candidates,0,0,0,2.94003563139745,4.44089209850063e-16,0.000509,0.000509,0.000152,0.000227,0.000361,2,2,1
14,high_noise,A_D_samecal_3,ADD_M2_M3,"M=20,20,20,20,|T=0,0,0,0,|B=2,15,1,50;3,15,1,50;",0,0,0,3,1170500002,2170500002,1180014003,3,3,"G001,G002,G003","M=20,20,20,20,|T=0,0,0,0,|B=none;M=20,20,20,20,|T=0,0,0,0,|B=2,15,1,50;;M=20,20,20,20,|T=0,0,0,0,|B=1,15,1,50;",NaN,[],G001,"",0,REJECTED,empty_first_set,0,0,0,Inf,NaN,0,0,0.000126,0.000228,0.000415,1,2,1
14,high_noise,A_D_samecal_6,ADD_M2_M3,"M=20,20,20,20,|T=0,0,0,0,|B=2,15,1,50;3,15,1,50;",0,0,0,3,1170500002,2170500002,1180014003,6,6,"G001,G002,G003,MIRROR_M3,ADD_M1_M3,EXT_111","M=20,20,20,20,|T=0,0,0,0,|B=none;M=20,20,20,20,|T=0,0,0,0,|B=2,15,1,50;;M=20,20,20,20,|T=0,0,0,0,|B=1,15,1,50;;M=20,20,20,20,|T=0,0,0,0,|B=3,15,1,50;;M=20,20,20,20,|T=0,0,0,0,|B=1,15,1,50;3,15,1,50;;M=20,20,20,20,|T=0,0,0,0,|B=1,15,1,50;2,15,1,50;3,15,1,50;",NaN,[],G001,"",0,REJECTED,empty_first_set,0,0,0,Inf,NaN,0,0,0.000126,0.000228,0.000463,1,2,2
14,high_noise,J_frozen_6,ADD_M2_M3,"M=20,20,20,20,|T=0,0,0,0,|B=2,15,1,50;3,15,1,50;",0,0,0,3,1170500002,2170500002,1180014003,6,6,"G001,G002,G003,MIRROR_M3,ADD_M1_M3,EXT_111","M=20,20,20,20,|T=0,0,0,0,|B=none;M=20,20,20,20,|T=0,0,0,0,|B=2,15,1,50;;M=20,20,20,20,|T=0,0,0,0,|B=1,15,1,50;;M=20,20,20,20,|T=0,0,0,0,|B=3,15,1,50;;M=20,20,20,20,|T=0,0,0,0,|B=1,15,1,50;3,15,1,50;;M=20,20,20,20,|T=0,0,0,0,|B=1,15,1,50;2,15,1,50;3,15,1,50;",NaN,[],G001,"",0,REJECTED,empty_first_set,0,0,0,Inf,NaN,0,0,0.000126,0.000228,0.000465,1,2,2
14,high_noise,B_ideal_ci,ADD_M2_M3,"M=20,20,20,20,|T=0,0,0,0,|B=2,15,1,50;3,15,1,50;",0,1,1,3,1170500002,2170500002,1180014003,1,6,"ADD_M2_M3","M=20,20,20,20,|T=0,0,0,0,|B=2,15,1,50;3,15,1,50;",1,[Inf;Inf;0.01490711985;Inf;0;Inf;0.0115470053838;Inf;Inf;0.01490711985;Inf;0.0188561808316;Inf;Inf;0.0274873708375;Inf;Inf],ADD_M2_M3,"ADD_M2_M3",1,LOW_CONFIDENCE,insufficient_unique_margin,1,0,0,2.94003563139745,-4.44089209850063e-16,0.001292,0.001292,0.000126,0.000228,0.000436,0,2,2
14,high_noise,C_estimated_ci,ADD_M2_M3,"M=20,20,20,20,|T=0,0,0,0,|B=2,15,1,50;3,15,1,50;",0,1,1,3,1170500002,2170500002,1180014003,3,6,"ADD_M2_M3,DOUBLE_M2,ADD_M1_M3","M=20,20,20,20,|T=0,0,0,0,|B=2,15,1,50;3,15,1,50;;M=20,20,20,20,|T=0,0,0,0,|B=2,15,1,50;2,15,1,50;;M=20,20,20,20,|T=0,0,0,0,|B=1,15,1,50;3,15,1,50;",1,[Inf;Inf;0.0149827735249;Inf;0.000182757909846;Inf;0.011524994312;Inf;Inf;0.0148333321561;Inf;0.0187834990428;Inf;Inf;0.0274276976138;Inf;Inf],ADD_M2_M3,"ADD_M2_M3,DOUBLE_M2,ADD_M1_M3",3,MULTIPLE_AMBIGUOUS,multiple_candidates,1,0,0,2.94003563139745,-4.44089209850063e-16,0.001629,0.001275,0.000126,0.000228,0.000463,0,2,2
14,high_noise,D_count_matched,ADD_M2_M3,"M=20,20,20,20,|T=0,0,0,0,|B=2,15,1,50;3,15,1,50;",0,1,1,3,1170500002,2170500002,1180014003,3,6,"ADD_M2_M3,DOUBLE_M2,ADD_M1_M2","M=20,20,20,20,|T=0,0,0,0,|B=2,15,1,50;3,15,1,50;;M=20,20,20,20,|T=0,0,0,0,|B=2,15,1,50;2,15,1,50;;M=20,20,20,20,|T=0,0,0,0,|B=1,15,1,50;2,15,1,50;",1,[],ADD_M1_M2,"ADD_M2_M3,DOUBLE_M2,ADD_M1_M2",3,MULTIPLE_AMBIGUOUS,multiple_candidates,1,0,0,2.94003563139745,4.44089209850063e-16,0.000461,0.000461,0.000126,0.000228,0.000378,0,2,2
15,synchronous,A_D_samecal_3,ADD_M2_M3,"M=20,20,20,20,|T=0,0,0,0,|B=2,15,1,50;3,15,1,50;",0,0,0,3,1170500003,2170500003,1180015001,3,3,"G001,G002,G003","M=20,20,20,20,|T=0,0,0,0,|B=none;M=20,20,20,20,|T=0,0,0,0,|B=2,15,1,50;;M=20,20,20,20,|T=0,0,0,0,|B=1,15,1,50;",NaN,[],G001,"",0,REJECTED,empty_first_set,0,0,0,Inf,NaN,0,0,0.000121,0.000202,0.000478,1,2,1
15,synchronous,A_D_samecal_6,ADD_M2_M3,"M=20,20,20,20,|T=0,0,0,0,|B=2,15,1,50;3,15,1,50;",0,0,0,3,1170500003,2170500003,1180015001,6,6,"G001,G002,G003,MIRROR_M3,ADD_M1_M3,EXT_111","M=20,20,20,20,|T=0,0,0,0,|B=none;M=20,20,20,20,|T=0,0,0,0,|B=2,15,1,50;;M=20,20,20,20,|T=0,0,0,0,|B=1,15,1,50;;M=20,20,20,20,|T=0,0,0,0,|B=3,15,1,50;;M=20,20,20,20,|T=0,0,0,0,|B=1,15,1,50;3,15,1,50;;M=20,20,20,20,|T=0,0,0,0,|B=1,15,1,50;2,15,1,50;3,15,1,50;",NaN,[],ADD_M1_M3,"ADD_M1_M3,EXT_111",2,MULTIPLE_AMBIGUOUS,multiple_candidates,0,0,0,2.04100439536898,1.28423598107773,0,0,0.000121,0.000202,0.001718,1,2,2
15,synchronous,J_frozen_6,ADD_M2_M3,"M=20,20,20,20,|T=0,0,0,0,|B=2,15,1,50;3,15,1,50;",0,0,0,3,1170500003,2170500003,1180015001,6,6,"G001,G002,G003,MIRROR_M3,ADD_M1_M3,EXT_111","M=20,20,20,20,|T=0,0,0,0,|B=none;M=20,20,20,20,|T=0,0,0,0,|B=2,15,1,50;;M=20,20,20,20,|T=0,0,0,0,|B=1,15,1,50;;M=20,20,20,20,|T=0,0,0,0,|B=3,15,1,50;;M=20,20,20,20,|T=0,0,0,0,|B=1,15,1,50;3,15,1,50;;M=20,20,20,20,|T=0,0,0,0,|B=1,15,1,50;2,15,1,50;3,15,1,50;",NaN,[],ADD_M1_M3,"ADD_M1_M3,EXT_111",2,MULTIPLE_AMBIGUOUS,multiple_candidates,0,0,0,2.04100439536898,1.28423598107773,0,0,0.000121,0.000202,0.001201,1,2,2
15,synchronous,B_ideal_ci,ADD_M2_M3,"M=20,20,20,20,|T=0,0,0,0,|B=2,15,1,50;3,15,1,50;",0,1,1,3,1170500003,2170500003,1180015001,1,6,"ADD_M2_M3","M=20,20,20,20,|T=0,0,0,0,|B=2,15,1,50;3,15,1,50;",1,[Inf;Inf;0.01490711985;Inf;0;Inf;0.0115470053838;Inf;Inf;0.01490711985;Inf;0.0188561808316;Inf;Inf;0.0274873708375;Inf;Inf],ADD_M2_M3,"ADD_M2_M3",1,LOW_CONFIDENCE,insufficient_unique_margin,1,0,0,0.976384192887876,4.44089209850063e-16,0.00132,0.00132,0.000121,0.000202,0.00062,0,2,2
15,synchronous,C_estimated_ci,ADD_M2_M3,"M=20,20,20,20,|T=0,0,0,0,|B=2,15,1,50;3,15,1,50;",0,1,1,3,1170500003,2170500003,1180015001,3,6,"ADD_M2_M3,DOUBLE_M2,ADD_M1_M3","M=20,20,20,20,|T=0,0,0,0,|B=2,15,1,50;3,15,1,50;;M=20,20,20,20,|T=0,0,0,0,|B=2,15,1,50;2,15,1,50;;M=20,20,20,20,|T=0,0,0,0,|B=1,15,1,50;3,15,1,50;",1,[Inf;Inf;0.0150586296149;Inf;0.000196108995581;Inf;0.0115281225795;Inf;Inf;0.0147566607348;Inf;0.0187248014011;Inf;Inf;0.0273887569204;Inf;Inf],ADD_M2_M3,"ADD_M2_M3,DOUBLE_M2,ADD_M1_M3",3,MULTIPLE_AMBIGUOUS,multiple_candidates,1,0,0,0.976384192887876,4.44089209850063e-16,0.001589,0.001266,0.000121,0.000202,0.000539,0,2,2
15,synchronous,D_count_matched,ADD_M2_M3,"M=20,20,20,20,|T=0,0,0,0,|B=2,15,1,50;3,15,1,50;",0,0,0,3,1170500003,2170500003,1180015001,3,6,"DOUBLE_M3,ADD_M1_M3,ADD_M1_M2","M=20,20,20,20,|T=0,0,0,0,|B=3,15,1,50;3,15,1,50;;M=20,20,20,20,|T=0,0,0,0,|B=1,15,1,50;3,15,1,50;;M=20,20,20,20,|T=0,0,0,0,|B=1,15,1,50;2,15,1,50;",1,[],ADD_M1_M2,"DOUBLE_M3,ADD_M1_M3,ADD_M1_M2",3,MULTIPLE_AMBIGUOUS,multiple_candidates,0,0,0,0.976384192887876,-4.44089209850063e-16,0.000511,0.000511,0.000121,0.000202,0.000425,2,2,1
15,asynchronous,A_D_samecal_3,ADD_M2_M3,"M=20,20,20,20,|T=0,0,0,0,|B=2,15,1,50;3,15,1,50;",0,0,0,3,1170500003,2170500003,1180015002,3,3,"G001,G002,G003","M=20,20,20,20,|T=0,0,0,0,|B=none;M=20,20,20,20,|T=0,0,0,0,|B=2,15,1,50;;M=20,20,20,20,|T=0,0,0,0,|B=1,15,1,50;",NaN,[],G001,"",0,REJECTED,empty_first_set,0,0,0,Inf,NaN,0,0,0.000188,0.000314,0.000627,1,2,1
15,asynchronous,A_D_samecal_6,ADD_M2_M3,"M=20,20,20,20,|T=0,0,0,0,|B=2,15,1,50;3,15,1,50;",0,0,0,3,1170500003,2170500003,1180015002,6,6,"G001,G002,G003,MIRROR_M3,ADD_M1_M3,EXT_111","M=20,20,20,20,|T=0,0,0,0,|B=none;M=20,20,20,20,|T=0,0,0,0,|B=2,15,1,50;;M=20,20,20,20,|T=0,0,0,0,|B=1,15,1,50;;M=20,20,20,20,|T=0,0,0,0,|B=3,15,1,50;;M=20,20,20,20,|T=0,0,0,0,|B=1,15,1,50;3,15,1,50;;M=20,20,20,20,|T=0,0,0,0,|B=1,15,1,50;2,15,1,50;3,15,1,50;",NaN,[],ADD_M1_M3,"ADD_M1_M3,EXT_111",2,MULTIPLE_AMBIGUOUS,multiple_candidates,0,0,0,2.04100439536898,1.28423598107773,0,0,0.000188,0.000314,0.000894,1,2,2
15,asynchronous,J_frozen_6,ADD_M2_M3,"M=20,20,20,20,|T=0,0,0,0,|B=2,15,1,50;3,15,1,50;",0,0,0,3,1170500003,2170500003,1180015002,6,6,"G001,G002,G003,MIRROR_M3,ADD_M1_M3,EXT_111","M=20,20,20,20,|T=0,0,0,0,|B=none;M=20,20,20,20,|T=0,0,0,0,|B=2,15,1,50;;M=20,20,20,20,|T=0,0,0,0,|B=1,15,1,50;;M=20,20,20,20,|T=0,0,0,0,|B=3,15,1,50;;M=20,20,20,20,|T=0,0,0,0,|B=1,15,1,50;3,15,1,50;;M=20,20,20,20,|T=0,0,0,0,|B=1,15,1,50;2,15,1,50;3,15,1,50;",NaN,[],ADD_M1_M3,"ADD_M1_M3,EXT_111",2,MULTIPLE_AMBIGUOUS,multiple_candidates,0,0,0,2.04100439536898,1.28423598107773,0,0,0.000188,0.000314,0.000866,1,2,2
15,asynchronous,B_ideal_ci,ADD_M2_M3,"M=20,20,20,20,|T=0,0,0,0,|B=2,15,1,50;3,15,1,50;",0,1,1,3,1170500003,2170500003,1180015002,1,6,"ADD_M2_M3","M=20,20,20,20,|T=0,0,0,0,|B=2,15,1,50;3,15,1,50;",1,[Inf;Inf;0.01490711985;Inf;0;Inf;0.0115470053838;Inf;Inf;0.01490711985;Inf;0.0188561808316;Inf;Inf;0.0274873708375;Inf;Inf],ADD_M2_M3,"ADD_M2_M3",1,LOW_CONFIDENCE,insufficient_unique_margin,1,0,0,0.976384192887876,4.44089209850063e-16,0.00132,0.00132,0.000188,0.000314,0.000474,0,2,2
15,asynchronous,C_estimated_ci,ADD_M2_M3,"M=20,20,20,20,|T=0,0,0,0,|B=2,15,1,50;3,15,1,50;",0,1,1,3,1170500003,2170500003,1180015002,3,6,"DOUBLE_M2,ADD_M1_M2,ADD_M2_M3","M=20,20,20,20,|T=0,0,0,0,|B=2,15,1,50;2,15,1,50;;M=20,20,20,20,|T=0,0,0,0,|B=1,15,1,50;2,15,1,50;;M=20,20,20,20,|T=0,0,0,0,|B=2,15,1,50;3,15,1,50;",3,[Inf;Inf;0.0360246422691;Inf;0.0300849442044;Inf;0.0273785721819;Inf;Inf;0.0309334338442;Inf;0.0283082969521;Inf;Inf;0.0302077587704;Inf;Inf],ADD_M2_M3,"DOUBLE_M2,ADD_M1_M2,ADD_M2_M3",3,MULTIPLE_AMBIGUOUS,multiple_candidates,1,0,0,0.976384192887876,4.44089209850063e-16,0.002295,0.001793,0.000188,0.000314,0.000482,0,2,2
15,asynchronous,D_count_matched,ADD_M2_M3,"M=20,20,20,20,|T=0,0,0,0,|B=2,15,1,50;3,15,1,50;",0,0,0,3,1170500003,2170500003,1180015002,3,6,"DOUBLE_M1,DOUBLE_M2,ADD_M1_M2","M=20,20,20,20,|T=0,0,0,0,|B=1,15,1,50;1,15,1,50;;M=20,20,20,20,|T=0,0,0,0,|B=2,15,1,50;2,15,1,50;;M=20,20,20,20,|T=0,0,0,0,|B=1,15,1,50;2,15,1,50;",3,[],ADD_M1_M2,"DOUBLE_M1,DOUBLE_M2,ADD_M1_M2",3,MULTIPLE_AMBIGUOUS,multiple_candidates,0,0,0,0.976384192887876,-4.44089209850063e-16,0.000685,0.000685,0.000188,0.000314,0.000425,2,2,1
15,high_noise,A_D_samecal_3,ADD_M2_M3,"M=20,20,20,20,|T=0,0,0,0,|B=2,15,1,50;3,15,1,50;",0,0,0,3,1170500003,2170500003,1180015003,3,3,"G001,G002,G003","M=20,20,20,20,|T=0,0,0,0,|B=none;M=20,20,20,20,|T=0,0,0,0,|B=2,15,1,50;;M=20,20,20,20,|T=0,0,0,0,|B=1,15,1,50;",NaN,[],G001,"",0,REJECTED,empty_first_set,0,0,0,Inf,NaN,0,0,0.000181,0.000314,0.000539,1,2,1
15,high_noise,A_D_samecal_6,ADD_M2_M3,"M=20,20,20,20,|T=0,0,0,0,|B=2,15,1,50;3,15,1,50;",0,0,0,3,1170500003,2170500003,1180015003,6,6,"G001,G002,G003,MIRROR_M3,ADD_M1_M3,EXT_111","M=20,20,20,20,|T=0,0,0,0,|B=none;M=20,20,20,20,|T=0,0,0,0,|B=2,15,1,50;;M=20,20,20,20,|T=0,0,0,0,|B=1,15,1,50;;M=20,20,20,20,|T=0,0,0,0,|B=3,15,1,50;;M=20,20,20,20,|T=0,0,0,0,|B=1,15,1,50;3,15,1,50;;M=20,20,20,20,|T=0,0,0,0,|B=1,15,1,50;2,15,1,50;3,15,1,50;",NaN,[],ADD_M1_M3,"ADD_M1_M3,EXT_111",2,MULTIPLE_AMBIGUOUS,multiple_candidates,0,0,0,2.04100439536898,1.28423598107773,0,0,0.000181,0.000314,0.000855,1,2,2
15,high_noise,J_frozen_6,ADD_M2_M3,"M=20,20,20,20,|T=0,0,0,0,|B=2,15,1,50;3,15,1,50;",0,0,0,3,1170500003,2170500003,1180015003,6,6,"G001,G002,G003,MIRROR_M3,ADD_M1_M3,EXT_111","M=20,20,20,20,|T=0,0,0,0,|B=none;M=20,20,20,20,|T=0,0,0,0,|B=2,15,1,50;;M=20,20,20,20,|T=0,0,0,0,|B=1,15,1,50;;M=20,20,20,20,|T=0,0,0,0,|B=3,15,1,50;;M=20,20,20,20,|T=0,0,0,0,|B=1,15,1,50;3,15,1,50;;M=20,20,20,20,|T=0,0,0,0,|B=1,15,1,50;2,15,1,50;3,15,1,50;",NaN,[],ADD_M1_M3,"ADD_M1_M3,EXT_111",2,MULTIPLE_AMBIGUOUS,multiple_candidates,0,0,0,2.04100439536898,1.28423598107773,0,0,0.000181,0.000314,0.000906,1,2,2
15,high_noise,B_ideal_ci,ADD_M2_M3,"M=20,20,20,20,|T=0,0,0,0,|B=2,15,1,50;3,15,1,50;",0,1,1,3,1170500003,2170500003,1180015003,1,6,"ADD_M2_M3","M=20,20,20,20,|T=0,0,0,0,|B=2,15,1,50;3,15,1,50;",1,[Inf;Inf;0.01490711985;Inf;0;Inf;0.0115470053838;Inf;Inf;0.01490711985;Inf;0.0188561808316;Inf;Inf;0.0274873708375;Inf;Inf],ADD_M2_M3,"ADD_M2_M3",1,LOW_CONFIDENCE,insufficient_unique_margin,1,0,0,0.976384192887876,4.44089209850063e-16,0.00132,0.00132,0.000181,0.000314,0.000493,0,2,2
15,high_noise,C_estimated_ci,ADD_M2_M3,"M=20,20,20,20,|T=0,0,0,0,|B=2,15,1,50;3,15,1,50;",0,1,1,3,1170500003,2170500003,1180015003,3,6,"DOUBLE_M2,ADD_M1_M2,ADD_M2_M3","M=20,20,20,20,|T=0,0,0,0,|B=2,15,1,50;2,15,1,50;;M=20,20,20,20,|T=0,0,0,0,|B=1,15,1,50;2,15,1,50;;M=20,20,20,20,|T=0,0,0,0,|B=2,15,1,50;3,15,1,50;",3,[Inf;Inf;0.0379899116478;Inf;0.0319312666538;Inf;0.0298920599054;Inf;Inf;0.0322555830465;Inf;0.0302382554547;Inf;Inf;0.0324799663621;Inf;Inf],ADD_M2_M3,"DOUBLE_M2,ADD_M1_M2,ADD_M2_M3",3,MULTIPLE_AMBIGUOUS,multiple_candidates,1,0,0,0.976384192887876,4.44089209850063e-16,0.001989,0.001494,0.000181,0.000314,0.000471,0,2,2
15,high_noise,D_count_matched,ADD_M2_M3,"M=20,20,20,20,|T=0,0,0,0,|B=2,15,1,50;3,15,1,50;",0,1,1,3,1170500003,2170500003,1180015003,3,6,"ADD_M2_M3,DOUBLE_M1,DOUBLE_M3","M=20,20,20,20,|T=0,0,0,0,|B=2,15,1,50;3,15,1,50;;M=20,20,20,20,|T=0,0,0,0,|B=1,15,1,50;1,15,1,50;;M=20,20,20,20,|T=0,0,0,0,|B=3,15,1,50;3,15,1,50;",3,[],ADD_M2_M3,"ADD_M2_M3,DOUBLE_M1,DOUBLE_M3",3,MULTIPLE_AMBIGUOUS,multiple_candidates,1,0,0,0.976384192887876,4.44089209850063e-16,0.000537,0.000537,0.000181,0.000314,0.000433,0,2,2
16,synchronous,A_D_samecal_3,DOUBLE_M3,"M=20,20,20,20,|T=0,0,0,0,|B=3,15,1,50;3,15,1,50;",0,0,0,3,1170600001,2170600001,1180016001,3,3,"G001,G002,G003","M=20,20,20,20,|T=0,0,0,0,|B=none;M=20,20,20,20,|T=0,0,0,0,|B=2,15,1,50;;M=20,20,20,20,|T=0,0,0,0,|B=1,15,1,50;",NaN,[],G003,"G003",1,LOW_CONFIDENCE,insufficient_unique_margin,0,0,0,5.6355467947909,1.44949961284647,0,0,0.000142,0.000333,0.00078,2,1,0
16,synchronous,A_D_samecal_6,DOUBLE_M3,"M=20,20,20,20,|T=0,0,0,0,|B=3,15,1,50;3,15,1,50;",0,0,0,3,1170600001,2170600001,1180016001,6,6,"G001,G002,G003,MIRROR_M3,ADD_M1_M3,EXT_111","M=20,20,20,20,|T=0,0,0,0,|B=none;M=20,20,20,20,|T=0,0,0,0,|B=2,15,1,50;;M=20,20,20,20,|T=0,0,0,0,|B=1,15,1,50;;M=20,20,20,20,|T=0,0,0,0,|B=3,15,1,50;;M=20,20,20,20,|T=0,0,0,0,|B=1,15,1,50;3,15,1,50;;M=20,20,20,20,|T=0,0,0,0,|B=1,15,1,50;2,15,1,50;3,15,1,50;",NaN,[],MIRROR_M3,"ADD_M1_M3",1,LOW_CONFIDENCE,insufficient_unique_margin,0,0,0,3.81648374166954,2.41738143231868,0,0,0.000142,0.000333,0.002501,1,1,1
16,synchronous,J_frozen_6,DOUBLE_M3,"M=20,20,20,20,|T=0,0,0,0,|B=3,15,1,50;3,15,1,50;",0,0,0,3,1170600001,2170600001,1180016001,6,6,"G001,G002,G003,MIRROR_M3,ADD_M1_M3,EXT_111","M=20,20,20,20,|T=0,0,0,0,|B=none;M=20,20,20,20,|T=0,0,0,0,|B=2,15,1,50;;M=20,20,20,20,|T=0,0,0,0,|B=1,15,1,50;;M=20,20,20,20,|T=0,0,0,0,|B=3,15,1,50;;M=20,20,20,20,|T=0,0,0,0,|B=1,15,1,50;3,15,1,50;;M=20,20,20,20,|T=0,0,0,0,|B=1,15,1,50;2,15,1,50;3,15,1,50;",NaN,[],MIRROR_M3,"ADD_M1_M3",1,LOW_CONFIDENCE,insufficient_unique_margin,0,0,0,3.81648374166954,2.41738143231868,0,0,0.000142,0.000333,0.001172,1,1,1
16,synchronous,B_ideal_ci,DOUBLE_M3,"M=20,20,20,20,|T=0,0,0,0,|B=3,15,1,50;3,15,1,50;",0,1,1,3,1170600001,2170600001,1180016001,1,6,"DOUBLE_M3","M=20,20,20,20,|T=0,0,0,0,|B=3,15,1,50;3,15,1,50;",1,[Inf;Inf;0;Inf;0.01490711985;Inf;0.0188561808316;Inf;Inf;0.0298142397;Inf;0.0319722101554;Inf;Inf;0.0377123616633;Inf;Inf],DOUBLE_M3,"DOUBLE_M3",1,LOW_CONFIDENCE,insufficient_unique_margin,1,0,0,2.20680833208791,4.44089209850063e-16,0.001478,0.001478,0.000142,0.000333,0.000526,0,1,1
16,synchronous,C_estimated_ci,DOUBLE_M3,"M=20,20,20,20,|T=0,0,0,0,|B=3,15,1,50;3,15,1,50;",0,1,1,3,1170600001,2170600001,1180016001,3,6,"DOUBLE_M3,ADD_M2_M3,DOUBLE_M2","M=20,20,20,20,|T=0,0,0,0,|B=3,15,1,50;3,15,1,50;;M=20,20,20,20,|T=0,0,0,0,|B=2,15,1,50;3,15,1,50;;M=20,20,20,20,|T=0,0,0,0,|B=2,15,1,50;2,15,1,50;",1,[Inf;Inf;0.000221408067689;Inf;0.0147903168277;Inf;0.0187382966929;Inf;Inf;0.0296968410212;Inf;0.0318476476011;Inf;Inf;0.0375940103671;Inf;Inf],DOUBLE_M3,"DOUBLE_M3,ADD_M2_M3,DOUBLE_M2",3,MULTIPLE_AMBIGUOUS,multiple_candidates,1,0,0,2.20680833208791,4.44089209850063e-16,0.001969,0.001494,0.000142,0.000333,0.000478,0,1,1
16,synchronous,D_count_matched,DOUBLE_M3,"M=20,20,20,20,|T=0,0,0,0,|B=3,15,1,50;3,15,1,50;",0,0,0,3,1170600001,2170600001,1180016001,3,6,"ADD_M2_M3,DOUBLE_M2,DOUBLE_M1","M=20,20,20,20,|T=0,0,0,0,|B=2,15,1,50;3,15,1,50;;M=20,20,20,20,|T=0,0,0,0,|B=2,15,1,50;2,15,1,50;;M=20,20,20,20,|T=0,0,0,0,|B=1,15,1,50;1,15,1,50;",1,[],DOUBLE_M1,"ADD_M2_M3,DOUBLE_M2,DOUBLE_M1",3,MULTIPLE_AMBIGUOUS,multiple_candidates,0,0,0,2.20680833208791,-4.44089209850063e-16,0.00056,0.00056,0.000142,0.000333,0.000413,2,1,1
16,asynchronous,A_D_samecal_3,DOUBLE_M3,"M=20,20,20,20,|T=0,0,0,0,|B=3,15,1,50;3,15,1,50;",0,0,0,3,1170600001,2170600001,1180016002,3,3,"G001,G002,G003","M=20,20,20,20,|T=0,0,0,0,|B=none;M=20,20,20,20,|T=0,0,0,0,|B=2,15,1,50;;M=20,20,20,20,|T=0,0,0,0,|B=1,15,1,50;",NaN,[],G003,"G003",1,LOW_CONFIDENCE,insufficient_unique_margin,0,0,0,5.6355467947909,1.44949961284647,0,0,0.000179,0.000303,0.000667,2,1,0
16,asynchronous,A_D_samecal_6,DOUBLE_M3,"M=20,20,20,20,|T=0,0,0,0,|B=3,15,1,50;3,15,1,50;",0,0,0,3,1170600001,2170600001,1180016002,6,6,"G001,G002,G003,MIRROR_M3,ADD_M1_M3,EXT_111","M=20,20,20,20,|T=0,0,0,0,|B=none;M=20,20,20,20,|T=0,0,0,0,|B=2,15,1,50;;M=20,20,20,20,|T=0,0,0,0,|B=1,15,1,50;;M=20,20,20,20,|T=0,0,0,0,|B=3,15,1,50;;M=20,20,20,20,|T=0,0,0,0,|B=1,15,1,50;3,15,1,50;;M=20,20,20,20,|T=0,0,0,0,|B=1,15,1,50;2,15,1,50;3,15,1,50;",NaN,[],MIRROR_M3,"ADD_M1_M3",1,LOW_CONFIDENCE,insufficient_unique_margin,0,0,0,3.81648374166954,2.41738143231868,0,0,0.000179,0.000303,0.000793,1,1,1
16,asynchronous,J_frozen_6,DOUBLE_M3,"M=20,20,20,20,|T=0,0,0,0,|B=3,15,1,50;3,15,1,50;",0,0,0,3,1170600001,2170600001,1180016002,6,6,"G001,G002,G003,MIRROR_M3,ADD_M1_M3,EXT_111","M=20,20,20,20,|T=0,0,0,0,|B=none;M=20,20,20,20,|T=0,0,0,0,|B=2,15,1,50;;M=20,20,20,20,|T=0,0,0,0,|B=1,15,1,50;;M=20,20,20,20,|T=0,0,0,0,|B=3,15,1,50;;M=20,20,20,20,|T=0,0,0,0,|B=1,15,1,50;3,15,1,50;;M=20,20,20,20,|T=0,0,0,0,|B=1,15,1,50;2,15,1,50;3,15,1,50;",NaN,[],MIRROR_M3,"ADD_M1_M3",1,LOW_CONFIDENCE,insufficient_unique_margin,0,0,0,3.81648374166954,2.41738143231868,0,0,0.000179,0.000303,0.000831,1,1,1
16,asynchronous,B_ideal_ci,DOUBLE_M3,"M=20,20,20,20,|T=0,0,0,0,|B=3,15,1,50;3,15,1,50;",0,1,1,3,1170600001,2170600001,1180016002,1,6,"DOUBLE_M3","M=20,20,20,20,|T=0,0,0,0,|B=3,15,1,50;3,15,1,50;",1,[Inf;Inf;0;Inf;0.01490711985;Inf;0.0188561808316;Inf;Inf;0.0298142397;Inf;0.0319722101554;Inf;Inf;0.0377123616633;Inf;Inf],DOUBLE_M3,"DOUBLE_M3",1,LOW_CONFIDENCE,insufficient_unique_margin,1,0,0,2.20680833208791,4.44089209850063e-16,0.001478,0.001478,0.000179,0.000303,0.000486,0,1,1
16,asynchronous,C_estimated_ci,DOUBLE_M3,"M=20,20,20,20,|T=0,0,0,0,|B=3,15,1,50;3,15,1,50;",0,0,0,3,1170600001,2170600001,1180016002,3,6,"DOUBLE_M2,DOUBLE_M1,ADD_M1_M2","M=20,20,20,20,|T=0,0,0,0,|B=2,15,1,50;2,15,1,50;;M=20,20,20,20,|T=0,0,0,0,|B=1,15,1,50;1,15,1,50;;M=20,20,20,20,|T=0,0,0,0,|B=1,15,1,50;2,15,1,50;",5,[Inf;Inf;0.0350434420262;Inf;0.0329022729292;Inf;0.0246880640522;Inf;Inf;0.0371688141218;Inf;0.0301406981663;Inf;Inf;0.0264965902591;Inf;Inf],DOUBLE_M1,"DOUBLE_M2,DOUBLE_M1,ADD_M1_M2",3,MULTIPLE_AMBIGUOUS,multiple_candidates,0,0,0,2.20680833208791,-4.44089209850063e-16,0.001953,0.001471,0.000179,0.000303,0.000476,4,1,0
16,asynchronous,D_count_matched,DOUBLE_M3,"M=20,20,20,20,|T=0,0,0,0,|B=3,15,1,50;3,15,1,50;",0,0,0,3,1170600001,2170600001,1180016002,3,6,"DOUBLE_M1,ADD_M1_M2,ADD_M2_M3","M=20,20,20,20,|T=0,0,0,0,|B=1,15,1,50;1,15,1,50;;M=20,20,20,20,|T=0,0,0,0,|B=1,15,1,50;2,15,1,50;;M=20,20,20,20,|T=0,0,0,0,|B=2,15,1,50;3,15,1,50;",5,[],DOUBLE_M1,"DOUBLE_M1,ADD_M1_M2,ADD_M2_M3",3,MULTIPLE_AMBIGUOUS,multiple_candidates,0,0,0,2.20680833208791,-4.44089209850063e-16,0.000534,0.000534,0.000179,0.000303,0.000358,2,1,1
16,high_noise,A_D_samecal_3,DOUBLE_M3,"M=20,20,20,20,|T=0,0,0,0,|B=3,15,1,50;3,15,1,50;",0,0,0,3,1170600001,2170600001,1180016003,3,3,"G001,G002,G003","M=20,20,20,20,|T=0,0,0,0,|B=none;M=20,20,20,20,|T=0,0,0,0,|B=2,15,1,50;;M=20,20,20,20,|T=0,0,0,0,|B=1,15,1,50;",NaN,[],G003,"G003",1,LOW_CONFIDENCE,insufficient_unique_margin,0,0,0,5.6355467947909,1.44949961284647,0,0,0.000145,0.000204,0.000663,2,1,0
16,high_noise,A_D_samecal_6,DOUBLE_M3,"M=20,20,20,20,|T=0,0,0,0,|B=3,15,1,50;3,15,1,50;",0,0,0,3,1170600001,2170600001,1180016003,6,6,"G001,G002,G003,MIRROR_M3,ADD_M1_M3,EXT_111","M=20,20,20,20,|T=0,0,0,0,|B=none;M=20,20,20,20,|T=0,0,0,0,|B=2,15,1,50;;M=20,20,20,20,|T=0,0,0,0,|B=1,15,1,50;;M=20,20,20,20,|T=0,0,0,0,|B=3,15,1,50;;M=20,20,20,20,|T=0,0,0,0,|B=1,15,1,50;3,15,1,50;;M=20,20,20,20,|T=0,0,0,0,|B=1,15,1,50;2,15,1,50;3,15,1,50;",NaN,[],MIRROR_M3,"ADD_M1_M3",1,LOW_CONFIDENCE,insufficient_unique_margin,0,0,0,3.81648374166954,2.41738143231868,0,0,0.000145,0.000204,0.000745,1,1,1
16,high_noise,J_frozen_6,DOUBLE_M3,"M=20,20,20,20,|T=0,0,0,0,|B=3,15,1,50;3,15,1,50;",0,0,0,3,1170600001,2170600001,1180016003,6,6,"G001,G002,G003,MIRROR_M3,ADD_M1_M3,EXT_111","M=20,20,20,20,|T=0,0,0,0,|B=none;M=20,20,20,20,|T=0,0,0,0,|B=2,15,1,50;;M=20,20,20,20,|T=0,0,0,0,|B=1,15,1,50;;M=20,20,20,20,|T=0,0,0,0,|B=3,15,1,50;;M=20,20,20,20,|T=0,0,0,0,|B=1,15,1,50;3,15,1,50;;M=20,20,20,20,|T=0,0,0,0,|B=1,15,1,50;2,15,1,50;3,15,1,50;",NaN,[],MIRROR_M3,"ADD_M1_M3",1,LOW_CONFIDENCE,insufficient_unique_margin,0,0,0,3.81648374166954,2.41738143231868,0,0,0.000145,0.000204,0.000841,1,1,1
16,high_noise,B_ideal_ci,DOUBLE_M3,"M=20,20,20,20,|T=0,0,0,0,|B=3,15,1,50;3,15,1,50;",0,1,1,3,1170600001,2170600001,1180016003,1,6,"DOUBLE_M3","M=20,20,20,20,|T=0,0,0,0,|B=3,15,1,50;3,15,1,50;",1,[Inf;Inf;0;Inf;0.01490711985;Inf;0.0188561808316;Inf;Inf;0.0298142397;Inf;0.0319722101554;Inf;Inf;0.0377123616633;Inf;Inf],DOUBLE_M3,"DOUBLE_M3",1,LOW_CONFIDENCE,insufficient_unique_margin,1,0,0,2.20680833208791,4.44089209850063e-16,0.001478,0.001478,0.000145,0.000204,0.000453,0,1,1
16,high_noise,C_estimated_ci,DOUBLE_M3,"M=20,20,20,20,|T=0,0,0,0,|B=3,15,1,50;3,15,1,50;",0,1,1,3,1170600001,2170600001,1180016003,3,6,"DOUBLE_M2,DOUBLE_M1,DOUBLE_M3","M=20,20,20,20,|T=0,0,0,0,|B=2,15,1,50;2,15,1,50;;M=20,20,20,20,|T=0,0,0,0,|B=1,15,1,50;1,15,1,50;;M=20,20,20,20,|T=0,0,0,0,|B=3,15,1,50;3,15,1,50;",3,[Inf;Inf;0.0360162223849;Inf;0.0373840989368;Inf;0.0299263075113;Inf;Inf;0.04407287007;Inf;0.037953009158;Inf;Inf;0.034714702919;Inf;Inf],DOUBLE_M3,"DOUBLE_M2,DOUBLE_M1,DOUBLE_M3",3,MULTIPLE_AMBIGUOUS,multiple_candidates,1,0,0,2.20680833208791,4.44089209850063e-16,0.001668,0.001319,0.000145,0.000204,0.000439,0,1,1
16,high_noise,D_count_matched,DOUBLE_M3,"M=20,20,20,20,|T=0,0,0,0,|B=3,15,1,50;3,15,1,50;",0,0,0,3,1170600001,2170600001,1180016003,3,6,"ADD_M1_M2,DOUBLE_M2,ADD_M1_M3","M=20,20,20,20,|T=0,0,0,0,|B=1,15,1,50;2,15,1,50;;M=20,20,20,20,|T=0,0,0,0,|B=2,15,1,50;2,15,1,50;;M=20,20,20,20,|T=0,0,0,0,|B=1,15,1,50;3,15,1,50;",3,[],ADD_M1_M3,"ADD_M1_M2,DOUBLE_M2,ADD_M1_M3",3,MULTIPLE_AMBIGUOUS,multiple_candidates,0,0,0,2.64049915584785,-0.433690823759945,0.000507,0.000507,0.000145,0.000204,0.000392,2,1,1
17,synchronous,A_D_samecal_3,DOUBLE_M3,"M=20,20,20,20,|T=0,0,0,0,|B=3,15,1,50;3,15,1,50;",0,0,0,3,1170600002,2170600002,1180017001,3,3,"G001,G002,G003","M=20,20,20,20,|T=0,0,0,0,|B=none;M=20,20,20,20,|T=0,0,0,0,|B=2,15,1,50;;M=20,20,20,20,|T=0,0,0,0,|B=1,15,1,50;",NaN,[],G003,"G003",1,LOW_CONFIDENCE,insufficient_unique_margin,0,0,0,5.61914933264045,1.44543758823653,0,0,0.000102,0.000294,0.000624,2,1,0
17,synchronous,A_D_samecal_6,DOUBLE_M3,"M=20,20,20,20,|T=0,0,0,0,|B=3,15,1,50;3,15,1,50;",0,0,0,3,1170600002,2170600002,1180017001,6,6,"G001,G002,G003,MIRROR_M3,ADD_M1_M3,EXT_111","M=20,20,20,20,|T=0,0,0,0,|B=none;M=20,20,20,20,|T=0,0,0,0,|B=2,15,1,50;;M=20,20,20,20,|T=0,0,0,0,|B=1,15,1,50;;M=20,20,20,20,|T=0,0,0,0,|B=3,15,1,50;;M=20,20,20,20,|T=0,0,0,0,|B=1,15,1,50;3,15,1,50;;M=20,20,20,20,|T=0,0,0,0,|B=1,15,1,50;2,15,1,50;3,15,1,50;",NaN,[],MIRROR_M3,"MIRROR_M3,ADD_M1_M3",2,MULTIPLE_AMBIGUOUS,multiple_candidates,0,0,0,3.3867173109304,2.57655561463825,0,0,0.000102,0.000294,0.000775,1,1,1
17,synchronous,J_frozen_6,DOUBLE_M3,"M=20,20,20,20,|T=0,0,0,0,|B=3,15,1,50;3,15,1,50;",0,0,0,3,1170600002,2170600002,1180017001,6,6,"G001,G002,G003,MIRROR_M3,ADD_M1_M3,EXT_111","M=20,20,20,20,|T=0,0,0,0,|B=none;M=20,20,20,20,|T=0,0,0,0,|B=2,15,1,50;;M=20,20,20,20,|T=0,0,0,0,|B=1,15,1,50;;M=20,20,20,20,|T=0,0,0,0,|B=3,15,1,50;;M=20,20,20,20,|T=0,0,0,0,|B=1,15,1,50;3,15,1,50;;M=20,20,20,20,|T=0,0,0,0,|B=1,15,1,50;2,15,1,50;3,15,1,50;",NaN,[],MIRROR_M3,"MIRROR_M3,ADD_M1_M3",2,MULTIPLE_AMBIGUOUS,multiple_candidates,0,0,0,3.3867173109304,2.57655561463825,0,0,0.000102,0.000294,0.000859,1,1,1
17,synchronous,B_ideal_ci,DOUBLE_M3,"M=20,20,20,20,|T=0,0,0,0,|B=3,15,1,50;3,15,1,50;",0,1,1,3,1170600002,2170600002,1180017001,1,6,"DOUBLE_M3","M=20,20,20,20,|T=0,0,0,0,|B=3,15,1,50;3,15,1,50;",1,[Inf;Inf;0;Inf;0.01490711985;Inf;0.0188561808316;Inf;Inf;0.0298142397;Inf;0.0319722101554;Inf;Inf;0.0377123616633;Inf;Inf],DOUBLE_M3,"DOUBLE_M3",1,LOW_CONFIDENCE,insufficient_unique_margin,1,0,0,1.73913894701767,4.44089209850063e-16,0.001186,0.001186,0.000102,0.000294,0.000459,0,1,1
17,synchronous,C_estimated_ci,DOUBLE_M3,"M=20,20,20,20,|T=0,0,0,0,|B=3,15,1,50;3,15,1,50;",0,1,1,3,1170600002,2170600002,1180017001,3,6,"DOUBLE_M3,ADD_M2_M3,DOUBLE_M2","M=20,20,20,20,|T=0,0,0,0,|B=3,15,1,50;3,15,1,50;;M=20,20,20,20,|T=0,0,0,0,|B=2,15,1,50;3,15,1,50;;M=20,20,20,20,|T=0,0,0,0,|B=2,15,1,50;2,15,1,50;",1,[Inf;Inf;0.000177540557993;Inf;0.0148132304667;Inf;0.0187130779034;Inf;Inf;0.0297199683297;Inf;0.0318437435813;Inf;Inf;0.0375691117768;Inf;Inf],DOUBLE_M3,"DOUBLE_M3,ADD_M2_M3,DOUBLE_M2",3,MULTIPLE_AMBIGUOUS,multiple_candidates,1,0,0,1.73913894701767,4.44089209850063e-16,0.0015,0.001104,0.000102,0.000294,0.000465,0,1,1
17,synchronous,D_count_matched,DOUBLE_M3,"M=20,20,20,20,|T=0,0,0,0,|B=3,15,1,50;3,15,1,50;",0,1,1,3,1170600002,2170600002,1180017001,3,6,"ADD_M1_M3,ADD_M2_M3,DOUBLE_M3","M=20,20,20,20,|T=0,0,0,0,|B=1,15,1,50;3,15,1,50;;M=20,20,20,20,|T=0,0,0,0,|B=2,15,1,50;3,15,1,50;;M=20,20,20,20,|T=0,0,0,0,|B=3,15,1,50;3,15,1,50;",1,[],DOUBLE_M3,"ADD_M1_M3,ADD_M2_M3,DOUBLE_M3",3,MULTIPLE_AMBIGUOUS,multiple_candidates,1,0,0,1.73913894701767,4.44089209850063e-16,0.000446,0.000446,0.000102,0.000294,0.000403,0,1,1
17,asynchronous,A_D_samecal_3,DOUBLE_M3,"M=20,20,20,20,|T=0,0,0,0,|B=3,15,1,50;3,15,1,50;",0,0,0,3,1170600002,2170600002,1180017002,3,3,"G001,G002,G003","M=20,20,20,20,|T=0,0,0,0,|B=none;M=20,20,20,20,|T=0,0,0,0,|B=2,15,1,50;;M=20,20,20,20,|T=0,0,0,0,|B=1,15,1,50;",NaN,[],G003,"G003",1,LOW_CONFIDENCE,insufficient_unique_margin,0,0,0,5.61914933264045,1.44543758823653,0,0,0.000142,0.000256,0.000606,2,1,0
17,asynchronous,A_D_samecal_6,DOUBLE_M3,"M=20,20,20,20,|T=0,0,0,0,|B=3,15,1,50;3,15,1,50;",0,0,0,3,1170600002,2170600002,1180017002,6,6,"G001,G002,G003,MIRROR_M3,ADD_M1_M3,EXT_111","M=20,20,20,20,|T=0,0,0,0,|B=none;M=20,20,20,20,|T=0,0,0,0,|B=2,15,1,50;;M=20,20,20,20,|T=0,0,0,0,|B=1,15,1,50;;M=20,20,20,20,|T=0,0,0,0,|B=3,15,1,50;;M=20,20,20,20,|T=0,0,0,0,|B=1,15,1,50;3,15,1,50;;M=20,20,20,20,|T=0,0,0,0,|B=1,15,1,50;2,15,1,50;3,15,1,50;",NaN,[],MIRROR_M3,"MIRROR_M3,ADD_M1_M3",2,MULTIPLE_AMBIGUOUS,multiple_candidates,0,0,0,3.3867173109304,2.57655561463825,0,0,0.000142,0.000256,0.000953,1,1,1
17,asynchronous,J_frozen_6,DOUBLE_M3,"M=20,20,20,20,|T=0,0,0,0,|B=3,15,1,50;3,15,1,50;",0,0,0,3,1170600002,2170600002,1180017002,6,6,"G001,G002,G003,MIRROR_M3,ADD_M1_M3,EXT_111","M=20,20,20,20,|T=0,0,0,0,|B=none;M=20,20,20,20,|T=0,0,0,0,|B=2,15,1,50;;M=20,20,20,20,|T=0,0,0,0,|B=1,15,1,50;;M=20,20,20,20,|T=0,0,0,0,|B=3,15,1,50;;M=20,20,20,20,|T=0,0,0,0,|B=1,15,1,50;3,15,1,50;;M=20,20,20,20,|T=0,0,0,0,|B=1,15,1,50;2,15,1,50;3,15,1,50;",NaN,[],MIRROR_M3,"MIRROR_M3,ADD_M1_M3",2,MULTIPLE_AMBIGUOUS,multiple_candidates,0,0,0,3.3867173109304,2.57655561463825,0,0,0.000142,0.000256,0.001003,1,1,1
17,asynchronous,B_ideal_ci,DOUBLE_M3,"M=20,20,20,20,|T=0,0,0,0,|B=3,15,1,50;3,15,1,50;",0,1,1,3,1170600002,2170600002,1180017002,1,6,"DOUBLE_M3","M=20,20,20,20,|T=0,0,0,0,|B=3,15,1,50;3,15,1,50;",1,[Inf;Inf;0;Inf;0.01490711985;Inf;0.0188561808316;Inf;Inf;0.0298142397;Inf;0.0319722101554;Inf;Inf;0.0377123616633;Inf;Inf],DOUBLE_M3,"DOUBLE_M3",1,LOW_CONFIDENCE,insufficient_unique_margin,1,0,0,1.73913894701767,4.44089209850063e-16,0.001186,0.001186,0.000142,0.000256,0.000452,0,1,1
17,asynchronous,C_estimated_ci,DOUBLE_M3,"M=20,20,20,20,|T=0,0,0,0,|B=3,15,1,50;3,15,1,50;",0,1,1,3,1170600002,2170600002,1180017002,3,6,"DOUBLE_M3,ADD_M2_M3,DOUBLE_M2","M=20,20,20,20,|T=0,0,0,0,|B=3,15,1,50;3,15,1,50;;M=20,20,20,20,|T=0,0,0,0,|B=2,15,1,50;3,15,1,50;;M=20,20,20,20,|T=0,0,0,0,|B=2,15,1,50;2,15,1,50;",1,[Inf;Inf;0.00014562810213;Inf;0.0149389152256;Inf;0.0189082875388;Inf;Inf;0.0298456967272;Inf;0.0320174602782;Inf;Inf;0.0377642235305;Inf;Inf],DOUBLE_M3,"DOUBLE_M3,ADD_M2_M3,DOUBLE_M2",3,MULTIPLE_AMBIGUOUS,multiple_candidates,1,0,0,1.73913894701767,4.44089209850063e-16,0.001728,0.00133,0.000142,0.000256,0.000489,0,1,1
17,asynchronous,D_count_matched,DOUBLE_M3,"M=20,20,20,20,|T=0,0,0,0,|B=3,15,1,50;3,15,1,50;",0,1,1,3,1170600002,2170600002,1180017002,3,6,"DOUBLE_M1,DOUBLE_M3,DOUBLE_M2","M=20,20,20,20,|T=0,0,0,0,|B=1,15,1,50;1,15,1,50;;M=20,20,20,20,|T=0,0,0,0,|B=3,15,1,50;3,15,1,50;;M=20,20,20,20,|T=0,0,0,0,|B=2,15,1,50;2,15,1,50;",1,[],DOUBLE_M3,"DOUBLE_M1,DOUBLE_M3,DOUBLE_M2",3,MULTIPLE_AMBIGUOUS,multiple_candidates,1,0,0,1.73913894701767,4.44089209850063e-16,0.000497,0.000497,0.000142,0.000256,0.000418,0,1,1
17,high_noise,A_D_samecal_3,DOUBLE_M3,"M=20,20,20,20,|T=0,0,0,0,|B=3,15,1,50;3,15,1,50;",0,0,0,3,1170600002,2170600002,1180017003,3,3,"G001,G002,G003","M=20,20,20,20,|T=0,0,0,0,|B=none;M=20,20,20,20,|T=0,0,0,0,|B=2,15,1,50;;M=20,20,20,20,|T=0,0,0,0,|B=1,15,1,50;",NaN,[],G003,"G003",1,LOW_CONFIDENCE,insufficient_unique_margin,0,0,0,5.61914933264045,1.44543758823653,0,0,0.000151,0.000269,0.000597,2,1,0
17,high_noise,A_D_samecal_6,DOUBLE_M3,"M=20,20,20,20,|T=0,0,0,0,|B=3,15,1,50;3,15,1,50;",0,0,0,3,1170600002,2170600002,1180017003,6,6,"G001,G002,G003,MIRROR_M3,ADD_M1_M3,EXT_111","M=20,20,20,20,|T=0,0,0,0,|B=none;M=20,20,20,20,|T=0,0,0,0,|B=2,15,1,50;;M=20,20,20,20,|T=0,0,0,0,|B=1,15,1,50;;M=20,20,20,20,|T=0,0,0,0,|B=3,15,1,50;;M=20,20,20,20,|T=0,0,0,0,|B=1,15,1,50;3,15,1,50;;M=20,20,20,20,|T=0,0,0,0,|B=1,15,1,50;2,15,1,50;3,15,1,50;",NaN,[],MIRROR_M3,"MIRROR_M3,ADD_M1_M3",2,MULTIPLE_AMBIGUOUS,multiple_candidates,0,0,0,3.3867173109304,2.57655561463825,0,0,0.000151,0.000269,0.000733,1,1,1
17,high_noise,J_frozen_6,DOUBLE_M3,"M=20,20,20,20,|T=0,0,0,0,|B=3,15,1,50;3,15,1,50;",0,0,0,3,1170600002,2170600002,1180017003,6,6,"G001,G002,G003,MIRROR_M3,ADD_M1_M3,EXT_111","M=20,20,20,20,|T=0,0,0,0,|B=none;M=20,20,20,20,|T=0,0,0,0,|B=2,15,1,50;;M=20,20,20,20,|T=0,0,0,0,|B=1,15,1,50;;M=20,20,20,20,|T=0,0,0,0,|B=3,15,1,50;;M=20,20,20,20,|T=0,0,0,0,|B=1,15,1,50;3,15,1,50;;M=20,20,20,20,|T=0,0,0,0,|B=1,15,1,50;2,15,1,50;3,15,1,50;",NaN,[],MIRROR_M3,"MIRROR_M3,ADD_M1_M3",2,MULTIPLE_AMBIGUOUS,multiple_candidates,0,0,0,3.3867173109304,2.57655561463825,0,0,0.000151,0.000269,0.000818,1,1,1
17,high_noise,B_ideal_ci,DOUBLE_M3,"M=20,20,20,20,|T=0,0,0,0,|B=3,15,1,50;3,15,1,50;",0,1,1,3,1170600002,2170600002,1180017003,1,6,"DOUBLE_M3","M=20,20,20,20,|T=0,0,0,0,|B=3,15,1,50;3,15,1,50;",1,[Inf;Inf;0;Inf;0.01490711985;Inf;0.0188561808316;Inf;Inf;0.0298142397;Inf;0.0319722101554;Inf;Inf;0.0377123616633;Inf;Inf],DOUBLE_M3,"DOUBLE_M3",1,LOW_CONFIDENCE,insufficient_unique_margin,1,0,0,1.73913894701767,4.44089209850063e-16,0.001186,0.001186,0.000151,0.000269,0.00042,0,1,1
17,high_noise,C_estimated_ci,DOUBLE_M3,"M=20,20,20,20,|T=0,0,0,0,|B=3,15,1,50;3,15,1,50;",0,1,1,3,1170600002,2170600002,1180017003,3,6,"DOUBLE_M3,ADD_M2_M3,DOUBLE_M2","M=20,20,20,20,|T=0,0,0,0,|B=3,15,1,50;3,15,1,50;;M=20,20,20,20,|T=0,0,0,0,|B=2,15,1,50;3,15,1,50;;M=20,20,20,20,|T=0,0,0,0,|B=2,15,1,50;2,15,1,50;",1,[Inf;Inf;0.000508024815037;Inf;0.014747935688;Inf;0.0185907388495;Inf;Inf;0.029651130996;Inf;0.0317380455173;Inf;Inf;0.0374444143209;Inf;Inf],DOUBLE_M3,"DOUBLE_M3,ADD_M2_M3,DOUBLE_M2",3,MULTIPLE_AMBIGUOUS,multiple_candidates,1,0,0,1.73913894701767,4.44089209850063e-16,0.001793,0.001373,0.000151,0.000269,0.000406,0,1,1
17,high_noise,D_count_matched,DOUBLE_M3,"M=20,20,20,20,|T=0,0,0,0,|B=3,15,1,50;3,15,1,50;",0,1,1,3,1170600002,2170600002,1180017003,3,6,"DOUBLE_M2,DOUBLE_M3,DOUBLE_M1","M=20,20,20,20,|T=0,0,0,0,|B=2,15,1,50;2,15,1,50;;M=20,20,20,20,|T=0,0,0,0,|B=3,15,1,50;3,15,1,50;;M=20,20,20,20,|T=0,0,0,0,|B=1,15,1,50;1,15,1,50;",1,[],DOUBLE_M3,"DOUBLE_M2,DOUBLE_M3,DOUBLE_M1",3,MULTIPLE_AMBIGUOUS,multiple_candidates,1,0,0,1.73913894701767,4.44089209850063e-16,0.000494,0.000494,0.000151,0.000269,0.000391,0,1,1
18,synchronous,A_D_samecal_3,DOUBLE_M3,"M=20,20,20,20,|T=0,0,0,0,|B=3,15,1,50;3,15,1,50;",0,0,0,3,1170600003,2170600003,1180018001,3,3,"G001,G002,G003","M=20,20,20,20,|T=0,0,0,0,|B=none;M=20,20,20,20,|T=0,0,0,0,|B=2,15,1,50;;M=20,20,20,20,|T=0,0,0,0,|B=1,15,1,50;",NaN,[],G001,"",0,REJECTED,empty_first_set,0,0,0,Inf,NaN,0,0,0.000112,0.00027,0.000473,2,1,0
18,synchronous,A_D_samecal_6,DOUBLE_M3,"M=20,20,20,20,|T=0,0,0,0,|B=3,15,1,50;3,15,1,50;",0,0,0,3,1170600003,2170600003,1180018001,6,6,"G001,G002,G003,MIRROR_M3,ADD_M1_M3,EXT_111","M=20,20,20,20,|T=0,0,0,0,|B=none;M=20,20,20,20,|T=0,0,0,0,|B=2,15,1,50;;M=20,20,20,20,|T=0,0,0,0,|B=1,15,1,50;;M=20,20,20,20,|T=0,0,0,0,|B=3,15,1,50;;M=20,20,20,20,|T=0,0,0,0,|B=1,15,1,50;3,15,1,50;;M=20,20,20,20,|T=0,0,0,0,|B=1,15,1,50;2,15,1,50;3,15,1,50;",NaN,[],G001,"",0,REJECTED,empty_first_set,0,0,0,Inf,NaN,0,0,0.000112,0.00027,0.000469,1,1,1
18,synchronous,J_frozen_6,DOUBLE_M3,"M=20,20,20,20,|T=0,0,0,0,|B=3,15,1,50;3,15,1,50;",0,0,0,3,1170600003,2170600003,1180018001,6,6,"G001,G002,G003,MIRROR_M3,ADD_M1_M3,EXT_111","M=20,20,20,20,|T=0,0,0,0,|B=none;M=20,20,20,20,|T=0,0,0,0,|B=2,15,1,50;;M=20,20,20,20,|T=0,0,0,0,|B=1,15,1,50;;M=20,20,20,20,|T=0,0,0,0,|B=3,15,1,50;;M=20,20,20,20,|T=0,0,0,0,|B=1,15,1,50;3,15,1,50;;M=20,20,20,20,|T=0,0,0,0,|B=1,15,1,50;2,15,1,50;3,15,1,50;",NaN,[],G001,"",0,REJECTED,empty_first_set,0,0,0,Inf,NaN,0,0,0.000112,0.00027,0.000425,1,1,1
18,synchronous,B_ideal_ci,DOUBLE_M3,"M=20,20,20,20,|T=0,0,0,0,|B=3,15,1,50;3,15,1,50;",0,1,1,3,1170600003,2170600003,1180018001,1,6,"DOUBLE_M3","M=20,20,20,20,|T=0,0,0,0,|B=3,15,1,50;3,15,1,50;",1,[Inf;Inf;0;Inf;0.01490711985;Inf;0.0188561808316;Inf;Inf;0.0298142397;Inf;0.0319722101554;Inf;Inf;0.0377123616633;Inf;Inf],DOUBLE_M3,"DOUBLE_M3",1,LOW_CONFIDENCE,insufficient_unique_margin,1,0,0,3.06213629306994,-4.44089209850063e-16,0.001236,0.001236,0.000112,0.00027,0.000414,0,1,1
18,synchronous,C_estimated_ci,DOUBLE_M3,"M=20,20,20,20,|T=0,0,0,0,|B=3,15,1,50;3,15,1,50;",0,1,1,3,1170600003,2170600003,1180018001,3,6,"DOUBLE_M3,ADD_M2_M3,DOUBLE_M2","M=20,20,20,20,|T=0,0,0,0,|B=3,15,1,50;3,15,1,50;;M=20,20,20,20,|T=0,0,0,0,|B=2,15,1,50;3,15,1,50;;M=20,20,20,20,|T=0,0,0,0,|B=2,15,1,50;2,15,1,50;",1,[Inf;Inf;0.000226519010765;Inf;0.0149395926188;Inf;0.0188463572352;Inf;Inf;0.0298458705488;Inf;0.0319807714453;Inf;Inf;0.037701858871;Inf;Inf],DOUBLE_M3,"DOUBLE_M3,ADD_M2_M3,DOUBLE_M2",3,MULTIPLE_AMBIGUOUS,multiple_candidates,1,0,0,3.06213629306994,-4.44089209850063e-16,0.001592,0.00121,0.000112,0.00027,0.000429,0,1,1
18,synchronous,D_count_matched,DOUBLE_M3,"M=20,20,20,20,|T=0,0,0,0,|B=3,15,1,50;3,15,1,50;",0,1,1,3,1170600003,2170600003,1180018001,3,6,"DOUBLE_M1,ADD_M1_M3,DOUBLE_M3","M=20,20,20,20,|T=0,0,0,0,|B=1,15,1,50;1,15,1,50;;M=20,20,20,20,|T=0,0,0,0,|B=1,15,1,50;3,15,1,50;;M=20,20,20,20,|T=0,0,0,0,|B=3,15,1,50;3,15,1,50;",1,[],DOUBLE_M1,"DOUBLE_M1,ADD_M1_M3,DOUBLE_M3",3,MULTIPLE_AMBIGUOUS,multiple_candidates,1,0,0,3.06213629306994,4.44089209850063e-16,0.000485,0.000485,0.000112,0.00027,0.000388,0,1,1
18,asynchronous,A_D_samecal_3,DOUBLE_M3,"M=20,20,20,20,|T=0,0,0,0,|B=3,15,1,50;3,15,1,50;",0,0,0,3,1170600003,2170600003,1180018002,3,3,"G001,G002,G003","M=20,20,20,20,|T=0,0,0,0,|B=none;M=20,20,20,20,|T=0,0,0,0,|B=2,15,1,50;;M=20,20,20,20,|T=0,0,0,0,|B=1,15,1,50;",NaN,[],G001,"",0,REJECTED,empty_first_set,0,0,0,Inf,NaN,0,0,0.000143,0.000225,0.000418,2,1,0
18,asynchronous,A_D_samecal_6,DOUBLE_M3,"M=20,20,20,20,|T=0,0,0,0,|B=3,15,1,50;3,15,1,50;",0,0,0,3,1170600003,2170600003,1180018002,6,6,"G001,G002,G003,MIRROR_M3,ADD_M1_M3,EXT_111","M=20,20,20,20,|T=0,0,0,0,|B=none;M=20,20,20,20,|T=0,0,0,0,|B=2,15,1,50;;M=20,20,20,20,|T=0,0,0,0,|B=1,15,1,50;;M=20,20,20,20,|T=0,0,0,0,|B=3,15,1,50;;M=20,20,20,20,|T=0,0,0,0,|B=1,15,1,50;3,15,1,50;;M=20,20,20,20,|T=0,0,0,0,|B=1,15,1,50;2,15,1,50;3,15,1,50;",NaN,[],G001,"",0,REJECTED,empty_first_set,0,0,0,Inf,NaN,0,0,0.000143,0.000225,0.000437,1,1,1
18,asynchronous,J_frozen_6,DOUBLE_M3,"M=20,20,20,20,|T=0,0,0,0,|B=3,15,1,50;3,15,1,50;",0,0,0,3,1170600003,2170600003,1180018002,6,6,"G001,G002,G003,MIRROR_M3,ADD_M1_M3,EXT_111","M=20,20,20,20,|T=0,0,0,0,|B=none;M=20,20,20,20,|T=0,0,0,0,|B=2,15,1,50;;M=20,20,20,20,|T=0,0,0,0,|B=1,15,1,50;;M=20,20,20,20,|T=0,0,0,0,|B=3,15,1,50;;M=20,20,20,20,|T=0,0,0,0,|B=1,15,1,50;3,15,1,50;;M=20,20,20,20,|T=0,0,0,0,|B=1,15,1,50;2,15,1,50;3,15,1,50;",NaN,[],G001,"",0,REJECTED,empty_first_set,0,0,0,Inf,NaN,0,0,0.000143,0.000225,0.000421,1,1,1
18,asynchronous,B_ideal_ci,DOUBLE_M3,"M=20,20,20,20,|T=0,0,0,0,|B=3,15,1,50;3,15,1,50;",0,1,1,3,1170600003,2170600003,1180018002,1,6,"DOUBLE_M3","M=20,20,20,20,|T=0,0,0,0,|B=3,15,1,50;3,15,1,50;",1,[Inf;Inf;0;Inf;0.01490711985;Inf;0.0188561808316;Inf;Inf;0.0298142397;Inf;0.0319722101554;Inf;Inf;0.0377123616633;Inf;Inf],DOUBLE_M3,"DOUBLE_M3",1,LOW_CONFIDENCE,insufficient_unique_margin,1,0,0,3.06213629306994,-4.44089209850063e-16,0.001236,0.001236,0.000143,0.000225,0.000438,0,1,1
18,asynchronous,C_estimated_ci,DOUBLE_M3,"M=20,20,20,20,|T=0,0,0,0,|B=3,15,1,50;3,15,1,50;",0,1,1,3,1170600003,2170600003,1180018002,3,6,"DOUBLE_M3,ADD_M2_M3,DOUBLE_M2","M=20,20,20,20,|T=0,0,0,0,|B=3,15,1,50;3,15,1,50;;M=20,20,20,20,|T=0,0,0,0,|B=2,15,1,50;3,15,1,50;;M=20,20,20,20,|T=0,0,0,0,|B=2,15,1,50;2,15,1,50;",1,[Inf;Inf;0.000201889203124;Inf;0.0147714446758;Inf;0.0186925903644;Inf;Inf;0.0296781879638;Inf;0.0318121391537;Inf;Inf;0.0375485848059;Inf;Inf],DOUBLE_M3,"DOUBLE_M3,ADD_M2_M3,DOUBLE_M2",3,MULTIPLE_AMBIGUOUS,multiple_candidates,1,0,0,3.06213629306994,-4.44089209850063e-16,0.001679,0.001311,0.000143,0.000225,0.00046,0,1,1
18,asynchronous,D_count_matched,DOUBLE_M3,"M=20,20,20,20,|T=0,0,0,0,|B=3,15,1,50;3,15,1,50;",0,1,1,3,1170600003,2170600003,1180018002,3,6,"DOUBLE_M3,ADD_M1_M2,ADD_M1_M3","M=20,20,20,20,|T=0,0,0,0,|B=3,15,1,50;3,15,1,50;;M=20,20,20,20,|T=0,0,0,0,|B=1,15,1,50;2,15,1,50;;M=20,20,20,20,|T=0,0,0,0,|B=1,15,1,50;3,15,1,50;",1,[],DOUBLE_M3,"DOUBLE_M3,ADD_M1_M2,ADD_M1_M3",3,MULTIPLE_AMBIGUOUS,multiple_candidates,1,0,0,3.06213629306994,-4.44089209850063e-16,0.000485,0.000485,0.000143,0.000225,0.000383,0,1,1
18,high_noise,A_D_samecal_3,DOUBLE_M3,"M=20,20,20,20,|T=0,0,0,0,|B=3,15,1,50;3,15,1,50;",0,0,0,3,1170600003,2170600003,1180018003,3,3,"G001,G002,G003","M=20,20,20,20,|T=0,0,0,0,|B=none;M=20,20,20,20,|T=0,0,0,0,|B=2,15,1,50;;M=20,20,20,20,|T=0,0,0,0,|B=1,15,1,50;",NaN,[],G001,"",0,REJECTED,empty_first_set,0,0,0,Inf,NaN,0,0,0.000139,0.000297,0.000401,2,1,0
18,high_noise,A_D_samecal_6,DOUBLE_M3,"M=20,20,20,20,|T=0,0,0,0,|B=3,15,1,50;3,15,1,50;",0,0,0,3,1170600003,2170600003,1180018003,6,6,"G001,G002,G003,MIRROR_M3,ADD_M1_M3,EXT_111","M=20,20,20,20,|T=0,0,0,0,|B=none;M=20,20,20,20,|T=0,0,0,0,|B=2,15,1,50;;M=20,20,20,20,|T=0,0,0,0,|B=1,15,1,50;;M=20,20,20,20,|T=0,0,0,0,|B=3,15,1,50;;M=20,20,20,20,|T=0,0,0,0,|B=1,15,1,50;3,15,1,50;;M=20,20,20,20,|T=0,0,0,0,|B=1,15,1,50;2,15,1,50;3,15,1,50;",NaN,[],G001,"",0,REJECTED,empty_first_set,0,0,0,Inf,NaN,0,0,0.000139,0.000297,0.000466,1,1,1
18,high_noise,J_frozen_6,DOUBLE_M3,"M=20,20,20,20,|T=0,0,0,0,|B=3,15,1,50;3,15,1,50;",0,0,0,3,1170600003,2170600003,1180018003,6,6,"G001,G002,G003,MIRROR_M3,ADD_M1_M3,EXT_111","M=20,20,20,20,|T=0,0,0,0,|B=none;M=20,20,20,20,|T=0,0,0,0,|B=2,15,1,50;;M=20,20,20,20,|T=0,0,0,0,|B=1,15,1,50;;M=20,20,20,20,|T=0,0,0,0,|B=3,15,1,50;;M=20,20,20,20,|T=0,0,0,0,|B=1,15,1,50;3,15,1,50;;M=20,20,20,20,|T=0,0,0,0,|B=1,15,1,50;2,15,1,50;3,15,1,50;",NaN,[],G001,"",0,REJECTED,empty_first_set,0,0,0,Inf,NaN,0,0,0.000139,0.000297,0.000425,1,1,1
18,high_noise,B_ideal_ci,DOUBLE_M3,"M=20,20,20,20,|T=0,0,0,0,|B=3,15,1,50;3,15,1,50;",0,1,1,3,1170600003,2170600003,1180018003,1,6,"DOUBLE_M3","M=20,20,20,20,|T=0,0,0,0,|B=3,15,1,50;3,15,1,50;",1,[Inf;Inf;0;Inf;0.01490711985;Inf;0.0188561808316;Inf;Inf;0.0298142397;Inf;0.0319722101554;Inf;Inf;0.0377123616633;Inf;Inf],DOUBLE_M3,"DOUBLE_M3",1,LOW_CONFIDENCE,insufficient_unique_margin,1,0,0,3.06213629306994,-4.44089209850063e-16,0.001236,0.001236,0.000139,0.000297,0.000391,0,1,1
18,high_noise,C_estimated_ci,DOUBLE_M3,"M=20,20,20,20,|T=0,0,0,0,|B=3,15,1,50;3,15,1,50;",0,1,1,3,1170600003,2170600003,1180018003,3,6,"DOUBLE_M3,ADD_M2_M3,DOUBLE_M2","M=20,20,20,20,|T=0,0,0,0,|B=3,15,1,50;3,15,1,50;;M=20,20,20,20,|T=0,0,0,0,|B=2,15,1,50;3,15,1,50;;M=20,20,20,20,|T=0,0,0,0,|B=2,15,1,50;2,15,1,50;",1,[Inf;Inf;0.00024738385015;Inf;0.015037759193;Inf;0.0189538283018;Inf;Inf;0.0299441421445;Inf;0.0320899525477;Inf;Inf;0.0378093259253;Inf;Inf],DOUBLE_M3,"DOUBLE_M3,ADD_M2_M3,DOUBLE_M2",3,MULTIPLE_AMBIGUOUS,multiple_candidates,1,0,0,3.06213629306994,-4.44089209850063e-16,0.001752,0.001316,0.000139,0.000297,0.000391,0,1,1
18,high_noise,D_count_matched,DOUBLE_M3,"M=20,20,20,20,|T=0,0,0,0,|B=3,15,1,50;3,15,1,50;",0,0,0,3,1170600003,2170600003,1180018003,3,6,"ADD_M1_M3,DOUBLE_M2,DOUBLE_M1","M=20,20,20,20,|T=0,0,0,0,|B=1,15,1,50;3,15,1,50;;M=20,20,20,20,|T=0,0,0,0,|B=2,15,1,50;2,15,1,50;;M=20,20,20,20,|T=0,0,0,0,|B=1,15,1,50;1,15,1,50;",1,[],DOUBLE_M1,"ADD_M1_M3,DOUBLE_M2,DOUBLE_M1",3,MULTIPLE_AMBIGUOUS,multiple_candidates,0,0,0,3.06213629306994,4.44089209850063e-16,0.000482,0.000482,0.000139,0.000297,0.00035,2,1,1
19,synchronous,A_D_samecal_3,EXT_021,"M=20,20,20,20,|T=0,0,0,0,|B=2,15,1,50;2,15,1,50;3,15,1,50;",0,0,0,4,1170700001,2170700001,1180019001,3,3,"G001,G002,G003","M=20,20,20,20,|T=0,0,0,0,|B=none;M=20,20,20,20,|T=0,0,0,0,|B=2,15,1,50;;M=20,20,20,20,|T=0,0,0,0,|B=1,15,1,50;",NaN,[],G001,"",0,REJECTED,empty_first_set,0,0,0,Inf,NaN,0,0,0.000122,0.000305,0.000572,2,2,1
19,synchronous,A_D_samecal_6,EXT_021,"M=20,20,20,20,|T=0,0,0,0,|B=2,15,1,50;2,15,1,50;3,15,1,50;",0,0,0,4,1170700001,2170700001,1180019001,6,6,"G001,G002,G003,MIRROR_M3,ADD_M1_M3,EXT_111","M=20,20,20,20,|T=0,0,0,0,|B=none;M=20,20,20,20,|T=0,0,0,0,|B=2,15,1,50;;M=20,20,20,20,|T=0,0,0,0,|B=1,15,1,50;;M=20,20,20,20,|T=0,0,0,0,|B=3,15,1,50;;M=20,20,20,20,|T=0,0,0,0,|B=1,15,1,50;3,15,1,50;;M=20,20,20,20,|T=0,0,0,0,|B=1,15,1,50;2,15,1,50;3,15,1,50;",NaN,[],EXT_111,"EXT_111",1,LOW_CONFIDENCE,insufficient_unique_margin,0,0,0,2.73188397021989,1.20591065317704,0,0,0.000122,0.000305,0.00082,2,2,2
19,synchronous,J_frozen_6,EXT_021,"M=20,20,20,20,|T=0,0,0,0,|B=2,15,1,50;2,15,1,50;3,15,1,50;",0,0,0,4,1170700001,2170700001,1180019001,6,6,"G001,G002,G003,MIRROR_M3,ADD_M1_M3,EXT_111","M=20,20,20,20,|T=0,0,0,0,|B=none;M=20,20,20,20,|T=0,0,0,0,|B=2,15,1,50;;M=20,20,20,20,|T=0,0,0,0,|B=1,15,1,50;;M=20,20,20,20,|T=0,0,0,0,|B=3,15,1,50;;M=20,20,20,20,|T=0,0,0,0,|B=1,15,1,50;3,15,1,50;;M=20,20,20,20,|T=0,0,0,0,|B=1,15,1,50;2,15,1,50;3,15,1,50;",NaN,[],EXT_111,"EXT_111",1,LOW_CONFIDENCE,insufficient_unique_margin,0,0,0,2.73188397021989,1.20591065317704,0,0,0.000122,0.000305,0.001983,2,2,2
19,synchronous,B_ideal_ci,EXT_021,"M=20,20,20,20,|T=0,0,0,0,|B=2,15,1,50;2,15,1,50;3,15,1,50;",0,1,1,4,1170700001,2170700001,1180019001,1,7,"EXT_021","M=20,20,20,20,|T=0,0,0,0,|B=2,15,1,50;2,15,1,50;3,15,1,50;",1,[Inf;Inf;Inf;Inf;Inf;0.0111803398875;Inf;0;Inf;Inf;0.0173205080757;Inf;0.0132287565553;0.0158113883008;Inf;0.0173205080757;0.019364916731],EXT_021,"EXT_021",1,LOW_CONFIDENCE,insufficient_unique_margin,1,0,0,2.59703394039164,-8.88178419700125e-16,0.001299,0.001299,0.000122,0.000305,0.000604,0,2,2
19,synchronous,C_estimated_ci,EXT_021,"M=20,20,20,20,|T=0,0,0,0,|B=2,15,1,50;2,15,1,50;3,15,1,50;",0,1,1,4,1170700001,2170700001,1180019001,3,7,"EXT_021,EXT_012,EXT_111","M=20,20,20,20,|T=0,0,0,0,|B=2,15,1,50;2,15,1,50;3,15,1,50;;M=20,20,20,20,|T=0,0,0,0,|B=2,15,1,50;3,15,1,50;3,15,1,50;;M=20,20,20,20,|T=0,0,0,0,|B=1,15,1,50;2,15,1,50;3,15,1,50;",1,[Inf;Inf;Inf;Inf;Inf;0.0111949419001;Inf;0.000101671749497;Inf;Inf;0.0173504412291;Inf;0.0132559957696;0.0158272411249;Inf;0.0173321965383;0.0193696973291],EXT_021,"EXT_021,EXT_012,EXT_111",3,MULTIPLE_AMBIGUOUS,multiple_candidates,1,0,0,2.59703394039164,-8.88178419700125e-16,0.001805,0.001378,0.000122,0.000305,0.00051,0,2,2
19,synchronous,D_count_matched,EXT_021,"M=20,20,20,20,|T=0,0,0,0,|B=2,15,1,50;2,15,1,50;3,15,1,50;",0,0,0,4,1170700001,2170700001,1180019001,3,7,"EXT_102,EXT_210,EXT_111","M=20,20,20,20,|T=0,0,0,0,|B=1,15,1,50;3,15,1,50;3,15,1,50;;M=20,20,20,20,|T=0,0,0,0,|B=1,15,1,50;1,15,1,50;2,15,1,50;;M=20,20,20,20,|T=0,0,0,0,|B=1,15,1,50;2,15,1,50;3,15,1,50;",1,[],EXT_210,"EXT_102,EXT_210,EXT_111",3,MULTIPLE_AMBIGUOUS,multiple_candidates,0,0,0,2.76683489357388,-0.169800953182242,0.000512,0.000512,0.000122,0.000305,0.000623,2,2,2
19,asynchronous,A_D_samecal_3,EXT_021,"M=20,20,20,20,|T=0,0,0,0,|B=2,15,1,50;2,15,1,50;3,15,1,50;",0,0,0,4,1170700001,2170700001,1180019002,3,3,"G001,G002,G003","M=20,20,20,20,|T=0,0,0,0,|B=none;M=20,20,20,20,|T=0,0,0,0,|B=2,15,1,50;;M=20,20,20,20,|T=0,0,0,0,|B=1,15,1,50;",NaN,[],G001,"",0,REJECTED,empty_first_set,0,0,0,Inf,NaN,0,0,0.000159,0.000214,0.000525,2,2,1
19,asynchronous,A_D_samecal_6,EXT_021,"M=20,20,20,20,|T=0,0,0,0,|B=2,15,1,50;2,15,1,50;3,15,1,50;",0,0,0,4,1170700001,2170700001,1180019002,6,6,"G001,G002,G003,MIRROR_M3,ADD_M1_M3,EXT_111","M=20,20,20,20,|T=0,0,0,0,|B=none;M=20,20,20,20,|T=0,0,0,0,|B=2,15,1,50;;M=20,20,20,20,|T=0,0,0,0,|B=1,15,1,50;;M=20,20,20,20,|T=0,0,0,0,|B=3,15,1,50;;M=20,20,20,20,|T=0,0,0,0,|B=1,15,1,50;3,15,1,50;;M=20,20,20,20,|T=0,0,0,0,|B=1,15,1,50;2,15,1,50;3,15,1,50;",NaN,[],EXT_111,"EXT_111",1,LOW_CONFIDENCE,insufficient_unique_margin,0,0,0,2.73188397021989,1.20591065317704,0,0,0.000159,0.000214,0.000816,2,2,2
19,asynchronous,J_frozen_6,EXT_021,"M=20,20,20,20,|T=0,0,0,0,|B=2,15,1,50;2,15,1,50;3,15,1,50;",0,0,0,4,1170700001,2170700001,1180019002,6,6,"G001,G002,G003,MIRROR_M3,ADD_M1_M3,EXT_111","M=20,20,20,20,|T=0,0,0,0,|B=none;M=20,20,20,20,|T=0,0,0,0,|B=2,15,1,50;;M=20,20,20,20,|T=0,0,0,0,|B=1,15,1,50;;M=20,20,20,20,|T=0,0,0,0,|B=3,15,1,50;;M=20,20,20,20,|T=0,0,0,0,|B=1,15,1,50;3,15,1,50;;M=20,20,20,20,|T=0,0,0,0,|B=1,15,1,50;2,15,1,50;3,15,1,50;",NaN,[],EXT_111,"EXT_111",1,LOW_CONFIDENCE,insufficient_unique_margin,0,0,0,2.73188397021989,1.20591065317704,0,0,0.000159,0.000214,0.000857,2,2,2
19,asynchronous,B_ideal_ci,EXT_021,"M=20,20,20,20,|T=0,0,0,0,|B=2,15,1,50;2,15,1,50;3,15,1,50;",0,1,1,4,1170700001,2170700001,1180019002,1,7,"EXT_021","M=20,20,20,20,|T=0,0,0,0,|B=2,15,1,50;2,15,1,50;3,15,1,50;",1,[Inf;Inf;Inf;Inf;Inf;0.0111803398875;Inf;0;Inf;Inf;0.0173205080757;Inf;0.0132287565553;0.0158113883008;Inf;0.0173205080757;0.019364916731],EXT_021,"EXT_021",1,LOW_CONFIDENCE,insufficient_unique_margin,1,0,0,2.59703394039164,-8.88178419700125e-16,0.001299,0.001299,0.000159,0.000214,0.000511,0,2,2
19,asynchronous,C_estimated_ci,EXT_021,"M=20,20,20,20,|T=0,0,0,0,|B=2,15,1,50;2,15,1,50;3,15,1,50;",0,1,1,4,1170700001,2170700001,1180019002,3,7,"EXT_021,EXT_012,EXT_111","M=20,20,20,20,|T=0,0,0,0,|B=2,15,1,50;2,15,1,50;3,15,1,50;;M=20,20,20,20,|T=0,0,0,0,|B=2,15,1,50;3,15,1,50;3,15,1,50;;M=20,20,20,20,|T=0,0,0,0,|B=1,15,1,50;2,15,1,50;3,15,1,50;",1,[Inf;Inf;Inf;Inf;Inf;0.0111858202711;Inf;0.000194110601135;Inf;Inf;0.0172178652615;Inf;0.0130908360295;0.0157101854292;Inf;0.0172129338504;0.0192801719392],EXT_021,"EXT_021,EXT_012,EXT_111",3,MULTIPLE_AMBIGUOUS,multiple_candidates,1,0,0,2.59703394039164,-8.88178419700125e-16,0.001863,0.00149,0.000159,0.000214,0.000528,0,2,2
19,asynchronous,D_count_matched,EXT_021,"M=20,20,20,20,|T=0,0,0,0,|B=2,15,1,50;2,15,1,50;3,15,1,50;",0,0,0,4,1170700001,2170700001,1180019002,3,7,"EXT_012,EXT_210,EXT_201","M=20,20,20,20,|T=0,0,0,0,|B=2,15,1,50;3,15,1,50;3,15,1,50;;M=20,20,20,20,|T=0,0,0,0,|B=1,15,1,50;1,15,1,50;2,15,1,50;;M=20,20,20,20,|T=0,0,0,0,|B=1,15,1,50;1,15,1,50;3,15,1,50;",1,[],EXT_012,"EXT_012,EXT_210,EXT_201",3,MULTIPLE_AMBIGUOUS,multiple_candidates,0,0,0,2.76683489357388,-0.169800953182242,0.000535,0.000535,0.000159,0.000214,0.000703,2,2,2
19,high_noise,A_D_samecal_3,EXT_021,"M=20,20,20,20,|T=0,0,0,0,|B=2,15,1,50;2,15,1,50;3,15,1,50;",0,0,0,4,1170700001,2170700001,1180019003,3,3,"G001,G002,G003","M=20,20,20,20,|T=0,0,0,0,|B=none;M=20,20,20,20,|T=0,0,0,0,|B=2,15,1,50;;M=20,20,20,20,|T=0,0,0,0,|B=1,15,1,50;",NaN,[],G001,"",0,REJECTED,empty_first_set,0,0,0,Inf,NaN,0,0,0.00018,0.000259,0.000524,2,2,1
19,high_noise,A_D_samecal_6,EXT_021,"M=20,20,20,20,|T=0,0,0,0,|B=2,15,1,50;2,15,1,50;3,15,1,50;",0,0,0,4,1170700001,2170700001,1180019003,6,6,"G001,G002,G003,MIRROR_M3,ADD_M1_M3,EXT_111","M=20,20,20,20,|T=0,0,0,0,|B=none;M=20,20,20,20,|T=0,0,0,0,|B=2,15,1,50;;M=20,20,20,20,|T=0,0,0,0,|B=1,15,1,50;;M=20,20,20,20,|T=0,0,0,0,|B=3,15,1,50;;M=20,20,20,20,|T=0,0,0,0,|B=1,15,1,50;3,15,1,50;;M=20,20,20,20,|T=0,0,0,0,|B=1,15,1,50;2,15,1,50;3,15,1,50;",NaN,[],EXT_111,"EXT_111",1,LOW_CONFIDENCE,insufficient_unique_margin,0,0,0,2.73188397021989,1.20591065317704,0,0,0.00018,0.000259,0.000874,2,2,2
19,high_noise,J_frozen_6,EXT_021,"M=20,20,20,20,|T=0,0,0,0,|B=2,15,1,50;2,15,1,50;3,15,1,50;",0,0,0,4,1170700001,2170700001,1180019003,6,6,"G001,G002,G003,MIRROR_M3,ADD_M1_M3,EXT_111","M=20,20,20,20,|T=0,0,0,0,|B=none;M=20,20,20,20,|T=0,0,0,0,|B=2,15,1,50;;M=20,20,20,20,|T=0,0,0,0,|B=1,15,1,50;;M=20,20,20,20,|T=0,0,0,0,|B=3,15,1,50;;M=20,20,20,20,|T=0,0,0,0,|B=1,15,1,50;3,15,1,50;;M=20,20,20,20,|T=0,0,0,0,|B=1,15,1,50;2,15,1,50;3,15,1,50;",NaN,[],EXT_111,"EXT_111",1,LOW_CONFIDENCE,insufficient_unique_margin,0,0,0,2.73188397021989,1.20591065317704,0,0,0.00018,0.000259,0.000831,2,2,2
19,high_noise,B_ideal_ci,EXT_021,"M=20,20,20,20,|T=0,0,0,0,|B=2,15,1,50;2,15,1,50;3,15,1,50;",0,1,1,4,1170700001,2170700001,1180019003,1,7,"EXT_021","M=20,20,20,20,|T=0,0,0,0,|B=2,15,1,50;2,15,1,50;3,15,1,50;",1,[Inf;Inf;Inf;Inf;Inf;0.0111803398875;Inf;0;Inf;Inf;0.0173205080757;Inf;0.0132287565553;0.0158113883008;Inf;0.0173205080757;0.019364916731],EXT_021,"EXT_021",1,LOW_CONFIDENCE,insufficient_unique_margin,1,0,0,2.59703394039164,-8.88178419700125e-16,0.001299,0.001299,0.00018,0.000259,0.000501,0,2,2
19,high_noise,C_estimated_ci,EXT_021,"M=20,20,20,20,|T=0,0,0,0,|B=2,15,1,50;2,15,1,50;3,15,1,50;",0,1,1,4,1170700001,2170700001,1180019003,3,7,"EXT_201,EXT_210,EXT_021","M=20,20,20,20,|T=0,0,0,0,|B=1,15,1,50;1,15,1,50;3,15,1,50;;M=20,20,20,20,|T=0,0,0,0,|B=1,15,1,50;1,15,1,50;2,15,1,50;;M=20,20,20,20,|T=0,0,0,0,|B=2,15,1,50;2,15,1,50;3,15,1,50;",3,[Inf;Inf;Inf;Inf;Inf;0.0335124429019;Inf;0.02325024661;Inf;Inf;0.0344796682563;Inf;0.0246239245702;0.026145649216;Inf;0.0165477430307;0.0187372653046],EXT_021,"EXT_201,EXT_210,EXT_021",3,MULTIPLE_AMBIGUOUS,multiple_candidates,1,0,0,2.59703394039164,-8.88178419700125e-16,0.001905,0.001466,0.00018,0.000259,0.000509,0,2,2
19,high_noise,D_count_matched,EXT_021,"M=20,20,20,20,|T=0,0,0,0,|B=2,15,1,50;2,15,1,50;3,15,1,50;",0,0,0,4,1170700001,2170700001,1180019003,3,7,"EXT_111,EXT_120,EXT_201","M=20,20,20,20,|T=0,0,0,0,|B=1,15,1,50;2,15,1,50;3,15,1,50;;M=20,20,20,20,|T=0,0,0,0,|B=1,15,1,50;2,15,1,50;2,15,1,50;;M=20,20,20,20,|T=0,0,0,0,|B=1,15,1,50;1,15,1,50;3,15,1,50;",3,[],EXT_120,"EXT_111,EXT_120,EXT_201",3,MULTIPLE_AMBIGUOUS,multiple_candidates,0,0,0,2.59703394039164,8.88178419700125e-16,0.000565,0.000565,0.00018,0.000259,0.000462,2,2,2
20,synchronous,A_D_samecal_3,EXT_021,"M=20,20,20,20,|T=0,0,0,0,|B=2,15,1,50;2,15,1,50;3,15,1,50;",0,0,0,4,1170700002,2170700002,1180020001,3,3,"G001,G002,G003","M=20,20,20,20,|T=0,0,0,0,|B=none;M=20,20,20,20,|T=0,0,0,0,|B=2,15,1,50;;M=20,20,20,20,|T=0,0,0,0,|B=1,15,1,50;",NaN,[],G001,"",0,REJECTED,empty_first_set,0,0,0,Inf,NaN,0,0,0.000136,0.000236,0.000558,2,2,1
20,synchronous,A_D_samecal_6,EXT_021,"M=20,20,20,20,|T=0,0,0,0,|B=2,15,1,50;2,15,1,50;3,15,1,50;",0,0,0,4,1170700002,2170700002,1180020001,6,6,"G001,G002,G003,MIRROR_M3,ADD_M1_M3,EXT_111","M=20,20,20,20,|T=0,0,0,0,|B=none;M=20,20,20,20,|T=0,0,0,0,|B=2,15,1,50;;M=20,20,20,20,|T=0,0,0,0,|B=1,15,1,50;;M=20,20,20,20,|T=0,0,0,0,|B=3,15,1,50;;M=20,20,20,20,|T=0,0,0,0,|B=1,15,1,50;3,15,1,50;;M=20,20,20,20,|T=0,0,0,0,|B=1,15,1,50;2,15,1,50;3,15,1,50;",NaN,[],EXT_111,"EXT_111",1,LOW_CONFIDENCE,insufficient_unique_margin,0,0,0,2.3949413881588,1.2989543498964,0,0,0.000136,0.000236,0.000846,2,2,2
20,synchronous,J_frozen_6,EXT_021,"M=20,20,20,20,|T=0,0,0,0,|B=2,15,1,50;2,15,1,50;3,15,1,50;",0,0,0,4,1170700002,2170700002,1180020001,6,6,"G001,G002,G003,MIRROR_M3,ADD_M1_M3,EXT_111","M=20,20,20,20,|T=0,0,0,0,|B=none;M=20,20,20,20,|T=0,0,0,0,|B=2,15,1,50;;M=20,20,20,20,|T=0,0,0,0,|B=1,15,1,50;;M=20,20,20,20,|T=0,0,0,0,|B=3,15,1,50;;M=20,20,20,20,|T=0,0,0,0,|B=1,15,1,50;3,15,1,50;;M=20,20,20,20,|T=0,0,0,0,|B=1,15,1,50;2,15,1,50;3,15,1,50;",NaN,[],EXT_111,"EXT_111",1,LOW_CONFIDENCE,insufficient_unique_margin,0,0,0,2.3949413881588,1.2989543498964,0,0,0.000136,0.000236,0.002019,2,2,2
20,synchronous,B_ideal_ci,EXT_021,"M=20,20,20,20,|T=0,0,0,0,|B=2,15,1,50;2,15,1,50;3,15,1,50;",0,1,1,4,1170700002,2170700002,1180020001,1,7,"EXT_021","M=20,20,20,20,|T=0,0,0,0,|B=2,15,1,50;2,15,1,50;3,15,1,50;",1,[Inf;Inf;Inf;Inf;Inf;0.0111803398875;Inf;0;Inf;Inf;0.0173205080757;Inf;0.0132287565553;0.0158113883008;Inf;0.0173205080757;0.019364916731],EXT_021,"EXT_021",1,LOW_CONFIDENCE,insufficient_unique_margin,1,0,0,1.99353077844558,-2.22044604925031e-16,0.001496,0.001496,0.000136,0.000236,0.00053,0,2,2
20,synchronous,C_estimated_ci,EXT_021,"M=20,20,20,20,|T=0,0,0,0,|B=2,15,1,50;2,15,1,50;3,15,1,50;",0,1,1,4,1170700002,2170700002,1180020001,3,7,"EXT_021,EXT_012,EXT_111","M=20,20,20,20,|T=0,0,0,0,|B=2,15,1,50;2,15,1,50;3,15,1,50;;M=20,20,20,20,|T=0,0,0,0,|B=2,15,1,50;3,15,1,50;3,15,1,50;;M=20,20,20,20,|T=0,0,0,0,|B=1,15,1,50;2,15,1,50;3,15,1,50;",1,[Inf;Inf;Inf;Inf;Inf;0.0112505993713;Inf;0.00021165200995;Inf;Inf;0.0173600095655;Inf;0.013222660189;0.0158286892007;Inf;0.0172715822331;0.019339498757],EXT_021,"EXT_021,EXT_012,EXT_111",3,MULTIPLE_AMBIGUOUS,multiple_candidates,1,0,0,1.99353077844558,-2.22044604925031e-16,0.001752,0.00138,0.000136,0.000236,0.000478,0,2,2
20,synchronous,D_count_matched,EXT_021,"M=20,20,20,20,|T=0,0,0,0,|B=2,15,1,50;2,15,1,50;3,15,1,50;",0,1,1,4,1170700002,2170700002,1180020001,3,7,"EXT_021,EXT_102,EXT_201","M=20,20,20,20,|T=0,0,0,0,|B=2,15,1,50;2,15,1,50;3,15,1,50;;M=20,20,20,20,|T=0,0,0,0,|B=1,15,1,50;3,15,1,50;3,15,1,50;;M=20,20,20,20,|T=0,0,0,0,|B=1,15,1,50;1,15,1,50;3,15,1,50;",1,[],EXT_021,"EXT_021,EXT_102,EXT_201",3,MULTIPLE_AMBIGUOUS,multiple_candidates,1,0,0,1.99353077844558,-2.22044604925031e-16,0.000568,0.000568,0.000136,0.000236,0.000433,0,2,2
20,asynchronous,A_D_samecal_3,EXT_021,"M=20,20,20,20,|T=0,0,0,0,|B=2,15,1,50;2,15,1,50;3,15,1,50;",0,0,0,4,1170700002,2170700002,1180020002,3,3,"G001,G002,G003","M=20,20,20,20,|T=0,0,0,0,|B=none;M=20,20,20,20,|T=0,0,0,0,|B=2,15,1,50;;M=20,20,20,20,|T=0,0,0,0,|B=1,15,1,50;",NaN,[],G001,"",0,REJECTED,empty_first_set,0,0,0,Inf,NaN,0,0,0.000182,0.00024,0.000522,2,2,1
20,asynchronous,A_D_samecal_6,EXT_021,"M=20,20,20,20,|T=0,0,0,0,|B=2,15,1,50;2,15,1,50;3,15,1,50;",0,0,0,4,1170700002,2170700002,1180020002,6,6,"G001,G002,G003,MIRROR_M3,ADD_M1_M3,EXT_111","M=20,20,20,20,|T=0,0,0,0,|B=none;M=20,20,20,20,|T=0,0,0,0,|B=2,15,1,50;;M=20,20,20,20,|T=0,0,0,0,|B=1,15,1,50;;M=20,20,20,20,|T=0,0,0,0,|B=3,15,1,50;;M=20,20,20,20,|T=0,0,0,0,|B=1,15,1,50;3,15,1,50;;M=20,20,20,20,|T=0,0,0,0,|B=1,15,1,50;2,15,1,50;3,15,1,50;",NaN,[],EXT_111,"EXT_111",1,LOW_CONFIDENCE,insufficient_unique_margin,0,0,0,2.3949413881588,1.2989543498964,0,0,0.000182,0.00024,0.000806,2,2,2
20,asynchronous,J_frozen_6,EXT_021,"M=20,20,20,20,|T=0,0,0,0,|B=2,15,1,50;2,15,1,50;3,15,1,50;",0,0,0,4,1170700002,2170700002,1180020002,6,6,"G001,G002,G003,MIRROR_M3,ADD_M1_M3,EXT_111","M=20,20,20,20,|T=0,0,0,0,|B=none;M=20,20,20,20,|T=0,0,0,0,|B=2,15,1,50;;M=20,20,20,20,|T=0,0,0,0,|B=1,15,1,50;;M=20,20,20,20,|T=0,0,0,0,|B=3,15,1,50;;M=20,20,20,20,|T=0,0,0,0,|B=1,15,1,50;3,15,1,50;;M=20,20,20,20,|T=0,0,0,0,|B=1,15,1,50;2,15,1,50;3,15,1,50;",NaN,[],EXT_111,"EXT_111",1,LOW_CONFIDENCE,insufficient_unique_margin,0,0,0,2.3949413881588,1.2989543498964,0,0,0.000182,0.00024,0.000901,2,2,2
20,asynchronous,B_ideal_ci,EXT_021,"M=20,20,20,20,|T=0,0,0,0,|B=2,15,1,50;2,15,1,50;3,15,1,50;",0,1,1,4,1170700002,2170700002,1180020002,1,7,"EXT_021","M=20,20,20,20,|T=0,0,0,0,|B=2,15,1,50;2,15,1,50;3,15,1,50;",1,[Inf;Inf;Inf;Inf;Inf;0.0111803398875;Inf;0;Inf;Inf;0.0173205080757;Inf;0.0132287565553;0.0158113883008;Inf;0.0173205080757;0.019364916731],EXT_021,"EXT_021",1,LOW_CONFIDENCE,insufficient_unique_margin,1,0,0,1.99353077844558,-2.22044604925031e-16,0.001496,0.001496,0.000182,0.00024,0.000528,0,2,2
20,asynchronous,C_estimated_ci,EXT_021,"M=20,20,20,20,|T=0,0,0,0,|B=2,15,1,50;2,15,1,50;3,15,1,50;",0,0,0,4,1170700002,2170700002,1180020002,3,7,"EXT_111,EXT_120,EXT_201","M=20,20,20,20,|T=0,0,0,0,|B=1,15,1,50;2,15,1,50;3,15,1,50;;M=20,20,20,20,|T=0,0,0,0,|B=1,15,1,50;2,15,1,50;2,15,1,50;;M=20,20,20,20,|T=0,0,0,0,|B=1,15,1,50;1,15,1,50;3,15,1,50;",6,[Inf;Inf;Inf;Inf;Inf;0.0253653766593;Inf;0.0226743070151;Inf;Inf;0.0171022493868;Inf;0.0127753199426;0.0154519545333;Inf;0.0168502422886;0.0189600834504],EXT_120,"EXT_111,EXT_120,EXT_201",3,MULTIPLE_AMBIGUOUS,multiple_candidates,0,0,0,1.99353077844558,2.22044604925031e-16,0.001872,0.00145,0.000182,0.00024,0.000462,2,2,2
20,asynchronous,D_count_matched,EXT_021,"M=20,20,20,20,|T=0,0,0,0,|B=2,15,1,50;2,15,1,50;3,15,1,50;",0,0,0,4,1170700002,2170700002,1180020002,3,7,"EXT_012,EXT_102,EXT_120","M=20,20,20,20,|T=0,0,0,0,|B=2,15,1,50;3,15,1,50;3,15,1,50;;M=20,20,20,20,|T=0,0,0,0,|B=1,15,1,50;3,15,1,50;3,15,1,50;;M=20,20,20,20,|T=0,0,0,0,|B=1,15,1,50;2,15,1,50;2,15,1,50;",6,[],EXT_120,"EXT_012,EXT_102,EXT_120",3,MULTIPLE_AMBIGUOUS,multiple_candidates,0,0,0,1.99353077844558,2.22044604925031e-16,0.000556,0.000556,0.000182,0.00024,0.000402,2,2,2
20,high_noise,A_D_samecal_3,EXT_021,"M=20,20,20,20,|T=0,0,0,0,|B=2,15,1,50;2,15,1,50;3,15,1,50;",0,0,0,4,1170700002,2170700002,1180020003,3,3,"G001,G002,G003","M=20,20,20,20,|T=0,0,0,0,|B=none;M=20,20,20,20,|T=0,0,0,0,|B=2,15,1,50;;M=20,20,20,20,|T=0,0,0,0,|B=1,15,1,50;",NaN,[],G001,"",0,REJECTED,empty_first_set,0,0,0,Inf,NaN,0,0,0.000182,0.000279,0.000593,2,2,1
20,high_noise,A_D_samecal_6,EXT_021,"M=20,20,20,20,|T=0,0,0,0,|B=2,15,1,50;2,15,1,50;3,15,1,50;",0,0,0,4,1170700002,2170700002,1180020003,6,6,"G001,G002,G003,MIRROR_M3,ADD_M1_M3,EXT_111","M=20,20,20,20,|T=0,0,0,0,|B=none;M=20,20,20,20,|T=0,0,0,0,|B=2,15,1,50;;M=20,20,20,20,|T=0,0,0,0,|B=1,15,1,50;;M=20,20,20,20,|T=0,0,0,0,|B=3,15,1,50;;M=20,20,20,20,|T=0,0,0,0,|B=1,15,1,50;3,15,1,50;;M=20,20,20,20,|T=0,0,0,0,|B=1,15,1,50;2,15,1,50;3,15,1,50;",NaN,[],EXT_111,"EXT_111",1,LOW_CONFIDENCE,insufficient_unique_margin,0,0,0,2.3949413881588,1.2989543498964,0,0,0.000182,0.000279,0.000838,2,2,2
20,high_noise,J_frozen_6,EXT_021,"M=20,20,20,20,|T=0,0,0,0,|B=2,15,1,50;2,15,1,50;3,15,1,50;",0,0,0,4,1170700002,2170700002,1180020003,6,6,"G001,G002,G003,MIRROR_M3,ADD_M1_M3,EXT_111","M=20,20,20,20,|T=0,0,0,0,|B=none;M=20,20,20,20,|T=0,0,0,0,|B=2,15,1,50;;M=20,20,20,20,|T=0,0,0,0,|B=1,15,1,50;;M=20,20,20,20,|T=0,0,0,0,|B=3,15,1,50;;M=20,20,20,20,|T=0,0,0,0,|B=1,15,1,50;3,15,1,50;;M=20,20,20,20,|T=0,0,0,0,|B=1,15,1,50;2,15,1,50;3,15,1,50;",NaN,[],EXT_111,"EXT_111",1,LOW_CONFIDENCE,insufficient_unique_margin,0,0,0,2.3949413881588,1.2989543498964,0,0,0.000182,0.000279,0.000813,2,2,2
20,high_noise,B_ideal_ci,EXT_021,"M=20,20,20,20,|T=0,0,0,0,|B=2,15,1,50;2,15,1,50;3,15,1,50;",0,1,1,4,1170700002,2170700002,1180020003,1,7,"EXT_021","M=20,20,20,20,|T=0,0,0,0,|B=2,15,1,50;2,15,1,50;3,15,1,50;",1,[Inf;Inf;Inf;Inf;Inf;0.0111803398875;Inf;0;Inf;Inf;0.0173205080757;Inf;0.0132287565553;0.0158113883008;Inf;0.0173205080757;0.019364916731],EXT_021,"EXT_021",1,LOW_CONFIDENCE,insufficient_unique_margin,1,0,0,1.99353077844558,-2.22044604925031e-16,0.001496,0.001496,0.000182,0.000279,0.000489,0,2,2
20,high_noise,C_estimated_ci,EXT_021,"M=20,20,20,20,|T=0,0,0,0,|B=2,15,1,50;2,15,1,50;3,15,1,50;",0,0,0,4,1170700002,2170700002,1180020003,3,7,"EXT_111,EXT_120,EXT_201","M=20,20,20,20,|T=0,0,0,0,|B=1,15,1,50;2,15,1,50;3,15,1,50;;M=20,20,20,20,|T=0,0,0,0,|B=1,15,1,50;2,15,1,50;2,15,1,50;;M=20,20,20,20,|T=0,0,0,0,|B=1,15,1,50;1,15,1,50;3,15,1,50;",6,[Inf;Inf;Inf;Inf;Inf;0.0246367040267;Inf;0.0215564766347;Inf;Inf;0.0167463001757;Inf;0.0117538533757;0.0149918629915;Inf;0.0156801648199;0.0182337723897],EXT_120,"EXT_111,EXT_120,EXT_201",3,MULTIPLE_AMBIGUOUS,multiple_candidates,0,0,0,1.99353077844558,2.22044604925031e-16,0.002031,0.00157,0.000182,0.000279,0.000514,2,2,2
20,high_noise,D_count_matched,EXT_021,"M=20,20,20,20,|T=0,0,0,0,|B=2,15,1,50;2,15,1,50;3,15,1,50;",0,1,1,4,1170700002,2170700002,1180020003,3,7,"EXT_111,EXT_102,EXT_021","M=20,20,20,20,|T=0,0,0,0,|B=1,15,1,50;2,15,1,50;3,15,1,50;;M=20,20,20,20,|T=0,0,0,0,|B=1,15,1,50;3,15,1,50;3,15,1,50;;M=20,20,20,20,|T=0,0,0,0,|B=2,15,1,50;2,15,1,50;3,15,1,50;",6,[],EXT_021,"EXT_111,EXT_102,EXT_021",3,MULTIPLE_AMBIGUOUS,multiple_candidates,1,0,0,1.99353077844558,-2.22044604925031e-16,0.000725,0.000725,0.000182,0.000279,0.000457,0,2,2
21,synchronous,A_D_samecal_3,EXT_021,"M=20,20,20,20,|T=0,0,0,0,|B=2,15,1,50;2,15,1,50;3,15,1,50;",0,0,0,4,1170700003,2170700003,1180021001,3,3,"G001,G002,G003","M=20,20,20,20,|T=0,0,0,0,|B=none;M=20,20,20,20,|T=0,0,0,0,|B=2,15,1,50;;M=20,20,20,20,|T=0,0,0,0,|B=1,15,1,50;",NaN,[],G001,"",0,REJECTED,empty_first_set,0,0,0,Inf,NaN,0,0,0.000137,0.000234,0.000529,2,2,1
21,synchronous,A_D_samecal_6,EXT_021,"M=20,20,20,20,|T=0,0,0,0,|B=2,15,1,50;2,15,1,50;3,15,1,50;",0,0,0,4,1170700003,2170700003,1180021001,6,6,"G001,G002,G003,MIRROR_M3,ADD_M1_M3,EXT_111","M=20,20,20,20,|T=0,0,0,0,|B=none;M=20,20,20,20,|T=0,0,0,0,|B=2,15,1,50;;M=20,20,20,20,|T=0,0,0,0,|B=1,15,1,50;;M=20,20,20,20,|T=0,0,0,0,|B=3,15,1,50;;M=20,20,20,20,|T=0,0,0,0,|B=1,15,1,50;3,15,1,50;;M=20,20,20,20,|T=0,0,0,0,|B=1,15,1,50;2,15,1,50;3,15,1,50;",NaN,[],EXT_111,"EXT_111",1,LOW_CONFIDENCE,insufficient_unique_margin,0,0,0,2.41252489416013,1.22565149875389,0,0,0.000137,0.000234,0.000808,2,2,2
21,synchronous,J_frozen_6,EXT_021,"M=20,20,20,20,|T=0,0,0,0,|B=2,15,1,50;2,15,1,50;3,15,1,50;",0,0,0,4,1170700003,2170700003,1180021001,6,6,"G001,G002,G003,MIRROR_M3,ADD_M1_M3,EXT_111","M=20,20,20,20,|T=0,0,0,0,|B=none;M=20,20,20,20,|T=0,0,0,0,|B=2,15,1,50;;M=20,20,20,20,|T=0,0,0,0,|B=1,15,1,50;;M=20,20,20,20,|T=0,0,0,0,|B=3,15,1,50;;M=20,20,20,20,|T=0,0,0,0,|B=1,15,1,50;3,15,1,50;;M=20,20,20,20,|T=0,0,0,0,|B=1,15,1,50;2,15,1,50;3,15,1,50;",NaN,[],EXT_111,"EXT_111",1,LOW_CONFIDENCE,insufficient_unique_margin,0,0,0,2.41252489416013,1.22565149875389,0,0,0.000137,0.000234,0.000867,2,2,2
21,synchronous,B_ideal_ci,EXT_021,"M=20,20,20,20,|T=0,0,0,0,|B=2,15,1,50;2,15,1,50;3,15,1,50;",0,1,1,4,1170700003,2170700003,1180021001,1,7,"EXT_021","M=20,20,20,20,|T=0,0,0,0,|B=2,15,1,50;2,15,1,50;3,15,1,50;",1,[Inf;Inf;Inf;Inf;Inf;0.0111803398875;Inf;0;Inf;Inf;0.0173205080757;Inf;0.0132287565553;0.0158113883008;Inf;0.0173205080757;0.019364916731],EXT_021,"EXT_021",1,LOW_CONFIDENCE,insufficient_unique_margin,1,0,0,2.11661908449902,0,0.001432,0.001432,0.000137,0.000234,0.000488,0,2,2
21,synchronous,C_estimated_ci,EXT_021,"M=20,20,20,20,|T=0,0,0,0,|B=2,15,1,50;2,15,1,50;3,15,1,50;",0,1,1,4,1170700003,2170700003,1180021001,3,7,"EXT_021,EXT_012,EXT_111","M=20,20,20,20,|T=0,0,0,0,|B=2,15,1,50;2,15,1,50;3,15,1,50;;M=20,20,20,20,|T=0,0,0,0,|B=2,15,1,50;3,15,1,50;3,15,1,50;;M=20,20,20,20,|T=0,0,0,0,|B=1,15,1,50;2,15,1,50;3,15,1,50;",1,[Inf;Inf;Inf;Inf;Inf;0.0111932180141;Inf;0.0001403405251;Inf;Inf;0.0173743629297;Inf;0.0132890952726;0.0158767003558;Inf;0.0173589060461;0.0194113672919],EXT_021,"EXT_021,EXT_012,EXT_111",3,MULTIPLE_AMBIGUOUS,multiple_candidates,1,0,0,2.11661908449902,0,0.001711,0.00134,0.000137,0.000234,0.000464,0,2,2
21,synchronous,D_count_matched,EXT_021,"M=20,20,20,20,|T=0,0,0,0,|B=2,15,1,50;2,15,1,50;3,15,1,50;",0,1,1,4,1170700003,2170700003,1180021001,3,7,"EXT_102,EXT_021,EXT_201","M=20,20,20,20,|T=0,0,0,0,|B=1,15,1,50;3,15,1,50;3,15,1,50;;M=20,20,20,20,|T=0,0,0,0,|B=2,15,1,50;2,15,1,50;3,15,1,50;;M=20,20,20,20,|T=0,0,0,0,|B=1,15,1,50;1,15,1,50;3,15,1,50;",1,[],EXT_021,"EXT_102,EXT_021,EXT_201",3,MULTIPLE_AMBIGUOUS,multiple_candidates,1,0,0,2.11661908449902,0,0.000539,0.000539,0.000137,0.000234,0.000407,0,2,2
21,asynchronous,A_D_samecal_3,EXT_021,"M=20,20,20,20,|T=0,0,0,0,|B=2,15,1,50;2,15,1,50;3,15,1,50;",0,0,0,4,1170700003,2170700003,1180021002,3,3,"G001,G002,G003","M=20,20,20,20,|T=0,0,0,0,|B=none;M=20,20,20,20,|T=0,0,0,0,|B=2,15,1,50;;M=20,20,20,20,|T=0,0,0,0,|B=1,15,1,50;",NaN,[],G001,"",0,REJECTED,empty_first_set,0,0,0,Inf,NaN,0,0,0.000184,0.000263,0.000541,2,2,1
21,asynchronous,A_D_samecal_6,EXT_021,"M=20,20,20,20,|T=0,0,0,0,|B=2,15,1,50;2,15,1,50;3,15,1,50;",0,0,0,4,1170700003,2170700003,1180021002,6,6,"G001,G002,G003,MIRROR_M3,ADD_M1_M3,EXT_111","M=20,20,20,20,|T=0,0,0,0,|B=none;M=20,20,20,20,|T=0,0,0,0,|B=2,15,1,50;;M=20,20,20,20,|T=0,0,0,0,|B=1,15,1,50;;M=20,20,20,20,|T=0,0,0,0,|B=3,15,1,50;;M=20,20,20,20,|T=0,0,0,0,|B=1,15,1,50;3,15,1,50;;M=20,20,20,20,|T=0,0,0,0,|B=1,15,1,50;2,15,1,50;3,15,1,50;",NaN,[],EXT_111,"EXT_111",1,LOW_CONFIDENCE,insufficient_unique_margin,0,0,0,2.41252489416013,1.22565149875389,0,0,0.000184,0.000263,0.000795,2,2,2
21,asynchronous,J_frozen_6,EXT_021,"M=20,20,20,20,|T=0,0,0,0,|B=2,15,1,50;2,15,1,50;3,15,1,50;",0,0,0,4,1170700003,2170700003,1180021002,6,6,"G001,G002,G003,MIRROR_M3,ADD_M1_M3,EXT_111","M=20,20,20,20,|T=0,0,0,0,|B=none;M=20,20,20,20,|T=0,0,0,0,|B=2,15,1,50;;M=20,20,20,20,|T=0,0,0,0,|B=1,15,1,50;;M=20,20,20,20,|T=0,0,0,0,|B=3,15,1,50;;M=20,20,20,20,|T=0,0,0,0,|B=1,15,1,50;3,15,1,50;;M=20,20,20,20,|T=0,0,0,0,|B=1,15,1,50;2,15,1,50;3,15,1,50;",NaN,[],EXT_111,"EXT_111",1,LOW_CONFIDENCE,insufficient_unique_margin,0,0,0,2.41252489416013,1.22565149875389,0,0,0.000184,0.000263,0.000849,2,2,2
21,asynchronous,B_ideal_ci,EXT_021,"M=20,20,20,20,|T=0,0,0,0,|B=2,15,1,50;2,15,1,50;3,15,1,50;",0,1,1,4,1170700003,2170700003,1180021002,1,7,"EXT_021","M=20,20,20,20,|T=0,0,0,0,|B=2,15,1,50;2,15,1,50;3,15,1,50;",1,[Inf;Inf;Inf;Inf;Inf;0.0111803398875;Inf;0;Inf;Inf;0.0173205080757;Inf;0.0132287565553;0.0158113883008;Inf;0.0173205080757;0.019364916731],EXT_021,"EXT_021",1,LOW_CONFIDENCE,insufficient_unique_margin,1,0,0,2.11661908449902,0,0.001432,0.001432,0.000184,0.000263,0.000481,0,2,2
21,asynchronous,C_estimated_ci,EXT_021,"M=20,20,20,20,|T=0,0,0,0,|B=2,15,1,50;2,15,1,50;3,15,1,50;",0,1,1,4,1170700003,2170700003,1180021002,3,7,"EXT_201,EXT_210,EXT_021","M=20,20,20,20,|T=0,0,0,0,|B=1,15,1,50;1,15,1,50;3,15,1,50;;M=20,20,20,20,|T=0,0,0,0,|B=1,15,1,50;1,15,1,50;2,15,1,50;;M=20,20,20,20,|T=0,0,0,0,|B=2,15,1,50;2,15,1,50;3,15,1,50;",3,[Inf;Inf;Inf;Inf;Inf;0.0301610333312;Inf;0.0201292962678;Inf;Inf;0.0311022308531;Inf;0.0215139350345;0.0229380078253;Inf;0.0144343353605;0.0164818942972],EXT_021,"EXT_201,EXT_210,EXT_021",3,MULTIPLE_AMBIGUOUS,multiple_candidates,1,0,0,2.11661908449902,0,0.001993,0.001546,0.000184,0.000263,0.000491,0,2,2
21,asynchronous,D_count_matched,EXT_021,"M=20,20,20,20,|T=0,0,0,0,|B=2,15,1,50;2,15,1,50;3,15,1,50;",0,1,1,4,1170700003,2170700003,1180021002,3,7,"EXT_021,EXT_120,EXT_102","M=20,20,20,20,|T=0,0,0,0,|B=2,15,1,50;2,15,1,50;3,15,1,50;;M=20,20,20,20,|T=0,0,0,0,|B=1,15,1,50;2,15,1,50;2,15,1,50;;M=20,20,20,20,|T=0,0,0,0,|B=1,15,1,50;3,15,1,50;3,15,1,50;",3,[],EXT_021,"EXT_021,EXT_120,EXT_102",3,MULTIPLE_AMBIGUOUS,multiple_candidates,1,0,0,2.11661908449902,0,0.00055,0.00055,0.000184,0.000263,0.000446,0,2,2
21,high_noise,A_D_samecal_3,EXT_021,"M=20,20,20,20,|T=0,0,0,0,|B=2,15,1,50;2,15,1,50;3,15,1,50;",0,0,0,4,1170700003,2170700003,1180021003,3,3,"G001,G002,G003","M=20,20,20,20,|T=0,0,0,0,|B=none;M=20,20,20,20,|T=0,0,0,0,|B=2,15,1,50;;M=20,20,20,20,|T=0,0,0,0,|B=1,15,1,50;",NaN,[],G001,"",0,REJECTED,empty_first_set,0,0,0,Inf,NaN,0,0,0.000177,0.000245,0.000513,2,2,1
21,high_noise,A_D_samecal_6,EXT_021,"M=20,20,20,20,|T=0,0,0,0,|B=2,15,1,50;2,15,1,50;3,15,1,50;",0,0,0,4,1170700003,2170700003,1180021003,6,6,"G001,G002,G003,MIRROR_M3,ADD_M1_M3,EXT_111","M=20,20,20,20,|T=0,0,0,0,|B=none;M=20,20,20,20,|T=0,0,0,0,|B=2,15,1,50;;M=20,20,20,20,|T=0,0,0,0,|B=1,15,1,50;;M=20,20,20,20,|T=0,0,0,0,|B=3,15,1,50;;M=20,20,20,20,|T=0,0,0,0,|B=1,15,1,50;3,15,1,50;;M=20,20,20,20,|T=0,0,0,0,|B=1,15,1,50;2,15,1,50;3,15,1,50;",NaN,[],EXT_111,"EXT_111",1,LOW_CONFIDENCE,insufficient_unique_margin,0,0,0,2.41252489416013,1.22565149875389,0,0,0.000177,0.000245,0.000827,2,2,2
21,high_noise,J_frozen_6,EXT_021,"M=20,20,20,20,|T=0,0,0,0,|B=2,15,1,50;2,15,1,50;3,15,1,50;",0,0,0,4,1170700003,2170700003,1180021003,6,6,"G001,G002,G003,MIRROR_M3,ADD_M1_M3,EXT_111","M=20,20,20,20,|T=0,0,0,0,|B=none;M=20,20,20,20,|T=0,0,0,0,|B=2,15,1,50;;M=20,20,20,20,|T=0,0,0,0,|B=1,15,1,50;;M=20,20,20,20,|T=0,0,0,0,|B=3,15,1,50;;M=20,20,20,20,|T=0,0,0,0,|B=1,15,1,50;3,15,1,50;;M=20,20,20,20,|T=0,0,0,0,|B=1,15,1,50;2,15,1,50;3,15,1,50;",NaN,[],EXT_111,"EXT_111",1,LOW_CONFIDENCE,insufficient_unique_margin,0,0,0,2.41252489416013,1.22565149875389,0,0,0.000177,0.000245,0.000829,2,2,2
21,high_noise,B_ideal_ci,EXT_021,"M=20,20,20,20,|T=0,0,0,0,|B=2,15,1,50;2,15,1,50;3,15,1,50;",0,1,1,4,1170700003,2170700003,1180021003,1,7,"EXT_021","M=20,20,20,20,|T=0,0,0,0,|B=2,15,1,50;2,15,1,50;3,15,1,50;",1,[Inf;Inf;Inf;Inf;Inf;0.0111803398875;Inf;0;Inf;Inf;0.0173205080757;Inf;0.0132287565553;0.0158113883008;Inf;0.0173205080757;0.019364916731],EXT_021,"EXT_021",1,LOW_CONFIDENCE,insufficient_unique_margin,1,0,0,2.11661908449902,0,0.001432,0.001432,0.000177,0.000245,0.00049,0,2,2
21,high_noise,C_estimated_ci,EXT_021,"M=20,20,20,20,|T=0,0,0,0,|B=2,15,1,50;2,15,1,50;3,15,1,50;",0,0,0,4,1170700003,2170700003,1180021003,3,7,"EXT_120,EXT_210,EXT_111","M=20,20,20,20,|T=0,0,0,0,|B=1,15,1,50;2,15,1,50;2,15,1,50;;M=20,20,20,20,|T=0,0,0,0,|B=1,15,1,50;1,15,1,50;2,15,1,50;;M=20,20,20,20,|T=0,0,0,0,|B=1,15,1,50;2,15,1,50;3,15,1,50;",5,[Inf;Inf;Inf;Inf;Inf;0.032919775754;Inf;0.028898818888;Inf;Inf;0.0324455839794;Inf;0.0283574684552;0.0221675258484;Inf;0.0283826727884;0.0221997590001],EXT_120,"EXT_120,EXT_210,EXT_111",3,MULTIPLE_AMBIGUOUS,multiple_candidates,0,0,0,2.11661908449902,0,0.001867,0.001445,0.000177,0.000245,0.000498,2,2,2
21,high_noise,D_count_matched,EXT_021,"M=20,20,20,20,|T=0,0,0,0,|B=2,15,1,50;2,15,1,50;3,15,1,50;",0,0,0,4,1170700003,2170700003,1180021003,3,7,"EXT_102,EXT_111,EXT_210","M=20,20,20,20,|T=0,0,0,0,|B=1,15,1,50;3,15,1,50;3,15,1,50;;M=20,20,20,20,|T=0,0,0,0,|B=1,15,1,50;2,15,1,50;3,15,1,50;;M=20,20,20,20,|T=0,0,0,0,|B=1,15,1,50;1,15,1,50;2,15,1,50;",5,[],EXT_210,"EXT_102,EXT_111,EXT_210",3,MULTIPLE_AMBIGUOUS,multiple_candidates,0,0,0,2.38867849215288,-0.27205940765386,0.000557,0.000557,0.000177,0.000245,0.000513,2,2,2
22,synchronous,A_D_samecal_3,EXT_201,"M=20,20,20,20,|T=0,0,0,0,|B=1,15,1,50;1,15,1,50;3,15,1,50;",0,0,0,4,1170800001,2170800001,1180022001,3,3,"G001,G002,G003","M=20,20,20,20,|T=0,0,0,0,|B=none;M=20,20,20,20,|T=0,0,0,0,|B=2,15,1,50;;M=20,20,20,20,|T=0,0,0,0,|B=1,15,1,50;",NaN,[],G001,"",0,REJECTED,empty_first_set,0,0,0,Inf,NaN,0,0,0.000127,0.000293,0.000819,2,2,1
22,synchronous,A_D_samecal_6,EXT_201,"M=20,20,20,20,|T=0,0,0,0,|B=1,15,1,50;1,15,1,50;3,15,1,50;",0,0,0,4,1170800001,2170800001,1180022001,6,6,"G001,G002,G003,MIRROR_M3,ADD_M1_M3,EXT_111","M=20,20,20,20,|T=0,0,0,0,|B=none;M=20,20,20,20,|T=0,0,0,0,|B=2,15,1,50;;M=20,20,20,20,|T=0,0,0,0,|B=1,15,1,50;;M=20,20,20,20,|T=0,0,0,0,|B=3,15,1,50;;M=20,20,20,20,|T=0,0,0,0,|B=1,15,1,50;3,15,1,50;;M=20,20,20,20,|T=0,0,0,0,|B=1,15,1,50;2,15,1,50;3,15,1,50;",NaN,[],G001,"",0,REJECTED,empty_first_set,0,0,0,Inf,NaN,0,0,0.000127,0.000293,0.00062,1,2,2
22,synchronous,J_frozen_6,EXT_201,"M=20,20,20,20,|T=0,0,0,0,|B=1,15,1,50;1,15,1,50;3,15,1,50;",0,0,0,4,1170800001,2170800001,1180022001,6,6,"G001,G002,G003,MIRROR_M3,ADD_M1_M3,EXT_111","M=20,20,20,20,|T=0,0,0,0,|B=none;M=20,20,20,20,|T=0,0,0,0,|B=2,15,1,50;;M=20,20,20,20,|T=0,0,0,0,|B=1,15,1,50;;M=20,20,20,20,|T=0,0,0,0,|B=3,15,1,50;;M=20,20,20,20,|T=0,0,0,0,|B=1,15,1,50;3,15,1,50;;M=20,20,20,20,|T=0,0,0,0,|B=1,15,1,50;2,15,1,50;3,15,1,50;",NaN,[],G001,"",0,REJECTED,empty_first_set,0,0,0,Inf,NaN,0,0,0.000127,0.000293,0.000453,1,2,2
22,synchronous,B_ideal_ci,EXT_201,"M=20,20,20,20,|T=0,0,0,0,|B=1,15,1,50;1,15,1,50;3,15,1,50;",0,1,1,4,1170800001,2170800001,1180022001,1,7,"EXT_201","M=20,20,20,20,|T=0,0,0,0,|B=1,15,1,50;1,15,1,50;3,15,1,50;",1,[Inf;Inf;Inf;Inf;Inf;0.0259807621135;Inf;0.0173205080757;Inf;Inf;0.022360679775;Inf;0.0111803398875;0.0141421356237;Inf;0;0.00866025403784],EXT_201,"EXT_201",1,LOW_CONFIDENCE,insufficient_unique_margin,1,0,0,2.7941851062183,4.44089209850063e-16,0.001361,0.001361,0.000127,0.000293,0.000465,0,2,2
22,synchronous,C_estimated_ci,EXT_201,"M=20,20,20,20,|T=0,0,0,0,|B=1,15,1,50;1,15,1,50;3,15,1,50;",0,1,1,4,1170800001,2170800001,1180022001,3,7,"EXT_201,EXT_210,EXT_111","M=20,20,20,20,|T=0,0,0,0,|B=1,15,1,50;1,15,1,50;3,15,1,50;;M=20,20,20,20,|T=0,0,0,0,|B=1,15,1,50;1,15,1,50;2,15,1,50;;M=20,20,20,20,|T=0,0,0,0,|B=1,15,1,50;2,15,1,50;3,15,1,50;",1,[Inf;Inf;Inf;Inf;Inf;0.0260392030696;Inf;0.0173635336624;Inf;Inf;0.0224302827096;Inf;0.01125032387;0.0142393217354;Inf;0.00014829674869;0.00872986186772],EXT_201,"EXT_201,EXT_210,EXT_111",3,MULTIPLE_AMBIGUOUS,multiple_candidates,1,0,0,2.7941851062183,4.44089209850063e-16,0.001699,0.001279,0.000127,0.000293,0.000452,0,2,2
22,synchronous,D_count_matched,EXT_201,"M=20,20,20,20,|T=0,0,0,0,|B=1,15,1,50;1,15,1,50;3,15,1,50;",0,0,0,4,1170800001,2170800001,1180022001,3,7,"EXT_120,EXT_021,EXT_102","M=20,20,20,20,|T=0,0,0,0,|B=1,15,1,50;2,15,1,50;2,15,1,50;;M=20,20,20,20,|T=0,0,0,0,|B=2,15,1,50;2,15,1,50;3,15,1,50;;M=20,20,20,20,|T=0,0,0,0,|B=1,15,1,50;3,15,1,50;3,15,1,50;",1,[],EXT_102,"EXT_120,EXT_021,EXT_102",3,MULTIPLE_AMBIGUOUS,multiple_candidates,0,0,0,2.7941851062183,-4.44089209850063e-16,0.000522,0.000522,0.000127,0.000293,0.000387,2,2,2
22,asynchronous,A_D_samecal_3,EXT_201,"M=20,20,20,20,|T=0,0,0,0,|B=1,15,1,50;1,15,1,50;3,15,1,50;",0,0,0,4,1170800001,2170800001,1180022002,3,3,"G001,G002,G003","M=20,20,20,20,|T=0,0,0,0,|B=none;M=20,20,20,20,|T=0,0,0,0,|B=2,15,1,50;;M=20,20,20,20,|T=0,0,0,0,|B=1,15,1,50;",NaN,[],G001,"",0,REJECTED,empty_first_set,0,0,0,Inf,NaN,0,0,0.000163,0.000241,0.000558,2,2,1
22,asynchronous,A_D_samecal_6,EXT_201,"M=20,20,20,20,|T=0,0,0,0,|B=1,15,1,50;1,15,1,50;3,15,1,50;",0,0,0,4,1170800001,2170800001,1180022002,6,6,"G001,G002,G003,MIRROR_M3,ADD_M1_M3,EXT_111","M=20,20,20,20,|T=0,0,0,0,|B=none;M=20,20,20,20,|T=0,0,0,0,|B=2,15,1,50;;M=20,20,20,20,|T=0,0,0,0,|B=1,15,1,50;;M=20,20,20,20,|T=0,0,0,0,|B=3,15,1,50;;M=20,20,20,20,|T=0,0,0,0,|B=1,15,1,50;3,15,1,50;;M=20,20,20,20,|T=0,0,0,0,|B=1,15,1,50;2,15,1,50;3,15,1,50;",NaN,[],G001,"",0,REJECTED,empty_first_set,0,0,0,Inf,NaN,0,0,0.000163,0.000241,0.000548,1,2,2
22,asynchronous,J_frozen_6,EXT_201,"M=20,20,20,20,|T=0,0,0,0,|B=1,15,1,50;1,15,1,50;3,15,1,50;",0,0,0,4,1170800001,2170800001,1180022002,6,6,"G001,G002,G003,MIRROR_M3,ADD_M1_M3,EXT_111","M=20,20,20,20,|T=0,0,0,0,|B=none;M=20,20,20,20,|T=0,0,0,0,|B=2,15,1,50;;M=20,20,20,20,|T=0,0,0,0,|B=1,15,1,50;;M=20,20,20,20,|T=0,0,0,0,|B=3,15,1,50;;M=20,20,20,20,|T=0,0,0,0,|B=1,15,1,50;3,15,1,50;;M=20,20,20,20,|T=0,0,0,0,|B=1,15,1,50;2,15,1,50;3,15,1,50;",NaN,[],G001,"",0,REJECTED,empty_first_set,0,0,0,Inf,NaN,0,0,0.000163,0.000241,0.000462,1,2,2
22,asynchronous,B_ideal_ci,EXT_201,"M=20,20,20,20,|T=0,0,0,0,|B=1,15,1,50;1,15,1,50;3,15,1,50;",0,1,1,4,1170800001,2170800001,1180022002,1,7,"EXT_201","M=20,20,20,20,|T=0,0,0,0,|B=1,15,1,50;1,15,1,50;3,15,1,50;",1,[Inf;Inf;Inf;Inf;Inf;0.0259807621135;Inf;0.0173205080757;Inf;Inf;0.022360679775;Inf;0.0111803398875;0.0141421356237;Inf;0;0.00866025403784],EXT_201,"EXT_201",1,LOW_CONFIDENCE,insufficient_unique_margin,1,0,0,2.7941851062183,4.44089209850063e-16,0.001361,0.001361,0.000163,0.000241,0.000517,0,2,2
22,asynchronous,C_estimated_ci,EXT_201,"M=20,20,20,20,|T=0,0,0,0,|B=1,15,1,50;1,15,1,50;3,15,1,50;",0,1,1,4,1170800001,2170800001,1180022002,3,7,"EXT_201,EXT_210,EXT_111","M=20,20,20,20,|T=0,0,0,0,|B=1,15,1,50;1,15,1,50;3,15,1,50;;M=20,20,20,20,|T=0,0,0,0,|B=1,15,1,50;1,15,1,50;2,15,1,50;;M=20,20,20,20,|T=0,0,0,0,|B=1,15,1,50;2,15,1,50;3,15,1,50;",1,[Inf;Inf;Inf;Inf;Inf;0.0376895997003;Inf;0.0283008734281;Inf;Inf;0.0346466063173;Inf;0.0241002249063;0.0255931607965;Inf;0.0145345915581;0.0168950700142],EXT_201,"EXT_201,EXT_210,EXT_111",3,MULTIPLE_AMBIGUOUS,multiple_candidates,1,0,0,2.7941851062183,4.44089209850063e-16,0.001793,0.001389,0.000163,0.000241,0.000491,0,2,2
22,asynchronous,D_count_matched,EXT_201,"M=20,20,20,20,|T=0,0,0,0,|B=1,15,1,50;1,15,1,50;3,15,1,50;",0,0,0,4,1170800001,2170800001,1180022002,3,7,"EXT_012,EXT_120,EXT_111","M=20,20,20,20,|T=0,0,0,0,|B=2,15,1,50;3,15,1,50;3,15,1,50;;M=20,20,20,20,|T=0,0,0,0,|B=1,15,1,50;2,15,1,50;2,15,1,50;;M=20,20,20,20,|T=0,0,0,0,|B=1,15,1,50;2,15,1,50;3,15,1,50;",1,[],EXT_012,"EXT_012,EXT_120,EXT_111",3,MULTIPLE_AMBIGUOUS,multiple_candidates,0,0,0,2.90820969423378,-0.114024588015479,0.000547,0.000547,0.000163,0.000241,0.000467,2,2,2
22,high_noise,A_D_samecal_3,EXT_201,"M=20,20,20,20,|T=0,0,0,0,|B=1,15,1,50;1,15,1,50;3,15,1,50;",0,0,0,4,1170800001,2170800001,1180022003,3,3,"G001,G002,G003","M=20,20,20,20,|T=0,0,0,0,|B=none;M=20,20,20,20,|T=0,0,0,0,|B=2,15,1,50;;M=20,20,20,20,|T=0,0,0,0,|B=1,15,1,50;",NaN,[],G001,"",0,REJECTED,empty_first_set,0,0,0,Inf,NaN,0,0,0.000196,0.000268,0.000644,2,2,1
22,high_noise,A_D_samecal_6,EXT_201,"M=20,20,20,20,|T=0,0,0,0,|B=1,15,1,50;1,15,1,50;3,15,1,50;",0,0,0,4,1170800001,2170800001,1180022003,6,6,"G001,G002,G003,MIRROR_M3,ADD_M1_M3,EXT_111","M=20,20,20,20,|T=0,0,0,0,|B=none;M=20,20,20,20,|T=0,0,0,0,|B=2,15,1,50;;M=20,20,20,20,|T=0,0,0,0,|B=1,15,1,50;;M=20,20,20,20,|T=0,0,0,0,|B=3,15,1,50;;M=20,20,20,20,|T=0,0,0,0,|B=1,15,1,50;3,15,1,50;;M=20,20,20,20,|T=0,0,0,0,|B=1,15,1,50;2,15,1,50;3,15,1,50;",NaN,[],G001,"",0,REJECTED,empty_first_set,0,0,0,Inf,NaN,0,0,0.000196,0.000268,0.000642,1,2,2
22,high_noise,J_frozen_6,EXT_201,"M=20,20,20,20,|T=0,0,0,0,|B=1,15,1,50;1,15,1,50;3,15,1,50;",0,0,0,4,1170800001,2170800001,1180022003,6,6,"G001,G002,G003,MIRROR_M3,ADD_M1_M3,EXT_111","M=20,20,20,20,|T=0,0,0,0,|B=none;M=20,20,20,20,|T=0,0,0,0,|B=2,15,1,50;;M=20,20,20,20,|T=0,0,0,0,|B=1,15,1,50;;M=20,20,20,20,|T=0,0,0,0,|B=3,15,1,50;;M=20,20,20,20,|T=0,0,0,0,|B=1,15,1,50;3,15,1,50;;M=20,20,20,20,|T=0,0,0,0,|B=1,15,1,50;2,15,1,50;3,15,1,50;",NaN,[],G001,"",0,REJECTED,empty_first_set,0,0,0,Inf,NaN,0,0,0.000196,0.000268,0.000517,1,2,2
22,high_noise,B_ideal_ci,EXT_201,"M=20,20,20,20,|T=0,0,0,0,|B=1,15,1,50;1,15,1,50;3,15,1,50;",0,1,1,4,1170800001,2170800001,1180022003,1,7,"EXT_201","M=20,20,20,20,|T=0,0,0,0,|B=1,15,1,50;1,15,1,50;3,15,1,50;",1,[Inf;Inf;Inf;Inf;Inf;0.0259807621135;Inf;0.0173205080757;Inf;Inf;0.022360679775;Inf;0.0111803398875;0.0141421356237;Inf;0;0.00866025403784],EXT_201,"EXT_201",1,LOW_CONFIDENCE,insufficient_unique_margin,1,0,0,2.7941851062183,4.44089209850063e-16,0.001361,0.001361,0.000196,0.000268,0.000526,0,2,2
22,high_noise,C_estimated_ci,EXT_201,"M=20,20,20,20,|T=0,0,0,0,|B=1,15,1,50;1,15,1,50;3,15,1,50;",0,1,1,4,1170800001,2170800001,1180022003,3,7,"EXT_201,EXT_210,EXT_111","M=20,20,20,20,|T=0,0,0,0,|B=1,15,1,50;1,15,1,50;3,15,1,50;;M=20,20,20,20,|T=0,0,0,0,|B=1,15,1,50;1,15,1,50;2,15,1,50;;M=20,20,20,20,|T=0,0,0,0,|B=1,15,1,50;2,15,1,50;3,15,1,50;",1,[Inf;Inf;Inf;Inf;Inf;0.0428900554619;Inf;0.0356006663641;Inf;Inf;0.0358629987267;Inf;0.0267208769638;0.0283686215045;Inf;0.0197953492962;0.0219688250507],EXT_201,"EXT_201,EXT_210,EXT_111",3,MULTIPLE_AMBIGUOUS,multiple_candidates,1,0,0,2.7941851062183,4.44089209850063e-16,0.002041,0.001577,0.000196,0.000268,0.000509,0,2,2
22,high_noise,D_count_matched,EXT_201,"M=20,20,20,20,|T=0,0,0,0,|B=1,15,1,50;1,15,1,50;3,15,1,50;",0,0,0,4,1170800001,2170800001,1180022003,3,7,"EXT_021,EXT_111,EXT_210","M=20,20,20,20,|T=0,0,0,0,|B=2,15,1,50;2,15,1,50;3,15,1,50;;M=20,20,20,20,|T=0,0,0,0,|B=1,15,1,50;2,15,1,50;3,15,1,50;;M=20,20,20,20,|T=0,0,0,0,|B=1,15,1,50;1,15,1,50;2,15,1,50;",1,[],EXT_210,"EXT_021,EXT_111,EXT_210",3,MULTIPLE_AMBIGUOUS,multiple_candidates,0,0,0,2.90820969423378,-0.114024588015479,0.00064,0.00064,0.000196,0.000268,0.000453,2,2,2
23,synchronous,A_D_samecal_3,EXT_201,"M=20,20,20,20,|T=0,0,0,0,|B=1,15,1,50;1,15,1,50;3,15,1,50;",0,0,0,4,1170800002,2170800002,1180023001,3,3,"G001,G002,G003","M=20,20,20,20,|T=0,0,0,0,|B=none;M=20,20,20,20,|T=0,0,0,0,|B=2,15,1,50;;M=20,20,20,20,|T=0,0,0,0,|B=1,15,1,50;",NaN,[],G001,"",0,REJECTED,empty_first_set,0,0,0,Inf,NaN,0,0,0.000137,0.00025,0.000511,2,2,1
23,synchronous,A_D_samecal_6,EXT_201,"M=20,20,20,20,|T=0,0,0,0,|B=1,15,1,50;1,15,1,50;3,15,1,50;",0,0,0,4,1170800002,2170800002,1180023001,6,6,"G001,G002,G003,MIRROR_M3,ADD_M1_M3,EXT_111","M=20,20,20,20,|T=0,0,0,0,|B=none;M=20,20,20,20,|T=0,0,0,0,|B=2,15,1,50;;M=20,20,20,20,|T=0,0,0,0,|B=1,15,1,50;;M=20,20,20,20,|T=0,0,0,0,|B=3,15,1,50;;M=20,20,20,20,|T=0,0,0,0,|B=1,15,1,50;3,15,1,50;;M=20,20,20,20,|T=0,0,0,0,|B=1,15,1,50;2,15,1,50;3,15,1,50;",NaN,[],EXT_111,"ADD_M1_M3,EXT_111",2,MULTIPLE_AMBIGUOUS,multiple_candidates,0,0,0,2.24870763946397,0.428199596586658,0,0,0.000137,0.00025,0.000847,1,2,2
23,synchronous,J_frozen_6,EXT_201,"M=20,20,20,20,|T=0,0,0,0,|B=1,15,1,50;1,15,1,50;3,15,1,50;",0,0,0,4,1170800002,2170800002,1180023001,6,6,"G001,G002,G003,MIRROR_M3,ADD_M1_M3,EXT_111","M=20,20,20,20,|T=0,0,0,0,|B=none;M=20,20,20,20,|T=0,0,0,0,|B=2,15,1,50;;M=20,20,20,20,|T=0,0,0,0,|B=1,15,1,50;;M=20,20,20,20,|T=0,0,0,0,|B=3,15,1,50;;M=20,20,20,20,|T=0,0,0,0,|B=1,15,1,50;3,15,1,50;;M=20,20,20,20,|T=0,0,0,0,|B=1,15,1,50;2,15,1,50;3,15,1,50;",NaN,[],EXT_111,"ADD_M1_M3,EXT_111",2,MULTIPLE_AMBIGUOUS,multiple_candidates,0,0,0,2.24870763946397,0.428199596586658,0,0,0.000137,0.00025,0.000916,1,2,2
23,synchronous,B_ideal_ci,EXT_201,"M=20,20,20,20,|T=0,0,0,0,|B=1,15,1,50;1,15,1,50;3,15,1,50;",0,1,1,4,1170800002,2170800002,1180023001,1,7,"EXT_201","M=20,20,20,20,|T=0,0,0,0,|B=1,15,1,50;1,15,1,50;3,15,1,50;",1,[Inf;Inf;Inf;Inf;Inf;0.0259807621135;Inf;0.0173205080757;Inf;Inf;0.022360679775;Inf;0.0111803398875;0.0141421356237;Inf;0;0.00866025403784],EXT_201,"EXT_201",1,LOW_CONFIDENCE,insufficient_unique_margin,1,0,0,1.84083964359217,2.22044604925031e-16,0.00147,0.00147,0.000137,0.00025,0.000544,0,2,2
23,synchronous,C_estimated_ci,EXT_201,"M=20,20,20,20,|T=0,0,0,0,|B=1,15,1,50;1,15,1,50;3,15,1,50;",0,1,1,4,1170800002,2170800002,1180023001,3,7,"EXT_201,EXT_210,EXT_111","M=20,20,20,20,|T=0,0,0,0,|B=1,15,1,50;1,15,1,50;3,15,1,50;;M=20,20,20,20,|T=0,0,0,0,|B=1,15,1,50;1,15,1,50;2,15,1,50;;M=20,20,20,20,|T=0,0,0,0,|B=1,15,1,50;2,15,1,50;3,15,1,50;",1,[Inf;Inf;Inf;Inf;Inf;0.0260076728558;Inf;0.0173314940529;Inf;Inf;0.0224069349233;Inf;0.0112273047249;0.0142186188138;Inf;0.000184418316291;0.00872644026518],EXT_201,"EXT_201,EXT_210,EXT_111",3,MULTIPLE_AMBIGUOUS,multiple_candidates,1,0,0,1.84083964359217,2.22044604925031e-16,0.001635,0.001248,0.000137,0.00025,0.000507,0,2,2
23,synchronous,D_count_matched,EXT_201,"M=20,20,20,20,|T=0,0,0,0,|B=1,15,1,50;1,15,1,50;3,15,1,50;",0,1,1,4,1170800002,2170800002,1180023001,3,7,"EXT_201,EXT_210,EXT_012","M=20,20,20,20,|T=0,0,0,0,|B=1,15,1,50;1,15,1,50;3,15,1,50;;M=20,20,20,20,|T=0,0,0,0,|B=1,15,1,50;1,15,1,50;2,15,1,50;;M=20,20,20,20,|T=0,0,0,0,|B=2,15,1,50;3,15,1,50;3,15,1,50;",1,[],EXT_201,"EXT_201,EXT_210,EXT_012",3,MULTIPLE_AMBIGUOUS,multiple_candidates,1,0,0,1.84083964359217,2.22044604925031e-16,0.000513,0.000513,0.000137,0.00025,0.000427,0,2,2
23,asynchronous,A_D_samecal_3,EXT_201,"M=20,20,20,20,|T=0,0,0,0,|B=1,15,1,50;1,15,1,50;3,15,1,50;",0,0,0,4,1170800002,2170800002,1180023002,3,3,"G001,G002,G003","M=20,20,20,20,|T=0,0,0,0,|B=none;M=20,20,20,20,|T=0,0,0,0,|B=2,15,1,50;;M=20,20,20,20,|T=0,0,0,0,|B=1,15,1,50;",NaN,[],G001,"",0,REJECTED,empty_first_set,0,0,0,Inf,NaN,0,0,0.000183,0.000253,0.000452,2,2,1
23,asynchronous,A_D_samecal_6,EXT_201,"M=20,20,20,20,|T=0,0,0,0,|B=1,15,1,50;1,15,1,50;3,15,1,50;",0,0,0,4,1170800002,2170800002,1180023002,6,6,"G001,G002,G003,MIRROR_M3,ADD_M1_M3,EXT_111","M=20,20,20,20,|T=0,0,0,0,|B=none;M=20,20,20,20,|T=0,0,0,0,|B=2,15,1,50;;M=20,20,20,20,|T=0,0,0,0,|B=1,15,1,50;;M=20,20,20,20,|T=0,0,0,0,|B=3,15,1,50;;M=20,20,20,20,|T=0,0,0,0,|B=1,15,1,50;3,15,1,50;;M=20,20,20,20,|T=0,0,0,0,|B=1,15,1,50;2,15,1,50;3,15,1,50;",NaN,[],EXT_111,"ADD_M1_M3,EXT_111",2,MULTIPLE_AMBIGUOUS,multiple_candidates,0,0,0,2.24870763946397,0.428199596586658,0,0,0.000183,0.000253,0.000772,1,2,2
23,asynchronous,J_frozen_6,EXT_201,"M=20,20,20,20,|T=0,0,0,0,|B=1,15,1,50;1,15,1,50;3,15,1,50;",0,0,0,4,1170800002,2170800002,1180023002,6,6,"G001,G002,G003,MIRROR_M3,ADD_M1_M3,EXT_111","M=20,20,20,20,|T=0,0,0,0,|B=none;M=20,20,20,20,|T=0,0,0,0,|B=2,15,1,50;;M=20,20,20,20,|T=0,0,0,0,|B=1,15,1,50;;M=20,20,20,20,|T=0,0,0,0,|B=3,15,1,50;;M=20,20,20,20,|T=0,0,0,0,|B=1,15,1,50;3,15,1,50;;M=20,20,20,20,|T=0,0,0,0,|B=1,15,1,50;2,15,1,50;3,15,1,50;",NaN,[],EXT_111,"ADD_M1_M3,EXT_111",2,MULTIPLE_AMBIGUOUS,multiple_candidates,0,0,0,2.24870763946397,0.428199596586658,0,0,0.000183,0.000253,0.000816,1,2,2
23,asynchronous,B_ideal_ci,EXT_201,"M=20,20,20,20,|T=0,0,0,0,|B=1,15,1,50;1,15,1,50;3,15,1,50;",0,1,1,4,1170800002,2170800002,1180023002,1,7,"EXT_201","M=20,20,20,20,|T=0,0,0,0,|B=1,15,1,50;1,15,1,50;3,15,1,50;",1,[Inf;Inf;Inf;Inf;Inf;0.0259807621135;Inf;0.0173205080757;Inf;Inf;0.022360679775;Inf;0.0111803398875;0.0141421356237;Inf;0;0.00866025403784],EXT_201,"EXT_201",1,LOW_CONFIDENCE,insufficient_unique_margin,1,0,0,1.84083964359217,2.22044604925031e-16,0.00147,0.00147,0.000183,0.000253,0.000484,0,2,2
23,asynchronous,C_estimated_ci,EXT_201,"M=20,20,20,20,|T=0,0,0,0,|B=1,15,1,50;1,15,1,50;3,15,1,50;",0,1,1,4,1170800002,2170800002,1180023002,3,7,"EXT_201,EXT_210,EXT_111","M=20,20,20,20,|T=0,0,0,0,|B=1,15,1,50;1,15,1,50;3,15,1,50;;M=20,20,20,20,|T=0,0,0,0,|B=1,15,1,50;1,15,1,50;2,15,1,50;;M=20,20,20,20,|T=0,0,0,0,|B=1,15,1,50;2,15,1,50;3,15,1,50;",1,[Inf;Inf;Inf;Inf;Inf;0.0259476711668;Inf;0.0173023648049;Inf;Inf;0.0223125790499;Inf;0.0111328959717;0.0141290132893;Inf;0.000177655787425;0.00870167830887],EXT_201,"EXT_201,EXT_210,EXT_111",3,MULTIPLE_AMBIGUOUS,multiple_candidates,1,0,0,1.84083964359217,2.22044604925031e-16,0.001887,0.001451,0.000183,0.000253,0.000485,0,2,2
23,asynchronous,D_count_matched,EXT_201,"M=20,20,20,20,|T=0,0,0,0,|B=1,15,1,50;1,15,1,50;3,15,1,50;",0,0,0,4,1170800002,2170800002,1180023002,3,7,"EXT_012,EXT_210,EXT_120","M=20,20,20,20,|T=0,0,0,0,|B=2,15,1,50;3,15,1,50;3,15,1,50;;M=20,20,20,20,|T=0,0,0,0,|B=1,15,1,50;1,15,1,50;2,15,1,50;;M=20,20,20,20,|T=0,0,0,0,|B=1,15,1,50;2,15,1,50;2,15,1,50;",1,[],EXT_210,"EXT_012,EXT_210,EXT_120",3,MULTIPLE_AMBIGUOUS,multiple_candidates,0,0,0,2.03164472463431,-0.190805081042146,0.000543,0.000543,0.000183,0.000253,0.000449,2,2,1
23,high_noise,A_D_samecal_3,EXT_201,"M=20,20,20,20,|T=0,0,0,0,|B=1,15,1,50;1,15,1,50;3,15,1,50;",0,0,0,4,1170800002,2170800002,1180023003,3,3,"G001,G002,G003","M=20,20,20,20,|T=0,0,0,0,|B=none;M=20,20,20,20,|T=0,0,0,0,|B=2,15,1,50;;M=20,20,20,20,|T=0,0,0,0,|B=1,15,1,50;",NaN,[],G001,"",0,REJECTED,empty_first_set,0,0,0,Inf,NaN,0,0,0.000177,0.000328,0.000547,2,2,1
23,high_noise,A_D_samecal_6,EXT_201,"M=20,20,20,20,|T=0,0,0,0,|B=1,15,1,50;1,15,1,50;3,15,1,50;",0,0,0,4,1170800002,2170800002,1180023003,6,6,"G001,G002,G003,MIRROR_M3,ADD_M1_M3,EXT_111","M=20,20,20,20,|T=0,0,0,0,|B=none;M=20,20,20,20,|T=0,0,0,0,|B=2,15,1,50;;M=20,20,20,20,|T=0,0,0,0,|B=1,15,1,50;;M=20,20,20,20,|T=0,0,0,0,|B=3,15,1,50;;M=20,20,20,20,|T=0,0,0,0,|B=1,15,1,50;3,15,1,50;;M=20,20,20,20,|T=0,0,0,0,|B=1,15,1,50;2,15,1,50;3,15,1,50;",NaN,[],EXT_111,"ADD_M1_M3,EXT_111",2,MULTIPLE_AMBIGUOUS,multiple_candidates,0,0,0,2.24870763946397,0.428199596586658,0,0,0.000177,0.000328,0.000872,1,2,2
23,high_noise,J_frozen_6,EXT_201,"M=20,20,20,20,|T=0,0,0,0,|B=1,15,1,50;1,15,1,50;3,15,1,50;",0,0,0,4,1170800002,2170800002,1180023003,6,6,"G001,G002,G003,MIRROR_M3,ADD_M1_M3,EXT_111","M=20,20,20,20,|T=0,0,0,0,|B=none;M=20,20,20,20,|T=0,0,0,0,|B=2,15,1,50;;M=20,20,20,20,|T=0,0,0,0,|B=1,15,1,50;;M=20,20,20,20,|T=0,0,0,0,|B=3,15,1,50;;M=20,20,20,20,|T=0,0,0,0,|B=1,15,1,50;3,15,1,50;;M=20,20,20,20,|T=0,0,0,0,|B=1,15,1,50;2,15,1,50;3,15,1,50;",NaN,[],EXT_111,"ADD_M1_M3,EXT_111",2,MULTIPLE_AMBIGUOUS,multiple_candidates,0,0,0,2.24870763946397,0.428199596586658,0,0,0.000177,0.000328,0.000877,1,2,2
23,high_noise,B_ideal_ci,EXT_201,"M=20,20,20,20,|T=0,0,0,0,|B=1,15,1,50;1,15,1,50;3,15,1,50;",0,1,1,4,1170800002,2170800002,1180023003,1,7,"EXT_201","M=20,20,20,20,|T=0,0,0,0,|B=1,15,1,50;1,15,1,50;3,15,1,50;",1,[Inf;Inf;Inf;Inf;Inf;0.0259807621135;Inf;0.0173205080757;Inf;Inf;0.022360679775;Inf;0.0111803398875;0.0141421356237;Inf;0;0.00866025403784],EXT_201,"EXT_201",1,LOW_CONFIDENCE,insufficient_unique_margin,1,0,0,1.84083964359217,2.22044604925031e-16,0.00147,0.00147,0.000177,0.000328,0.000492,0,2,2
23,high_noise,C_estimated_ci,EXT_201,"M=20,20,20,20,|T=0,0,0,0,|B=1,15,1,50;1,15,1,50;3,15,1,50;",0,1,1,4,1170800002,2170800002,1180023003,3,7,"EXT_201,EXT_210,EXT_111","M=20,20,20,20,|T=0,0,0,0,|B=1,15,1,50;1,15,1,50;3,15,1,50;;M=20,20,20,20,|T=0,0,0,0,|B=1,15,1,50;1,15,1,50;2,15,1,50;;M=20,20,20,20,|T=0,0,0,0,|B=1,15,1,50;2,15,1,50;3,15,1,50;",1,[Inf;Inf;Inf;Inf;Inf;0.0260817765752;Inf;0.0174127510295;Inf;Inf;0.0224557706699;Inf;0.0112785843736;0.0141823632397;Inf;0.000388966021392;0.00860722116352],EXT_201,"EXT_201,EXT_210,EXT_111",3,MULTIPLE_AMBIGUOUS,multiple_candidates,1,0,0,1.84083964359217,2.22044604925031e-16,0.002158,0.001653,0.000177,0.000328,0.00047,0,2,2
23,high_noise,D_count_matched,EXT_201,"M=20,20,20,20,|T=0,0,0,0,|B=1,15,1,50;1,15,1,50;3,15,1,50;",0,1,1,4,1170800002,2170800002,1180023003,3,7,"EXT_201,EXT_210,EXT_021","M=20,20,20,20,|T=0,0,0,0,|B=1,15,1,50;1,15,1,50;3,15,1,50;;M=20,20,20,20,|T=0,0,0,0,|B=1,15,1,50;1,15,1,50;2,15,1,50;;M=20,20,20,20,|T=0,0,0,0,|B=2,15,1,50;2,15,1,50;3,15,1,50;",1,[],EXT_201,"EXT_201,EXT_210,EXT_021",3,MULTIPLE_AMBIGUOUS,multiple_candidates,1,0,0,1.84083964359217,2.22044604925031e-16,0.000586,0.000586,0.000177,0.000328,0.000393,0,2,2
24,synchronous,A_D_samecal_3,EXT_201,"M=20,20,20,20,|T=0,0,0,0,|B=1,15,1,50;1,15,1,50;3,15,1,50;",0,0,0,4,1170800003,2170800003,1180024001,3,3,"G001,G002,G003","M=20,20,20,20,|T=0,0,0,0,|B=none;M=20,20,20,20,|T=0,0,0,0,|B=2,15,1,50;;M=20,20,20,20,|T=0,0,0,0,|B=1,15,1,50;",NaN,[],G001,"",0,REJECTED,empty_first_set,0,0,0,Inf,NaN,0,0,0.000126,0.000341,0.000495,2,2,1
24,synchronous,A_D_samecal_6,EXT_201,"M=20,20,20,20,|T=0,0,0,0,|B=1,15,1,50;1,15,1,50;3,15,1,50;",0,0,0,4,1170800003,2170800003,1180024001,6,6,"G001,G002,G003,MIRROR_M3,ADD_M1_M3,EXT_111","M=20,20,20,20,|T=0,0,0,0,|B=none;M=20,20,20,20,|T=0,0,0,0,|B=2,15,1,50;;M=20,20,20,20,|T=0,0,0,0,|B=1,15,1,50;;M=20,20,20,20,|T=0,0,0,0,|B=3,15,1,50;;M=20,20,20,20,|T=0,0,0,0,|B=1,15,1,50;3,15,1,50;;M=20,20,20,20,|T=0,0,0,0,|B=1,15,1,50;2,15,1,50;3,15,1,50;",NaN,[],EXT_111,"ADD_M1_M3,EXT_111",2,MULTIPLE_AMBIGUOUS,multiple_candidates,0,0,0,2.05011407618456,0.476706607157864,0,0,0.000126,0.000341,0.00079,1,2,2
24,synchronous,J_frozen_6,EXT_201,"M=20,20,20,20,|T=0,0,0,0,|B=1,15,1,50;1,15,1,50;3,15,1,50;",0,0,0,4,1170800003,2170800003,1180024001,6,6,"G001,G002,G003,MIRROR_M3,ADD_M1_M3,EXT_111","M=20,20,20,20,|T=0,0,0,0,|B=none;M=20,20,20,20,|T=0,0,0,0,|B=2,15,1,50;;M=20,20,20,20,|T=0,0,0,0,|B=1,15,1,50;;M=20,20,20,20,|T=0,0,0,0,|B=3,15,1,50;;M=20,20,20,20,|T=0,0,0,0,|B=1,15,1,50;3,15,1,50;;M=20,20,20,20,|T=0,0,0,0,|B=1,15,1,50;2,15,1,50;3,15,1,50;",NaN,[],EXT_111,"ADD_M1_M3,EXT_111",2,MULTIPLE_AMBIGUOUS,multiple_candidates,0,0,0,2.05011407618456,0.476706607157864,0,0,0.000126,0.000341,0.000843,1,2,2
24,synchronous,B_ideal_ci,EXT_201,"M=20,20,20,20,|T=0,0,0,0,|B=1,15,1,50;1,15,1,50;3,15,1,50;",0,1,1,4,1170800003,2170800003,1180024001,1,7,"EXT_201","M=20,20,20,20,|T=0,0,0,0,|B=1,15,1,50;1,15,1,50;3,15,1,50;",1,[Inf;Inf;Inf;Inf;Inf;0.0259807621135;Inf;0.0173205080757;Inf;Inf;0.022360679775;Inf;0.0111803398875;0.0141421356237;Inf;0;0.00866025403784],EXT_201,"EXT_201",1,LOW_CONFIDENCE,insufficient_unique_margin,1,0,0,1.44300376768865,6.66133814775094e-16,0.001295,0.001295,0.000126,0.000341,0.00049,0,2,2
24,synchronous,C_estimated_ci,EXT_201,"M=20,20,20,20,|T=0,0,0,0,|B=1,15,1,50;1,15,1,50;3,15,1,50;",0,1,1,4,1170800003,2170800003,1180024001,3,7,"EXT_201,EXT_210,EXT_111","M=20,20,20,20,|T=0,0,0,0,|B=1,15,1,50;1,15,1,50;3,15,1,50;;M=20,20,20,20,|T=0,0,0,0,|B=1,15,1,50;1,15,1,50;2,15,1,50;;M=20,20,20,20,|T=0,0,0,0,|B=1,15,1,50;2,15,1,50;3,15,1,50;",1,[Inf;Inf;Inf;Inf;Inf;0.0259982652257;Inf;0.0173552749513;Inf;Inf;0.0223482291345;Inf;0.011168666856;0.0141139408232;Inf;0.00018679730173;0.0086312860834],EXT_201,"EXT_201,EXT_210,EXT_111",3,MULTIPLE_AMBIGUOUS,multiple_candidates,1,0,0,1.44300376768865,6.66133814775094e-16,0.001676,0.001209,0.000126,0.000341,0.000519,0,2,2
24,synchronous,D_count_matched,EXT_201,"M=20,20,20,20,|T=0,0,0,0,|B=1,15,1,50;1,15,1,50;3,15,1,50;",0,1,1,4,1170800003,2170800003,1180024001,3,7,"EXT_201,EXT_210,EXT_120","M=20,20,20,20,|T=0,0,0,0,|B=1,15,1,50;1,15,1,50;3,15,1,50;;M=20,20,20,20,|T=0,0,0,0,|B=1,15,1,50;1,15,1,50;2,15,1,50;;M=20,20,20,20,|T=0,0,0,0,|B=1,15,1,50;2,15,1,50;2,15,1,50;",1,[],EXT_201,"EXT_201,EXT_210,EXT_120",3,MULTIPLE_AMBIGUOUS,multiple_candidates,1,0,0,1.44300376768865,6.66133814775094e-16,0.000501,0.000501,0.000126,0.000341,0.000424,0,2,2
24,asynchronous,A_D_samecal_3,EXT_201,"M=20,20,20,20,|T=0,0,0,0,|B=1,15,1,50;1,15,1,50;3,15,1,50;",0,0,0,4,1170800003,2170800003,1180024002,3,3,"G001,G002,G003","M=20,20,20,20,|T=0,0,0,0,|B=none;M=20,20,20,20,|T=0,0,0,0,|B=2,15,1,50;;M=20,20,20,20,|T=0,0,0,0,|B=1,15,1,50;",NaN,[],G001,"",0,REJECTED,empty_first_set,0,0,0,Inf,NaN,0,0,0.000167,0.000352,0.000389,2,2,1
24,asynchronous,A_D_samecal_6,EXT_201,"M=20,20,20,20,|T=0,0,0,0,|B=1,15,1,50;1,15,1,50;3,15,1,50;",0,0,0,4,1170800003,2170800003,1180024002,6,6,"G001,G002,G003,MIRROR_M3,ADD_M1_M3,EXT_111","M=20,20,20,20,|T=0,0,0,0,|B=none;M=20,20,20,20,|T=0,0,0,0,|B=2,15,1,50;;M=20,20,20,20,|T=0,0,0,0,|B=1,15,1,50;;M=20,20,20,20,|T=0,0,0,0,|B=3,15,1,50;;M=20,20,20,20,|T=0,0,0,0,|B=1,15,1,50;3,15,1,50;;M=20,20,20,20,|T=0,0,0,0,|B=1,15,1,50;2,15,1,50;3,15,1,50;",NaN,[],EXT_111,"ADD_M1_M3,EXT_111",2,MULTIPLE_AMBIGUOUS,multiple_candidates,0,0,0,2.05011407618456,0.476706607157864,0,0,0.000167,0.000352,0.000801,1,2,2
24,asynchronous,J_frozen_6,EXT_201,"M=20,20,20,20,|T=0,0,0,0,|B=1,15,1,50;1,15,1,50;3,15,1,50;",0,0,0,4,1170800003,2170800003,1180024002,6,6,"G001,G002,G003,MIRROR_M3,ADD_M1_M3,EXT_111","M=20,20,20,20,|T=0,0,0,0,|B=none;M=20,20,20,20,|T=0,0,0,0,|B=2,15,1,50;;M=20,20,20,20,|T=0,0,0,0,|B=1,15,1,50;;M=20,20,20,20,|T=0,0,0,0,|B=3,15,1,50;;M=20,20,20,20,|T=0,0,0,0,|B=1,15,1,50;3,15,1,50;;M=20,20,20,20,|T=0,0,0,0,|B=1,15,1,50;2,15,1,50;3,15,1,50;",NaN,[],EXT_111,"ADD_M1_M3,EXT_111",2,MULTIPLE_AMBIGUOUS,multiple_candidates,0,0,0,2.05011407618456,0.476706607157864,0,0,0.000167,0.000352,0.000788,1,2,2
24,asynchronous,B_ideal_ci,EXT_201,"M=20,20,20,20,|T=0,0,0,0,|B=1,15,1,50;1,15,1,50;3,15,1,50;",0,1,1,4,1170800003,2170800003,1180024002,1,7,"EXT_201","M=20,20,20,20,|T=0,0,0,0,|B=1,15,1,50;1,15,1,50;3,15,1,50;",1,[Inf;Inf;Inf;Inf;Inf;0.0259807621135;Inf;0.0173205080757;Inf;Inf;0.022360679775;Inf;0.0111803398875;0.0141421356237;Inf;0;0.00866025403784],EXT_201,"EXT_201",1,LOW_CONFIDENCE,insufficient_unique_margin,1,0,0,1.44300376768865,6.66133814775094e-16,0.001295,0.001295,0.000167,0.000352,0.000437,0,2,2
24,asynchronous,C_estimated_ci,EXT_201,"M=20,20,20,20,|T=0,0,0,0,|B=1,15,1,50;1,15,1,50;3,15,1,50;",0,1,1,4,1170800003,2170800003,1180024002,3,7,"EXT_210,EXT_201,EXT_120","M=20,20,20,20,|T=0,0,0,0,|B=1,15,1,50;1,15,1,50;2,15,1,50;;M=20,20,20,20,|T=0,0,0,0,|B=1,15,1,50;1,15,1,50;3,15,1,50;;M=20,20,20,20,|T=0,0,0,0,|B=1,15,1,50;2,15,1,50;2,15,1,50;",2,[Inf;Inf;Inf;Inf;Inf;0.0428728943467;Inf;0.0356694837885;Inf;Inf;0.0388426850327;Inf;0.0307079987076;0.0288425099174;Inf;0.025044124834;0.0227182169726],EXT_201,"EXT_210,EXT_201,EXT_120",3,MULTIPLE_AMBIGUOUS,multiple_candidates,1,0,0,1.44300376768865,6.66133814775094e-16,0.001865,0.001346,0.000167,0.000352,0.000435,0,2,2
24,asynchronous,D_count_matched,EXT_201,"M=20,20,20,20,|T=0,0,0,0,|B=1,15,1,50;1,15,1,50;3,15,1,50;",0,0,0,4,1170800003,2170800003,1180024002,3,7,"EXT_102,EXT_012,EXT_021","M=20,20,20,20,|T=0,0,0,0,|B=1,15,1,50;3,15,1,50;3,15,1,50;;M=20,20,20,20,|T=0,0,0,0,|B=2,15,1,50;3,15,1,50;3,15,1,50;;M=20,20,20,20,|T=0,0,0,0,|B=2,15,1,50;2,15,1,50;3,15,1,50;",2,[],EXT_102,"EXT_102,EXT_012,EXT_021",3,MULTIPLE_AMBIGUOUS,multiple_candidates,0,0,0,1.44300376768865,-6.66133814775094e-16,0.000492,0.000492,0.000167,0.000352,0.000401,2,2,2
24,high_noise,A_D_samecal_3,EXT_201,"M=20,20,20,20,|T=0,0,0,0,|B=1,15,1,50;1,15,1,50;3,15,1,50;",0,0,0,4,1170800003,2170800003,1180024003,3,3,"G001,G002,G003","M=20,20,20,20,|T=0,0,0,0,|B=none;M=20,20,20,20,|T=0,0,0,0,|B=2,15,1,50;;M=20,20,20,20,|T=0,0,0,0,|B=1,15,1,50;",NaN,[],G001,"",0,REJECTED,empty_first_set,0,0,0,Inf,NaN,0,0,0.000115,0.000304,0.000477,2,2,1
24,high_noise,A_D_samecal_6,EXT_201,"M=20,20,20,20,|T=0,0,0,0,|B=1,15,1,50;1,15,1,50;3,15,1,50;",0,0,0,4,1170800003,2170800003,1180024003,6,6,"G001,G002,G003,MIRROR_M3,ADD_M1_M3,EXT_111","M=20,20,20,20,|T=0,0,0,0,|B=none;M=20,20,20,20,|T=0,0,0,0,|B=2,15,1,50;;M=20,20,20,20,|T=0,0,0,0,|B=1,15,1,50;;M=20,20,20,20,|T=0,0,0,0,|B=3,15,1,50;;M=20,20,20,20,|T=0,0,0,0,|B=1,15,1,50;3,15,1,50;;M=20,20,20,20,|T=0,0,0,0,|B=1,15,1,50;2,15,1,50;3,15,1,50;",NaN,[],EXT_111,"ADD_M1_M3,EXT_111",2,MULTIPLE_AMBIGUOUS,multiple_candidates,0,0,0,2.05011407618456,0.476706607157864,0,0,0.000115,0.000304,0.000716,1,2,2
24,high_noise,J_frozen_6,EXT_201,"M=20,20,20,20,|T=0,0,0,0,|B=1,15,1,50;1,15,1,50;3,15,1,50;",0,0,0,4,1170800003,2170800003,1180024003,6,6,"G001,G002,G003,MIRROR_M3,ADD_M1_M3,EXT_111","M=20,20,20,20,|T=0,0,0,0,|B=none;M=20,20,20,20,|T=0,0,0,0,|B=2,15,1,50;;M=20,20,20,20,|T=0,0,0,0,|B=1,15,1,50;;M=20,20,20,20,|T=0,0,0,0,|B=3,15,1,50;;M=20,20,20,20,|T=0,0,0,0,|B=1,15,1,50;3,15,1,50;;M=20,20,20,20,|T=0,0,0,0,|B=1,15,1,50;2,15,1,50;3,15,1,50;",NaN,[],EXT_111,"ADD_M1_M3,EXT_111",2,MULTIPLE_AMBIGUOUS,multiple_candidates,0,0,0,2.05011407618456,0.476706607157864,0,0,0.000115,0.000304,0.000774,1,2,2
24,high_noise,B_ideal_ci,EXT_201,"M=20,20,20,20,|T=0,0,0,0,|B=1,15,1,50;1,15,1,50;3,15,1,50;",0,1,1,4,1170800003,2170800003,1180024003,1,7,"EXT_201","M=20,20,20,20,|T=0,0,0,0,|B=1,15,1,50;1,15,1,50;3,15,1,50;",1,[Inf;Inf;Inf;Inf;Inf;0.0259807621135;Inf;0.0173205080757;Inf;Inf;0.022360679775;Inf;0.0111803398875;0.0141421356237;Inf;0;0.00866025403784],EXT_201,"EXT_201",1,LOW_CONFIDENCE,insufficient_unique_margin,1,0,0,1.44300376768865,6.66133814775094e-16,0.001295,0.001295,0.000115,0.000304,0.000441,0,2,2
24,high_noise,C_estimated_ci,EXT_201,"M=20,20,20,20,|T=0,0,0,0,|B=1,15,1,50;1,15,1,50;3,15,1,50;",0,1,1,4,1170800003,2170800003,1180024003,3,7,"EXT_201,EXT_210,EXT_111","M=20,20,20,20,|T=0,0,0,0,|B=1,15,1,50;1,15,1,50;3,15,1,50;;M=20,20,20,20,|T=0,0,0,0,|B=1,15,1,50;1,15,1,50;2,15,1,50;;M=20,20,20,20,|T=0,0,0,0,|B=1,15,1,50;2,15,1,50;3,15,1,50;",1,[Inf;Inf;Inf;Inf;Inf;0.0259505728968;Inf;0.0173115200759;Inf;Inf;0.0223059357097;Inf;0.0111270508919;0.0141172007143;Inf;0.000260298327027;0.00869205669986],EXT_201,"EXT_201,EXT_210,EXT_111",3,MULTIPLE_AMBIGUOUS,multiple_candidates,1,0,0,1.44300376768865,6.66133814775094e-16,0.001751,0.001332,0.000115,0.000304,0.000441,0,2,2
24,high_noise,D_count_matched,EXT_201,"M=20,20,20,20,|T=0,0,0,0,|B=1,15,1,50;1,15,1,50;3,15,1,50;",0,0,0,4,1170800003,2170800003,1180024003,3,7,"EXT_021,EXT_120,EXT_111","M=20,20,20,20,|T=0,0,0,0,|B=2,15,1,50;2,15,1,50;3,15,1,50;;M=20,20,20,20,|T=0,0,0,0,|B=1,15,1,50;2,15,1,50;2,15,1,50;;M=20,20,20,20,|T=0,0,0,0,|B=1,15,1,50;2,15,1,50;3,15,1,50;",1,[],EXT_111,"EXT_021,EXT_120,EXT_111",3,MULTIPLE_AMBIGUOUS,multiple_candidates,0,0,0,1.82329063754824,-0.380286869859593,0.000501,0.000501,0.000115,0.000304,0.000421,2,2,2
25,synchronous,A_D_samecal_3,MID30,"M=20,10,10,20,20,|T=0,0,0,0,0,|B=2,15,1,50;",0,0,0,2,1170900001,2170900001,1180025001,3,3,"G001,G002,G003","M=20,20,20,20,|T=0,0,0,0,|B=none;M=20,20,20,20,|T=0,0,0,0,|B=2,15,1,50;;M=20,20,20,20,|T=0,0,0,0,|B=1,15,1,50;",NaN,[],G001,"",0,REJECTED,empty_first_set,0,0,0,Inf,NaN,0,0,0.000129,0.0001,0.000495,1,1,0
25,synchronous,A_D_samecal_6,MID30,"M=20,10,10,20,20,|T=0,0,0,0,0,|B=2,15,1,50;",0,0,0,2,1170900001,2170900001,1180025001,6,6,"G001,G002,G003,MIRROR_M3,ADD_M1_M3,EXT_111","M=20,20,20,20,|T=0,0,0,0,|B=none;M=20,20,20,20,|T=0,0,0,0,|B=2,15,1,50;;M=20,20,20,20,|T=0,0,0,0,|B=1,15,1,50;;M=20,20,20,20,|T=0,0,0,0,|B=3,15,1,50;;M=20,20,20,20,|T=0,0,0,0,|B=1,15,1,50;3,15,1,50;;M=20,20,20,20,|T=0,0,0,0,|B=1,15,1,50;2,15,1,50;3,15,1,50;",NaN,[],G001,"",0,REJECTED,empty_first_set,0,0,0,Inf,NaN,0,0,0.000129,0.0001,0.000716,1,1,0
25,synchronous,J_frozen_6,MID30,"M=20,10,10,20,20,|T=0,0,0,0,0,|B=2,15,1,50;",0,0,0,2,1170900001,2170900001,1180025001,6,6,"G001,G002,G003,MIRROR_M3,ADD_M1_M3,EXT_111","M=20,20,20,20,|T=0,0,0,0,|B=none;M=20,20,20,20,|T=0,0,0,0,|B=2,15,1,50;;M=20,20,20,20,|T=0,0,0,0,|B=1,15,1,50;;M=20,20,20,20,|T=0,0,0,0,|B=3,15,1,50;;M=20,20,20,20,|T=0,0,0,0,|B=1,15,1,50;3,15,1,50;;M=20,20,20,20,|T=0,0,0,0,|B=1,15,1,50;2,15,1,50;3,15,1,50;",NaN,[],G001,"",0,REJECTED,empty_first_set,0,0,0,Inf,NaN,0,0,0.000129,0.0001,0.000463,1,1,0
25,synchronous,B_ideal_ci,MID30,"M=20,10,10,20,20,|T=0,0,0,0,0,|B=2,15,1,50;",0,0,0,2,1170900001,2170900001,1180025001,0,3,"","",NaN,[Inf;0.0259807621135;Inf;0.00866025403784;Inf;Inf;Inf;Inf;0.00866025403784;Inf;Inf;Inf;Inf;Inf;Inf;Inf;Inf],,"",0,REJECTED,empty_generated_library,0,0,0,Inf,NaN,0.002201,0.002201,0.000129,0.0001,0.004446,NaN,1,0
25,synchronous,C_estimated_ci,MID30,"M=20,10,10,20,20,|T=0,0,0,0,0,|B=2,15,1,50;",0,0,0,2,1170900001,2170900001,1180025001,3,3,"G003,G002,MIRROR_M3","M=20,20,20,20,|T=0,0,0,0,|B=1,15,1,50;;M=20,20,20,20,|T=0,0,0,0,|B=2,15,1,50;;M=20,20,20,20,|T=0,0,0,0,|B=3,15,1,50;",NaN,[Inf;0.0260536060381;Inf;0.00873378304241;Inf;Inf;Inf;Inf;0.00858880345997;Inf;Inf;Inf;Inf;Inf;Inf;Inf;Inf],MIRROR_M3,"G003,G002,MIRROR_M3",3,MULTIPLE_AMBIGUOUS,multiple_candidates,0,0,0,4.87681261846077,8.88178419700125e-16,0.001451,0.001222,0.000129,0.0001,0.001024,2,1,0
25,synchronous,D_count_matched,MID30,"M=20,10,10,20,20,|T=0,0,0,0,0,|B=2,15,1,50;",0,0,0,2,1170900001,2170900001,1180025001,3,3,"G002,MIRROR_M3,G003","M=20,20,20,20,|T=0,0,0,0,|B=2,15,1,50;;M=20,20,20,20,|T=0,0,0,0,|B=3,15,1,50;;M=20,20,20,20,|T=0,0,0,0,|B=1,15,1,50;",NaN,[],MIRROR_M3,"G002,MIRROR_M3,G003",3,MULTIPLE_AMBIGUOUS,multiple_candidates,0,0,0,4.87681261846077,8.88178419700125e-16,0.000493,0.000493,0.000129,0.0001,0.000365,2,1,0
25,asynchronous,A_D_samecal_3,MID30,"M=20,10,10,20,20,|T=0,0,0,0,0,|B=2,15,1,50;",0,0,0,2,1170900001,2170900001,1180025002,3,3,"G001,G002,G003","M=20,20,20,20,|T=0,0,0,0,|B=none;M=20,20,20,20,|T=0,0,0,0,|B=2,15,1,50;;M=20,20,20,20,|T=0,0,0,0,|B=1,15,1,50;",NaN,[],G001,"",0,REJECTED,empty_first_set,0,0,0,Inf,NaN,0,0,0.000149,0.000106,0.00039,1,1,0
25,asynchronous,A_D_samecal_6,MID30,"M=20,10,10,20,20,|T=0,0,0,0,0,|B=2,15,1,50;",0,0,0,2,1170900001,2170900001,1180025002,6,6,"G001,G002,G003,MIRROR_M3,ADD_M1_M3,EXT_111","M=20,20,20,20,|T=0,0,0,0,|B=none;M=20,20,20,20,|T=0,0,0,0,|B=2,15,1,50;;M=20,20,20,20,|T=0,0,0,0,|B=1,15,1,50;;M=20,20,20,20,|T=0,0,0,0,|B=3,15,1,50;;M=20,20,20,20,|T=0,0,0,0,|B=1,15,1,50;3,15,1,50;;M=20,20,20,20,|T=0,0,0,0,|B=1,15,1,50;2,15,1,50;3,15,1,50;",NaN,[],G001,"",0,REJECTED,empty_first_set,0,0,0,Inf,NaN,0,0,0.000149,0.000106,0.000408,1,1,0
25,asynchronous,J_frozen_6,MID30,"M=20,10,10,20,20,|T=0,0,0,0,0,|B=2,15,1,50;",0,0,0,2,1170900001,2170900001,1180025002,6,6,"G001,G002,G003,MIRROR_M3,ADD_M1_M3,EXT_111","M=20,20,20,20,|T=0,0,0,0,|B=none;M=20,20,20,20,|T=0,0,0,0,|B=2,15,1,50;;M=20,20,20,20,|T=0,0,0,0,|B=1,15,1,50;;M=20,20,20,20,|T=0,0,0,0,|B=3,15,1,50;;M=20,20,20,20,|T=0,0,0,0,|B=1,15,1,50;3,15,1,50;;M=20,20,20,20,|T=0,0,0,0,|B=1,15,1,50;2,15,1,50;3,15,1,50;",NaN,[],G001,"",0,REJECTED,empty_first_set,0,0,0,Inf,NaN,0,0,0.000149,0.000106,0.000373,1,1,0
25,asynchronous,B_ideal_ci,MID30,"M=20,10,10,20,20,|T=0,0,0,0,0,|B=2,15,1,50;",0,0,0,2,1170900001,2170900001,1180025002,0,3,"","",NaN,[Inf;0.0259807621135;Inf;0.00866025403784;Inf;Inf;Inf;Inf;0.00866025403784;Inf;Inf;Inf;Inf;Inf;Inf;Inf;Inf],,"",0,REJECTED,empty_generated_library,0,0,0,Inf,NaN,0.002201,0.002201,0.000149,0.000106,0.000181,NaN,1,0
25,asynchronous,C_estimated_ci,MID30,"M=20,10,10,20,20,|T=0,0,0,0,0,|B=2,15,1,50;",0,0,0,2,1170900001,2170900001,1180025002,3,3,"G002,G003,MIRROR_M3","M=20,20,20,20,|T=0,0,0,0,|B=2,15,1,50;;M=20,20,20,20,|T=0,0,0,0,|B=1,15,1,50;;M=20,20,20,20,|T=0,0,0,0,|B=3,15,1,50;",NaN,[Inf;0.0258843769591;Inf;0.00856642419992;Inf;Inf;Inf;Inf;0.00876163663859;Inf;Inf;Inf;Inf;Inf;Inf;Inf;Inf],MIRROR_M3,"G002,G003,MIRROR_M3",3,MULTIPLE_AMBIGUOUS,multiple_candidates,0,0,0,4.87681261846077,8.88178419700125e-16,0.001585,0.00133,0.000149,0.000106,0.000353,2,1,0
25,asynchronous,D_count_matched,MID30,"M=20,10,10,20,20,|T=0,0,0,0,0,|B=2,15,1,50;",0,0,0,2,1170900001,2170900001,1180025002,3,3,"G003,G002,MIRROR_M3","M=20,20,20,20,|T=0,0,0,0,|B=1,15,1,50;;M=20,20,20,20,|T=0,0,0,0,|B=2,15,1,50;;M=20,20,20,20,|T=0,0,0,0,|B=3,15,1,50;",NaN,[],MIRROR_M3,"G003,G002,MIRROR_M3",3,MULTIPLE_AMBIGUOUS,multiple_candidates,0,0,0,4.87681261846077,8.88178419700125e-16,0.000491,0.000491,0.000149,0.000106,0.000286,2,1,0
25,high_noise,A_D_samecal_3,MID30,"M=20,10,10,20,20,|T=0,0,0,0,0,|B=2,15,1,50;",0,0,0,2,1170900001,2170900001,1180025003,3,3,"G001,G002,G003","M=20,20,20,20,|T=0,0,0,0,|B=none;M=20,20,20,20,|T=0,0,0,0,|B=2,15,1,50;;M=20,20,20,20,|T=0,0,0,0,|B=1,15,1,50;",NaN,[],G001,"",0,REJECTED,empty_first_set,0,0,0,Inf,NaN,0,0,0.000107,8.9e-05,0.000464,1,1,0
25,high_noise,A_D_samecal_6,MID30,"M=20,10,10,20,20,|T=0,0,0,0,0,|B=2,15,1,50;",0,0,0,2,1170900001,2170900001,1180025003,6,6,"G001,G002,G003,MIRROR_M3,ADD_M1_M3,EXT_111","M=20,20,20,20,|T=0,0,0,0,|B=none;M=20,20,20,20,|T=0,0,0,0,|B=2,15,1,50;;M=20,20,20,20,|T=0,0,0,0,|B=1,15,1,50;;M=20,20,20,20,|T=0,0,0,0,|B=3,15,1,50;;M=20,20,20,20,|T=0,0,0,0,|B=1,15,1,50;3,15,1,50;;M=20,20,20,20,|T=0,0,0,0,|B=1,15,1,50;2,15,1,50;3,15,1,50;",NaN,[],G001,"",0,REJECTED,empty_first_set,0,0,0,Inf,NaN,0,0,0.000107,8.9e-05,0.000443,1,1,0
25,high_noise,J_frozen_6,MID30,"M=20,10,10,20,20,|T=0,0,0,0,0,|B=2,15,1,50;",0,0,0,2,1170900001,2170900001,1180025003,6,6,"G001,G002,G003,MIRROR_M3,ADD_M1_M3,EXT_111","M=20,20,20,20,|T=0,0,0,0,|B=none;M=20,20,20,20,|T=0,0,0,0,|B=2,15,1,50;;M=20,20,20,20,|T=0,0,0,0,|B=1,15,1,50;;M=20,20,20,20,|T=0,0,0,0,|B=3,15,1,50;;M=20,20,20,20,|T=0,0,0,0,|B=1,15,1,50;3,15,1,50;;M=20,20,20,20,|T=0,0,0,0,|B=1,15,1,50;2,15,1,50;3,15,1,50;",NaN,[],G001,"",0,REJECTED,empty_first_set,0,0,0,Inf,NaN,0,0,0.000107,8.9e-05,0.000428,1,1,0
25,high_noise,B_ideal_ci,MID30,"M=20,10,10,20,20,|T=0,0,0,0,0,|B=2,15,1,50;",0,0,0,2,1170900001,2170900001,1180025003,0,3,"","",NaN,[Inf;0.0259807621135;Inf;0.00866025403784;Inf;Inf;Inf;Inf;0.00866025403784;Inf;Inf;Inf;Inf;Inf;Inf;Inf;Inf],,"",0,REJECTED,empty_generated_library,0,0,0,Inf,NaN,0.002201,0.002201,0.000107,8.9e-05,0.000213,NaN,1,0
25,high_noise,C_estimated_ci,MID30,"M=20,10,10,20,20,|T=0,0,0,0,0,|B=2,15,1,50;",0,0,0,2,1170900001,2170900001,1180025003,3,3,"G003,G002,MIRROR_M3","M=20,20,20,20,|T=0,0,0,0,|B=1,15,1,50;;M=20,20,20,20,|T=0,0,0,0,|B=2,15,1,50;;M=20,20,20,20,|T=0,0,0,0,|B=3,15,1,50;",NaN,[Inf;0.0262030132512;Inf;0.00888314648938;Inf;Inf;Inf;Inf;0.00843935303578;Inf;Inf;Inf;Inf;Inf;Inf;Inf;Inf],MIRROR_M3,"G003,G002,MIRROR_M3",3,MULTIPLE_AMBIGUOUS,multiple_candidates,0,0,0,4.87681261846077,8.88178419700125e-16,0.001669,0.001473,0.000107,8.9e-05,0.000375,2,1,0
25,high_noise,D_count_matched,MID30,"M=20,10,10,20,20,|T=0,0,0,0,0,|B=2,15,1,50;",0,0,0,2,1170900001,2170900001,1180025003,3,3,"MIRROR_M3,G002,G003","M=20,20,20,20,|T=0,0,0,0,|B=3,15,1,50;;M=20,20,20,20,|T=0,0,0,0,|B=2,15,1,50;;M=20,20,20,20,|T=0,0,0,0,|B=1,15,1,50;",NaN,[],MIRROR_M3,"MIRROR_M3,G002,G003",3,MULTIPLE_AMBIGUOUS,multiple_candidates,0,0,0,4.87681261846077,8.88178419700125e-16,0.000502,0.000502,0.000107,8.9e-05,0.000317,2,1,0
26,synchronous,A_D_samecal_3,MID30,"M=20,10,10,20,20,|T=0,0,0,0,0,|B=2,15,1,50;",0,0,0,2,1170900002,2170900002,1180026001,3,3,"G001,G002,G003","M=20,20,20,20,|T=0,0,0,0,|B=none;M=20,20,20,20,|T=0,0,0,0,|B=2,15,1,50;;M=20,20,20,20,|T=0,0,0,0,|B=1,15,1,50;",NaN,[],G001,"",0,REJECTED,empty_first_set,0,0,0,Inf,NaN,0,0,0.00011,9.4e-05,0.000426,1,1,0
26,synchronous,A_D_samecal_6,MID30,"M=20,10,10,20,20,|T=0,0,0,0,0,|B=2,15,1,50;",0,0,0,2,1170900002,2170900002,1180026001,6,6,"G001,G002,G003,MIRROR_M3,ADD_M1_M3,EXT_111","M=20,20,20,20,|T=0,0,0,0,|B=none;M=20,20,20,20,|T=0,0,0,0,|B=2,15,1,50;;M=20,20,20,20,|T=0,0,0,0,|B=1,15,1,50;;M=20,20,20,20,|T=0,0,0,0,|B=3,15,1,50;;M=20,20,20,20,|T=0,0,0,0,|B=1,15,1,50;3,15,1,50;;M=20,20,20,20,|T=0,0,0,0,|B=1,15,1,50;2,15,1,50;3,15,1,50;",NaN,[],G001,"",0,REJECTED,empty_first_set,0,0,0,Inf,NaN,0,0,0.00011,9.4e-05,0.000449,1,1,0
26,synchronous,J_frozen_6,MID30,"M=20,10,10,20,20,|T=0,0,0,0,0,|B=2,15,1,50;",0,0,0,2,1170900002,2170900002,1180026001,6,6,"G001,G002,G003,MIRROR_M3,ADD_M1_M3,EXT_111","M=20,20,20,20,|T=0,0,0,0,|B=none;M=20,20,20,20,|T=0,0,0,0,|B=2,15,1,50;;M=20,20,20,20,|T=0,0,0,0,|B=1,15,1,50;;M=20,20,20,20,|T=0,0,0,0,|B=3,15,1,50;;M=20,20,20,20,|T=0,0,0,0,|B=1,15,1,50;3,15,1,50;;M=20,20,20,20,|T=0,0,0,0,|B=1,15,1,50;2,15,1,50;3,15,1,50;",NaN,[],G001,"",0,REJECTED,empty_first_set,0,0,0,Inf,NaN,0,0,0.00011,9.4e-05,0.00043,1,1,0
26,synchronous,B_ideal_ci,MID30,"M=20,10,10,20,20,|T=0,0,0,0,0,|B=2,15,1,50;",0,0,0,2,1170900002,2170900002,1180026001,0,3,"","",NaN,[Inf;0.0259807621135;Inf;0.00866025403784;Inf;Inf;Inf;Inf;0.00866025403784;Inf;Inf;Inf;Inf;Inf;Inf;Inf;Inf],,"",0,REJECTED,empty_generated_library,0,0,0,Inf,NaN,0.001243,0.001243,0.00011,9.4e-05,0.000187,NaN,1,0
26,synchronous,C_estimated_ci,MID30,"M=20,10,10,20,20,|T=0,0,0,0,0,|B=2,15,1,50;",0,0,0,2,1170900002,2170900002,1180026001,3,3,"G002,G003,MIRROR_M3","M=20,20,20,20,|T=0,0,0,0,|B=2,15,1,50;;M=20,20,20,20,|T=0,0,0,0,|B=1,15,1,50;;M=20,20,20,20,|T=0,0,0,0,|B=3,15,1,50;",NaN,[Inf;0.0259269717434;Inf;0.00860830702958;Inf;Inf;Inf;Inf;0.00871768524597;Inf;Inf;Inf;Inf;Inf;Inf;Inf;Inf],G003,"G002,G003,MIRROR_M3",3,MULTIPLE_AMBIGUOUS,multiple_candidates,0,0,0,4.34937880840753,0,0.001318,0.001114,0.00011,9.4e-05,0.000353,2,1,0
26,synchronous,D_count_matched,MID30,"M=20,10,10,20,20,|T=0,0,0,0,0,|B=2,15,1,50;",0,0,0,2,1170900002,2170900002,1180026001,3,3,"G002,MIRROR_M3,G003","M=20,20,20,20,|T=0,0,0,0,|B=2,15,1,50;;M=20,20,20,20,|T=0,0,0,0,|B=3,15,1,50;;M=20,20,20,20,|T=0,0,0,0,|B=1,15,1,50;",NaN,[],MIRROR_M3,"G002,MIRROR_M3,G003",3,MULTIPLE_AMBIGUOUS,multiple_candidates,0,0,0,4.34937880840753,0,0.000445,0.000445,0.00011,9.4e-05,0.000296,2,1,0
26,asynchronous,A_D_samecal_3,MID30,"M=20,10,10,20,20,|T=0,0,0,0,0,|B=2,15,1,50;",0,0,0,2,1170900002,2170900002,1180026002,3,3,"G001,G002,G003","M=20,20,20,20,|T=0,0,0,0,|B=none;M=20,20,20,20,|T=0,0,0,0,|B=2,15,1,50;;M=20,20,20,20,|T=0,0,0,0,|B=1,15,1,50;",NaN,[],G001,"",0,REJECTED,empty_first_set,0,0,0,Inf,NaN,0,0,0.000105,7.7e-05,0.000374,1,1,0
26,asynchronous,A_D_samecal_6,MID30,"M=20,10,10,20,20,|T=0,0,0,0,0,|B=2,15,1,50;",0,0,0,2,1170900002,2170900002,1180026002,6,6,"G001,G002,G003,MIRROR_M3,ADD_M1_M3,EXT_111","M=20,20,20,20,|T=0,0,0,0,|B=none;M=20,20,20,20,|T=0,0,0,0,|B=2,15,1,50;;M=20,20,20,20,|T=0,0,0,0,|B=1,15,1,50;;M=20,20,20,20,|T=0,0,0,0,|B=3,15,1,50;;M=20,20,20,20,|T=0,0,0,0,|B=1,15,1,50;3,15,1,50;;M=20,20,20,20,|T=0,0,0,0,|B=1,15,1,50;2,15,1,50;3,15,1,50;",NaN,[],G001,"",0,REJECTED,empty_first_set,0,0,0,Inf,NaN,0,0,0.000105,7.7e-05,0.000415,1,1,0
26,asynchronous,J_frozen_6,MID30,"M=20,10,10,20,20,|T=0,0,0,0,0,|B=2,15,1,50;",0,0,0,2,1170900002,2170900002,1180026002,6,6,"G001,G002,G003,MIRROR_M3,ADD_M1_M3,EXT_111","M=20,20,20,20,|T=0,0,0,0,|B=none;M=20,20,20,20,|T=0,0,0,0,|B=2,15,1,50;;M=20,20,20,20,|T=0,0,0,0,|B=1,15,1,50;;M=20,20,20,20,|T=0,0,0,0,|B=3,15,1,50;;M=20,20,20,20,|T=0,0,0,0,|B=1,15,1,50;3,15,1,50;;M=20,20,20,20,|T=0,0,0,0,|B=1,15,1,50;2,15,1,50;3,15,1,50;",NaN,[],G001,"",0,REJECTED,empty_first_set,0,0,0,Inf,NaN,0,0,0.000105,7.7e-05,0.0004,1,1,0
26,asynchronous,B_ideal_ci,MID30,"M=20,10,10,20,20,|T=0,0,0,0,0,|B=2,15,1,50;",0,0,0,2,1170900002,2170900002,1180026002,0,3,"","",NaN,[Inf;0.0259807621135;Inf;0.00866025403784;Inf;Inf;Inf;Inf;0.00866025403784;Inf;Inf;Inf;Inf;Inf;Inf;Inf;Inf],,"",0,REJECTED,empty_generated_library,0,0,0,Inf,NaN,0.001243,0.001243,0.000105,7.7e-05,0.000451,NaN,1,0
26,asynchronous,C_estimated_ci,MID30,"M=20,10,10,20,20,|T=0,0,0,0,0,|B=2,15,1,50;",0,0,0,2,1170900002,2170900002,1180026002,3,3,"G003,G002,MIRROR_M3","M=20,20,20,20,|T=0,0,0,0,|B=1,15,1,50;;M=20,20,20,20,|T=0,0,0,0,|B=2,15,1,50;;M=20,20,20,20,|T=0,0,0,0,|B=3,15,1,50;",NaN,[Inf;0.0535818560144;Inf;0.0458887131543;Inf;Inf;Inf;Inf;0.0440514777955;Inf;Inf;Inf;Inf;Inf;Inf;Inf;Inf],G003,"G003,G002,MIRROR_M3",3,MULTIPLE_AMBIGUOUS,multiple_candidates,0,0,0,4.34937880840753,0,0.001286,0.001104,0.000105,7.7e-05,0.000367,2,1,0
26,asynchronous,D_count_matched,MID30,"M=20,10,10,20,20,|T=0,0,0,0,0,|B=2,15,1,50;",0,0,0,2,1170900002,2170900002,1180026002,3,3,"G003,G002,MIRROR_M3","M=20,20,20,20,|T=0,0,0,0,|B=1,15,1,50;;M=20,20,20,20,|T=0,0,0,0,|B=2,15,1,50;;M=20,20,20,20,|T=0,0,0,0,|B=3,15,1,50;",NaN,[],G003,"G003,G002,MIRROR_M3",3,MULTIPLE_AMBIGUOUS,multiple_candidates,0,0,0,4.34937880840753,0,0.000461,0.000461,0.000105,7.7e-05,0.00029,2,1,0
26,high_noise,A_D_samecal_3,MID30,"M=20,10,10,20,20,|T=0,0,0,0,0,|B=2,15,1,50;",0,0,0,2,1170900002,2170900002,1180026003,3,3,"G001,G002,G003","M=20,20,20,20,|T=0,0,0,0,|B=none;M=20,20,20,20,|T=0,0,0,0,|B=2,15,1,50;;M=20,20,20,20,|T=0,0,0,0,|B=1,15,1,50;",NaN,[],G001,"",0,REJECTED,empty_first_set,0,0,0,Inf,NaN,0,0,0.000112,8.6e-05,0.000368,1,1,0
26,high_noise,A_D_samecal_6,MID30,"M=20,10,10,20,20,|T=0,0,0,0,0,|B=2,15,1,50;",0,0,0,2,1170900002,2170900002,1180026003,6,6,"G001,G002,G003,MIRROR_M3,ADD_M1_M3,EXT_111","M=20,20,20,20,|T=0,0,0,0,|B=none;M=20,20,20,20,|T=0,0,0,0,|B=2,15,1,50;;M=20,20,20,20,|T=0,0,0,0,|B=1,15,1,50;;M=20,20,20,20,|T=0,0,0,0,|B=3,15,1,50;;M=20,20,20,20,|T=0,0,0,0,|B=1,15,1,50;3,15,1,50;;M=20,20,20,20,|T=0,0,0,0,|B=1,15,1,50;2,15,1,50;3,15,1,50;",NaN,[],G001,"",0,REJECTED,empty_first_set,0,0,0,Inf,NaN,0,0,0.000112,8.6e-05,0.000401,1,1,0
26,high_noise,J_frozen_6,MID30,"M=20,10,10,20,20,|T=0,0,0,0,0,|B=2,15,1,50;",0,0,0,2,1170900002,2170900002,1180026003,6,6,"G001,G002,G003,MIRROR_M3,ADD_M1_M3,EXT_111","M=20,20,20,20,|T=0,0,0,0,|B=none;M=20,20,20,20,|T=0,0,0,0,|B=2,15,1,50;;M=20,20,20,20,|T=0,0,0,0,|B=1,15,1,50;;M=20,20,20,20,|T=0,0,0,0,|B=3,15,1,50;;M=20,20,20,20,|T=0,0,0,0,|B=1,15,1,50;3,15,1,50;;M=20,20,20,20,|T=0,0,0,0,|B=1,15,1,50;2,15,1,50;3,15,1,50;",NaN,[],G001,"",0,REJECTED,empty_first_set,0,0,0,Inf,NaN,0,0,0.000112,8.6e-05,0.000375,1,1,0
26,high_noise,B_ideal_ci,MID30,"M=20,10,10,20,20,|T=0,0,0,0,0,|B=2,15,1,50;",0,0,0,2,1170900002,2170900002,1180026003,0,3,"","",NaN,[Inf;0.0259807621135;Inf;0.00866025403784;Inf;Inf;Inf;Inf;0.00866025403784;Inf;Inf;Inf;Inf;Inf;Inf;Inf;Inf],,"",0,REJECTED,empty_generated_library,0,0,0,Inf,NaN,0.001243,0.001243,0.000112,8.6e-05,0.00019,NaN,1,0
26,high_noise,C_estimated_ci,MID30,"M=20,10,10,20,20,|T=0,0,0,0,0,|B=2,15,1,50;",0,0,0,2,1170900002,2170900002,1180026003,3,3,"G003,G002,MIRROR_M3","M=20,20,20,20,|T=0,0,0,0,|B=1,15,1,50;;M=20,20,20,20,|T=0,0,0,0,|B=2,15,1,50;;M=20,20,20,20,|T=0,0,0,0,|B=3,15,1,50;",NaN,[Inf;0.0577517616237;Inf;0.0501306301219;Inf;Inf;Inf;Inf;0.0478632863706;Inf;Inf;Inf;Inf;Inf;Inf;Inf;Inf],G003,"G003,G002,MIRROR_M3",3,MULTIPLE_AMBIGUOUS,multiple_candidates,0,0,0,4.34937880840753,0,0.001365,0.001167,0.000112,8.6e-05,0.000334,2,1,0
26,high_noise,D_count_matched,MID30,"M=20,10,10,20,20,|T=0,0,0,0,0,|B=2,15,1,50;",0,0,0,2,1170900002,2170900002,1180026003,3,3,"G003,G002,MIRROR_M3","M=20,20,20,20,|T=0,0,0,0,|B=1,15,1,50;;M=20,20,20,20,|T=0,0,0,0,|B=2,15,1,50;;M=20,20,20,20,|T=0,0,0,0,|B=3,15,1,50;",NaN,[],G003,"G003,G002,MIRROR_M3",3,MULTIPLE_AMBIGUOUS,multiple_candidates,0,0,0,4.34937880840753,0,0.000448,0.000448,0.000112,8.6e-05,0.000279,2,1,0
27,synchronous,A_D_samecal_3,MID30,"M=20,10,10,20,20,|T=0,0,0,0,0,|B=2,15,1,50;",0,0,0,2,1170900003,2170900003,1180027001,3,3,"G001,G002,G003","M=20,20,20,20,|T=0,0,0,0,|B=none;M=20,20,20,20,|T=0,0,0,0,|B=2,15,1,50;;M=20,20,20,20,|T=0,0,0,0,|B=1,15,1,50;",NaN,[],G001,"",0,REJECTED,empty_first_set,0,0,0,Inf,NaN,0,0,9.3e-05,9.4e-05,0.000491,1,1,0
27,synchronous,A_D_samecal_6,MID30,"M=20,10,10,20,20,|T=0,0,0,0,0,|B=2,15,1,50;",0,0,0,2,1170900003,2170900003,1180027001,6,6,"G001,G002,G003,MIRROR_M3,ADD_M1_M3,EXT_111","M=20,20,20,20,|T=0,0,0,0,|B=none;M=20,20,20,20,|T=0,0,0,0,|B=2,15,1,50;;M=20,20,20,20,|T=0,0,0,0,|B=1,15,1,50;;M=20,20,20,20,|T=0,0,0,0,|B=3,15,1,50;;M=20,20,20,20,|T=0,0,0,0,|B=1,15,1,50;3,15,1,50;;M=20,20,20,20,|T=0,0,0,0,|B=1,15,1,50;2,15,1,50;3,15,1,50;",NaN,[],G001,"",0,REJECTED,empty_first_set,0,0,0,Inf,NaN,0,0,9.3e-05,9.4e-05,0.000449,1,1,0
27,synchronous,J_frozen_6,MID30,"M=20,10,10,20,20,|T=0,0,0,0,0,|B=2,15,1,50;",0,0,0,2,1170900003,2170900003,1180027001,6,6,"G001,G002,G003,MIRROR_M3,ADD_M1_M3,EXT_111","M=20,20,20,20,|T=0,0,0,0,|B=none;M=20,20,20,20,|T=0,0,0,0,|B=2,15,1,50;;M=20,20,20,20,|T=0,0,0,0,|B=1,15,1,50;;M=20,20,20,20,|T=0,0,0,0,|B=3,15,1,50;;M=20,20,20,20,|T=0,0,0,0,|B=1,15,1,50;3,15,1,50;;M=20,20,20,20,|T=0,0,0,0,|B=1,15,1,50;2,15,1,50;3,15,1,50;",NaN,[],G001,"",0,REJECTED,empty_first_set,0,0,0,Inf,NaN,0,0,9.3e-05,9.4e-05,0.00041,1,1,0
27,synchronous,B_ideal_ci,MID30,"M=20,10,10,20,20,|T=0,0,0,0,0,|B=2,15,1,50;",0,0,0,2,1170900003,2170900003,1180027001,0,3,"","",NaN,[Inf;0.0259807621135;Inf;0.00866025403784;Inf;Inf;Inf;Inf;0.00866025403784;Inf;Inf;Inf;Inf;Inf;Inf;Inf;Inf],,"",0,REJECTED,empty_generated_library,0,0,0,Inf,NaN,0.001103,0.001103,9.3e-05,9.4e-05,0.000183,NaN,1,0
27,synchronous,C_estimated_ci,MID30,"M=20,10,10,20,20,|T=0,0,0,0,0,|B=2,15,1,50;",0,0,0,2,1170900003,2170900003,1180027001,3,3,"G002,G003,MIRROR_M3","M=20,20,20,20,|T=0,0,0,0,|B=2,15,1,50;;M=20,20,20,20,|T=0,0,0,0,|B=1,15,1,50;;M=20,20,20,20,|T=0,0,0,0,|B=3,15,1,50;",NaN,[Inf;0.0259166562436;Inf;0.0085965072935;Inf;Inf;Inf;Inf;0.00872506758986;Inf;Inf;Inf;Inf;Inf;Inf;Inf;Inf],G003,"G002,G003,MIRROR_M3",3,MULTIPLE_AMBIGUOUS,multiple_candidates,0,0,0,4.4879520981423,0,0.001263,0.001076,9.3e-05,9.4e-05,0.000378,2,1,0
27,synchronous,D_count_matched,MID30,"M=20,10,10,20,20,|T=0,0,0,0,0,|B=2,15,1,50;",0,0,0,2,1170900003,2170900003,1180027001,3,3,"MIRROR_M3,G003,G002","M=20,20,20,20,|T=0,0,0,0,|B=3,15,1,50;;M=20,20,20,20,|T=0,0,0,0,|B=1,15,1,50;;M=20,20,20,20,|T=0,0,0,0,|B=2,15,1,50;",NaN,[],MIRROR_M3,"MIRROR_M3,G003,G002",3,MULTIPLE_AMBIGUOUS,multiple_candidates,0,0,0,4.4879520981423,0,0.00047,0.00047,9.3e-05,9.4e-05,0.000305,2,1,0
27,asynchronous,A_D_samecal_3,MID30,"M=20,10,10,20,20,|T=0,0,0,0,0,|B=2,15,1,50;",0,0,0,2,1170900003,2170900003,1180027002,3,3,"G001,G002,G003","M=20,20,20,20,|T=0,0,0,0,|B=none;M=20,20,20,20,|T=0,0,0,0,|B=2,15,1,50;;M=20,20,20,20,|T=0,0,0,0,|B=1,15,1,50;",NaN,[],G001,"",0,REJECTED,empty_first_set,0,0,0,Inf,NaN,0,0,0.00015,0.000115,0.000555,1,1,0
27,asynchronous,A_D_samecal_6,MID30,"M=20,10,10,20,20,|T=0,0,0,0,0,|B=2,15,1,50;",0,0,0,2,1170900003,2170900003,1180027002,6,6,"G001,G002,G003,MIRROR_M3,ADD_M1_M3,EXT_111","M=20,20,20,20,|T=0,0,0,0,|B=none;M=20,20,20,20,|T=0,0,0,0,|B=2,15,1,50;;M=20,20,20,20,|T=0,0,0,0,|B=1,15,1,50;;M=20,20,20,20,|T=0,0,0,0,|B=3,15,1,50;;M=20,20,20,20,|T=0,0,0,0,|B=1,15,1,50;3,15,1,50;;M=20,20,20,20,|T=0,0,0,0,|B=1,15,1,50;2,15,1,50;3,15,1,50;",NaN,[],G001,"",0,REJECTED,empty_first_set,0,0,0,Inf,NaN,0,0,0.00015,0.000115,0.000457,1,1,0
27,asynchronous,J_frozen_6,MID30,"M=20,10,10,20,20,|T=0,0,0,0,0,|B=2,15,1,50;",0,0,0,2,1170900003,2170900003,1180027002,6,6,"G001,G002,G003,MIRROR_M3,ADD_M1_M3,EXT_111","M=20,20,20,20,|T=0,0,0,0,|B=none;M=20,20,20,20,|T=0,0,0,0,|B=2,15,1,50;;M=20,20,20,20,|T=0,0,0,0,|B=1,15,1,50;;M=20,20,20,20,|T=0,0,0,0,|B=3,15,1,50;;M=20,20,20,20,|T=0,0,0,0,|B=1,15,1,50;3,15,1,50;;M=20,20,20,20,|T=0,0,0,0,|B=1,15,1,50;2,15,1,50;3,15,1,50;",NaN,[],G001,"",0,REJECTED,empty_first_set,0,0,0,Inf,NaN,0,0,0.00015,0.000115,0.000426,1,1,0
27,asynchronous,B_ideal_ci,MID30,"M=20,10,10,20,20,|T=0,0,0,0,0,|B=2,15,1,50;",0,0,0,2,1170900003,2170900003,1180027002,0,3,"","",NaN,[Inf;0.0259807621135;Inf;0.00866025403784;Inf;Inf;Inf;Inf;0.00866025403784;Inf;Inf;Inf;Inf;Inf;Inf;Inf;Inf],,"",0,REJECTED,empty_generated_library,0,0,0,Inf,NaN,0.001103,0.001103,0.00015,0.000115,0.000186,NaN,1,0
27,asynchronous,C_estimated_ci,MID30,"M=20,10,10,20,20,|T=0,0,0,0,0,|B=2,15,1,50;",0,0,0,2,1170900003,2170900003,1180027002,3,3,"G003,G002,MIRROR_M3","M=20,20,20,20,|T=0,0,0,0,|B=1,15,1,50;;M=20,20,20,20,|T=0,0,0,0,|B=2,15,1,50;;M=20,20,20,20,|T=0,0,0,0,|B=3,15,1,50;",NaN,[Inf;0.026327552533;Inf;0.00900929851296;Inf;Inf;Inf;Inf;0.00831834701219;Inf;Inf;Inf;Inf;Inf;Inf;Inf;Inf],G003,"G003,G002,MIRROR_M3",3,MULTIPLE_AMBIGUOUS,multiple_candidates,0,0,0,4.4879520981423,0,0.001602,0.001337,0.00015,0.000115,0.000385,2,1,0
27,asynchronous,D_count_matched,MID30,"M=20,10,10,20,20,|T=0,0,0,0,0,|B=2,15,1,50;",0,0,0,2,1170900003,2170900003,1180027002,3,3,"G003,MIRROR_M3,G002","M=20,20,20,20,|T=0,0,0,0,|B=1,15,1,50;;M=20,20,20,20,|T=0,0,0,0,|B=3,15,1,50;;M=20,20,20,20,|T=0,0,0,0,|B=2,15,1,50;",NaN,[],G003,"G003,MIRROR_M3,G002",3,MULTIPLE_AMBIGUOUS,multiple_candidates,0,0,0,4.4879520981423,0,0.000515,0.000515,0.00015,0.000115,0.0003,2,1,0
27,high_noise,A_D_samecal_3,MID30,"M=20,10,10,20,20,|T=0,0,0,0,0,|B=2,15,1,50;",0,0,0,2,1170900003,2170900003,1180027003,3,3,"G001,G002,G003","M=20,20,20,20,|T=0,0,0,0,|B=none;M=20,20,20,20,|T=0,0,0,0,|B=2,15,1,50;;M=20,20,20,20,|T=0,0,0,0,|B=1,15,1,50;",NaN,[],G001,"",0,REJECTED,empty_first_set,0,0,0,Inf,NaN,0,0,0.000149,0.000111,0.000509,1,1,0
27,high_noise,A_D_samecal_6,MID30,"M=20,10,10,20,20,|T=0,0,0,0,0,|B=2,15,1,50;",0,0,0,2,1170900003,2170900003,1180027003,6,6,"G001,G002,G003,MIRROR_M3,ADD_M1_M3,EXT_111","M=20,20,20,20,|T=0,0,0,0,|B=none;M=20,20,20,20,|T=0,0,0,0,|B=2,15,1,50;;M=20,20,20,20,|T=0,0,0,0,|B=1,15,1,50;;M=20,20,20,20,|T=0,0,0,0,|B=3,15,1,50;;M=20,20,20,20,|T=0,0,0,0,|B=1,15,1,50;3,15,1,50;;M=20,20,20,20,|T=0,0,0,0,|B=1,15,1,50;2,15,1,50;3,15,1,50;",NaN,[],G001,"",0,REJECTED,empty_first_set,0,0,0,Inf,NaN,0,0,0.000149,0.000111,0.00045,1,1,0
27,high_noise,J_frozen_6,MID30,"M=20,10,10,20,20,|T=0,0,0,0,0,|B=2,15,1,50;",0,0,0,2,1170900003,2170900003,1180027003,6,6,"G001,G002,G003,MIRROR_M3,ADD_M1_M3,EXT_111","M=20,20,20,20,|T=0,0,0,0,|B=none;M=20,20,20,20,|T=0,0,0,0,|B=2,15,1,50;;M=20,20,20,20,|T=0,0,0,0,|B=1,15,1,50;;M=20,20,20,20,|T=0,0,0,0,|B=3,15,1,50;;M=20,20,20,20,|T=0,0,0,0,|B=1,15,1,50;3,15,1,50;;M=20,20,20,20,|T=0,0,0,0,|B=1,15,1,50;2,15,1,50;3,15,1,50;",NaN,[],G001,"",0,REJECTED,empty_first_set,0,0,0,Inf,NaN,0,0,0.000149,0.000111,0.000411,1,1,0
27,high_noise,B_ideal_ci,MID30,"M=20,10,10,20,20,|T=0,0,0,0,0,|B=2,15,1,50;",0,0,0,2,1170900003,2170900003,1180027003,0,3,"","",NaN,[Inf;0.0259807621135;Inf;0.00866025403784;Inf;Inf;Inf;Inf;0.00866025403784;Inf;Inf;Inf;Inf;Inf;Inf;Inf;Inf],,"",0,REJECTED,empty_generated_library,0,0,0,Inf,NaN,0.001103,0.001103,0.000149,0.000111,0.000175,NaN,1,0
27,high_noise,C_estimated_ci,MID30,"M=20,10,10,20,20,|T=0,0,0,0,0,|B=2,15,1,50;",0,0,0,2,1170900003,2170900003,1180027003,2,3,"G003,G002","M=20,20,20,20,|T=0,0,0,0,|B=1,15,1,50;;M=20,20,20,20,|T=0,0,0,0,|B=2,15,1,50;",NaN,[Inf;0.0704351327196;Inf;0.0565874016813;Inf;Inf;Inf;Inf;0.0452013289279;Inf;Inf;Inf;Inf;Inf;Inf;Inf;Inf],G003,"G003,G002",2,MULTIPLE_AMBIGUOUS,multiple_candidates,0,0,0,4.4879520981423,0,0.001691,0.001431,0.000149,0.000111,0.000416,2,1,0
27,high_noise,D_count_matched,MID30,"M=20,10,10,20,20,|T=0,0,0,0,0,|B=2,15,1,50;",0,0,0,2,1170900003,2170900003,1180027003,2,3,"MIRROR_M3,G003","M=20,20,20,20,|T=0,0,0,0,|B=3,15,1,50;;M=20,20,20,20,|T=0,0,0,0,|B=1,15,1,50;",NaN,[],MIRROR_M3,"MIRROR_M3,G003",2,MULTIPLE_AMBIGUOUS,multiple_candidates,0,0,0,4.4879520981423,0,0.000534,0.000534,0.000149,0.000111,0.000314,2,1,0
28,synchronous,A_D_samecal_3,MID50,"M=20,20,10,10,20,|T=0,0,0,0,0,|B=3,15,1,50;",0,0,0,2,1171000001,2171000001,1180028001,3,3,"G001,G002,G003","M=20,20,20,20,|T=0,0,0,0,|B=none;M=20,20,20,20,|T=0,0,0,0,|B=2,15,1,50;;M=20,20,20,20,|T=0,0,0,0,|B=1,15,1,50;",NaN,[],G001,"",0,REJECTED,empty_first_set,0,0,0,Inf,NaN,0,0,0.000129,0.000106,0.000551,1,1,0
28,synchronous,A_D_samecal_6,MID50,"M=20,20,10,10,20,|T=0,0,0,0,0,|B=3,15,1,50;",0,0,0,2,1171000001,2171000001,1180028001,6,6,"G001,G002,G003,MIRROR_M3,ADD_M1_M3,EXT_111","M=20,20,20,20,|T=0,0,0,0,|B=none;M=20,20,20,20,|T=0,0,0,0,|B=2,15,1,50;;M=20,20,20,20,|T=0,0,0,0,|B=1,15,1,50;;M=20,20,20,20,|T=0,0,0,0,|B=3,15,1,50;;M=20,20,20,20,|T=0,0,0,0,|B=1,15,1,50;3,15,1,50;;M=20,20,20,20,|T=0,0,0,0,|B=1,15,1,50;2,15,1,50;3,15,1,50;",NaN,[],G001,"",0,REJECTED,empty_first_set,0,0,0,Inf,NaN,0,0,0.000129,0.000106,0.000481,1,1,0
28,synchronous,J_frozen_6,MID50,"M=20,20,10,10,20,|T=0,0,0,0,0,|B=3,15,1,50;",0,0,0,2,1171000001,2171000001,1180028001,6,6,"G001,G002,G003,MIRROR_M3,ADD_M1_M3,EXT_111","M=20,20,20,20,|T=0,0,0,0,|B=none;M=20,20,20,20,|T=0,0,0,0,|B=2,15,1,50;;M=20,20,20,20,|T=0,0,0,0,|B=1,15,1,50;;M=20,20,20,20,|T=0,0,0,0,|B=3,15,1,50;;M=20,20,20,20,|T=0,0,0,0,|B=1,15,1,50;3,15,1,50;;M=20,20,20,20,|T=0,0,0,0,|B=1,15,1,50;2,15,1,50;3,15,1,50;",NaN,[],G001,"",0,REJECTED,empty_first_set,0,0,0,Inf,NaN,0,0,0.000129,0.000106,0.000421,1,1,0
28,synchronous,B_ideal_ci,MID50,"M=20,20,10,10,20,|T=0,0,0,0,0,|B=3,15,1,50;",0,0,0,2,1171000001,2171000001,1180028001,0,3,"","",NaN,[Inf;0.00866025403784;Inf;0.00866025403784;Inf;Inf;Inf;Inf;0.0259807621135;Inf;Inf;Inf;Inf;Inf;Inf;Inf;Inf],,"",0,REJECTED,empty_generated_library,0,0,0,Inf,NaN,0.001333,0.001333,0.000129,0.000106,0.000208,NaN,1,0
28,synchronous,C_estimated_ci,MID50,"M=20,20,10,10,20,|T=0,0,0,0,0,|B=3,15,1,50;",0,0,0,2,1171000001,2171000001,1180028001,3,3,"MIRROR_M3,G002,G003","M=20,20,20,20,|T=0,0,0,0,|B=3,15,1,50;;M=20,20,20,20,|T=0,0,0,0,|B=2,15,1,50;;M=20,20,20,20,|T=0,0,0,0,|B=1,15,1,50;",NaN,[Inf;0.00865469086979;Inf;0.00866637792721;Inf;Inf;Inf;Inf;0.0259866992653;Inf;Inf;Inf;Inf;Inf;Inf;Inf;Inf],MIRROR_M3,"MIRROR_M3,G003",2,MULTIPLE_AMBIGUOUS,multiple_candidates,0,0,0,5.2138338615158,0,0.001424,0.001189,0.000129,0.000106,0.000388,2,1,0
28,synchronous,D_count_matched,MID50,"M=20,20,10,10,20,|T=0,0,0,0,0,|B=3,15,1,50;",0,0,0,2,1171000001,2171000001,1180028001,3,3,"MIRROR_M3,G002,G003","M=20,20,20,20,|T=0,0,0,0,|B=3,15,1,50;;M=20,20,20,20,|T=0,0,0,0,|B=2,15,1,50;;M=20,20,20,20,|T=0,0,0,0,|B=1,15,1,50;",NaN,[],MIRROR_M3,"MIRROR_M3,G003",2,MULTIPLE_AMBIGUOUS,multiple_candidates,0,0,0,5.2138338615158,0,0.000496,0.000496,0.000129,0.000106,0.000314,2,1,0
28,asynchronous,A_D_samecal_3,MID50,"M=20,20,10,10,20,|T=0,0,0,0,0,|B=3,15,1,50;",0,0,0,2,1171000001,2171000001,1180028002,3,3,"G001,G002,G003","M=20,20,20,20,|T=0,0,0,0,|B=none;M=20,20,20,20,|T=0,0,0,0,|B=2,15,1,50;;M=20,20,20,20,|T=0,0,0,0,|B=1,15,1,50;",NaN,[],G001,"",0,REJECTED,empty_first_set,0,0,0,Inf,NaN,0,0,0.00013,9.7e-05,0.00037,1,1,0
28,asynchronous,A_D_samecal_6,MID50,"M=20,20,10,10,20,|T=0,0,0,0,0,|B=3,15,1,50;",0,0,0,2,1171000001,2171000001,1180028002,6,6,"G001,G002,G003,MIRROR_M3,ADD_M1_M3,EXT_111","M=20,20,20,20,|T=0,0,0,0,|B=none;M=20,20,20,20,|T=0,0,0,0,|B=2,15,1,50;;M=20,20,20,20,|T=0,0,0,0,|B=1,15,1,50;;M=20,20,20,20,|T=0,0,0,0,|B=3,15,1,50;;M=20,20,20,20,|T=0,0,0,0,|B=1,15,1,50;3,15,1,50;;M=20,20,20,20,|T=0,0,0,0,|B=1,15,1,50;2,15,1,50;3,15,1,50;",NaN,[],G001,"",0,REJECTED,empty_first_set,0,0,0,Inf,NaN,0,0,0.00013,9.7e-05,0.000399,1,1,0
28,asynchronous,J_frozen_6,MID50,"M=20,20,10,10,20,|T=0,0,0,0,0,|B=3,15,1,50;",0,0,0,2,1171000001,2171000001,1180028002,6,6,"G001,G002,G003,MIRROR_M3,ADD_M1_M3,EXT_111","M=20,20,20,20,|T=0,0,0,0,|B=none;M=20,20,20,20,|T=0,0,0,0,|B=2,15,1,50;;M=20,20,20,20,|T=0,0,0,0,|B=1,15,1,50;;M=20,20,20,20,|T=0,0,0,0,|B=3,15,1,50;;M=20,20,20,20,|T=0,0,0,0,|B=1,15,1,50;3,15,1,50;;M=20,20,20,20,|T=0,0,0,0,|B=1,15,1,50;2,15,1,50;3,15,1,50;",NaN,[],G001,"",0,REJECTED,empty_first_set,0,0,0,Inf,NaN,0,0,0.00013,9.7e-05,0.000392,1,1,0
28,asynchronous,B_ideal_ci,MID50,"M=20,20,10,10,20,|T=0,0,0,0,0,|B=3,15,1,50;",0,0,0,2,1171000001,2171000001,1180028002,0,3,"","",NaN,[Inf;0.00866025403784;Inf;0.00866025403784;Inf;Inf;Inf;Inf;0.0259807621135;Inf;Inf;Inf;Inf;Inf;Inf;Inf;Inf],,"",0,REJECTED,empty_generated_library,0,0,0,Inf,NaN,0.001333,0.001333,0.00013,9.7e-05,0.000165,NaN,1,0
28,asynchronous,C_estimated_ci,MID50,"M=20,20,10,10,20,|T=0,0,0,0,0,|B=3,15,1,50;",0,0,0,2,1171000001,2171000001,1180028002,3,3,"MIRROR_M3,G002,G003","M=20,20,20,20,|T=0,0,0,0,|B=3,15,1,50;;M=20,20,20,20,|T=0,0,0,0,|B=2,15,1,50;;M=20,20,20,20,|T=0,0,0,0,|B=1,15,1,50;",NaN,[Inf;0.00859428144865;Inf;0.00872735234363;Inf;Inf;Inf;Inf;0.0260474890199;Inf;Inf;Inf;Inf;Inf;Inf;Inf;Inf],MIRROR_M3,"MIRROR_M3,G003",2,MULTIPLE_AMBIGUOUS,multiple_candidates,0,0,0,5.2138338615158,0,0.001499,0.001272,0.00013,9.7e-05,0.000347,2,1,0
28,asynchronous,D_count_matched,MID50,"M=20,20,10,10,20,|T=0,0,0,0,0,|B=3,15,1,50;",0,0,0,2,1171000001,2171000001,1180028002,3,3,"G003,MIRROR_M3,G002","M=20,20,20,20,|T=0,0,0,0,|B=1,15,1,50;;M=20,20,20,20,|T=0,0,0,0,|B=3,15,1,50;;M=20,20,20,20,|T=0,0,0,0,|B=2,15,1,50;",NaN,[],G003,"G003,MIRROR_M3",2,MULTIPLE_AMBIGUOUS,multiple_candidates,0,0,0,5.2138338615158,0,0.000483,0.000483,0.00013,9.7e-05,0.000291,2,1,0
28,high_noise,A_D_samecal_3,MID50,"M=20,20,10,10,20,|T=0,0,0,0,0,|B=3,15,1,50;",0,0,0,2,1171000001,2171000001,1180028003,3,3,"G001,G002,G003","M=20,20,20,20,|T=0,0,0,0,|B=none;M=20,20,20,20,|T=0,0,0,0,|B=2,15,1,50;;M=20,20,20,20,|T=0,0,0,0,|B=1,15,1,50;",NaN,[],G001,"",0,REJECTED,empty_first_set,0,0,0,Inf,NaN,0,0,0.000104,8e-05,0.00038,1,1,0
28,high_noise,A_D_samecal_6,MID50,"M=20,20,10,10,20,|T=0,0,0,0,0,|B=3,15,1,50;",0,0,0,2,1171000001,2171000001,1180028003,6,6,"G001,G002,G003,MIRROR_M3,ADD_M1_M3,EXT_111","M=20,20,20,20,|T=0,0,0,0,|B=none;M=20,20,20,20,|T=0,0,0,0,|B=2,15,1,50;;M=20,20,20,20,|T=0,0,0,0,|B=1,15,1,50;;M=20,20,20,20,|T=0,0,0,0,|B=3,15,1,50;;M=20,20,20,20,|T=0,0,0,0,|B=1,15,1,50;3,15,1,50;;M=20,20,20,20,|T=0,0,0,0,|B=1,15,1,50;2,15,1,50;3,15,1,50;",NaN,[],G001,"",0,REJECTED,empty_first_set,0,0,0,Inf,NaN,0,0,0.000104,8e-05,0.000411,1,1,0
28,high_noise,J_frozen_6,MID50,"M=20,20,10,10,20,|T=0,0,0,0,0,|B=3,15,1,50;",0,0,0,2,1171000001,2171000001,1180028003,6,6,"G001,G002,G003,MIRROR_M3,ADD_M1_M3,EXT_111","M=20,20,20,20,|T=0,0,0,0,|B=none;M=20,20,20,20,|T=0,0,0,0,|B=2,15,1,50;;M=20,20,20,20,|T=0,0,0,0,|B=1,15,1,50;;M=20,20,20,20,|T=0,0,0,0,|B=3,15,1,50;;M=20,20,20,20,|T=0,0,0,0,|B=1,15,1,50;3,15,1,50;;M=20,20,20,20,|T=0,0,0,0,|B=1,15,1,50;2,15,1,50;3,15,1,50;",NaN,[],G001,"",0,REJECTED,empty_first_set,0,0,0,Inf,NaN,0,0,0.000104,8e-05,0.000408,1,1,0
28,high_noise,B_ideal_ci,MID50,"M=20,20,10,10,20,|T=0,0,0,0,0,|B=3,15,1,50;",0,0,0,2,1171000001,2171000001,1180028003,0,3,"","",NaN,[Inf;0.00866025403784;Inf;0.00866025403784;Inf;Inf;Inf;Inf;0.0259807621135;Inf;Inf;Inf;Inf;Inf;Inf;Inf;Inf],,"",0,REJECTED,empty_generated_library,0,0,0,Inf,NaN,0.001333,0.001333,0.000104,8e-05,0.000161,NaN,1,0
28,high_noise,C_estimated_ci,MID50,"M=20,20,10,10,20,|T=0,0,0,0,0,|B=3,15,1,50;",0,0,0,2,1171000001,2171000001,1180028003,3,3,"G003,G002,MIRROR_M3","M=20,20,20,20,|T=0,0,0,0,|B=1,15,1,50;;M=20,20,20,20,|T=0,0,0,0,|B=2,15,1,50;;M=20,20,20,20,|T=0,0,0,0,|B=3,15,1,50;",NaN,[Inf;0.0401072161957;Inf;0.0239889758926;Inf;Inf;Inf;Inf;0.0119311834191;Inf;Inf;Inf;Inf;Inf;Inf;Inf;Inf],G003,"G003,MIRROR_M3",2,MULTIPLE_AMBIGUOUS,multiple_candidates,0,0,0,5.2138338615158,0,0.001324,0.00114,0.000104,8e-05,0.000354,2,1,0
28,high_noise,D_count_matched,MID50,"M=20,20,10,10,20,|T=0,0,0,0,0,|B=3,15,1,50;",0,0,0,2,1171000001,2171000001,1180028003,3,3,"MIRROR_M3,G002,G003","M=20,20,20,20,|T=0,0,0,0,|B=3,15,1,50;;M=20,20,20,20,|T=0,0,0,0,|B=2,15,1,50;;M=20,20,20,20,|T=0,0,0,0,|B=1,15,1,50;",NaN,[],MIRROR_M3,"MIRROR_M3,G003",2,MULTIPLE_AMBIGUOUS,multiple_candidates,0,0,0,5.2138338615158,0,0.000453,0.000453,0.000104,8e-05,0.000319,2,1,0
29,synchronous,A_D_samecal_3,MID50,"M=20,20,10,10,20,|T=0,0,0,0,0,|B=3,15,1,50;",0,0,0,2,1171000002,2171000002,1180029001,3,3,"G001,G002,G003","M=20,20,20,20,|T=0,0,0,0,|B=none;M=20,20,20,20,|T=0,0,0,0,|B=2,15,1,50;;M=20,20,20,20,|T=0,0,0,0,|B=1,15,1,50;",NaN,[],G001,"",0,REJECTED,empty_first_set,0,0,0,Inf,NaN,0,0,0.000105,9.2e-05,0.000423,1,1,0
29,synchronous,A_D_samecal_6,MID50,"M=20,20,10,10,20,|T=0,0,0,0,0,|B=3,15,1,50;",0,0,0,2,1171000002,2171000002,1180029001,6,6,"G001,G002,G003,MIRROR_M3,ADD_M1_M3,EXT_111","M=20,20,20,20,|T=0,0,0,0,|B=none;M=20,20,20,20,|T=0,0,0,0,|B=2,15,1,50;;M=20,20,20,20,|T=0,0,0,0,|B=1,15,1,50;;M=20,20,20,20,|T=0,0,0,0,|B=3,15,1,50;;M=20,20,20,20,|T=0,0,0,0,|B=1,15,1,50;3,15,1,50;;M=20,20,20,20,|T=0,0,0,0,|B=1,15,1,50;2,15,1,50;3,15,1,50;",NaN,[],G001,"",0,REJECTED,empty_first_set,0,0,0,Inf,NaN,0,0,0.000105,9.2e-05,0.000415,1,1,0
29,synchronous,J_frozen_6,MID50,"M=20,20,10,10,20,|T=0,0,0,0,0,|B=3,15,1,50;",0,0,0,2,1171000002,2171000002,1180029001,6,6,"G001,G002,G003,MIRROR_M3,ADD_M1_M3,EXT_111","M=20,20,20,20,|T=0,0,0,0,|B=none;M=20,20,20,20,|T=0,0,0,0,|B=2,15,1,50;;M=20,20,20,20,|T=0,0,0,0,|B=1,15,1,50;;M=20,20,20,20,|T=0,0,0,0,|B=3,15,1,50;;M=20,20,20,20,|T=0,0,0,0,|B=1,15,1,50;3,15,1,50;;M=20,20,20,20,|T=0,0,0,0,|B=1,15,1,50;2,15,1,50;3,15,1,50;",NaN,[],G001,"",0,REJECTED,empty_first_set,0,0,0,Inf,NaN,0,0,0.000105,9.2e-05,0.00039,1,1,0
29,synchronous,B_ideal_ci,MID50,"M=20,20,10,10,20,|T=0,0,0,0,0,|B=3,15,1,50;",0,0,0,2,1171000002,2171000002,1180029001,0,3,"","",NaN,[Inf;0.00866025403784;Inf;0.00866025403784;Inf;Inf;Inf;Inf;0.0259807621135;Inf;Inf;Inf;Inf;Inf;Inf;Inf;Inf],,"",0,REJECTED,empty_generated_library,0,0,0,Inf,NaN,0.001199,0.001199,0.000105,9.2e-05,0.000163,NaN,1,0
29,synchronous,C_estimated_ci,MID50,"M=20,20,10,10,20,|T=0,0,0,0,0,|B=3,15,1,50;",0,0,0,2,1171000002,2171000002,1180029001,3,3,"MIRROR_M3,G002,G003","M=20,20,20,20,|T=0,0,0,0,|B=3,15,1,50;;M=20,20,20,20,|T=0,0,0,0,|B=2,15,1,50;;M=20,20,20,20,|T=0,0,0,0,|B=1,15,1,50;",NaN,[Inf;0.00833584976275;Inf;0.00898480654587;Inf;Inf;Inf;Inf;0.0263052676486;Inf;Inf;Inf;Inf;Inf;Inf;Inf;Inf],MIRROR_M3,"MIRROR_M3,G002,G003",3,MULTIPLE_AMBIGUOUS,multiple_candidates,0,0,0,4.24234266217688,0,0.001278,0.001081,0.000105,9.2e-05,0.000361,2,1,0
29,synchronous,D_count_matched,MID50,"M=20,20,10,10,20,|T=0,0,0,0,0,|B=3,15,1,50;",0,0,0,2,1171000002,2171000002,1180029001,3,3,"MIRROR_M3,G003,G002","M=20,20,20,20,|T=0,0,0,0,|B=3,15,1,50;;M=20,20,20,20,|T=0,0,0,0,|B=1,15,1,50;;M=20,20,20,20,|T=0,0,0,0,|B=2,15,1,50;",NaN,[],MIRROR_M3,"MIRROR_M3,G003,G002",3,MULTIPLE_AMBIGUOUS,multiple_candidates,0,0,0,4.24234266217688,0,0.000445,0.000445,0.000105,9.2e-05,0.000309,2,1,0
29,asynchronous,A_D_samecal_3,MID50,"M=20,20,10,10,20,|T=0,0,0,0,0,|B=3,15,1,50;",0,0,0,2,1171000002,2171000002,1180029002,3,3,"G001,G002,G003","M=20,20,20,20,|T=0,0,0,0,|B=none;M=20,20,20,20,|T=0,0,0,0,|B=2,15,1,50;;M=20,20,20,20,|T=0,0,0,0,|B=1,15,1,50;",NaN,[],G001,"",0,REJECTED,empty_first_set,0,0,0,Inf,NaN,0,0,0.000104,8.9e-05,0.000446,1,1,0
29,asynchronous,A_D_samecal_6,MID50,"M=20,20,10,10,20,|T=0,0,0,0,0,|B=3,15,1,50;",0,0,0,2,1171000002,2171000002,1180029002,6,6,"G001,G002,G003,MIRROR_M3,ADD_M1_M3,EXT_111","M=20,20,20,20,|T=0,0,0,0,|B=none;M=20,20,20,20,|T=0,0,0,0,|B=2,15,1,50;;M=20,20,20,20,|T=0,0,0,0,|B=1,15,1,50;;M=20,20,20,20,|T=0,0,0,0,|B=3,15,1,50;;M=20,20,20,20,|T=0,0,0,0,|B=1,15,1,50;3,15,1,50;;M=20,20,20,20,|T=0,0,0,0,|B=1,15,1,50;2,15,1,50;3,15,1,50;",NaN,[],G001,"",0,REJECTED,empty_first_set,0,0,0,Inf,NaN,0,0,0.000104,8.9e-05,0.000427,1,1,0
29,asynchronous,J_frozen_6,MID50,"M=20,20,10,10,20,|T=0,0,0,0,0,|B=3,15,1,50;",0,0,0,2,1171000002,2171000002,1180029002,6,6,"G001,G002,G003,MIRROR_M3,ADD_M1_M3,EXT_111","M=20,20,20,20,|T=0,0,0,0,|B=none;M=20,20,20,20,|T=0,0,0,0,|B=2,15,1,50;;M=20,20,20,20,|T=0,0,0,0,|B=1,15,1,50;;M=20,20,20,20,|T=0,0,0,0,|B=3,15,1,50;;M=20,20,20,20,|T=0,0,0,0,|B=1,15,1,50;3,15,1,50;;M=20,20,20,20,|T=0,0,0,0,|B=1,15,1,50;2,15,1,50;3,15,1,50;",NaN,[],G001,"",0,REJECTED,empty_first_set,0,0,0,Inf,NaN,0,0,0.000104,8.9e-05,0.000398,1,1,0
29,asynchronous,B_ideal_ci,MID50,"M=20,20,10,10,20,|T=0,0,0,0,0,|B=3,15,1,50;",0,0,0,2,1171000002,2171000002,1180029002,0,3,"","",NaN,[Inf;0.00866025403784;Inf;0.00866025403784;Inf;Inf;Inf;Inf;0.0259807621135;Inf;Inf;Inf;Inf;Inf;Inf;Inf;Inf],,"",0,REJECTED,empty_generated_library,0,0,0,Inf,NaN,0.001199,0.001199,0.000104,8.9e-05,0.000184,NaN,1,0
29,asynchronous,C_estimated_ci,MID50,"M=20,20,10,10,20,|T=0,0,0,0,0,|B=3,15,1,50;",0,0,0,2,1171000002,2171000002,1180029002,3,3,"MIRROR_M3,G002,G003","M=20,20,20,20,|T=0,0,0,0,|B=3,15,1,50;;M=20,20,20,20,|T=0,0,0,0,|B=2,15,1,50;;M=20,20,20,20,|T=0,0,0,0,|B=1,15,1,50;",NaN,[Inf;0.00861898970656;Inf;0.00870204167488;Inf;Inf;Inf;Inf;0.0260223764299;Inf;Inf;Inf;Inf;Inf;Inf;Inf;Inf],MIRROR_M3,"MIRROR_M3,G002,G003",3,MULTIPLE_AMBIGUOUS,multiple_candidates,0,0,0,4.24234266217688,0,0.001416,0.001223,0.000104,8.9e-05,0.000356,2,1,0
29,asynchronous,D_count_matched,MID50,"M=20,20,10,10,20,|T=0,0,0,0,0,|B=3,15,1,50;",0,0,0,2,1171000002,2171000002,1180029002,3,3,"G003,MIRROR_M3,G002","M=20,20,20,20,|T=0,0,0,0,|B=1,15,1,50;;M=20,20,20,20,|T=0,0,0,0,|B=3,15,1,50;;M=20,20,20,20,|T=0,0,0,0,|B=2,15,1,50;",NaN,[],G003,"G003,MIRROR_M3,G002",3,MULTIPLE_AMBIGUOUS,multiple_candidates,0,0,0,4.24234266217688,0,0.000476,0.000476,0.000104,8.9e-05,0.000299,2,1,0
29,high_noise,A_D_samecal_3,MID50,"M=20,20,10,10,20,|T=0,0,0,0,0,|B=3,15,1,50;",0,0,0,2,1171000002,2171000002,1180029003,3,3,"G001,G002,G003","M=20,20,20,20,|T=0,0,0,0,|B=none;M=20,20,20,20,|T=0,0,0,0,|B=2,15,1,50;;M=20,20,20,20,|T=0,0,0,0,|B=1,15,1,50;",NaN,[],G001,"",0,REJECTED,empty_first_set,0,0,0,Inf,NaN,0,0,0.000128,9.5e-05,0.000364,1,1,0
29,high_noise,A_D_samecal_6,MID50,"M=20,20,10,10,20,|T=0,0,0,0,0,|B=3,15,1,50;",0,0,0,2,1171000002,2171000002,1180029003,6,6,"G001,G002,G003,MIRROR_M3,ADD_M1_M3,EXT_111","M=20,20,20,20,|T=0,0,0,0,|B=none;M=20,20,20,20,|T=0,0,0,0,|B=2,15,1,50;;M=20,20,20,20,|T=0,0,0,0,|B=1,15,1,50;;M=20,20,20,20,|T=0,0,0,0,|B=3,15,1,50;;M=20,20,20,20,|T=0,0,0,0,|B=1,15,1,50;3,15,1,50;;M=20,20,20,20,|T=0,0,0,0,|B=1,15,1,50;2,15,1,50;3,15,1,50;",NaN,[],G001,"",0,REJECTED,empty_first_set,0,0,0,Inf,NaN,0,0,0.000128,9.5e-05,0.000383,1,1,0
29,high_noise,J_frozen_6,MID50,"M=20,20,10,10,20,|T=0,0,0,0,0,|B=3,15,1,50;",0,0,0,2,1171000002,2171000002,1180029003,6,6,"G001,G002,G003,MIRROR_M3,ADD_M1_M3,EXT_111","M=20,20,20,20,|T=0,0,0,0,|B=none;M=20,20,20,20,|T=0,0,0,0,|B=2,15,1,50;;M=20,20,20,20,|T=0,0,0,0,|B=1,15,1,50;;M=20,20,20,20,|T=0,0,0,0,|B=3,15,1,50;;M=20,20,20,20,|T=0,0,0,0,|B=1,15,1,50;3,15,1,50;;M=20,20,20,20,|T=0,0,0,0,|B=1,15,1,50;2,15,1,50;3,15,1,50;",NaN,[],G001,"",0,REJECTED,empty_first_set,0,0,0,Inf,NaN,0,0,0.000128,9.5e-05,0.000389,1,1,0
29,high_noise,B_ideal_ci,MID50,"M=20,20,10,10,20,|T=0,0,0,0,0,|B=3,15,1,50;",0,0,0,2,1171000002,2171000002,1180029003,0,3,"","",NaN,[Inf;0.00866025403784;Inf;0.00866025403784;Inf;Inf;Inf;Inf;0.0259807621135;Inf;Inf;Inf;Inf;Inf;Inf;Inf;Inf],,"",0,REJECTED,empty_generated_library,0,0,0,Inf,NaN,0.001199,0.001199,0.000128,9.5e-05,0.00017,NaN,1,0
29,high_noise,C_estimated_ci,MID50,"M=20,20,10,10,20,|T=0,0,0,0,0,|B=3,15,1,50;",0,0,0,2,1171000002,2171000002,1180029003,3,3,"G002,MIRROR_M3,G003","M=20,20,20,20,|T=0,0,0,0,|B=2,15,1,50;;M=20,20,20,20,|T=0,0,0,0,|B=3,15,1,50;;M=20,20,20,20,|T=0,0,0,0,|B=1,15,1,50;",NaN,[Inf;0.00871382035219;Inf;0.00861973042251;Inf;Inf;Inf;Inf;0.0259358601165;Inf;Inf;Inf;Inf;Inf;Inf;Inf;Inf],MIRROR_M3,"G002,MIRROR_M3,G003",3,MULTIPLE_AMBIGUOUS,multiple_candidates,0,0,0,4.24234266217688,0,0.001475,0.001252,0.000128,9.5e-05,0.000342,2,1,0
29,high_noise,D_count_matched,MID50,"M=20,20,10,10,20,|T=0,0,0,0,0,|B=3,15,1,50;",0,0,0,2,1171000002,2171000002,1180029003,3,3,"G003,MIRROR_M3,G002","M=20,20,20,20,|T=0,0,0,0,|B=1,15,1,50;;M=20,20,20,20,|T=0,0,0,0,|B=3,15,1,50;;M=20,20,20,20,|T=0,0,0,0,|B=2,15,1,50;",NaN,[],G003,"G003,MIRROR_M3,G002",3,MULTIPLE_AMBIGUOUS,multiple_candidates,0,0,0,4.24234266217688,0,0.000451,0.000451,0.000128,9.5e-05,0.000279,2,1,0
30,synchronous,A_D_samecal_3,MID50,"M=20,20,10,10,20,|T=0,0,0,0,0,|B=3,15,1,50;",0,0,0,2,1171000003,2171000003,1180030001,3,3,"G001,G002,G003","M=20,20,20,20,|T=0,0,0,0,|B=none;M=20,20,20,20,|T=0,0,0,0,|B=2,15,1,50;;M=20,20,20,20,|T=0,0,0,0,|B=1,15,1,50;",NaN,[],G001,"",0,REJECTED,empty_first_set,0,0,0,Inf,NaN,0,0,0.000108,9.3e-05,0.000495,1,1,0
30,synchronous,A_D_samecal_6,MID50,"M=20,20,10,10,20,|T=0,0,0,0,0,|B=3,15,1,50;",0,0,0,2,1171000003,2171000003,1180030001,6,6,"G001,G002,G003,MIRROR_M3,ADD_M1_M3,EXT_111","M=20,20,20,20,|T=0,0,0,0,|B=none;M=20,20,20,20,|T=0,0,0,0,|B=2,15,1,50;;M=20,20,20,20,|T=0,0,0,0,|B=1,15,1,50;;M=20,20,20,20,|T=0,0,0,0,|B=3,15,1,50;;M=20,20,20,20,|T=0,0,0,0,|B=1,15,1,50;3,15,1,50;;M=20,20,20,20,|T=0,0,0,0,|B=1,15,1,50;2,15,1,50;3,15,1,50;",NaN,[],G001,"",0,REJECTED,empty_first_set,0,0,0,Inf,NaN,0,0,0.000108,9.3e-05,0.00042,1,1,0
30,synchronous,J_frozen_6,MID50,"M=20,20,10,10,20,|T=0,0,0,0,0,|B=3,15,1,50;",0,0,0,2,1171000003,2171000003,1180030001,6,6,"G001,G002,G003,MIRROR_M3,ADD_M1_M3,EXT_111","M=20,20,20,20,|T=0,0,0,0,|B=none;M=20,20,20,20,|T=0,0,0,0,|B=2,15,1,50;;M=20,20,20,20,|T=0,0,0,0,|B=1,15,1,50;;M=20,20,20,20,|T=0,0,0,0,|B=3,15,1,50;;M=20,20,20,20,|T=0,0,0,0,|B=1,15,1,50;3,15,1,50;;M=20,20,20,20,|T=0,0,0,0,|B=1,15,1,50;2,15,1,50;3,15,1,50;",NaN,[],G001,"",0,REJECTED,empty_first_set,0,0,0,Inf,NaN,0,0,0.000108,9.3e-05,0.00039,1,1,0
30,synchronous,B_ideal_ci,MID50,"M=20,20,10,10,20,|T=0,0,0,0,0,|B=3,15,1,50;",0,0,0,2,1171000003,2171000003,1180030001,0,3,"","",NaN,[Inf;0.00866025403784;Inf;0.00866025403784;Inf;Inf;Inf;Inf;0.0259807621135;Inf;Inf;Inf;Inf;Inf;Inf;Inf;Inf],,"",0,REJECTED,empty_generated_library,0,0,0,Inf,NaN,0.001179,0.001179,0.000108,9.3e-05,0.000166,NaN,1,0
30,synchronous,C_estimated_ci,MID50,"M=20,20,10,10,20,|T=0,0,0,0,0,|B=3,15,1,50;",0,0,0,2,1171000003,2171000003,1180030001,3,3,"MIRROR_M3,G002,G003","M=20,20,20,20,|T=0,0,0,0,|B=3,15,1,50;;M=20,20,20,20,|T=0,0,0,0,|B=2,15,1,50;;M=20,20,20,20,|T=0,0,0,0,|B=1,15,1,50;",NaN,[Inf;0.00863533653583;Inf;0.00868666637825;Inf;Inf;Inf;Inf;0.0260066781509;Inf;Inf;Inf;Inf;Inf;Inf;Inf;Inf],MIRROR_M3,"MIRROR_M3,G002,G003",3,MULTIPLE_AMBIGUOUS,multiple_candidates,0,0,0,4.94974366138299,0,0.001336,0.001135,0.000108,9.3e-05,0.000355,2,1,0
30,synchronous,D_count_matched,MID50,"M=20,20,10,10,20,|T=0,0,0,0,0,|B=3,15,1,50;",0,0,0,2,1171000003,2171000003,1180030001,3,3,"G003,MIRROR_M3,G002","M=20,20,20,20,|T=0,0,0,0,|B=1,15,1,50;;M=20,20,20,20,|T=0,0,0,0,|B=3,15,1,50;;M=20,20,20,20,|T=0,0,0,0,|B=2,15,1,50;",NaN,[],G003,"G003,MIRROR_M3,G002",3,MULTIPLE_AMBIGUOUS,multiple_candidates,0,0,0,4.94974366138299,0,0.000484,0.000484,0.000108,9.3e-05,0.000281,2,1,0
30,asynchronous,A_D_samecal_3,MID50,"M=20,20,10,10,20,|T=0,0,0,0,0,|B=3,15,1,50;",0,0,0,2,1171000003,2171000003,1180030002,3,3,"G001,G002,G003","M=20,20,20,20,|T=0,0,0,0,|B=none;M=20,20,20,20,|T=0,0,0,0,|B=2,15,1,50;;M=20,20,20,20,|T=0,0,0,0,|B=1,15,1,50;",NaN,[],G001,"",0,REJECTED,empty_first_set,0,0,0,Inf,NaN,0,0,0.000111,9.1e-05,0.000486,1,1,0
30,asynchronous,A_D_samecal_6,MID50,"M=20,20,10,10,20,|T=0,0,0,0,0,|B=3,15,1,50;",0,0,0,2,1171000003,2171000003,1180030002,6,6,"G001,G002,G003,MIRROR_M3,ADD_M1_M3,EXT_111","M=20,20,20,20,|T=0,0,0,0,|B=none;M=20,20,20,20,|T=0,0,0,0,|B=2,15,1,50;;M=20,20,20,20,|T=0,0,0,0,|B=1,15,1,50;;M=20,20,20,20,|T=0,0,0,0,|B=3,15,1,50;;M=20,20,20,20,|T=0,0,0,0,|B=1,15,1,50;3,15,1,50;;M=20,20,20,20,|T=0,0,0,0,|B=1,15,1,50;2,15,1,50;3,15,1,50;",NaN,[],G001,"",0,REJECTED,empty_first_set,0,0,0,Inf,NaN,0,0,0.000111,9.1e-05,0.000442,1,1,0
30,asynchronous,J_frozen_6,MID50,"M=20,20,10,10,20,|T=0,0,0,0,0,|B=3,15,1,50;",0,0,0,2,1171000003,2171000003,1180030002,6,6,"G001,G002,G003,MIRROR_M3,ADD_M1_M3,EXT_111","M=20,20,20,20,|T=0,0,0,0,|B=none;M=20,20,20,20,|T=0,0,0,0,|B=2,15,1,50;;M=20,20,20,20,|T=0,0,0,0,|B=1,15,1,50;;M=20,20,20,20,|T=0,0,0,0,|B=3,15,1,50;;M=20,20,20,20,|T=0,0,0,0,|B=1,15,1,50;3,15,1,50;;M=20,20,20,20,|T=0,0,0,0,|B=1,15,1,50;2,15,1,50;3,15,1,50;",NaN,[],G001,"",0,REJECTED,empty_first_set,0,0,0,Inf,NaN,0,0,0.000111,9.1e-05,0.000391,1,1,0
30,asynchronous,B_ideal_ci,MID50,"M=20,20,10,10,20,|T=0,0,0,0,0,|B=3,15,1,50;",0,0,0,2,1171000003,2171000003,1180030002,0,3,"","",NaN,[Inf;0.00866025403784;Inf;0.00866025403784;Inf;Inf;Inf;Inf;0.0259807621135;Inf;Inf;Inf;Inf;Inf;Inf;Inf;Inf],,"",0,REJECTED,empty_generated_library,0,0,0,Inf,NaN,0.001179,0.001179,0.000111,9.1e-05,0.000163,NaN,1,0
30,asynchronous,C_estimated_ci,MID50,"M=20,20,10,10,20,|T=0,0,0,0,0,|B=3,15,1,50;",0,0,0,2,1171000003,2171000003,1180030002,3,3,"MIRROR_M3,G002,G003","M=20,20,20,20,|T=0,0,0,0,|B=3,15,1,50;;M=20,20,20,20,|T=0,0,0,0,|B=2,15,1,50;;M=20,20,20,20,|T=0,0,0,0,|B=1,15,1,50;",NaN,[Inf;0.00858288619187;Inf;0.00873858874455;Inf;Inf;Inf;Inf;0.0260587783887;Inf;Inf;Inf;Inf;Inf;Inf;Inf;Inf],MIRROR_M3,"MIRROR_M3,G002,G003",3,MULTIPLE_AMBIGUOUS,multiple_candidates,0,0,0,4.94974366138299,0,0.001417,0.001215,0.000111,9.1e-05,0.000351,2,1,0
30,asynchronous,D_count_matched,MID50,"M=20,20,10,10,20,|T=0,0,0,0,0,|B=3,15,1,50;",0,0,0,2,1171000003,2171000003,1180030002,3,3,"G003,MIRROR_M3,G002","M=20,20,20,20,|T=0,0,0,0,|B=1,15,1,50;;M=20,20,20,20,|T=0,0,0,0,|B=3,15,1,50;;M=20,20,20,20,|T=0,0,0,0,|B=2,15,1,50;",NaN,[],G003,"G003,MIRROR_M3,G002",3,MULTIPLE_AMBIGUOUS,multiple_candidates,0,0,0,4.94974366138299,0,0.000447,0.000447,0.000111,9.1e-05,0.000301,2,1,0
30,high_noise,A_D_samecal_3,MID50,"M=20,20,10,10,20,|T=0,0,0,0,0,|B=3,15,1,50;",0,0,0,2,1171000003,2171000003,1180030003,3,3,"G001,G002,G003","M=20,20,20,20,|T=0,0,0,0,|B=none;M=20,20,20,20,|T=0,0,0,0,|B=2,15,1,50;;M=20,20,20,20,|T=0,0,0,0,|B=1,15,1,50;",NaN,[],G001,"",0,REJECTED,empty_first_set,0,0,0,Inf,NaN,0,0,0.000111,9.5e-05,0.00041,1,1,0
30,high_noise,A_D_samecal_6,MID50,"M=20,20,10,10,20,|T=0,0,0,0,0,|B=3,15,1,50;",0,0,0,2,1171000003,2171000003,1180030003,6,6,"G001,G002,G003,MIRROR_M3,ADD_M1_M3,EXT_111","M=20,20,20,20,|T=0,0,0,0,|B=none;M=20,20,20,20,|T=0,0,0,0,|B=2,15,1,50;;M=20,20,20,20,|T=0,0,0,0,|B=1,15,1,50;;M=20,20,20,20,|T=0,0,0,0,|B=3,15,1,50;;M=20,20,20,20,|T=0,0,0,0,|B=1,15,1,50;3,15,1,50;;M=20,20,20,20,|T=0,0,0,0,|B=1,15,1,50;2,15,1,50;3,15,1,50;",NaN,[],G001,"",0,REJECTED,empty_first_set,0,0,0,Inf,NaN,0,0,0.000111,9.5e-05,0.000409,1,1,0
30,high_noise,J_frozen_6,MID50,"M=20,20,10,10,20,|T=0,0,0,0,0,|B=3,15,1,50;",0,0,0,2,1171000003,2171000003,1180030003,6,6,"G001,G002,G003,MIRROR_M3,ADD_M1_M3,EXT_111","M=20,20,20,20,|T=0,0,0,0,|B=none;M=20,20,20,20,|T=0,0,0,0,|B=2,15,1,50;;M=20,20,20,20,|T=0,0,0,0,|B=1,15,1,50;;M=20,20,20,20,|T=0,0,0,0,|B=3,15,1,50;;M=20,20,20,20,|T=0,0,0,0,|B=1,15,1,50;3,15,1,50;;M=20,20,20,20,|T=0,0,0,0,|B=1,15,1,50;2,15,1,50;3,15,1,50;",NaN,[],G001,"",0,REJECTED,empty_first_set,0,0,0,Inf,NaN,0,0,0.000111,9.5e-05,0.000377,1,1,0
30,high_noise,B_ideal_ci,MID50,"M=20,20,10,10,20,|T=0,0,0,0,0,|B=3,15,1,50;",0,0,0,2,1171000003,2171000003,1180030003,0,3,"","",NaN,[Inf;0.00866025403784;Inf;0.00866025403784;Inf;Inf;Inf;Inf;0.0259807621135;Inf;Inf;Inf;Inf;Inf;Inf;Inf;Inf],,"",0,REJECTED,empty_generated_library,0,0,0,Inf,NaN,0.001179,0.001179,0.000111,9.5e-05,0.000164,NaN,1,0
30,high_noise,C_estimated_ci,MID50,"M=20,20,10,10,20,|T=0,0,0,0,0,|B=3,15,1,50;",0,0,0,2,1171000003,2171000003,1180030003,3,3,"MIRROR_M3,G002,G003","M=20,20,20,20,|T=0,0,0,0,|B=3,15,1,50;;M=20,20,20,20,|T=0,0,0,0,|B=2,15,1,50;;M=20,20,20,20,|T=0,0,0,0,|B=1,15,1,50;",NaN,[Inf;0.0083642375467;Inf;0.00895635146015;Inf;Inf;Inf;Inf;0.0262768337746;Inf;Inf;Inf;Inf;Inf;Inf;Inf;Inf],MIRROR_M3,"MIRROR_M3,G002,G003",3,MULTIPLE_AMBIGUOUS,multiple_candidates,0,0,0,4.94974366138299,0,0.001473,0.001267,0.000111,9.5e-05,0.000345,2,1,0
30,high_noise,D_count_matched,MID50,"M=20,20,10,10,20,|T=0,0,0,0,0,|B=3,15,1,50;",0,0,0,2,1171000003,2171000003,1180030003,3,3,"G002,MIRROR_M3,G003","M=20,20,20,20,|T=0,0,0,0,|B=2,15,1,50;;M=20,20,20,20,|T=0,0,0,0,|B=3,15,1,50;;M=20,20,20,20,|T=0,0,0,0,|B=1,15,1,50;",NaN,[],MIRROR_M3,"G002,MIRROR_M3,G003",3,MULTIPLE_AMBIGUOUS,multiple_candidates,0,0,0,4.94974366138299,0,0.000476,0.000476,0.000111,9.5e-05,0.000287,2,1,0
