scheme,flow,truth_id,candidate_id,rank,distance,in_candidate_set,state
H50,A,T3,T3,2,0.999918967573039,1,MULTIPLE_AMBIGUOUS
H50,A,T3,T4_NEAR_T3,1,0.999918924192311,1,MULTIPLE_AMBIGUOUS
H50,A,T3,T5,3,0.999918967573043,1,MULTIPLE_AMBIGUOUS
H50,B,T3,T3,2,0.974692046388872,1,MULTIPLE_AMBIGUOUS
H50,B,T3,T4_NEAR_T3,3,0.974692164200243,1,MULTIPLE_AMBIGUOUS
H50,B,T3,T5,1,0.974692046388869,1,MULTIPLE_AMBIGUOUS
H50,C_control,T3,T3,2,0.974692046388872,1,MULTIPLE_AMBIGUOUS
H50,C_control,T3,T4_NEAR_T3,3,0.974692164200243,1,MULTIPLE_AMBIGUOUS
H50,C_control,T3,T5,1,0.974692046388869,1,MULTIPLE_AMBIGUOUS
H50,A,T3,T3,1,0.999117844824787,1,MULTIPLE_AMBIGUOUS
H50,A,T3,T4_NEAR_T3,3,0.999117962782244,1,MULTIPLE_AMBIGUOUS
H50,A,T3,T5,2,0.999117844824789,1,MULTIPLE_AMBIGUOUS
H50,B,T3,T3,2,0.981755049269543,1,MULTIPLE_AMBIGUOUS
H50,B,T3,T4_NEAR_T3,3,0.981755226452503,1,MULTIPLE_AMBIGUOUS
H50,B,T3,T5,1,0.981755049269542,1,MULTIPLE_AMBIGUOUS
H50,C_control,T3,T3,2,0.981755049269543,1,MULTIPLE_AMBIGUOUS
H50,C_control,T3,T4_NEAR_T3,3,0.981755226452503,1,MULTIPLE_AMBIGUOUS
H50,C_control,T3,T5,1,0.981755049269542,1,MULTIPLE_AMBIGUOUS
H50,A,T3,T3,1,1.00830199165379,1,MULTIPLE_AMBIGUOUS
H50,A,T3,T4_NEAR_T3,3,1.00830202833325,1,MULTIPLE_AMBIGUOUS
H50,A,T3,T5,2,1.0083019916538,1,MULTIPLE_AMBIGUOUS
H50,B,T3,T3,2,1.01047696668035,1,MULTIPLE_AMBIGUOUS
H50,B,T3,T4_NEAR_T3,3,1.01047712443102,1,MULTIPLE_AMBIGUOUS
H50,B,T3,T5,1,1.01047696668035,1,MULTIPLE_AMBIGUOUS
H50,C_control,T3,T3,2,1.01047696668035,1,MULTIPLE_AMBIGUOUS
H50,C_control,T3,T4_NEAR_T3,3,1.01047712443102,1,MULTIPLE_AMBIGUOUS
H50,C_control,T3,T5,1,1.01047696668035,1,MULTIPLE_AMBIGUOUS
H50,A,T3,T3,2,0.999898653374123,1,MULTIPLE_AMBIGUOUS
H50,A,T3,T4_NEAR_T3,1,0.999898552140218,1,MULTIPLE_AMBIGUOUS
H50,A,T3,T5,3,0.999898653374123,1,MULTIPLE_AMBIGUOUS
H50,B,T3,T3,2,0.973572192667674,1,MULTIPLE_AMBIGUOUS
H50,B,T3,T4_NEAR_T3,1,0.973571963906643,1,MULTIPLE_AMBIGUOUS
H50,B,T3,T5,3,0.973572192667675,1,MULTIPLE_AMBIGUOUS
H50,C_control,T3,T3,2,0.973572192667674,1,MULTIPLE_AMBIGUOUS
H50,C_control,T3,T4_NEAR_T3,1,0.973571963906643,1,MULTIPLE_AMBIGUOUS
H50,C_control,T3,T5,3,0.973572192667675,1,MULTIPLE_AMBIGUOUS
H50,A,T3,T3,2,0.917682125185774,1,MULTIPLE_AMBIGUOUS
H50,A,T3,T4_NEAR_T3,1,0.917682093702824,1,MULTIPLE_AMBIGUOUS
H50,A,T3,T5,3,0.917682125185776,1,MULTIPLE_AMBIGUOUS
H50,B,T3,T3,3,0.90051303188784,1,MULTIPLE_AMBIGUOUS
H50,B,T3,T4_NEAR_T3,1,0.900512979822591,1,MULTIPLE_AMBIGUOUS
H50,B,T3,T5,2,0.900513031887839,1,MULTIPLE_AMBIGUOUS
H50,C_control,T3,T3,3,0.90051303188784,1,MULTIPLE_AMBIGUOUS
H50,C_control,T3,T4_NEAR_T3,1,0.900512979822591,1,MULTIPLE_AMBIGUOUS
H50,C_control,T3,T5,2,0.900513031887839,1,MULTIPLE_AMBIGUOUS
H50,A,T3,T3,3,0.986763742307802,1,MULTIPLE_AMBIGUOUS
H50,A,T3,T4_NEAR_T3,1,0.986763672030838,1,MULTIPLE_AMBIGUOUS
H50,A,T3,T5,2,0.986763742307801,1,MULTIPLE_AMBIGUOUS
H50,B,T3,T3,3,1.03605660771073,1,MULTIPLE_AMBIGUOUS
H50,B,T3,T4_NEAR_T3,1,1.03605638988876,1,MULTIPLE_AMBIGUOUS
H50,B,T3,T5,2,1.03605660771073,1,MULTIPLE_AMBIGUOUS
H50,C_control,T3,T3,3,1.03605660771073,1,MULTIPLE_AMBIGUOUS
H50,C_control,T3,T4_NEAR_T3,1,1.03605638988876,1,MULTIPLE_AMBIGUOUS
H50,C_control,T3,T5,2,1.03605660771073,1,MULTIPLE_AMBIGUOUS
H50,A,T3,T3,2,0.974444177351655,1,MULTIPLE_AMBIGUOUS
H50,A,T3,T4_NEAR_T3,1,0.974443989000664,1,MULTIPLE_AMBIGUOUS
H50,A,T3,T5,3,0.974444177351655,1,MULTIPLE_AMBIGUOUS
H50,B,T3,T3,3,0.934866291904006,1,MULTIPLE_AMBIGUOUS
H50,B,T3,T4_NEAR_T3,1,0.934866150971164,1,MULTIPLE_AMBIGUOUS
H50,B,T3,T5,2,0.934866291904005,1,MULTIPLE_AMBIGUOUS
H50,C_control,T3,T3,3,0.934866291904006,1,MULTIPLE_AMBIGUOUS
H50,C_control,T3,T4_NEAR_T3,1,0.934866150971164,1,MULTIPLE_AMBIGUOUS
H50,C_control,T3,T5,2,0.934866291904005,1,MULTIPLE_AMBIGUOUS
H50,A,T3,T3,1,0.950259672546871,1,MULTIPLE_AMBIGUOUS
H50,A,T3,T4_NEAR_T3,3,0.950259798544857,1,MULTIPLE_AMBIGUOUS
H50,A,T3,T5,2,0.950259672546871,1,MULTIPLE_AMBIGUOUS
H50,B,T3,T3,1,0.883028709983147,1,MULTIPLE_AMBIGUOUS
H50,B,T3,T4_NEAR_T3,3,0.883028829674697,1,MULTIPLE_AMBIGUOUS
H50,B,T3,T5,1,0.883028709983147,1,MULTIPLE_AMBIGUOUS
H50,C_control,T3,T3,1,0.883028709983147,1,MULTIPLE_AMBIGUOUS
H50,C_control,T3,T4_NEAR_T3,3,0.883028829674697,1,MULTIPLE_AMBIGUOUS
H50,C_control,T3,T5,1,0.883028709983147,1,MULTIPLE_AMBIGUOUS
H50,A,T3,T3,2,0.922629668082556,1,MULTIPLE_AMBIGUOUS
H50,A,T3,T4_NEAR_T3,1,0.922629577546833,1,MULTIPLE_AMBIGUOUS
H50,A,T3,T5,3,0.922629668082556,1,MULTIPLE_AMBIGUOUS
H50,B,T3,T3,3,0.917844272849056,1,MULTIPLE_AMBIGUOUS
H50,B,T3,T4_NEAR_T3,1,0.917844113041093,1,MULTIPLE_AMBIGUOUS
H50,B,T3,T5,2,0.917844272849054,1,MULTIPLE_AMBIGUOUS
H50,C_control,T3,T3,3,0.917844272849056,1,MULTIPLE_AMBIGUOUS
H50,C_control,T3,T4_NEAR_T3,1,0.917844113041093,1,MULTIPLE_AMBIGUOUS
H50,C_control,T3,T5,2,0.917844272849054,1,MULTIPLE_AMBIGUOUS
H50,A,T3,T3,2,1.10588521796712,1,MULTIPLE_AMBIGUOUS
H50,A,T3,T4_NEAR_T3,1,1.10588521629253,0,MULTIPLE_AMBIGUOUS
H50,A,T3,T5,3,1.10588521796713,1,MULTIPLE_AMBIGUOUS
H50,B,T3,T3,2,1.20557831716059,1,MULTIPLE_AMBIGUOUS
H50,B,T3,T4_NEAR_T3,3,1.20557851888631,1,MULTIPLE_AMBIGUOUS
H50,B,T3,T5,1,1.20557831716059,1,MULTIPLE_AMBIGUOUS
H50,C_control,T3,T3,2,1.20557831716059,1,MULTIPLE_AMBIGUOUS
H50,C_control,T3,T4_NEAR_T3,3,1.20557851888631,1,MULTIPLE_AMBIGUOUS
H50,C_control,T3,T5,1,1.20557831716059,1,MULTIPLE_AMBIGUOUS
H50,A,T3,T3,2,0.848822107523677,1,MULTIPLE_AMBIGUOUS
H50,A,T3,T4_NEAR_T3,1,0.848821892497876,1,MULTIPLE_AMBIGUOUS
H50,A,T3,T5,3,0.848822107523679,1,MULTIPLE_AMBIGUOUS
H50,B,T3,T3,3,0.863039388262087,1,MULTIPLE_AMBIGUOUS
H50,B,T3,T4_NEAR_T3,1,0.863039079321699,1,MULTIPLE_AMBIGUOUS
H50,B,T3,T5,2,0.863039388262085,1,MULTIPLE_AMBIGUOUS
H50,C_control,T3,T3,3,0.863039388262087,1,MULTIPLE_AMBIGUOUS
H50,C_control,T3,T4_NEAR_T3,1,0.863039079321699,1,MULTIPLE_AMBIGUOUS
H50,C_control,T3,T5,2,0.863039388262085,1,MULTIPLE_AMBIGUOUS
H50,A,T3,T3,1,1.05265528484894,1,MULTIPLE_AMBIGUOUS
H50,A,T3,T4_NEAR_T3,3,1.05265541115242,1,MULTIPLE_AMBIGUOUS
H50,A,T3,T5,2,1.05265528484895,1,MULTIPLE_AMBIGUOUS
H50,B,T3,T3,1,1.0709745025773,1,MULTIPLE_AMBIGUOUS
H50,B,T3,T4_NEAR_T3,3,1.07097468527458,1,MULTIPLE_AMBIGUOUS
H50,B,T3,T5,2,1.0709745025773,1,MULTIPLE_AMBIGUOUS
H50,C_control,T3,T3,1,1.0709745025773,1,MULTIPLE_AMBIGUOUS
H50,C_control,T3,T4_NEAR_T3,3,1.07097468527458,1,MULTIPLE_AMBIGUOUS
H50,C_control,T3,T5,2,1.0709745025773,1,MULTIPLE_AMBIGUOUS
H50,A,T3,T3,2,0.962264405599679,1,MULTIPLE_AMBIGUOUS
H50,A,T3,T4_NEAR_T3,1,0.962264363952399,1,MULTIPLE_AMBIGUOUS
H50,A,T3,T5,3,0.962264405599685,1,MULTIPLE_AMBIGUOUS
H50,B,T3,T3,2,0.935885447084785,1,MULTIPLE_AMBIGUOUS
H50,B,T3,T4_NEAR_T3,3,0.935885454659821,1,MULTIPLE_AMBIGUOUS
H50,B,T3,T5,1,0.935885447084784,1,MULTIPLE_AMBIGUOUS
H50,C_control,T3,T3,2,0.935885447084785,1,MULTIPLE_AMBIGUOUS
H50,C_control,T3,T4_NEAR_T3,3,0.935885454659821,1,MULTIPLE_AMBIGUOUS
H50,C_control,T3,T5,1,0.935885447084784,1,MULTIPLE_AMBIGUOUS
H50,A,T3,T3,2,0.959303924489221,1,MULTIPLE_AMBIGUOUS
H50,A,T3,T4_NEAR_T3,1,0.959303646052018,1,MULTIPLE_AMBIGUOUS
H50,A,T3,T5,3,0.959303924489224,1,MULTIPLE_AMBIGUOUS
H50,B,T3,T3,2,0.978294873738923,1,MULTIPLE_AMBIGUOUS
H50,B,T3,T4_NEAR_T3,1,0.978294647762302,1,MULTIPLE_AMBIGUOUS
H50,B,T3,T5,3,0.978294873738924,1,MULTIPLE_AMBIGUOUS
H50,C_control,T3,T3,2,0.978294873738923,1,MULTIPLE_AMBIGUOUS
H50,C_control,T3,T4_NEAR_T3,1,0.978294647762302,1,MULTIPLE_AMBIGUOUS
H50,C_control,T3,T5,3,0.978294873738924,1,MULTIPLE_AMBIGUOUS
H50,A,T3,T3,2,1.13185269288715,1,REJECTED
H50,A,T3,T4_NEAR_T3,1,1.13185258451208,0,REJECTED
H50,A,T3,T5,3,1.13185269288715,1,REJECTED
H50,B,T3,T3,2,1.04846682946739,1,REJECTED
H50,B,T3,T4_NEAR_T3,3,1.04846691904501,1,REJECTED
H50,B,T3,T5,1,1.04846682946739,1,REJECTED
H50,C_control,T3,T3,2,1.04846682946739,1,REJECTED
H50,C_control,T3,T4_NEAR_T3,3,1.04846691904501,1,REJECTED
H50,C_control,T3,T5,1,1.04846682946739,1,REJECTED
H50,A,T3,T3,3,0.908708101413047,1,MULTIPLE_AMBIGUOUS
H50,A,T3,T4_NEAR_T3,1,0.908707830252618,1,MULTIPLE_AMBIGUOUS
H50,A,T3,T5,2,0.908708101413047,1,MULTIPLE_AMBIGUOUS
H50,B,T3,T3,2,0.905705556125989,0,LOW_CONFIDENCE
H50,B,T3,T4_NEAR_T3,1,0.905705163262403,1,LOW_CONFIDENCE
H50,B,T3,T5,2,0.905705556125989,0,LOW_CONFIDENCE
H50,C_control,T3,T3,2,0.905705556125989,0,LOW_CONFIDENCE
H50,C_control,T3,T4_NEAR_T3,1,0.905705163262403,1,LOW_CONFIDENCE
H50,C_control,T3,T5,2,0.905705556125989,0,LOW_CONFIDENCE
H50,A,T3,T3,2,1.20174595279721,0,REJECTED
H50,A,T3,T4_NEAR_T3,1,1.2017459059312,0,REJECTED
H50,A,T3,T5,3,1.20174595279721,0,REJECTED
H50,B,T3,T3,3,1.1460332141857,1,REJECTED
H50,B,T3,T4_NEAR_T3,1,1.14603312201301,1,REJECTED
H50,B,T3,T5,2,1.14603321418569,1,REJECTED
H50,C_control,T3,T3,3,1.1460332141857,1,REJECTED
H50,C_control,T3,T4_NEAR_T3,1,1.14603312201301,1,REJECTED
H50,C_control,T3,T5,2,1.14603321418569,1,REJECTED
H50,A,T3,T3,3,1.04033667501565,1,MULTIPLE_AMBIGUOUS
H50,A,T3,T4_NEAR_T3,1,1.04033654011644,1,MULTIPLE_AMBIGUOUS
H50,A,T3,T5,2,1.04033667501565,1,MULTIPLE_AMBIGUOUS
H50,B,T3,T3,2,1.09636440919604,1,MULTIPLE_AMBIGUOUS
H50,B,T3,T4_NEAR_T3,1,1.09636417005372,1,MULTIPLE_AMBIGUOUS
H50,B,T3,T5,3,1.09636440919604,1,MULTIPLE_AMBIGUOUS
H50,C_control,T3,T3,2,1.09636440919604,1,MULTIPLE_AMBIGUOUS
H50,C_control,T3,T4_NEAR_T3,1,1.09636417005372,1,MULTIPLE_AMBIGUOUS
H50,C_control,T3,T5,3,1.09636440919604,1,MULTIPLE_AMBIGUOUS
H50,A,T3,T3,3,1.03909723412859,1,MULTIPLE_AMBIGUOUS
H50,A,T3,T4_NEAR_T3,1,1.03909708252445,1,MULTIPLE_AMBIGUOUS
H50,A,T3,T5,2,1.03909723412858,1,MULTIPLE_AMBIGUOUS
H50,B,T3,T3,3,1.04434761986971,1,MULTIPLE_AMBIGUOUS
H50,B,T3,T4_NEAR_T3,1,1.04434745828617,1,MULTIPLE_AMBIGUOUS
H50,B,T3,T5,2,1.0443476198697,1,MULTIPLE_AMBIGUOUS
H50,C_control,T3,T3,3,1.04434761986971,1,MULTIPLE_AMBIGUOUS
H50,C_control,T3,T4_NEAR_T3,1,1.04434745828617,1,MULTIPLE_AMBIGUOUS
H50,C_control,T3,T5,2,1.0443476198697,1,MULTIPLE_AMBIGUOUS
H50,A,T3,T3,3,0.986024929974671,1,MULTIPLE_AMBIGUOUS
H50,A,T3,T4_NEAR_T3,1,0.986024698755689,1,MULTIPLE_AMBIGUOUS
H50,A,T3,T5,2,0.986024929974666,1,MULTIPLE_AMBIGUOUS
H50,B,T3,T3,2,1.01864245720768,0,LOW_CONFIDENCE
H50,B,T3,T4_NEAR_T3,1,1.01864212968754,1,LOW_CONFIDENCE
H50,B,T3,T5,3,1.01864245720769,0,LOW_CONFIDENCE
H50,C_control,T3,T3,2,1.01864245720768,0,LOW_CONFIDENCE
H50,C_control,T3,T4_NEAR_T3,1,1.01864212968754,1,LOW_CONFIDENCE
H50,C_control,T3,T5,3,1.01864245720769,0,LOW_CONFIDENCE
H50,A,T3,T3,2,1.02470310888535,1,MULTIPLE_AMBIGUOUS
H50,A,T3,T4_NEAR_T3,1,1.0247030351974,1,MULTIPLE_AMBIGUOUS
H50,A,T3,T5,3,1.02470310888535,1,MULTIPLE_AMBIGUOUS
H50,B,T3,T3,2,0.984335374939582,1,MULTIPLE_AMBIGUOUS
H50,B,T3,T4_NEAR_T3,1,0.984335241790879,1,MULTIPLE_AMBIGUOUS
H50,B,T3,T5,3,0.984335374939586,1,MULTIPLE_AMBIGUOUS
H50,C_control,T3,T3,2,0.984335374939582,1,MULTIPLE_AMBIGUOUS
H50,C_control,T3,T4_NEAR_T3,1,0.984335241790879,1,MULTIPLE_AMBIGUOUS
H50,C_control,T3,T5,3,0.984335374939586,1,MULTIPLE_AMBIGUOUS
H50,A,T3,T3,2,1.02518650569876,1,MULTIPLE_AMBIGUOUS
H50,A,T3,T4_NEAR_T3,1,1.02518627025521,1,MULTIPLE_AMBIGUOUS
H50,A,T3,T5,3,1.02518650569876,1,MULTIPLE_AMBIGUOUS
H50,B,T3,T3,2,1.03704146865339,0,LOW_CONFIDENCE
H50,B,T3,T4_NEAR_T3,1,1.03704111186714,1,LOW_CONFIDENCE
H50,B,T3,T5,3,1.03704146865339,0,LOW_CONFIDENCE
H50,C_control,T3,T3,2,1.03704146865339,0,LOW_CONFIDENCE
H50,C_control,T3,T4_NEAR_T3,1,1.03704111186714,1,LOW_CONFIDENCE
H50,C_control,T3,T5,3,1.03704146865339,0,LOW_CONFIDENCE
H50,A,T3,T3,2,1.04838159343179,1,MULTIPLE_AMBIGUOUS
H50,A,T3,T4_NEAR_T3,1,1.04838159130745,1,MULTIPLE_AMBIGUOUS
H50,A,T3,T5,3,1.04838159343179,1,MULTIPLE_AMBIGUOUS
H50,B,T3,T3,1,1.05976710747255,1,MULTIPLE_AMBIGUOUS
H50,B,T3,T4_NEAR_T3,3,1.0597671542917,1,MULTIPLE_AMBIGUOUS
H50,B,T3,T5,2,1.05976710747255,1,MULTIPLE_AMBIGUOUS
H50,C_control,T3,T3,1,1.05976710747255,1,MULTIPLE_AMBIGUOUS
H50,C_control,T3,T4_NEAR_T3,3,1.0597671542917,1,MULTIPLE_AMBIGUOUS
H50,C_control,T3,T5,2,1.05976710747255,1,MULTIPLE_AMBIGUOUS
H50,A,T3,T3,2,0.982561014030858,1,MULTIPLE_AMBIGUOUS
H50,A,T3,T4_NEAR_T3,3,0.982561018831829,1,MULTIPLE_AMBIGUOUS
H50,A,T3,T5,1,0.982561014030858,1,MULTIPLE_AMBIGUOUS
H50,B,T3,T3,3,0.912395962813204,1,MULTIPLE_AMBIGUOUS
H50,B,T3,T4_NEAR_T3,1,0.91239593783461,1,MULTIPLE_AMBIGUOUS
H50,B,T3,T5,2,0.912395962813204,1,MULTIPLE_AMBIGUOUS
H50,C_control,T3,T3,3,0.912395962813204,1,MULTIPLE_AMBIGUOUS
H50,C_control,T3,T4_NEAR_T3,1,0.91239593783461,1,MULTIPLE_AMBIGUOUS
H50,C_control,T3,T5,2,0.912395962813204,1,MULTIPLE_AMBIGUOUS
H50,A,T3,T3,3,1.15021218870011,0,REJECTED
H50,A,T3,T4_NEAR_T3,1,1.15021213851919,0,REJECTED
H50,A,T3,T5,2,1.15021218870011,1,REJECTED
H50,B,T3,T3,1,1.11629265714186,1,REJECTED
H50,B,T3,T4_NEAR_T3,3,1.11629271250116,1,REJECTED
H50,B,T3,T5,2,1.11629265714186,1,REJECTED
H50,C_control,T3,T3,1,1.11629265714186,1,REJECTED
H50,C_control,T3,T4_NEAR_T3,3,1.11629271250116,1,REJECTED
H50,C_control,T3,T5,2,1.11629265714186,1,REJECTED
H50,A,T3,T3,3,0.996520598492284,1,MULTIPLE_AMBIGUOUS
H50,A,T3,T4_NEAR_T3,1,0.996520542170734,1,MULTIPLE_AMBIGUOUS
H50,A,T3,T5,2,0.996520598492284,1,MULTIPLE_AMBIGUOUS
H50,B,T3,T3,3,1.09181128551092,1,MULTIPLE_AMBIGUOUS
H50,B,T3,T4_NEAR_T3,1,1.09181126588828,1,MULTIPLE_AMBIGUOUS
H50,B,T3,T5,2,1.09181128551092,1,MULTIPLE_AMBIGUOUS
H50,C_control,T3,T3,3,1.09181128551092,1,MULTIPLE_AMBIGUOUS
H50,C_control,T3,T4_NEAR_T3,1,1.09181126588828,1,MULTIPLE_AMBIGUOUS
H50,C_control,T3,T5,2,1.09181128551092,1,MULTIPLE_AMBIGUOUS
H50,A,T3,T3,2,1.02275708508179,1,MULTIPLE_AMBIGUOUS
H50,A,T3,T4_NEAR_T3,1,1.02275704146729,1,MULTIPLE_AMBIGUOUS
H50,A,T3,T5,3,1.02275708508179,1,MULTIPLE_AMBIGUOUS
H50,B,T3,T3,2,1.02599250791497,1,MULTIPLE_AMBIGUOUS
H50,B,T3,T4_NEAR_T3,1,1.02599240051985,1,MULTIPLE_AMBIGUOUS
H50,B,T3,T5,2,1.02599250791497,1,MULTIPLE_AMBIGUOUS
H50,C_control,T3,T3,2,1.02599250791497,1,MULTIPLE_AMBIGUOUS
H50,C_control,T3,T4_NEAR_T3,1,1.02599240051985,1,MULTIPLE_AMBIGUOUS
H50,C_control,T3,T5,2,1.02599250791497,1,MULTIPLE_AMBIGUOUS
H50,A,T3,T3,3,1.08543179012496,1,MULTIPLE_AMBIGUOUS
H50,A,T3,T4_NEAR_T3,1,1.08543159099576,1,MULTIPLE_AMBIGUOUS
H50,A,T3,T5,2,1.08543179012496,1,MULTIPLE_AMBIGUOUS
H50,B,T3,T3,3,1.10787016771081,1,MULTIPLE_AMBIGUOUS
H50,B,T3,T4_NEAR_T3,1,1.10786995825866,1,MULTIPLE_AMBIGUOUS
H50,B,T3,T5,2,1.10787016771081,1,MULTIPLE_AMBIGUOUS
H50,C_control,T3,T3,3,1.10787016771081,1,MULTIPLE_AMBIGUOUS
H50,C_control,T3,T4_NEAR_T3,1,1.10786995825866,1,MULTIPLE_AMBIGUOUS
H50,C_control,T3,T5,2,1.10787016771081,1,MULTIPLE_AMBIGUOUS
H50,A,T3,T3,3,0.971152774677779,1,MULTIPLE_AMBIGUOUS
H50,A,T3,T4_NEAR_T3,1,0.971152584729399,1,MULTIPLE_AMBIGUOUS
H50,A,T3,T5,2,0.971152774677778,1,MULTIPLE_AMBIGUOUS
H50,B,T3,T3,2,0.888344854909932,1,MULTIPLE_AMBIGUOUS
H50,B,T3,T4_NEAR_T3,1,0.888344720983123,1,MULTIPLE_AMBIGUOUS
H50,B,T3,T5,2,0.888344854909932,1,MULTIPLE_AMBIGUOUS
H50,C_control,T3,T3,2,0.888344854909932,1,MULTIPLE_AMBIGUOUS
H50,C_control,T3,T4_NEAR_T3,1,0.888344720983123,1,MULTIPLE_AMBIGUOUS
H50,C_control,T3,T5,2,0.888344854909932,1,MULTIPLE_AMBIGUOUS
H50,A,T3,T3,3,0.935405756509074,1,MULTIPLE_AMBIGUOUS
H50,A,T3,T4_NEAR_T3,1,0.935405605062921,1,MULTIPLE_AMBIGUOUS
H50,A,T3,T5,2,0.935405756509069,1,MULTIPLE_AMBIGUOUS
H50,B,T3,T3,3,0.961277711329188,1,MULTIPLE_AMBIGUOUS
H50,B,T3,T4_NEAR_T3,1,0.961277691840336,1,MULTIPLE_AMBIGUOUS
H50,B,T3,T5,2,0.961277711329188,1,MULTIPLE_AMBIGUOUS
H50,C_control,T3,T3,3,0.961277711329188,1,MULTIPLE_AMBIGUOUS
H50,C_control,T3,T4_NEAR_T3,1,0.961277691840336,1,MULTIPLE_AMBIGUOUS
H50,C_control,T3,T5,2,0.961277711329188,1,MULTIPLE_AMBIGUOUS
H50,A,T4_NEAR_T3,T3,2,0.959143140534717,1,MULTIPLE_AMBIGUOUS
H50,A,T4_NEAR_T3,T4_NEAR_T3,3,0.959143301594781,1,MULTIPLE_AMBIGUOUS
H50,A,T4_NEAR_T3,T5,1,0.959143140534715,1,MULTIPLE_AMBIGUOUS
H50,B,T4_NEAR_T3,T3,2,0.931087946608672,1,MULTIPLE_AMBIGUOUS
H50,B,T4_NEAR_T3,T4_NEAR_T3,3,0.931088180428071,1,MULTIPLE_AMBIGUOUS
H50,B,T4_NEAR_T3,T5,1,0.931087946608672,1,MULTIPLE_AMBIGUOUS
H50,C_control,T4_NEAR_T3,T3,2,0.931087946608672,1,MULTIPLE_AMBIGUOUS
H50,C_control,T4_NEAR_T3,T4_NEAR_T3,3,0.931088180428071,1,MULTIPLE_AMBIGUOUS
H50,C_control,T4_NEAR_T3,T5,1,0.931087946608672,1,MULTIPLE_AMBIGUOUS
H50,A,T4_NEAR_T3,T3,2,1.02749521906569,1,MULTIPLE_AMBIGUOUS
H50,A,T4_NEAR_T3,T4_NEAR_T3,3,1.02749542894587,1,MULTIPLE_AMBIGUOUS
H50,A,T4_NEAR_T3,T5,1,1.02749521906569,1,MULTIPLE_AMBIGUOUS
H50,B,T4_NEAR_T3,T3,1,0.946626679994202,1,MULTIPLE_AMBIGUOUS
H50,B,T4_NEAR_T3,T4_NEAR_T3,3,0.94662698327775,1,MULTIPLE_AMBIGUOUS
H50,B,T4_NEAR_T3,T5,2,0.946626679994205,1,MULTIPLE_AMBIGUOUS
H50,C_control,T4_NEAR_T3,T3,1,0.946626679994202,1,MULTIPLE_AMBIGUOUS
H50,C_control,T4_NEAR_T3,T4_NEAR_T3,3,0.94662698327775,1,MULTIPLE_AMBIGUOUS
H50,C_control,T4_NEAR_T3,T5,2,0.946626679994205,1,MULTIPLE_AMBIGUOUS
H50,A,T4_NEAR_T3,T3,1,1.05817594177727,1,MULTIPLE_AMBIGUOUS
H50,A,T4_NEAR_T3,T4_NEAR_T3,3,1.05817628431156,1,MULTIPLE_AMBIGUOUS
H50,A,T4_NEAR_T3,T5,2,1.05817594177727,1,MULTIPLE_AMBIGUOUS
H50,B,T4_NEAR_T3,T3,2,0.946821181184308,1,REJECTED
H50,B,T4_NEAR_T3,T4_NEAR_T3,3,0.946821517651632,0,REJECTED
H50,B,T4_NEAR_T3,T5,1,0.946821181184307,1,REJECTED
H50,C_control,T4_NEAR_T3,T3,2,0.946821181184308,1,REJECTED
H50,C_control,T4_NEAR_T3,T4_NEAR_T3,3,0.946821517651632,0,REJECTED
H50,C_control,T4_NEAR_T3,T5,1,0.946821181184307,1,REJECTED
H50,A,T4_NEAR_T3,T3,2,1.1560018907461,0,REJECTED
H50,A,T4_NEAR_T3,T4_NEAR_T3,1,1.15600189030047,0,REJECTED
H50,A,T4_NEAR_T3,T5,3,1.15600189074611,1,REJECTED
H50,B,T4_NEAR_T3,T3,3,1.19900282165976,1,MULTIPLE_AMBIGUOUS
H50,B,T4_NEAR_T3,T4_NEAR_T3,1,1.19900273900886,1,MULTIPLE_AMBIGUOUS
H50,B,T4_NEAR_T3,T5,2,1.19900282165976,1,MULTIPLE_AMBIGUOUS
H50,C_control,T4_NEAR_T3,T3,3,1.19900282165976,1,MULTIPLE_AMBIGUOUS
H50,C_control,T4_NEAR_T3,T4_NEAR_T3,1,1.19900273900886,1,MULTIPLE_AMBIGUOUS
H50,C_control,T4_NEAR_T3,T5,2,1.19900282165976,1,MULTIPLE_AMBIGUOUS
H50,A,T4_NEAR_T3,T3,1,0.949607373568154,1,MULTIPLE_AMBIGUOUS
H50,A,T4_NEAR_T3,T4_NEAR_T3,3,0.949607439289924,1,MULTIPLE_AMBIGUOUS
H50,A,T4_NEAR_T3,T5,2,0.949607373568154,1,MULTIPLE_AMBIGUOUS
H50,B,T4_NEAR_T3,T3,1,0.929088726509811,1,MULTIPLE_AMBIGUOUS
H50,B,T4_NEAR_T3,T4_NEAR_T3,3,0.929088773111035,1,MULTIPLE_AMBIGUOUS
H50,B,T4_NEAR_T3,T5,2,0.929088726509818,1,MULTIPLE_AMBIGUOUS
H50,C_control,T4_NEAR_T3,T3,1,0.929088726509811,1,MULTIPLE_AMBIGUOUS
H50,C_control,T4_NEAR_T3,T4_NEAR_T3,3,0.929088773111035,1,MULTIPLE_AMBIGUOUS
H50,C_control,T4_NEAR_T3,T5,2,0.929088726509818,1,MULTIPLE_AMBIGUOUS
H50,A,T4_NEAR_T3,T3,2,1.05250943249532,1,MULTIPLE_AMBIGUOUS
H50,A,T4_NEAR_T3,T4_NEAR_T3,3,1.05250950645445,1,MULTIPLE_AMBIGUOUS
H50,A,T4_NEAR_T3,T5,1,1.05250943249532,1,MULTIPLE_AMBIGUOUS
H50,B,T4_NEAR_T3,T3,2,0.983839061872773,1,MULTIPLE_AMBIGUOUS
H50,B,T4_NEAR_T3,T4_NEAR_T3,3,0.983839086709968,1,MULTIPLE_AMBIGUOUS
H50,B,T4_NEAR_T3,T5,1,0.983839061872772,1,MULTIPLE_AMBIGUOUS
H50,C_control,T4_NEAR_T3,T3,2,0.983839061872773,1,MULTIPLE_AMBIGUOUS
H50,C_control,T4_NEAR_T3,T4_NEAR_T3,3,0.983839086709968,1,MULTIPLE_AMBIGUOUS
H50,C_control,T4_NEAR_T3,T5,1,0.983839061872772,1,MULTIPLE_AMBIGUOUS
H50,A,T4_NEAR_T3,T3,2,1.04884069998327,1,MULTIPLE_AMBIGUOUS
H50,A,T4_NEAR_T3,T4_NEAR_T3,3,1.04884072703911,1,MULTIPLE_AMBIGUOUS
H50,A,T4_NEAR_T3,T5,1,1.04884069998327,1,MULTIPLE_AMBIGUOUS
H50,B,T4_NEAR_T3,T3,2,1.0417290237916,1,MULTIPLE_AMBIGUOUS
H50,B,T4_NEAR_T3,T4_NEAR_T3,3,1.04172912558442,1,MULTIPLE_AMBIGUOUS
H50,B,T4_NEAR_T3,T5,1,1.0417290237916,1,MULTIPLE_AMBIGUOUS
H50,C_control,T4_NEAR_T3,T3,2,1.0417290237916,1,MULTIPLE_AMBIGUOUS
H50,C_control,T4_NEAR_T3,T4_NEAR_T3,3,1.04172912558442,1,MULTIPLE_AMBIGUOUS
H50,C_control,T4_NEAR_T3,T5,1,1.0417290237916,1,MULTIPLE_AMBIGUOUS
H50,A,T4_NEAR_T3,T3,3,0.898421624889646,1,MULTIPLE_AMBIGUOUS
H50,A,T4_NEAR_T3,T4_NEAR_T3,1,0.898421527746675,1,MULTIPLE_AMBIGUOUS
H50,A,T4_NEAR_T3,T5,2,0.898421624889646,1,MULTIPLE_AMBIGUOUS
H50,B,T4_NEAR_T3,T3,1,0.92852248119964,1,MULTIPLE_AMBIGUOUS
H50,B,T4_NEAR_T3,T4_NEAR_T3,3,0.928522497711155,1,MULTIPLE_AMBIGUOUS
H50,B,T4_NEAR_T3,T5,2,0.928522481199641,1,MULTIPLE_AMBIGUOUS
H50,C_control,T4_NEAR_T3,T3,1,0.92852248119964,1,MULTIPLE_AMBIGUOUS
H50,C_control,T4_NEAR_T3,T4_NEAR_T3,3,0.928522497711155,1,MULTIPLE_AMBIGUOUS
H50,C_control,T4_NEAR_T3,T5,2,0.928522481199641,1,MULTIPLE_AMBIGUOUS
H50,A,T4_NEAR_T3,T3,2,0.900741011020391,1,MULTIPLE_AMBIGUOUS
H50,A,T4_NEAR_T3,T4_NEAR_T3,1,0.900740829456779,1,MULTIPLE_AMBIGUOUS
H50,A,T4_NEAR_T3,T5,3,0.900741011020391,1,MULTIPLE_AMBIGUOUS
H50,B,T4_NEAR_T3,T3,3,0.930764943151001,1,MULTIPLE_AMBIGUOUS
H50,B,T4_NEAR_T3,T4_NEAR_T3,1,0.930764767619178,1,MULTIPLE_AMBIGUOUS
H50,B,T4_NEAR_T3,T5,2,0.930764943150995,1,MULTIPLE_AMBIGUOUS
H50,C_control,T4_NEAR_T3,T3,3,0.930764943151001,1,MULTIPLE_AMBIGUOUS
H50,C_control,T4_NEAR_T3,T4_NEAR_T3,1,0.930764767619178,1,MULTIPLE_AMBIGUOUS
H50,C_control,T4_NEAR_T3,T5,2,0.930764943150995,1,MULTIPLE_AMBIGUOUS
H50,A,T4_NEAR_T3,T3,3,1.05357117126145,1,MULTIPLE_AMBIGUOUS
H50,A,T4_NEAR_T3,T4_NEAR_T3,1,1.05357109660759,1,MULTIPLE_AMBIGUOUS
H50,A,T4_NEAR_T3,T5,2,1.05357117126145,1,MULTIPLE_AMBIGUOUS
H50,B,T4_NEAR_T3,T3,3,1.08093122447949,1,MULTIPLE_AMBIGUOUS
H50,B,T4_NEAR_T3,T4_NEAR_T3,1,1.08093118523285,1,MULTIPLE_AMBIGUOUS
H50,B,T4_NEAR_T3,T5,2,1.08093122447949,1,MULTIPLE_AMBIGUOUS
H50,C_control,T4_NEAR_T3,T3,3,1.08093122447949,1,MULTIPLE_AMBIGUOUS
H50,C_control,T4_NEAR_T3,T4_NEAR_T3,1,1.08093118523285,1,MULTIPLE_AMBIGUOUS
H50,C_control,T4_NEAR_T3,T5,2,1.08093122447949,1,MULTIPLE_AMBIGUOUS
H50,A,T4_NEAR_T3,T3,2,1.03623252085105,1,MULTIPLE_AMBIGUOUS
H50,A,T4_NEAR_T3,T4_NEAR_T3,3,1.03623258376165,1,MULTIPLE_AMBIGUOUS
H50,A,T4_NEAR_T3,T5,1,1.03623252085105,1,MULTIPLE_AMBIGUOUS
H50,B,T4_NEAR_T3,T3,2,0.903177121662293,1,REJECTED
H50,B,T4_NEAR_T3,T4_NEAR_T3,1,0.903177111174552,1,REJECTED
H50,B,T4_NEAR_T3,T5,3,0.903177121662295,1,REJECTED
H50,C_control,T4_NEAR_T3,T3,2,0.903177121662293,1,REJECTED
H50,C_control,T4_NEAR_T3,T4_NEAR_T3,1,0.903177111174552,1,REJECTED
H50,C_control,T4_NEAR_T3,T5,3,0.903177121662295,1,REJECTED
H50,A,T4_NEAR_T3,T3,1,0.964889599705722,1,MULTIPLE_AMBIGUOUS
H50,A,T4_NEAR_T3,T4_NEAR_T3,3,0.964889756616093,1,MULTIPLE_AMBIGUOUS
H50,A,T4_NEAR_T3,T5,2,0.964889599705723,1,MULTIPLE_AMBIGUOUS
H50,B,T4_NEAR_T3,T3,1,0.92289042565393,1,MULTIPLE_AMBIGUOUS
H50,B,T4_NEAR_T3,T4_NEAR_T3,3,0.922890447934175,1,MULTIPLE_AMBIGUOUS
H50,B,T4_NEAR_T3,T5,2,0.922890425653931,1,MULTIPLE_AMBIGUOUS
H50,C_control,T4_NEAR_T3,T3,1,0.92289042565393,1,MULTIPLE_AMBIGUOUS
H50,C_control,T4_NEAR_T3,T4_NEAR_T3,3,0.922890447934175,1,MULTIPLE_AMBIGUOUS
H50,C_control,T4_NEAR_T3,T5,2,0.922890425653931,1,MULTIPLE_AMBIGUOUS
H50,A,T4_NEAR_T3,T3,3,0.961563085868183,1,MULTIPLE_AMBIGUOUS
H50,A,T4_NEAR_T3,T4_NEAR_T3,1,0.961563048011977,1,MULTIPLE_AMBIGUOUS
H50,A,T4_NEAR_T3,T5,2,0.961563085868183,1,MULTIPLE_AMBIGUOUS
H50,B,T4_NEAR_T3,T3,2,0.938757871115359,1,MULTIPLE_AMBIGUOUS
H50,B,T4_NEAR_T3,T4_NEAR_T3,1,0.938757736794446,1,MULTIPLE_AMBIGUOUS
H50,B,T4_NEAR_T3,T5,3,0.93875787111536,1,MULTIPLE_AMBIGUOUS
H50,C_control,T4_NEAR_T3,T3,2,0.938757871115359,1,MULTIPLE_AMBIGUOUS
H50,C_control,T4_NEAR_T3,T4_NEAR_T3,1,0.938757736794446,1,MULTIPLE_AMBIGUOUS
H50,C_control,T4_NEAR_T3,T5,3,0.93875787111536,1,MULTIPLE_AMBIGUOUS
H50,A,T4_NEAR_T3,T3,1,1.05547340085453,1,MULTIPLE_AMBIGUOUS
H50,A,T4_NEAR_T3,T4_NEAR_T3,3,1.05547352249425,1,MULTIPLE_AMBIGUOUS
H50,A,T4_NEAR_T3,T5,2,1.05547340085453,1,MULTIPLE_AMBIGUOUS
H50,B,T4_NEAR_T3,T3,2,1.05933798406209,1,MULTIPLE_AMBIGUOUS
H50,B,T4_NEAR_T3,T4_NEAR_T3,3,1.05933805235959,1,MULTIPLE_AMBIGUOUS
H50,B,T4_NEAR_T3,T5,1,1.05933798406209,1,MULTIPLE_AMBIGUOUS
H50,C_control,T4_NEAR_T3,T3,2,1.05933798406209,1,MULTIPLE_AMBIGUOUS
H50,C_control,T4_NEAR_T3,T4_NEAR_T3,3,1.05933805235959,1,MULTIPLE_AMBIGUOUS
H50,C_control,T4_NEAR_T3,T5,1,1.05933798406209,1,MULTIPLE_AMBIGUOUS
H50,A,T4_NEAR_T3,T3,3,1.01498559297355,1,MULTIPLE_AMBIGUOUS
H50,A,T4_NEAR_T3,T4_NEAR_T3,1,1.01498544700126,1,MULTIPLE_AMBIGUOUS
H50,A,T4_NEAR_T3,T5,2,1.01498559297355,1,MULTIPLE_AMBIGUOUS
H50,B,T4_NEAR_T3,T3,1,0.988277504175532,1,MULTIPLE_AMBIGUOUS
H50,B,T4_NEAR_T3,T4_NEAR_T3,3,0.988277516489429,1,MULTIPLE_AMBIGUOUS
H50,B,T4_NEAR_T3,T5,2,0.988277504175535,1,MULTIPLE_AMBIGUOUS
H50,C_control,T4_NEAR_T3,T3,1,0.988277504175532,1,MULTIPLE_AMBIGUOUS
H50,C_control,T4_NEAR_T3,T4_NEAR_T3,3,0.988277516489429,1,MULTIPLE_AMBIGUOUS
H50,C_control,T4_NEAR_T3,T5,2,0.988277504175535,1,MULTIPLE_AMBIGUOUS
H50,A,T4_NEAR_T3,T3,2,0.930467200890023,1,MULTIPLE_AMBIGUOUS
H50,A,T4_NEAR_T3,T4_NEAR_T3,3,0.930467462227639,1,MULTIPLE_AMBIGUOUS
H50,A,T4_NEAR_T3,T5,1,0.930467200890022,1,MULTIPLE_AMBIGUOUS
H50,B,T4_NEAR_T3,T3,1,0.915386971920078,1,MULTIPLE_AMBIGUOUS
H50,B,T4_NEAR_T3,T4_NEAR_T3,3,0.915387266561535,1,MULTIPLE_AMBIGUOUS
H50,B,T4_NEAR_T3,T5,2,0.915386971920078,1,MULTIPLE_AMBIGUOUS
H50,C_control,T4_NEAR_T3,T3,1,0.915386971920078,1,MULTIPLE_AMBIGUOUS
H50,C_control,T4_NEAR_T3,T4_NEAR_T3,3,0.915387266561535,1,MULTIPLE_AMBIGUOUS
H50,C_control,T4_NEAR_T3,T5,2,0.915386971920078,1,MULTIPLE_AMBIGUOUS
H50,A,T4_NEAR_T3,T3,2,1.07349763466216,1,MULTIPLE_AMBIGUOUS
H50,A,T4_NEAR_T3,T4_NEAR_T3,1,1.07349755897182,1,MULTIPLE_AMBIGUOUS
H50,A,T4_NEAR_T3,T5,3,1.07349763466216,1,MULTIPLE_AMBIGUOUS
H50,B,T4_NEAR_T3,T3,3,1.05959383428537,1,MULTIPLE_AMBIGUOUS
H50,B,T4_NEAR_T3,T4_NEAR_T3,1,1.05959366910269,1,MULTIPLE_AMBIGUOUS
H50,B,T4_NEAR_T3,T5,2,1.05959383428537,1,MULTIPLE_AMBIGUOUS
H50,C_control,T4_NEAR_T3,T3,3,1.05959383428537,1,MULTIPLE_AMBIGUOUS
H50,C_control,T4_NEAR_T3,T4_NEAR_T3,1,1.05959366910269,1,MULTIPLE_AMBIGUOUS
H50,C_control,T4_NEAR_T3,T5,2,1.05959383428537,1,MULTIPLE_AMBIGUOUS
H50,A,T4_NEAR_T3,T3,3,0.90591846633398,1,MULTIPLE_AMBIGUOUS
H50,A,T4_NEAR_T3,T4_NEAR_T3,1,0.905918295283611,1,MULTIPLE_AMBIGUOUS
H50,A,T4_NEAR_T3,T5,2,0.905918466333978,1,MULTIPLE_AMBIGUOUS
H50,B,T4_NEAR_T3,T3,2,0.894386133884452,1,MULTIPLE_AMBIGUOUS
H50,B,T4_NEAR_T3,T4_NEAR_T3,1,0.894385942453106,1,MULTIPLE_AMBIGUOUS
H50,B,T4_NEAR_T3,T5,2,0.894386133884452,1,MULTIPLE_AMBIGUOUS
H50,C_control,T4_NEAR_T3,T3,2,0.894386133884452,1,MULTIPLE_AMBIGUOUS
H50,C_control,T4_NEAR_T3,T4_NEAR_T3,1,0.894385942453106,1,MULTIPLE_AMBIGUOUS
H50,C_control,T4_NEAR_T3,T5,2,0.894386133884452,1,MULTIPLE_AMBIGUOUS
H50,A,T4_NEAR_T3,T3,2,1.08789963000923,1,MULTIPLE_AMBIGUOUS
H50,A,T4_NEAR_T3,T4_NEAR_T3,1,1.08789959713499,1,MULTIPLE_AMBIGUOUS
H50,A,T4_NEAR_T3,T5,3,1.08789963000923,1,MULTIPLE_AMBIGUOUS
H50,B,T4_NEAR_T3,T3,1,1.04870062389664,1,MULTIPLE_AMBIGUOUS
H50,B,T4_NEAR_T3,T4_NEAR_T3,3,1.04870078256047,1,MULTIPLE_AMBIGUOUS
H50,B,T4_NEAR_T3,T5,2,1.04870062389664,1,MULTIPLE_AMBIGUOUS
H50,C_control,T4_NEAR_T3,T3,1,1.04870062389664,1,MULTIPLE_AMBIGUOUS
H50,C_control,T4_NEAR_T3,T4_NEAR_T3,3,1.04870078256047,1,MULTIPLE_AMBIGUOUS
H50,C_control,T4_NEAR_T3,T5,2,1.04870062389664,1,MULTIPLE_AMBIGUOUS
H50,A,T4_NEAR_T3,T3,2,1.03960636171418,1,MULTIPLE_AMBIGUOUS
H50,A,T4_NEAR_T3,T4_NEAR_T3,1,1.03960615078598,1,MULTIPLE_AMBIGUOUS
H50,A,T4_NEAR_T3,T5,3,1.03960636171418,1,MULTIPLE_AMBIGUOUS
H50,B,T4_NEAR_T3,T3,2,1.08546900316537,0,LOW_CONFIDENCE
H50,B,T4_NEAR_T3,T4_NEAR_T3,1,1.08546867664289,1,LOW_CONFIDENCE
H50,B,T4_NEAR_T3,T5,2,1.08546900316537,0,LOW_CONFIDENCE
H50,C_control,T4_NEAR_T3,T3,2,1.08546900316537,0,LOW_CONFIDENCE
H50,C_control,T4_NEAR_T3,T4_NEAR_T3,1,1.08546867664289,1,LOW_CONFIDENCE
H50,C_control,T4_NEAR_T3,T5,2,1.08546900316537,0,LOW_CONFIDENCE
H50,A,T4_NEAR_T3,T3,2,1.08364271670488,1,MULTIPLE_AMBIGUOUS
H50,A,T4_NEAR_T3,T4_NEAR_T3,3,1.08364285199742,1,MULTIPLE_AMBIGUOUS
H50,A,T4_NEAR_T3,T5,1,1.08364271670488,1,MULTIPLE_AMBIGUOUS
H50,B,T4_NEAR_T3,T3,1,0.976495961280184,1,REJECTED
H50,B,T4_NEAR_T3,T4_NEAR_T3,3,0.976496174469772,1,REJECTED
H50,B,T4_NEAR_T3,T5,2,0.976495961280184,1,REJECTED
H50,C_control,T4_NEAR_T3,T3,1,0.976495961280184,1,REJECTED
H50,C_control,T4_NEAR_T3,T4_NEAR_T3,3,0.976496174469772,1,REJECTED
H50,C_control,T4_NEAR_T3,T5,2,0.976495961280184,1,REJECTED
H50,A,T4_NEAR_T3,T3,3,1.03807899427662,1,MULTIPLE_AMBIGUOUS
H50,A,T4_NEAR_T3,T4_NEAR_T3,1,1.03807899263887,1,MULTIPLE_AMBIGUOUS
H50,A,T4_NEAR_T3,T5,2,1.03807899427661,1,MULTIPLE_AMBIGUOUS
H50,B,T4_NEAR_T3,T3,3,1.05374161798684,1,MULTIPLE_AMBIGUOUS
H50,B,T4_NEAR_T3,T4_NEAR_T3,1,1.05374156147348,1,MULTIPLE_AMBIGUOUS
H50,B,T4_NEAR_T3,T5,2,1.05374161798683,1,MULTIPLE_AMBIGUOUS
H50,C_control,T4_NEAR_T3,T3,3,1.05374161798684,1,MULTIPLE_AMBIGUOUS
H50,C_control,T4_NEAR_T3,T4_NEAR_T3,1,1.05374156147348,1,MULTIPLE_AMBIGUOUS
H50,C_control,T4_NEAR_T3,T5,2,1.05374161798683,1,MULTIPLE_AMBIGUOUS
H50,A,T4_NEAR_T3,T3,2,0.952270600364241,1,MULTIPLE_AMBIGUOUS
H50,A,T4_NEAR_T3,T4_NEAR_T3,1,0.952270553291935,1,MULTIPLE_AMBIGUOUS
H50,A,T4_NEAR_T3,T5,2,0.952270600364241,1,MULTIPLE_AMBIGUOUS
H50,B,T4_NEAR_T3,T3,3,0.90012746307206,1,MULTIPLE_AMBIGUOUS
H50,B,T4_NEAR_T3,T4_NEAR_T3,1,0.900127425481678,1,MULTIPLE_AMBIGUOUS
H50,B,T4_NEAR_T3,T5,2,0.900127463072059,1,MULTIPLE_AMBIGUOUS
H50,C_control,T4_NEAR_T3,T3,3,0.90012746307206,1,MULTIPLE_AMBIGUOUS
H50,C_control,T4_NEAR_T3,T4_NEAR_T3,1,0.900127425481678,1,MULTIPLE_AMBIGUOUS
H50,C_control,T4_NEAR_T3,T5,2,0.900127463072059,1,MULTIPLE_AMBIGUOUS
H50,A,T4_NEAR_T3,T3,2,0.952706185581611,1,MULTIPLE_AMBIGUOUS
H50,A,T4_NEAR_T3,T4_NEAR_T3,3,0.952706353569545,1,MULTIPLE_AMBIGUOUS
H50,A,T4_NEAR_T3,T5,1,0.952706185581611,1,MULTIPLE_AMBIGUOUS
H50,B,T4_NEAR_T3,T3,2,0.886103291575331,1,MULTIPLE_AMBIGUOUS
H50,B,T4_NEAR_T3,T4_NEAR_T3,3,0.886103437396773,1,MULTIPLE_AMBIGUOUS
H50,B,T4_NEAR_T3,T5,1,0.886103291575327,1,MULTIPLE_AMBIGUOUS
H50,C_control,T4_NEAR_T3,T3,2,0.886103291575331,1,MULTIPLE_AMBIGUOUS
H50,C_control,T4_NEAR_T3,T4_NEAR_T3,3,0.886103437396773,1,MULTIPLE_AMBIGUOUS
H50,C_control,T4_NEAR_T3,T5,1,0.886103291575327,1,MULTIPLE_AMBIGUOUS
H50,A,T4_NEAR_T3,T3,1,1.13571549014977,1,REJECTED
H50,A,T4_NEAR_T3,T4_NEAR_T3,3,1.13571557979867,0,REJECTED
H50,A,T4_NEAR_T3,T5,2,1.13571549014977,1,REJECTED
H50,B,T4_NEAR_T3,T3,2,1.078961685653,1,REJECTED
H50,B,T4_NEAR_T3,T4_NEAR_T3,3,1.07896179807206,1,REJECTED
H50,B,T4_NEAR_T3,T5,1,1.078961685653,1,REJECTED
H50,C_control,T4_NEAR_T3,T3,2,1.078961685653,1,REJECTED
H50,C_control,T4_NEAR_T3,T4_NEAR_T3,3,1.07896179807206,1,REJECTED
H50,C_control,T4_NEAR_T3,T5,1,1.078961685653,1,REJECTED
H50,A,T4_NEAR_T3,T3,1,1.0445257442789,1,MULTIPLE_AMBIGUOUS
H50,A,T4_NEAR_T3,T4_NEAR_T3,3,1.0445258279572,1,MULTIPLE_AMBIGUOUS
H50,A,T4_NEAR_T3,T5,2,1.0445257442789,1,MULTIPLE_AMBIGUOUS
H50,B,T4_NEAR_T3,T3,2,0.999635240352179,1,MULTIPLE_AMBIGUOUS
H50,B,T4_NEAR_T3,T4_NEAR_T3,3,0.999635337928493,1,MULTIPLE_AMBIGUOUS
H50,B,T4_NEAR_T3,T5,1,0.999635240352179,1,MULTIPLE_AMBIGUOUS
H50,C_control,T4_NEAR_T3,T3,2,0.999635240352179,1,MULTIPLE_AMBIGUOUS
H50,C_control,T4_NEAR_T3,T4_NEAR_T3,3,0.999635337928493,1,MULTIPLE_AMBIGUOUS
H50,C_control,T4_NEAR_T3,T5,1,0.999635240352179,1,MULTIPLE_AMBIGUOUS
H50,A,T4_NEAR_T3,T3,2,1.05375861783717,1,MULTIPLE_AMBIGUOUS
H50,A,T4_NEAR_T3,T4_NEAR_T3,1,1.05375856173613,1,MULTIPLE_AMBIGUOUS
H50,A,T4_NEAR_T3,T5,3,1.05375861783717,1,MULTIPLE_AMBIGUOUS
H50,B,T4_NEAR_T3,T3,3,1.05982155693042,1,MULTIPLE_AMBIGUOUS
H50,B,T4_NEAR_T3,T4_NEAR_T3,1,1.05982149293392,1,MULTIPLE_AMBIGUOUS
H50,B,T4_NEAR_T3,T5,2,1.05982155693042,1,MULTIPLE_AMBIGUOUS
H50,C_control,T4_NEAR_T3,T3,3,1.05982155693042,1,MULTIPLE_AMBIGUOUS
H50,C_control,T4_NEAR_T3,T4_NEAR_T3,1,1.05982149293392,1,MULTIPLE_AMBIGUOUS
H50,C_control,T4_NEAR_T3,T5,2,1.05982155693042,1,MULTIPLE_AMBIGUOUS
H50,A,T4_NEAR_T3,T3,2,1.07051348807868,1,MULTIPLE_AMBIGUOUS
H50,A,T4_NEAR_T3,T4_NEAR_T3,1,1.07051343404437,1,MULTIPLE_AMBIGUOUS
H50,A,T4_NEAR_T3,T5,3,1.07051348807869,1,MULTIPLE_AMBIGUOUS
H50,B,T4_NEAR_T3,T3,2,1.1139998016807,1,MULTIPLE_AMBIGUOUS
H50,B,T4_NEAR_T3,T4_NEAR_T3,1,1.1139997296589,1,MULTIPLE_AMBIGUOUS
H50,B,T4_NEAR_T3,T5,3,1.1139998016807,1,MULTIPLE_AMBIGUOUS
H50,C_control,T4_NEAR_T3,T3,2,1.1139998016807,1,MULTIPLE_AMBIGUOUS
H50,C_control,T4_NEAR_T3,T4_NEAR_T3,1,1.1139997296589,1,MULTIPLE_AMBIGUOUS
H50,C_control,T4_NEAR_T3,T5,3,1.1139998016807,1,MULTIPLE_AMBIGUOUS
H50,A,T4_NEAR_T3,T3,2,1.15610161535289,0,REJECTED
H50,A,T4_NEAR_T3,T4_NEAR_T3,1,1.15610152630239,0,REJECTED
H50,A,T4_NEAR_T3,T5,2,1.15610161535289,1,REJECTED
H50,B,T4_NEAR_T3,T3,2,1.16644845677863,1,MULTIPLE_AMBIGUOUS
H50,B,T4_NEAR_T3,T4_NEAR_T3,1,1.16644834844074,1,MULTIPLE_AMBIGUOUS
H50,B,T4_NEAR_T3,T5,2,1.16644845677863,1,MULTIPLE_AMBIGUOUS
H50,C_control,T4_NEAR_T3,T3,2,1.16644845677863,1,MULTIPLE_AMBIGUOUS
H50,C_control,T4_NEAR_T3,T4_NEAR_T3,1,1.16644834844074,1,MULTIPLE_AMBIGUOUS
H50,C_control,T4_NEAR_T3,T5,2,1.16644845677863,1,MULTIPLE_AMBIGUOUS
H50,A,T4_NEAR_T3,T3,1,0.950422154438659,1,MULTIPLE_AMBIGUOUS
H50,A,T4_NEAR_T3,T4_NEAR_T3,3,0.950422219454471,1,MULTIPLE_AMBIGUOUS
H50,A,T4_NEAR_T3,T5,2,0.950422154438661,1,MULTIPLE_AMBIGUOUS
H50,B,T4_NEAR_T3,T3,1,0.940475634207731,1,MULTIPLE_AMBIGUOUS
H50,B,T4_NEAR_T3,T4_NEAR_T3,3,0.940475673957225,1,MULTIPLE_AMBIGUOUS
H50,B,T4_NEAR_T3,T5,2,0.940475634207731,1,MULTIPLE_AMBIGUOUS
H50,C_control,T4_NEAR_T3,T3,1,0.940475634207731,1,MULTIPLE_AMBIGUOUS
H50,C_control,T4_NEAR_T3,T4_NEAR_T3,3,0.940475673957225,1,MULTIPLE_AMBIGUOUS
H50,C_control,T4_NEAR_T3,T5,2,0.940475634207731,1,MULTIPLE_AMBIGUOUS
H50,A,T5,T3,1,1.04963623658823,1,MULTIPLE_AMBIGUOUS
H50,A,T5,T4_NEAR_T3,3,1.04963629678942,1,MULTIPLE_AMBIGUOUS
H50,A,T5,T5,2,1.04963623658823,1,MULTIPLE_AMBIGUOUS
H50,B,T5,T3,2,1.04899233335942,1,MULTIPLE_AMBIGUOUS
H50,B,T5,T4_NEAR_T3,3,1.04899243132848,1,MULTIPLE_AMBIGUOUS
H50,B,T5,T5,1,1.04899233335942,1,MULTIPLE_AMBIGUOUS
H50,C_control,T5,T3,2,1.04899233335942,1,MULTIPLE_AMBIGUOUS
H50,C_control,T5,T4_NEAR_T3,3,1.04899243132848,1,MULTIPLE_AMBIGUOUS
H50,C_control,T5,T5,1,1.04899233335942,1,MULTIPLE_AMBIGUOUS
H50,A,T5,T3,1,0.920241976781063,1,MULTIPLE_AMBIGUOUS
H50,A,T5,T4_NEAR_T3,3,0.920242188268286,1,MULTIPLE_AMBIGUOUS
H50,A,T5,T5,2,0.920241976781063,1,MULTIPLE_AMBIGUOUS
H50,B,T5,T3,1,0.933665268074957,1,MULTIPLE_AMBIGUOUS
H50,B,T5,T4_NEAR_T3,3,0.933665459066429,1,MULTIPLE_AMBIGUOUS
H50,B,T5,T5,2,0.933665268074958,1,MULTIPLE_AMBIGUOUS
H50,C_control,T5,T3,1,0.933665268074957,1,MULTIPLE_AMBIGUOUS
H50,C_control,T5,T4_NEAR_T3,3,0.933665459066429,1,MULTIPLE_AMBIGUOUS
H50,C_control,T5,T5,2,0.933665268074958,1,MULTIPLE_AMBIGUOUS
H50,A,T5,T3,2,1.03915026286164,1,MULTIPLE_AMBIGUOUS
H50,A,T5,T4_NEAR_T3,3,1.03915033224252,1,MULTIPLE_AMBIGUOUS
H50,A,T5,T5,1,1.03915026286164,1,MULTIPLE_AMBIGUOUS
H50,B,T5,T3,1,1.08757939868443,1,MULTIPLE_AMBIGUOUS
H50,B,T5,T4_NEAR_T3,3,1.08757953146389,1,MULTIPLE_AMBIGUOUS
H50,B,T5,T5,1,1.08757939868443,1,MULTIPLE_AMBIGUOUS
H50,C_control,T5,T3,1,1.08757939868443,1,MULTIPLE_AMBIGUOUS
H50,C_control,T5,T4_NEAR_T3,3,1.08757953146389,1,MULTIPLE_AMBIGUOUS
H50,C_control,T5,T5,1,1.08757939868443,1,MULTIPLE_AMBIGUOUS
H50,A,T5,T3,2,0.890424003164551,1,MULTIPLE_AMBIGUOUS
H50,A,T5,T4_NEAR_T3,1,0.890423972373649,1,MULTIPLE_AMBIGUOUS
H50,A,T5,T5,3,0.890424003164553,1,MULTIPLE_AMBIGUOUS
H50,B,T5,T3,3,0.890135175226441,1,MULTIPLE_AMBIGUOUS
H50,B,T5,T4_NEAR_T3,1,0.890135143986774,1,MULTIPLE_AMBIGUOUS
H50,B,T5,T5,2,0.89013517522644,1,MULTIPLE_AMBIGUOUS
H50,C_control,T5,T3,3,0.890135175226441,1,MULTIPLE_AMBIGUOUS
H50,C_control,T5,T4_NEAR_T3,1,0.890135143986774,1,MULTIPLE_AMBIGUOUS
H50,C_control,T5,T5,2,0.89013517522644,1,MULTIPLE_AMBIGUOUS
H50,A,T5,T3,1,1.00662256041557,1,MULTIPLE_AMBIGUOUS
H50,A,T5,T4_NEAR_T3,3,1.00662258978682,1,MULTIPLE_AMBIGUOUS
H50,A,T5,T5,2,1.00662256041558,1,MULTIPLE_AMBIGUOUS
H50,B,T5,T3,2,0.952062324883471,1,MULTIPLE_AMBIGUOUS
H50,B,T5,T4_NEAR_T3,3,0.952062421664802,1,MULTIPLE_AMBIGUOUS
H50,B,T5,T5,1,0.952062324883468,1,MULTIPLE_AMBIGUOUS
H50,C_control,T5,T3,2,0.952062324883471,1,MULTIPLE_AMBIGUOUS
H50,C_control,T5,T4_NEAR_T3,3,0.952062421664802,1,MULTIPLE_AMBIGUOUS
H50,C_control,T5,T5,1,0.952062324883468,1,MULTIPLE_AMBIGUOUS
H50,A,T5,T3,2,0.980062961658477,1,MULTIPLE_AMBIGUOUS
H50,A,T5,T4_NEAR_T3,1,0.980062931885192,1,MULTIPLE_AMBIGUOUS
H50,A,T5,T5,2,0.980062961658477,1,MULTIPLE_AMBIGUOUS
H50,B,T5,T3,2,0.973781390393256,1,MULTIPLE_AMBIGUOUS
H50,B,T5,T4_NEAR_T3,1,0.973781190359439,1,MULTIPLE_AMBIGUOUS
H50,B,T5,T5,3,0.973781390393256,1,MULTIPLE_AMBIGUOUS
H50,C_control,T5,T3,2,0.973781390393256,1,MULTIPLE_AMBIGUOUS
H50,C_control,T5,T4_NEAR_T3,1,0.973781190359439,1,MULTIPLE_AMBIGUOUS
H50,C_control,T5,T5,3,0.973781390393256,1,MULTIPLE_AMBIGUOUS
H50,A,T5,T3,2,0.96050154098196,1,MULTIPLE_AMBIGUOUS
H50,A,T5,T4_NEAR_T3,1,0.960501437947157,1,MULTIPLE_AMBIGUOUS
H50,A,T5,T5,3,0.960501540981963,1,MULTIPLE_AMBIGUOUS
H50,B,T5,T3,3,1.02211492996885,1,MULTIPLE_AMBIGUOUS
H50,B,T5,T4_NEAR_T3,1,1.02211486199787,1,MULTIPLE_AMBIGUOUS
H50,B,T5,T5,2,1.02211492996885,1,MULTIPLE_AMBIGUOUS
H50,C_control,T5,T3,3,1.02211492996885,1,MULTIPLE_AMBIGUOUS
H50,C_control,T5,T4_NEAR_T3,1,1.02211486199787,1,MULTIPLE_AMBIGUOUS
H50,C_control,T5,T5,2,1.02211492996885,1,MULTIPLE_AMBIGUOUS
H50,A,T5,T3,2,1.19022650834822,0,REJECTED
H50,A,T5,T4_NEAR_T3,3,1.19022658271304,0,REJECTED
H50,A,T5,T5,1,1.19022650834822,0,REJECTED
H50,B,T5,T3,3,1.21300047160819,1,MULTIPLE_AMBIGUOUS
H50,B,T5,T4_NEAR_T3,1,1.21300046307258,1,MULTIPLE_AMBIGUOUS
H50,B,T5,T5,2,1.21300047160819,1,MULTIPLE_AMBIGUOUS
H50,C_control,T5,T3,3,1.21300047160819,1,MULTIPLE_AMBIGUOUS
H50,C_control,T5,T4_NEAR_T3,1,1.21300046307258,1,MULTIPLE_AMBIGUOUS
H50,C_control,T5,T5,2,1.21300047160819,1,MULTIPLE_AMBIGUOUS
H50,A,T5,T3,1,0.991036154620244,1,MULTIPLE_AMBIGUOUS
H50,A,T5,T4_NEAR_T3,3,0.991036174746913,1,MULTIPLE_AMBIGUOUS
H50,A,T5,T5,2,0.991036154620244,1,MULTIPLE_AMBIGUOUS
H50,B,T5,T3,2,1.01041526726442,1,MULTIPLE_AMBIGUOUS
H50,B,T5,T4_NEAR_T3,3,1.01041531616793,1,MULTIPLE_AMBIGUOUS
H50,B,T5,T5,1,1.01041526726442,1,MULTIPLE_AMBIGUOUS
H50,C_control,T5,T3,2,1.01041526726442,1,MULTIPLE_AMBIGUOUS
H50,C_control,T5,T4_NEAR_T3,3,1.01041531616793,1,MULTIPLE_AMBIGUOUS
H50,C_control,T5,T5,1,1.01041526726442,1,MULTIPLE_AMBIGUOUS
H50,A,T5,T3,2,1.0167639975425,1,MULTIPLE_AMBIGUOUS
H50,A,T5,T4_NEAR_T3,1,1.01676378594791,1,MULTIPLE_AMBIGUOUS
H50,A,T5,T5,3,1.0167639975425,1,MULTIPLE_AMBIGUOUS
H50,B,T5,T3,2,1.05531089364127,1,MULTIPLE_AMBIGUOUS
H50,B,T5,T4_NEAR_T3,1,1.0553106882502,1,MULTIPLE_AMBIGUOUS
H50,B,T5,T5,3,1.05531089364128,1,MULTIPLE_AMBIGUOUS
H50,C_control,T5,T3,2,1.05531089364127,1,MULTIPLE_AMBIGUOUS
H50,C_control,T5,T4_NEAR_T3,1,1.0553106882502,1,MULTIPLE_AMBIGUOUS
H50,C_control,T5,T5,3,1.05531089364128,1,MULTIPLE_AMBIGUOUS
H50,A,T5,T3,3,1.05022171764605,1,MULTIPLE_AMBIGUOUS
H50,A,T5,T4_NEAR_T3,1,1.05022154670578,1,MULTIPLE_AMBIGUOUS
H50,A,T5,T5,2,1.05022171764605,1,MULTIPLE_AMBIGUOUS
H50,B,T5,T3,3,1.05982794481523,1,MULTIPLE_AMBIGUOUS
H50,B,T5,T4_NEAR_T3,1,1.05982771970961,1,MULTIPLE_AMBIGUOUS
H50,B,T5,T5,2,1.05982794481522,1,MULTIPLE_AMBIGUOUS
H50,C_control,T5,T3,3,1.05982794481523,1,MULTIPLE_AMBIGUOUS
H50,C_control,T5,T4_NEAR_T3,1,1.05982771970961,1,MULTIPLE_AMBIGUOUS
H50,C_control,T5,T5,2,1.05982794481522,1,MULTIPLE_AMBIGUOUS
H50,A,T5,T3,1,1.06475425719406,1,MULTIPLE_AMBIGUOUS
H50,A,T5,T4_NEAR_T3,3,1.06475441782839,1,MULTIPLE_AMBIGUOUS
H50,A,T5,T5,2,1.06475425719406,1,MULTIPLE_AMBIGUOUS
H50,B,T5,T3,1,0.953839563946248,1,REJECTED
H50,B,T5,T4_NEAR_T3,3,0.953839657125057,1,REJECTED
H50,B,T5,T5,2,0.953839563946249,1,REJECTED
H50,C_control,T5,T3,1,0.953839563946248,1,REJECTED
H50,C_control,T5,T4_NEAR_T3,3,0.953839657125057,1,REJECTED
H50,C_control,T5,T5,2,0.953839563946249,1,REJECTED
H50,A,T5,T3,1,1.09436171343454,1,MULTIPLE_AMBIGUOUS
H50,A,T5,T4_NEAR_T3,3,1.09436180392573,1,MULTIPLE_AMBIGUOUS
H50,A,T5,T5,2,1.09436171343454,1,MULTIPLE_AMBIGUOUS
H50,B,T5,T3,1,1.132310874124,1,MULTIPLE_AMBIGUOUS
H50,B,T5,T4_NEAR_T3,3,1.13231113864051,1,MULTIPLE_AMBIGUOUS
H50,B,T5,T5,2,1.132310874124,1,MULTIPLE_AMBIGUOUS
H50,C_control,T5,T3,1,1.132310874124,1,MULTIPLE_AMBIGUOUS
H50,C_control,T5,T4_NEAR_T3,3,1.13231113864051,1,MULTIPLE_AMBIGUOUS
H50,C_control,T5,T5,2,1.132310874124,1,MULTIPLE_AMBIGUOUS
H50,A,T5,T3,2,0.995952702085592,1,MULTIPLE_AMBIGUOUS
H50,A,T5,T4_NEAR_T3,3,0.995952741420759,1,MULTIPLE_AMBIGUOUS
H50,A,T5,T5,1,0.995952702085591,1,MULTIPLE_AMBIGUOUS
H50,B,T5,T3,1,0.991990810776867,1,MULTIPLE_AMBIGUOUS
H50,B,T5,T4_NEAR_T3,3,0.991990832423663,1,MULTIPLE_AMBIGUOUS
H50,B,T5,T5,2,0.991990810776871,1,MULTIPLE_AMBIGUOUS
H50,C_control,T5,T3,1,0.991990810776867,1,MULTIPLE_AMBIGUOUS
H50,C_control,T5,T4_NEAR_T3,3,0.991990832423663,1,MULTIPLE_AMBIGUOUS
H50,C_control,T5,T5,2,0.991990810776871,1,MULTIPLE_AMBIGUOUS
H50,A,T5,T3,2,1.05999679997599,1,MULTIPLE_AMBIGUOUS
H50,A,T5,T4_NEAR_T3,3,1.05999716869031,1,MULTIPLE_AMBIGUOUS
H50,A,T5,T5,1,1.05999679997599,1,MULTIPLE_AMBIGUOUS
H50,B,T5,T3,1,1.08382353517305,1,MULTIPLE_AMBIGUOUS
H50,B,T5,T4_NEAR_T3,3,1.08382394030376,0,MULTIPLE_AMBIGUOUS
H50,B,T5,T5,2,1.08382353517305,1,MULTIPLE_AMBIGUOUS
H50,C_control,T5,T3,1,1.08382353517305,1,MULTIPLE_AMBIGUOUS
H50,C_control,T5,T4_NEAR_T3,3,1.08382394030376,0,MULTIPLE_AMBIGUOUS
H50,C_control,T5,T5,2,1.08382353517305,1,MULTIPLE_AMBIGUOUS
H50,A,T5,T3,2,1.06360916832227,1,MULTIPLE_AMBIGUOUS
H50,A,T5,T4_NEAR_T3,1,1.06360902576844,1,MULTIPLE_AMBIGUOUS
H50,A,T5,T5,3,1.06360916832227,1,MULTIPLE_AMBIGUOUS
H50,B,T5,T3,3,1.0456801416048,1,MULTIPLE_AMBIGUOUS
H50,B,T5,T4_NEAR_T3,1,1.04567995507133,1,MULTIPLE_AMBIGUOUS
H50,B,T5,T5,2,1.0456801416048,1,MULTIPLE_AMBIGUOUS
H50,C_control,T5,T3,3,1.0456801416048,1,MULTIPLE_AMBIGUOUS
H50,C_control,T5,T4_NEAR_T3,1,1.04567995507133,1,MULTIPLE_AMBIGUOUS
H50,C_control,T5,T5,2,1.0456801416048,1,MULTIPLE_AMBIGUOUS
H50,A,T5,T3,1,1.10662010626782,1,MULTIPLE_AMBIGUOUS
H50,A,T5,T4_NEAR_T3,3,1.10662041879627,0,MULTIPLE_AMBIGUOUS
H50,A,T5,T5,2,1.10662010626782,1,MULTIPLE_AMBIGUOUS
H50,B,T5,T3,1,1.11034326029858,1,MULTIPLE_AMBIGUOUS
H50,B,T5,T4_NEAR_T3,3,1.11034366601232,0,MULTIPLE_AMBIGUOUS
H50,B,T5,T5,2,1.11034326029858,1,MULTIPLE_AMBIGUOUS
H50,C_control,T5,T3,1,1.11034326029858,1,MULTIPLE_AMBIGUOUS
H50,C_control,T5,T4_NEAR_T3,3,1.11034366601232,0,MULTIPLE_AMBIGUOUS
H50,C_control,T5,T5,2,1.11034326029858,1,MULTIPLE_AMBIGUOUS
H50,A,T5,T3,1,0.910767489819193,1,MULTIPLE_AMBIGUOUS
H50,A,T5,T4_NEAR_T3,3,0.910767645200664,1,MULTIPLE_AMBIGUOUS
H50,A,T5,T5,2,0.910767489819195,1,MULTIPLE_AMBIGUOUS
H50,B,T5,T3,1,0.904842971195021,1,MULTIPLE_AMBIGUOUS
H50,B,T5,T4_NEAR_T3,3,0.904843128028348,1,MULTIPLE_AMBIGUOUS
H50,B,T5,T5,2,0.904842971195025,1,MULTIPLE_AMBIGUOUS
H50,C_control,T5,T3,1,0.904842971195021,1,MULTIPLE_AMBIGUOUS
H50,C_control,T5,T4_NEAR_T3,3,0.904843128028348,1,MULTIPLE_AMBIGUOUS
H50,C_control,T5,T5,2,0.904842971195025,1,MULTIPLE_AMBIGUOUS
H50,A,T5,T3,2,1.03282018540496,1,MULTIPLE_AMBIGUOUS
H50,A,T5,T4_NEAR_T3,1,1.03282005151247,1,MULTIPLE_AMBIGUOUS
H50,A,T5,T5,3,1.03282018540496,1,MULTIPLE_AMBIGUOUS
H50,B,T5,T3,3,1.14019185237467,1,MULTIPLE_AMBIGUOUS
H50,B,T5,T4_NEAR_T3,1,1.14019154814554,1,MULTIPLE_AMBIGUOUS
H50,B,T5,T5,2,1.14019185237467,1,MULTIPLE_AMBIGUOUS
H50,C_control,T5,T3,3,1.14019185237467,1,MULTIPLE_AMBIGUOUS
H50,C_control,T5,T4_NEAR_T3,1,1.14019154814554,1,MULTIPLE_AMBIGUOUS
H50,C_control,T5,T5,2,1.14019185237467,1,MULTIPLE_AMBIGUOUS
H50,A,T5,T3,1,0.911431162250279,1,MULTIPLE_AMBIGUOUS
H50,A,T5,T4_NEAR_T3,3,0.911431309851453,1,MULTIPLE_AMBIGUOUS
H50,A,T5,T5,2,0.911431162250281,1,MULTIPLE_AMBIGUOUS
H50,B,T5,T3,1,0.90948656619258,1,MULTIPLE_AMBIGUOUS
H50,B,T5,T4_NEAR_T3,3,0.909486826642012,1,MULTIPLE_AMBIGUOUS
H50,B,T5,T5,2,0.909486566192582,1,MULTIPLE_AMBIGUOUS
H50,C_control,T5,T3,1,0.90948656619258,1,MULTIPLE_AMBIGUOUS
H50,C_control,T5,T4_NEAR_T3,3,0.909486826642012,1,MULTIPLE_AMBIGUOUS
H50,C_control,T5,T5,2,0.909486566192582,1,MULTIPLE_AMBIGUOUS
H50,A,T5,T3,1,0.901900182117225,1,MULTIPLE_AMBIGUOUS
H50,A,T5,T4_NEAR_T3,3,0.901900723372704,1,MULTIPLE_AMBIGUOUS
H50,A,T5,T5,1,0.901900182117225,1,MULTIPLE_AMBIGUOUS
H50,B,T5,T3,2,0.796496907435429,1,MULTIPLE_AMBIGUOUS
H50,B,T5,T4_NEAR_T3,3,0.796497288556186,0,MULTIPLE_AMBIGUOUS
H50,B,T5,T5,1,0.796496907435428,1,MULTIPLE_AMBIGUOUS
H50,C_control,T5,T3,2,0.796496907435429,1,MULTIPLE_AMBIGUOUS
H50,C_control,T5,T4_NEAR_T3,3,0.796497288556186,0,MULTIPLE_AMBIGUOUS
H50,C_control,T5,T5,1,0.796496907435428,1,MULTIPLE_AMBIGUOUS
H50,A,T5,T3,2,0.96778309440995,1,MULTIPLE_AMBIGUOUS
H50,A,T5,T4_NEAR_T3,1,0.967782809271981,1,MULTIPLE_AMBIGUOUS
H50,A,T5,T5,3,0.967783094409951,1,MULTIPLE_AMBIGUOUS
H50,B,T5,T3,2,0.81259490821504,1,REJECTED
H50,B,T5,T4_NEAR_T3,1,0.812594873769897,1,REJECTED
H50,B,T5,T5,3,0.812594908215043,1,REJECTED
H50,C_control,T5,T3,2,0.81259490821504,1,REJECTED
H50,C_control,T5,T4_NEAR_T3,1,0.812594873769897,1,REJECTED
H50,C_control,T5,T5,3,0.812594908215043,1,REJECTED
H50,A,T5,T3,1,0.965595140828944,1,MULTIPLE_AMBIGUOUS
H50,A,T5,T4_NEAR_T3,3,0.965595192209489,1,MULTIPLE_AMBIGUOUS
H50,A,T5,T5,2,0.965595140828944,1,MULTIPLE_AMBIGUOUS
H50,B,T5,T3,3,0.920931146888788,1,MULTIPLE_AMBIGUOUS
H50,B,T5,T4_NEAR_T3,1,0.920931088447169,1,MULTIPLE_AMBIGUOUS
H50,B,T5,T5,2,0.920931146888788,1,MULTIPLE_AMBIGUOUS
H50,C_control,T5,T3,3,0.920931146888788,1,MULTIPLE_AMBIGUOUS
H50,C_control,T5,T4_NEAR_T3,1,0.920931088447169,1,MULTIPLE_AMBIGUOUS
H50,C_control,T5,T5,2,0.920931146888788,1,MULTIPLE_AMBIGUOUS
H50,A,T5,T3,3,0.902662353767913,1,MULTIPLE_AMBIGUOUS
H50,A,T5,T4_NEAR_T3,1,0.902662345140803,1,MULTIPLE_AMBIGUOUS
H50,A,T5,T5,2,0.90266235376791,1,MULTIPLE_AMBIGUOUS
H50,B,T5,T3,2,0.859482802059127,1,MULTIPLE_AMBIGUOUS
H50,B,T5,T4_NEAR_T3,1,0.8594826802164,1,MULTIPLE_AMBIGUOUS
H50,B,T5,T5,3,0.859482802059128,1,MULTIPLE_AMBIGUOUS
H50,C_control,T5,T3,2,0.859482802059127,1,MULTIPLE_AMBIGUOUS
H50,C_control,T5,T4_NEAR_T3,1,0.8594826802164,1,MULTIPLE_AMBIGUOUS
H50,C_control,T5,T5,3,0.859482802059128,1,MULTIPLE_AMBIGUOUS
H50,A,T5,T3,1,0.98269172036763,1,MULTIPLE_AMBIGUOUS
H50,A,T5,T4_NEAR_T3,3,0.982691720461466,1,MULTIPLE_AMBIGUOUS
H50,A,T5,T5,1,0.98269172036763,1,MULTIPLE_AMBIGUOUS
H50,B,T5,T3,2,0.948920977757447,1,MULTIPLE_AMBIGUOUS
H50,B,T5,T4_NEAR_T3,3,0.948921058303428,1,MULTIPLE_AMBIGUOUS
H50,B,T5,T5,1,0.948920977757446,1,MULTIPLE_AMBIGUOUS
H50,C_control,T5,T3,2,0.948920977757447,1,MULTIPLE_AMBIGUOUS
H50,C_control,T5,T4_NEAR_T3,3,0.948921058303428,1,MULTIPLE_AMBIGUOUS
H50,C_control,T5,T5,1,0.948920977757446,1,MULTIPLE_AMBIGUOUS
H50,A,T5,T3,2,0.957735886152528,1,MULTIPLE_AMBIGUOUS
H50,A,T5,T4_NEAR_T3,1,0.957735782668993,1,MULTIPLE_AMBIGUOUS
H50,A,T5,T5,2,0.957735886152528,1,MULTIPLE_AMBIGUOUS
H50,B,T5,T3,3,0.916137631375784,1,MULTIPLE_AMBIGUOUS
H50,B,T5,T4_NEAR_T3,1,0.916137496704852,1,MULTIPLE_AMBIGUOUS
H50,B,T5,T5,2,0.916137631375784,1,MULTIPLE_AMBIGUOUS
H50,C_control,T5,T3,3,0.916137631375784,1,MULTIPLE_AMBIGUOUS
H50,C_control,T5,T4_NEAR_T3,1,0.916137496704852,1,MULTIPLE_AMBIGUOUS
H50,C_control,T5,T5,2,0.916137631375784,1,MULTIPLE_AMBIGUOUS
H50,A,T5,T3,3,1.0646192128249,1,MULTIPLE_AMBIGUOUS
H50,A,T5,T4_NEAR_T3,1,1.06461920019065,1,MULTIPLE_AMBIGUOUS
H50,A,T5,T5,2,1.0646192128249,1,MULTIPLE_AMBIGUOUS
H50,B,T5,T3,2,1.10524605076441,1,MULTIPLE_AMBIGUOUS
H50,B,T5,T4_NEAR_T3,1,1.1052458833257,1,MULTIPLE_AMBIGUOUS
H50,B,T5,T5,3,1.10524605076441,1,MULTIPLE_AMBIGUOUS
H50,C_control,T5,T3,2,1.10524605076441,1,MULTIPLE_AMBIGUOUS
H50,C_control,T5,T4_NEAR_T3,1,1.1052458833257,1,MULTIPLE_AMBIGUOUS
H50,C_control,T5,T5,3,1.10524605076441,1,MULTIPLE_AMBIGUOUS
H50,A,T5,T3,1,1.10833588837395,1,MULTIPLE_AMBIGUOUS
H50,A,T5,T4_NEAR_T3,3,1.10833589103136,0,MULTIPLE_AMBIGUOUS
H50,A,T5,T5,2,1.10833588837395,1,MULTIPLE_AMBIGUOUS
H50,B,T5,T3,2,0.994823050677746,1,REJECTED
H50,B,T5,T4_NEAR_T3,1,0.994822897644009,1,REJECTED
H50,B,T5,T5,3,0.994823050677749,1,REJECTED
H50,C_control,T5,T3,2,0.994823050677746,1,REJECTED
H50,C_control,T5,T4_NEAR_T3,1,0.994822897644009,1,REJECTED
H50,C_control,T5,T5,3,0.994823050677749,1,REJECTED
H50,A,T5,T3,2,1.06556076288537,1,MULTIPLE_AMBIGUOUS
H50,A,T5,T4_NEAR_T3,3,1.06556122598566,1,MULTIPLE_AMBIGUOUS
H50,A,T5,T5,1,1.06556076288536,1,MULTIPLE_AMBIGUOUS
H50,B,T5,T3,1,1.10059723302882,1,MULTIPLE_AMBIGUOUS
H50,B,T5,T4_NEAR_T3,3,1.10059778086129,0,MULTIPLE_AMBIGUOUS
H50,B,T5,T5,2,1.10059723302882,1,MULTIPLE_AMBIGUOUS
H50,C_control,T5,T3,1,1.10059723302882,1,MULTIPLE_AMBIGUOUS
H50,C_control,T5,T4_NEAR_T3,3,1.10059778086129,0,MULTIPLE_AMBIGUOUS
H50,C_control,T5,T5,2,1.10059723302882,1,MULTIPLE_AMBIGUOUS
H50,A,T5,T3,2,0.937820365974009,1,MULTIPLE_AMBIGUOUS
H50,A,T5,T4_NEAR_T3,3,0.937820464771314,1,MULTIPLE_AMBIGUOUS
H50,A,T5,T5,1,0.937820365974005,1,MULTIPLE_AMBIGUOUS
H50,B,T5,T3,1,0.911742470632497,1,MULTIPLE_AMBIGUOUS
H50,B,T5,T4_NEAR_T3,3,0.911742505206832,1,MULTIPLE_AMBIGUOUS
H50,B,T5,T5,2,0.911742470632499,1,MULTIPLE_AMBIGUOUS
H50,C_control,T5,T3,1,0.911742470632497,1,MULTIPLE_AMBIGUOUS
H50,C_control,T5,T4_NEAR_T3,3,0.911742505206832,1,MULTIPLE_AMBIGUOUS
H50,C_control,T5,T5,2,0.911742470632499,1,MULTIPLE_AMBIGUOUS
Zin50,A,T3,T3,2,1.03978967264284,1,MULTIPLE_AMBIGUOUS
Zin50,A,T3,T4_NEAR_T3,1,1.0397844633511,1,MULTIPLE_AMBIGUOUS
Zin50,A,T3,T5,3,279.128201357176,0,MULTIPLE_AMBIGUOUS
Zin50,B,T3,T3,2,1.07474761681869,1,MULTIPLE_AMBIGUOUS
Zin50,B,T3,T4_NEAR_T3,1,1.07474236290733,1,MULTIPLE_AMBIGUOUS
Zin50,B,T3,T5,3,294.22469128191,0,MULTIPLE_AMBIGUOUS
Zin50,C_control,T3,T3,2,1.07474761681869,1,MULTIPLE_AMBIGUOUS
Zin50,C_control,T3,T4_NEAR_T3,1,1.07474236290733,1,MULTIPLE_AMBIGUOUS
Zin50,C_control,T3,T5,3,294.22469128191,0,MULTIPLE_AMBIGUOUS
Zin50,A,T3,T3,1,1.03973800495645,1,MULTIPLE_AMBIGUOUS
Zin50,A,T3,T4_NEAR_T3,2,1.03974933187081,1,MULTIPLE_AMBIGUOUS
Zin50,A,T3,T5,3,281.890142765477,0,MULTIPLE_AMBIGUOUS
Zin50,B,T3,T3,1,1.0831333516285,1,MULTIPLE_AMBIGUOUS
Zin50,B,T3,T4_NEAR_T3,2,1.08315296993831,1,MULTIPLE_AMBIGUOUS
Zin50,B,T3,T5,3,291.014804345439,0,MULTIPLE_AMBIGUOUS
Zin50,C_control,T3,T3,1,1.0831333516285,1,MULTIPLE_AMBIGUOUS
Zin50,C_control,T3,T4_NEAR_T3,2,1.08315296993831,1,MULTIPLE_AMBIGUOUS
Zin50,C_control,T3,T5,3,291.014804345439,0,MULTIPLE_AMBIGUOUS
Zin50,A,T3,T3,1,1.0371979705197,1,MULTIPLE_AMBIGUOUS
Zin50,A,T3,T4_NEAR_T3,2,1.0372078782368,1,MULTIPLE_AMBIGUOUS
Zin50,A,T3,T5,3,280.249279707774,0,MULTIPLE_AMBIGUOUS
Zin50,B,T3,T3,1,1.054124377365,1,MULTIPLE_AMBIGUOUS
Zin50,B,T3,T4_NEAR_T3,2,1.05413680998555,1,MULTIPLE_AMBIGUOUS
Zin50,B,T3,T5,3,294.832615214136,0,MULTIPLE_AMBIGUOUS
Zin50,C_control,T3,T3,1,1.054124377365,1,MULTIPLE_AMBIGUOUS
Zin50,C_control,T3,T4_NEAR_T3,2,1.05413680998555,1,MULTIPLE_AMBIGUOUS
Zin50,C_control,T3,T5,3,294.832615214136,0,MULTIPLE_AMBIGUOUS
Zin50,A,T3,T3,2,1.06796043848123,1,MULTIPLE_AMBIGUOUS
Zin50,A,T3,T4_NEAR_T3,1,1.06793698371296,1,MULTIPLE_AMBIGUOUS
Zin50,A,T3,T5,3,276.689586350166,0,MULTIPLE_AMBIGUOUS
Zin50,B,T3,T3,2,1.13409806476936,0,LOW_CONFIDENCE
Zin50,B,T3,T4_NEAR_T3,1,1.13407569972878,1,LOW_CONFIDENCE
Zin50,B,T3,T5,3,279.635316172906,0,LOW_CONFIDENCE
Zin50,C_control,T3,T3,2,1.13409806476936,0,LOW_CONFIDENCE
Zin50,C_control,T3,T4_NEAR_T3,1,1.13407569972878,1,LOW_CONFIDENCE
Zin50,C_control,T3,T5,3,279.635316172906,0,LOW_CONFIDENCE
Zin50,A,T3,T3,2,1.06966108526299,1,MULTIPLE_AMBIGUOUS
Zin50,A,T3,T4_NEAR_T3,1,1.0696501784156,1,MULTIPLE_AMBIGUOUS
Zin50,A,T3,T5,3,281.43242428268,0,MULTIPLE_AMBIGUOUS
Zin50,B,T3,T3,2,1.10774351642791,1,MULTIPLE_AMBIGUOUS
Zin50,B,T3,T4_NEAR_T3,1,1.10772406166188,1,MULTIPLE_AMBIGUOUS
Zin50,B,T3,T5,3,290.845585030621,0,MULTIPLE_AMBIGUOUS
Zin50,C_control,T3,T3,2,1.10774351642791,1,MULTIPLE_AMBIGUOUS
Zin50,C_control,T3,T4_NEAR_T3,1,1.10772406166188,1,MULTIPLE_AMBIGUOUS
Zin50,C_control,T3,T5,3,290.845585030621,0,MULTIPLE_AMBIGUOUS
Zin50,A,T3,T3,1,1.09131056208119,1,MULTIPLE_AMBIGUOUS
Zin50,A,T3,T4_NEAR_T3,2,1.09131597618409,1,MULTIPLE_AMBIGUOUS
Zin50,A,T3,T5,3,281.685404268836,0,MULTIPLE_AMBIGUOUS
Zin50,B,T3,T3,1,1.11854094934948,1,MULTIPLE_AMBIGUOUS
Zin50,B,T3,T4_NEAR_T3,2,1.11854913962094,1,MULTIPLE_AMBIGUOUS
Zin50,B,T3,T5,3,293.79107243991,0,MULTIPLE_AMBIGUOUS
Zin50,C_control,T3,T3,1,1.11854094934948,1,MULTIPLE_AMBIGUOUS
Zin50,C_control,T3,T4_NEAR_T3,2,1.11854913962094,1,MULTIPLE_AMBIGUOUS
Zin50,C_control,T3,T5,3,293.79107243991,0,MULTIPLE_AMBIGUOUS
Zin50,A,T3,T3,1,1.01867826347496,1,MULTIPLE_AMBIGUOUS
Zin50,A,T3,T4_NEAR_T3,2,1.01868230876817,1,MULTIPLE_AMBIGUOUS
Zin50,A,T3,T5,3,280.429714280556,0,MULTIPLE_AMBIGUOUS
Zin50,B,T3,T3,2,0.979886471623229,1,MULTIPLE_AMBIGUOUS
Zin50,B,T3,T4_NEAR_T3,1,0.979879459147954,1,MULTIPLE_AMBIGUOUS
Zin50,B,T3,T5,3,291.670576397975,0,MULTIPLE_AMBIGUOUS
Zin50,C_control,T3,T3,2,0.979886471623229,1,MULTIPLE_AMBIGUOUS
Zin50,C_control,T3,T4_NEAR_T3,1,0.979879459147954,1,MULTIPLE_AMBIGUOUS
Zin50,C_control,T3,T5,3,291.670576397975,0,MULTIPLE_AMBIGUOUS
Zin50,A,T3,T3,2,0.869906009349103,1,MULTIPLE_AMBIGUOUS
Zin50,A,T3,T4_NEAR_T3,1,0.869902151887175,1,MULTIPLE_AMBIGUOUS
Zin50,A,T3,T5,3,279.901761137778,0,MULTIPLE_AMBIGUOUS
Zin50,B,T3,T3,1,0.896436051971853,1,MULTIPLE_AMBIGUOUS
Zin50,B,T3,T4_NEAR_T3,2,0.896437792705657,1,MULTIPLE_AMBIGUOUS
Zin50,B,T3,T5,3,295.279365530868,0,MULTIPLE_AMBIGUOUS
Zin50,C_control,T3,T3,1,0.896436051971853,1,MULTIPLE_AMBIGUOUS
Zin50,C_control,T3,T4_NEAR_T3,2,0.896437792705657,1,MULTIPLE_AMBIGUOUS
Zin50,C_control,T3,T5,3,295.279365530868,0,MULTIPLE_AMBIGUOUS
Zin50,A,T3,T3,2,1.01722515334521,1,MULTIPLE_AMBIGUOUS
Zin50,A,T3,T4_NEAR_T3,1,1.01722370307321,1,MULTIPLE_AMBIGUOUS
Zin50,A,T3,T5,3,277.983716930678,0,MULTIPLE_AMBIGUOUS
Zin50,B,T3,T3,1,1.01711479314619,1,MULTIPLE_AMBIGUOUS
Zin50,B,T3,T4_NEAR_T3,2,1.01712007511107,1,MULTIPLE_AMBIGUOUS
Zin50,B,T3,T5,3,294.678870689258,0,MULTIPLE_AMBIGUOUS
Zin50,C_control,T3,T3,1,1.01711479314619,1,MULTIPLE_AMBIGUOUS
Zin50,C_control,T3,T4_NEAR_T3,2,1.01712007511107,1,MULTIPLE_AMBIGUOUS
Zin50,C_control,T3,T5,3,294.678870689258,0,MULTIPLE_AMBIGUOUS
Zin50,A,T3,T3,2,1.08052156312551,1,MULTIPLE_AMBIGUOUS
Zin50,A,T3,T4_NEAR_T3,1,1.0805215424242,1,MULTIPLE_AMBIGUOUS
Zin50,A,T3,T5,3,283.028901202459,0,MULTIPLE_AMBIGUOUS
Zin50,B,T3,T3,2,1.03351222322394,1,MULTIPLE_AMBIGUOUS
Zin50,B,T3,T4_NEAR_T3,1,1.03350174130924,1,MULTIPLE_AMBIGUOUS
Zin50,B,T3,T5,3,295.120701437443,0,MULTIPLE_AMBIGUOUS
Zin50,C_control,T3,T3,2,1.03351222322394,1,MULTIPLE_AMBIGUOUS
Zin50,C_control,T3,T4_NEAR_T3,1,1.03350174130924,1,MULTIPLE_AMBIGUOUS
Zin50,C_control,T3,T5,3,295.120701437443,0,MULTIPLE_AMBIGUOUS
Zin50,A,T3,T3,1,1.09594344976264,1,MULTIPLE_AMBIGUOUS
Zin50,A,T3,T4_NEAR_T3,2,1.09596114297812,1,MULTIPLE_AMBIGUOUS
Zin50,A,T3,T5,3,278.770066816163,0,MULTIPLE_AMBIGUOUS
Zin50,B,T3,T3,1,1.17250905047442,1,LOW_CONFIDENCE
Zin50,B,T3,T4_NEAR_T3,2,1.17253669076109,0,LOW_CONFIDENCE
Zin50,B,T3,T5,3,293.844887501894,0,LOW_CONFIDENCE
Zin50,C_control,T3,T3,1,1.17250905047442,1,LOW_CONFIDENCE
Zin50,C_control,T3,T4_NEAR_T3,2,1.17253669076109,0,LOW_CONFIDENCE
Zin50,C_control,T3,T5,3,293.844887501894,0,LOW_CONFIDENCE
Zin50,A,T3,T3,1,0.993973162465759,1,MULTIPLE_AMBIGUOUS
Zin50,A,T3,T4_NEAR_T3,2,0.993982343860694,1,MULTIPLE_AMBIGUOUS
Zin50,A,T3,T5,3,282.963134834466,0,MULTIPLE_AMBIGUOUS
Zin50,B,T3,T3,1,1.01067711361841,1,MULTIPLE_AMBIGUOUS
Zin50,B,T3,T4_NEAR_T3,2,1.01067950525282,1,MULTIPLE_AMBIGUOUS
Zin50,B,T3,T5,3,295.611562841264,0,MULTIPLE_AMBIGUOUS
Zin50,C_control,T3,T3,1,1.01067711361841,1,MULTIPLE_AMBIGUOUS
Zin50,C_control,T3,T4_NEAR_T3,2,1.01067950525282,1,MULTIPLE_AMBIGUOUS
Zin50,C_control,T3,T5,3,295.611562841264,0,MULTIPLE_AMBIGUOUS
Zin50,A,T3,T3,1,0.995169754775337,1,MULTIPLE_AMBIGUOUS
Zin50,A,T3,T4_NEAR_T3,2,0.995175750037703,1,MULTIPLE_AMBIGUOUS
Zin50,A,T3,T5,3,278.759853697961,0,MULTIPLE_AMBIGUOUS
Zin50,B,T3,T3,1,1.06409464599676,1,MULTIPLE_AMBIGUOUS
Zin50,B,T3,T4_NEAR_T3,2,1.06409980180679,1,MULTIPLE_AMBIGUOUS
Zin50,B,T3,T5,3,294.135065200982,0,MULTIPLE_AMBIGUOUS
Zin50,C_control,T3,T3,1,1.06409464599676,1,MULTIPLE_AMBIGUOUS
Zin50,C_control,T3,T4_NEAR_T3,2,1.06409980180679,1,MULTIPLE_AMBIGUOUS
Zin50,C_control,T3,T5,3,294.135065200982,0,MULTIPLE_AMBIGUOUS
Zin50,A,T3,T3,2,0.996876835293019,1,MULTIPLE_AMBIGUOUS
Zin50,A,T3,T4_NEAR_T3,1,0.99686692890953,1,MULTIPLE_AMBIGUOUS
Zin50,A,T3,T5,3,281.757545005717,0,MULTIPLE_AMBIGUOUS
Zin50,B,T3,T3,1,1.02309148425383,1,MULTIPLE_AMBIGUOUS
Zin50,B,T3,T4_NEAR_T3,2,1.02309360024424,1,MULTIPLE_AMBIGUOUS
Zin50,B,T3,T5,3,291.107389258712,0,MULTIPLE_AMBIGUOUS
Zin50,C_control,T3,T3,1,1.02309148425383,1,MULTIPLE_AMBIGUOUS
Zin50,C_control,T3,T4_NEAR_T3,2,1.02309360024424,1,MULTIPLE_AMBIGUOUS
Zin50,C_control,T3,T5,3,291.107389258712,0,MULTIPLE_AMBIGUOUS
Zin50,A,T3,T3,2,1.02652489030408,1,MULTIPLE_AMBIGUOUS
Zin50,A,T3,T4_NEAR_T3,1,1.02651715800432,1,MULTIPLE_AMBIGUOUS
Zin50,A,T3,T5,3,284.709744306195,0,MULTIPLE_AMBIGUOUS
Zin50,B,T3,T3,2,1.0527950913175,1,MULTIPLE_AMBIGUOUS
Zin50,B,T3,T4_NEAR_T3,1,1.05277892168459,1,MULTIPLE_AMBIGUOUS
Zin50,B,T3,T5,3,293.44696365366,0,MULTIPLE_AMBIGUOUS
Zin50,C_control,T3,T3,2,1.0527950913175,1,MULTIPLE_AMBIGUOUS
Zin50,C_control,T3,T4_NEAR_T3,1,1.05277892168459,1,MULTIPLE_AMBIGUOUS
Zin50,C_control,T3,T5,3,293.44696365366,0,MULTIPLE_AMBIGUOUS
Zin50,A,T3,T3,1,1.01084379484208,1,MULTIPLE_AMBIGUOUS
Zin50,A,T3,T4_NEAR_T3,2,1.01085106784883,1,MULTIPLE_AMBIGUOUS
Zin50,A,T3,T5,3,279.135378312268,0,MULTIPLE_AMBIGUOUS
Zin50,B,T3,T3,1,0.954701483845451,1,MULTIPLE_AMBIGUOUS
Zin50,B,T3,T4_NEAR_T3,2,0.95471109091184,1,MULTIPLE_AMBIGUOUS
Zin50,B,T3,T5,3,294.370319994349,0,MULTIPLE_AMBIGUOUS
Zin50,C_control,T3,T3,1,0.954701483845451,1,MULTIPLE_AMBIGUOUS
Zin50,C_control,T3,T4_NEAR_T3,2,0.95471109091184,1,MULTIPLE_AMBIGUOUS
Zin50,C_control,T3,T5,3,294.370319994349,0,MULTIPLE_AMBIGUOUS
Zin50,A,T3,T3,2,0.921170844627483,1,MULTIPLE_AMBIGUOUS
Zin50,A,T3,T4_NEAR_T3,1,0.92116640308082,1,MULTIPLE_AMBIGUOUS
Zin50,A,T3,T5,3,280.749729519993,0,MULTIPLE_AMBIGUOUS
Zin50,B,T3,T3,1,0.923812556683209,1,MULTIPLE_AMBIGUOUS
Zin50,B,T3,T4_NEAR_T3,2,0.923818603548341,1,MULTIPLE_AMBIGUOUS
Zin50,B,T3,T5,3,294.600160427823,0,MULTIPLE_AMBIGUOUS
Zin50,C_control,T3,T3,1,0.923812556683209,1,MULTIPLE_AMBIGUOUS
Zin50,C_control,T3,T4_NEAR_T3,2,0.923818603548341,1,MULTIPLE_AMBIGUOUS
Zin50,C_control,T3,T5,3,294.600160427823,0,MULTIPLE_AMBIGUOUS
Zin50,A,T3,T3,2,0.903536322994328,1,MULTIPLE_AMBIGUOUS
Zin50,A,T3,T4_NEAR_T3,1,0.903512605821164,1,MULTIPLE_AMBIGUOUS
Zin50,A,T3,T5,3,282.877507537573,0,MULTIPLE_AMBIGUOUS
Zin50,B,T3,T3,2,0.827748815651498,0,LOW_CONFIDENCE
Zin50,B,T3,T4_NEAR_T3,1,0.827720210053983,1,LOW_CONFIDENCE
Zin50,B,T3,T5,3,291.690593853269,0,LOW_CONFIDENCE
Zin50,C_control,T3,T3,2,0.827748815651498,0,LOW_CONFIDENCE
Zin50,C_control,T3,T4_NEAR_T3,1,0.827720210053983,1,LOW_CONFIDENCE
Zin50,C_control,T3,T5,3,291.690593853269,0,LOW_CONFIDENCE
Zin50,A,T3,T3,2,1.06360635532347,1,MULTIPLE_AMBIGUOUS
Zin50,A,T3,T4_NEAR_T3,1,1.06359488627397,1,MULTIPLE_AMBIGUOUS
Zin50,A,T3,T5,3,285.546308362152,0,MULTIPLE_AMBIGUOUS
Zin50,B,T3,T3,2,1.00000187667972,0,REJECTED
Zin50,B,T3,T4_NEAR_T3,1,0.999982069351348,1,REJECTED
Zin50,B,T3,T5,3,294.364560327343,0,REJECTED
Zin50,C_control,T3,T3,2,1.00000187667972,0,REJECTED
Zin50,C_control,T3,T4_NEAR_T3,1,0.999982069351348,1,REJECTED
Zin50,C_control,T3,T5,3,294.364560327343,0,REJECTED
Zin50,A,T3,T3,1,1.02244774077496,1,MULTIPLE_AMBIGUOUS
Zin50,A,T3,T4_NEAR_T3,2,1.02245474233992,1,MULTIPLE_AMBIGUOUS
Zin50,A,T3,T5,3,283.645158056682,0,MULTIPLE_AMBIGUOUS
Zin50,B,T3,T3,1,1.02543162792019,1,MULTIPLE_AMBIGUOUS
Zin50,B,T3,T4_NEAR_T3,2,1.02543980304034,1,MULTIPLE_AMBIGUOUS
Zin50,B,T3,T5,3,295.589334168611,0,MULTIPLE_AMBIGUOUS
Zin50,C_control,T3,T3,1,1.02543162792019,1,MULTIPLE_AMBIGUOUS
Zin50,C_control,T3,T4_NEAR_T3,2,1.02543980304034,1,MULTIPLE_AMBIGUOUS
Zin50,C_control,T3,T5,3,295.589334168611,0,MULTIPLE_AMBIGUOUS
Zin50,A,T3,T3,2,1.08308708202457,1,MULTIPLE_AMBIGUOUS
Zin50,A,T3,T4_NEAR_T3,1,1.08306227920645,1,MULTIPLE_AMBIGUOUS
Zin50,A,T3,T5,3,279.09178368832,0,MULTIPLE_AMBIGUOUS
Zin50,B,T3,T3,2,1.09221408680981,0,LOW_CONFIDENCE
Zin50,B,T3,T4_NEAR_T3,1,1.09219132632222,1,LOW_CONFIDENCE
Zin50,B,T3,T5,3,294.564238311326,0,LOW_CONFIDENCE
Zin50,C_control,T3,T3,2,1.09221408680981,0,LOW_CONFIDENCE
Zin50,C_control,T3,T4_NEAR_T3,1,1.09219132632222,1,LOW_CONFIDENCE
Zin50,C_control,T3,T5,3,294.564238311326,0,LOW_CONFIDENCE
Zin50,A,T3,T3,2,0.925901437808411,1,MULTIPLE_AMBIGUOUS
Zin50,A,T3,T4_NEAR_T3,1,0.925887459422382,1,MULTIPLE_AMBIGUOUS
Zin50,A,T3,T5,3,281.020467871185,0,MULTIPLE_AMBIGUOUS
Zin50,B,T3,T3,2,0.80334791511426,1,MULTIPLE_AMBIGUOUS
Zin50,B,T3,T4_NEAR_T3,1,0.803328780542978,1,MULTIPLE_AMBIGUOUS
Zin50,B,T3,T5,3,292.586056616624,0,MULTIPLE_AMBIGUOUS
Zin50,C_control,T3,T3,2,0.80334791511426,1,MULTIPLE_AMBIGUOUS
Zin50,C_control,T3,T4_NEAR_T3,1,0.803328780542978,1,MULTIPLE_AMBIGUOUS
Zin50,C_control,T3,T5,3,292.586056616624,0,MULTIPLE_AMBIGUOUS
Zin50,A,T3,T3,1,0.973631654328572,1,MULTIPLE_AMBIGUOUS
Zin50,A,T3,T4_NEAR_T3,2,0.973636752916745,1,MULTIPLE_AMBIGUOUS
Zin50,A,T3,T5,3,279.400914321107,0,MULTIPLE_AMBIGUOUS
Zin50,B,T3,T3,1,0.998346844410869,1,MULTIPLE_AMBIGUOUS
Zin50,B,T3,T4_NEAR_T3,2,0.998347905217285,1,MULTIPLE_AMBIGUOUS
Zin50,B,T3,T5,3,295.055573838906,0,MULTIPLE_AMBIGUOUS
Zin50,C_control,T3,T3,1,0.998346844410869,1,MULTIPLE_AMBIGUOUS
Zin50,C_control,T3,T4_NEAR_T3,2,0.998347905217285,1,MULTIPLE_AMBIGUOUS
Zin50,C_control,T3,T5,3,295.055573838906,0,MULTIPLE_AMBIGUOUS
Zin50,A,T3,T3,1,0.967781633276477,1,MULTIPLE_AMBIGUOUS
Zin50,A,T3,T4_NEAR_T3,2,0.967796896903602,1,MULTIPLE_AMBIGUOUS
Zin50,A,T3,T5,3,278.951921730694,0,MULTIPLE_AMBIGUOUS
Zin50,B,T3,T3,1,0.928622064769158,1,MULTIPLE_AMBIGUOUS
Zin50,B,T3,T4_NEAR_T3,2,0.928637839106121,1,MULTIPLE_AMBIGUOUS
Zin50,B,T3,T5,3,294.289097857773,0,MULTIPLE_AMBIGUOUS
Zin50,C_control,T3,T3,1,0.928622064769158,1,MULTIPLE_AMBIGUOUS
Zin50,C_control,T3,T4_NEAR_T3,2,0.928637839106121,1,MULTIPLE_AMBIGUOUS
Zin50,C_control,T3,T5,3,294.289097857773,0,MULTIPLE_AMBIGUOUS
Zin50,A,T3,T3,1,1.05973873836702,1,MULTIPLE_AMBIGUOUS
Zin50,A,T3,T4_NEAR_T3,2,1.05974558717187,1,MULTIPLE_AMBIGUOUS
Zin50,A,T3,T5,3,282.190823763739,0,MULTIPLE_AMBIGUOUS
Zin50,B,T3,T3,1,1.06779764514996,1,MULTIPLE_AMBIGUOUS
Zin50,B,T3,T4_NEAR_T3,2,1.06780495415894,1,MULTIPLE_AMBIGUOUS
Zin50,B,T3,T5,3,291.149166672303,0,MULTIPLE_AMBIGUOUS
Zin50,C_control,T3,T3,1,1.06779764514996,1,MULTIPLE_AMBIGUOUS
Zin50,C_control,T3,T4_NEAR_T3,2,1.06780495415894,1,MULTIPLE_AMBIGUOUS
Zin50,C_control,T3,T5,3,291.149166672303,0,MULTIPLE_AMBIGUOUS
Zin50,A,T3,T3,1,1.08931265282691,1,MULTIPLE_AMBIGUOUS
Zin50,A,T3,T4_NEAR_T3,2,1.08932613207718,1,MULTIPLE_AMBIGUOUS
Zin50,A,T3,T5,3,278.578435870312,0,MULTIPLE_AMBIGUOUS
Zin50,B,T3,T3,1,1.11239130904957,1,MULTIPLE_AMBIGUOUS
Zin50,B,T3,T4_NEAR_T3,2,1.11239638698574,1,MULTIPLE_AMBIGUOUS
Zin50,B,T3,T5,3,281.405925392115,0,MULTIPLE_AMBIGUOUS
Zin50,C_control,T3,T3,1,1.11239130904957,1,MULTIPLE_AMBIGUOUS
Zin50,C_control,T3,T4_NEAR_T3,2,1.11239638698574,1,MULTIPLE_AMBIGUOUS
Zin50,C_control,T3,T5,3,281.405925392115,0,MULTIPLE_AMBIGUOUS
Zin50,A,T3,T3,1,1.01884843164876,1,MULTIPLE_AMBIGUOUS
Zin50,A,T3,T4_NEAR_T3,2,1.01885791301248,1,MULTIPLE_AMBIGUOUS
Zin50,A,T3,T5,3,277.563171934234,0,MULTIPLE_AMBIGUOUS
Zin50,B,T3,T3,1,1.02925828363688,1,MULTIPLE_AMBIGUOUS
Zin50,B,T3,T4_NEAR_T3,2,1.02927757064551,1,MULTIPLE_AMBIGUOUS
Zin50,B,T3,T5,3,282.075762374642,0,MULTIPLE_AMBIGUOUS
Zin50,C_control,T3,T3,1,1.02925828363688,1,MULTIPLE_AMBIGUOUS
Zin50,C_control,T3,T4_NEAR_T3,2,1.02927757064551,1,MULTIPLE_AMBIGUOUS
Zin50,C_control,T3,T5,3,282.075762374642,0,MULTIPLE_AMBIGUOUS
Zin50,A,T3,T3,1,0.90396127520276,1,MULTIPLE_AMBIGUOUS
Zin50,A,T3,T4_NEAR_T3,2,0.903981546662149,1,MULTIPLE_AMBIGUOUS
Zin50,A,T3,T5,3,279.978069816997,0,MULTIPLE_AMBIGUOUS
Zin50,B,T3,T3,1,0.881412199030316,1,LOW_CONFIDENCE
Zin50,B,T3,T4_NEAR_T3,2,0.881436513754592,0,LOW_CONFIDENCE
Zin50,B,T3,T5,3,292.665429289051,0,LOW_CONFIDENCE
Zin50,C_control,T3,T3,1,0.881412199030316,1,LOW_CONFIDENCE
Zin50,C_control,T3,T4_NEAR_T3,2,0.881436513754592,0,LOW_CONFIDENCE
Zin50,C_control,T3,T5,3,292.665429289051,0,LOW_CONFIDENCE
Zin50,A,T3,T3,2,1.09955973197811,1,MULTIPLE_AMBIGUOUS
Zin50,A,T3,T4_NEAR_T3,1,1.09955782849979,1,MULTIPLE_AMBIGUOUS
Zin50,A,T3,T5,3,280.789089363905,0,MULTIPLE_AMBIGUOUS
Zin50,B,T3,T3,2,1.12462883028664,1,MULTIPLE_AMBIGUOUS
Zin50,B,T3,T4_NEAR_T3,1,1.124621924923,1,MULTIPLE_AMBIGUOUS
Zin50,B,T3,T5,3,290.162606684065,0,MULTIPLE_AMBIGUOUS
Zin50,C_control,T3,T3,2,1.12462883028664,1,MULTIPLE_AMBIGUOUS
Zin50,C_control,T3,T4_NEAR_T3,1,1.124621924923,1,MULTIPLE_AMBIGUOUS
Zin50,C_control,T3,T5,3,290.162606684065,0,MULTIPLE_AMBIGUOUS
Zin50,A,T3,T3,1,0.9296431110345,1,MULTIPLE_AMBIGUOUS
Zin50,A,T3,T4_NEAR_T3,2,0.929648096378644,1,MULTIPLE_AMBIGUOUS
Zin50,A,T3,T5,3,279.714190522021,0,MULTIPLE_AMBIGUOUS
Zin50,B,T3,T3,1,0.89481030544285,1,MULTIPLE_AMBIGUOUS
Zin50,B,T3,T4_NEAR_T3,2,0.894829772244198,1,MULTIPLE_AMBIGUOUS
Zin50,B,T3,T5,3,294.000450409025,0,MULTIPLE_AMBIGUOUS
Zin50,C_control,T3,T3,1,0.89481030544285,1,MULTIPLE_AMBIGUOUS
Zin50,C_control,T3,T4_NEAR_T3,2,0.894829772244198,1,MULTIPLE_AMBIGUOUS
Zin50,C_control,T3,T5,3,294.000450409025,0,MULTIPLE_AMBIGUOUS
Zin50,A,T4_NEAR_T3,T3,2,1.03474283691298,1,MULTIPLE_AMBIGUOUS
Zin50,A,T4_NEAR_T3,T4_NEAR_T3,1,1.03474248826667,1,MULTIPLE_AMBIGUOUS
Zin50,A,T4_NEAR_T3,T5,3,284.432863066516,0,MULTIPLE_AMBIGUOUS
Zin50,B,T4_NEAR_T3,T3,2,1.03825940814562,1,MULTIPLE_AMBIGUOUS
Zin50,B,T4_NEAR_T3,T4_NEAR_T3,1,1.03824584224227,1,MULTIPLE_AMBIGUOUS
Zin50,B,T4_NEAR_T3,T5,3,293.774695060061,0,MULTIPLE_AMBIGUOUS
Zin50,C_control,T4_NEAR_T3,T3,2,1.03825940814562,1,MULTIPLE_AMBIGUOUS
Zin50,C_control,T4_NEAR_T3,T4_NEAR_T3,1,1.03824584224227,1,MULTIPLE_AMBIGUOUS
Zin50,C_control,T4_NEAR_T3,T5,3,293.774695060061,0,MULTIPLE_AMBIGUOUS
Zin50,A,T4_NEAR_T3,T3,1,0.901744755305354,1,MULTIPLE_AMBIGUOUS
Zin50,A,T4_NEAR_T3,T4_NEAR_T3,2,0.901764411965843,1,MULTIPLE_AMBIGUOUS
Zin50,A,T4_NEAR_T3,T5,3,279.236380951452,0,MULTIPLE_AMBIGUOUS
Zin50,B,T4_NEAR_T3,T3,1,0.921043498766979,1,MULTIPLE_AMBIGUOUS
Zin50,B,T4_NEAR_T3,T4_NEAR_T3,2,0.921054965961127,1,MULTIPLE_AMBIGUOUS
Zin50,B,T4_NEAR_T3,T5,3,294.442744693252,0,MULTIPLE_AMBIGUOUS
Zin50,C_control,T4_NEAR_T3,T3,1,0.921043498766979,1,MULTIPLE_AMBIGUOUS
Zin50,C_control,T4_NEAR_T3,T4_NEAR_T3,2,0.921054965961127,1,MULTIPLE_AMBIGUOUS
Zin50,C_control,T4_NEAR_T3,T5,3,294.442744693252,0,MULTIPLE_AMBIGUOUS
Zin50,A,T4_NEAR_T3,T3,1,0.973329053413718,1,MULTIPLE_AMBIGUOUS
Zin50,A,T4_NEAR_T3,T4_NEAR_T3,2,0.973350837646658,1,MULTIPLE_AMBIGUOUS
Zin50,A,T4_NEAR_T3,T5,3,282.605180577222,0,MULTIPLE_AMBIGUOUS
Zin50,B,T4_NEAR_T3,T3,1,0.98949326486175,1,LOW_CONFIDENCE
Zin50,B,T4_NEAR_T3,T4_NEAR_T3,2,0.98951315332288,0,LOW_CONFIDENCE
Zin50,B,T4_NEAR_T3,T5,3,295.228789437256,0,LOW_CONFIDENCE
Zin50,C_control,T4_NEAR_T3,T3,1,0.98949326486175,1,LOW_CONFIDENCE
Zin50,C_control,T4_NEAR_T3,T4_NEAR_T3,2,0.98951315332288,0,LOW_CONFIDENCE
Zin50,C_control,T4_NEAR_T3,T5,3,295.228789437256,0,LOW_CONFIDENCE
Zin50,A,T4_NEAR_T3,T3,2,1.11053199842144,1,LOW_CONFIDENCE
Zin50,A,T4_NEAR_T3,T4_NEAR_T3,1,1.11052613302117,0,LOW_CONFIDENCE
Zin50,A,T4_NEAR_T3,T5,3,280.931176340858,0,LOW_CONFIDENCE
Zin50,B,T4_NEAR_T3,T3,2,1.06932288107311,1,MULTIPLE_AMBIGUOUS
Zin50,B,T4_NEAR_T3,T4_NEAR_T3,1,1.0693142607793,1,MULTIPLE_AMBIGUOUS
Zin50,B,T4_NEAR_T3,T5,3,295.020781261071,0,MULTIPLE_AMBIGUOUS
Zin50,C_control,T4_NEAR_T3,T3,2,1.06932288107311,1,MULTIPLE_AMBIGUOUS
Zin50,C_control,T4_NEAR_T3,T4_NEAR_T3,1,1.0693142607793,1,MULTIPLE_AMBIGUOUS
Zin50,C_control,T4_NEAR_T3,T5,3,295.020781261071,0,MULTIPLE_AMBIGUOUS
Zin50,A,T4_NEAR_T3,T3,2,0.910655530348221,1,MULTIPLE_AMBIGUOUS
Zin50,A,T4_NEAR_T3,T4_NEAR_T3,1,0.910653987185541,1,MULTIPLE_AMBIGUOUS
Zin50,A,T4_NEAR_T3,T5,3,281.456001107296,0,MULTIPLE_AMBIGUOUS
Zin50,B,T4_NEAR_T3,T3,2,0.861941859713453,0,LOW_CONFIDENCE
Zin50,B,T4_NEAR_T3,T4_NEAR_T3,1,0.861917529386805,1,LOW_CONFIDENCE
Zin50,B,T4_NEAR_T3,T5,3,295.191528518858,0,LOW_CONFIDENCE
Zin50,C_control,T4_NEAR_T3,T3,2,0.861941859713453,0,LOW_CONFIDENCE
Zin50,C_control,T4_NEAR_T3,T4_NEAR_T3,1,0.861917529386805,1,LOW_CONFIDENCE
Zin50,C_control,T4_NEAR_T3,T5,3,295.191528518858,0,LOW_CONFIDENCE
Zin50,A,T4_NEAR_T3,T3,1,0.866630315302325,1,MULTIPLE_AMBIGUOUS
Zin50,A,T4_NEAR_T3,T4_NEAR_T3,2,0.866632323382903,1,MULTIPLE_AMBIGUOUS
Zin50,A,T4_NEAR_T3,T5,3,282.933279120125,0,MULTIPLE_AMBIGUOUS
Zin50,B,T4_NEAR_T3,T3,1,0.841288178663685,1,MULTIPLE_AMBIGUOUS
Zin50,B,T4_NEAR_T3,T4_NEAR_T3,2,0.841288550005723,1,MULTIPLE_AMBIGUOUS
Zin50,B,T4_NEAR_T3,T5,3,295.205057342959,0,MULTIPLE_AMBIGUOUS
Zin50,C_control,T4_NEAR_T3,T3,1,0.841288178663685,1,MULTIPLE_AMBIGUOUS
Zin50,C_control,T4_NEAR_T3,T4_NEAR_T3,2,0.841288550005723,1,MULTIPLE_AMBIGUOUS
Zin50,C_control,T4_NEAR_T3,T5,3,295.205057342959,0,MULTIPLE_AMBIGUOUS
Zin50,A,T4_NEAR_T3,T3,2,1.02722852693438,1,MULTIPLE_AMBIGUOUS
Zin50,A,T4_NEAR_T3,T4_NEAR_T3,1,1.02722435797005,1,MULTIPLE_AMBIGUOUS
Zin50,A,T4_NEAR_T3,T5,3,278.545524759425,0,MULTIPLE_AMBIGUOUS
Zin50,B,T4_NEAR_T3,T3,1,1.03826794805797,1,MULTIPLE_AMBIGUOUS
Zin50,B,T4_NEAR_T3,T4_NEAR_T3,2,1.0382683503201,1,MULTIPLE_AMBIGUOUS
Zin50,B,T4_NEAR_T3,T5,3,293.749983948775,0,MULTIPLE_AMBIGUOUS
Zin50,C_control,T4_NEAR_T3,T3,1,1.03826794805797,1,MULTIPLE_AMBIGUOUS
Zin50,C_control,T4_NEAR_T3,T4_NEAR_T3,2,1.0382683503201,1,MULTIPLE_AMBIGUOUS
Zin50,C_control,T4_NEAR_T3,T5,3,293.749983948775,0,MULTIPLE_AMBIGUOUS
Zin50,A,T4_NEAR_T3,T3,1,1.07001040608254,1,MULTIPLE_AMBIGUOUS
Zin50,A,T4_NEAR_T3,T4_NEAR_T3,2,1.07002528006756,1,MULTIPLE_AMBIGUOUS
Zin50,A,T4_NEAR_T3,T5,3,281.854753486904,0,MULTIPLE_AMBIGUOUS
Zin50,B,T4_NEAR_T3,T3,1,1.1117860479904,1,MULTIPLE_AMBIGUOUS
Zin50,B,T4_NEAR_T3,T4_NEAR_T3,2,1.11179612733546,1,MULTIPLE_AMBIGUOUS
Zin50,B,T4_NEAR_T3,T5,3,292.354525702635,0,MULTIPLE_AMBIGUOUS
Zin50,C_control,T4_NEAR_T3,T3,1,1.1117860479904,1,MULTIPLE_AMBIGUOUS
Zin50,C_control,T4_NEAR_T3,T4_NEAR_T3,2,1.11179612733546,1,MULTIPLE_AMBIGUOUS
Zin50,C_control,T4_NEAR_T3,T5,3,292.354525702635,0,MULTIPLE_AMBIGUOUS
Zin50,A,T4_NEAR_T3,T3,2,0.972215064152347,1,MULTIPLE_AMBIGUOUS
Zin50,A,T4_NEAR_T3,T4_NEAR_T3,1,0.972206398442089,1,MULTIPLE_AMBIGUOUS
Zin50,A,T4_NEAR_T3,T5,3,276.305626427906,0,MULTIPLE_AMBIGUOUS
Zin50,B,T4_NEAR_T3,T3,2,1.01356065028362,1,MULTIPLE_AMBIGUOUS
Zin50,B,T4_NEAR_T3,T4_NEAR_T3,1,1.01354431782892,1,MULTIPLE_AMBIGUOUS
Zin50,B,T4_NEAR_T3,T5,3,281.793086324398,0,MULTIPLE_AMBIGUOUS
Zin50,C_control,T4_NEAR_T3,T3,2,1.01356065028362,1,MULTIPLE_AMBIGUOUS
Zin50,C_control,T4_NEAR_T3,T4_NEAR_T3,1,1.01354431782892,1,MULTIPLE_AMBIGUOUS
Zin50,C_control,T4_NEAR_T3,T5,3,281.793086324398,0,MULTIPLE_AMBIGUOUS
Zin50,A,T4_NEAR_T3,T3,2,0.968845474018648,1,MULTIPLE_AMBIGUOUS
Zin50,A,T4_NEAR_T3,T4_NEAR_T3,1,0.968842043408477,1,MULTIPLE_AMBIGUOUS
Zin50,A,T4_NEAR_T3,T5,3,283.446664652033,0,MULTIPLE_AMBIGUOUS
Zin50,B,T4_NEAR_T3,T3,1,0.908865215634276,1,MULTIPLE_AMBIGUOUS
Zin50,B,T4_NEAR_T3,T4_NEAR_T3,2,0.908872044359009,1,MULTIPLE_AMBIGUOUS
Zin50,B,T4_NEAR_T3,T5,3,295.492557426062,0,MULTIPLE_AMBIGUOUS
Zin50,C_control,T4_NEAR_T3,T3,1,0.908865215634276,1,MULTIPLE_AMBIGUOUS
Zin50,C_control,T4_NEAR_T3,T4_NEAR_T3,2,0.908872044359009,1,MULTIPLE_AMBIGUOUS
Zin50,C_control,T4_NEAR_T3,T5,3,295.492557426062,0,MULTIPLE_AMBIGUOUS
Zin50,A,T4_NEAR_T3,T3,2,1.04148684988388,1,MULTIPLE_AMBIGUOUS
Zin50,A,T4_NEAR_T3,T4_NEAR_T3,1,1.04147645865437,1,MULTIPLE_AMBIGUOUS
Zin50,A,T4_NEAR_T3,T5,3,279.599660499457,0,MULTIPLE_AMBIGUOUS
Zin50,B,T4_NEAR_T3,T3,2,0.950633547166,1,REJECTED
Zin50,B,T4_NEAR_T3,T4_NEAR_T3,1,0.950624424092197,1,REJECTED
Zin50,B,T4_NEAR_T3,T5,3,294.438837674731,0,REJECTED
Zin50,C_control,T4_NEAR_T3,T3,2,0.950633547166,1,REJECTED
Zin50,C_control,T4_NEAR_T3,T4_NEAR_T3,1,0.950624424092197,1,REJECTED
Zin50,C_control,T4_NEAR_T3,T5,3,294.438837674731,0,REJECTED
Zin50,A,T4_NEAR_T3,T3,2,1.06228063791723,1,MULTIPLE_AMBIGUOUS
Zin50,A,T4_NEAR_T3,T4_NEAR_T3,1,1.06227781967116,1,MULTIPLE_AMBIGUOUS
Zin50,A,T4_NEAR_T3,T5,3,279.499867420954,0,MULTIPLE_AMBIGUOUS
Zin50,B,T4_NEAR_T3,T3,2,1.06003163425751,1,MULTIPLE_AMBIGUOUS
Zin50,B,T4_NEAR_T3,T4_NEAR_T3,1,1.06002597661025,1,MULTIPLE_AMBIGUOUS
Zin50,B,T4_NEAR_T3,T5,3,294.959031669737,0,MULTIPLE_AMBIGUOUS
Zin50,C_control,T4_NEAR_T3,T3,2,1.06003163425751,1,MULTIPLE_AMBIGUOUS
Zin50,C_control,T4_NEAR_T3,T4_NEAR_T3,1,1.06002597661025,1,MULTIPLE_AMBIGUOUS
Zin50,C_control,T4_NEAR_T3,T5,3,294.959031669737,0,MULTIPLE_AMBIGUOUS
Zin50,A,T4_NEAR_T3,T3,2,0.964203293648061,1,MULTIPLE_AMBIGUOUS
Zin50,A,T4_NEAR_T3,T4_NEAR_T3,1,0.96419233476849,1,MULTIPLE_AMBIGUOUS
Zin50,A,T4_NEAR_T3,T5,3,281.319729447604,0,MULTIPLE_AMBIGUOUS
Zin50,B,T4_NEAR_T3,T3,2,0.981369723063316,1,MULTIPLE_AMBIGUOUS
Zin50,B,T4_NEAR_T3,T4_NEAR_T3,1,0.981357784738108,1,MULTIPLE_AMBIGUOUS
Zin50,B,T4_NEAR_T3,T5,3,291.988177139314,0,MULTIPLE_AMBIGUOUS
Zin50,C_control,T4_NEAR_T3,T3,2,0.981369723063316,1,MULTIPLE_AMBIGUOUS
Zin50,C_control,T4_NEAR_T3,T4_NEAR_T3,1,0.981357784738108,1,MULTIPLE_AMBIGUOUS
Zin50,C_control,T4_NEAR_T3,T5,3,291.988177139314,0,MULTIPLE_AMBIGUOUS
Zin50,A,T4_NEAR_T3,T3,1,0.921278440538034,1,MULTIPLE_AMBIGUOUS
Zin50,A,T4_NEAR_T3,T4_NEAR_T3,2,0.921292310798121,1,MULTIPLE_AMBIGUOUS
Zin50,A,T4_NEAR_T3,T5,3,280.112540437505,0,MULTIPLE_AMBIGUOUS
Zin50,B,T4_NEAR_T3,T3,1,0.959061354956624,1,LOW_CONFIDENCE
Zin50,B,T4_NEAR_T3,T4_NEAR_T3,2,0.959085820913153,0,LOW_CONFIDENCE
Zin50,B,T4_NEAR_T3,T5,3,295.030176587048,0,LOW_CONFIDENCE
Zin50,C_control,T4_NEAR_T3,T3,1,0.959061354956624,1,LOW_CONFIDENCE
Zin50,C_control,T4_NEAR_T3,T4_NEAR_T3,2,0.959085820913153,0,LOW_CONFIDENCE
Zin50,C_control,T4_NEAR_T3,T5,3,295.030176587048,0,LOW_CONFIDENCE
Zin50,A,T4_NEAR_T3,T3,2,1.03826114707513,1,MULTIPLE_AMBIGUOUS
Zin50,A,T4_NEAR_T3,T4_NEAR_T3,1,1.03826017512397,1,MULTIPLE_AMBIGUOUS
Zin50,A,T4_NEAR_T3,T5,3,278.92099612952,0,MULTIPLE_AMBIGUOUS
Zin50,B,T4_NEAR_T3,T3,1,1.08323758230692,1,MULTIPLE_AMBIGUOUS
Zin50,B,T4_NEAR_T3,T4_NEAR_T3,2,1.08324054103513,1,MULTIPLE_AMBIGUOUS
Zin50,B,T4_NEAR_T3,T5,3,284.055007079661,0,MULTIPLE_AMBIGUOUS
Zin50,C_control,T4_NEAR_T3,T3,1,1.08323758230692,1,MULTIPLE_AMBIGUOUS
Zin50,C_control,T4_NEAR_T3,T4_NEAR_T3,2,1.08324054103513,1,MULTIPLE_AMBIGUOUS
Zin50,C_control,T4_NEAR_T3,T5,3,284.055007079661,0,MULTIPLE_AMBIGUOUS
Zin50,A,T4_NEAR_T3,T3,2,0.939732574989988,1,MULTIPLE_AMBIGUOUS
Zin50,A,T4_NEAR_T3,T4_NEAR_T3,1,0.939731793803216,1,MULTIPLE_AMBIGUOUS
Zin50,A,T4_NEAR_T3,T5,3,276.877877619943,0,MULTIPLE_AMBIGUOUS
Zin50,B,T4_NEAR_T3,T3,2,0.847667627756484,1,MULTIPLE_AMBIGUOUS
Zin50,B,T4_NEAR_T3,T4_NEAR_T3,1,0.847657363582715,1,MULTIPLE_AMBIGUOUS
Zin50,B,T4_NEAR_T3,T5,3,284.133180254593,0,MULTIPLE_AMBIGUOUS
Zin50,C_control,T4_NEAR_T3,T3,2,0.847667627756484,1,MULTIPLE_AMBIGUOUS
Zin50,C_control,T4_NEAR_T3,T4_NEAR_T3,1,0.847657363582715,1,MULTIPLE_AMBIGUOUS
Zin50,C_control,T4_NEAR_T3,T5,3,284.133180254593,0,MULTIPLE_AMBIGUOUS
Zin50,A,T4_NEAR_T3,T3,2,0.883808218813861,1,MULTIPLE_AMBIGUOUS
Zin50,A,T4_NEAR_T3,T4_NEAR_T3,1,0.883805302205853,1,MULTIPLE_AMBIGUOUS
Zin50,A,T4_NEAR_T3,T5,3,277.322062006033,0,MULTIPLE_AMBIGUOUS
Zin50,B,T4_NEAR_T3,T3,2,0.883699911300302,1,MULTIPLE_AMBIGUOUS
Zin50,B,T4_NEAR_T3,T4_NEAR_T3,1,0.883691349093082,1,MULTIPLE_AMBIGUOUS
Zin50,B,T4_NEAR_T3,T5,3,282.114635031811,0,MULTIPLE_AMBIGUOUS
Zin50,C_control,T4_NEAR_T3,T3,2,0.883699911300302,1,MULTIPLE_AMBIGUOUS
Zin50,C_control,T4_NEAR_T3,T4_NEAR_T3,1,0.883691349093082,1,MULTIPLE_AMBIGUOUS
Zin50,C_control,T4_NEAR_T3,T5,3,282.114635031811,0,MULTIPLE_AMBIGUOUS
Zin50,A,T4_NEAR_T3,T3,2,0.886432964373058,1,MULTIPLE_AMBIGUOUS
Zin50,A,T4_NEAR_T3,T4_NEAR_T3,1,0.886430583887993,1,MULTIPLE_AMBIGUOUS
Zin50,A,T4_NEAR_T3,T5,3,279.73065897237,0,MULTIPLE_AMBIGUOUS
Zin50,B,T4_NEAR_T3,T3,1,0.911889041521942,1,MULTIPLE_AMBIGUOUS
Zin50,B,T4_NEAR_T3,T4_NEAR_T3,2,0.91189172060938,1,MULTIPLE_AMBIGUOUS
Zin50,B,T4_NEAR_T3,T5,3,294.544214881851,0,MULTIPLE_AMBIGUOUS
Zin50,C_control,T4_NEAR_T3,T3,1,0.911889041521942,1,MULTIPLE_AMBIGUOUS
Zin50,C_control,T4_NEAR_T3,T4_NEAR_T3,2,0.91189172060938,1,MULTIPLE_AMBIGUOUS
Zin50,C_control,T4_NEAR_T3,T5,3,294.544214881851,0,MULTIPLE_AMBIGUOUS
Zin50,A,T4_NEAR_T3,T3,2,1.11322424001556,1,LOW_CONFIDENCE
Zin50,A,T4_NEAR_T3,T4_NEAR_T3,1,1.11320467443184,0,LOW_CONFIDENCE
Zin50,A,T4_NEAR_T3,T5,3,279.557428986981,0,LOW_CONFIDENCE
Zin50,B,T4_NEAR_T3,T3,2,1.09054117042526,1,MULTIPLE_AMBIGUOUS
Zin50,B,T4_NEAR_T3,T4_NEAR_T3,1,1.09052431251328,1,MULTIPLE_AMBIGUOUS
Zin50,B,T4_NEAR_T3,T5,3,284.417227934939,0,MULTIPLE_AMBIGUOUS
Zin50,C_control,T4_NEAR_T3,T3,2,1.09054117042526,1,MULTIPLE_AMBIGUOUS
Zin50,C_control,T4_NEAR_T3,T4_NEAR_T3,1,1.09052431251328,1,MULTIPLE_AMBIGUOUS
Zin50,C_control,T4_NEAR_T3,T5,3,284.417227934939,0,MULTIPLE_AMBIGUOUS
Zin50,A,T4_NEAR_T3,T3,1,0.913584406727489,1,MULTIPLE_AMBIGUOUS
Zin50,A,T4_NEAR_T3,T4_NEAR_T3,2,0.913605950799464,1,MULTIPLE_AMBIGUOUS
Zin50,A,T4_NEAR_T3,T5,3,283.379707360533,0,MULTIPLE_AMBIGUOUS
Zin50,B,T4_NEAR_T3,T3,1,0.85653137793128,1,MULTIPLE_AMBIGUOUS
Zin50,B,T4_NEAR_T3,T4_NEAR_T3,2,0.856547054063839,1,MULTIPLE_AMBIGUOUS
Zin50,B,T4_NEAR_T3,T5,3,292.165163122239,0,MULTIPLE_AMBIGUOUS
Zin50,C_control,T4_NEAR_T3,T3,1,0.85653137793128,1,MULTIPLE_AMBIGUOUS
Zin50,C_control,T4_NEAR_T3,T4_NEAR_T3,2,0.856547054063839,1,MULTIPLE_AMBIGUOUS
Zin50,C_control,T4_NEAR_T3,T5,3,292.165163122239,0,MULTIPLE_AMBIGUOUS
Zin50,A,T4_NEAR_T3,T3,1,0.882386249396113,1,MULTIPLE_AMBIGUOUS
Zin50,A,T4_NEAR_T3,T4_NEAR_T3,2,0.88238989808313,1,MULTIPLE_AMBIGUOUS
Zin50,A,T4_NEAR_T3,T5,3,282.823178577339,0,MULTIPLE_AMBIGUOUS
Zin50,B,T4_NEAR_T3,T3,2,0.831965831554413,1,MULTIPLE_AMBIGUOUS
Zin50,B,T4_NEAR_T3,T4_NEAR_T3,1,0.831960986625649,1,MULTIPLE_AMBIGUOUS
Zin50,B,T4_NEAR_T3,T5,3,295.233803183614,0,MULTIPLE_AMBIGUOUS
Zin50,C_control,T4_NEAR_T3,T3,2,0.831965831554413,1,MULTIPLE_AMBIGUOUS
Zin50,C_control,T4_NEAR_T3,T4_NEAR_T3,1,0.831960986625649,1,MULTIPLE_AMBIGUOUS
Zin50,C_control,T4_NEAR_T3,T5,3,295.233803183614,0,MULTIPLE_AMBIGUOUS
Zin50,A,T4_NEAR_T3,T3,1,0.95173516916482,1,MULTIPLE_AMBIGUOUS
Zin50,A,T4_NEAR_T3,T4_NEAR_T3,2,0.951735407092716,1,MULTIPLE_AMBIGUOUS
Zin50,A,T4_NEAR_T3,T5,3,281.627899801981,0,MULTIPLE_AMBIGUOUS
Zin50,B,T4_NEAR_T3,T3,2,0.951058122983052,1,MULTIPLE_AMBIGUOUS
Zin50,B,T4_NEAR_T3,T4_NEAR_T3,1,0.951038865822192,1,MULTIPLE_AMBIGUOUS
Zin50,B,T4_NEAR_T3,T5,3,290.446712323106,0,MULTIPLE_AMBIGUOUS
Zin50,C_control,T4_NEAR_T3,T3,2,0.951058122983052,1,MULTIPLE_AMBIGUOUS
Zin50,C_control,T4_NEAR_T3,T4_NEAR_T3,1,0.951038865822192,1,MULTIPLE_AMBIGUOUS
Zin50,C_control,T4_NEAR_T3,T5,3,290.446712323106,0,MULTIPLE_AMBIGUOUS
Zin50,A,T4_NEAR_T3,T3,2,1.08379919980766,1,MULTIPLE_AMBIGUOUS
Zin50,A,T4_NEAR_T3,T4_NEAR_T3,1,1.08378545944612,1,MULTIPLE_AMBIGUOUS
Zin50,A,T4_NEAR_T3,T5,3,279.36876885079,0,MULTIPLE_AMBIGUOUS
Zin50,B,T4_NEAR_T3,T3,1,1.03189080570272,1,MULTIPLE_AMBIGUOUS
Zin50,B,T4_NEAR_T3,T4_NEAR_T3,2,1.03189110260993,1,MULTIPLE_AMBIGUOUS
Zin50,B,T4_NEAR_T3,T5,3,296.969973735522,0,MULTIPLE_AMBIGUOUS
Zin50,C_control,T4_NEAR_T3,T3,1,1.03189080570272,1,MULTIPLE_AMBIGUOUS
Zin50,C_control,T4_NEAR_T3,T4_NEAR_T3,2,1.03189110260993,1,MULTIPLE_AMBIGUOUS
Zin50,C_control,T4_NEAR_T3,T5,3,296.969973735522,0,MULTIPLE_AMBIGUOUS
Zin50,A,T4_NEAR_T3,T3,1,0.927249118256836,1,MULTIPLE_AMBIGUOUS
Zin50,A,T4_NEAR_T3,T4_NEAR_T3,2,0.927265042219541,1,MULTIPLE_AMBIGUOUS
Zin50,A,T4_NEAR_T3,T5,3,280.00447666105,0,MULTIPLE_AMBIGUOUS
Zin50,B,T4_NEAR_T3,T3,1,0.934984757135077,1,MULTIPLE_AMBIGUOUS
Zin50,B,T4_NEAR_T3,T4_NEAR_T3,2,0.935000968380672,1,MULTIPLE_AMBIGUOUS
Zin50,B,T4_NEAR_T3,T5,3,295.255311518293,0,MULTIPLE_AMBIGUOUS
Zin50,C_control,T4_NEAR_T3,T3,1,0.934984757135077,1,MULTIPLE_AMBIGUOUS
Zin50,C_control,T4_NEAR_T3,T4_NEAR_T3,2,0.935000968380672,1,MULTIPLE_AMBIGUOUS
Zin50,C_control,T4_NEAR_T3,T5,3,295.255311518293,0,MULTIPLE_AMBIGUOUS
Zin50,A,T4_NEAR_T3,T3,1,0.924198302737471,1,MULTIPLE_AMBIGUOUS
Zin50,A,T4_NEAR_T3,T4_NEAR_T3,2,0.924214658705701,1,MULTIPLE_AMBIGUOUS
Zin50,A,T4_NEAR_T3,T5,3,283.835057241929,0,MULTIPLE_AMBIGUOUS
Zin50,B,T4_NEAR_T3,T3,1,0.884085280456046,1,MULTIPLE_AMBIGUOUS
Zin50,B,T4_NEAR_T3,T4_NEAR_T3,2,0.884101924281749,1,MULTIPLE_AMBIGUOUS
Zin50,B,T4_NEAR_T3,T5,3,295.290682743722,0,MULTIPLE_AMBIGUOUS
Zin50,C_control,T4_NEAR_T3,T3,1,0.884085280456046,1,MULTIPLE_AMBIGUOUS
Zin50,C_control,T4_NEAR_T3,T4_NEAR_T3,2,0.884101924281749,1,MULTIPLE_AMBIGUOUS
Zin50,C_control,T4_NEAR_T3,T5,3,295.290682743722,0,MULTIPLE_AMBIGUOUS
Zin50,A,T4_NEAR_T3,T3,1,0.93504907740872,1,MULTIPLE_AMBIGUOUS
Zin50,A,T4_NEAR_T3,T4_NEAR_T3,2,0.935059359853545,1,MULTIPLE_AMBIGUOUS
Zin50,A,T4_NEAR_T3,T5,3,279.667412554778,0,MULTIPLE_AMBIGUOUS
Zin50,B,T4_NEAR_T3,T3,1,0.9202647815981,1,MULTIPLE_AMBIGUOUS
Zin50,B,T4_NEAR_T3,T4_NEAR_T3,2,0.920275448031411,1,MULTIPLE_AMBIGUOUS
Zin50,B,T4_NEAR_T3,T5,3,289.137193087657,0,MULTIPLE_AMBIGUOUS
Zin50,C_control,T4_NEAR_T3,T3,1,0.9202647815981,1,MULTIPLE_AMBIGUOUS
Zin50,C_control,T4_NEAR_T3,T4_NEAR_T3,2,0.920275448031411,1,MULTIPLE_AMBIGUOUS
Zin50,C_control,T4_NEAR_T3,T5,3,289.137193087657,0,MULTIPLE_AMBIGUOUS
Zin50,A,T4_NEAR_T3,T3,1,0.889793339633227,1,MULTIPLE_AMBIGUOUS
Zin50,A,T4_NEAR_T3,T4_NEAR_T3,2,0.889795162175224,1,MULTIPLE_AMBIGUOUS
Zin50,A,T4_NEAR_T3,T5,3,283.590782011964,0,MULTIPLE_AMBIGUOUS
Zin50,B,T4_NEAR_T3,T3,1,0.905160740535333,1,MULTIPLE_AMBIGUOUS
Zin50,B,T4_NEAR_T3,T4_NEAR_T3,2,0.905164608832598,1,MULTIPLE_AMBIGUOUS
Zin50,B,T4_NEAR_T3,T5,3,292.578798177953,0,MULTIPLE_AMBIGUOUS
Zin50,C_control,T4_NEAR_T3,T3,1,0.905160740535333,1,MULTIPLE_AMBIGUOUS
Zin50,C_control,T4_NEAR_T3,T4_NEAR_T3,2,0.905164608832598,1,MULTIPLE_AMBIGUOUS
Zin50,C_control,T4_NEAR_T3,T5,3,292.578798177953,0,MULTIPLE_AMBIGUOUS
Zin50,A,T4_NEAR_T3,T3,1,1.05236835957934,1,MULTIPLE_AMBIGUOUS
Zin50,A,T4_NEAR_T3,T4_NEAR_T3,2,1.05237568031567,1,MULTIPLE_AMBIGUOUS
Zin50,A,T4_NEAR_T3,T5,3,278.488406106653,0,MULTIPLE_AMBIGUOUS
Zin50,B,T4_NEAR_T3,T3,1,1.10294280813953,1,MULTIPLE_AMBIGUOUS
Zin50,B,T4_NEAR_T3,T4_NEAR_T3,2,1.10296140148715,1,MULTIPLE_AMBIGUOUS
Zin50,B,T4_NEAR_T3,T5,3,286.609835640209,0,MULTIPLE_AMBIGUOUS
Zin50,C_control,T4_NEAR_T3,T3,1,1.10294280813953,1,MULTIPLE_AMBIGUOUS
Zin50,C_control,T4_NEAR_T3,T4_NEAR_T3,2,1.10296140148715,1,MULTIPLE_AMBIGUOUS
Zin50,C_control,T4_NEAR_T3,T5,3,286.609835640209,0,MULTIPLE_AMBIGUOUS
Zin50,A,T4_NEAR_T3,T3,1,0.930287999584306,1,MULTIPLE_AMBIGUOUS
Zin50,A,T4_NEAR_T3,T4_NEAR_T3,2,0.930306776530869,1,MULTIPLE_AMBIGUOUS
Zin50,A,T4_NEAR_T3,T5,3,276.827387412967,0,MULTIPLE_AMBIGUOUS
Zin50,B,T4_NEAR_T3,T3,1,0.926090374506244,1,LOW_CONFIDENCE
Zin50,B,T4_NEAR_T3,T4_NEAR_T3,2,0.926112368161748,0,LOW_CONFIDENCE
Zin50,B,T4_NEAR_T3,T5,3,280.317145597101,0,LOW_CONFIDENCE
Zin50,C_control,T4_NEAR_T3,T3,1,0.926090374506244,1,LOW_CONFIDENCE
Zin50,C_control,T4_NEAR_T3,T4_NEAR_T3,2,0.926112368161748,0,LOW_CONFIDENCE
Zin50,C_control,T4_NEAR_T3,T5,3,280.317145597101,0,LOW_CONFIDENCE
Zin50,A,T4_NEAR_T3,T3,2,1.04576984383055,1,MULTIPLE_AMBIGUOUS
Zin50,A,T4_NEAR_T3,T4_NEAR_T3,1,1.04575911787819,1,MULTIPLE_AMBIGUOUS
Zin50,A,T4_NEAR_T3,T5,3,280.031651270966,0,MULTIPLE_AMBIGUOUS
Zin50,B,T4_NEAR_T3,T3,2,1.0171960379213,1,MULTIPLE_AMBIGUOUS
Zin50,B,T4_NEAR_T3,T4_NEAR_T3,1,1.01718887931916,1,MULTIPLE_AMBIGUOUS
Zin50,B,T4_NEAR_T3,T5,3,293.648914339769,0,MULTIPLE_AMBIGUOUS
Zin50,C_control,T4_NEAR_T3,T3,2,1.0171960379213,1,MULTIPLE_AMBIGUOUS
Zin50,C_control,T4_NEAR_T3,T4_NEAR_T3,1,1.01718887931916,1,MULTIPLE_AMBIGUOUS
Zin50,C_control,T4_NEAR_T3,T5,3,293.648914339769,0,MULTIPLE_AMBIGUOUS
Zin50,A,T5,T3,2,286.233651820845,0,UNIQUE_CONFIDENT
Zin50,A,T5,T4_NEAR_T3,3,286.233652582678,0,UNIQUE_CONFIDENT
Zin50,A,T5,T5,1,0.964729357277069,1,UNIQUE_CONFIDENT
Zin50,B,T5,T3,3,304.285840550118,0,UNIQUE_CONFIDENT
Zin50,B,T5,T4_NEAR_T3,2,304.285806737382,0,UNIQUE_CONFIDENT
Zin50,B,T5,T5,1,0.934528782567356,1,UNIQUE_CONFIDENT
Zin50,C_control,T5,T3,3,304.285840550118,0,UNIQUE_CONFIDENT
Zin50,C_control,T5,T4_NEAR_T3,2,304.285806737382,0,UNIQUE_CONFIDENT
Zin50,C_control,T5,T5,1,0.934528782567356,1,UNIQUE_CONFIDENT
Zin50,A,T5,T3,3,282.708745088726,0,UNIQUE_CONFIDENT
Zin50,A,T5,T4_NEAR_T3,2,282.708698442412,0,UNIQUE_CONFIDENT
Zin50,A,T5,T5,1,1.00178267051021,1,UNIQUE_CONFIDENT
Zin50,B,T5,T3,3,285.034079268184,0,UNIQUE_CONFIDENT
Zin50,B,T5,T4_NEAR_T3,2,285.034072687797,0,UNIQUE_CONFIDENT
Zin50,B,T5,T5,1,0.994434366658812,1,UNIQUE_CONFIDENT
Zin50,C_control,T5,T3,3,285.034079268184,0,UNIQUE_CONFIDENT
Zin50,C_control,T5,T4_NEAR_T3,2,285.034072687797,0,UNIQUE_CONFIDENT
Zin50,C_control,T5,T5,1,0.994434366658812,1,UNIQUE_CONFIDENT
Zin50,A,T5,T3,3,289.506656554945,0,UNIQUE_CONFIDENT
Zin50,A,T5,T4_NEAR_T3,2,289.506654449828,0,UNIQUE_CONFIDENT
Zin50,A,T5,T5,1,1.03640130568216,1,UNIQUE_CONFIDENT
Zin50,B,T5,T3,3,301.115277952437,0,UNIQUE_CONFIDENT
Zin50,B,T5,T4_NEAR_T3,2,301.1152447272,0,UNIQUE_CONFIDENT
Zin50,B,T5,T5,1,1.08283928599957,1,UNIQUE_CONFIDENT
Zin50,C_control,T5,T3,3,301.115277952437,0,UNIQUE_CONFIDENT
Zin50,C_control,T5,T4_NEAR_T3,2,301.1152447272,0,UNIQUE_CONFIDENT
Zin50,C_control,T5,T5,1,1.08283928599957,1,UNIQUE_CONFIDENT
Zin50,A,T5,T3,3,287.627019303828,0,UNIQUE_CONFIDENT
Zin50,A,T5,T4_NEAR_T3,2,287.627017388984,0,UNIQUE_CONFIDENT
Zin50,A,T5,T5,1,1.09493155230793,1,UNIQUE_CONFIDENT
Zin50,B,T5,T3,3,298.892155920943,0,REJECTED
Zin50,B,T5,T4_NEAR_T3,2,298.892120611535,0,REJECTED
Zin50,B,T5,T5,1,1.02798424894317,1,REJECTED
Zin50,C_control,T5,T3,3,298.892155920943,0,REJECTED
Zin50,C_control,T5,T4_NEAR_T3,2,298.892120611535,0,REJECTED
Zin50,C_control,T5,T5,1,1.02798424894317,1,REJECTED
Zin50,A,T5,T3,3,283.481426762062,0,UNIQUE_CONFIDENT
Zin50,A,T5,T4_NEAR_T3,2,283.481424957348,0,UNIQUE_CONFIDENT
Zin50,A,T5,T5,1,0.959438810193201,1,UNIQUE_CONFIDENT
Zin50,B,T5,T3,3,293.974130220308,0,UNIQUE_CONFIDENT
Zin50,B,T5,T4_NEAR_T3,2,293.97409520043,0,UNIQUE_CONFIDENT
Zin50,B,T5,T5,1,0.923483182158219,1,UNIQUE_CONFIDENT
Zin50,C_control,T5,T3,3,293.974130220308,0,UNIQUE_CONFIDENT
Zin50,C_control,T5,T4_NEAR_T3,2,293.97409520043,0,UNIQUE_CONFIDENT
Zin50,C_control,T5,T5,1,0.923483182158219,1,UNIQUE_CONFIDENT
Zin50,A,T5,T3,3,284.559756579685,0,UNIQUE_CONFIDENT
Zin50,A,T5,T4_NEAR_T3,2,284.55971362045,0,UNIQUE_CONFIDENT
Zin50,A,T5,T5,1,1.11160195752068,1,UNIQUE_CONFIDENT
Zin50,B,T5,T3,3,297.335669176673,0,UNIQUE_CONFIDENT
Zin50,B,T5,T4_NEAR_T3,2,297.335630604798,0,UNIQUE_CONFIDENT
Zin50,B,T5,T5,1,1.14606935599606,1,UNIQUE_CONFIDENT
Zin50,C_control,T5,T3,3,297.335669176673,0,UNIQUE_CONFIDENT
Zin50,C_control,T5,T4_NEAR_T3,2,297.335630604798,0,UNIQUE_CONFIDENT
Zin50,C_control,T5,T5,1,1.14606935599606,1,UNIQUE_CONFIDENT
Zin50,A,T5,T3,3,298.703547027602,0,UNIQUE_CONFIDENT
Zin50,A,T5,T4_NEAR_T3,2,298.70350627346,0,UNIQUE_CONFIDENT
Zin50,A,T5,T5,1,1.01683332534282,1,UNIQUE_CONFIDENT
Zin50,B,T5,T3,3,314.453344621506,0,UNIQUE_CONFIDENT
Zin50,B,T5,T4_NEAR_T3,2,314.453318534195,0,UNIQUE_CONFIDENT
Zin50,B,T5,T5,1,0.952758244617247,1,UNIQUE_CONFIDENT
Zin50,C_control,T5,T3,3,314.453344621506,0,UNIQUE_CONFIDENT
Zin50,C_control,T5,T4_NEAR_T3,2,314.453318534195,0,UNIQUE_CONFIDENT
Zin50,C_control,T5,T5,1,0.952758244617247,1,UNIQUE_CONFIDENT
Zin50,A,T5,T3,3,309.19716364096,0,UNIQUE_CONFIDENT
Zin50,A,T5,T4_NEAR_T3,2,309.197125446205,0,UNIQUE_CONFIDENT
Zin50,A,T5,T5,1,0.840868563167658,1,UNIQUE_CONFIDENT
Zin50,B,T5,T3,3,324.783293370197,0,UNIQUE_CONFIDENT
Zin50,B,T5,T4_NEAR_T3,2,324.783270952531,0,UNIQUE_CONFIDENT
Zin50,B,T5,T5,1,0.771362947030068,1,UNIQUE_CONFIDENT
Zin50,C_control,T5,T3,3,324.783293370197,0,UNIQUE_CONFIDENT
Zin50,C_control,T5,T4_NEAR_T3,2,324.783270952531,0,UNIQUE_CONFIDENT
Zin50,C_control,T5,T5,1,0.771362947030068,1,UNIQUE_CONFIDENT
Zin50,A,T5,T3,3,295.987898668639,0,UNIQUE_CONFIDENT
Zin50,A,T5,T4_NEAR_T3,2,295.987848578067,0,UNIQUE_CONFIDENT
Zin50,A,T5,T5,1,0.97892880744222,1,UNIQUE_CONFIDENT
Zin50,B,T5,T3,3,310.290304223644,0,UNIQUE_CONFIDENT
Zin50,B,T5,T4_NEAR_T3,2,310.290284416694,0,UNIQUE_CONFIDENT
Zin50,B,T5,T5,1,0.93904798205335,1,UNIQUE_CONFIDENT
Zin50,C_control,T5,T3,3,310.290304223644,0,UNIQUE_CONFIDENT
Zin50,C_control,T5,T4_NEAR_T3,2,310.290284416694,0,UNIQUE_CONFIDENT
Zin50,C_control,T5,T5,1,0.93904798205335,1,UNIQUE_CONFIDENT
Zin50,A,T5,T3,3,287.288910407185,0,UNIQUE_CONFIDENT
Zin50,A,T5,T4_NEAR_T3,2,287.288864446596,0,UNIQUE_CONFIDENT
Zin50,A,T5,T5,1,0.879600208612089,1,UNIQUE_CONFIDENT
Zin50,B,T5,T3,3,294.614227233365,0,UNIQUE_CONFIDENT
Zin50,B,T5,T4_NEAR_T3,2,294.614218022405,0,UNIQUE_CONFIDENT
Zin50,B,T5,T5,1,0.921675574774815,1,UNIQUE_CONFIDENT
Zin50,C_control,T5,T3,3,294.614227233365,0,UNIQUE_CONFIDENT
Zin50,C_control,T5,T4_NEAR_T3,2,294.614218022405,0,UNIQUE_CONFIDENT
Zin50,C_control,T5,T5,1,0.921675574774815,1,UNIQUE_CONFIDENT
Zin50,A,T5,T3,3,307.807079413506,0,UNIQUE_CONFIDENT
Zin50,A,T5,T4_NEAR_T3,2,307.807039709464,0,UNIQUE_CONFIDENT
Zin50,A,T5,T5,1,0.983998750144951,1,UNIQUE_CONFIDENT
Zin50,B,T5,T3,3,323.980680238,0,UNIQUE_CONFIDENT
Zin50,B,T5,T4_NEAR_T3,2,323.980654723302,0,UNIQUE_CONFIDENT
Zin50,B,T5,T5,1,1.0341826422416,1,UNIQUE_CONFIDENT
Zin50,C_control,T5,T3,3,323.980680238,0,UNIQUE_CONFIDENT
Zin50,C_control,T5,T4_NEAR_T3,2,323.980654723302,0,UNIQUE_CONFIDENT
Zin50,C_control,T5,T5,1,1.0341826422416,1,UNIQUE_CONFIDENT
Zin50,A,T5,T3,3,301.743739563711,0,UNIQUE_CONFIDENT
Zin50,A,T5,T4_NEAR_T3,2,301.743699931271,0,UNIQUE_CONFIDENT
Zin50,A,T5,T5,1,0.988814778630488,1,UNIQUE_CONFIDENT
Zin50,B,T5,T3,3,317.471786262068,0,UNIQUE_CONFIDENT
Zin50,B,T5,T4_NEAR_T3,2,317.471761763184,0,UNIQUE_CONFIDENT
Zin50,B,T5,T5,1,0.917548718520269,1,UNIQUE_CONFIDENT
Zin50,C_control,T5,T3,3,317.471786262068,0,UNIQUE_CONFIDENT
Zin50,C_control,T5,T4_NEAR_T3,2,317.471761763184,0,UNIQUE_CONFIDENT
Zin50,C_control,T5,T5,1,0.917548718520269,1,UNIQUE_CONFIDENT
Zin50,A,T5,T3,3,278.573893539365,0,UNIQUE_CONFIDENT
Zin50,A,T5,T4_NEAR_T3,2,278.573845753078,0,UNIQUE_CONFIDENT
Zin50,A,T5,T5,1,1.07513317590636,1,UNIQUE_CONFIDENT
Zin50,B,T5,T3,3,287.795525203454,0,UNIQUE_CONFIDENT
Zin50,B,T5,T4_NEAR_T3,2,287.795515261155,0,UNIQUE_CONFIDENT
Zin50,B,T5,T5,1,1.1168809676799,1,UNIQUE_CONFIDENT
Zin50,C_control,T5,T3,3,287.795525203454,0,UNIQUE_CONFIDENT
Zin50,C_control,T5,T4_NEAR_T3,2,287.795515261155,0,UNIQUE_CONFIDENT
Zin50,C_control,T5,T5,1,1.1168809676799,1,UNIQUE_CONFIDENT
Zin50,A,T5,T3,2,301.527315770175,0,UNIQUE_CONFIDENT
Zin50,A,T5,T4_NEAR_T3,3,301.527316584602,0,UNIQUE_CONFIDENT
Zin50,A,T5,T5,1,0.922686501849101,1,UNIQUE_CONFIDENT
Zin50,B,T5,T3,3,321.057616524359,0,UNIQUE_CONFIDENT
Zin50,B,T5,T4_NEAR_T3,2,321.057586834326,0,UNIQUE_CONFIDENT
Zin50,B,T5,T5,1,0.937701212696971,1,UNIQUE_CONFIDENT
Zin50,C_control,T5,T3,3,321.057616524359,0,UNIQUE_CONFIDENT
Zin50,C_control,T5,T4_NEAR_T3,2,321.057586834326,0,UNIQUE_CONFIDENT
Zin50,C_control,T5,T5,1,0.937701212696971,1,UNIQUE_CONFIDENT
Zin50,A,T5,T3,3,294.438957090686,0,UNIQUE_CONFIDENT
Zin50,A,T5,T4_NEAR_T3,2,294.438916211568,0,UNIQUE_CONFIDENT
Zin50,A,T5,T5,1,0.886275508803789,1,UNIQUE_CONFIDENT
Zin50,B,T5,T3,3,308.231649320115,0,UNIQUE_CONFIDENT
Zin50,B,T5,T4_NEAR_T3,2,308.231612062996,0,UNIQUE_CONFIDENT
Zin50,B,T5,T5,1,0.908560878710144,1,UNIQUE_CONFIDENT
Zin50,C_control,T5,T3,3,308.231649320115,0,UNIQUE_CONFIDENT
Zin50,C_control,T5,T4_NEAR_T3,2,308.231612062996,0,UNIQUE_CONFIDENT
Zin50,C_control,T5,T5,1,0.908560878710144,1,UNIQUE_CONFIDENT
Zin50,A,T5,T3,3,283.264625883614,0,UNIQUE_CONFIDENT
Zin50,A,T5,T4_NEAR_T3,2,283.264579019888,0,UNIQUE_CONFIDENT
Zin50,A,T5,T5,1,1.00615564230743,1,UNIQUE_CONFIDENT
Zin50,B,T5,T3,3,295.098212872973,0,UNIQUE_CONFIDENT
Zin50,B,T5,T4_NEAR_T3,2,295.098200436999,0,UNIQUE_CONFIDENT
Zin50,B,T5,T5,1,0.951551758324736,1,UNIQUE_CONFIDENT
Zin50,C_control,T5,T3,3,295.098212872973,0,UNIQUE_CONFIDENT
Zin50,C_control,T5,T4_NEAR_T3,2,295.098200436999,0,UNIQUE_CONFIDENT
Zin50,C_control,T5,T5,1,0.951551758324736,1,UNIQUE_CONFIDENT
Zin50,A,T5,T3,3,278.310787997442,0,UNIQUE_CONFIDENT
Zin50,A,T5,T4_NEAR_T3,2,278.310781588275,0,UNIQUE_CONFIDENT
Zin50,A,T5,T5,1,1.07968139148071,1,UNIQUE_CONFIDENT
Zin50,B,T5,T3,3,278.961222221976,0,UNIQUE_CONFIDENT
Zin50,B,T5,T4_NEAR_T3,2,278.961216462064,0,UNIQUE_CONFIDENT
Zin50,B,T5,T5,1,1.13981210974861,1,UNIQUE_CONFIDENT
Zin50,C_control,T5,T3,3,278.961222221976,0,UNIQUE_CONFIDENT
Zin50,C_control,T5,T4_NEAR_T3,2,278.961216462064,0,UNIQUE_CONFIDENT
Zin50,C_control,T5,T5,1,1.13981210974861,1,UNIQUE_CONFIDENT
Zin50,A,T5,T3,3,282.888253511057,0,UNIQUE_CONFIDENT
Zin50,A,T5,T4_NEAR_T3,2,282.888247563007,0,UNIQUE_CONFIDENT
Zin50,A,T5,T5,1,0.996305916087538,1,UNIQUE_CONFIDENT
Zin50,B,T5,T3,3,281.679161235028,0,UNIQUE_CONFIDENT
Zin50,B,T5,T4_NEAR_T3,2,281.679156436618,0,UNIQUE_CONFIDENT
Zin50,B,T5,T5,1,1.00212495417563,1,UNIQUE_CONFIDENT
Zin50,C_control,T5,T3,3,281.679161235028,0,UNIQUE_CONFIDENT
Zin50,C_control,T5,T4_NEAR_T3,2,281.679156436618,0,UNIQUE_CONFIDENT
Zin50,C_control,T5,T5,1,1.00212495417563,1,UNIQUE_CONFIDENT
Zin50,A,T5,T3,3,282.174706529506,0,UNIQUE_CONFIDENT
Zin50,A,T5,T4_NEAR_T3,2,282.174659725234,0,UNIQUE_CONFIDENT
Zin50,A,T5,T5,1,1.01198719992783,1,UNIQUE_CONFIDENT
Zin50,B,T5,T3,3,284.215461637292,0,UNIQUE_CONFIDENT
Zin50,B,T5,T4_NEAR_T3,2,284.215455324043,0,UNIQUE_CONFIDENT
Zin50,B,T5,T5,1,1.03619575802959,1,UNIQUE_CONFIDENT
Zin50,C_control,T5,T3,3,284.215461637292,0,UNIQUE_CONFIDENT
Zin50,C_control,T5,T4_NEAR_T3,2,284.215455324043,0,UNIQUE_CONFIDENT
Zin50,C_control,T5,T5,1,1.03619575802959,1,UNIQUE_CONFIDENT
Zin50,A,T5,T3,3,281.840216151698,0,UNIQUE_CONFIDENT
Zin50,A,T5,T4_NEAR_T3,2,281.84021438092,0,UNIQUE_CONFIDENT
Zin50,A,T5,T5,1,1.08450528780793,1,UNIQUE_CONFIDENT
Zin50,B,T5,T3,3,291.981119993805,0,UNIQUE_CONFIDENT
Zin50,B,T5,T4_NEAR_T3,2,291.981083446575,0,UNIQUE_CONFIDENT
Zin50,B,T5,T5,1,1.023729764068,1,UNIQUE_CONFIDENT
Zin50,C_control,T5,T3,3,291.981119993805,0,UNIQUE_CONFIDENT
Zin50,C_control,T5,T4_NEAR_T3,2,291.981083446575,0,UNIQUE_CONFIDENT
Zin50,C_control,T5,T5,1,1.023729764068,1,UNIQUE_CONFIDENT
Zin50,A,T5,T3,3,286.773928407292,0,UNIQUE_CONFIDENT
Zin50,A,T5,T4_NEAR_T3,2,286.773885667224,0,UNIQUE_CONFIDENT
Zin50,A,T5,T5,1,1.02600504550877,1,UNIQUE_CONFIDENT
Zin50,B,T5,T3,3,300.520964449541,0,UNIQUE_CONFIDENT
Zin50,B,T5,T4_NEAR_T3,2,300.520924019716,0,UNIQUE_CONFIDENT
Zin50,B,T5,T5,1,0.999812439953752,1,UNIQUE_CONFIDENT
Zin50,C_control,T5,T3,3,300.520964449541,0,UNIQUE_CONFIDENT
Zin50,C_control,T5,T4_NEAR_T3,2,300.520924019716,0,UNIQUE_CONFIDENT
Zin50,C_control,T5,T5,1,0.999812439953752,1,UNIQUE_CONFIDENT
Zin50,A,T5,T3,3,278.352282578846,0,UNIQUE_CONFIDENT
Zin50,A,T5,T4_NEAR_T3,2,278.35223514919,0,UNIQUE_CONFIDENT
Zin50,A,T5,T5,1,1.00150900594539,1,UNIQUE_CONFIDENT
Zin50,B,T5,T3,3,291.747764418031,0,UNIQUE_CONFIDENT
Zin50,B,T5,T4_NEAR_T3,2,291.747730087271,0,UNIQUE_CONFIDENT
Zin50,B,T5,T5,1,1.03737236852994,1,UNIQUE_CONFIDENT
Zin50,C_control,T5,T3,3,291.747764418031,0,UNIQUE_CONFIDENT
Zin50,C_control,T5,T4_NEAR_T3,2,291.747730087271,0,UNIQUE_CONFIDENT
Zin50,C_control,T5,T5,1,1.03737236852994,1,UNIQUE_CONFIDENT
Zin50,A,T5,T3,3,293.364366340569,0,UNIQUE_CONFIDENT
Zin50,A,T5,T4_NEAR_T3,2,293.364325085989,0,UNIQUE_CONFIDENT
Zin50,A,T5,T5,1,0.987941559301124,1,UNIQUE_CONFIDENT
Zin50,B,T5,T3,3,307.681192953492,0,UNIQUE_CONFIDENT
Zin50,B,T5,T4_NEAR_T3,2,307.68115575092,0,UNIQUE_CONFIDENT
Zin50,B,T5,T5,1,0.976464452148768,1,UNIQUE_CONFIDENT
Zin50,C_control,T5,T3,3,307.681192953492,0,UNIQUE_CONFIDENT
Zin50,C_control,T5,T4_NEAR_T3,2,307.68115575092,0,UNIQUE_CONFIDENT
Zin50,C_control,T5,T5,1,0.976464452148768,1,UNIQUE_CONFIDENT
Zin50,A,T5,T3,3,281.19655676561,0,UNIQUE_CONFIDENT
Zin50,A,T5,T4_NEAR_T3,2,281.19650958091,0,UNIQUE_CONFIDENT
Zin50,A,T5,T5,1,1.0610433863718,1,UNIQUE_CONFIDENT
Zin50,B,T5,T3,3,293.187349074058,0,UNIQUE_CONFIDENT
Zin50,B,T5,T4_NEAR_T3,2,293.187336478677,0,UNIQUE_CONFIDENT
Zin50,B,T5,T5,1,1.08343633951633,1,UNIQUE_CONFIDENT
Zin50,C_control,T5,T3,3,293.187349074058,0,UNIQUE_CONFIDENT
Zin50,C_control,T5,T4_NEAR_T3,2,293.187336478677,0,UNIQUE_CONFIDENT
Zin50,C_control,T5,T5,1,1.08343633951633,1,UNIQUE_CONFIDENT
Zin50,A,T5,T3,3,304.130293381365,0,UNIQUE_CONFIDENT
Zin50,A,T5,T4_NEAR_T3,2,304.130216287962,0,UNIQUE_CONFIDENT
Zin50,A,T5,T5,1,1.03435282892202,1,UNIQUE_CONFIDENT
Zin50,B,T5,T3,3,317.998193323489,0,UNIQUE_CONFIDENT
Zin50,B,T5,T4_NEAR_T3,2,317.998174663653,0,UNIQUE_CONFIDENT
Zin50,B,T5,T5,1,1.02089230661896,1,UNIQUE_CONFIDENT
Zin50,C_control,T5,T3,3,317.998193323489,0,UNIQUE_CONFIDENT
Zin50,C_control,T5,T4_NEAR_T3,2,317.998174663653,0,UNIQUE_CONFIDENT
Zin50,C_control,T5,T5,1,1.02089230661896,1,UNIQUE_CONFIDENT
Zin50,A,T5,T3,3,271.662979329886,0,UNIQUE_CONFIDENT
Zin50,A,T5,T4_NEAR_T3,2,271.662974190952,0,UNIQUE_CONFIDENT
Zin50,A,T5,T5,1,1.02917427224974,1,UNIQUE_CONFIDENT
Zin50,B,T5,T3,3,269.595753717376,0,UNIQUE_CONFIDENT
Zin50,B,T5,T4_NEAR_T3,2,269.595749683999,0,UNIQUE_CONFIDENT
Zin50,B,T5,T5,1,1.03614789056819,1,UNIQUE_CONFIDENT
Zin50,C_control,T5,T3,3,269.595753717376,0,UNIQUE_CONFIDENT
Zin50,C_control,T5,T4_NEAR_T3,2,269.595749683999,0,UNIQUE_CONFIDENT
Zin50,C_control,T5,T5,1,1.03614789056819,1,UNIQUE_CONFIDENT
Zin50,A,T5,T3,3,286.990361533569,0,UNIQUE_CONFIDENT
Zin50,A,T5,T4_NEAR_T3,2,286.990356056516,0,UNIQUE_CONFIDENT
Zin50,A,T5,T5,1,0.978480442396774,1,UNIQUE_CONFIDENT
Zin50,B,T5,T3,3,284.038426493742,0,UNIQUE_CONFIDENT
Zin50,B,T5,T4_NEAR_T3,2,284.038422408504,0,UNIQUE_CONFIDENT
Zin50,B,T5,T5,1,1.00016766175867,1,UNIQUE_CONFIDENT
Zin50,C_control,T5,T3,3,284.038426493742,0,UNIQUE_CONFIDENT
Zin50,C_control,T5,T4_NEAR_T3,2,284.038422408504,0,UNIQUE_CONFIDENT
Zin50,C_control,T5,T5,1,1.00016766175867,1,UNIQUE_CONFIDENT
Zin50,A,T5,T3,3,287.650771885288,0,UNIQUE_CONFIDENT
Zin50,A,T5,T4_NEAR_T3,2,287.650766854068,0,UNIQUE_CONFIDENT
Zin50,A,T5,T5,1,1.01264567455555,1,UNIQUE_CONFIDENT
Zin50,B,T5,T3,3,283.361036468106,0,UNIQUE_CONFIDENT
Zin50,B,T5,T4_NEAR_T3,2,283.361032793452,0,UNIQUE_CONFIDENT
Zin50,B,T5,T5,1,0.9618129820792,1,UNIQUE_CONFIDENT
Zin50,C_control,T5,T3,3,283.361036468106,0,UNIQUE_CONFIDENT
Zin50,C_control,T5,T4_NEAR_T3,2,283.361032793452,0,UNIQUE_CONFIDENT
Zin50,C_control,T5,T5,1,0.9618129820792,1,UNIQUE_CONFIDENT
Zin50,A,T5,T3,3,286.668730620769,0,UNIQUE_CONFIDENT
Zin50,A,T5,T4_NEAR_T3,2,286.668725285235,0,UNIQUE_CONFIDENT
Zin50,A,T5,T5,1,0.989314136956142,1,UNIQUE_CONFIDENT
Zin50,B,T5,T3,3,283.379543270424,0,UNIQUE_CONFIDENT
Zin50,B,T5,T4_NEAR_T3,2,283.379539304683,0,UNIQUE_CONFIDENT
Zin50,B,T5,T5,1,1.01862026725207,1,UNIQUE_CONFIDENT
Zin50,C_control,T5,T3,3,283.379543270424,0,UNIQUE_CONFIDENT
Zin50,C_control,T5,T4_NEAR_T3,2,283.379539304683,0,UNIQUE_CONFIDENT
Zin50,C_control,T5,T5,1,1.01862026725207,1,UNIQUE_CONFIDENT
Zin50,A,T5,T3,3,274.426572434607,0,UNIQUE_CONFIDENT
Zin50,A,T5,T4_NEAR_T3,2,274.426566501475,0,UNIQUE_CONFIDENT
Zin50,A,T5,T5,1,1.00292733237953,1,UNIQUE_CONFIDENT
Zin50,B,T5,T3,3,274.047975516757,0,REJECTED
Zin50,B,T5,T4_NEAR_T3,2,274.047970642062,0,REJECTED
Zin50,B,T5,T5,1,0.866635520407891,1,REJECTED
Zin50,C_control,T5,T3,3,274.047975516757,0,REJECTED
Zin50,C_control,T5,T4_NEAR_T3,2,274.047970642062,0,REJECTED
Zin50,C_control,T5,T5,1,0.866635520407891,1,REJECTED
H50_Zin50,A,T3,T3,2,1.02848640480336,1,MULTIPLE_AMBIGUOUS
H50_Zin50,A,T3,T4_NEAR_T3,1,1.02848370541679,1,MULTIPLE_AMBIGUOUS
H50_Zin50,A,T3,T5,3,197.61312953751,0,MULTIPLE_AMBIGUOUS
H50_Zin50,B,T3,T3,2,1.02907766083211,1,MULTIPLE_AMBIGUOUS
H50_Zin50,B,T3,T4_NEAR_T3,1,1.02907493790439,1,MULTIPLE_AMBIGUOUS
H50_Zin50,B,T3,T5,3,208.287833713815,0,MULTIPLE_AMBIGUOUS
H50_Zin50,C_control,T3,T3,2,1.02907766083211,1,MULTIPLE_AMBIGUOUS
H50_Zin50,C_control,T3,T4_NEAR_T3,1,1.02907493790439,1,MULTIPLE_AMBIGUOUS
H50_Zin50,C_control,T3,T5,3,208.287833713815,0,MULTIPLE_AMBIGUOUS
H50_Zin50,A,T3,T3,1,1.02179609915491,1,MULTIPLE_AMBIGUOUS
H50_Zin50,A,T3,T4_NEAR_T3,2,1.0218019437046,1,MULTIPLE_AMBIGUOUS
H50_Zin50,A,T3,T5,3,199.328346239208,0,MULTIPLE_AMBIGUOUS
H50_Zin50,B,T3,T3,1,1.04590553879497,1,MULTIPLE_AMBIGUOUS
H50_Zin50,B,T3,T4_NEAR_T3,2,1.04591589533896,1,MULTIPLE_AMBIGUOUS
H50_Zin50,B,T3,T5,3,206.002346751124,0,MULTIPLE_AMBIGUOUS
H50_Zin50,C_control,T3,T3,1,1.04590553879497,1,MULTIPLE_AMBIGUOUS
H50_Zin50,C_control,T3,T4_NEAR_T3,2,1.04591589533896,1,MULTIPLE_AMBIGUOUS
H50_Zin50,C_control,T3,T5,3,206.002346751124,0,MULTIPLE_AMBIGUOUS
H50_Zin50,A,T3,T3,1,1.02442807158178,1,MULTIPLE_AMBIGUOUS
H50_Zin50,A,T3,T4_NEAR_T3,2,1.02443312050289,1,MULTIPLE_AMBIGUOUS
H50_Zin50,A,T3,T5,3,198.401998645282,0,MULTIPLE_AMBIGUOUS
H50_Zin50,B,T3,T3,1,1.03461156006947,1,MULTIPLE_AMBIGUOUS
H50_Zin50,B,T3,T4_NEAR_T3,2,1.03461801974908,1,MULTIPLE_AMBIGUOUS
H50_Zin50,B,T3,T5,3,208.716592693165,0,MULTIPLE_AMBIGUOUS
H50_Zin50,C_control,T3,T3,1,1.03461156006947,1,MULTIPLE_AMBIGUOUS
H50_Zin50,C_control,T3,T4_NEAR_T3,2,1.03461801974908,1,MULTIPLE_AMBIGUOUS
H50_Zin50,C_control,T3,T5,3,208.716592693165,0,MULTIPLE_AMBIGUOUS
H50_Zin50,A,T3,T3,2,1.03749590380308,1,MULTIPLE_AMBIGUOUS
H50_Zin50,A,T3,T4_NEAR_T3,1,1.0374837293795,1,MULTIPLE_AMBIGUOUS
H50_Zin50,A,T3,T5,3,195.651202498457,0,MULTIPLE_AMBIGUOUS
H50_Zin50,B,T3,T3,2,1.06466567931058,0,LOW_CONFIDENCE
H50_Zin50,B,T3,T4_NEAR_T3,1,1.06465357487878,1,LOW_CONFIDENCE
H50_Zin50,B,T3,T5,3,197.734105741275,0,LOW_CONFIDENCE
H50_Zin50,C_control,T3,T3,2,1.06466567931058,0,LOW_CONFIDENCE
H50_Zin50,C_control,T3,T4_NEAR_T3,1,1.06465357487878,1,LOW_CONFIDENCE
H50_Zin50,C_control,T3,T5,3,197.734105741275,0,LOW_CONFIDENCE
H50_Zin50,A,T3,T3,2,0.997188041568227,1,MULTIPLE_AMBIGUOUS
H50_Zin50,A,T3,T4_NEAR_T3,1,0.997182155552795,1,MULTIPLE_AMBIGUOUS
H50_Zin50,A,T3,T5,3,199.005814249302,0,MULTIPLE_AMBIGUOUS
H50_Zin50,B,T3,T3,2,1.01159916567711,0,LOW_CONFIDENCE
H50_Zin50,B,T3,T4_NEAR_T3,1,1.01158843508407,1,LOW_CONFIDENCE
H50_Zin50,B,T3,T5,3,205.660902878638,0,LOW_CONFIDENCE
H50_Zin50,C_control,T3,T3,2,1.01159916567711,0,LOW_CONFIDENCE
H50_Zin50,C_control,T3,T4_NEAR_T3,1,1.01158843508407,1,LOW_CONFIDENCE
H50_Zin50,C_control,T3,T5,3,205.660902878638,0,LOW_CONFIDENCE
H50_Zin50,A,T3,T3,1,1.04285687376003,1,MULTIPLE_AMBIGUOUS
H50_Zin50,A,T3,T4_NEAR_T3,2,1.04285969810824,1,MULTIPLE_AMBIGUOUS
H50_Zin50,A,T3,T5,3,199.399284364573,0,MULTIPLE_AMBIGUOUS
H50_Zin50,B,T3,T3,1,1.08118510957212,1,MULTIPLE_AMBIGUOUS
H50_Zin50,B,T3,T4_NEAR_T3,2,1.08118919515662,1,MULTIPLE_AMBIGUOUS
H50_Zin50,B,T3,T5,3,207.968203130878,0,MULTIPLE_AMBIGUOUS
H50_Zin50,C_control,T3,T3,1,1.08118510957212,1,MULTIPLE_AMBIGUOUS
H50_Zin50,C_control,T3,T4_NEAR_T3,2,1.08118919515662,1,MULTIPLE_AMBIGUOUS
H50_Zin50,C_control,T3,T5,3,207.968203130878,0,MULTIPLE_AMBIGUOUS
H50_Zin50,A,T3,T3,1,0.997569109539606,1,MULTIPLE_AMBIGUOUS
H50_Zin50,A,T3,T4_NEAR_T3,2,0.997571129939649,1,MULTIPLE_AMBIGUOUS
H50_Zin50,A,T3,T5,3,198.510880638709,0,MULTIPLE_AMBIGUOUS
H50_Zin50,B,T3,T3,2,0.960229910854753,1,MULTIPLE_AMBIGUOUS
H50_Zin50,B,T3,T4_NEAR_T3,1,0.960226327701622,1,MULTIPLE_AMBIGUOUS
H50_Zin50,B,T3,T5,3,206.468030212372,0,MULTIPLE_AMBIGUOUS
H50_Zin50,C_control,T3,T3,2,0.960229910854753,1,MULTIPLE_AMBIGUOUS
H50_Zin50,C_control,T3,T4_NEAR_T3,1,0.960226327701622,1,MULTIPLE_AMBIGUOUS
H50_Zin50,C_control,T3,T5,3,206.468030212372,0,MULTIPLE_AMBIGUOUS
H50_Zin50,A,T3,T3,2,0.913714642171173,1,MULTIPLE_AMBIGUOUS
H50_Zin50,A,T3,T4_NEAR_T3,1,0.913712861742867,1,MULTIPLE_AMBIGUOUS
H50_Zin50,A,T3,T5,3,198.155450084687,0,MULTIPLE_AMBIGUOUS
H50_Zin50,B,T3,T3,1,0.892833559381355,1,MULTIPLE_AMBIGUOUS
H50_Zin50,B,T3,T4_NEAR_T3,2,0.892834425663955,1,MULTIPLE_AMBIGUOUS
H50_Zin50,B,T3,T5,3,209.028637492148,0,MULTIPLE_AMBIGUOUS
H50_Zin50,C_control,T3,T3,1,0.892833559381355,1,MULTIPLE_AMBIGUOUS
H50_Zin50,C_control,T3,T4_NEAR_T3,2,0.892834425663955,1,MULTIPLE_AMBIGUOUS
H50_Zin50,C_control,T3,T5,3,209.028637492148,0,MULTIPLE_AMBIGUOUS
H50_Zin50,A,T3,T3,2,0.971802521848264,1,MULTIPLE_AMBIGUOUS
H50_Zin50,A,T3,T4_NEAR_T3,1,0.971801777878662,1,MULTIPLE_AMBIGUOUS
H50_Zin50,A,T3,T5,3,196.565667945299,0,MULTIPLE_AMBIGUOUS
H50_Zin50,B,T3,T3,1,0.969979241619019,1,MULTIPLE_AMBIGUOUS
H50_Zin50,B,T3,T4_NEAR_T3,2,0.969981964043307,1,MULTIPLE_AMBIGUOUS
H50_Zin50,B,T3,T5,3,208.602054428941,0,MULTIPLE_AMBIGUOUS
H50_Zin50,C_control,T3,T3,1,0.969979241619019,1,MULTIPLE_AMBIGUOUS
H50_Zin50,C_control,T3,T4_NEAR_T3,2,0.969981964043307,1,MULTIPLE_AMBIGUOUS
H50_Zin50,C_control,T3,T5,3,208.602054428941,0,MULTIPLE_AMBIGUOUS
H50_Zin50,A,T3,T3,2,1.09427001118032,1,REJECTED
H50_Zin50,A,T3,T4_NEAR_T3,1,1.094269983701,0,REJECTED
H50_Zin50,A,T3,T5,3,200.349395156969,0,REJECTED
H50_Zin50,B,T3,T3,2,1.1240088616734,1,MULTIPLE_AMBIGUOUS
H50_Zin50,B,T3,T4_NEAR_T3,1,1.1240041068351,1,MULTIPLE_AMBIGUOUS
H50_Zin50,B,T3,T5,3,208.905711730694,0,MULTIPLE_AMBIGUOUS
H50_Zin50,C_control,T3,T3,2,1.1240088616734,1,MULTIPLE_AMBIGUOUS
H50_Zin50,C_control,T3,T4_NEAR_T3,1,1.1240041068351,1,MULTIPLE_AMBIGUOUS
H50_Zin50,C_control,T3,T5,3,208.905711730694,0,MULTIPLE_AMBIGUOUS
H50_Zin50,A,T3,T3,1,0.981039061843752,1,MULTIPLE_AMBIGUOUS
H50_Zin50,A,T3,T4_NEAR_T3,2,0.981048789483646,1,MULTIPLE_AMBIGUOUS
H50_Zin50,A,T3,T5,3,197.351532259552,0,MULTIPLE_AMBIGUOUS
H50_Zin50,B,T3,T3,1,1.03119696877216,1,LOW_CONFIDENCE
H50_Zin50,B,T3,T4_NEAR_T3,2,1.03121246951383,0,LOW_CONFIDENCE
H50_Zin50,B,T3,T5,3,208.014956990808,0,LOW_CONFIDENCE
H50_Zin50,C_control,T3,T3,1,1.03119696877216,1,LOW_CONFIDENCE
H50_Zin50,C_control,T3,T4_NEAR_T3,2,1.03121246951383,0,LOW_CONFIDENCE
H50_Zin50,C_control,T3,T5,3,208.014956990808,0,LOW_CONFIDENCE
H50_Zin50,A,T3,T3,1,1.02606773797862,1,MULTIPLE_AMBIGUOUS
H50_Zin50,A,T3,T4_NEAR_T3,2,1.02607222479401,1,MULTIPLE_AMBIGUOUS
H50_Zin50,A,T3,T5,3,200.301482068878,0,MULTIPLE_AMBIGUOUS
H50_Zin50,B,T3,T3,1,1.04319578090313,1,MULTIPLE_AMBIGUOUS
H50_Zin50,B,T3,T4_NEAR_T3,2,1.04319704236932,1,MULTIPLE_AMBIGUOUS
H50_Zin50,B,T3,T5,3,209.251333030486,0,MULTIPLE_AMBIGUOUS
H50_Zin50,C_control,T3,T3,1,1.04319578090313,1,MULTIPLE_AMBIGUOUS
H50_Zin50,C_control,T3,T4_NEAR_T3,2,1.04319704236932,1,MULTIPLE_AMBIGUOUS
H50_Zin50,C_control,T3,T5,3,209.251333030486,0,MULTIPLE_AMBIGUOUS
H50_Zin50,A,T3,T3,1,0.979959056937443,1,MULTIPLE_AMBIGUOUS
H50_Zin50,A,T3,T4_NEAR_T3,2,0.979962101529853,1,MULTIPLE_AMBIGUOUS
H50_Zin50,A,T3,T5,3,197.349317134313,0,MULTIPLE_AMBIGUOUS
H50_Zin50,B,T3,T3,1,1.00514889678297,1,MULTIPLE_AMBIGUOUS
H50_Zin50,B,T3,T4_NEAR_T3,2,1.00515168509659,1,MULTIPLE_AMBIGUOUS
H50_Zin50,B,T3,T5,3,208.225182650791,0,MULTIPLE_AMBIGUOUS
H50_Zin50,C_control,T3,T3,1,1.00514889678297,1,MULTIPLE_AMBIGUOUS
H50_Zin50,C_control,T3,T4_NEAR_T3,2,1.00515168509659,1,MULTIPLE_AMBIGUOUS
H50_Zin50,C_control,T3,T5,3,208.225182650791,0,MULTIPLE_AMBIGUOUS
H50_Zin50,A,T3,T3,2,0.978889182757603,1,MULTIPLE_AMBIGUOUS
H50_Zin50,A,T3,T4_NEAR_T3,1,0.978883988325651,1,MULTIPLE_AMBIGUOUS
H50_Zin50,A,T3,T5,3,199.234902198341,0,MULTIPLE_AMBIGUOUS
H50_Zin50,B,T3,T3,1,1.0046231082607,1,MULTIPLE_AMBIGUOUS
H50_Zin50,B,T3,T4_NEAR_T3,2,1.00462399545192,1,MULTIPLE_AMBIGUOUS
H50_Zin50,B,T3,T5,3,206.057298539919,0,MULTIPLE_AMBIGUOUS
H50_Zin50,C_control,T3,T3,1,1.0046231082607,1,MULTIPLE_AMBIGUOUS
H50_Zin50,C_control,T3,T4_NEAR_T3,2,1.00462399545192,1,MULTIPLE_AMBIGUOUS
H50_Zin50,C_control,T3,T5,3,206.057298539919,0,MULTIPLE_AMBIGUOUS
H50_Zin50,A,T3,T3,2,1.08184213632599,1,REJECTED
H50_Zin50,A,T3,T4_NEAR_T3,1,1.08183835535564,0,REJECTED
H50_Zin50,A,T3,T5,3,201.323411323144,0,REJECTED
H50_Zin50,B,T3,T3,2,1.0543236066383,1,MULTIPLE_AMBIGUOUS
H50_Zin50,B,T3,T4_NEAR_T3,1,1.05431556155479,1,MULTIPLE_AMBIGUOUS
H50_Zin50,B,T3,T5,3,207.714058151695,0,MULTIPLE_AMBIGUOUS
H50_Zin50,C_control,T3,T3,2,1.0543236066383,1,MULTIPLE_AMBIGUOUS
H50_Zin50,C_control,T3,T4_NEAR_T3,1,1.05431556155479,1,MULTIPLE_AMBIGUOUS
H50_Zin50,C_control,T3,T5,3,207.714058151695,0,MULTIPLE_AMBIGUOUS
H50_Zin50,A,T3,T3,1,0.965987829746976,1,MULTIPLE_AMBIGUOUS
H50_Zin50,A,T3,T4_NEAR_T3,2,0.965991599478412,1,MULTIPLE_AMBIGUOUS
H50_Zin50,A,T3,T5,3,197.621532103919,0,MULTIPLE_AMBIGUOUS
H50_Zin50,B,T3,T3,1,0.94058613818599,1,MULTIPLE_AMBIGUOUS
H50_Zin50,B,T3,T4_NEAR_T3,2,0.940590987465756,1,MULTIPLE_AMBIGUOUS
H50_Zin50,B,T3,T5,3,208.397937069571,0,MULTIPLE_AMBIGUOUS
H50_Zin50,C_control,T3,T3,1,0.94058613818599,1,MULTIPLE_AMBIGUOUS
H50_Zin50,C_control,T3,T4_NEAR_T3,2,0.940590987465756,1,MULTIPLE_AMBIGUOUS
H50_Zin50,C_control,T3,T5,3,208.397937069571,0,MULTIPLE_AMBIGUOUS
H50_Zin50,A,T3,T3,2,1.079955940138,1,LOW_CONFIDENCE
H50_Zin50,A,T3,T4_NEAR_T3,1,1.07995402252614,0,LOW_CONFIDENCE
H50_Zin50,A,T3,T5,3,198.746031634954,0,LOW_CONFIDENCE
H50_Zin50,B,T3,T3,1,1.06425409400876,1,MULTIPLE_AMBIGUOUS
H50_Zin50,B,T3,T4_NEAR_T3,2,1.06425679322296,1,MULTIPLE_AMBIGUOUS
H50_Zin50,B,T3,T5,3,208.543230598696,0,MULTIPLE_AMBIGUOUS
H50_Zin50,C_control,T3,T3,1,1.06425409400876,1,MULTIPLE_AMBIGUOUS
H50_Zin50,C_control,T3,T4_NEAR_T3,2,1.06425679322296,1,MULTIPLE_AMBIGUOUS
H50_Zin50,C_control,T3,T5,3,208.543230598696,0,MULTIPLE_AMBIGUOUS
H50_Zin50,A,T3,T3,2,0.978714262902521,1,MULTIPLE_AMBIGUOUS
H50_Zin50,A,T3,T4_NEAR_T3,1,0.978703178835892,1,MULTIPLE_AMBIGUOUS
H50_Zin50,A,T3,T5,3,200.02697359436,0,MULTIPLE_AMBIGUOUS
H50_Zin50,B,T3,T3,2,0.977593985764738,0,LOW_CONFIDENCE
H50_Zin50,B,T3,T4_NEAR_T3,1,0.977581288813087,1,LOW_CONFIDENCE
H50_Zin50,B,T3,T5,3,206.470174482393,0,LOW_CONFIDENCE
H50_Zin50,C_control,T3,T3,2,0.977593985764738,0,LOW_CONFIDENCE
H50_Zin50,C_control,T3,T4_NEAR_T3,1,0.977581288813087,1,LOW_CONFIDENCE
H50_Zin50,C_control,T3,T5,3,206.470174482393,0,LOW_CONFIDENCE
H50_Zin50,A,T3,T3,2,1.05206133734261,1,MULTIPLE_AMBIGUOUS
H50_Zin50,A,T3,T4_NEAR_T3,1,1.05205549229532,1,MULTIPLE_AMBIGUOUS
H50_Zin50,A,T3,T5,3,201.915055627229,0,MULTIPLE_AMBIGUOUS
H50_Zin50,B,T3,T3,2,1.0264500840696,1,MULTIPLE_AMBIGUOUS
H50_Zin50,B,T3,T4_NEAR_T3,1,1.02644028407892,1,MULTIPLE_AMBIGUOUS
H50_Zin50,B,T3,T5,3,208.359219039016,0,MULTIPLE_AMBIGUOUS
H50_Zin50,C_control,T3,T3,2,1.0264500840696,1,MULTIPLE_AMBIGUOUS
H50_Zin50,C_control,T3,T4_NEAR_T3,1,1.02644028407892,1,MULTIPLE_AMBIGUOUS
H50_Zin50,C_control,T3,T5,3,208.359219039016,0,MULTIPLE_AMBIGUOUS
H50_Zin50,A,T3,T3,1,1.00935414927632,1,MULTIPLE_AMBIGUOUS
H50_Zin50,A,T3,T4_NEAR_T3,2,1.00935757468442,1,MULTIPLE_AMBIGUOUS
H50_Zin50,A,T3,T5,3,200.780189631896,0,MULTIPLE_AMBIGUOUS
H50_Zin50,B,T3,T3,1,1.02341201069826,1,MULTIPLE_AMBIGUOUS
H50_Zin50,B,T3,T4_NEAR_T3,2,1.02341589803328,1,MULTIPLE_AMBIGUOUS
H50_Zin50,B,T3,T5,3,209.235609036853,0,MULTIPLE_AMBIGUOUS
H50_Zin50,C_control,T3,T3,1,1.02341201069826,1,MULTIPLE_AMBIGUOUS
H50_Zin50,C_control,T3,T4_NEAR_T3,2,1.02341589803328,1,MULTIPLE_AMBIGUOUS
H50_Zin50,C_control,T3,T5,3,209.235609036853,0,MULTIPLE_AMBIGUOUS
H50_Zin50,A,T3,T3,2,1.06866618634882,1,MULTIPLE_AMBIGUOUS
H50_Zin50,A,T3,T4_NEAR_T3,1,1.06865370662721,1,MULTIPLE_AMBIGUOUS
H50_Zin50,A,T3,T5,3,197.59006557431,0,MULTIPLE_AMBIGUOUS
H50_Zin50,B,T3,T3,2,1.08384624487726,0,LOW_CONFIDENCE
H50_Zin50,B,T3,T4_NEAR_T3,1,1.08383498953784,1,LOW_CONFIDENCE
H50_Zin50,B,T3,T5,3,208.535550628902,0,LOW_CONFIDENCE
H50_Zin50,C_control,T3,T3,2,1.08384624487726,0,LOW_CONFIDENCE
H50_Zin50,C_control,T3,T4_NEAR_T3,1,1.08383498953784,1,LOW_CONFIDENCE
H50_Zin50,C_control,T3,T5,3,208.535550628902,0,LOW_CONFIDENCE
H50_Zin50,A,T3,T3,2,0.979283902309615,1,MULTIPLE_AMBIGUOUS
H50_Zin50,A,T3,T4_NEAR_T3,1,0.979277155491211,1,MULTIPLE_AMBIGUOUS
H50_Zin50,A,T3,T5,3,198.925324924086,0,MULTIPLE_AMBIGUOUS
H50_Zin50,B,T3,T3,2,0.934093953615404,1,MULTIPLE_AMBIGUOUS
H50_Zin50,B,T3,T4_NEAR_T3,1,0.934085371152908,1,MULTIPLE_AMBIGUOUS
H50_Zin50,B,T3,T5,3,207.116413134933,0,MULTIPLE_AMBIGUOUS
H50_Zin50,C_control,T3,T3,2,0.934093953615404,1,MULTIPLE_AMBIGUOUS
H50_Zin50,C_control,T3,T4_NEAR_T3,1,0.934085371152908,1,MULTIPLE_AMBIGUOUS
H50_Zin50,C_control,T3,T5,3,207.116413134933,0,MULTIPLE_AMBIGUOUS
H50_Zin50,A,T3,T3,1,1.01487135397847,1,MULTIPLE_AMBIGUOUS
H50_Zin50,A,T3,T4_NEAR_T3,2,1.01487375340375,1,MULTIPLE_AMBIGUOUS
H50_Zin50,A,T3,T5,3,197.809369085495,0,MULTIPLE_AMBIGUOUS
H50_Zin50,B,T3,T3,1,1.03435978103423,1,MULTIPLE_AMBIGUOUS
H50_Zin50,B,T3,T4_NEAR_T3,2,1.03436024884677,1,MULTIPLE_AMBIGUOUS
H50_Zin50,B,T3,T5,3,208.881069378664,0,MULTIPLE_AMBIGUOUS
H50_Zin50,C_control,T3,T3,1,1.03435978103423,1,MULTIPLE_AMBIGUOUS
H50_Zin50,C_control,T3,T4_NEAR_T3,2,1.03436024884677,1,MULTIPLE_AMBIGUOUS
H50_Zin50,C_control,T3,T5,3,208.881069378664,0,MULTIPLE_AMBIGUOUS
H50_Zin50,A,T3,T3,1,0.978084629447933,1,MULTIPLE_AMBIGUOUS
H50_Zin50,A,T3,T4_NEAR_T3,2,0.978092203830407,1,MULTIPLE_AMBIGUOUS
H50_Zin50,A,T3,T5,3,197.486739237553,0,MULTIPLE_AMBIGUOUS
H50_Zin50,B,T3,T3,1,0.93098223421968,1,MULTIPLE_AMBIGUOUS
H50_Zin50,B,T3,T4_NEAR_T3,2,0.930990185436903,1,MULTIPLE_AMBIGUOUS
H50_Zin50,B,T3,T5,3,208.33767911223,0,MULTIPLE_AMBIGUOUS
H50_Zin50,C_control,T3,T3,1,0.93098223421968,1,MULTIPLE_AMBIGUOUS
H50_Zin50,C_control,T3,T4_NEAR_T3,2,0.930990185436903,1,MULTIPLE_AMBIGUOUS
H50_Zin50,C_control,T3,T5,3,208.33767911223,0,MULTIPLE_AMBIGUOUS
H50_Zin50,A,T3,T3,1,1.10716004428115,1,REJECTED
H50_Zin50,A,T3,T4_NEAR_T3,2,1.10716327649646,0,REJECTED
H50_Zin50,A,T3,T5,3,199.541303826365,0,REJECTED
H50_Zin50,B,T3,T3,1,1.09711480035416,1,MULTIPLE_AMBIGUOUS
H50_Zin50,B,T3,T4_NEAR_T3,2,1.09711830261095,1,MULTIPLE_AMBIGUOUS
H50_Zin50,B,T3,T5,3,206.099729952663,0,MULTIPLE_AMBIGUOUS
H50_Zin50,C_control,T3,T3,1,1.09711480035416,1,MULTIPLE_AMBIGUOUS
H50_Zin50,C_control,T3,T4_NEAR_T3,2,1.09711830261095,1,MULTIPLE_AMBIGUOUS
H50_Zin50,C_control,T3,T5,3,206.099729952663,0,MULTIPLE_AMBIGUOUS
H50_Zin50,A,T3,T3,1,1.04505012960768,1,MULTIPLE_AMBIGUOUS
H50_Zin50,A,T3,T4_NEAR_T3,2,1.04505717981253,1,MULTIPLE_AMBIGUOUS
H50_Zin50,A,T3,T5,3,196.987754849873,0,MULTIPLE_AMBIGUOUS
H50_Zin50,B,T3,T3,1,1.10692617072565,1,MULTIPLE_AMBIGUOUS
H50_Zin50,B,T3,T4_NEAR_T3,2,1.1069288381667,1,MULTIPLE_AMBIGUOUS
H50_Zin50,B,T3,T5,3,198.985996357124,0,MULTIPLE_AMBIGUOUS
H50_Zin50,C_control,T3,T3,1,1.10692617072565,1,MULTIPLE_AMBIGUOUS
H50_Zin50,C_control,T3,T4_NEAR_T3,2,1.1069288381667,1,MULTIPLE_AMBIGUOUS
H50_Zin50,C_control,T3,T5,3,198.985996357124,0,MULTIPLE_AMBIGUOUS
H50_Zin50,A,T3,T3,1,1.02089941573902,1,MULTIPLE_AMBIGUOUS
H50_Zin50,A,T3,T4_NEAR_T3,2,1.02090409666244,1,MULTIPLE_AMBIGUOUS
H50_Zin50,A,T3,T5,3,196.26927296895,0,MULTIPLE_AMBIGUOUS
H50_Zin50,B,T3,T3,1,1.02958918250098,1,MULTIPLE_AMBIGUOUS
H50_Zin50,B,T3,T4_NEAR_T3,2,1.02959866228795,1,MULTIPLE_AMBIGUOUS
H50_Zin50,B,T3,T5,3,199.459787890724,0,MULTIPLE_AMBIGUOUS
H50_Zin50,C_control,T3,T3,1,1.02958918250098,1,MULTIPLE_AMBIGUOUS
H50_Zin50,C_control,T3,T4_NEAR_T3,2,1.02959866228795,1,MULTIPLE_AMBIGUOUS
H50_Zin50,C_control,T3,T5,3,199.459787890724,0,MULTIPLE_AMBIGUOUS
H50_Zin50,A,T3,T3,1,1.00028293851415,1,MULTIPLE_AMBIGUOUS
H50_Zin50,A,T3,T4_NEAR_T3,2,1.00029205900584,1,MULTIPLE_AMBIGUOUS
H50_Zin50,A,T3,T5,3,198.197891300594,0,MULTIPLE_AMBIGUOUS
H50_Zin50,B,T3,T3,1,1.00107969679234,1,LOW_CONFIDENCE
H50_Zin50,B,T3,T4_NEAR_T3,2,1.00109030104964,0,LOW_CONFIDENCE
H50_Zin50,B,T3,T5,3,207.171697402363,0,LOW_CONFIDENCE
H50_Zin50,C_control,T3,T3,1,1.00107969679234,1,LOW_CONFIDENCE
H50_Zin50,C_control,T3,T4_NEAR_T3,2,1.00109030104964,0,LOW_CONFIDENCE
H50_Zin50,C_control,T3,T5,3,207.171697402363,0,LOW_CONFIDENCE
H50_Zin50,A,T3,T3,2,1.0378856245441,1,MULTIPLE_AMBIGUOUS
H50_Zin50,A,T3,T4_NEAR_T3,1,1.03788452016086,1,MULTIPLE_AMBIGUOUS
H50_Zin50,A,T3,T5,3,198.550282022527,0,MULTIPLE_AMBIGUOUS
H50_Zin50,B,T3,T3,2,1.01353241206726,1,MULTIPLE_AMBIGUOUS
H50_Zin50,B,T3,T4_NEAR_T3,1,1.0135285555234,1,MULTIPLE_AMBIGUOUS
H50_Zin50,B,T3,T5,3,205.390299182587,0,MULTIPLE_AMBIGUOUS
H50_Zin50,C_control,T3,T3,2,1.01353241206726,1,MULTIPLE_AMBIGUOUS
H50_Zin50,C_control,T3,T4_NEAR_T3,1,1.0135285555234,1,MULTIPLE_AMBIGUOUS
H50_Zin50,C_control,T3,T5,3,205.390299182587,0,MULTIPLE_AMBIGUOUS
H50_Zin50,A,T3,T3,1,0.933567111235811,1,MULTIPLE_AMBIGUOUS
H50_Zin50,A,T3,T4_NEAR_T3,2,0.933569479984045,1,MULTIPLE_AMBIGUOUS
H50_Zin50,A,T3,T5,3,198.017751248978,0,MULTIPLE_AMBIGUOUS
H50_Zin50,B,T3,T3,1,0.931894722863282,1,MULTIPLE_AMBIGUOUS
H50_Zin50,B,T3,T4_NEAR_T3,2,0.931903995420715,1,MULTIPLE_AMBIGUOUS
H50_Zin50,B,T3,T5,3,208.123129001722,0,MULTIPLE_AMBIGUOUS
H50_Zin50,C_control,T3,T3,1,0.931894722863282,1,MULTIPLE_AMBIGUOUS
H50_Zin50,C_control,T3,T4_NEAR_T3,2,0.931903995420715,1,MULTIPLE_AMBIGUOUS
H50_Zin50,C_control,T3,T5,3,208.123129001722,0,MULTIPLE_AMBIGUOUS
H50_Zin50,A,T4_NEAR_T3,T3,2,1.00241873421148,1,MULTIPLE_AMBIGUOUS
H50_Zin50,A,T4_NEAR_T3,T4_NEAR_T3,1,1.00241864425501,1,MULTIPLE_AMBIGUOUS
H50_Zin50,A,T4_NEAR_T3,T5,3,201.127601552438,0,MULTIPLE_AMBIGUOUS
H50_Zin50,B,T4_NEAR_T3,T3,2,0.99519103257588,1,MULTIPLE_AMBIGUOUS
H50_Zin50,B,T4_NEAR_T3,T4_NEAR_T3,1,0.995184018343069,1,MULTIPLE_AMBIGUOUS
H50_Zin50,B,T4_NEAR_T3,T5,3,207.941547725355,0,MULTIPLE_AMBIGUOUS
H50_Zin50,C_control,T4_NEAR_T3,T3,2,0.99519103257588,1,MULTIPLE_AMBIGUOUS
H50_Zin50,C_control,T4_NEAR_T3,T4_NEAR_T3,1,0.995184018343069,1,MULTIPLE_AMBIGUOUS
H50_Zin50,C_control,T4_NEAR_T3,T5,3,207.941547725355,0,MULTIPLE_AMBIGUOUS
H50_Zin50,A,T4_NEAR_T3,T3,1,0.969580321812345,1,MULTIPLE_AMBIGUOUS
H50_Zin50,A,T4_NEAR_T3,T4_NEAR_T3,2,0.969589605861822,1,MULTIPLE_AMBIGUOUS
H50_Zin50,A,T4_NEAR_T3,T5,3,197.68972719993,0,MULTIPLE_AMBIGUOUS
H50_Zin50,B,T4_NEAR_T3,T3,1,0.94513993498979,1,MULTIPLE_AMBIGUOUS
H50_Zin50,B,T4_NEAR_T3,T4_NEAR_T3,2,0.945145692355315,1,MULTIPLE_AMBIGUOUS
H50_Zin50,B,T4_NEAR_T3,T5,3,208.439359929869,0,MULTIPLE_AMBIGUOUS
H50_Zin50,C_control,T4_NEAR_T3,T3,1,0.94513993498979,1,MULTIPLE_AMBIGUOUS
H50_Zin50,C_control,T4_NEAR_T3,T4_NEAR_T3,2,0.945145692355315,1,MULTIPLE_AMBIGUOUS
H50_Zin50,C_control,T4_NEAR_T3,T5,3,208.439359929869,0,MULTIPLE_AMBIGUOUS
H50_Zin50,A,T4_NEAR_T3,T3,1,1.01768093757378,1,MULTIPLE_AMBIGUOUS
H50_Zin50,A,T4_NEAR_T3,T4_NEAR_T3,2,1.01769150817576,1,MULTIPLE_AMBIGUOUS
H50_Zin50,A,T4_NEAR_T3,T5,3,200.050475152113,0,MULTIPLE_AMBIGUOUS
H50_Zin50,B,T4_NEAR_T3,T3,1,0.9719314752619,1,MULTIPLE_AMBIGUOUS
H50_Zin50,B,T4_NEAR_T3,T4_NEAR_T3,2,0.971941730787063,1,MULTIPLE_AMBIGUOUS
H50_Zin50,B,T4_NEAR_T3,T5,3,208.979981193524,0,MULTIPLE_AMBIGUOUS
H50_Zin50,C_control,T4_NEAR_T3,T3,1,0.9719314752619,1,MULTIPLE_AMBIGUOUS
H50_Zin50,C_control,T4_NEAR_T3,T4_NEAR_T3,2,0.971941730787063,1,MULTIPLE_AMBIGUOUS
H50_Zin50,C_control,T4_NEAR_T3,T5,3,208.979981193524,0,MULTIPLE_AMBIGUOUS
H50_Zin50,A,T4_NEAR_T3,T3,2,1.13369306080198,0,REJECTED
H50_Zin50,A,T4_NEAR_T3,T4_NEAR_T3,1,1.13369018212058,0,REJECTED
H50_Zin50,A,T4_NEAR_T3,T5,3,198.886574949017,0,REJECTED
H50_Zin50,B,T4_NEAR_T3,T3,2,1.1392661076394,1,MULTIPLE_AMBIGUOUS
H50_Zin50,B,T4_NEAR_T3,T4_NEAR_T3,1,1.13926210564696,1,MULTIPLE_AMBIGUOUS
H50_Zin50,B,T4_NEAR_T3,T5,3,208.854922965676,0,MULTIPLE_AMBIGUOUS
H50_Zin50,C_control,T4_NEAR_T3,T3,2,1.1392661076394,1,MULTIPLE_AMBIGUOUS
H50_Zin50,C_control,T4_NEAR_T3,T4_NEAR_T3,1,1.13926210564696,1,MULTIPLE_AMBIGUOUS
H50_Zin50,C_control,T4_NEAR_T3,T5,3,208.854922965676,0,MULTIPLE_AMBIGUOUS
H50_Zin50,A,T4_NEAR_T3,T3,2,0.939024958998997,1,MULTIPLE_AMBIGUOUS
H50_Zin50,A,T4_NEAR_T3,T4_NEAR_T3,1,0.939024337704681,1,MULTIPLE_AMBIGUOUS
H50_Zin50,A,T4_NEAR_T3,T5,3,199.250957515205,0,MULTIPLE_AMBIGUOUS
H50_Zin50,B,T4_NEAR_T3,T3,2,0.90851554762099,0,LOW_CONFIDENCE
H50_Zin50,B,T4_NEAR_T3,T4_NEAR_T3,1,0.908504089649376,1,LOW_CONFIDENCE
H50_Zin50,B,T4_NEAR_T3,T5,3,208.96345572307,0,LOW_CONFIDENCE
H50_Zin50,C_control,T4_NEAR_T3,T3,2,0.90851554762099,0,LOW_CONFIDENCE
H50_Zin50,C_control,T4_NEAR_T3,T4_NEAR_T3,1,0.908504089649376,1,LOW_CONFIDENCE
H50_Zin50,C_control,T4_NEAR_T3,T5,3,208.96345572307,0,LOW_CONFIDENCE
H50_Zin50,A,T4_NEAR_T3,T3,1,0.964398169668481,1,MULTIPLE_AMBIGUOUS
H50_Zin50,A,T4_NEAR_T3,T4_NEAR_T3,2,0.964399122473807,1,MULTIPLE_AMBIGUOUS
H50_Zin50,A,T4_NEAR_T3,T5,3,200.282471338585,0,MULTIPLE_AMBIGUOUS
H50_Zin50,B,T4_NEAR_T3,T3,1,0.917875230662016,1,MULTIPLE_AMBIGUOUS
H50_Zin50,B,T4_NEAR_T3,T4_NEAR_T3,2,0.917875360083489,1,MULTIPLE_AMBIGUOUS
H50_Zin50,B,T4_NEAR_T3,T5,3,208.963773384964,0,MULTIPLE_AMBIGUOUS
H50_Zin50,C_control,T4_NEAR_T3,T3,1,0.917875230662016,1,MULTIPLE_AMBIGUOUS
H50_Zin50,C_control,T4_NEAR_T3,T4_NEAR_T3,2,0.917875360083489,1,MULTIPLE_AMBIGUOUS
H50_Zin50,C_control,T4_NEAR_T3,T5,3,208.963773384964,0,MULTIPLE_AMBIGUOUS
H50_Zin50,A,T4_NEAR_T3,T3,2,1.03907215127503,1,MULTIPLE_AMBIGUOUS
H50_Zin50,A,T4_NEAR_T3,T4_NEAR_T3,1,1.03907009855549,1,MULTIPLE_AMBIGUOUS
H50_Zin50,A,T4_NEAR_T3,T5,3,197.197687299234,0,MULTIPLE_AMBIGUOUS
H50_Zin50,B,T4_NEAR_T3,T3,1,1.04076495606542,1,MULTIPLE_AMBIGUOUS
H50_Zin50,B,T4_NEAR_T3,T4_NEAR_T3,2,1.04076519105385,1,MULTIPLE_AMBIGUOUS
H50_Zin50,B,T4_NEAR_T3,T5,3,207.954495340232,0,MULTIPLE_AMBIGUOUS
H50_Zin50,C_control,T4_NEAR_T3,T3,1,1.04076495606542,1,MULTIPLE_AMBIGUOUS
H50_Zin50,C_control,T4_NEAR_T3,T4_NEAR_T3,2,1.04076519105385,1,MULTIPLE_AMBIGUOUS
H50_Zin50,C_control,T4_NEAR_T3,T5,3,207.954495340232,0,MULTIPLE_AMBIGUOUS
H50_Zin50,A,T4_NEAR_T3,T3,1,1.0115172501407,1,MULTIPLE_AMBIGUOUS
H50_Zin50,A,T4_NEAR_T3,T4_NEAR_T3,2,1.01152524781005,1,MULTIPLE_AMBIGUOUS
H50_Zin50,A,T4_NEAR_T3,T5,3,199.507654737442,0,MULTIPLE_AMBIGUOUS
H50_Zin50,B,T4_NEAR_T3,T3,1,1.04444587701748,1,MULTIPLE_AMBIGUOUS
H50_Zin50,B,T4_NEAR_T3,T4_NEAR_T3,2,1.04445139049801,1,MULTIPLE_AMBIGUOUS
H50_Zin50,B,T4_NEAR_T3,T5,3,206.947192303353,0,MULTIPLE_AMBIGUOUS
H50_Zin50,C_control,T4_NEAR_T3,T3,1,1.04444587701748,1,MULTIPLE_AMBIGUOUS
H50_Zin50,C_control,T4_NEAR_T3,T4_NEAR_T3,2,1.04445139049801,1,MULTIPLE_AMBIGUOUS
H50_Zin50,C_control,T4_NEAR_T3,T5,3,206.947192303353,0,MULTIPLE_AMBIGUOUS
H50_Zin50,A,T4_NEAR_T3,T3,2,0.93730351357018,1,MULTIPLE_AMBIGUOUS
H50_Zin50,A,T4_NEAR_T3,T4_NEAR_T3,1,0.937298895484656,1,MULTIPLE_AMBIGUOUS
H50_Zin50,A,T4_NEAR_T3,T5,3,195.379381348026,0,MULTIPLE_AMBIGUOUS
H50_Zin50,B,T4_NEAR_T3,T3,2,0.97863462997993,1,MULTIPLE_AMBIGUOUS
H50_Zin50,B,T4_NEAR_T3,T4_NEAR_T3,1,0.978626208850268,1,MULTIPLE_AMBIGUOUS
H50_Zin50,B,T4_NEAR_T3,T5,3,199.259500317375,0,MULTIPLE_AMBIGUOUS
H50_Zin50,C_control,T4_NEAR_T3,T3,2,0.97863462997993,1,MULTIPLE_AMBIGUOUS
H50_Zin50,C_control,T4_NEAR_T3,T4_NEAR_T3,1,0.978626208850268,1,MULTIPLE_AMBIGUOUS
H50_Zin50,C_control,T4_NEAR_T3,T5,3,199.259500317375,0,MULTIPLE_AMBIGUOUS
H50_Zin50,A,T4_NEAR_T3,T3,2,1.01278939288562,1,MULTIPLE_AMBIGUOUS
H50_Zin50,A,T4_NEAR_T3,T4_NEAR_T3,1,1.01278771177923,1,MULTIPLE_AMBIGUOUS
H50_Zin50,A,T4_NEAR_T3,T5,3,200.640164730293,0,MULTIPLE_AMBIGUOUS
H50_Zin50,B,T4_NEAR_T3,T3,1,1.00101426091562,1,MULTIPLE_AMBIGUOUS
H50_Zin50,B,T4_NEAR_T3,T4_NEAR_T3,2,1.00101728164598,1,MULTIPLE_AMBIGUOUS
H50_Zin50,B,T4_NEAR_T3,T5,3,209.164846428651,0,MULTIPLE_AMBIGUOUS
H50_Zin50,C_control,T4_NEAR_T3,T3,1,1.00101426091562,1,MULTIPLE_AMBIGUOUS
H50_Zin50,C_control,T4_NEAR_T3,T4_NEAR_T3,2,1.00101728164598,1,MULTIPLE_AMBIGUOUS
H50_Zin50,C_control,T4_NEAR_T3,T5,3,209.164846428651,0,MULTIPLE_AMBIGUOUS
H50_Zin50,A,T4_NEAR_T3,T3,2,1.03946783545011,1,MULTIPLE_AMBIGUOUS
H50_Zin50,A,T4_NEAR_T3,T4_NEAR_T3,1,1.03946269394027,1,MULTIPLE_AMBIGUOUS
H50_Zin50,A,T4_NEAR_T3,T5,3,197.942701895875,0,MULTIPLE_AMBIGUOUS
H50_Zin50,B,T4_NEAR_T3,T3,2,0.93070091284403,1,REJECTED
H50_Zin50,B,T4_NEAR_T3,T4_NEAR_T3,1,0.930696276899455,1,REJECTED
H50_Zin50,B,T4_NEAR_T3,T5,3,208.441981359473,0,REJECTED
H50_Zin50,C_control,T4_NEAR_T3,T3,2,0.93070091284403,1,REJECTED
H50_Zin50,C_control,T4_NEAR_T3,T4_NEAR_T3,1,0.930696276899455,1,REJECTED
H50_Zin50,C_control,T4_NEAR_T3,T5,3,208.441981359473,0,REJECTED
H50_Zin50,A,T4_NEAR_T3,T3,2,1.01558441915033,1,MULTIPLE_AMBIGUOUS
H50_Zin50,A,T4_NEAR_T3,T4_NEAR_T3,1,1.0155830170701,1,MULTIPLE_AMBIGUOUS
H50_Zin50,A,T4_NEAR_T3,T5,3,197.873544195316,0,MULTIPLE_AMBIGUOUS
H50_Zin50,B,T4_NEAR_T3,T3,2,0.997135833584225,1,MULTIPLE_AMBIGUOUS
H50_Zin50,B,T4_NEAR_T3,T4_NEAR_T3,1,0.997132842397656,1,MULTIPLE_AMBIGUOUS
H50_Zin50,B,T4_NEAR_T3,T5,3,208.805206853858,0,MULTIPLE_AMBIGUOUS
H50_Zin50,C_control,T4_NEAR_T3,T3,2,0.997135833584225,1,MULTIPLE_AMBIGUOUS
H50_Zin50,C_control,T4_NEAR_T3,T4_NEAR_T3,1,0.997132842397656,1,MULTIPLE_AMBIGUOUS
H50_Zin50,C_control,T4_NEAR_T3,T5,3,208.805206853858,0,MULTIPLE_AMBIGUOUS
H50_Zin50,A,T4_NEAR_T3,T3,2,0.9631263134264,1,MULTIPLE_AMBIGUOUS
H50_Zin50,A,T4_NEAR_T3,T4_NEAR_T3,1,0.963120837611778,1,MULTIPLE_AMBIGUOUS
H50_Zin50,A,T4_NEAR_T3,T5,3,199.131705031223,0,MULTIPLE_AMBIGUOUS
H50_Zin50,B,T4_NEAR_T3,T3,2,0.960513299378349,1,MULTIPLE_AMBIGUOUS
H50_Zin50,B,T4_NEAR_T3,T4_NEAR_T3,1,0.960507127582154,1,MULTIPLE_AMBIGUOUS
H50_Zin50,B,T4_NEAR_T3,T5,3,206.690437081462,0,MULTIPLE_AMBIGUOUS
H50_Zin50,C_control,T4_NEAR_T3,T3,2,0.960513299378349,1,MULTIPLE_AMBIGUOUS
H50_Zin50,C_control,T4_NEAR_T3,T4_NEAR_T3,1,0.960507127582154,1,MULTIPLE_AMBIGUOUS
H50_Zin50,C_control,T4_NEAR_T3,T5,3,206.690437081462,0,MULTIPLE_AMBIGUOUS
H50_Zin50,A,T4_NEAR_T3,T3,1,0.997108973255984,1,MULTIPLE_AMBIGUOUS
H50_Zin50,A,T4_NEAR_T3,T4_NEAR_T3,2,0.997115388854405,1,MULTIPLE_AMBIGUOUS
H50_Zin50,A,T4_NEAR_T3,T5,3,198.306717707612,0,MULTIPLE_AMBIGUOUS
H50_Zin50,B,T4_NEAR_T3,T3,1,1.02426362899993,1,LOW_CONFIDENCE
H50_Zin50,B,T4_NEAR_T3,T4_NEAR_T3,2,1.02427513688765,0,LOW_CONFIDENCE
H50_Zin50,B,T4_NEAR_T3,T5,3,208.854507146237,0,LOW_CONFIDENCE
H50_Zin50,C_control,T4_NEAR_T3,T3,1,1.02426362899993,1,LOW_CONFIDENCE
H50_Zin50,C_control,T4_NEAR_T3,T4_NEAR_T3,2,1.02427513688765,0,LOW_CONFIDENCE
H50_Zin50,C_control,T4_NEAR_T3,T5,3,208.854507146237,0,LOW_CONFIDENCE
H50_Zin50,A,T4_NEAR_T3,T3,2,1.02875234988683,1,MULTIPLE_AMBIGUOUS
H50_Zin50,A,T4_NEAR_T3,T4_NEAR_T3,1,1.02875075063778,1,MULTIPLE_AMBIGUOUS
H50_Zin50,A,T4_NEAR_T3,T5,3,197.229965551706,0,MULTIPLE_AMBIGUOUS
H50_Zin50,B,T4_NEAR_T3,T3,1,1.04846068031062,1,MULTIPLE_AMBIGUOUS
H50_Zin50,B,T4_NEAR_T3,T4_NEAR_T3,2,1.04846237475647,1,MULTIPLE_AMBIGUOUS
H50_Zin50,B,T4_NEAR_T3,T5,3,200.858872502016,0,MULTIPLE_AMBIGUOUS
H50_Zin50,C_control,T4_NEAR_T3,T3,1,1.04846068031062,1,MULTIPLE_AMBIGUOUS
H50_Zin50,C_control,T4_NEAR_T3,T4_NEAR_T3,2,1.04846237475647,1,MULTIPLE_AMBIGUOUS
H50_Zin50,C_control,T4_NEAR_T3,T5,3,200.858872502016,0,MULTIPLE_AMBIGUOUS
H50_Zin50,A,T4_NEAR_T3,T3,2,0.940400605979763,1,MULTIPLE_AMBIGUOUS
H50_Zin50,A,T4_NEAR_T3,T4_NEAR_T3,1,0.940400387657768,1,MULTIPLE_AMBIGUOUS
H50_Zin50,A,T4_NEAR_T3,T5,3,195.78432142578,0,MULTIPLE_AMBIGUOUS
H50_Zin50,B,T4_NEAR_T3,T3,2,0.885936121925853,1,MULTIPLE_AMBIGUOUS
H50_Zin50,B,T4_NEAR_T3,T4_NEAR_T3,1,0.885931456937903,1,MULTIPLE_AMBIGUOUS
H50_Zin50,B,T4_NEAR_T3,T5,3,200.914378010402,0,MULTIPLE_AMBIGUOUS
H50_Zin50,C_control,T4_NEAR_T3,T3,2,0.885936121925853,1,MULTIPLE_AMBIGUOUS
H50_Zin50,C_control,T4_NEAR_T3,T4_NEAR_T3,1,0.885931456937903,1,MULTIPLE_AMBIGUOUS
H50_Zin50,C_control,T4_NEAR_T3,T5,3,200.914378010402,0,MULTIPLE_AMBIGUOUS
H50_Zin50,A,T4_NEAR_T3,T3,2,0.983990709400589,1,MULTIPLE_AMBIGUOUS
H50_Zin50,A,T4_NEAR_T3,T4_NEAR_T3,1,0.983989398052142,1,MULTIPLE_AMBIGUOUS
H50_Zin50,A,T4_NEAR_T3,T5,3,196.098921780371,0,MULTIPLE_AMBIGUOUS
H50_Zin50,B,T4_NEAR_T3,T3,2,0.976292431859824,1,MULTIPLE_AMBIGUOUS
H50_Zin50,B,T4_NEAR_T3,T4_NEAR_T3,1,0.976288476041306,1,MULTIPLE_AMBIGUOUS
H50_Zin50,B,T4_NEAR_T3,T5,3,199.487165770071,0,MULTIPLE_AMBIGUOUS
H50_Zin50,C_control,T4_NEAR_T3,T3,2,0.976292431859824,1,MULTIPLE_AMBIGUOUS
H50_Zin50,C_control,T4_NEAR_T3,T4_NEAR_T3,1,0.976288476041306,1,MULTIPLE_AMBIGUOUS
H50_Zin50,C_control,T4_NEAR_T3,T5,3,199.487165770071,0,MULTIPLE_AMBIGUOUS
H50_Zin50,A,T4_NEAR_T3,T3,2,0.899461815863209,1,MULTIPLE_AMBIGUOUS
H50_Zin50,A,T4_NEAR_T3,T4_NEAR_T3,1,0.899460571828603,1,MULTIPLE_AMBIGUOUS
H50_Zin50,A,T4_NEAR_T3,T5,3,196.645675486405,0,MULTIPLE_AMBIGUOUS
H50_Zin50,B,T4_NEAR_T3,T3,1,0.90578348423058,1,MULTIPLE_AMBIGUOUS
H50_Zin50,B,T4_NEAR_T3,T4_NEAR_T3,2,0.905784736923995,1,MULTIPLE_AMBIGUOUS
H50_Zin50,B,T4_NEAR_T3,T5,3,208.517733562858,0,MULTIPLE_AMBIGUOUS
H50_Zin50,C_control,T4_NEAR_T3,T3,1,0.90578348423058,1,MULTIPLE_AMBIGUOUS
H50_Zin50,C_control,T4_NEAR_T3,T4_NEAR_T3,2,0.905784736923995,1,MULTIPLE_AMBIGUOUS
H50_Zin50,C_control,T4_NEAR_T3,T5,3,208.517733562858,0,MULTIPLE_AMBIGUOUS
H50_Zin50,A,T4_NEAR_T3,T3,2,1.10356442754809,1,REJECTED
H50_Zin50,A,T4_NEAR_T3,T4_NEAR_T3,1,1.10355459111765,0,REJECTED
H50_Zin50,A,T4_NEAR_T3,T5,3,197.680630699639,0,REJECTED
H50_Zin50,B,T4_NEAR_T3,T3,2,1.07457218432942,1,REJECTED
H50_Zin50,B,T4_NEAR_T3,T4_NEAR_T3,1,1.07456378718449,1,REJECTED
H50_Zin50,B,T4_NEAR_T3,T5,3,201.115393704811,0,REJECTED
H50_Zin50,C_control,T4_NEAR_T3,T3,2,1.07457218432942,1,REJECTED
H50_Zin50,C_control,T4_NEAR_T3,T4_NEAR_T3,1,1.07456378718449,1,REJECTED
H50_Zin50,C_control,T4_NEAR_T3,T5,3,201.115393704811,0,REJECTED
H50_Zin50,A,T4_NEAR_T3,T3,1,0.98040156021906,1,MULTIPLE_AMBIGUOUS
H50_Zin50,A,T4_NEAR_T3,T4_NEAR_T3,2,0.980411444925693,1,MULTIPLE_AMBIGUOUS
H50_Zin50,A,T4_NEAR_T3,T5,3,200.382095854352,0,MULTIPLE_AMBIGUOUS
H50_Zin50,B,T4_NEAR_T3,T3,1,0.986582217158836,1,MULTIPLE_AMBIGUOUS
H50_Zin50,B,T4_NEAR_T3,T4_NEAR_T3,2,0.986588722436652,1,MULTIPLE_AMBIGUOUS
H50_Zin50,B,T4_NEAR_T3,T5,3,206.80370665452,0,MULTIPLE_AMBIGUOUS
H50_Zin50,C_control,T4_NEAR_T3,T3,1,0.986582217158836,1,MULTIPLE_AMBIGUOUS
H50_Zin50,C_control,T4_NEAR_T3,T4_NEAR_T3,2,0.986588722436652,1,MULTIPLE_AMBIGUOUS
H50_Zin50,C_control,T4_NEAR_T3,T5,3,206.80370665452,0,MULTIPLE_AMBIGUOUS
H50_Zin50,A,T4_NEAR_T3,T3,1,0.990682010124117,1,MULTIPLE_AMBIGUOUS
H50_Zin50,A,T4_NEAR_T3,T4_NEAR_T3,2,0.990683658429375,1,MULTIPLE_AMBIGUOUS
H50_Zin50,A,T4_NEAR_T3,T5,3,200.206979509723,0,MULTIPLE_AMBIGUOUS
H50_Zin50,B,T4_NEAR_T3,T3,2,0.907175910431872,1,REJECTED
H50_Zin50,B,T4_NEAR_T3,T4_NEAR_T3,1,0.907173845910026,1,REJECTED
H50_Zin50,B,T4_NEAR_T3,T5,3,208.986550783423,0,REJECTED
H50_Zin50,C_control,T4_NEAR_T3,T3,2,0.907175910431872,1,REJECTED
H50_Zin50,C_control,T4_NEAR_T3,T4_NEAR_T3,1,0.907173845910026,1,REJECTED
H50_Zin50,C_control,T4_NEAR_T3,T5,3,208.986550783423,0,REJECTED
H50_Zin50,A,T4_NEAR_T3,T3,1,0.997010127330837,1,MULTIPLE_AMBIGUOUS
H50_Zin50,A,T4_NEAR_T3,T4_NEAR_T3,2,0.997010192307407,1,MULTIPLE_AMBIGUOUS
H50_Zin50,A,T4_NEAR_T3,T5,3,199.143056727758,0,MULTIPLE_AMBIGUOUS
H50_Zin50,B,T4_NEAR_T3,T3,2,1.00678862340498,1,MULTIPLE_AMBIGUOUS
H50_Zin50,B,T4_NEAR_T3,T4_NEAR_T3,1,1.00677954395728,1,MULTIPLE_AMBIGUOUS
H50_Zin50,B,T4_NEAR_T3,T5,3,205.597757542156,0,MULTIPLE_AMBIGUOUS
H50_Zin50,C_control,T4_NEAR_T3,T3,2,1.00678862340498,1,MULTIPLE_AMBIGUOUS
H50_Zin50,C_control,T4_NEAR_T3,T4_NEAR_T3,1,1.00677954395728,1,MULTIPLE_AMBIGUOUS
H50_Zin50,C_control,T4_NEAR_T3,T5,3,205.597757542156,0,MULTIPLE_AMBIGUOUS
H50_Zin50,A,T4_NEAR_T3,T3,2,1.02638422203733,1,MULTIPLE_AMBIGUOUS
H50_Zin50,A,T4_NEAR_T3,T4_NEAR_T3,1,1.02637703575363,1,MULTIPLE_AMBIGUOUS
H50_Zin50,A,T4_NEAR_T3,T5,3,197.774138486751,0,MULTIPLE_AMBIGUOUS
H50_Zin50,B,T4_NEAR_T3,T3,1,0.970534322168681,1,MULTIPLE_AMBIGUOUS
H50_Zin50,B,T4_NEAR_T3,T4_NEAR_T3,2,0.970534447358232,1,MULTIPLE_AMBIGUOUS
H50_Zin50,B,T4_NEAR_T3,T5,3,210.269612291934,0,MULTIPLE_AMBIGUOUS
H50_Zin50,C_control,T4_NEAR_T3,T3,1,0.970534322168681,1,MULTIPLE_AMBIGUOUS
H50_Zin50,C_control,T4_NEAR_T3,T4_NEAR_T3,2,0.970534447358232,1,MULTIPLE_AMBIGUOUS
H50_Zin50,C_control,T4_NEAR_T3,T5,3,210.269612291934,0,MULTIPLE_AMBIGUOUS
H50_Zin50,A,T4_NEAR_T3,T3,1,0.953083786634579,1,MULTIPLE_AMBIGUOUS
H50_Zin50,A,T4_NEAR_T3,T4_NEAR_T3,2,0.953091488984378,1,MULTIPLE_AMBIGUOUS
H50_Zin50,A,T4_NEAR_T3,T5,3,198.228341143051,0,MULTIPLE_AMBIGUOUS
H50_Zin50,B,T4_NEAR_T3,T3,1,0.921522517463785,1,MULTIPLE_AMBIGUOUS
H50_Zin50,B,T4_NEAR_T3,T4_NEAR_T3,2,0.921530663211838,1,MULTIPLE_AMBIGUOUS
H50_Zin50,B,T4_NEAR_T3,T5,3,209.012560745247,0,MULTIPLE_AMBIGUOUS
H50_Zin50,C_control,T4_NEAR_T3,T3,1,0.921522517463785,1,MULTIPLE_AMBIGUOUS
H50_Zin50,C_control,T4_NEAR_T3,T4_NEAR_T3,2,0.921530663211838,1,MULTIPLE_AMBIGUOUS
H50_Zin50,C_control,T4_NEAR_T3,T5,3,209.012560745247,0,MULTIPLE_AMBIGUOUS
H50_Zin50,A,T4_NEAR_T3,T3,1,1.04766316712973,1,MULTIPLE_AMBIGUOUS
H50_Zin50,A,T4_NEAR_T3,T4_NEAR_T3,2,1.04767028949476,1,MULTIPLE_AMBIGUOUS
H50_Zin50,A,T4_NEAR_T3,T5,3,200.900158551954,0,MULTIPLE_AMBIGUOUS
H50_Zin50,B,T4_NEAR_T3,T3,1,0.993514829608346,1,REJECTED
H50_Zin50,B,T4_NEAR_T3,T4_NEAR_T3,2,0.993522208913113,1,REJECTED
H50_Zin50,B,T4_NEAR_T3,T5,3,209.012287051436,0,REJECTED
H50_Zin50,C_control,T4_NEAR_T3,T3,1,0.993514829608346,1,REJECTED
H50_Zin50,C_control,T4_NEAR_T3,T4_NEAR_T3,2,0.993522208913113,1,REJECTED
H50_Zin50,C_control,T4_NEAR_T3,T5,3,209.012287051436,0,REJECTED
H50_Zin50,A,T4_NEAR_T3,T3,1,0.996040424769142,1,MULTIPLE_AMBIGUOUS
H50_Zin50,A,T4_NEAR_T3,T4_NEAR_T3,2,0.996045318411756,1,MULTIPLE_AMBIGUOUS
H50_Zin50,A,T4_NEAR_T3,T5,3,197.75791018647,0,MULTIPLE_AMBIGUOUS
H50_Zin50,B,T4_NEAR_T3,T3,1,0.969869377399053,1,MULTIPLE_AMBIGUOUS
H50_Zin50,B,T4_NEAR_T3,T4_NEAR_T3,2,0.969874498155453,1,MULTIPLE_AMBIGUOUS
H50_Zin50,B,T4_NEAR_T3,T5,3,204.453118276465,0,MULTIPLE_AMBIGUOUS
H50_Zin50,C_control,T4_NEAR_T3,T3,1,0.969869377399053,1,MULTIPLE_AMBIGUOUS
H50_Zin50,C_control,T4_NEAR_T3,T4_NEAR_T3,2,0.969874498155453,1,MULTIPLE_AMBIGUOUS
H50_Zin50,C_control,T4_NEAR_T3,T5,3,204.453118276465,0,MULTIPLE_AMBIGUOUS
H50_Zin50,A,T4_NEAR_T3,T3,1,0.985302320677862,1,MULTIPLE_AMBIGUOUS
H50_Zin50,A,T4_NEAR_T3,T4_NEAR_T3,2,0.985303066226749,1,MULTIPLE_AMBIGUOUS
H50_Zin50,A,T4_NEAR_T3,T5,3,200.531795670168,0,MULTIPLE_AMBIGUOUS
H50_Zin50,B,T4_NEAR_T3,T3,1,0.994230225271261,1,MULTIPLE_AMBIGUOUS
H50_Zin50,B,T4_NEAR_T3,T4_NEAR_T3,2,0.994231321521972,1,MULTIPLE_AMBIGUOUS
H50_Zin50,B,T4_NEAR_T3,T5,3,207.099493702662,0,MULTIPLE_AMBIGUOUS
H50_Zin50,C_control,T4_NEAR_T3,T3,1,0.994230225271261,1,MULTIPLE_AMBIGUOUS
H50_Zin50,C_control,T4_NEAR_T3,T4_NEAR_T3,2,0.994231321521972,1,MULTIPLE_AMBIGUOUS
H50_Zin50,C_control,T4_NEAR_T3,T5,3,207.099493702662,0,MULTIPLE_AMBIGUOUS
H50_Zin50,A,T4_NEAR_T3,T3,1,1.06510103192043,1,MULTIPLE_AMBIGUOUS
H50_Zin50,A,T4_NEAR_T3,T4_NEAR_T3,2,1.06510466092255,1,MULTIPLE_AMBIGUOUS
H50_Zin50,A,T4_NEAR_T3,T5,3,196.923692325763,0,MULTIPLE_AMBIGUOUS
H50_Zin50,B,T4_NEAR_T3,T3,1,1.11764022991486,1,MULTIPLE_AMBIGUOUS
H50_Zin50,B,T4_NEAR_T3,T4_NEAR_T3,2,1.11764963141157,1,MULTIPLE_AMBIGUOUS
H50_Zin50,B,T4_NEAR_T3,T5,3,202.665956999964,0,MULTIPLE_AMBIGUOUS
H50_Zin50,C_control,T4_NEAR_T3,T3,1,1.11764022991486,1,MULTIPLE_AMBIGUOUS
H50_Zin50,C_control,T4_NEAR_T3,T4_NEAR_T3,2,1.11764963141157,1,MULTIPLE_AMBIGUOUS
H50_Zin50,C_control,T4_NEAR_T3,T5,3,202.665956999964,0,MULTIPLE_AMBIGUOUS
H50_Zin50,A,T4_NEAR_T3,T3,1,1.05521345162897,1,MULTIPLE_AMBIGUOUS
H50_Zin50,A,T4_NEAR_T3,T4_NEAR_T3,2,1.05522171885386,1,MULTIPLE_AMBIGUOUS
H50_Zin50,A,T4_NEAR_T3,T5,3,195.749560243239,0,MULTIPLE_AMBIGUOUS
H50_Zin50,B,T4_NEAR_T3,T3,1,1.05926665758919,1,MULTIPLE_AMBIGUOUS
H50_Zin50,B,T4_NEAR_T3,T4_NEAR_T3,2,1.05927626987239,1,MULTIPLE_AMBIGUOUS
H50_Zin50,B,T4_NEAR_T3,T5,3,198.216475510003,0,MULTIPLE_AMBIGUOUS
H50_Zin50,C_control,T4_NEAR_T3,T3,1,1.05926665758919,1,MULTIPLE_AMBIGUOUS
H50_Zin50,C_control,T4_NEAR_T3,T4_NEAR_T3,2,1.05927626987239,1,MULTIPLE_AMBIGUOUS
H50_Zin50,C_control,T4_NEAR_T3,T5,3,198.216475510003,0,MULTIPLE_AMBIGUOUS
H50_Zin50,A,T4_NEAR_T3,T3,2,1.00013256005884,1,MULTIPLE_AMBIGUOUS
H50_Zin50,A,T4_NEAR_T3,T4_NEAR_T3,1,1.0001269038513,1,MULTIPLE_AMBIGUOUS
H50_Zin50,A,T4_NEAR_T3,T5,3,198.240990418081,0,MULTIPLE_AMBIGUOUS
H50_Zin50,B,T4_NEAR_T3,T3,2,0.981045237797913,1,MULTIPLE_AMBIGUOUS
H50_Zin50,B,T4_NEAR_T3,T4_NEAR_T3,1,0.981041524389975,1,MULTIPLE_AMBIGUOUS
H50_Zin50,B,T4_NEAR_T3,T5,3,207.876331289372,0,MULTIPLE_AMBIGUOUS
H50_Zin50,C_control,T4_NEAR_T3,T3,2,0.981045237797913,1,MULTIPLE_AMBIGUOUS
H50_Zin50,C_control,T4_NEAR_T3,T4_NEAR_T3,1,0.981041524389975,1,MULTIPLE_AMBIGUOUS
H50_Zin50,C_control,T4_NEAR_T3,T5,3,207.876331289372,0,MULTIPLE_AMBIGUOUS
H50_Zin50,A,T5,T3,2,202.399193638753,0,UNIQUE_CONFIDENT
H50_Zin50,A,T5,T4_NEAR_T3,3,202.399194135284,0,UNIQUE_CONFIDENT
H50_Zin50,A,T5,T5,1,1.00908180624434,1,UNIQUE_CONFIDENT
H50_Zin50,B,T5,T3,3,215.33391381489,0,UNIQUE_CONFIDENT
H50_Zin50,B,T5,T4_NEAR_T3,2,215.333890136632,0,UNIQUE_CONFIDENT
H50_Zin50,B,T5,T5,1,0.99622911601829,1,UNIQUE_CONFIDENT
H50_Zin50,C_control,T5,T3,3,215.33391381489,0,UNIQUE_CONFIDENT
H50_Zin50,C_control,T5,T4_NEAR_T3,2,215.333890136632,0,UNIQUE_CONFIDENT
H50_Zin50,C_control,T5,T5,1,0.99622911601829,1,UNIQUE_CONFIDENT
H50_Zin50,A,T5,T3,3,200.1446265994,0,UNIQUE_CONFIDENT
H50_Zin50,A,T5,T4_NEAR_T3,2,200.144593607843,0,UNIQUE_CONFIDENT
H50_Zin50,A,T5,T5,1,0.963000258646029,1,UNIQUE_CONFIDENT
H50_Zin50,B,T5,T3,3,201.575326148143,0,UNIQUE_CONFIDENT
H50_Zin50,B,T5,T4_NEAR_T3,2,201.575321528366,0,UNIQUE_CONFIDENT
H50_Zin50,B,T5,T5,1,0.965751968678627,1,UNIQUE_CONFIDENT
H50_Zin50,C_control,T5,T3,3,201.575326148143,0,UNIQUE_CONFIDENT
H50_Zin50,C_control,T5,T4_NEAR_T3,2,201.575321528366,0,UNIQUE_CONFIDENT
H50_Zin50,C_control,T5,T5,1,0.965751968678627,1,UNIQUE_CONFIDENT
H50_Zin50,A,T5,T3,3,204.720685414548,0,UNIQUE_CONFIDENT
H50_Zin50,A,T5,T4_NEAR_T3,2,204.720683922274,0,UNIQUE_CONFIDENT
H50_Zin50,A,T5,T5,1,1.03956088350096,1,UNIQUE_CONFIDENT
H50_Zin50,B,T5,T3,3,213.274741314578,0,UNIQUE_CONFIDENT
H50_Zin50,B,T5,T4_NEAR_T3,2,213.274729521012,0,UNIQUE_CONFIDENT
H50_Zin50,B,T5,T5,1,1.08808212841124,1,UNIQUE_CONFIDENT
H50_Zin50,C_control,T5,T3,3,213.274741314578,0,UNIQUE_CONFIDENT
H50_Zin50,C_control,T5,T4_NEAR_T3,2,213.274729521012,0,UNIQUE_CONFIDENT
H50_Zin50,C_control,T5,T5,1,1.08808212841124,1,UNIQUE_CONFIDENT
H50_Zin50,A,T5,T3,3,203.390895690791,0,UNIQUE_CONFIDENT
H50_Zin50,A,T5,T4_NEAR_T3,2,203.390894363322,0,UNIQUE_CONFIDENT
H50_Zin50,A,T5,T5,1,1.00105988506007,1,UNIQUE_CONFIDENT
H50_Zin50,B,T5,T3,3,211.534044997542,0,UNIQUE_CONFIDENT
H50_Zin50,B,T5,T4_NEAR_T3,2,211.534019702974,0,UNIQUE_CONFIDENT
H50_Zin50,B,T5,T5,1,0.965152718162021,1,UNIQUE_CONFIDENT
H50_Zin50,C_control,T5,T3,3,211.534044997542,0,UNIQUE_CONFIDENT
H50_Zin50,C_control,T5,T4_NEAR_T3,2,211.534019702974,0,UNIQUE_CONFIDENT
H50_Zin50,C_control,T5,T5,1,0.965152718162021,1,UNIQUE_CONFIDENT
H50_Zin50,A,T5,T3,3,200.458773124321,0,UNIQUE_CONFIDENT
H50_Zin50,A,T5,T4_NEAR_T3,2,200.458771864652,0,UNIQUE_CONFIDENT
H50_Zin50,A,T5,T5,1,0.984904335467473,1,UNIQUE_CONFIDENT
H50_Zin50,B,T5,T3,3,208.057546461841,0,UNIQUE_CONFIDENT
H50_Zin50,B,T5,T4_NEAR_T3,2,208.057521898318,0,UNIQUE_CONFIDENT
H50_Zin50,B,T5,T5,1,0.944482320756586,1,UNIQUE_CONFIDENT
H50_Zin50,C_control,T5,T3,3,208.057546461841,0,UNIQUE_CONFIDENT
H50_Zin50,C_control,T5,T4_NEAR_T3,2,208.057521898318,0,UNIQUE_CONFIDENT
H50_Zin50,C_control,T5,T5,1,0.944482320756586,1,UNIQUE_CONFIDENT
H50_Zin50,A,T5,T3,3,201.44645034451,0,UNIQUE_CONFIDENT
H50_Zin50,A,T5,T4_NEAR_T3,2,201.446420212766,0,UNIQUE_CONFIDENT
H50_Zin50,A,T5,T5,1,1.05148315347005,1,UNIQUE_CONFIDENT
H50_Zin50,B,T5,T3,3,210.449701205026,0,UNIQUE_CONFIDENT
H50_Zin50,B,T5,T4_NEAR_T3,2,210.449673547397,0,UNIQUE_CONFIDENT
H50_Zin50,B,T5,T5,1,1.06554338508295,1,UNIQUE_CONFIDENT
H50_Zin50,C_control,T5,T3,3,210.449701205026,0,UNIQUE_CONFIDENT
H50_Zin50,C_control,T5,T4_NEAR_T3,2,210.449673547397,0,UNIQUE_CONFIDENT
H50_Zin50,C_control,T5,T5,1,1.06554338508295,1,UNIQUE_CONFIDENT
H50_Zin50,A,T5,T3,3,211.4408838676,0,UNIQUE_CONFIDENT
H50_Zin50,A,T5,T4_NEAR_T3,2,211.440855077091,0,UNIQUE_CONFIDENT
H50_Zin50,A,T5,T5,1,0.989595886588634,1,UNIQUE_CONFIDENT
H50_Zin50,B,T5,T3,3,222.484310481725,0,UNIQUE_CONFIDENT
H50_Zin50,B,T5,T4_NEAR_T3,2,222.484292017837,0,UNIQUE_CONFIDENT
H50_Zin50,B,T5,T5,1,0.988281415968005,1,UNIQUE_CONFIDENT
H50_Zin50,C_control,T5,T3,3,222.484310481725,0,UNIQUE_CONFIDENT
H50_Zin50,C_control,T5,T4_NEAR_T3,2,222.484292017837,0,UNIQUE_CONFIDENT
H50_Zin50,C_control,T5,T5,1,0.988281415968005,1,UNIQUE_CONFIDENT
H50_Zin50,A,T5,T3,3,218.860592404623,0,UNIQUE_CONFIDENT
H50_Zin50,A,T5,T4_NEAR_T3,2,218.86056551925,0,UNIQUE_CONFIDENT
H50_Zin50,A,T5,T5,1,1.03105635541315,1,UNIQUE_CONFIDENT
H50_Zin50,B,T5,T3,3,229.775008842753,0,UNIQUE_CONFIDENT
H50_Zin50,B,T5,T4_NEAR_T3,2,229.774992997961,0,UNIQUE_CONFIDENT
H50_Zin50,B,T5,T5,1,1.01700861235523,1,UNIQUE_CONFIDENT
H50_Zin50,C_control,T5,T3,3,229.775008842753,0,UNIQUE_CONFIDENT
H50_Zin50,C_control,T5,T4_NEAR_T3,2,229.774992997961,0,UNIQUE_CONFIDENT
H50_Zin50,C_control,T5,T5,1,1.01700861235523,1,UNIQUE_CONFIDENT
H50_Zin50,A,T5,T3,3,210.093586795915,0,UNIQUE_CONFIDENT
H50_Zin50,A,T5,T4_NEAR_T3,2,210.093585197216,0,UNIQUE_CONFIDENT
H50_Zin50,A,T5,T5,1,0.993087650693872,1,UNIQUE_CONFIDENT
H50_Zin50,B,T5,T3,3,219.505248909502,0,UNIQUE_CONFIDENT
H50_Zin50,B,T5,T4_NEAR_T3,2,219.505234939072,0,UNIQUE_CONFIDENT
H50_Zin50,B,T5,T5,1,0.983273737174412,1,UNIQUE_CONFIDENT
H50_Zin50,C_control,T5,T3,3,219.505248909502,0,UNIQUE_CONFIDENT
H50_Zin50,C_control,T5,T4_NEAR_T3,2,219.505234939072,0,UNIQUE_CONFIDENT
H50_Zin50,C_control,T5,T5,1,0.983273737174412,1,UNIQUE_CONFIDENT
H50_Zin50,A,T5,T3,3,203.382767270626,0,UNIQUE_CONFIDENT
H50_Zin50,A,T5,T4_NEAR_T3,2,203.382734825525,0,UNIQUE_CONFIDENT
H50_Zin50,A,T5,T5,1,0.952720061264235,1,UNIQUE_CONFIDENT
H50_Zin50,B,T5,T3,3,208.361872207843,0,UNIQUE_CONFIDENT
H50_Zin50,B,T5,T4_NEAR_T3,2,208.361865752768,0,UNIQUE_CONFIDENT
H50_Zin50,B,T5,T5,1,0.996137911301329,1,UNIQUE_CONFIDENT
H50_Zin50,C_control,T5,T3,3,208.361872207843,0,UNIQUE_CONFIDENT
H50_Zin50,C_control,T5,T4_NEAR_T3,2,208.361865752768,0,UNIQUE_CONFIDENT
H50_Zin50,C_control,T5,T5,1,0.996137911301329,1,UNIQUE_CONFIDENT
H50_Zin50,A,T5,T3,3,217.871321167576,0,UNIQUE_CONFIDENT
H50_Zin50,A,T5,T4_NEAR_T3,2,217.871293337014,0,UNIQUE_CONFIDENT
H50_Zin50,A,T5,T5,1,1.02717947263505,1,UNIQUE_CONFIDENT
H50_Zin50,B,T5,T3,3,229.22168486576,0,UNIQUE_CONFIDENT
H50_Zin50,B,T5,T4_NEAR_T3,2,229.221666888538,0,UNIQUE_CONFIDENT
H50_Zin50,B,T5,T5,1,1.05823202785608,1,UNIQUE_CONFIDENT
H50_Zin50,C_control,T5,T3,3,229.22168486576,0,UNIQUE_CONFIDENT
H50_Zin50,C_control,T5,T4_NEAR_T3,2,229.221666888538,0,UNIQUE_CONFIDENT
H50_Zin50,C_control,T5,T5,1,1.05823202785608,1,UNIQUE_CONFIDENT
H50_Zin50,A,T5,T3,3,213.59068214972,0,UNIQUE_CONFIDENT
H50_Zin50,A,T5,T4_NEAR_T3,2,213.590654087315,0,UNIQUE_CONFIDENT
H50_Zin50,A,T5,T5,1,1.03389906401763,1,UNIQUE_CONFIDENT
H50_Zin50,B,T5,T3,3,224.616081191275,0,REJECTED
H50_Zin50,B,T5,T4_NEAR_T3,2,224.61606390307,0,REJECTED
H50_Zin50,B,T5,T5,1,0.937145672740104,1,REJECTED
H50_Zin50,C_control,T5,T3,3,224.616081191275,0,REJECTED
H50_Zin50,C_control,T5,T4_NEAR_T3,2,224.61606390307,0,REJECTED
H50_Zin50,C_control,T5,T5,1,0.937145672740104,1,REJECTED
H50_Zin50,A,T5,T3,3,197.225917556526,0,REJECTED
H50_Zin50,A,T5,T4_NEAR_T3,2,197.225883827502,0,REJECTED
H50_Zin50,A,T5,T5,1,1.09370036538262,1,REJECTED
H50_Zin50,B,T5,T3,3,203.543706414159,0,UNIQUE_CONFIDENT
H50_Zin50,B,T5,T4_NEAR_T3,2,203.543699373821,0,UNIQUE_CONFIDENT
H50_Zin50,B,T5,T5,1,1.13711501910633,1,UNIQUE_CONFIDENT
H50_Zin50,C_control,T5,T3,3,203.543706414159,0,UNIQUE_CONFIDENT
H50_Zin50,C_control,T5,T4_NEAR_T3,2,203.543699373821,0,UNIQUE_CONFIDENT
H50_Zin50,C_control,T5,T5,1,1.13711501910633,1,UNIQUE_CONFIDENT
H50_Zin50,A,T5,T3,2,213.213580366396,0,UNIQUE_CONFIDENT
H50_Zin50,A,T5,T4_NEAR_T3,3,213.213580949464,0,UNIQUE_CONFIDENT
H50_Zin50,A,T5,T5,1,0.96514492591938,1,UNIQUE_CONFIDENT
H50_Zin50,B,T5,T3,3,227.179098685832,0,UNIQUE_CONFIDENT
H50_Zin50,B,T5,T4_NEAR_T3,2,227.179077842,0,UNIQUE_CONFIDENT
H50_Zin50,B,T5,T5,1,0.973998087773412,1,UNIQUE_CONFIDENT
H50_Zin50,C_control,T5,T3,3,227.179098685832,0,UNIQUE_CONFIDENT
H50_Zin50,C_control,T5,T4_NEAR_T3,2,227.179077842,0,UNIQUE_CONFIDENT
H50_Zin50,C_control,T5,T5,1,0.973998087773412,1,UNIQUE_CONFIDENT
H50_Zin50,A,T5,T3,3,208.429560492001,0,UNIQUE_CONFIDENT
H50_Zin50,A,T5,T4_NEAR_T3,2,208.429530635358,0,UNIQUE_CONFIDENT
H50_Zin50,A,T5,T5,1,0.979844660077292,1,UNIQUE_CONFIDENT
H50_Zin50,B,T5,T3,3,218.143773505344,0,UNIQUE_CONFIDENT
H50_Zin50,B,T5,T4_NEAR_T3,2,218.143747518742,0,UNIQUE_CONFIDENT
H50_Zin50,B,T5,T5,1,1.00046686374031,1,UNIQUE_CONFIDENT
H50_Zin50,C_control,T5,T3,3,218.143773505344,0,UNIQUE_CONFIDENT
H50_Zin50,C_control,T5,T4_NEAR_T3,2,218.143747518742,0,UNIQUE_CONFIDENT
H50_Zin50,C_control,T5,T5,1,1.00046686374031,1,UNIQUE_CONFIDENT
H50_Zin50,A,T5,T3,3,200.552578290035,0,UNIQUE_CONFIDENT
H50_Zin50,A,T5,T4_NEAR_T3,2,200.55254521592,0,UNIQUE_CONFIDENT
H50_Zin50,A,T5,T5,1,1.03700696581175,1,UNIQUE_CONFIDENT
H50_Zin50,B,T5,T3,3,208.719683006071,0,UNIQUE_CONFIDENT
H50_Zin50,B,T5,T4_NEAR_T3,2,208.719674302169,0,UNIQUE_CONFIDENT
H50_Zin50,B,T5,T5,1,1.00782823349797,1,UNIQUE_CONFIDENT
H50_Zin50,C_control,T5,T3,3,208.719683006071,0,UNIQUE_CONFIDENT
H50_Zin50,C_control,T5,T4_NEAR_T3,2,208.719674302169,0,UNIQUE_CONFIDENT
H50_Zin50,C_control,T5,T5,1,1.00782823349797,1,UNIQUE_CONFIDENT
H50_Zin50,A,T5,T3,3,196.807247330058,0,REJECTED
H50_Zin50,A,T5,T4_NEAR_T3,2,196.807242839452,0,REJECTED
H50_Zin50,A,T5,T5,1,1.09412514941813,1,REJECTED
H50_Zin50,B,T5,T3,3,197.27823100807,0,UNIQUE_CONFIDENT
H50_Zin50,B,T5,T4_NEAR_T3,2,197.278226917856,0,UNIQUE_CONFIDENT
H50_Zin50,B,T5,T5,1,1.12574658723271,1,UNIQUE_CONFIDENT
H50_Zin50,C_control,T5,T3,3,197.27823100807,0,UNIQUE_CONFIDENT
H50_Zin50,C_control,T5,T4_NEAR_T3,2,197.278226917856,0,UNIQUE_CONFIDENT
H50_Zin50,C_control,T5,T5,1,1.12574658723271,1,UNIQUE_CONFIDENT
H50_Zin50,A,T5,T3,3,200.043838831092,0,UNIQUE_CONFIDENT
H50_Zin50,A,T5,T4_NEAR_T3,2,200.043834620998,0,UNIQUE_CONFIDENT
H50_Zin50,A,T5,T5,1,0.957499291821326,1,UNIQUE_CONFIDENT
H50_Zin50,B,T5,T3,3,199.197956928652,0,UNIQUE_CONFIDENT
H50_Zin50,B,T5,T4_NEAR_T3,2,199.197953587957,0,UNIQUE_CONFIDENT
H50_Zin50,B,T5,T5,1,0.958314961871471,1,UNIQUE_CONFIDENT
H50_Zin50,C_control,T5,T3,3,199.197956928652,0,UNIQUE_CONFIDENT
H50_Zin50,C_control,T5,T4_NEAR_T3,2,199.197953587957,0,UNIQUE_CONFIDENT
H50_Zin50,C_control,T5,T5,1,0.958314961871471,1,UNIQUE_CONFIDENT
H50_Zin50,A,T5,T3,3,199.763666047169,0,UNIQUE_CONFIDENT
H50_Zin50,A,T5,T4_NEAR_T3,2,199.763633118485,0,UNIQUE_CONFIDENT
H50_Zin50,A,T5,T5,1,1.02837480865752,1,UNIQUE_CONFIDENT
H50_Zin50,B,T5,T3,3,200.996304356314,0,UNIQUE_CONFIDENT
H50_Zin50,B,T5,T4_NEAR_T3,2,200.996299866855,0,UNIQUE_CONFIDENT
H50_Zin50,B,T5,T5,1,1.09174653087906,1,UNIQUE_CONFIDENT
H50_Zin50,C_control,T5,T3,3,200.996304356314,0,UNIQUE_CONFIDENT
H50_Zin50,C_control,T5,T4_NEAR_T3,2,200.996299866855,0,UNIQUE_CONFIDENT
H50_Zin50,C_control,T5,T5,1,1.09174653087906,1,UNIQUE_CONFIDENT
H50_Zin50,A,T5,T3,3,199.297873351396,0,UNIQUE_CONFIDENT
H50_Zin50,A,T5,T4_NEAR_T3,2,199.29787211443,0,UNIQUE_CONFIDENT
H50_Zin50,A,T5,T5,1,1.00538814494532,1,UNIQUE_CONFIDENT
H50_Zin50,B,T5,T3,3,206.650743300496,0,UNIQUE_CONFIDENT
H50_Zin50,B,T5,T4_NEAR_T3,2,206.650717836659,0,UNIQUE_CONFIDENT
H50_Zin50,B,T5,T5,1,0.969341633909465,1,UNIQUE_CONFIDENT
H50_Zin50,C_control,T5,T3,3,206.650743300496,0,UNIQUE_CONFIDENT
H50_Zin50,C_control,T5,T4_NEAR_T3,2,206.650717836659,0,UNIQUE_CONFIDENT
H50_Zin50,C_control,T5,T5,1,0.969341633909465,1,UNIQUE_CONFIDENT
H50_Zin50,A,T5,T3,3,203.017786294249,0,UNIQUE_CONFIDENT
H50_Zin50,A,T5,T4_NEAR_T3,2,203.017756089753,0,UNIQUE_CONFIDENT
H50_Zin50,A,T5,T5,1,0.968747155692844,1,UNIQUE_CONFIDENT
H50_Zin50,B,T5,T3,3,212.712960569383,0,UNIQUE_CONFIDENT
H50_Zin50,B,T5,T4_NEAR_T3,2,212.712932103231,0,UNIQUE_CONFIDENT
H50_Zin50,B,T5,T5,1,0.915825286446744,1,UNIQUE_CONFIDENT
H50_Zin50,C_control,T5,T3,3,212.712960569383,0,UNIQUE_CONFIDENT
H50_Zin50,C_control,T5,T4_NEAR_T3,2,212.712932103231,0,UNIQUE_CONFIDENT
H50_Zin50,C_control,T5,T5,1,0.915825286446744,1,UNIQUE_CONFIDENT
H50_Zin50,A,T5,T3,3,197.086716969258,0,UNIQUE_CONFIDENT
H50_Zin50,A,T5,T4_NEAR_T3,2,197.086683288114,0,UNIQUE_CONFIDENT
H50_Zin50,A,T5,T5,1,0.986043699947706,1,UNIQUE_CONFIDENT
H50_Zin50,B,T5,T3,3,206.480285500917,0,UNIQUE_CONFIDENT
H50_Zin50,B,T5,T4_NEAR_T3,2,206.480261303471,0,UNIQUE_CONFIDENT
H50_Zin50,B,T5,T5,1,0.93276965729396,1,UNIQUE_CONFIDENT
H50_Zin50,C_control,T5,T3,3,206.480285500917,0,UNIQUE_CONFIDENT
H50_Zin50,C_control,T5,T4_NEAR_T3,2,206.480261303471,0,UNIQUE_CONFIDENT
H50_Zin50,C_control,T5,T5,1,0.93276965729396,1,UNIQUE_CONFIDENT
H50_Zin50,A,T5,T3,3,207.671427356201,0,UNIQUE_CONFIDENT
H50_Zin50,A,T5,T4_NEAR_T3,2,207.671398309144,0,UNIQUE_CONFIDENT
H50_Zin50,A,T5,T5,1,0.980319463162111,1,UNIQUE_CONFIDENT
H50_Zin50,B,T5,T3,3,217.762641505501,0,UNIQUE_CONFIDENT
H50_Zin50,B,T5,T4_NEAR_T3,2,217.762614590759,0,UNIQUE_CONFIDENT
H50_Zin50,B,T5,T5,1,0.957940500658769,1,UNIQUE_CONFIDENT
H50_Zin50,C_control,T5,T3,3,217.762641505501,0,UNIQUE_CONFIDENT
H50_Zin50,C_control,T5,T4_NEAR_T3,2,217.762614590759,0,UNIQUE_CONFIDENT
H50_Zin50,C_control,T5,T5,1,0.957940500658769,1,UNIQUE_CONFIDENT
H50_Zin50,A,T5,T3,3,199.086501746209,0,UNIQUE_CONFIDENT
H50_Zin50,A,T5,T4_NEAR_T3,2,199.086468416469,0,UNIQUE_CONFIDENT
H50_Zin50,A,T5,T5,1,0.988563646174795,1,UNIQUE_CONFIDENT
H50_Zin50,B,T5,T3,3,207.367787086748,0,UNIQUE_CONFIDENT
H50_Zin50,B,T5,T4_NEAR_T3,2,207.367778171943,0,UNIQUE_CONFIDENT
H50_Zin50,B,T5,T5,1,0.982646384898145,1,UNIQUE_CONFIDENT
H50_Zin50,C_control,T5,T3,3,207.367787086748,0,UNIQUE_CONFIDENT
H50_Zin50,C_control,T5,T4_NEAR_T3,2,207.367778171943,0,UNIQUE_CONFIDENT
H50_Zin50,C_control,T5,T5,1,0.982646384898145,1,UNIQUE_CONFIDENT
H50_Zin50,A,T5,T3,3,215.689718501109,0,UNIQUE_CONFIDENT
H50_Zin50,A,T5,T4_NEAR_T3,2,215.689716368661,0,UNIQUE_CONFIDENT
H50_Zin50,A,T5,T5,1,1.00941932266382,1,UNIQUE_CONFIDENT
H50_Zin50,B,T5,T3,3,224.953185861845,0,UNIQUE_CONFIDENT
H50_Zin50,B,T5,T4_NEAR_T3,2,224.953172720568,0,UNIQUE_CONFIDENT
H50_Zin50,B,T5,T5,1,0.986531511319489,1,UNIQUE_CONFIDENT
H50_Zin50,C_control,T5,T3,3,224.953185861845,0,UNIQUE_CONFIDENT
H50_Zin50,C_control,T5,T4_NEAR_T3,2,224.953172720568,0,UNIQUE_CONFIDENT
H50_Zin50,C_control,T5,T5,1,0.986531511319489,1,UNIQUE_CONFIDENT
H50_Zin50,A,T5,T3,3,192.103679629487,0,UNIQUE_CONFIDENT
H50_Zin50,A,T5,T4_NEAR_T3,2,192.10367598382,0,UNIQUE_CONFIDENT
H50_Zin50,A,T5,T5,1,0.997055179974385,1,UNIQUE_CONFIDENT
H50_Zin50,B,T5,T3,3,190.647870054781,0,UNIQUE_CONFIDENT
H50_Zin50,B,T5,T4_NEAR_T3,2,190.647867224417,0,UNIQUE_CONFIDENT
H50_Zin50,B,T5,T5,1,0.980313760263265,1,UNIQUE_CONFIDENT
H50_Zin50,C_control,T5,T3,3,190.647870054781,0,UNIQUE_CONFIDENT
H50_Zin50,C_control,T5,T4_NEAR_T3,2,190.647867224417,0,UNIQUE_CONFIDENT
H50_Zin50,C_control,T5,T5,1,0.980313760263265,1,UNIQUE_CONFIDENT
H50_Zin50,A,T5,T3,3,202.943449231279,0,UNIQUE_CONFIDENT
H50_Zin50,A,T5,T4_NEAR_T3,2,202.943445343142,0,UNIQUE_CONFIDENT
H50_Zin50,A,T5,T5,1,1.02265914436092,1,UNIQUE_CONFIDENT
H50_Zin50,B,T5,T3,3,200.863877684998,0,UNIQUE_CONFIDENT
H50_Zin50,B,T5,T4_NEAR_T3,2,200.863874807114,0,UNIQUE_CONFIDENT
H50_Zin50,B,T5,T5,1,1.05473709216218,1,UNIQUE_CONFIDENT
H50_Zin50,C_control,T5,T3,3,200.863877684998,0,UNIQUE_CONFIDENT
H50_Zin50,C_control,T5,T4_NEAR_T3,2,200.863874807114,0,UNIQUE_CONFIDENT
H50_Zin50,C_control,T5,T5,1,1.05473709216218,1,UNIQUE_CONFIDENT
H50_Zin50,A,T5,T3,3,203.409929505648,0,UNIQUE_CONFIDENT
H50_Zin50,A,T5,T4_NEAR_T3,2,203.40992597642,0,UNIQUE_CONFIDENT
H50_Zin50,A,T5,T5,1,1.0623052460149,1,UNIQUE_CONFIDENT
H50_Zin50,B,T5,T3,3,200.384032137728,0,REJECTED
H50_Zin50,B,T5,T4_NEAR_T3,2,200.384029558987,0,REJECTED
H50_Zin50,B,T5,T5,1,0.986977148436513,1,REJECTED
H50_Zin50,C_control,T5,T3,3,200.384032137728,0,REJECTED
H50_Zin50,C_control,T5,T4_NEAR_T3,2,200.384029558987,0,REJECTED
H50_Zin50,C_control,T5,T5,1,0.986977148436513,1,REJECTED
H50_Zin50,A,T5,T3,3,202.715447821575,0,UNIQUE_CONFIDENT
H50_Zin50,A,T5,T4_NEAR_T3,2,202.715444062939,0,UNIQUE_CONFIDENT
H50_Zin50,A,T5,T5,1,1.03293493328782,1,UNIQUE_CONFIDENT
H50_Zin50,B,T5,T3,3,200.397282785591,0,UNIQUE_CONFIDENT
H50_Zin50,B,T5,T4_NEAR_T3,2,200.397279977425,0,UNIQUE_CONFIDENT
H50_Zin50,B,T5,T5,1,1.06703516000426,1,UNIQUE_CONFIDENT
H50_Zin50,C_control,T5,T3,3,200.397282785591,0,UNIQUE_CONFIDENT
H50_Zin50,C_control,T5,T4_NEAR_T3,2,200.397279977425,0,UNIQUE_CONFIDENT
H50_Zin50,C_control,T5,T5,1,1.06703516000426,1,UNIQUE_CONFIDENT
H50_Zin50,A,T5,T3,3,194.059153222416,0,UNIQUE_CONFIDENT
H50_Zin50,A,T5,T4_NEAR_T3,2,194.059149056974,0,UNIQUE_CONFIDENT
H50_Zin50,A,T5,T5,1,0.971963117797647,1,UNIQUE_CONFIDENT
H50_Zin50,B,T5,T3,3,193.798930330225,0,UNIQUE_CONFIDENT
H50_Zin50,B,T5,T4_NEAR_T3,2,193.798926861199,0,UNIQUE_CONFIDENT
H50_Zin50,B,T5,T5,1,0.894616015505715,1,UNIQUE_CONFIDENT
H50_Zin50,C_control,T5,T3,3,193.798930330225,0,UNIQUE_CONFIDENT
H50_Zin50,C_control,T5,T4_NEAR_T3,2,193.798926861199,0,UNIQUE_CONFIDENT
H50_Zin50,C_control,T5,T5,1,0.894616015505715,1,UNIQUE_CONFIDENT
