split,scenario,scheme,flow,budget,truth_id,truth_signature,truth_in_library,library_out,domain_out,parameter_seed,noise_seed,true_main_scale,true_load_scale,candidate_count,candidate_set,set_size,best_candidate,truth_candidate_rank,truth_active,truth_generated,truth_pruned,truth_covered,correct_unique,false_unique,library_out_nonempty,domain_out_accepted,state,reason,distance_1,distance_2,margin,fit_statistic,fit_threshold,search_truncated,optimizer_evaluations,forward_model_calls
T,G001,H50,A,0,G001,"M=20,20,20,20,|T=0,0,0,0,|B=none",1,0,0,105100001,205100001,1.01130078768643,0.962930318236969,3,G001,1,G001,1,1,0,0,1,1,0,0,0,UNIQUE_CONFIDENT,single_candidate_with_margin,1.11445403000241,5.72014734861887,4.60569331861646,1.11445403000241,1.23800815956167,0,132,132
T,G001,H50,A,0,G001,"M=20,20,20,20,|T=0,0,0,0,|B=none",1,0,0,105100002,205100002,1.00117762201509,1.08950290181416,3,G001,1,G001,1,1,0,0,1,0,0,0,0,REJECTED,fit_quality_gate,1.27639100940411,5.70498977527019,4.42859876586607,1.27639100940411,1.23800815956167,0,138,138
T,G001,H50,A,0,G001,"M=20,20,20,20,|T=0,0,0,0,|B=none",1,0,0,105100003,205100003,0.984759506045676,1.02720540607408,3,G001,1,G001,1,1,0,0,1,1,0,0,0,UNIQUE_CONFIDENT,single_candidate_with_margin,1.14804057863661,5.87823027208688,4.73018969345026,1.14804057863661,1.23800815956167,0,128,128
T,G001,H50,A,0,G001,"M=20,20,20,20,|T=0,0,0,0,|B=none",1,0,0,105100004,205100004,1.00803530852974,0.96759907991996,3,G001,1,G001,1,1,0,0,1,1,0,0,0,UNIQUE_CONFIDENT,single_candidate_with_margin,1.21364349320771,5.81559189179054,4.60194839858283,1.21364349320771,1.23800815956167,0,132,132
T,G001,H50,A,0,G001,"M=20,20,20,20,|T=0,0,0,0,|B=none",1,0,0,105100005,205100005,1.01190161902295,1.1020435043837,3,G001,1,G001,1,1,0,0,1,0,0,0,0,REJECTED,fit_quality_gate,1.29724941785984,5.90798384956259,4.61073443170275,1.29724941785984,1.23800815956167,0,132,132
T,G001,H50,A,0,G001,"M=20,20,20,20,|T=0,0,0,0,|B=none",1,0,0,105100006,205100006,0.983890126328253,0.979102549791537,3,G001,1,G001,1,1,0,0,1,1,0,0,0,UNIQUE_CONFIDENT,single_candidate_with_margin,1.1282845840242,5.71327515675002,4.58499057272582,1.1282845840242,1.23800815956167,0,132,132
T,G001,H50,A,0,G001,"M=20,20,20,20,|T=0,0,0,0,|B=none",1,0,0,105100007,205100007,1.00158288339419,0.948033944101689,3,G001,1,G001,1,1,0,0,1,0,0,0,0,REJECTED,fit_quality_gate,1.27083093979332,5.72969862912105,4.45886768932773,1.27083093979332,1.23800815956167,0,136,136
T,G001,H50,A,0,G001,"M=20,20,20,20,|T=0,0,0,0,|B=none",1,0,0,105100008,205100008,1.00240845332167,1.15619675294995,3,G001,1,G001,1,1,0,0,1,1,0,0,0,UNIQUE_CONFIDENT,single_candidate_with_margin,1.17407747434397,5.92410522832399,4.75002775398002,1.17407747434397,1.23800815956167,0,130,130
T,G001,H50,A,0,G001,"M=20,20,20,20,|T=0,0,0,0,|B=none",1,0,0,105100009,205100009,1.01902534910768,1.03155070260722,3,G001,1,G001,1,1,0,0,1,1,0,0,0,UNIQUE_CONFIDENT,single_candidate_with_margin,1.13989531194514,5.84303768213295,4.70314237018782,1.13989531194514,1.23800815956167,0,126,126
T,G001,H50,A,0,G001,"M=20,20,20,20,|T=0,0,0,0,|B=none",1,0,0,105100010,205100010,1.00856441692474,1.06628751396675,3,G001,1,G001,1,1,0,0,1,1,0,0,0,UNIQUE_CONFIDENT,single_candidate_with_margin,1.12547310313185,5.77762081604646,4.6521477129146,1.12547310313185,1.23800815956167,0,132,132
T,G001,H50,A,0,G001,"M=20,20,20,20,|T=0,0,0,0,|B=none",1,0,0,105100011,205100011,1.00361488391806,1.10103704277869,3,G001,1,G001,1,1,0,0,1,1,0,0,0,UNIQUE_CONFIDENT,single_candidate_with_margin,1.10566334937362,5.87686770936899,4.77120435999537,1.10566334937362,1.23800815956167,0,132,132
T,G001,H50,A,0,G001,"M=20,20,20,20,|T=0,0,0,0,|B=none",1,0,0,105100012,205100012,0.982332114449622,0.887345015119814,3,G001,1,G001,1,1,0,0,1,0,0,0,0,REJECTED,fit_quality_gate,1.24431930664062,5.97927713136408,4.73495782472346,1.24431930664062,1.23800815956167,0,132,132
T,G001,H50,A,0,G001,"M=20,20,20,20,|T=0,0,0,0,|B=none",1,0,0,105100013,205100013,0.996751095164615,1.06794298205733,3,,0,G001,1,1,0,0,0,0,0,0,0,REJECTED,fit_quality_gate,1.32982596977033,5.91237216800871,4.58254619823838,1.32982596977033,1.23800815956167,0,132,132
T,G001,H50,A,0,G001,"M=20,20,20,20,|T=0,0,0,0,|B=none",1,0,0,105100014,205100014,1.00875995810927,0.827011225085129,3,G001,1,G001,1,1,0,0,1,1,0,0,0,UNIQUE_CONFIDENT,single_candidate_with_margin,1.18487254658676,5.97498151363065,4.79010896704389,1.18487254658676,1.23800815956167,0,132,132
T,G001,H50,A,0,G001,"M=20,20,20,20,|T=0,0,0,0,|B=none",1,0,0,105100015,205100015,0.998978533151966,0.907801835059263,3,G001,1,G001,1,1,0,0,1,1,0,0,0,UNIQUE_CONFIDENT,single_candidate_with_margin,1.06726432638321,5.93206596495112,4.86480163856791,1.06726432638321,1.23800815956167,0,132,132
T,G001,H50,A,0,G001,"M=20,20,20,20,|T=0,0,0,0,|B=none",1,0,0,105100016,205100016,0.987802879474631,1.05686937250375,3,G001,1,G001,1,1,0,0,1,1,0,0,0,UNIQUE_CONFIDENT,single_candidate_with_margin,1.14912589659796,5.79365626174323,4.64453036514526,1.14912589659796,1.23800815956167,0,132,132
T,G001,H50,A,0,G001,"M=20,20,20,20,|T=0,0,0,0,|B=none",1,0,0,105100017,205100017,1.00049012530766,0.800386235894002,3,G001,1,G001,1,1,0,0,1,1,0,0,0,UNIQUE_CONFIDENT,single_candidate_with_margin,1.1194282209305,5.98962522964906,4.87019700871856,1.1194282209305,1.23800815956167,0,138,138
T,G001,H50,A,0,G001,"M=20,20,20,20,|T=0,0,0,0,|B=none",1,0,0,105100018,205100018,1.0075875657568,0.961939969969704,3,G001,1,G001,1,1,0,0,1,1,0,0,0,UNIQUE_CONFIDENT,single_candidate_with_margin,1.15057953765309,5.84488909799808,4.69430956034499,1.15057953765309,1.23800815956167,0,130,130
T,G001,H50,A,0,G001,"M=20,20,20,20,|T=0,0,0,0,|B=none",1,0,0,105100019,205100019,0.995978574334711,0.914401208354212,3,G001,1,G001,1,1,0,0,1,1,0,0,0,UNIQUE_CONFIDENT,single_candidate_with_margin,1.22322225556918,5.7472212619377,4.52399900636853,1.22322225556918,1.23800815956167,0,132,132
T,G001,H50,A,0,G001,"M=20,20,20,20,|T=0,0,0,0,|B=none",1,0,0,105100020,205100020,0.986970796332181,0.978574723291958,3,G001,1,G001,1,1,0,0,1,0,0,0,0,REJECTED,fit_quality_gate,1.28893104388678,5.75215485622131,4.46322381233453,1.28893104388678,1.23800815956167,0,132,132
T,G001,H50,A,0,G001,"M=20,20,20,20,|T=0,0,0,0,|B=none",1,0,0,105100021,205100021,0.981500602308643,0.808179839229982,3,G001,1,G001,1,1,0,0,1,1,0,0,0,UNIQUE_CONFIDENT,single_candidate_with_margin,1.22170376147326,5.8213644822146,4.59966072074134,1.22170376147326,1.23800815956167,0,134,134
T,G001,H50,A,0,G001,"M=20,20,20,20,|T=0,0,0,0,|B=none",1,0,0,105100022,205100022,0.988145889963335,0.876156105426699,3,G001,1,G001,1,1,0,0,1,1,0,0,0,UNIQUE_CONFIDENT,single_candidate_with_margin,1.17244219884104,5.76089306677817,4.58845086793713,1.17244219884104,1.23800815956167,0,132,132
T,G001,H50,A,0,G001,"M=20,20,20,20,|T=0,0,0,0,|B=none",1,0,0,105100023,205100023,0.99111199313114,1.07275300615055,3,G001,1,G001,1,1,0,0,1,1,0,0,0,UNIQUE_CONFIDENT,single_candidate_with_margin,1.05186849750227,5.72446122846023,4.67259273095796,1.05186849750227,1.23800815956167,0,132,132
T,G001,H50,A,0,G001,"M=20,20,20,20,|T=0,0,0,0,|B=none",1,0,0,105100024,205100024,0.996566900580011,1.13244077591968,3,,0,G001,1,1,0,0,0,0,0,0,0,REJECTED,fit_quality_gate,1.3329563877285,5.95044648051106,4.61749009278256,1.3329563877285,1.23800815956167,0,132,132
T,G001,H50,A,0,G001,"M=20,20,20,20,|T=0,0,0,0,|B=none",1,0,0,105100025,205100025,0.991812511943381,1.07849600724505,3,G001,1,G001,1,1,0,0,1,1,0,0,0,UNIQUE_CONFIDENT,single_candidate_with_margin,1.12607993613292,5.87928208658872,4.7532021504558,1.12607993613292,1.23800815956167,0,132,132
T,G001,H50,A,0,G001,"M=20,20,20,20,|T=0,0,0,0,|B=none",1,0,0,105100026,205100026,0.983514496420446,0.948132531736518,3,G001,1,G001,1,1,0,0,1,0,0,0,0,REJECTED,fit_quality_gate,1.2586766730746,6.15522853287374,4.89655185979914,1.2586766730746,1.23800815956167,0,130,130
T,G001,H50,A,0,G001,"M=20,20,20,20,|T=0,0,0,0,|B=none",1,0,0,105100027,205100027,0.981996371120438,1.07600938115109,3,G001,1,G001,1,1,0,0,1,1,0,0,0,UNIQUE_CONFIDENT,single_candidate_with_margin,1.20030553077769,5.85176629457152,4.65146076379383,1.20030553077769,1.23800815956167,0,132,132
T,G001,H50,A,0,G001,"M=20,20,20,20,|T=0,0,0,0,|B=none",1,0,0,105100028,205100028,0.994566891417759,1.13938972787835,3,G001,1,G001,1,1,0,0,1,1,0,0,0,UNIQUE_CONFIDENT,single_candidate_with_margin,1.12606961727228,5.85902799015187,4.73295837287959,1.12606961727228,1.23800815956167,0,134,134
T,G001,H50,A,0,G001,"M=20,20,20,20,|T=0,0,0,0,|B=none",1,0,0,105100029,205100029,1.00096472738658,1.10608018821824,3,G001,1,G001,1,1,0,0,1,1,0,0,0,UNIQUE_CONFIDENT,single_candidate_with_margin,1.11835866337294,5.79428902213715,4.6759303587642,1.11835866337294,1.23800815956167,0,136,136
T,G001,H50,A,0,G001,"M=20,20,20,20,|T=0,0,0,0,|B=none",1,0,0,105100030,205100030,1.00680328455663,1.05992840548899,3,G001,1,G001,1,1,0,0,1,1,0,0,0,UNIQUE_CONFIDENT,single_candidate_with_margin,1.12580385016573,5.80679267101946,4.68098882085373,1.12580385016573,1.23800815956167,0,132,132
T,G002,H50,A,0,G002,"M=20,20,20,20,|T=0,0,0,0,|B=2,15,1,50;",1,0,0,105400001,205400001,0.988573068924283,0.811969193859827,3,G002,1,G002,1,1,0,0,1,1,0,0,0,UNIQUE_CONFIDENT,single_candidate_with_margin,0.84438524082627,3.85285744446904,3.00847220364277,0.84438524082627,1.23800815956167,0,95,95
T,G002,H50,A,0,G002,"M=20,20,20,20,|T=0,0,0,0,|B=2,15,1,50;",1,0,0,105400002,205400002,1.00185513348894,1.01692325798831,3,G002,1,G002,1,1,0,0,1,0,0,0,0,LOW_CONFIDENCE,insufficient_unique_margin,0.97157821416601,3.87356894384827,2.90199072968226,0.97157821416601,1.23800815956167,0,95,95
T,G002,H50,A,0,G002,"M=20,20,20,20,|T=0,0,0,0,|B=2,15,1,50;",1,0,0,105400003,205400003,0.991102836397355,1.11795435101863,3,G002,1,G002,1,1,0,0,1,0,0,0,0,LOW_CONFIDENCE,insufficient_unique_margin,0.975836128239108,3.80074982127307,2.82491369303396,0.975836128239108,1.23800815956167,0,114,114
T,G002,H50,A,0,G002,"M=20,20,20,20,|T=0,0,0,0,|B=2,15,1,50;",1,0,0,105400004,205400004,0.991025292960297,1.06299671723079,3,G002,1,G002,1,1,0,0,1,0,0,0,0,LOW_CONFIDENCE,insufficient_unique_margin,0.868003379287595,3.73765897166377,2.86965559237617,0.868003379287595,1.23800815956167,0,114,114
T,G002,H50,A,0,G002,"M=20,20,20,20,|T=0,0,0,0,|B=2,15,1,50;",1,0,0,105400005,205400005,1.01749406010602,0.872713441113738,3,G002,1,G002,1,1,0,0,1,0,0,0,0,LOW_CONFIDENCE,insufficient_unique_margin,0.948340450162648,3.90429985824565,2.955959408083,0.948340450162648,1.23800815956167,0,92,92
T,G002,H50,A,0,G002,"M=20,20,20,20,|T=0,0,0,0,|B=2,15,1,50;",1,0,0,105400006,205400006,1.01359482646635,0.869925550879111,3,G002,1,G002,1,1,0,0,1,1,0,0,0,UNIQUE_CONFIDENT,single_candidate_with_margin,0.876588423609103,3.98171293320731,3.1051245095982,0.876588423609103,1.23800815956167,0,96,96
T,G002,H50,A,0,G002,"M=20,20,20,20,|T=0,0,0,0,|B=2,15,1,50;",1,0,0,105400007,205400007,0.988632087415182,0.957880163184862,3,G002,1,G002,1,1,0,0,1,1,0,0,0,UNIQUE_CONFIDENT,single_candidate_with_margin,0.933421084141603,4.00099912425914,3.06757804011754,0.933421084141603,1.23800815956167,0,95,95
T,G002,H50,A,0,G002,"M=20,20,20,20,|T=0,0,0,0,|B=2,15,1,50;",1,0,0,105400008,205400008,1.01316767590818,0.923228467911165,3,G002,1,G002,1,1,0,0,1,0,0,0,0,LOW_CONFIDENCE,insufficient_unique_margin,0.923290907820122,3.81452415005375,2.89123324223363,0.923290907820122,1.23800815956167,0,94,94
T,G002,H50,A,0,G002,"M=20,20,20,20,|T=0,0,0,0,|B=2,15,1,50;",1,0,0,105400009,205400009,0.98705273814528,0.888653221930581,3,G002,1,G002,1,1,0,0,1,0,0,0,0,LOW_CONFIDENCE,insufficient_unique_margin,1.0360631686141,3.86565840955642,2.82959524094233,1.0360631686141,1.23800815956167,0,97,97
T,G002,H50,A,0,G002,"M=20,20,20,20,|T=0,0,0,0,|B=2,15,1,50;",1,0,0,105400010,205400010,1.00062044788592,0.994410459662702,3,G002,1,G002,1,1,0,0,1,0,0,0,0,LOW_CONFIDENCE,insufficient_unique_margin,1.01595717281596,3.93927851581387,2.92332134299791,1.01595717281596,1.23800815956167,0,114,114
T,G002,H50,A,0,G002,"M=20,20,20,20,|T=0,0,0,0,|B=2,15,1,50;",1,0,0,105400011,205400011,1.01026910923814,1.15168743750101,3,G002,1,G002,1,1,0,0,1,0,0,0,0,LOW_CONFIDENCE,insufficient_unique_margin,0.871765778174063,3.78664973610705,2.91488395793299,0.871765778174063,1.23800815956167,0,113,113
T,G002,H50,A,0,G002,"M=20,20,20,20,|T=0,0,0,0,|B=2,15,1,50;",1,0,0,105400012,205400012,0.99825812471806,1.11950013278369,3,G002,1,G002,1,1,0,0,1,0,0,0,0,LOW_CONFIDENCE,insufficient_unique_margin,0.843679884077862,3.82955843139145,2.98587854731359,0.843679884077862,1.23800815956167,0,114,114
T,G002,H50,A,0,G002,"M=20,20,20,20,|T=0,0,0,0,|B=2,15,1,50;",1,0,0,105400013,205400013,1.00165737179159,1.12927354372355,3,G002,1,G002,1,1,0,0,1,1,0,0,0,UNIQUE_CONFIDENT,single_candidate_with_margin,0.792196541251999,3.88161364712897,3.08941710587697,0.792196541251999,1.23800815956167,0,115,115
T,G002,H50,A,0,G002,"M=20,20,20,20,|T=0,0,0,0,|B=2,15,1,50;",1,0,0,105400014,205400014,0.990083169170078,1.00353206101926,3,G002,1,G002,1,1,0,0,1,0,0,0,0,LOW_CONFIDENCE,insufficient_unique_margin,0.889862850937848,3.88738621284735,2.99752336190951,0.889862850937848,1.23800815956167,0,113,113
T,G002,H50,A,0,G002,"M=20,20,20,20,|T=0,0,0,0,|B=2,15,1,50;",1,0,0,105400015,205400015,1.01635665403406,0.833533712937551,3,G002,1,G002,1,1,0,0,1,1,0,0,0,UNIQUE_CONFIDENT,single_candidate_with_margin,0.831238806685056,4.01769322600637,3.18645441932132,0.831238806685056,1.23800815956167,0,96,96
T,G002,H50,A,0,G002,"M=20,20,20,20,|T=0,0,0,0,|B=2,15,1,50;",1,0,0,105400016,205400016,0.994530949393583,1.05256128117921,3,G002,1,G002,1,1,0,0,1,0,0,0,0,LOW_CONFIDENCE,insufficient_unique_margin,0.954095449519296,3.91202653949358,2.95793108997428,0.954095449519296,1.23800815956167,0,112,112
T,G002,H50,A,0,G002,"M=20,20,20,20,|T=0,0,0,0,|B=2,15,1,50;",1,0,0,105400017,205400017,1.01257670675115,0.92731223711962,3,G002,1,G002,1,1,0,0,1,0,0,0,0,LOW_CONFIDENCE,insufficient_unique_margin,0.957934092697026,3.87736036726308,2.91942627456605,0.957934092697026,1.23800815956167,0,93,93
T,G002,H50,A,0,G002,"M=20,20,20,20,|T=0,0,0,0,|B=2,15,1,50;",1,0,0,105400018,205400018,0.999010536264076,0.900253168627296,3,G002,1,G002,1,1,0,0,1,0,0,0,0,LOW_CONFIDENCE,insufficient_unique_margin,0.886923408114147,3.83683052387411,2.94990711575996,0.886923408114147,1.23800815956167,0,95,95
T,G002,H50,A,0,G002,"M=20,20,20,20,|T=0,0,0,0,|B=2,15,1,50;",1,0,0,105400019,205400019,1.00486737189444,0.891703844372564,3,G002,1,G002,1,1,0,0,1,1,0,0,0,UNIQUE_CONFIDENT,single_candidate_with_margin,0.881989438046035,3.91394879155721,3.03195935351117,0.881989438046035,1.23800815956167,0,94,94
T,G002,H50,A,0,G002,"M=20,20,20,20,|T=0,0,0,0,|B=2,15,1,50;",1,0,0,105400020,205400020,0.999926376274403,1.11157479821043,3,G002,1,G002,1,1,0,0,1,1,0,0,0,UNIQUE_CONFIDENT,single_candidate_with_margin,0.896858994796759,3.99348249804742,3.09662350325067,0.896858994796759,1.23800815956167,0,118,118
T,G002,H50,A,0,G002,"M=20,20,20,20,|T=0,0,0,0,|B=2,15,1,50;",1,0,0,105400021,205400021,1.00155510303813,1.16081095140684,3,G002,1,G002,1,1,0,0,1,0,0,0,0,LOW_CONFIDENCE,insufficient_unique_margin,0.871273305118236,3.8000977714839,2.92882446636567,0.871273305118236,1.23800815956167,0,112,112
T,G002,H50,A,0,G002,"M=20,20,20,20,|T=0,0,0,0,|B=2,15,1,50;",1,0,0,105400022,205400022,1.00009971427878,1.1210120172267,3,G002,1,G002,1,1,0,0,1,0,0,0,0,LOW_CONFIDENCE,insufficient_unique_margin,0.815834651745011,3.79397880483738,2.97814415309236,0.815834651745011,1.23800815956167,0,116,116
T,G002,H50,A,0,G002,"M=20,20,20,20,|T=0,0,0,0,|B=2,15,1,50;",1,0,0,105400023,205400023,1.00893247828377,0.918668766356156,3,G002,1,G002,1,1,0,0,1,0,0,0,0,LOW_CONFIDENCE,insufficient_unique_margin,0.924120886216322,3.82118237810382,2.8970614918875,0.924120886216322,1.23800815956167,0,93,93
T,G002,H50,A,0,G002,"M=20,20,20,20,|T=0,0,0,0,|B=2,15,1,50;",1,0,0,105400024,205400024,0.986163157171187,0.948877070081858,3,G002,1,G002,1,1,0,0,1,1,0,0,0,UNIQUE_CONFIDENT,single_candidate_with_margin,0.809963486584794,3.95692452878052,3.14696104219572,0.809963486584794,1.23800815956167,0,95,95
T,G002,H50,A,0,G002,"M=20,20,20,20,|T=0,0,0,0,|B=2,15,1,50;",1,0,0,105400025,205400025,0.98103170841172,0.982238888652272,3,G002,1,G002,1,1,0,0,1,1,0,0,0,UNIQUE_CONFIDENT,single_candidate_with_margin,0.881458090913863,3.9807612117345,3.09930312082064,0.881458090913863,1.23800815956167,0,113,113
T,G002,H50,A,0,G002,"M=20,20,20,20,|T=0,0,0,0,|B=2,15,1,50;",1,0,0,105400026,205400026,0.995361075424797,0.918983648620051,3,G002,1,G002,1,1,0,0,1,0,0,0,0,LOW_CONFIDENCE,insufficient_unique_margin,0.881546504720233,3.82765390446229,2.94610739974206,0.881546504720233,1.23800815956167,0,113,113
T,G002,H50,A,0,G002,"M=20,20,20,20,|T=0,0,0,0,|B=2,15,1,50;",1,0,0,105400027,205400027,1.00145814455828,1.03716497166477,3,G002,1,G002,1,1,0,0,1,1,0,0,0,UNIQUE_CONFIDENT,single_candidate_with_margin,0.870126000711279,3.97835529629554,3.10822929558426,0.870126000711279,1.23800815956167,0,119,119
T,G002,H50,A,0,G002,"M=20,20,20,20,|T=0,0,0,0,|B=2,15,1,50;",1,0,0,105400028,205400028,0.995030185890738,0.886923809965309,3,G002,1,G002,1,1,0,0,1,1,0,0,0,UNIQUE_CONFIDENT,single_candidate_with_margin,0.871199552509728,4.02773264781086,3.15653309530113,0.871199552509728,1.23800815956167,0,95,95
T,G002,H50,A,0,G002,"M=20,20,20,20,|T=0,0,0,0,|B=2,15,1,50;",1,0,0,105400029,205400029,1.01065333155543,1.08767062661294,3,G002,1,G002,1,1,0,0,1,0,0,0,0,LOW_CONFIDENCE,insufficient_unique_margin,0.898657991049677,3.86993588990746,2.97127789885778,0.898657991049677,1.23800815956167,0,114,114
T,G002,H50,A,0,G002,"M=20,20,20,20,|T=0,0,0,0,|B=2,15,1,50;",1,0,0,105400030,205400030,0.991334363532446,1.15449990034747,3,G002,1,G002,1,1,0,0,1,0,0,0,0,LOW_CONFIDENCE,insufficient_unique_margin,0.862461383277816,3.78507502310587,2.92261363982806,0.862461383277816,1.23800815956167,0,113,113
T,G003,H50,A,0,G003,"M=20,20,20,20,|T=0,0,0,0,|B=1,15,1,50;",1,0,0,105700001,205700001,1.01144517178094,0.853872007049638,3,G003,1,G003,1,1,0,0,1,1,0,0,0,UNIQUE_CONFIDENT,single_candidate_with_margin,0.845842062297783,3.99512625293076,3.14928419063298,0.845842062297783,1.23800815956167,0,113,113
T,G003,H50,A,0,G003,"M=20,20,20,20,|T=0,0,0,0,|B=1,15,1,50;",1,0,0,105700002,205700002,0.995081677834189,0.981352101817711,3,G003,1,G003,1,1,0,0,1,0,0,0,0,LOW_CONFIDENCE,insufficient_unique_margin,0.903209384556114,3.77972510884103,2.87651572428491,0.903209384556114,1.23800815956167,0,113,113
T,G003,H50,A,0,G003,"M=20,20,20,20,|T=0,0,0,0,|B=1,15,1,50;",1,0,0,105700003,205700003,1.01459944367066,1.14553208203152,3,G003,1,G003,1,1,0,0,1,0,0,0,0,LOW_CONFIDENCE,insufficient_unique_margin,0.908350577370069,3.82338894201065,2.91503836464058,0.908350577370069,1.23800815956167,0,114,114
T,G003,H50,A,0,G003,"M=20,20,20,20,|T=0,0,0,0,|B=1,15,1,50;",1,0,0,105700004,205700004,0.993273305094451,0.801469904158351,3,G003,1,G003,1,1,0,0,1,0,0,0,0,LOW_CONFIDENCE,insufficient_unique_margin,0.9099987499407,3.81513508698193,2.90513633704123,0.9099987499407,1.23800815956167,0,114,114
T,G003,H50,A,0,G003,"M=20,20,20,20,|T=0,0,0,0,|B=1,15,1,50;",1,0,0,105700005,205700005,0.989420189537726,0.819584792058597,3,G003,1,G003,1,1,0,0,1,1,0,0,0,UNIQUE_CONFIDENT,single_candidate_with_margin,0.921988361095232,3.94475516094557,3.02276679985034,0.921988361095232,1.23800815956167,0,132,132
T,G003,H50,A,0,G003,"M=20,20,20,20,|T=0,0,0,0,|B=1,15,1,50;",1,0,0,105700006,205700006,0.986837527188678,0.858049493033661,3,G003,1,G003,1,1,0,0,1,1,0,0,0,UNIQUE_CONFIDENT,single_candidate_with_margin,0.899990036744828,3.98427650144215,3.08428646469732,0.899990036744828,1.23800815956167,0,113,113
T,G003,H50,A,0,G003,"M=20,20,20,20,|T=0,0,0,0,|B=1,15,1,50;",1,0,0,105700007,205700007,1.00826763107419,1.16195083755481,3,G003,1,G003,1,1,0,0,1,0,0,0,0,LOW_CONFIDENCE,insufficient_unique_margin,0.881874660881477,3.74269412245293,2.86081946157145,0.881874660881477,1.23800815956167,0,113,113
T,G003,H50,A,0,G003,"M=20,20,20,20,|T=0,0,0,0,|B=1,15,1,50;",1,0,0,105700008,205700008,1.00974446155434,0.948449162011886,3,G003,1,G003,1,1,0,0,1,0,0,0,0,LOW_CONFIDENCE,insufficient_unique_margin,0.800466216714814,3.75434255453405,2.95387633781923,0.800466216714814,1.23800815956167,0,113,113
T,G003,H50,A,0,G003,"M=20,20,20,20,|T=0,0,0,0,|B=1,15,1,50;",1,0,0,105700009,205700009,0.982928465485157,0.944814625457763,3,G003,1,G003,1,1,0,0,1,1,0,0,0,UNIQUE_CONFIDENT,single_candidate_with_margin,0.814036965583489,3.9100972380873,3.09606027250381,0.814036965583489,1.23800815956167,0,113,113
T,G003,H50,A,0,G003,"M=20,20,20,20,|T=0,0,0,0,|B=1,15,1,50;",1,0,0,105700010,205700010,1.01122653890421,0.874359839164597,3,G003,1,G003,1,1,0,0,1,0,0,0,0,LOW_CONFIDENCE,insufficient_unique_margin,0.834485994870513,3.80043499282465,2.96594899795413,0.834485994870513,1.23800815956167,0,113,113
T,G003,H50,A,0,G003,"M=20,20,20,20,|T=0,0,0,0,|B=1,15,1,50;",1,0,0,105700011,205700011,0.99246311312411,1.16670262456046,3,G003,1,G003,1,1,0,0,1,0,0,0,0,LOW_CONFIDENCE,insufficient_unique_margin,0.903528050520129,3.86027744521342,2.95674939469329,0.903528050520129,1.23800815956167,0,112,112
T,G003,H50,A,0,G003,"M=20,20,20,20,|T=0,0,0,0,|B=1,15,1,50;",1,0,0,105700012,205700012,0.981142113667719,0.869786333627192,3,,0,G003,1,1,0,0,0,0,0,0,0,REJECTED,empty_candidate_set,1.00547921699253,3.97423041249702,2.96875119550449,1.00547921699253,1.23800815956167,0,115,115
T,G003,H50,A,0,G003,"M=20,20,20,20,|T=0,0,0,0,|B=1,15,1,50;",1,0,0,105700013,205700013,1.00359305715404,1.11783872594022,3,G003,1,G003,1,1,0,0,1,0,0,0,0,LOW_CONFIDENCE,insufficient_unique_margin,0.820440237849568,3.76142343054272,2.94098319269315,0.820440237849568,1.23800815956167,0,113,113
T,G003,H50,A,0,G003,"M=20,20,20,20,|T=0,0,0,0,|B=1,15,1,50;",1,0,0,105700014,205700014,0.982323821987418,1.02431898977891,3,G003,1,G003,1,1,0,0,1,1,0,0,0,UNIQUE_CONFIDENT,single_candidate_with_margin,0.737627610041744,3.81565434364199,3.07802673360024,0.737627610041744,1.23800815956167,0,113,113
T,G003,H50,A,0,G003,"M=20,20,20,20,|T=0,0,0,0,|B=1,15,1,50;",1,0,0,105700015,205700015,0.99723931763177,1.15585149516801,3,G003,1,G003,1,1,0,0,1,0,0,0,0,LOW_CONFIDENCE,insufficient_unique_margin,0.877168886923926,3.83293897482077,2.95577008789685,0.877168886923926,1.23800815956167,0,114,114
T,G003,H50,A,0,G003,"M=20,20,20,20,|T=0,0,0,0,|B=1,15,1,50;",1,0,0,105700016,205700016,1.01379644820526,0.81686035080424,3,G003,1,G003,1,1,0,0,1,1,0,0,0,UNIQUE_CONFIDENT,single_candidate_with_margin,0.847353281550459,3.87526227123481,3.02790898968435,0.847353281550459,1.23800815956167,0,113,113
T,G003,H50,A,0,G003,"M=20,20,20,20,|T=0,0,0,0,|B=1,15,1,50;",1,0,0,105700017,205700017,0.994804279903456,0.851580270263097,3,G003,1,G003,1,1,0,0,1,0,0,0,0,LOW_CONFIDENCE,insufficient_unique_margin,0.861196006047508,3.83160256466187,2.97040655861437,0.861196006047508,1.23800815956167,0,132,132
T,G003,H50,A,0,G003,"M=20,20,20,20,|T=0,0,0,0,|B=1,15,1,50;",1,0,0,105700018,205700018,1.00231055799652,0.996108424772102,3,G003,1,G003,1,1,0,0,1,0,0,0,0,LOW_CONFIDENCE,insufficient_unique_margin,0.930869477254807,3.82896933852121,2.8980998612664,0.930869477254807,1.23800815956167,0,112,112
T,G003,H50,A,0,G003,"M=20,20,20,20,|T=0,0,0,0,|B=1,15,1,50;",1,0,0,105700019,205700019,0.990782888873091,0.909583884262962,3,G003,1,G003,1,1,0,0,1,1,0,0,0,UNIQUE_CONFIDENT,single_candidate_with_margin,0.776043763583567,3.91294385357659,3.13690008999302,0.776043763583567,1.23800815956167,0,114,114
T,G003,H50,A,0,G003,"M=20,20,20,20,|T=0,0,0,0,|B=1,15,1,50;",1,0,0,105700020,205700020,0.986680539576807,0.897262510829887,3,G003,1,G003,1,1,0,0,1,1,0,0,0,UNIQUE_CONFIDENT,single_candidate_with_margin,0.843361500292056,3.93669733119617,3.09333583090411,0.843361500292056,1.23800815956167,0,113,113
T,G003,H50,A,0,G003,"M=20,20,20,20,|T=0,0,0,0,|B=1,15,1,50;",1,0,0,105700021,205700021,1.01216264539775,0.950523385488781,3,G003,1,G003,1,1,0,0,1,1,0,0,0,UNIQUE_CONFIDENT,single_candidate_with_margin,0.792680988813728,3.86063964425865,3.06795865544492,0.792680988813728,1.23800815956167,0,114,114
T,G003,H50,A,0,G003,"M=20,20,20,20,|T=0,0,0,0,|B=1,15,1,50;",1,0,0,105700022,205700022,1.00067358318077,1.04497302226515,3,G003,1,G003,1,1,0,0,1,0,0,0,0,LOW_CONFIDENCE,insufficient_unique_margin,0.786511826174503,3.63778537209094,2.85127354591643,0.786511826174503,1.23800815956167,0,113,113
T,G003,H50,A,0,G003,"M=20,20,20,20,|T=0,0,0,0,|B=1,15,1,50;",1,0,0,105700023,205700023,1.00260117995872,0.844326661931549,3,G003,1,G003,1,1,0,0,1,0,0,0,0,LOW_CONFIDENCE,insufficient_unique_margin,0.934200004376869,3.8507360481809,2.91653604380403,0.934200004376869,1.23800815956167,0,115,115
T,G003,H50,A,0,G003,"M=20,20,20,20,|T=0,0,0,0,|B=1,15,1,50;",1,0,0,105700024,205700024,1.00337218504616,1.15985128116423,3,G003,1,G003,1,1,0,0,1,0,0,0,0,LOW_CONFIDENCE,insufficient_unique_margin,0.838675276104742,3.83011691046539,2.99144163436065,0.838675276104742,1.23800815956167,0,114,114
T,G003,H50,A,0,G003,"M=20,20,20,20,|T=0,0,0,0,|B=1,15,1,50;",1,0,0,105700025,205700025,0.991291076067874,0.83865565228431,3,G003,1,G003,1,1,0,0,1,1,0,0,0,UNIQUE_CONFIDENT,single_candidate_with_margin,0.821616933341037,3.98668128827503,3.16506435493399,0.821616933341037,1.23800815956167,0,132,132
T,G003,H50,A,0,G003,"M=20,20,20,20,|T=0,0,0,0,|B=1,15,1,50;",1,0,0,105700026,205700026,1.01965510541456,1.01472488027112,3,G003,1,G003,1,1,0,0,1,1,0,0,0,UNIQUE_CONFIDENT,single_candidate_with_margin,0.794290499598325,3.88830488188347,3.09401438228515,0.794290499598325,1.23800815956167,0,111,111
T,G003,H50,A,0,G003,"M=20,20,20,20,|T=0,0,0,0,|B=1,15,1,50;",1,0,0,105700027,205700027,0.984311330951372,0.863439470439971,3,G003,1,G003,1,1,0,0,1,1,0,0,0,UNIQUE_CONFIDENT,single_candidate_with_margin,0.799267661595247,3.96288656690633,3.16361890531108,0.799267661595247,1.23800815956167,0,113,113
T,G003,H50,A,0,G003,"M=20,20,20,20,|T=0,0,0,0,|B=1,15,1,50;",1,0,0,105700028,205700028,0.995106195653686,1.17584429678178,3,G003,1,G003,1,1,0,0,1,0,0,0,0,LOW_CONFIDENCE,insufficient_unique_margin,0.902463326751259,3.82068297928164,2.91821965253038,0.902463326751259,1.23800815956167,0,132,132
T,G003,H50,A,0,G003,"M=20,20,20,20,|T=0,0,0,0,|B=1,15,1,50;",1,0,0,105700029,205700029,0.980593198197819,0.941342777816938,3,G003,1,G003,1,1,0,0,1,1,0,0,0,UNIQUE_CONFIDENT,single_candidate_with_margin,0.831369748494213,3.84326635851887,3.01189661002465,0.831369748494213,1.23800815956167,0,113,113
T,G003,H50,A,0,G003,"M=20,20,20,20,|T=0,0,0,0,|B=1,15,1,50;",1,0,0,105700030,205700030,1.01596323299145,0.966851740050909,3,G003,1,G003,1,1,0,0,1,0,0,0,0,LOW_CONFIDENCE,insufficient_unique_margin,0.78896821303556,3.78703660735382,2.99806839431826,0.78896821303556,1.23800815956167,0,115,115
T,MIRROR_M3,H50,A,0,MIRROR_M3,"M=20,20,20,20,|T=0,0,0,0,|B=3,15,1,50;",0,1,0,105200001,205200001,0.990602089708171,1.02312293019026,3,G003,1,G003,0,0,0,1,0,0,0,1,0,LOW_CONFIDENCE,insufficient_unique_margin,0.809469100349372,3.7482524341409,2.93878333379153,0.809469100349372,1.23800815956167,0,113,113
T,MIRROR_M3,H50,A,0,MIRROR_M3,"M=20,20,20,20,|T=0,0,0,0,|B=3,15,1,50;",0,1,0,105200002,205200002,1.00661709810197,1.09250379221571,3,G003,1,G003,0,0,0,1,0,0,0,1,0,LOW_CONFIDENCE,insufficient_unique_margin,0.807239922440911,3.69421136677334,2.88697144433243,0.807239922440911,1.23800815956167,0,113,113
T,MIRROR_M3,H50,A,0,MIRROR_M3,"M=20,20,20,20,|T=0,0,0,0,|B=3,15,1,50;",0,1,0,105200003,205200003,1.00528282943656,0.875356005603208,3,G003,1,G003,0,0,0,1,0,0,0,1,0,LOW_CONFIDENCE,insufficient_unique_margin,0.934033467681943,3.91338283380227,2.97934936612032,0.934033467681943,1.23800815956167,0,113,113
T,MIRROR_M3,H50,A,0,MIRROR_M3,"M=20,20,20,20,|T=0,0,0,0,|B=3,15,1,50;",0,1,0,105200004,205200004,0.998067802579959,1.11567831017171,3,G003,1,G003,0,0,0,1,0,0,0,1,0,LOW_CONFIDENCE,insufficient_unique_margin,0.862638704570837,3.71913432090404,2.8564956163332,0.862638704570837,1.23800815956167,0,114,114
T,MIRROR_M3,H50,A,0,MIRROR_M3,"M=20,20,20,20,|T=0,0,0,0,|B=3,15,1,50;",0,1,0,105200005,205200005,0.985043530753588,1.18906965262747,3,G003,1,G003,0,0,0,1,0,0,1,1,0,UNIQUE_CONFIDENT,single_candidate_with_margin,0.821701421267647,3.88597498319293,3.06427356192529,0.821701421267647,1.23800815956167,0,130,130
T,MIRROR_M3,H50,A,0,MIRROR_M3,"M=20,20,20,20,|T=0,0,0,0,|B=3,15,1,50;",0,1,0,105200006,205200006,1.01738055363803,1.07777866236323,3,G003,1,G003,0,0,0,1,0,0,1,1,0,UNIQUE_CONFIDENT,single_candidate_with_margin,0.810040714919058,3.81229717710367,3.00225646218461,0.810040714919058,1.23800815956167,0,114,114
T,MIRROR_M3,H50,A,0,MIRROR_M3,"M=20,20,20,20,|T=0,0,0,0,|B=3,15,1,50;",0,1,0,105200007,205200007,0.980308263179831,0.851869529806071,3,G003,1,G003,0,0,0,1,0,0,1,1,0,UNIQUE_CONFIDENT,single_candidate_with_margin,0.880946585186775,3.94480752710166,3.06386094191489,0.880946585186775,1.23800815956167,0,114,114
T,MIRROR_M3,H50,A,0,MIRROR_M3,"M=20,20,20,20,|T=0,0,0,0,|B=3,15,1,50;",0,1,0,105200008,205200008,1.00579127842795,0.901925522327693,3,G003,1,G003,0,0,0,1,0,0,1,1,0,UNIQUE_CONFIDENT,single_candidate_with_margin,0.825324261183886,3.86013938535964,3.03481512417576,0.825324261183886,1.23800815956167,0,113,113
T,MIRROR_M3,H50,A,0,MIRROR_M3,"M=20,20,20,20,|T=0,0,0,0,|B=3,15,1,50;",0,1,0,105200009,205200009,1.0101271363512,1.00136235784276,3,G003,1,G003,0,0,0,1,0,0,1,1,0,UNIQUE_CONFIDENT,single_candidate_with_margin,0.819262787077053,3.82336214396838,3.00409935689133,0.819262787077053,1.23800815956167,0,113,113
T,MIRROR_M3,H50,A,0,MIRROR_M3,"M=20,20,20,20,|T=0,0,0,0,|B=3,15,1,50;",0,1,0,105200010,205200010,0.990689397561957,1.11462960416909,3,G003,1,G003,0,0,0,1,0,0,0,1,0,LOW_CONFIDENCE,insufficient_unique_margin,0.791848187706275,3.69328611428383,2.90143792657755,0.791848187706275,1.23800815956167,0,113,113
T,MIRROR_M3,H50,A,0,MIRROR_M3,"M=20,20,20,20,|T=0,0,0,0,|B=3,15,1,50;",0,1,0,105200011,205200011,1.00243469206895,0.867042439936585,3,G003,1,G003,0,0,0,1,0,0,1,1,0,UNIQUE_CONFIDENT,single_candidate_with_margin,0.789041065156731,3.84494902357324,3.05590795841651,0.789041065156731,1.23800815956167,0,113,113
T,MIRROR_M3,H50,A,0,MIRROR_M3,"M=20,20,20,20,|T=0,0,0,0,|B=3,15,1,50;",0,1,0,105200012,205200012,1.00339112978908,0.959895364946089,3,G003,1,G003,0,0,0,1,0,0,0,1,0,LOW_CONFIDENCE,insufficient_unique_margin,0.897557632157723,3.8083121629051,2.91075453074738,0.897557632157723,1.23800815956167,0,113,113
T,MIRROR_M3,H50,A,0,MIRROR_M3,"M=20,20,20,20,|T=0,0,0,0,|B=3,15,1,50;",0,1,0,105200013,205200013,1.00602595746162,0.960404882650251,3,G003,1,G003,0,0,0,1,0,0,0,1,0,LOW_CONFIDENCE,insufficient_unique_margin,0.861007036722259,3.74596237298524,2.88495533626299,0.861007036722259,1.23800815956167,0,113,113
T,MIRROR_M3,H50,A,0,MIRROR_M3,"M=20,20,20,20,|T=0,0,0,0,|B=3,15,1,50;",0,1,0,105200014,205200014,1.00227183488619,0.928558278202523,3,G003,1,G003,0,0,0,1,0,0,0,1,0,LOW_CONFIDENCE,insufficient_unique_margin,0.776741249390873,3.70015379674639,2.92341254735551,0.776741249390873,1.23800815956167,0,115,115
T,MIRROR_M3,H50,A,0,MIRROR_M3,"M=20,20,20,20,|T=0,0,0,0,|B=3,15,1,50;",0,1,0,105200015,205200015,0.983283170894559,1.01896175758368,3,G003,1,G003,0,0,0,1,0,0,1,1,0,UNIQUE_CONFIDENT,single_candidate_with_margin,0.777283455555372,3.86092052216578,3.08363706661041,0.777283455555372,1.23800815956167,0,113,113
T,MIRROR_M3,H50,A,0,MIRROR_M3,"M=20,20,20,20,|T=0,0,0,0,|B=3,15,1,50;",0,1,0,105200016,205200016,0.984590167685205,0.816119563291562,3,G003,1,G003,0,0,0,1,0,0,1,1,0,UNIQUE_CONFIDENT,single_candidate_with_margin,0.851199578195574,4.01820427924555,3.16700470104997,0.851199578195574,1.23800815956167,0,130,130
T,MIRROR_M3,H50,A,0,MIRROR_M3,"M=20,20,20,20,|T=0,0,0,0,|B=3,15,1,50;",0,1,0,105200017,205200017,0.997987798643371,0.996519756560209,3,G003,1,G003,0,0,0,1,0,0,1,1,0,UNIQUE_CONFIDENT,single_candidate_with_margin,0.760039804405793,3.89232138577608,3.13228158137029,0.760039804405793,1.23800815956167,0,113,113
T,MIRROR_M3,H50,A,0,MIRROR_M3,"M=20,20,20,20,|T=0,0,0,0,|B=3,15,1,50;",0,1,0,105200018,205200018,0.995851042253135,1.1461746807372,3,G003,1,G003,0,0,0,1,0,0,1,1,0,UNIQUE_CONFIDENT,single_candidate_with_margin,0.782192707686696,3.93949019175315,3.15729748406645,0.782192707686696,1.23800815956167,0,114,114
T,MIRROR_M3,H50,A,0,MIRROR_M3,"M=20,20,20,20,|T=0,0,0,0,|B=3,15,1,50;",0,1,0,105200019,205200019,1.01903888425568,1.09960008944439,3,G003,1,G003,0,0,0,1,0,0,0,1,0,LOW_CONFIDENCE,insufficient_unique_margin,0.781958572931777,3.6850147012569,2.90305612832512,0.781958572931777,1.23800815956167,0,114,114
T,MIRROR_M3,H50,A,0,MIRROR_M3,"M=20,20,20,20,|T=0,0,0,0,|B=3,15,1,50;",0,1,0,105200020,205200020,0.989572966585399,0.853505399180987,3,G003,1,G003,0,0,0,1,0,0,1,1,0,UNIQUE_CONFIDENT,single_candidate_with_margin,0.811832072317819,3.98296894901939,3.17113687670157,0.811832072317819,1.23800815956167,0,117,117
T,MIRROR_M3,H50,A,0,MIRROR_M3,"M=20,20,20,20,|T=0,0,0,0,|B=3,15,1,50;",0,1,0,105200021,205200021,0.995956040128706,0.870896826691978,3,G003,1,G003,0,0,0,1,0,0,0,1,0,LOW_CONFIDENCE,insufficient_unique_margin,0.833648986488258,3.73413271830188,2.90048373181362,0.833648986488258,1.23800815956167,0,114,114
T,MIRROR_M3,H50,A,0,MIRROR_M3,"M=20,20,20,20,|T=0,0,0,0,|B=3,15,1,50;",0,1,0,105200022,205200022,1.01460165414734,0.973429056949395,3,G003,1,G003,0,0,0,1,0,0,0,1,0,LOW_CONFIDENCE,insufficient_unique_margin,0.917846993334006,3.59491306249095,2.67706606915695,0.917846993334006,1.23800815956167,0,111,111
T,MIRROR_M3,H50,A,0,MIRROR_M3,"M=20,20,20,20,|T=0,0,0,0,|B=3,15,1,50;",0,1,0,105200023,205200023,1.00769178728562,0.861637069284012,3,G003,1,G003,0,0,0,1,0,0,0,1,0,LOW_CONFIDENCE,insufficient_unique_margin,0.890576919271804,3.85230830639523,2.96173138712343,0.890576919271804,1.23800815956167,0,113,113
T,MIRROR_M3,H50,A,0,MIRROR_M3,"M=20,20,20,20,|T=0,0,0,0,|B=3,15,1,50;",0,1,0,105200024,205200024,1.01704267893447,0.901242310526244,3,G003,1,G003,0,0,0,1,0,0,1,1,0,UNIQUE_CONFIDENT,single_candidate_with_margin,0.776864243251685,3.86515819117972,3.08829394792803,0.776864243251685,1.23800815956167,0,111,111
T,MIRROR_M3,H50,A,0,MIRROR_M3,"M=20,20,20,20,|T=0,0,0,0,|B=3,15,1,50;",0,1,0,105200025,205200025,1.0054146113951,1.04749738838441,3,G003,1,G003,0,0,0,1,0,0,1,1,0,UNIQUE_CONFIDENT,single_candidate_with_margin,0.882927152574506,3.97682513688175,3.09389798430724,0.882927152574506,1.23800815956167,0,113,113
T,MIRROR_M3,H50,A,0,MIRROR_M3,"M=20,20,20,20,|T=0,0,0,0,|B=3,15,1,50;",0,1,0,105200026,205200026,0.999067251311118,0.884259265019338,3,G003,1,G003,0,0,0,1,0,0,1,1,0,UNIQUE_CONFIDENT,single_candidate_with_margin,0.846236931827191,3.87257591252195,3.02633898069476,0.846236931827191,1.23800815956167,0,111,111
T,MIRROR_M3,H50,A,0,MIRROR_M3,"M=20,20,20,20,|T=0,0,0,0,|B=3,15,1,50;",0,1,0,105200027,205200027,1.01246364388345,0.995938484438419,3,G003,1,G003,0,0,0,1,0,0,0,1,0,LOW_CONFIDENCE,insufficient_unique_margin,0.884582843068178,3.81497597174488,2.9303931286767,0.884582843068178,1.23800815956167,0,113,113
T,MIRROR_M3,H50,A,0,MIRROR_M3,"M=20,20,20,20,|T=0,0,0,0,|B=3,15,1,50;",0,1,0,105200028,205200028,1.01048404302311,0.983953188981461,3,G003,1,G003,0,0,0,1,0,0,0,1,0,LOW_CONFIDENCE,insufficient_unique_margin,0.870809018924855,3.65736702164372,2.78655800271886,0.870809018924855,1.23800815956167,0,113,113
T,MIRROR_M3,H50,A,0,MIRROR_M3,"M=20,20,20,20,|T=0,0,0,0,|B=3,15,1,50;",0,1,0,105200029,205200029,1.0072060618537,0.988998375808724,3,G003,1,G003,0,0,0,1,0,0,1,1,0,UNIQUE_CONFIDENT,single_candidate_with_margin,0.814294302856683,3.85620199175595,3.04190768889927,0.814294302856683,1.23800815956167,0,112,112
T,MIRROR_M3,H50,A,0,MIRROR_M3,"M=20,20,20,20,|T=0,0,0,0,|B=3,15,1,50;",0,1,0,105200030,205200030,0.998002313434965,0.820224555490033,3,G003,1,G003,0,0,0,1,0,0,1,1,0,UNIQUE_CONFIDENT,single_candidate_with_margin,0.909880694960084,3.95300100231822,3.04312030735814,0.909880694960084,1.23800815956167,0,132,132
T,ADD_M1_M3,H50,A,0,ADD_M1_M3,"M=20,20,20,20,|T=0,0,0,0,|B=1,15,1,50;3,15,1,50;",0,1,0,105800001,205800001,0.986937743345215,0.955783222192036,3,,0,G003,0,0,0,1,0,0,0,0,0,REJECTED,fit_quality_gate,3.61600171532873,4.62026101195539,1.00425929662666,3.61600171532873,1.23800815956167,0,94,94
T,ADD_M1_M3,H50,A,0,ADD_M1_M3,"M=20,20,20,20,|T=0,0,0,0,|B=1,15,1,50;3,15,1,50;",0,1,0,105800002,205800002,0.99147673348504,0.85060317359973,3,,0,G003,0,0,0,1,0,0,0,0,0,REJECTED,fit_quality_gate,3.55248331698299,4.53677702947833,0.984293712495334,3.55248331698299,1.23800815956167,0,96,96
T,ADD_M1_M3,H50,A,0,ADD_M1_M3,"M=20,20,20,20,|T=0,0,0,0,|B=1,15,1,50;3,15,1,50;",0,1,0,105800003,205800003,0.983069592519081,1.05223496406954,3,,0,G003,0,0,0,1,0,0,0,0,0,REJECTED,fit_quality_gate,3.29523647632032,4.50607518254284,1.21083870622253,3.29523647632032,1.23800815956167,0,94,94
T,ADD_M1_M3,H50,A,0,ADD_M1_M3,"M=20,20,20,20,|T=0,0,0,0,|B=1,15,1,50;3,15,1,50;",0,1,0,105800004,205800004,1.00949324245763,1.006343042994,3,,0,G003,0,0,0,1,0,0,0,0,0,REJECTED,fit_quality_gate,3.50205182449759,4.5374804707682,1.03542864627062,3.50205182449759,1.23800815956167,0,94,94
T,ADD_M1_M3,H50,A,0,ADD_M1_M3,"M=20,20,20,20,|T=0,0,0,0,|B=1,15,1,50;3,15,1,50;",0,1,0,105800005,205800005,1.0065382639362,0.948210074009224,3,,0,G003,0,0,0,1,0,0,0,0,0,REJECTED,fit_quality_gate,3.37782311413824,4.44628607759625,1.06846296345801,3.37782311413824,1.23800815956167,0,94,94
T,ADD_M1_M3,H50,A,0,ADD_M1_M3,"M=20,20,20,20,|T=0,0,0,0,|B=1,15,1,50;3,15,1,50;",0,1,0,105800006,205800006,1.00397705099247,1.03901044569493,3,,0,G003,0,0,0,1,0,0,0,0,0,REJECTED,fit_quality_gate,3.42924813616348,4.51635664013554,1.08710850397206,3.42924813616348,1.23800815956167,0,94,94
T,ADD_M1_M3,H50,A,0,ADD_M1_M3,"M=20,20,20,20,|T=0,0,0,0,|B=1,15,1,50;3,15,1,50;",0,1,0,105800007,205800007,0.987238067761716,1.17865536619843,3,,0,G003,0,0,0,1,0,0,0,0,0,REJECTED,fit_quality_gate,3.4516255028153,4.47363968023282,1.02201417741752,3.4516255028153,1.23800815956167,0,97,97
T,ADD_M1_M3,H50,A,0,ADD_M1_M3,"M=20,20,20,20,|T=0,0,0,0,|B=1,15,1,50;3,15,1,50;",0,1,0,105800008,205800008,1.00784466204419,1.02375947434403,3,,0,G003,0,0,0,1,0,0,0,0,0,REJECTED,fit_quality_gate,3.36916036924691,4.37697381941883,1.00781345017192,3.36916036924691,1.23800815956167,0,94,94
T,ADD_M1_M3,H50,A,0,ADD_M1_M3,"M=20,20,20,20,|T=0,0,0,0,|B=1,15,1,50;3,15,1,50;",0,1,0,105800009,205800009,1.01891550775091,1.1187269356926,3,,0,G003,0,0,0,1,0,0,0,0,0,REJECTED,fit_quality_gate,3.28291559600004,4.43914021665606,1.15622462065602,3.28291559600004,1.23800815956167,0,92,92
T,ADD_M1_M3,H50,A,0,ADD_M1_M3,"M=20,20,20,20,|T=0,0,0,0,|B=1,15,1,50;3,15,1,50;",0,1,0,105800010,205800010,1.0007657962507,0.919468351510511,3,,0,G003,0,0,0,1,0,0,0,0,0,REJECTED,fit_quality_gate,3.63539575033167,4.56243038574243,0.927034635410767,3.63539575033167,1.23800815956167,0,94,94
T,ADD_M1_M3,H50,A,0,ADD_M1_M3,"M=20,20,20,20,|T=0,0,0,0,|B=1,15,1,50;3,15,1,50;",0,1,0,105800011,205800011,0.98033037567544,1.15710062818387,3,,0,G003,0,0,0,1,0,0,0,0,0,REJECTED,fit_quality_gate,3.44560723537221,4.57569216692974,1.13008493155754,3.44560723537221,1.23800815956167,0,96,96
T,ADD_M1_M3,H50,A,0,ADD_M1_M3,"M=20,20,20,20,|T=0,0,0,0,|B=1,15,1,50;3,15,1,50;",0,1,0,105800012,205800012,1.0030457230926,0.926009285551028,3,,0,G003,0,0,0,1,0,0,0,0,0,REJECTED,fit_quality_gate,3.52437504771695,4.50728789292737,0.982912845210417,3.52437504771695,1.23800815956167,0,95,95
T,ADD_M1_M3,H50,A,0,ADD_M1_M3,"M=20,20,20,20,|T=0,0,0,0,|B=1,15,1,50;3,15,1,50;",0,1,0,105800013,205800013,1.00702687275534,0.964939500622113,3,,0,G003,0,0,0,1,0,0,0,0,0,REJECTED,fit_quality_gate,3.45420971463945,4.50140555520717,1.04719584056772,3.45420971463945,1.23800815956167,0,94,94
T,ADD_M1_M3,H50,A,0,ADD_M1_M3,"M=20,20,20,20,|T=0,0,0,0,|B=1,15,1,50;3,15,1,50;",0,1,0,105800014,205800014,0.984516870590872,1.07849656397657,3,,0,G003,0,0,0,1,0,0,0,0,0,REJECTED,fit_quality_gate,3.39905777066901,4.44248753642723,1.04342976575822,3.39905777066901,1.23800815956167,0,94,94
T,ADD_M1_M3,H50,A,0,ADD_M1_M3,"M=20,20,20,20,|T=0,0,0,0,|B=1,15,1,50;3,15,1,50;",0,1,0,105800015,205800015,1.00077539383204,0.948744719806501,3,,0,G003,0,0,0,1,0,0,0,0,0,REJECTED,fit_quality_gate,3.39567162295884,4.53214607147479,1.13647444851595,3.39567162295884,1.23800815956167,0,94,94
T,ADD_M1_M3,H50,A,0,ADD_M1_M3,"M=20,20,20,20,|T=0,0,0,0,|B=1,15,1,50;3,15,1,50;",0,1,0,105800016,205800016,1.00230361389505,1.01161522815799,3,,0,G003,0,0,0,1,0,0,0,0,0,REJECTED,fit_quality_gate,3.49413902867329,4.63354701738487,1.13940798871158,3.49413902867329,1.23800815956167,0,94,94
T,ADD_M1_M3,H50,A,0,ADD_M1_M3,"M=20,20,20,20,|T=0,0,0,0,|B=1,15,1,50;3,15,1,50;",0,1,0,105800017,205800017,1.00766822209458,1.11520690636536,3,,0,G003,0,0,0,1,0,0,0,0,0,REJECTED,fit_quality_gate,3.386539310233,4.52777174727949,1.14123243704649,3.386539310233,1.23800815956167,0,95,95
T,ADD_M1_M3,H50,A,0,ADD_M1_M3,"M=20,20,20,20,|T=0,0,0,0,|B=1,15,1,50;3,15,1,50;",0,1,0,105800018,205800018,1.01289290723208,0.923383520200282,3,,0,G003,0,0,0,1,0,0,0,0,0,REJECTED,fit_quality_gate,3.59637339855502,4.63898638291907,1.04261298436405,3.59637339855502,1.23800815956167,0,94,94
T,ADD_M1_M3,H50,A,0,ADD_M1_M3,"M=20,20,20,20,|T=0,0,0,0,|B=1,15,1,50;3,15,1,50;",0,1,0,105800019,205800019,0.986781719755656,1.07738661455186,3,,0,G003,0,0,0,1,0,0,0,0,0,REJECTED,fit_quality_gate,3.42100154692174,4.54883112601383,1.12782957909209,3.42100154692174,1.23800815956167,0,94,94
T,ADD_M1_M3,H50,A,0,ADD_M1_M3,"M=20,20,20,20,|T=0,0,0,0,|B=1,15,1,50;3,15,1,50;",0,1,0,105800020,205800020,0.985002178872141,1.13429941882391,3,,0,G003,0,0,0,1,0,0,0,0,0,REJECTED,fit_quality_gate,3.36987642923821,4.51683214346798,1.14695571422977,3.36987642923821,1.23800815956167,0,95,95
T,ADD_M1_M3,H50,A,0,ADD_M1_M3,"M=20,20,20,20,|T=0,0,0,0,|B=1,15,1,50;3,15,1,50;",0,1,0,105800021,205800021,1.00478702675192,0.853908163940572,3,,0,G003,0,0,0,1,0,0,0,0,0,REJECTED,fit_quality_gate,3.64836935799828,4.62993613131597,0.981566773317683,3.64836935799828,1.23800815956167,0,95,95
T,ADD_M1_M3,H50,A,0,ADD_M1_M3,"M=20,20,20,20,|T=0,0,0,0,|B=1,15,1,50;3,15,1,50;",0,1,0,105800022,205800022,1.00247814066464,0.871494126336815,3,,0,G003,0,0,0,1,0,0,0,0,0,REJECTED,fit_quality_gate,3.54433847046075,4.578847183763,1.03450871330224,3.54433847046075,1.23800815956167,0,95,95
T,ADD_M1_M3,H50,A,0,ADD_M1_M3,"M=20,20,20,20,|T=0,0,0,0,|B=1,15,1,50;3,15,1,50;",0,1,0,105800023,205800023,1.01665228652604,0.878197415472829,3,,0,G003,0,0,0,1,0,0,0,0,0,REJECTED,fit_quality_gate,3.39551616489177,4.47904982817807,1.08353366328629,3.39551616489177,1.23800815956167,0,97,97
T,ADD_M1_M3,H50,A,0,ADD_M1_M3,"M=20,20,20,20,|T=0,0,0,0,|B=1,15,1,50;3,15,1,50;",0,1,0,105800024,205800024,1.00519164862682,1.03023036723775,3,,0,G003,0,0,0,1,0,0,0,0,0,REJECTED,fit_quality_gate,3.34899925895805,4.47532089161489,1.12632163265684,3.34899925895805,1.23800815956167,0,94,94
T,ADD_M1_M3,H50,A,0,ADD_M1_M3,"M=20,20,20,20,|T=0,0,0,0,|B=1,15,1,50;3,15,1,50;",0,1,0,105800025,205800025,1.01656031926277,1.15062606478678,3,,0,G003,0,0,0,1,0,0,0,0,0,REJECTED,fit_quality_gate,3.2959859250847,4.46593087444579,1.16994494936109,3.2959859250847,1.23800815956167,0,94,94
T,ADD_M1_M3,H50,A,0,ADD_M1_M3,"M=20,20,20,20,|T=0,0,0,0,|B=1,15,1,50;3,15,1,50;",0,1,0,105800026,205800026,1.00171774719408,1.16149730374406,3,,0,G003,0,0,0,1,0,0,0,0,0,REJECTED,fit_quality_gate,3.47805180230382,4.47549130846681,0.997439506162991,3.47805180230382,1.23800815956167,0,98,98
T,ADD_M1_M3,H50,A,0,ADD_M1_M3,"M=20,20,20,20,|T=0,0,0,0,|B=1,15,1,50;3,15,1,50;",0,1,0,105800027,205800027,1.00788061118298,0.919503659153942,3,,0,G003,0,0,0,1,0,0,0,0,0,REJECTED,fit_quality_gate,3.48315331890004,4.57250222991118,1.08934891101114,3.48315331890004,1.23800815956167,0,92,92
T,ADD_M1_M3,H50,A,0,ADD_M1_M3,"M=20,20,20,20,|T=0,0,0,0,|B=1,15,1,50;3,15,1,50;",0,1,0,105800028,205800028,0.992763523720378,0.825122593391255,3,,0,G003,0,0,0,1,0,0,0,0,0,REJECTED,fit_quality_gate,3.55989878375456,4.5735296075904,1.01363082383584,3.55989878375456,1.23800815956167,0,99,99
T,ADD_M1_M3,H50,A,0,ADD_M1_M3,"M=20,20,20,20,|T=0,0,0,0,|B=1,15,1,50;3,15,1,50;",0,1,0,105800029,205800029,0.990175893647998,1.14079093139576,3,,0,G003,0,0,0,1,0,0,0,0,0,REJECTED,fit_quality_gate,3.38836608053873,4.44836006453678,1.05999398399805,3.38836608053873,1.23800815956167,0,96,96
T,ADD_M1_M3,H50,A,0,ADD_M1_M3,"M=20,20,20,20,|T=0,0,0,0,|B=1,15,1,50;3,15,1,50;",0,1,0,105800030,205800030,0.993246761914355,1.19588036377535,3,,0,G003,0,0,0,1,0,0,0,0,0,REJECTED,fit_quality_gate,3.34195444156594,4.43231221381826,1.09035777225232,3.34195444156594,1.23800815956167,0,94,94
T,ADD_M2_M3,H50,A,0,ADD_M2_M3,"M=20,20,20,20,|T=0,0,0,0,|B=2,15,1,50;3,15,1,50;",0,1,0,105500001,205500001,0.999869786963091,1.11358411060651,3,,0,G003,0,0,0,1,0,0,0,0,0,REJECTED,fit_quality_gate,3.43409390058103,3.99484714673131,0.56075324615028,3.43409390058103,1.23800815956167,0,95,95
T,ADD_M2_M3,H50,A,0,ADD_M2_M3,"M=20,20,20,20,|T=0,0,0,0,|B=2,15,1,50;3,15,1,50;",0,1,0,105500002,205500002,1.00600829493411,1.11947738836508,3,,0,G003,0,0,0,1,0,0,0,0,0,REJECTED,fit_quality_gate,3.3454584973376,4.01841023731771,0.672951739980112,3.3454584973376,1.23800815956167,0,113,113
T,ADD_M2_M3,H50,A,0,ADD_M2_M3,"M=20,20,20,20,|T=0,0,0,0,|B=2,15,1,50;3,15,1,50;",0,1,0,105500003,205500003,0.998227496680684,0.827921163652505,3,,0,G003,0,0,0,1,0,0,0,0,0,REJECTED,fit_quality_gate,3.58198165227016,4.31531219911164,0.73333054684148,3.58198165227016,1.23800815956167,0,113,113
T,ADD_M2_M3,H50,A,0,ADD_M2_M3,"M=20,20,20,20,|T=0,0,0,0,|B=2,15,1,50;3,15,1,50;",0,1,0,105500004,205500004,0.982236764739507,0.92848575417968,3,,0,G003,0,0,0,1,0,0,0,0,0,REJECTED,fit_quality_gate,3.61193228588298,4.19674187248149,0.584809586598513,3.61193228588298,1.23800815956167,0,94,94
T,ADD_M2_M3,H50,A,0,ADD_M2_M3,"M=20,20,20,20,|T=0,0,0,0,|B=2,15,1,50;3,15,1,50;",0,1,0,105500005,205500005,1.014818355481,0.970041850805529,3,,0,G003,0,0,0,1,0,0,0,0,0,REJECTED,fit_quality_gate,3.41625685103603,4.12258244711229,0.70632559607626,3.41625685103603,1.23800815956167,0,95,95
T,ADD_M2_M3,H50,A,0,ADD_M2_M3,"M=20,20,20,20,|T=0,0,0,0,|B=2,15,1,50;3,15,1,50;",0,1,0,105500006,205500006,0.998922395018758,1.11719332065787,3,,0,G003,0,0,0,1,0,0,0,0,0,REJECTED,fit_quality_gate,3.34721481867244,4.01611910435416,0.668904285681717,3.34721481867244,1.23800815956167,0,113,113
T,ADD_M2_M3,H50,A,0,ADD_M2_M3,"M=20,20,20,20,|T=0,0,0,0,|B=2,15,1,50;3,15,1,50;",0,1,0,105500007,205500007,0.983315938996486,0.926296316738715,3,,0,G003,0,0,0,1,0,0,0,0,0,REJECTED,fit_quality_gate,3.59090293671519,4.17195076690088,0.581047830185692,3.59090293671519,1.23800815956167,0,94,94
T,ADD_M2_M3,H50,A,0,ADD_M2_M3,"M=20,20,20,20,|T=0,0,0,0,|B=2,15,1,50;3,15,1,50;",0,1,0,105500008,205500008,0.998123787103149,0.863499333878368,3,,0,G003,0,0,0,1,0,0,0,0,0,REJECTED,fit_quality_gate,3.67651158037884,4.22032504545071,0.54381346507187,3.67651158037884,1.23800815956167,0,95,95
T,ADD_M2_M3,H50,A,0,ADD_M2_M3,"M=20,20,20,20,|T=0,0,0,0,|B=2,15,1,50;3,15,1,50;",0,1,0,105500009,205500009,0.994933131120601,0.803849249456964,3,,0,G003,0,0,0,1,0,0,0,0,0,REJECTED,fit_quality_gate,3.63735440352103,4.27973529934901,0.642380895827983,3.63735440352103,1.23800815956167,0,113,113
T,ADD_M2_M3,H50,A,0,ADD_M2_M3,"M=20,20,20,20,|T=0,0,0,0,|B=2,15,1,50;3,15,1,50;",0,1,0,105500010,205500010,1.01741098235023,1.01230433497758,3,,0,G003,0,0,0,1,0,0,0,0,0,REJECTED,fit_quality_gate,3.50287109067799,4.13575126829741,0.632880177619418,3.50287109067799,1.23800815956167,0,95,95
T,ADD_M2_M3,H50,A,0,ADD_M2_M3,"M=20,20,20,20,|T=0,0,0,0,|B=2,15,1,50;3,15,1,50;",0,1,0,105500011,205500011,1.00205098647931,0.837330380481689,3,,0,G003,0,0,0,1,0,0,0,0,0,REJECTED,fit_quality_gate,3.65818174858401,4.22368031338964,0.565498564805623,3.65818174858401,1.23800815956167,0,94,94
T,ADD_M2_M3,H50,A,0,ADD_M2_M3,"M=20,20,20,20,|T=0,0,0,0,|B=2,15,1,50;3,15,1,50;",0,1,0,105500012,205500012,0.993523070919113,1.06098762612448,3,,0,G003,0,0,0,1,0,0,0,0,0,REJECTED,fit_quality_gate,3.50303898914879,4.05713082506304,0.554091835914251,3.50303898914879,1.23800815956167,0,91,91
T,ADD_M2_M3,H50,A,0,ADD_M2_M3,"M=20,20,20,20,|T=0,0,0,0,|B=2,15,1,50;3,15,1,50;",0,1,0,105500013,205500013,0.983915744368027,1.07132242643849,3,,0,G003,0,0,0,1,0,0,0,0,0,REJECTED,fit_quality_gate,3.51158826574731,4.07321868305875,0.561630417311442,3.51158826574731,1.23800815956167,0,92,92
T,ADD_M2_M3,H50,A,0,ADD_M2_M3,"M=20,20,20,20,|T=0,0,0,0,|B=2,15,1,50;3,15,1,50;",0,1,0,105500014,205500014,1.01010865221402,1.17962552202502,3,,0,G003,0,0,0,1,0,0,0,0,0,REJECTED,fit_quality_gate,3.28726304764231,4.0414838516894,0.754220804047093,3.28726304764231,1.23800815956167,0,113,113
T,ADD_M2_M3,H50,A,0,ADD_M2_M3,"M=20,20,20,20,|T=0,0,0,0,|B=2,15,1,50;3,15,1,50;",0,1,0,105500015,205500015,0.980121750969647,1.11388692882841,3,,0,G003,0,0,0,1,0,0,0,0,0,REJECTED,fit_quality_gate,3.45148805376827,4.04759157962164,0.596103525853366,3.45148805376827,1.23800815956167,0,95,95
T,ADD_M2_M3,H50,A,0,ADD_M2_M3,"M=20,20,20,20,|T=0,0,0,0,|B=2,15,1,50;3,15,1,50;",0,1,0,105500016,205500016,1.01637193800934,1.01549497331359,3,,0,G003,0,0,0,1,0,0,0,0,0,REJECTED,fit_quality_gate,3.45021935564161,4.11837529424651,0.668155938604902,3.45021935564161,1.23800815956167,0,94,94
T,ADD_M2_M3,H50,A,0,ADD_M2_M3,"M=20,20,20,20,|T=0,0,0,0,|B=2,15,1,50;3,15,1,50;",0,1,0,105500017,205500017,0.980796220826829,1.01705255123983,3,,0,G003,0,0,0,1,0,0,0,0,0,REJECTED,fit_quality_gate,3.62282155145535,4.13216081624536,0.509339264790005,3.62282155145535,1.23800815956167,0,95,95
T,ADD_M2_M3,H50,A,0,ADD_M2_M3,"M=20,20,20,20,|T=0,0,0,0,|B=2,15,1,50;3,15,1,50;",0,1,0,105500018,205500018,1.00455571721019,1.00524768618037,3,,0,G003,0,0,0,1,0,0,0,0,0,REJECTED,fit_quality_gate,3.48983945776903,4.14312760523988,0.653288147470856,3.48983945776903,1.23800815956167,0,95,95
T,ADD_M2_M3,H50,A,0,ADD_M2_M3,"M=20,20,20,20,|T=0,0,0,0,|B=2,15,1,50;3,15,1,50;",0,1,0,105500019,205500019,1.00139977773477,0.977617788330116,3,,0,G003,0,0,0,1,0,0,0,0,0,REJECTED,fit_quality_gate,3.51156040175694,4.13851284049728,0.626952438740337,3.51156040175694,1.23800815956167,0,95,95
T,ADD_M2_M3,H50,A,0,ADD_M2_M3,"M=20,20,20,20,|T=0,0,0,0,|B=2,15,1,50;3,15,1,50;",0,1,0,105500020,205500020,0.982481593345831,0.931570407375542,3,,0,G003,0,0,0,1,0,0,0,0,0,REJECTED,fit_quality_gate,3.6394926498017,4.14814942378984,0.508656773988136,3.6394926498017,1.23800815956167,0,91,91
T,ADD_M2_M3,H50,A,0,ADD_M2_M3,"M=20,20,20,20,|T=0,0,0,0,|B=2,15,1,50;3,15,1,50;",0,1,0,105500021,205500021,0.996580640341393,0.886114330054463,3,,0,G003,0,0,0,1,0,0,0,0,0,REJECTED,fit_quality_gate,3.55102029065456,4.11908344655221,0.568063155897657,3.55102029065456,1.23800815956167,0,94,94
T,ADD_M2_M3,H50,A,0,ADD_M2_M3,"M=20,20,20,20,|T=0,0,0,0,|B=2,15,1,50;3,15,1,50;",0,1,0,105500022,205500022,0.991193930532275,1.02223701903892,3,,0,G003,0,0,0,1,0,0,0,0,0,REJECTED,fit_quality_gate,3.41394711283279,4.11511571220757,0.70116859937478,3.41394711283279,1.23800815956167,0,113,113
T,ADD_M2_M3,H50,A,0,ADD_M2_M3,"M=20,20,20,20,|T=0,0,0,0,|B=2,15,1,50;3,15,1,50;",0,1,0,105500023,205500023,0.997748326294087,1.07962917676454,3,,0,G003,0,0,0,1,0,0,0,0,0,REJECTED,fit_quality_gate,3.41784735460914,4.10445459974639,0.686607245137249,3.41784735460914,1.23800815956167,0,95,95
T,ADD_M2_M3,H50,A,0,ADD_M2_M3,"M=20,20,20,20,|T=0,0,0,0,|B=2,15,1,50;3,15,1,50;",0,1,0,105500024,205500024,1.01913729934741,1.0095763289248,3,,0,G003,0,0,0,1,0,0,0,0,0,REJECTED,fit_quality_gate,3.6227379332127,4.15059689455736,0.527858961344654,3.6227379332127,1.23800815956167,0,93,93
T,ADD_M2_M3,H50,A,0,ADD_M2_M3,"M=20,20,20,20,|T=0,0,0,0,|B=2,15,1,50;3,15,1,50;",0,1,0,105500025,205500025,1.00584078147998,0.914165024082531,3,,0,G003,0,0,0,1,0,0,0,0,0,REJECTED,fit_quality_gate,3.59082785476271,4.20320260929881,0.612374754536106,3.59082785476271,1.23800815956167,0,90,90
T,ADD_M2_M3,H50,A,0,ADD_M2_M3,"M=20,20,20,20,|T=0,0,0,0,|B=2,15,1,50;3,15,1,50;",0,1,0,105500026,205500026,0.986600337126229,1.17745831214516,3,,0,G003,0,0,0,1,0,0,0,0,0,REJECTED,fit_quality_gate,3.36874083227477,3.90658844221618,0.537847609941412,3.36874083227477,1.23800815956167,0,112,112
T,ADD_M2_M3,H50,A,0,ADD_M2_M3,"M=20,20,20,20,|T=0,0,0,0,|B=2,15,1,50;3,15,1,50;",0,1,0,105500027,205500027,1.01677938743988,0.993735867690184,3,,0,G003,0,0,0,1,0,0,0,0,0,REJECTED,fit_quality_gate,3.43015546744546,4.09243815034312,0.662282682897658,3.43015546744546,1.23800815956167,0,95,95
T,ADD_M2_M3,H50,A,0,ADD_M2_M3,"M=20,20,20,20,|T=0,0,0,0,|B=2,15,1,50;3,15,1,50;",0,1,0,105500028,205500028,1.01990535896643,0.846645646863775,3,,0,G003,0,0,0,1,0,0,0,0,0,REJECTED,fit_quality_gate,3.56481906906449,4.16403393385517,0.599214864790679,3.56481906906449,1.23800815956167,0,96,96
T,ADD_M2_M3,H50,A,0,ADD_M2_M3,"M=20,20,20,20,|T=0,0,0,0,|B=2,15,1,50;3,15,1,50;",0,1,0,105500029,205500029,0.980326729464371,1.05301484663364,3,,0,G003,0,0,0,1,0,0,0,0,0,REJECTED,fit_quality_gate,3.56623959575303,4.13157739954762,0.565337803794593,3.56623959575303,1.23800815956167,0,93,93
T,ADD_M2_M3,H50,A,0,ADD_M2_M3,"M=20,20,20,20,|T=0,0,0,0,|B=2,15,1,50;3,15,1,50;",0,1,0,105500030,205500030,1.01000730880758,0.817907450200047,3,,0,G003,0,0,0,1,0,0,0,0,0,REJECTED,fit_quality_gate,3.49554202206485,4.10613266853338,0.610590646468537,3.49554202206485,1.23800815956167,0,96,96
T,DOUBLE_M3,H50,A,0,DOUBLE_M3,"M=20,20,20,20,|T=0,0,0,0,|B=3,15,1,50;3,15,1,50;",0,1,0,105300001,205300001,0.994142298816724,0.921439987392495,3,,0,G003,0,0,0,1,0,0,0,0,0,REJECTED,fit_quality_gate,2.38654993300786,4.41289011040466,2.0263401773968,2.38654993300786,1.23800815956167,0,126,126
T,DOUBLE_M3,H50,A,0,DOUBLE_M3,"M=20,20,20,20,|T=0,0,0,0,|B=3,15,1,50;3,15,1,50;",0,1,0,105300002,205300002,0.998796239396031,1.17766251543199,3,,0,G003,0,0,0,1,0,0,0,0,0,REJECTED,fit_quality_gate,2.27933452773901,4.31460543053462,2.03527090279561,2.27933452773901,1.23800815956167,0,132,132
T,DOUBLE_M3,H50,A,0,DOUBLE_M3,"M=20,20,20,20,|T=0,0,0,0,|B=3,15,1,50;3,15,1,50;",0,1,0,105300003,205300003,0.980900932432286,1.17259115609537,3,,0,G003,0,0,0,1,0,0,0,0,0,REJECTED,fit_quality_gate,2.32910738789451,4.34966342837553,2.02055604048102,2.32910738789451,1.23800815956167,0,132,132
T,DOUBLE_M3,H50,A,0,DOUBLE_M3,"M=20,20,20,20,|T=0,0,0,0,|B=3,15,1,50;3,15,1,50;",0,1,0,105300004,205300004,0.986250145023289,1.08388630078778,3,,0,G003,0,0,0,1,0,0,0,0,0,REJECTED,fit_quality_gate,2.35252709841677,4.35129526435592,1.99876816593915,2.35252709841677,1.23800815956167,0,130,130
T,DOUBLE_M3,H50,A,0,DOUBLE_M3,"M=20,20,20,20,|T=0,0,0,0,|B=3,15,1,50;3,15,1,50;",0,1,0,105300005,205300005,0.997406476800335,1.15042646746507,3,,0,G003,0,0,0,1,0,0,0,0,0,REJECTED,fit_quality_gate,2.36815103504703,4.42618220478393,2.05803116973689,2.36815103504703,1.23800815956167,0,132,132
T,DOUBLE_M3,H50,A,0,DOUBLE_M3,"M=20,20,20,20,|T=0,0,0,0,|B=3,15,1,50;3,15,1,50;",0,1,0,105300006,205300006,1.01184048687591,1.19196326569785,3,,0,G003,0,0,0,1,0,0,0,0,0,REJECTED,fit_quality_gate,2.39748845568375,4.37906956606315,1.9815811103794,2.39748845568375,1.23800815956167,0,132,132
T,DOUBLE_M3,H50,A,0,DOUBLE_M3,"M=20,20,20,20,|T=0,0,0,0,|B=3,15,1,50;3,15,1,50;",0,1,0,105300007,205300007,1.00681741883585,0.975484006667856,3,,0,G003,0,0,0,1,0,0,0,0,0,REJECTED,fit_quality_gate,2.39326634632658,4.42305202993398,2.0297856836074,2.39326634632658,1.23800815956167,0,132,132
T,DOUBLE_M3,H50,A,0,DOUBLE_M3,"M=20,20,20,20,|T=0,0,0,0,|B=3,15,1,50;3,15,1,50;",0,1,0,105300008,205300008,0.987101324943478,0.841481434096688,3,,0,G003,0,0,0,1,0,0,0,0,0,REJECTED,fit_quality_gate,2.42613334424758,4.32958141005495,1.90344806580737,2.42613334424758,1.23800815956167,0,114,114
T,DOUBLE_M3,H50,A,0,DOUBLE_M3,"M=20,20,20,20,|T=0,0,0,0,|B=3,15,1,50;3,15,1,50;",0,1,0,105300009,205300009,1.01988312374574,0.944391030935515,3,,0,G003,0,0,0,1,0,0,0,0,0,REJECTED,fit_quality_gate,2.35044673588385,4.3890246290645,2.03857789318065,2.35044673588385,1.23800815956167,0,132,132
T,DOUBLE_M3,H50,A,0,DOUBLE_M3,"M=20,20,20,20,|T=0,0,0,0,|B=3,15,1,50;3,15,1,50;",0,1,0,105300010,205300010,1.01439815978853,0.842940154172461,3,,0,G003,0,0,0,1,0,0,0,0,0,REJECTED,fit_quality_gate,2.26329753475828,4.38121263182867,2.11791509707039,2.26329753475828,1.23800815956167,0,113,113
T,DOUBLE_M3,H50,A,0,DOUBLE_M3,"M=20,20,20,20,|T=0,0,0,0,|B=3,15,1,50;3,15,1,50;",0,1,0,105300011,205300011,1.00975815068017,0.984153058763247,3,,0,G003,0,0,0,1,0,0,0,0,0,REJECTED,fit_quality_gate,2.37500556138461,4.26940844395085,1.89440288256624,2.37500556138461,1.23800815956167,0,132,132
T,DOUBLE_M3,H50,A,0,DOUBLE_M3,"M=20,20,20,20,|T=0,0,0,0,|B=3,15,1,50;3,15,1,50;",0,1,0,105300012,205300012,1.01857299706846,1.00561581562816,3,,0,G003,0,0,0,1,0,0,0,0,0,REJECTED,fit_quality_gate,2.47475037578992,4.32107820215622,1.84632782636631,2.47475037578992,1.23800815956167,0,114,114
T,DOUBLE_M3,H50,A,0,DOUBLE_M3,"M=20,20,20,20,|T=0,0,0,0,|B=3,15,1,50;3,15,1,50;",0,1,0,105300013,205300013,1.0001930200299,1.00171200452765,3,,0,G003,0,0,0,1,0,0,0,0,0,REJECTED,fit_quality_gate,2.41012172949513,4.36580193553571,1.95568020604058,2.41012172949513,1.23800815956167,0,138,138
T,DOUBLE_M3,H50,A,0,DOUBLE_M3,"M=20,20,20,20,|T=0,0,0,0,|B=3,15,1,50;3,15,1,50;",0,1,0,105300014,205300014,0.991508595164902,1.02537457240846,3,,0,G003,0,0,0,1,0,0,0,0,0,REJECTED,fit_quality_gate,2.46679797594462,4.37443295208168,1.90763497613706,2.46679797594462,1.23800815956167,0,132,132
T,DOUBLE_M3,H50,A,0,DOUBLE_M3,"M=20,20,20,20,|T=0,0,0,0,|B=3,15,1,50;3,15,1,50;",0,1,0,105300015,205300015,0.992789505976045,0.993071002286362,3,,0,G003,0,0,0,1,0,0,0,0,0,REJECTED,fit_quality_gate,2.48725959870853,4.40482892093657,1.91756932222803,2.48725959870853,1.23800815956167,0,132,132
T,DOUBLE_M3,H50,A,0,DOUBLE_M3,"M=20,20,20,20,|T=0,0,0,0,|B=3,15,1,50;3,15,1,50;",0,1,0,105300016,205300016,0.992308988538501,1.06179795039292,3,,0,G003,0,0,0,1,0,0,0,0,0,REJECTED,fit_quality_gate,2.38488115086572,4.39318138763849,2.00830023677277,2.38488115086572,1.23800815956167,0,132,132
T,DOUBLE_M3,H50,A,0,DOUBLE_M3,"M=20,20,20,20,|T=0,0,0,0,|B=3,15,1,50;3,15,1,50;",0,1,0,105300017,205300017,1.01008396761288,0.955328053147857,3,,0,G003,0,0,0,1,0,0,0,0,0,REJECTED,fit_quality_gate,2.4203868391946,4.34989860634414,1.92951176714954,2.4203868391946,1.23800815956167,0,132,132
T,DOUBLE_M3,H50,A,0,DOUBLE_M3,"M=20,20,20,20,|T=0,0,0,0,|B=3,15,1,50;3,15,1,50;",0,1,0,105300018,205300018,0.999306612768769,1.01803460630591,3,,0,G003,0,0,0,1,0,0,0,0,0,REJECTED,fit_quality_gate,2.37644536626225,4.41781941684276,2.04137405058051,2.37644536626225,1.23800815956167,0,132,132
T,DOUBLE_M3,H50,A,0,DOUBLE_M3,"M=20,20,20,20,|T=0,0,0,0,|B=3,15,1,50;3,15,1,50;",0,1,0,105300019,205300019,0.99675237910883,0.868678010003225,3,,0,G003,0,0,0,1,0,0,0,0,0,REJECTED,fit_quality_gate,2.49385496418533,4.40005786119718,1.90620289701185,2.49385496418533,1.23800815956167,0,114,114
T,DOUBLE_M3,H50,A,0,DOUBLE_M3,"M=20,20,20,20,|T=0,0,0,0,|B=3,15,1,50;3,15,1,50;",0,1,0,105300020,205300020,1.00439689269713,0.966740163316416,3,,0,G003,0,0,0,1,0,0,0,0,0,REJECTED,fit_quality_gate,2.50049840356288,4.3374372695876,1.83693886602472,2.50049840356288,1.23800815956167,0,114,114
T,DOUBLE_M3,H50,A,0,DOUBLE_M3,"M=20,20,20,20,|T=0,0,0,0,|B=3,15,1,50;3,15,1,50;",0,1,0,105300021,205300021,0.995583542347458,0.989034382878287,3,,0,G003,0,0,0,1,0,0,0,0,0,REJECTED,fit_quality_gate,2.33649174641407,4.30546779154741,1.96897604513334,2.33649174641407,1.23800815956167,0,114,114
T,DOUBLE_M3,H50,A,0,DOUBLE_M3,"M=20,20,20,20,|T=0,0,0,0,|B=3,15,1,50;3,15,1,50;",0,1,0,105300022,205300022,0.989955871036622,0.860921744142146,3,,0,G003,0,0,0,1,0,0,0,0,0,REJECTED,fit_quality_gate,2.53254823910967,4.47298232323637,1.9404340841267,2.53254823910967,1.23800815956167,0,114,114
T,DOUBLE_M3,H50,A,0,DOUBLE_M3,"M=20,20,20,20,|T=0,0,0,0,|B=3,15,1,50;3,15,1,50;",0,1,0,105300023,205300023,1.00262092419101,0.844623510600253,3,,0,G003,0,0,0,1,0,0,0,0,0,REJECTED,fit_quality_gate,2.42799224878981,4.44132522434602,2.01333297555621,2.42799224878981,1.23800815956167,0,113,113
T,DOUBLE_M3,H50,A,0,DOUBLE_M3,"M=20,20,20,20,|T=0,0,0,0,|B=3,15,1,50;3,15,1,50;",0,1,0,105300024,205300024,1.011652709286,1.00527979389117,3,,0,G003,0,0,0,1,0,0,0,0,0,REJECTED,fit_quality_gate,2.38658577549384,4.32237719804002,1.93579142254617,2.38658577549384,1.23800815956167,0,132,132
T,DOUBLE_M3,H50,A,0,DOUBLE_M3,"M=20,20,20,20,|T=0,0,0,0,|B=3,15,1,50;3,15,1,50;",0,1,0,105300025,205300025,1.01289368637454,0.953623938704076,3,,0,G003,0,0,0,1,0,0,0,0,0,REJECTED,fit_quality_gate,2.39715132994681,4.35445499704917,1.95730366710236,2.39715132994681,1.23800815956167,0,132,132
T,DOUBLE_M3,H50,A,0,DOUBLE_M3,"M=20,20,20,20,|T=0,0,0,0,|B=3,15,1,50;3,15,1,50;",0,1,0,105300026,205300026,0.997145343191563,0.922067252421,3,,0,G003,0,0,0,1,0,0,0,0,0,REJECTED,fit_quality_gate,2.39018729820347,4.31914803026806,1.92896073206459,2.39018729820347,1.23800815956167,0,114,114
T,DOUBLE_M3,H50,A,0,DOUBLE_M3,"M=20,20,20,20,|T=0,0,0,0,|B=3,15,1,50;3,15,1,50;",0,1,0,105300027,205300027,0.990037514814725,1.05925329361712,3,,0,G003,0,0,0,1,0,0,0,0,0,REJECTED,fit_quality_gate,2.3879164985371,4.42203146170625,2.03411496316916,2.3879164985371,1.23800815956167,0,130,130
T,DOUBLE_M3,H50,A,0,DOUBLE_M3,"M=20,20,20,20,|T=0,0,0,0,|B=3,15,1,50;3,15,1,50;",0,1,0,105300028,205300028,0.982632048310026,1.18338396593598,3,,0,G003,0,0,0,1,0,0,0,0,0,REJECTED,fit_quality_gate,2.39427463026679,4.33257570223149,1.93830107196469,2.39427463026679,1.23800815956167,0,132,132
T,DOUBLE_M3,H50,A,0,DOUBLE_M3,"M=20,20,20,20,|T=0,0,0,0,|B=3,15,1,50;3,15,1,50;",0,1,0,105300029,205300029,1.00074449886914,1.05059598443586,3,,0,G003,0,0,0,1,0,0,0,0,0,REJECTED,fit_quality_gate,2.44150283082781,4.32052394863369,1.87902111780588,2.44150283082781,1.23800815956167,0,132,132
T,DOUBLE_M3,H50,A,0,DOUBLE_M3,"M=20,20,20,20,|T=0,0,0,0,|B=3,15,1,50;3,15,1,50;",0,1,0,105300030,205300030,1.01176005754663,1.15819831314047,3,,0,G003,0,0,0,1,0,0,0,0,0,REJECTED,fit_quality_gate,2.38454995568339,4.4534220669818,2.06887211129841,2.38454995568339,1.23800815956167,0,132,132
T_domain,G002_domain_out,H50,A,0,G002,"M=20,20,20,20,|T=0,0,0,0,|B=2,15,1,50;",1,0,1,155400001,255400001,1.15,1.12884131547676,3,,0,G002,1,1,0,0,0,0,0,0,0,REJECTED,fit_quality_gate,10.2189325625561,10.2248689483946,0.00593638583843692,10.2189325625561,1.23800815956167,0,216,216
T_domain,G002_domain_out,H50,A,0,G002,"M=20,20,20,20,|T=0,0,0,0,|B=2,15,1,50;",1,0,1,155400002,255400002,1.15,1.02561173018079,3,,0,G002,1,1,0,0,0,0,0,0,0,REJECTED,fit_quality_gate,10.3110317861208,10.3353783976975,0.0243466115767408,10.3110317861208,1.23800815956167,0,216,216
T_domain,G002_domain_out,H50,A,0,G002,"M=20,20,20,20,|T=0,0,0,0,|B=2,15,1,50;",1,0,1,155400003,255400003,1.15,1.15402003894716,3,,0,G003,2,1,0,0,0,0,0,0,0,REJECTED,fit_quality_gate,10.202967924952,10.2345487708898,0.0315808459377784,10.202967924952,1.23800815956167,0,216,216
T_domain,G002_domain_out,H50,A,0,G002,"M=20,20,20,20,|T=0,0,0,0,|B=2,15,1,50;",1,0,1,155400004,255400004,1.15,1.03619650120576,3,,0,G002,1,1,0,0,0,0,0,0,0,REJECTED,fit_quality_gate,10.3097717652006,10.3179250296906,0.00815326448991449,10.3097717652006,1.23800815956167,0,216,216
T_domain,G002_domain_out,H50,A,0,G002,"M=20,20,20,20,|T=0,0,0,0,|B=2,15,1,50;",1,0,1,155400005,255400005,1.15,0.973530142577809,3,,0,G003,2,1,0,0,0,0,0,0,0,REJECTED,fit_quality_gate,10.301720244428,10.3129749263945,0.0112546819664132,10.301720244428,1.23800815956167,0,216,216
T_domain,G002_domain_out,H50,A,0,G002,"M=20,20,20,20,|T=0,0,0,0,|B=2,15,1,50;",1,0,1,155400006,255400006,1.15,0.876277797983159,3,,0,G002,1,1,0,0,0,0,0,0,0,REJECTED,fit_quality_gate,10.308624778993,10.377466777749,0.0688419987559854,10.308624778993,1.23800815956167,0,216,216
T_domain,G002_domain_out,H50,A,0,G002,"M=20,20,20,20,|T=0,0,0,0,|B=2,15,1,50;",1,0,1,155400007,255400007,1.15,1.11098324243282,3,,0,G002,1,1,0,0,0,0,0,0,0,REJECTED,fit_quality_gate,10.2001838452015,10.2311723434331,0.0309884982316664,10.2001838452015,1.23800815956167,0,216,216
T_domain,G002_domain_out,H50,A,0,G002,"M=20,20,20,20,|T=0,0,0,0,|B=2,15,1,50;",1,0,1,155400008,255400008,1.15,0.902479587302444,3,,0,G002,1,1,0,0,0,0,0,0,0,REJECTED,fit_quality_gate,10.248214025973,10.2648417490709,0.0166277230978658,10.248214025973,1.23800815956167,0,216,216
T_domain,G002_domain_out,H50,A,0,G002,"M=20,20,20,20,|T=0,0,0,0,|B=2,15,1,50;",1,0,1,155400009,255400009,1.15,0.906681581185242,3,,0,G002,1,1,0,0,0,0,0,0,0,REJECTED,fit_quality_gate,10.2024761114336,10.2084593486252,0.00598323719154514,10.2024761114336,1.23800815956167,0,216,216
T_domain,G002_domain_out,H50,A,0,G002,"M=20,20,20,20,|T=0,0,0,0,|B=2,15,1,50;",1,0,1,155400010,255400010,1.15,0.813228138908581,3,,0,G002,1,1,0,0,0,0,0,0,0,REJECTED,fit_quality_gate,10.2582861971027,10.2885493701514,0.0302631730486898,10.2582861971027,1.23800815956167,0,216,216
T_domain,G002_domain_out,H50,A,0,G002,"M=20,20,20,20,|T=0,0,0,0,|B=2,15,1,50;",1,0,1,155400011,255400011,1.15,1.15868124334444,3,,0,G002,1,1,0,0,0,0,0,0,0,REJECTED,fit_quality_gate,10.2763045933167,10.3000669464438,0.0237623531271378,10.2763045933167,1.23800815956167,0,216,216
T_domain,G002_domain_out,H50,A,0,G002,"M=20,20,20,20,|T=0,0,0,0,|B=2,15,1,50;",1,0,1,155400012,255400012,1.15,1.07727751484691,3,,0,G003,2,1,0,0,0,0,0,0,0,REJECTED,fit_quality_gate,10.3233591946351,10.3314154748089,0.00805628017384841,10.3233591946351,1.23800815956167,0,216,216
T_domain,G002_domain_out,H50,A,0,G002,"M=20,20,20,20,|T=0,0,0,0,|B=2,15,1,50;",1,0,1,155400013,255400013,1.15,1.09492538029689,3,,0,G002,1,1,0,0,0,0,0,0,0,REJECTED,fit_quality_gate,10.2191476997954,10.2283195416795,0.0091718418841058,10.2191476997954,1.23800815956167,0,216,216
T_domain,G002_domain_out,H50,A,0,G002,"M=20,20,20,20,|T=0,0,0,0,|B=2,15,1,50;",1,0,1,155400014,255400014,1.15,0.864042626340992,3,,0,G002,1,1,0,0,0,0,0,0,0,REJECTED,fit_quality_gate,10.2567779991528,10.3096317954575,0.0528537963046212,10.2567779991528,1.23800815956167,0,216,216
T_domain,G002_domain_out,H50,A,0,G002,"M=20,20,20,20,|T=0,0,0,0,|B=2,15,1,50;",1,0,1,155400015,255400015,1.15,0.907144302068726,3,,0,G003,2,1,0,0,0,0,0,0,0,REJECTED,fit_quality_gate,10.3604871166345,10.3702965466595,0.00980943002497447,10.3604871166345,1.23800815956167,0,216,216
T_domain,G002_domain_out,H50,A,0,G002,"M=20,20,20,20,|T=0,0,0,0,|B=2,15,1,50;",1,0,1,155400016,255400016,1.15,1.02315740450297,3,,0,G002,1,1,0,0,0,0,0,0,0,REJECTED,fit_quality_gate,10.3269694949713,10.3407501907435,0.0137806957721658,10.3269694949713,1.23800815956167,0,216,216
T_domain,G002_domain_out,H50,A,0,G002,"M=20,20,20,20,|T=0,0,0,0,|B=2,15,1,50;",1,0,1,155400017,255400017,1.15,0.94983870775824,3,,0,G002,1,1,0,0,0,0,0,0,0,REJECTED,fit_quality_gate,10.3577139318344,10.3664895819011,0.00877565006664227,10.3577139318344,1.23800815956167,0,216,216
T_domain,G002_domain_out,H50,A,0,G002,"M=20,20,20,20,|T=0,0,0,0,|B=2,15,1,50;",1,0,1,155400018,255400018,1.15,0.851098094842341,3,,0,G002,1,1,0,0,0,0,0,0,0,REJECTED,fit_quality_gate,10.3603695092313,10.3855160109185,0.0251465016871855,10.3603695092313,1.23800815956167,0,216,216
T_domain,G002_domain_out,H50,A,0,G002,"M=20,20,20,20,|T=0,0,0,0,|B=2,15,1,50;",1,0,1,155400019,255400019,1.15,1.15081996727221,3,,0,G002,1,1,0,0,0,0,0,0,0,REJECTED,fit_quality_gate,10.2794188745363,10.3045704066053,0.0251515320690014,10.2794188745363,1.23800815956167,0,216,216
T_domain,G002_domain_out,H50,A,0,G002,"M=20,20,20,20,|T=0,0,0,0,|B=2,15,1,50;",1,0,1,155400020,255400020,1.15,0.989443461334601,3,,0,G002,1,1,0,0,0,0,0,0,0,REJECTED,fit_quality_gate,10.2544500991522,10.3024057667529,0.047955667600716,10.2544500991522,1.23800815956167,0,216,216
T_domain,G002_domain_out,H50,A,0,G002,"M=20,20,20,20,|T=0,0,0,0,|B=2,15,1,50;",1,0,1,155400021,255400021,1.15,1.02739880808362,3,,0,G002,1,1,0,0,0,0,0,0,0,REJECTED,fit_quality_gate,10.2437749493479,10.2877502008863,0.0439752515384324,10.2437749493479,1.23800815956167,0,216,216
T_domain,G002_domain_out,H50,A,0,G002,"M=20,20,20,20,|T=0,0,0,0,|B=2,15,1,50;",1,0,1,155400022,255400022,1.15,1.1718040202307,3,,0,G003,2,1,0,0,0,0,0,0,0,REJECTED,fit_quality_gate,10.2490981453996,10.2506614378163,0.00156329241670505,10.2490981453996,1.23800815956167,0,216,216
T_domain,G002_domain_out,H50,A,0,G002,"M=20,20,20,20,|T=0,0,0,0,|B=2,15,1,50;",1,0,1,155400023,255400023,1.15,1.09753062294878,3,,0,G003,2,1,0,0,0,0,0,0,0,REJECTED,fit_quality_gate,10.2832475691888,10.299951624794,0.0167040556051568,10.2832475691888,1.23800815956167,0,216,216
T_domain,G002_domain_out,H50,A,0,G002,"M=20,20,20,20,|T=0,0,0,0,|B=2,15,1,50;",1,0,1,155400024,255400024,1.15,0.973668123151594,3,,0,G002,1,1,0,0,0,0,0,0,0,REJECTED,fit_quality_gate,10.3473614550721,10.3623537004046,0.0149922453325004,10.3473614550721,1.23800815956167,0,216,216
T_domain,G002_domain_out,H50,A,0,G002,"M=20,20,20,20,|T=0,0,0,0,|B=2,15,1,50;",1,0,1,155400025,255400025,1.15,0.818006038911299,3,,0,G003,2,1,0,0,0,0,0,0,0,REJECTED,fit_quality_gate,10.5004043369337,10.5043892165198,0.0039848795860884,10.5004043369337,1.23800815956167,0,216,216
T_domain,G002_domain_out,H50,A,0,G002,"M=20,20,20,20,|T=0,0,0,0,|B=2,15,1,50;",1,0,1,155400026,255400026,1.15,0.915465215153018,3,,0,G002,1,1,0,0,0,0,0,0,0,REJECTED,fit_quality_gate,10.2782587021891,10.2951503872113,0.0168916850221219,10.2782587021891,1.23800815956167,0,216,216
T_domain,G002_domain_out,H50,A,0,G002,"M=20,20,20,20,|T=0,0,0,0,|B=2,15,1,50;",1,0,1,155400027,255400027,1.15,0.83151918482161,3,,0,G002,1,1,0,0,0,0,0,0,0,REJECTED,fit_quality_gate,10.2885329727071,10.3246864705861,0.0361534978790079,10.2885329727071,1.23800815956167,0,216,216
T_domain,G002_domain_out,H50,A,0,G002,"M=20,20,20,20,|T=0,0,0,0,|B=2,15,1,50;",1,0,1,155400028,255400028,1.15,0.953556577815418,3,,0,G003,2,1,0,0,0,0,0,0,0,REJECTED,fit_quality_gate,10.3361603736076,10.3553886500891,0.0192282764814955,10.3361603736076,1.23800815956167,0,216,216
T_domain,G002_domain_out,H50,A,0,G002,"M=20,20,20,20,|T=0,0,0,0,|B=2,15,1,50;",1,0,1,155400029,255400029,1.15,0.853410596465822,3,,0,G002,1,1,0,0,0,0,0,0,0,REJECTED,fit_quality_gate,10.3942369428089,10.4420752783375,0.0478383355286116,10.3942369428089,1.23800815956167,0,216,216
T_domain,G002_domain_out,H50,A,0,G002,"M=20,20,20,20,|T=0,0,0,0,|B=2,15,1,50;",1,0,1,155400030,255400030,1.15,1.15486552853543,3,,0,G002,1,1,0,0,0,0,0,0,0,REJECTED,fit_quality_gate,10.2709760263119,10.2725220720897,0.00154604577778628,10.2709760263119,1.23800815956167,0,216,216
T_domain,G003_domain_out,H50,A,0,G003,"M=20,20,20,20,|T=0,0,0,0,|B=1,15,1,50;",1,0,1,155700001,255700001,1.15,0.803414251299255,3,,0,G003,1,1,0,0,0,0,0,0,0,REJECTED,fit_quality_gate,10.0045023774707,10.1902234975983,0.185721120127642,10.0045023774707,1.23800815956167,0,216,216
T_domain,G003_domain_out,H50,A,0,G003,"M=20,20,20,20,|T=0,0,0,0,|B=1,15,1,50;",1,0,1,155700002,255700002,1.15,1.1738337439768,3,,0,G003,1,1,0,0,0,0,0,0,0,REJECTED,fit_quality_gate,10.006135377267,10.1398859246501,0.13375054738308,10.006135377267,1.23800815956167,0,216,216
T_domain,G003_domain_out,H50,A,0,G003,"M=20,20,20,20,|T=0,0,0,0,|B=1,15,1,50;",1,0,1,155700003,255700003,1.15,0.98271378037106,3,,0,G003,1,1,0,0,0,0,0,0,0,REJECTED,fit_quality_gate,9.93563917328093,10.1095691447893,0.173929971508326,9.93563917328093,1.23800815956167,0,216,216
T_domain,G003_domain_out,H50,A,0,G003,"M=20,20,20,20,|T=0,0,0,0,|B=1,15,1,50;",1,0,1,155700004,255700004,1.15,0.890581035054099,3,,0,G003,1,1,0,0,0,0,0,0,0,REJECTED,fit_quality_gate,10.1808031327927,10.2985094992194,0.117706366426626,10.1808031327927,1.23800815956167,0,216,216
T_domain,G003_domain_out,H50,A,0,G003,"M=20,20,20,20,|T=0,0,0,0,|B=1,15,1,50;",1,0,1,155700005,255700005,1.15,1.10057337735844,3,,0,G003,1,1,0,0,0,0,0,0,0,REJECTED,fit_quality_gate,9.94262767998069,10.1335463011806,0.190918621199959,9.94262767998069,1.23800815956167,0,216,216
T_domain,G003_domain_out,H50,A,0,G003,"M=20,20,20,20,|T=0,0,0,0,|B=1,15,1,50;",1,0,1,155700006,255700006,1.15,1.02997813740481,3,,0,G003,1,1,0,0,0,0,0,0,0,REJECTED,fit_quality_gate,10.0762978253871,10.2546010129428,0.178303187555757,10.0762978253871,1.23800815956167,0,216,216
T_domain,G003_domain_out,H50,A,0,G003,"M=20,20,20,20,|T=0,0,0,0,|B=1,15,1,50;",1,0,1,155700007,255700007,1.15,1.06513288713846,3,,0,G003,1,1,0,0,0,0,0,0,0,REJECTED,fit_quality_gate,9.94819519420585,10.1443675853768,0.196172391170945,9.94819519420585,1.23800815956167,0,216,216
T_domain,G003_domain_out,H50,A,0,G003,"M=20,20,20,20,|T=0,0,0,0,|B=1,15,1,50;",1,0,1,155700008,255700008,1.15,0.814861219223601,3,,0,G003,1,1,0,0,0,0,0,0,0,REJECTED,fit_quality_gate,10.0998368711459,10.2446321130052,0.144795241859303,10.0998368711459,1.23800815956167,0,216,216
T_domain,G003_domain_out,H50,A,0,G003,"M=20,20,20,20,|T=0,0,0,0,|B=1,15,1,50;",1,0,1,155700009,255700009,1.15,0.910016524439535,3,,0,G003,1,1,0,0,0,0,0,0,0,REJECTED,fit_quality_gate,9.95336456986738,10.1451505802257,0.191786010358344,9.95336456986738,1.23800815956167,0,216,216
T_domain,G003_domain_out,H50,A,0,G003,"M=20,20,20,20,|T=0,0,0,0,|B=1,15,1,50;",1,0,1,155700010,255700010,1.15,0.885448766857814,3,,0,G003,1,1,0,0,0,0,0,0,0,REJECTED,fit_quality_gate,10.1382484530855,10.2955226181212,0.157274165035773,10.1382484530855,1.23800815956167,0,216,216
T_domain,G003_domain_out,H50,A,0,G003,"M=20,20,20,20,|T=0,0,0,0,|B=1,15,1,50;",1,0,1,155700011,255700011,1.15,1.09820380843836,3,,0,G003,1,1,0,0,0,0,0,0,0,REJECTED,fit_quality_gate,9.84021709771028,9.99671607851843,0.15649898080815,9.84021709771028,1.23800815956167,0,216,216
T_domain,G003_domain_out,H50,A,0,G003,"M=20,20,20,20,|T=0,0,0,0,|B=1,15,1,50;",1,0,1,155700012,255700012,1.15,0.830086146905027,3,,0,G003,1,1,0,0,0,0,0,0,0,REJECTED,fit_quality_gate,9.91313142695316,10.115149238991,0.202017812037795,9.91313142695316,1.23800815956167,0,216,216
T_domain,G003_domain_out,H50,A,0,G003,"M=20,20,20,20,|T=0,0,0,0,|B=1,15,1,50;",1,0,1,155700013,255700013,1.15,1.08982461475165,3,,0,G003,1,1,0,0,0,0,0,0,0,REJECTED,fit_quality_gate,10.0677885568277,10.2069077953263,0.139119238498543,10.0677885568277,1.23800815956167,0,216,216
T_domain,G003_domain_out,H50,A,0,G003,"M=20,20,20,20,|T=0,0,0,0,|B=1,15,1,50;",1,0,1,155700014,255700014,1.15,0.831971294263125,3,,0,G003,1,1,0,0,0,0,0,0,0,REJECTED,fit_quality_gate,10.1437611998752,10.3578910235066,0.214129823631414,10.1437611998752,1.23800815956167,0,216,216
T_domain,G003_domain_out,H50,A,0,G003,"M=20,20,20,20,|T=0,0,0,0,|B=1,15,1,50;",1,0,1,155700015,255700015,1.15,1.08632663323301,3,,0,G003,1,1,0,0,0,0,0,0,0,REJECTED,fit_quality_gate,9.93970656167787,10.1296667202815,0.189960158603622,9.93970656167787,1.23800815956167,0,216,216
T_domain,G003_domain_out,H50,A,0,G003,"M=20,20,20,20,|T=0,0,0,0,|B=1,15,1,50;",1,0,1,155700016,255700016,1.15,1.01553666066643,3,,0,G003,1,1,0,0,0,0,0,0,0,REJECTED,fit_quality_gate,10.0309997486611,10.1879010351703,0.156901286509216,10.0309997486611,1.23800815956167,0,216,216
T_domain,G003_domain_out,H50,A,0,G003,"M=20,20,20,20,|T=0,0,0,0,|B=1,15,1,50;",1,0,1,155700017,255700017,1.15,0.861685837907096,3,,0,G003,1,1,0,0,0,0,0,0,0,REJECTED,fit_quality_gate,10.113073721682,10.2933417395428,0.180268017860723,10.113073721682,1.23800815956167,0,216,216
T_domain,G003_domain_out,H50,A,0,G003,"M=20,20,20,20,|T=0,0,0,0,|B=1,15,1,50;",1,0,1,155700018,255700018,1.15,0.995422654058848,3,,0,G003,1,1,0,0,0,0,0,0,0,REJECTED,fit_quality_gate,10.0049974855611,10.1764678307164,0.171470345155353,10.0049974855611,1.23800815956167,0,216,216
T_domain,G003_domain_out,H50,A,0,G003,"M=20,20,20,20,|T=0,0,0,0,|B=1,15,1,50;",1,0,1,155700019,255700019,1.15,1.17541816938956,3,,0,G003,1,1,0,0,0,0,0,0,0,REJECTED,fit_quality_gate,9.98142629131701,10.133899266283,0.152472974965963,9.98142629131701,1.23800815956167,0,216,216
T_domain,G003_domain_out,H50,A,0,G003,"M=20,20,20,20,|T=0,0,0,0,|B=1,15,1,50;",1,0,1,155700020,255700020,1.15,1.096514600385,3,,0,G003,1,1,0,0,0,0,0,0,0,REJECTED,fit_quality_gate,9.98327911498277,10.1200493553057,0.136770240322917,9.98327911498277,1.23800815956167,0,216,216
T_domain,G003_domain_out,H50,A,0,G003,"M=20,20,20,20,|T=0,0,0,0,|B=1,15,1,50;",1,0,1,155700021,255700021,1.15,1.19440293255101,3,,0,G003,1,1,0,0,0,0,0,0,0,REJECTED,fit_quality_gate,9.95827903053416,10.1144195845138,0.156140553979645,9.95827903053416,1.23800815956167,0,216,216
T_domain,G003_domain_out,H50,A,0,G003,"M=20,20,20,20,|T=0,0,0,0,|B=1,15,1,50;",1,0,1,155700022,255700022,1.15,0.946773949123953,3,,0,G003,1,1,0,0,0,0,0,0,0,REJECTED,fit_quality_gate,10.113808780653,10.2663229978113,0.152514217158316,10.113808780653,1.23800815956167,0,216,216
T_domain,G003_domain_out,H50,A,0,G003,"M=20,20,20,20,|T=0,0,0,0,|B=1,15,1,50;",1,0,1,155700023,255700023,1.15,0.994875862394334,3,,0,G003,1,1,0,0,0,0,0,0,0,REJECTED,fit_quality_gate,10.0543968652557,10.2479929573212,0.19359609206546,10.0543968652557,1.23800815956167,0,216,216
T_domain,G003_domain_out,H50,A,0,G003,"M=20,20,20,20,|T=0,0,0,0,|B=1,15,1,50;",1,0,1,155700024,255700024,1.15,1.1425667223909,3,,0,G003,1,1,0,0,0,0,0,0,0,REJECTED,fit_quality_gate,9.93860232235614,10.1584377294322,0.219835407076074,9.93860232235614,1.23800815956167,0,216,216
T_domain,G003_domain_out,H50,A,0,G003,"M=20,20,20,20,|T=0,0,0,0,|B=1,15,1,50;",1,0,1,155700025,255700025,1.15,1.07694504923692,3,,0,G003,1,1,0,0,0,0,0,0,0,REJECTED,fit_quality_gate,9.94762918966972,10.0808367063922,0.133207516722489,9.94762918966972,1.23800815956167,0,216,216
T_domain,G003_domain_out,H50,A,0,G003,"M=20,20,20,20,|T=0,0,0,0,|B=1,15,1,50;",1,0,1,155700026,255700026,1.15,0.890456542825971,3,,0,G003,1,1,0,0,0,0,0,0,0,REJECTED,fit_quality_gate,9.93328432373944,10.0873602174649,0.154075893725476,9.93328432373944,1.23800815956167,0,216,216
T_domain,G003_domain_out,H50,A,0,G003,"M=20,20,20,20,|T=0,0,0,0,|B=1,15,1,50;",1,0,1,155700027,255700027,1.15,1.09225609790046,3,,0,G003,1,1,0,0,0,0,0,0,0,REJECTED,fit_quality_gate,9.92304762615231,10.0718799176165,0.14883229146419,9.92304762615231,1.23800815956167,0,216,216
T_domain,G003_domain_out,H50,A,0,G003,"M=20,20,20,20,|T=0,0,0,0,|B=1,15,1,50;",1,0,1,155700028,255700028,1.15,1.16723555058399,3,,0,G003,1,1,0,0,0,0,0,0,0,REJECTED,fit_quality_gate,10.0021037716395,10.1671595290241,0.165055757384518,10.0021037716395,1.23800815956167,0,216,216
T_domain,G003_domain_out,H50,A,0,G003,"M=20,20,20,20,|T=0,0,0,0,|B=1,15,1,50;",1,0,1,155700029,255700029,1.15,1.17824576170807,3,,0,G003,1,1,0,0,0,0,0,0,0,REJECTED,fit_quality_gate,10.0485536078878,10.2580900510074,0.209536443119539,10.0485536078878,1.23800815956167,0,216,216
T_domain,G003_domain_out,H50,A,0,G003,"M=20,20,20,20,|T=0,0,0,0,|B=1,15,1,50;",1,0,1,155700030,255700030,1.15,1.154217231431,3,,0,G003,1,1,0,0,0,0,0,0,0,REJECTED,fit_quality_gate,9.90753268495331,10.1594154570337,0.251882772080402,9.90753268495331,1.23800815956167,0,216,216
T,G001,H50,B,0,G001,"M=20,20,20,20,|T=0,0,0,0,|B=none",1,0,0,105100001,205100001,1.01130078768643,0.962930318236969,3,G001,1,G001,1,1,0,0,1,1,0,0,0,UNIQUE_CONFIDENT,single_candidate_with_margin,1.09081557432454,5.76086464330529,4.67004906898075,1.16442488228656,1.31440311952039,0,132,133
T,G001,H50,B,0,G001,"M=20,20,20,20,|T=0,0,0,0,|B=none",1,0,0,105100002,205100002,1.00117762201509,1.08950290181416,3,G001,1,G001,1,1,0,0,1,1,0,0,0,UNIQUE_CONFIDENT,single_candidate_with_margin,1.30996952602393,5.86346019794171,4.55349067191778,1.21302586025823,1.31440311952039,0,132,133
T,G001,H50,B,0,G001,"M=20,20,20,20,|T=0,0,0,0,|B=none",1,0,0,105100003,205100003,0.984759506045676,1.02720540607408,3,G001,1,G001,1,1,0,0,1,1,0,0,0,UNIQUE_CONFIDENT,single_candidate_with_margin,1.13255195903767,6.02019985193761,4.88764789289995,1.17980091654412,1.31440311952039,0,132,133
T,G001,H50,B,0,G001,"M=20,20,20,20,|T=0,0,0,0,|B=none",1,0,0,105100004,205100004,1.00803530852974,0.96759907991996,3,G001,1,G001,1,1,0,0,1,1,0,0,0,UNIQUE_CONFIDENT,single_candidate_with_margin,1.20812788526723,5.88192801189947,4.67380012663225,1.22488232219293,1.31440311952039,0,132,133
T,G001,H50,B,0,G001,"M=20,20,20,20,|T=0,0,0,0,|B=none",1,0,0,105100005,205100005,1.01190161902295,1.1020435043837,3,G001,1,G001,1,1,0,0,1,1,0,0,0,UNIQUE_CONFIDENT,single_candidate_with_margin,1.33290039600183,6.03423816818486,4.70133777218303,1.22297060464678,1.31440311952039,0,132,133
T,G001,H50,B,0,G001,"M=20,20,20,20,|T=0,0,0,0,|B=none",1,0,0,105100006,205100006,0.983890126328253,0.979102549791537,3,G001,1,G001,1,1,0,0,1,1,0,0,0,UNIQUE_CONFIDENT,single_candidate_with_margin,1.16241350523995,5.79821368127541,4.63580017603546,1.05523095218786,1.31440311952039,0,134,135
T,G001,H50,B,0,G001,"M=20,20,20,20,|T=0,0,0,0,|B=none",1,0,0,105100007,205100007,1.00158288339419,0.948033944101689,3,G001,1,G001,1,1,0,0,1,1,0,0,0,UNIQUE_CONFIDENT,single_candidate_with_margin,1.30072248261667,5.82132720798391,4.52060472536723,1.20733220242993,1.31440311952039,0,132,133
T,G001,H50,B,0,G001,"M=20,20,20,20,|T=0,0,0,0,|B=none",1,0,0,105100008,205100008,1.00240845332167,1.15619675294995,3,G001,1,G001,1,1,0,0,1,1,0,0,0,UNIQUE_CONFIDENT,single_candidate_with_margin,1.16493751611751,5.91011173529536,4.74517421917785,1.19383548909297,1.31440311952039,0,132,133
T,G001,H50,B,0,G001,"M=20,20,20,20,|T=0,0,0,0,|B=none",1,0,0,105100009,205100009,1.01902534910768,1.03155070260722,3,G001,1,G001,1,1,0,0,1,1,0,0,0,UNIQUE_CONFIDENT,single_candidate_with_margin,1.16814804141644,5.87186891821562,4.70372087679919,1.08307712580679,1.31440311952039,0,128,129
T,G001,H50,B,0,G001,"M=20,20,20,20,|T=0,0,0,0,|B=none",1,0,0,105100010,205100010,1.00856441692474,1.06628751396675,3,G001,1,G001,1,1,0,0,1,1,0,0,0,UNIQUE_CONFIDENT,single_candidate_with_margin,1.06724938979866,5.7735235320956,4.70627414229694,1.23634782552137,1.31440311952039,0,132,133
T,G001,H50,B,0,G001,"M=20,20,20,20,|T=0,0,0,0,|B=none",1,0,0,105100011,205100011,1.00361488391806,1.10103704277869,3,G001,1,G001,1,1,0,0,1,1,0,0,0,UNIQUE_CONFIDENT,single_candidate_with_margin,1.14522311664564,5.9456934148888,4.80047029824316,1.02176224642872,1.31440311952039,0,132,133
T,G001,H50,B,0,G001,"M=20,20,20,20,|T=0,0,0,0,|B=none",1,0,0,105100012,205100012,0.982332114449622,0.887345015119814,3,G001,1,G001,1,1,0,0,1,1,0,0,0,UNIQUE_CONFIDENT,single_candidate_with_margin,1.28269524750531,6.09015219627126,4.80745694876595,1.1630980944661,1.31440311952039,0,132,133
T,G001,H50,B,0,G001,"M=20,20,20,20,|T=0,0,0,0,|B=none",1,0,0,105100013,205100013,0.996751095164615,1.06794298205733,3,G001,1,G001,1,1,0,0,1,1,0,0,0,UNIQUE_CONFIDENT,single_candidate_with_margin,1.36462634232494,5.9723850143868,4.60775867206186,1.26063761850313,1.31440311952039,0,134,135
T,G001,H50,B,0,G001,"M=20,20,20,20,|T=0,0,0,0,|B=none",1,0,0,105100014,205100014,1.00875995810927,0.827011225085129,3,G001,1,G001,1,1,0,0,1,1,0,0,0,UNIQUE_CONFIDENT,single_candidate_with_margin,1.26492122370307,6.16814918457146,4.90322796086839,1.00180674128934,1.31440311952039,0,132,133
T,G001,H50,B,0,G001,"M=20,20,20,20,|T=0,0,0,0,|B=none",1,0,0,105100015,205100015,0.998978533151966,0.907801835059263,3,G001,1,G001,1,1,0,0,1,1,0,0,0,UNIQUE_CONFIDENT,single_candidate_with_margin,1.1212608746259,6.02939631880768,4.90813544418178,0.950202550261842,1.31440311952039,0,130,131
T,G001,H50,B,0,G001,"M=20,20,20,20,|T=0,0,0,0,|B=none",1,0,0,105100016,205100016,0.987802879474631,1.05686937250375,3,G001,1,G001,1,1,0,0,1,1,0,0,0,UNIQUE_CONFIDENT,single_candidate_with_margin,1.11094093148542,5.87488937851781,4.76394844703239,1.22435007053913,1.31440311952039,0,132,133
T,G001,H50,B,0,G001,"M=20,20,20,20,|T=0,0,0,0,|B=none",1,0,0,105100017,205100017,1.00049012530766,0.800386235894002,3,G001,1,G001,1,1,0,0,1,1,0,0,0,UNIQUE_CONFIDENT,single_candidate_with_margin,1.10284699247921,6.09279234827109,4.98994535579188,1.15908126574567,1.31440311952039,0,132,133
T,G001,H50,B,0,G001,"M=20,20,20,20,|T=0,0,0,0,|B=none",1,0,0,105100018,205100018,1.0075875657568,0.961939969969704,3,G001,1,G001,1,1,0,0,1,1,0,0,0,UNIQUE_CONFIDENT,single_candidate_with_margin,1.11619806725861,5.91047909554342,4.79428102828481,1.22209959558742,1.31440311952039,0,132,133
T,G001,H50,B,0,G001,"M=20,20,20,20,|T=0,0,0,0,|B=none",1,0,0,105100019,205100019,0.995978574334711,0.914401208354212,3,G001,1,G001,1,1,0,0,1,1,0,0,0,UNIQUE_CONFIDENT,single_candidate_with_margin,1.24132989066255,5.92599450899084,4.68466461832829,1.18524280838491,1.31440311952039,0,132,133
T,G001,H50,B,0,G001,"M=20,20,20,20,|T=0,0,0,0,|B=none",1,0,0,105100020,205100020,0.986970796332181,0.978574723291958,3,G001,1,G001,1,1,0,0,1,1,0,0,0,UNIQUE_CONFIDENT,single_candidate_with_margin,1.28336517415717,5.79846206023477,4.5150968860776,1.30054476749245,1.31440311952039,0,132,133
T,G001,H50,B,0,G001,"M=20,20,20,20,|T=0,0,0,0,|B=none",1,0,0,105100021,205100021,0.981500602308643,0.808179839229982,3,G001,1,G001,1,1,0,0,1,1,0,0,0,UNIQUE_CONFIDENT,single_candidate_with_margin,1.26489331138893,5.91464324397319,4.64974993258426,1.14123450452584,1.31440311952039,0,132,133
T,G001,H50,B,0,G001,"M=20,20,20,20,|T=0,0,0,0,|B=none",1,0,0,105100022,205100022,0.988145889963335,0.876156105426699,3,G001,1,G001,1,1,0,0,1,1,0,0,0,UNIQUE_CONFIDENT,single_candidate_with_margin,1.26652951109605,5.77582205690036,4.5092925458043,0.969834537980153,1.31440311952039,0,132,133
T,G001,H50,B,0,G001,"M=20,20,20,20,|T=0,0,0,0,|B=none",1,0,0,105100023,205100023,0.99111199313114,1.07275300615055,3,G001,1,G001,1,1,0,0,1,1,0,0,0,UNIQUE_CONFIDENT,single_candidate_with_margin,1.05070877603722,5.69198813363938,4.64127935760216,1.05559527469202,1.31440311952039,0,132,133
T,G001,H50,B,0,G001,"M=20,20,20,20,|T=0,0,0,0,|B=none",1,0,0,105100024,205100024,0.996566900580011,1.13244077591968,3,G001,1,G001,1,1,0,0,1,0,0,0,0,REJECTED,fit_quality_gate,1.2934942685476,6.04196074811716,4.74846647956956,1.42673282661987,1.31440311952039,0,132,133
T,G001,H50,B,0,G001,"M=20,20,20,20,|T=0,0,0,0,|B=none",1,0,0,105100025,205100025,0.991812511943381,1.07849600724505,3,G001,1,G001,1,1,0,0,1,0,0,0,0,REJECTED,fit_quality_gate,1.0027486952252,5.8670622555986,4.8643135603734,1.34550185768473,1.31440311952039,0,130,131
T,G001,H50,B,0,G001,"M=20,20,20,20,|T=0,0,0,0,|B=none",1,0,0,105100026,205100026,0.983514496420446,0.948132531736518,3,G001,1,G001,1,1,0,0,1,0,0,0,0,REJECTED,fit_quality_gate,1.23115343573872,6.29175321482256,5.06059977908384,1.31696064328233,1.31440311952039,0,132,133
T,G001,H50,B,0,G001,"M=20,20,20,20,|T=0,0,0,0,|B=none",1,0,0,105100027,205100027,0.981996371120438,1.07600938115109,3,G001,1,G001,1,1,0,0,1,1,0,0,0,UNIQUE_CONFIDENT,single_candidate_with_margin,1.18417216536831,5.88563329978299,4.70146113441469,1.23371353165643,1.31440311952039,0,132,133
T,G001,H50,B,0,G001,"M=20,20,20,20,|T=0,0,0,0,|B=none",1,0,0,105100028,205100028,0.994566891417759,1.13938972787835,3,G001,1,G001,1,1,0,0,1,1,0,0,0,UNIQUE_CONFIDENT,single_candidate_with_margin,1.15153040933625,6.0065717470219,4.85504133768565,1.09433023392338,1.31440311952039,0,132,133
T,G001,H50,B,0,G001,"M=20,20,20,20,|T=0,0,0,0,|B=none",1,0,0,105100029,205100029,1.00096472738658,1.10608018821824,3,G001,1,G001,1,1,0,0,1,1,0,0,0,UNIQUE_CONFIDENT,single_candidate_with_margin,1.07415047679725,5.78672967575451,4.71257919895725,1.20772762052694,1.31440311952039,0,132,133
T,G001,H50,B,0,G001,"M=20,20,20,20,|T=0,0,0,0,|B=none",1,0,0,105100030,205100030,1.00680328455663,1.05992840548899,3,G001,1,G001,1,1,0,0,1,1,0,0,0,UNIQUE_CONFIDENT,single_candidate_with_margin,1.14481093012907,5.94609005879964,4.80127912867057,1.085831361284,1.31440311952039,0,132,133
T,G002,H50,B,0,G002,"M=20,20,20,20,|T=0,0,0,0,|B=2,15,1,50;",1,0,0,105400001,205400001,0.988573068924283,0.811969193859827,3,G002,1,G002,1,1,0,0,1,1,0,0,0,UNIQUE_CONFIDENT,single_candidate_with_margin,0.853223578473877,3.98492730958211,3.13170373110823,0.831936692292621,1.31440311952039,0,95,96
T,G002,H50,B,0,G002,"M=20,20,20,20,|T=0,0,0,0,|B=2,15,1,50;",1,0,0,105400002,205400002,1.00185513348894,1.01692325798831,3,G002,1,G002,1,1,0,0,1,0,0,0,0,LOW_CONFIDENCE,insufficient_unique_margin,1.00414245565261,3.84214226735884,2.83799981170623,0.902612164108298,1.31440311952039,0,95,96
T,G002,H50,B,0,G002,"M=20,20,20,20,|T=0,0,0,0,|B=2,15,1,50;",1,0,0,105400003,205400003,0.991102836397355,1.11795435101863,3,G002,1,G002,1,1,0,0,1,0,0,0,0,LOW_CONFIDENCE,insufficient_unique_margin,1.00605727191837,3.8127791885015,2.80672191658313,0.914318818736312,1.31440311952039,0,114,115
T,G002,H50,B,0,G002,"M=20,20,20,20,|T=0,0,0,0,|B=2,15,1,50;",1,0,0,105400004,205400004,0.991025292960297,1.06299671723079,3,G002,1,G002,1,1,0,0,1,1,0,0,0,UNIQUE_CONFIDENT,single_candidate_with_margin,0.757997852750221,3.77494198929656,3.01694413654634,1.07431198921377,1.31440311952039,0,114,115
T,G002,H50,B,0,G002,"M=20,20,20,20,|T=0,0,0,0,|B=2,15,1,50;",1,0,0,105400005,205400005,1.01749406010602,0.872713441113738,3,G002,1,G002,1,1,0,0,1,0,0,0,0,LOW_CONFIDENCE,insufficient_unique_margin,0.956790501399943,3.73773295104326,2.78094244964332,0.933717296120747,1.31440311952039,0,94,95
T,G002,H50,B,0,G002,"M=20,20,20,20,|T=0,0,0,0,|B=2,15,1,50;",1,0,0,105400006,205400006,1.01359482646635,0.869925550879111,3,G002,1,G002,1,1,0,0,1,1,0,0,0,UNIQUE_CONFIDENT,single_candidate_with_margin,0.890234201711224,4.00591817664422,3.115683974933,0.854276545977442,1.31440311952039,0,96,97
T,G002,H50,B,0,G002,"M=20,20,20,20,|T=0,0,0,0,|B=2,15,1,50;",1,0,0,105400007,205400007,0.988632087415182,0.957880163184862,3,G002,1,G002,1,1,0,0,1,1,0,0,0,UNIQUE_CONFIDENT,single_candidate_with_margin,0.950086670527284,4.16055850643583,3.21047183590855,0.907538850285414,1.31440311952039,0,94,95
T,G002,H50,B,0,G002,"M=20,20,20,20,|T=0,0,0,0,|B=2,15,1,50;",1,0,0,105400008,205400008,1.01316767590818,0.923228467911165,3,G002,1,G002,1,1,0,0,1,1,0,0,0,UNIQUE_CONFIDENT,single_candidate_with_margin,0.84800963395108,3.84973584217182,3.00172620822074,1.08280672952616,1.31440311952039,0,94,95
T,G002,H50,B,0,G002,"M=20,20,20,20,|T=0,0,0,0,|B=2,15,1,50;",1,0,0,105400009,205400009,0.98705273814528,0.888653221930581,3,G002,1,G002,1,1,0,0,1,0,0,0,0,LOW_CONFIDENCE,insufficient_unique_margin,1.06630479225784,4.01264372864238,2.94633893638454,0.977465068624143,1.31440311952039,0,95,96
T,G002,H50,B,0,G002,"M=20,20,20,20,|T=0,0,0,0,|B=2,15,1,50;",1,0,0,105400010,205400010,1.00062044788592,0.994410459662702,3,G002,1,G002,1,1,0,0,1,0,0,0,0,LOW_CONFIDENCE,insufficient_unique_margin,0.99177449194024,3.95510457125335,2.96333007931311,1.07364362660557,1.31440311952039,0,114,115
T,G002,H50,B,0,G002,"M=20,20,20,20,|T=0,0,0,0,|B=2,15,1,50;",1,0,0,105400011,205400011,1.01026910923814,1.15168743750101,3,G002,1,G002,1,1,0,0,1,0,0,0,0,LOW_CONFIDENCE,insufficient_unique_margin,0.88477382835841,3.64605976667743,2.76128593831902,0.853737323642433,1.31440311952039,0,132,133
T,G002,H50,B,0,G002,"M=20,20,20,20,|T=0,0,0,0,|B=2,15,1,50;",1,0,0,105400012,205400012,0.99825812471806,1.11950013278369,3,G002,1,G002,1,1,0,0,1,0,0,0,0,LOW_CONFIDENCE,insufficient_unique_margin,0.880873222200807,3.85527441499945,2.97440119279864,0.778187853862116,1.31440311952039,0,113,114
T,G002,H50,B,0,G002,"M=20,20,20,20,|T=0,0,0,0,|B=2,15,1,50;",1,0,0,105400013,205400013,1.00165737179159,1.12927354372355,3,G002,1,G002,1,1,0,0,1,1,0,0,0,UNIQUE_CONFIDENT,single_candidate_with_margin,0.797391850905231,3.80553501677324,3.00814316586801,0.805053697029838,1.31440311952039,0,114,115
T,G002,H50,B,0,G002,"M=20,20,20,20,|T=0,0,0,0,|B=2,15,1,50;",1,0,0,105400014,205400014,0.990083169170078,1.00353206101926,3,G002,1,G002,1,1,0,0,1,1,0,0,0,UNIQUE_CONFIDENT,single_candidate_with_margin,0.861655413639418,3.96027304299101,3.09861762935159,0.9525442770773,1.31440311952039,0,95,96
T,G002,H50,B,0,G002,"M=20,20,20,20,|T=0,0,0,0,|B=2,15,1,50;",1,0,0,105400015,205400015,1.01635665403406,0.833533712937551,3,G002,1,G002,1,1,0,0,1,1,0,0,0,UNIQUE_CONFIDENT,single_candidate_with_margin,0.862606883562208,3.98487658119994,3.12226969763773,0.765100071309288,1.31440311952039,0,111,112
T,G002,H50,B,0,G002,"M=20,20,20,20,|T=0,0,0,0,|B=2,15,1,50;",1,0,0,105400016,205400016,0.994530949393583,1.05256128117921,3,G002,1,G002,1,1,0,0,1,1,0,0,0,UNIQUE_CONFIDENT,single_candidate_with_margin,0.927512037605325,4.00360499841491,3.07609296080958,1.04591769420859,1.31440311952039,0,113,114
T,G002,H50,B,0,G002,"M=20,20,20,20,|T=0,0,0,0,|B=2,15,1,50;",1,0,0,105400017,205400017,1.01257670675115,0.92731223711962,3,G002,1,G002,1,1,0,0,1,0,0,0,0,LOW_CONFIDENCE,insufficient_unique_margin,0.944449322722812,3.92479855894037,2.98034923621756,0.985034655986288,1.31440311952039,0,113,114
T,G002,H50,B,0,G002,"M=20,20,20,20,|T=0,0,0,0,|B=2,15,1,50;",1,0,0,105400018,205400018,0.999010536264076,0.900253168627296,3,G002,1,G002,1,1,0,0,1,0,0,0,0,LOW_CONFIDENCE,insufficient_unique_margin,0.897108956068924,3.88633709099265,2.98922813492372,0.875177726124348,1.31440311952039,0,113,114
T,G002,H50,B,0,G002,"M=20,20,20,20,|T=0,0,0,0,|B=2,15,1,50;",1,0,0,105400019,205400019,1.00486737189444,0.891703844372564,3,G002,1,G002,1,1,0,0,1,1,0,0,0,UNIQUE_CONFIDENT,single_candidate_with_margin,0.91407335986496,3.92807174535065,3.01399838548569,0.814275936235902,1.31440311952039,0,95,96
T,G002,H50,B,0,G002,"M=20,20,20,20,|T=0,0,0,0,|B=2,15,1,50;",1,0,0,105400020,205400020,0.999926376274403,1.11157479821043,3,G002,1,G002,1,1,0,0,1,1,0,0,0,UNIQUE_CONFIDENT,single_candidate_with_margin,0.909964963469548,3.94369374606103,3.03372878259148,0.876274738501447,1.31440311952039,0,116,117
T,G002,H50,B,0,G002,"M=20,20,20,20,|T=0,0,0,0,|B=2,15,1,50;",1,0,0,105400021,205400021,1.00155510303813,1.16081095140684,3,G002,1,G002,1,1,0,0,1,0,0,0,0,LOW_CONFIDENCE,insufficient_unique_margin,0.844452269242363,3.77460270218924,2.93015043294688,0.936180154333693,1.31440311952039,0,113,114
T,G002,H50,B,0,G002,"M=20,20,20,20,|T=0,0,0,0,|B=2,15,1,50;",1,0,0,105400022,205400022,1.00009971427878,1.1210120172267,3,G002,1,G002,1,1,0,0,1,1,0,0,0,UNIQUE_CONFIDENT,single_candidate_with_margin,0.779986825336407,3.84266162577441,3.06267480043801,0.890652082439212,1.31440311952039,0,114,115
T,G002,H50,B,0,G002,"M=20,20,20,20,|T=0,0,0,0,|B=2,15,1,50;",1,0,0,105400023,205400023,1.00893247828377,0.918668766356156,3,G002,1,G002,1,1,0,0,1,0,0,0,0,LOW_CONFIDENCE,insufficient_unique_margin,0.966859582399801,3.95572389334196,2.98886431094216,0.835613249696884,1.31440311952039,0,96,97
T,G002,H50,B,0,G002,"M=20,20,20,20,|T=0,0,0,0,|B=2,15,1,50;",1,0,0,105400024,205400024,0.986163157171187,0.948877070081858,3,G002,1,G002,1,1,0,0,1,1,0,0,0,UNIQUE_CONFIDENT,single_candidate_with_margin,0.83952027921306,4.12940534750036,3.2898850682873,0.752639948553916,1.31440311952039,0,96,97
T,G002,H50,B,0,G002,"M=20,20,20,20,|T=0,0,0,0,|B=2,15,1,50;",1,0,0,105400025,205400025,0.98103170841172,0.982238888652272,3,G002,1,G002,1,1,0,0,1,1,0,0,0,UNIQUE_CONFIDENT,single_candidate_with_margin,0.810681546623638,4.07262826833436,3.26194672171072,1.01946645312559,1.31440311952039,0,113,114
T,G002,H50,B,0,G002,"M=20,20,20,20,|T=0,0,0,0,|B=2,15,1,50;",1,0,0,105400026,205400026,0.995361075424797,0.918983648620051,3,G002,1,G002,1,1,0,0,1,1,0,0,0,UNIQUE_CONFIDENT,single_candidate_with_margin,0.825444474874499,3.87465886677428,3.04921439189978,0.989871871283811,1.31440311952039,0,113,114
T,G002,H50,B,0,G002,"M=20,20,20,20,|T=0,0,0,0,|B=2,15,1,50;",1,0,0,105400027,205400027,1.00145814455828,1.03716497166477,3,G002,1,G002,1,1,0,0,1,1,0,0,0,UNIQUE_CONFIDENT,single_candidate_with_margin,0.860154910170159,3.95234001793761,3.09218510776745,0.893557845018981,1.31440311952039,0,115,116
T,G002,H50,B,0,G002,"M=20,20,20,20,|T=0,0,0,0,|B=2,15,1,50;",1,0,0,105400028,205400028,0.995030185890738,0.886923809965309,3,G002,1,G002,1,1,0,0,1,1,0,0,0,UNIQUE_CONFIDENT,single_candidate_with_margin,0.884506801009562,4.04850485222932,3.16399805121976,0.852890379544503,1.31440311952039,0,113,114
T,G002,H50,B,0,G002,"M=20,20,20,20,|T=0,0,0,0,|B=2,15,1,50;",1,0,0,105400029,205400029,1.01065333155543,1.08767062661294,3,G002,1,G002,1,1,0,0,1,0,0,0,0,LOW_CONFIDENCE,insufficient_unique_margin,0.877328501206405,3.86145166225714,2.98412316105073,0.958025517986392,1.31440311952039,0,114,115
T,G002,H50,B,0,G002,"M=20,20,20,20,|T=0,0,0,0,|B=2,15,1,50;",1,0,0,105400030,205400030,0.991334363532446,1.15449990034747,3,G002,1,G002,1,1,0,0,1,1,0,0,0,UNIQUE_CONFIDENT,single_candidate_with_margin,0.786325012198771,3.90622957251017,3.1199045603114,1.02099075468187,1.31440311952039,0,111,112
T,G003,H50,B,0,G003,"M=20,20,20,20,|T=0,0,0,0,|B=1,15,1,50;",1,0,0,105700001,205700001,1.01144517178094,0.853872007049638,3,G003,1,G003,1,1,0,0,1,1,0,0,0,UNIQUE_CONFIDENT,single_candidate_with_margin,0.907969045375926,3.97691154252868,3.06894249715276,0.711170809601967,1.31440311952039,0,115,116
T,G003,H50,B,0,G003,"M=20,20,20,20,|T=0,0,0,0,|B=1,15,1,50;",1,0,0,105700002,205700002,0.995081677834189,0.981352101817711,3,G003,1,G003,1,1,0,0,1,0,0,0,0,LOW_CONFIDENCE,insufficient_unique_margin,0.86833408751875,3.82980040849845,2.9614663209797,0.971969361072221,1.31440311952039,0,113,114
T,G003,H50,B,0,G003,"M=20,20,20,20,|T=0,0,0,0,|B=1,15,1,50;",1,0,0,105700003,205700003,1.01459944367066,1.14553208203152,3,G003,1,G003,1,1,0,0,1,1,0,0,0,UNIQUE_CONFIDENT,single_candidate_with_margin,0.895084545196714,3.92487128957704,3.02978674438032,0.946063477167791,1.31440311952039,0,118,119
T,G003,H50,B,0,G003,"M=20,20,20,20,|T=0,0,0,0,|B=1,15,1,50;",1,0,0,105700004,205700004,0.993273305094451,0.801469904158351,3,G003,1,G003,1,1,0,0,1,0,0,0,0,LOW_CONFIDENCE,insufficient_unique_margin,0.920031811766706,3.84751179416491,2.92747998239821,0.891448102507309,1.31440311952039,0,114,115
T,G003,H50,B,0,G003,"M=20,20,20,20,|T=0,0,0,0,|B=1,15,1,50;",1,0,0,105700005,205700005,0.989420189537726,0.819584792058597,3,G003,1,G003,1,1,0,0,1,1,0,0,0,UNIQUE_CONFIDENT,single_candidate_with_margin,0.926861660087045,4.01669766088661,3.08983600079957,0.915348695271249,1.31440311952039,0,115,116
T,G003,H50,B,0,G003,"M=20,20,20,20,|T=0,0,0,0,|B=1,15,1,50;",1,0,0,105700006,205700006,0.986837527188678,0.858049493033661,3,G003,1,G003,1,1,0,0,1,1,0,0,0,UNIQUE_CONFIDENT,single_candidate_with_margin,0.885945746528599,4.06112195995256,3.17517621342396,0.928460665437763,1.31440311952039,0,111,112
T,G003,H50,B,0,G003,"M=20,20,20,20,|T=0,0,0,0,|B=1,15,1,50;",1,0,0,105700007,205700007,1.00826763107419,1.16195083755481,3,G003,1,G003,1,1,0,0,1,0,0,0,0,LOW_CONFIDENCE,insufficient_unique_margin,0.791957730729884,3.65478022371897,2.86282249298909,1.05073566104623,1.31440311952039,0,113,114
T,G003,H50,B,0,G003,"M=20,20,20,20,|T=0,0,0,0,|B=1,15,1,50;",1,0,0,105700008,205700008,1.00974446155434,0.948449162011886,3,G003,1,G003,1,1,0,0,1,0,0,0,0,LOW_CONFIDENCE,insufficient_unique_margin,0.885763547067835,3.84095118176219,2.95518763469436,0.591620875283732,1.31440311952039,0,113,114
T,G003,H50,B,0,G003,"M=20,20,20,20,|T=0,0,0,0,|B=1,15,1,50;",1,0,0,105700009,205700009,0.982928465485157,0.944814625457763,3,G003,1,G003,1,1,0,0,1,1,0,0,0,UNIQUE_CONFIDENT,single_candidate_with_margin,0.769585391440218,3.98400748856033,3.21442209712012,0.911241446057679,1.31440311952039,0,113,114
T,G003,H50,B,0,G003,"M=20,20,20,20,|T=0,0,0,0,|B=1,15,1,50;",1,0,0,105700010,205700010,1.01122653890421,0.874359839164597,3,G003,1,G003,1,1,0,0,1,0,0,0,0,LOW_CONFIDENCE,insufficient_unique_margin,0.883151868858046,3.85478826353548,2.97163639467744,0.726320843297523,1.31440311952039,0,112,113
T,G003,H50,B,0,G003,"M=20,20,20,20,|T=0,0,0,0,|B=1,15,1,50;",1,0,0,105700011,205700011,0.99246311312411,1.16670262456046,3,G003,1,G003,1,1,0,0,1,0,0,0,0,LOW_CONFIDENCE,insufficient_unique_margin,0.914881011748867,3.84331138736932,2.92843037562046,0.884409981043893,1.31440311952039,0,114,115
T,G003,H50,B,0,G003,"M=20,20,20,20,|T=0,0,0,0,|B=1,15,1,50;",1,0,0,105700012,205700012,0.981142113667719,0.869786333627192,3,G003,1,G003,1,1,0,0,1,1,0,0,0,UNIQUE_CONFIDENT,single_candidate_with_margin,0.926763077774598,4.04117174985383,3.11440867207923,1.18485032204715,1.31440311952039,0,130,131
T,G003,H50,B,0,G003,"M=20,20,20,20,|T=0,0,0,0,|B=1,15,1,50;",1,0,0,105700013,205700013,1.00359305715404,1.11783872594022,3,G003,1,G003,1,1,0,0,1,0,0,0,0,LOW_CONFIDENCE,insufficient_unique_margin,0.781019129156035,3.69976512909057,2.91874599993453,0.899386964118116,1.31440311952039,0,113,114
T,G003,H50,B,0,G003,"M=20,20,20,20,|T=0,0,0,0,|B=1,15,1,50;",1,0,0,105700014,205700014,0.982323821987418,1.02431898977891,3,G003,1,G003,1,1,0,0,1,1,0,0,0,UNIQUE_CONFIDENT,single_candidate_with_margin,0.758474274975258,3.93573228406788,3.17725800909263,0.700232622944175,1.31440311952039,0,113,114
T,G003,H50,B,0,G003,"M=20,20,20,20,|T=0,0,0,0,|B=1,15,1,50;",1,0,0,105700015,205700015,0.99723931763177,1.15585149516801,3,G003,1,G003,1,1,0,0,1,1,0,0,0,UNIQUE_CONFIDENT,single_candidate_with_margin,0.877229514057264,3.90645114324534,3.02922162918807,0.881182063087212,1.31440311952039,0,112,113
T,G003,H50,B,0,G003,"M=20,20,20,20,|T=0,0,0,0,|B=1,15,1,50;",1,0,0,105700016,205700016,1.01379644820526,0.81686035080424,3,G003,1,G003,1,1,0,0,1,1,0,0,0,UNIQUE_CONFIDENT,single_candidate_with_margin,0.765988425846098,3.85199070424247,3.08600227839637,1.00302208851413,1.31440311952039,0,113,114
T,G003,H50,B,0,G003,"M=20,20,20,20,|T=0,0,0,0,|B=1,15,1,50;",1,0,0,105700017,205700017,0.994804279903456,0.851580270263097,3,G003,1,G003,1,1,0,0,1,1,0,0,0,UNIQUE_CONFIDENT,single_candidate_with_margin,0.812526667560298,3.83612403604787,3.02359736848757,0.95570878011551,1.31440311952039,0,114,115
T,G003,H50,B,0,G003,"M=20,20,20,20,|T=0,0,0,0,|B=1,15,1,50;",1,0,0,105700018,205700018,1.00231055799652,0.996108424772102,3,G003,1,G003,1,1,0,0,1,0,0,0,0,LOW_CONFIDENCE,insufficient_unique_margin,0.919144754544779,3.84027531929291,2.92113056474813,0.966000381666601,1.31440311952039,0,113,114
T,G003,H50,B,0,G003,"M=20,20,20,20,|T=0,0,0,0,|B=1,15,1,50;",1,0,0,105700019,205700019,0.990782888873091,0.909583884262962,3,G003,1,G003,1,1,0,0,1,1,0,0,0,UNIQUE_CONFIDENT,single_candidate_with_margin,0.74003343999175,3.91247605490236,3.17244261491061,0.857693402748686,1.31440311952039,0,113,114
T,G003,H50,B,0,G003,"M=20,20,20,20,|T=0,0,0,0,|B=1,15,1,50;",1,0,0,105700020,205700020,0.986680539576807,0.897262510829887,3,G003,1,G003,1,1,0,0,1,1,0,0,0,UNIQUE_CONFIDENT,single_candidate_with_margin,0.829798611584477,4.04548895311396,3.21569034152949,0.889185544902125,1.31440311952039,0,114,115
T,G003,H50,B,0,G003,"M=20,20,20,20,|T=0,0,0,0,|B=1,15,1,50;",1,0,0,105700021,205700021,1.01216264539775,0.950523385488781,3,G003,1,G003,1,1,0,0,1,1,0,0,0,UNIQUE_CONFIDENT,single_candidate_with_margin,0.763057913916951,3.93317243320484,3.17011451928789,0.863749959976452,1.31440311952039,0,116,117
T,G003,H50,B,0,G003,"M=20,20,20,20,|T=0,0,0,0,|B=1,15,1,50;",1,0,0,105700022,205700022,1.00067358318077,1.04497302226515,3,G003,1,G003,1,1,0,0,1,0,0,0,0,LOW_CONFIDENCE,insufficient_unique_margin,0.79326784875109,3.63274480993111,2.83947696118002,0.783581463966623,1.31440311952039,0,114,115
T,G003,H50,B,0,G003,"M=20,20,20,20,|T=0,0,0,0,|B=1,15,1,50;",1,0,0,105700023,205700023,1.00260117995872,0.844326661931549,3,G003,1,G003,1,1,0,0,1,0,0,0,0,LOW_CONFIDENCE,insufficient_unique_margin,0.992490509826842,3.85794241036011,2.86545190053327,0.817478618017626,1.31440311952039,0,114,115
T,G003,H50,B,0,G003,"M=20,20,20,20,|T=0,0,0,0,|B=1,15,1,50;",1,0,0,105700024,205700024,1.00337218504616,1.15985128116423,3,G003,1,G003,1,1,0,0,1,0,0,0,0,LOW_CONFIDENCE,insufficient_unique_margin,0.79063553350666,3.75775213929489,2.96711660578823,0.937121232131134,1.31440311952039,0,114,115
T,G003,H50,B,0,G003,"M=20,20,20,20,|T=0,0,0,0,|B=1,15,1,50;",1,0,0,105700025,205700025,0.991291076067874,0.83865565228431,3,G003,1,G003,1,1,0,0,1,1,0,0,0,UNIQUE_CONFIDENT,single_candidate_with_margin,0.737223244243509,3.92001411091254,3.18279086666903,0.990643887894895,1.31440311952039,0,114,115
T,G003,H50,B,0,G003,"M=20,20,20,20,|T=0,0,0,0,|B=1,15,1,50;",1,0,0,105700026,205700026,1.01965510541456,1.01472488027112,3,G003,1,G003,1,1,0,0,1,1,0,0,0,UNIQUE_CONFIDENT,single_candidate_with_margin,0.790923594398827,3.82781742512478,3.03689383072595,0.802133390097265,1.31440311952039,0,111,112
T,G003,H50,B,0,G003,"M=20,20,20,20,|T=0,0,0,0,|B=1,15,1,50;",1,0,0,105700027,205700027,0.984311330951372,0.863439470439971,3,G003,1,G003,1,1,0,0,1,1,0,0,0,UNIQUE_CONFIDENT,single_candidate_with_margin,0.80457860687966,4.01485527747064,3.21027667059098,0.795157037790183,1.31440311952039,0,112,113
T,G003,H50,B,0,G003,"M=20,20,20,20,|T=0,0,0,0,|B=1,15,1,50;",1,0,0,105700028,205700028,0.995106195653686,1.17584429678178,3,G003,1,G003,1,1,0,0,1,0,0,0,0,LOW_CONFIDENCE,insufficient_unique_margin,0.910809002015137,3.80051478069536,2.88970577868022,0.885164177492328,1.31440311952039,0,132,133
T,G003,H50,B,0,G003,"M=20,20,20,20,|T=0,0,0,0,|B=1,15,1,50;",1,0,0,105700029,205700029,0.980593198197819,0.941342777816938,3,G003,1,G003,1,1,0,0,1,1,0,0,0,UNIQUE_CONFIDENT,single_candidate_with_margin,0.80874314073519,3.95153319256673,3.14279005183154,0.880799963557572,1.31440311952039,0,113,114
T,G003,H50,B,0,G003,"M=20,20,20,20,|T=0,0,0,0,|B=1,15,1,50;",1,0,0,105700030,205700030,1.01596323299145,0.966851740050909,3,G003,1,G003,1,1,0,0,1,0,0,0,0,LOW_CONFIDENCE,insufficient_unique_margin,0.808252724720001,3.69638020569983,2.88812748097983,0.756842324442303,1.31440311952039,0,113,114
T,MIRROR_M3,H50,B,0,MIRROR_M3,"M=20,20,20,20,|T=0,0,0,0,|B=3,15,1,50;",0,1,0,105200001,205200001,0.990602089708171,1.02312293019026,3,G003,1,G003,0,0,0,1,0,0,0,1,0,LOW_CONFIDENCE,insufficient_unique_margin,0.82338484204695,3.72781633304693,2.90443149099998,0.790866906039797,1.31440311952039,0,113,114
T,MIRROR_M3,H50,B,0,MIRROR_M3,"M=20,20,20,20,|T=0,0,0,0,|B=3,15,1,50;",0,1,0,105200002,205200002,1.00661709810197,1.09250379221571,3,G003,1,G003,0,0,0,1,0,0,1,1,0,UNIQUE_CONFIDENT,single_candidate_with_margin,0.768326511387606,3.80694715774266,3.03862064635505,0.884817155486893,1.31440311952039,0,113,114
T,MIRROR_M3,H50,B,0,MIRROR_M3,"M=20,20,20,20,|T=0,0,0,0,|B=3,15,1,50;",0,1,0,105200003,205200003,1.00528282943656,0.875356005603208,3,G003,1,G003,0,0,0,1,0,0,1,1,0,UNIQUE_CONFIDENT,single_candidate_with_margin,0.924626495330402,3.94304513356774,3.01841863823734,0.968017771878193,1.31440311952039,0,114,115
T,MIRROR_M3,H50,B,0,MIRROR_M3,"M=20,20,20,20,|T=0,0,0,0,|B=3,15,1,50;",0,1,0,105200004,205200004,0.998067802579959,1.11567831017171,3,G003,1,G003,0,0,0,1,0,0,0,1,0,LOW_CONFIDENCE,insufficient_unique_margin,0.875320225090492,3.79485221425443,2.91953198916394,0.837505379940839,1.31440311952039,0,116,117
T,MIRROR_M3,H50,B,0,MIRROR_M3,"M=20,20,20,20,|T=0,0,0,0,|B=3,15,1,50;",0,1,0,105200005,205200005,0.985043530753588,1.18906965262747,3,G003,1,G003,0,0,0,1,0,0,1,1,0,UNIQUE_CONFIDENT,single_candidate_with_margin,0.762291950656675,3.98738450051427,3.22509254985759,0.950423671204957,1.31440311952039,0,113,114
T,MIRROR_M3,H50,B,0,MIRROR_M3,"M=20,20,20,20,|T=0,0,0,0,|B=3,15,1,50;",0,1,0,105200006,205200006,1.01738055363803,1.07777866236323,3,G003,1,G003,0,0,0,1,0,0,0,1,0,LOW_CONFIDENCE,insufficient_unique_margin,0.850814303568055,3.76292716125535,2.91211285768729,0.738861998465189,1.31440311952039,0,113,114
T,MIRROR_M3,H50,B,0,MIRROR_M3,"M=20,20,20,20,|T=0,0,0,0,|B=3,15,1,50;",0,1,0,105200007,205200007,0.980308263179831,0.851869529806071,3,G003,1,G003,0,0,0,1,0,0,1,1,0,UNIQUE_CONFIDENT,single_candidate_with_margin,0.922779289361164,4.06410054595111,3.14132125658994,0.798649147273019,1.31440311952039,0,110,111
T,MIRROR_M3,H50,B,0,MIRROR_M3,"M=20,20,20,20,|T=0,0,0,0,|B=3,15,1,50;",0,1,0,105200008,205200008,1.00579127842795,0.901925522327693,3,G003,1,G003,0,0,0,1,0,0,1,1,0,UNIQUE_CONFIDENT,single_candidate_with_margin,0.818073676012781,3.85053924807296,3.03246557206017,0.861367131371593,1.31440311952039,0,113,114
T,MIRROR_M3,H50,B,0,MIRROR_M3,"M=20,20,20,20,|T=0,0,0,0,|B=3,15,1,50;",0,1,0,105200009,205200009,1.0101271363512,1.00136235784276,3,G003,1,G003,0,0,0,1,0,0,0,1,0,LOW_CONFIDENCE,insufficient_unique_margin,0.798189037701247,3.7568644514061,2.95867541370486,0.867427421029767,1.31440311952039,0,113,114
T,MIRROR_M3,H50,B,0,MIRROR_M3,"M=20,20,20,20,|T=0,0,0,0,|B=3,15,1,50;",0,1,0,105200010,205200010,0.990689397561957,1.11462960416909,3,G003,1,G003,0,0,0,1,0,0,0,1,0,LOW_CONFIDENCE,insufficient_unique_margin,0.761421476511659,3.65123890068209,2.88981742417043,0.877041242853448,1.31440311952039,0,113,114
T,MIRROR_M3,H50,B,0,MIRROR_M3,"M=20,20,20,20,|T=0,0,0,0,|B=3,15,1,50;",0,1,0,105200011,205200011,1.00243469206895,0.867042439936585,3,G003,1,G003,0,0,0,1,0,0,1,1,0,UNIQUE_CONFIDENT,single_candidate_with_margin,0.704709327989711,3.88445149095401,3.1797421629643,0.939081268396161,1.31440311952039,0,112,113
T,MIRROR_M3,H50,B,0,MIRROR_M3,"M=20,20,20,20,|T=0,0,0,0,|B=3,15,1,50;",0,1,0,105200012,205200012,1.00339112978908,0.959895364946089,3,G003,1,G003,0,0,0,1,0,0,0,1,0,LOW_CONFIDENCE,insufficient_unique_margin,0.899849049205974,3.80826101519407,2.9084119659881,0.896798824949844,1.31440311952039,0,113,114
T,MIRROR_M3,H50,B,0,MIRROR_M3,"M=20,20,20,20,|T=0,0,0,0,|B=3,15,1,50;",0,1,0,105200013,205200013,1.00602595746162,0.960404882650251,3,G003,1,G003,0,0,0,1,0,0,0,1,0,LOW_CONFIDENCE,insufficient_unique_margin,0.930847654674755,3.75990954967867,2.82906189500392,0.719431157961957,1.31440311952039,0,113,114
T,MIRROR_M3,H50,B,0,MIRROR_M3,"M=20,20,20,20,|T=0,0,0,0,|B=3,15,1,50;",0,1,0,105200014,205200014,1.00227183488619,0.928558278202523,3,G003,1,G003,0,0,0,1,0,0,0,1,0,LOW_CONFIDENCE,insufficient_unique_margin,0.738939179061806,3.70905089531851,2.9701117162567,0.861129986916568,1.31440311952039,0,113,114
T,MIRROR_M3,H50,B,0,MIRROR_M3,"M=20,20,20,20,|T=0,0,0,0,|B=3,15,1,50;",0,1,0,105200015,205200015,0.983283170894559,1.01896175758368,3,G003,1,G003,0,0,0,1,0,0,1,1,0,UNIQUE_CONFIDENT,single_candidate_with_margin,0.805555541542396,4.01851665424766,3.21296111270527,0.731693298591611,1.31440311952039,0,113,114
T,MIRROR_M3,H50,B,0,MIRROR_M3,"M=20,20,20,20,|T=0,0,0,0,|B=3,15,1,50;",0,1,0,105200016,205200016,0.984590167685205,0.816119563291562,3,G003,1,G003,0,0,0,1,0,0,1,1,0,UNIQUE_CONFIDENT,single_candidate_with_margin,0.881342243293287,4.1299382502249,3.24859600693161,0.786463059091603,1.31440311952039,0,132,133
T,MIRROR_M3,H50,B,0,MIRROR_M3,"M=20,20,20,20,|T=0,0,0,0,|B=3,15,1,50;",0,1,0,105200017,205200017,0.997987798643371,0.996519756560209,3,G003,1,G003,0,0,0,1,0,0,1,1,0,UNIQUE_CONFIDENT,single_candidate_with_margin,0.760308248746402,3.93195304271999,3.17164479397359,0.762152765463628,1.31440311952039,0,117,118
T,MIRROR_M3,H50,B,0,MIRROR_M3,"M=20,20,20,20,|T=0,0,0,0,|B=3,15,1,50;",0,1,0,105200018,205200018,0.995851042253135,1.1461746807372,3,G003,1,G003,0,0,0,1,0,0,1,1,0,UNIQUE_CONFIDENT,single_candidate_with_margin,0.756349959558978,3.88633603129086,3.12998607173188,0.845327618631664,1.31440311952039,0,119,120
T,MIRROR_M3,H50,B,0,MIRROR_M3,"M=20,20,20,20,|T=0,0,0,0,|B=3,15,1,50;",0,1,0,105200019,205200019,1.01903888425568,1.09960008944439,3,G003,1,G003,0,0,0,1,0,0,0,1,0,LOW_CONFIDENCE,insufficient_unique_margin,0.789357682388466,3.65399416242142,2.86463648003295,0.766633740722807,1.31440311952039,0,110,111
T,MIRROR_M3,H50,B,0,MIRROR_M3,"M=20,20,20,20,|T=0,0,0,0,|B=3,15,1,50;",0,1,0,105200020,205200020,0.989572966585399,0.853505399180987,3,G003,1,G003,0,0,0,1,0,0,1,1,0,UNIQUE_CONFIDENT,single_candidate_with_margin,0.805800669618659,3.95039829473184,3.14459762511318,0.845402577006672,1.31440311952039,0,113,114
T,MIRROR_M3,H50,B,0,MIRROR_M3,"M=20,20,20,20,|T=0,0,0,0,|B=3,15,1,50;",0,1,0,105200021,205200021,0.995956040128706,0.870896826691978,3,G003,1,G003,0,0,0,1,0,0,0,1,0,LOW_CONFIDENCE,insufficient_unique_margin,0.7964631099215,3.69467016502171,2.89820705510021,0.931402895900327,1.31440311952039,0,114,115
T,MIRROR_M3,H50,B,0,MIRROR_M3,"M=20,20,20,20,|T=0,0,0,0,|B=3,15,1,50;",0,1,0,105200022,205200022,1.01460165414734,0.973429056949395,3,G003,1,G003,0,0,0,1,0,0,0,1,0,LOW_CONFIDENCE,insufficient_unique_margin,0.90999856787907,3.53313867091914,2.62314010304007,0.943860967809962,1.31440311952039,0,113,114
T,MIRROR_M3,H50,B,0,MIRROR_M3,"M=20,20,20,20,|T=0,0,0,0,|B=3,15,1,50;",0,1,0,105200023,205200023,1.00769178728562,0.861637069284012,3,G003,1,G003,0,0,0,1,0,0,0,1,0,LOW_CONFIDENCE,insufficient_unique_margin,0.844221989368832,3.82837544215327,2.98415345278444,0.995296336258399,1.31440311952039,0,113,114
T,MIRROR_M3,H50,B,0,MIRROR_M3,"M=20,20,20,20,|T=0,0,0,0,|B=3,15,1,50;",0,1,0,105200024,205200024,1.01704267893447,0.901242310526244,3,G003,1,G003,0,0,0,1,0,0,1,1,0,UNIQUE_CONFIDENT,single_candidate_with_margin,0.766602470403472,3.76929510280759,3.00269263240412,0.809377261348474,1.31440311952039,0,113,114
T,MIRROR_M3,H50,B,0,MIRROR_M3,"M=20,20,20,20,|T=0,0,0,0,|B=3,15,1,50;",0,1,0,105200025,205200025,1.0054146113951,1.04749738838441,3,G003,1,G003,0,0,0,1,0,0,1,1,0,UNIQUE_CONFIDENT,single_candidate_with_margin,0.938371116319319,4.0195037820375,3.08113266571818,0.759313124949034,1.31440311952039,0,111,112
T,MIRROR_M3,H50,B,0,MIRROR_M3,"M=20,20,20,20,|T=0,0,0,0,|B=3,15,1,50;",0,1,0,105200026,205200026,0.999067251311118,0.884259265019338,3,G003,1,G003,0,0,0,1,0,0,1,1,0,UNIQUE_CONFIDENT,single_candidate_with_margin,0.800086601630765,3.91063939289931,3.11055279126854,0.943639787361872,1.31440311952039,0,113,114
T,MIRROR_M3,H50,B,0,MIRROR_M3,"M=20,20,20,20,|T=0,0,0,0,|B=3,15,1,50;",0,1,0,105200027,205200027,1.01246364388345,0.995938484438419,3,G003,1,G003,0,0,0,1,0,0,0,1,0,LOW_CONFIDENCE,insufficient_unique_margin,0.857833378304285,3.82847159669797,2.97063821839368,0.954852256244413,1.31440311952039,0,113,114
T,MIRROR_M3,H50,B,0,MIRROR_M3,"M=20,20,20,20,|T=0,0,0,0,|B=3,15,1,50;",0,1,0,105200028,205200028,1.01048404302311,0.983953188981461,3,G003,1,G003,0,0,0,1,0,0,0,1,0,LOW_CONFIDENCE,insufficient_unique_margin,0.851556434118507,3.62731534907696,2.77575891495846,0.912071029798382,1.31440311952039,0,113,114
T,MIRROR_M3,H50,B,0,MIRROR_M3,"M=20,20,20,20,|T=0,0,0,0,|B=3,15,1,50;",0,1,0,105200029,205200029,1.0072060618537,0.988998375808724,3,G003,1,G003,0,0,0,1,0,0,1,1,0,UNIQUE_CONFIDENT,single_candidate_with_margin,0.772564214682349,3.86638666709837,3.09382245241602,0.921061444791535,1.31440311952039,0,113,114
T,MIRROR_M3,H50,B,0,MIRROR_M3,"M=20,20,20,20,|T=0,0,0,0,|B=3,15,1,50;",0,1,0,105200030,205200030,0.998002313434965,0.820224555490033,3,G003,1,G003,0,0,0,1,0,0,1,1,0,UNIQUE_CONFIDENT,single_candidate_with_margin,0.861542940850592,3.90686535237597,3.04532241152538,1.00171041629754,1.31440311952039,0,132,133
T,ADD_M1_M3,H50,B,0,ADD_M1_M3,"M=20,20,20,20,|T=0,0,0,0,|B=1,15,1,50;3,15,1,50;",0,1,0,105800001,205800001,0.986937743345215,0.955783222192036,3,G003,1,G003,0,0,0,1,0,0,0,1,0,REJECTED,fit_quality_gate,3.68592227264737,4.62275522510949,0.936832952462116,3.48011444151244,1.31440311952039,0,93,94
T,ADD_M1_M3,H50,B,0,ADD_M1_M3,"M=20,20,20,20,|T=0,0,0,0,|B=1,15,1,50;3,15,1,50;",0,1,0,105800002,205800002,0.99147673348504,0.85060317359973,3,G003,1,G003,0,0,0,1,0,0,0,1,0,REJECTED,fit_quality_gate,3.57643456421822,4.4472725001809,0.870837935962685,3.51191422668693,1.31440311952039,0,94,95
T,ADD_M1_M3,H50,B,0,ADD_M1_M3,"M=20,20,20,20,|T=0,0,0,0,|B=1,15,1,50;3,15,1,50;",0,1,0,105800003,205800003,0.983069592519081,1.05223496406954,3,G003,1,G003,0,0,0,1,0,0,0,1,0,REJECTED,fit_quality_gate,3.45084441961164,4.62727077853027,1.17642635891863,2.96866864152086,1.31440311952039,0,96,97
T,ADD_M1_M3,H50,B,0,ADD_M1_M3,"M=20,20,20,20,|T=0,0,0,0,|B=1,15,1,50;3,15,1,50;",0,1,0,105800004,205800004,1.00949324245763,1.006343042994,3,G003,1,G003,0,0,0,1,0,0,0,1,0,REJECTED,fit_quality_gate,3.48222534526782,4.29966482051006,0.81743947524224,3.54397085308442,1.31440311952039,0,93,94
T,ADD_M1_M3,H50,B,0,ADD_M1_M3,"M=20,20,20,20,|T=0,0,0,0,|B=1,15,1,50;3,15,1,50;",0,1,0,105800005,205800005,1.0065382639362,0.948210074009224,3,G003,1,G003,0,0,0,1,0,0,0,1,0,REJECTED,fit_quality_gate,3.37670105153128,4.29476500279567,0.918063951264387,3.39361310595551,1.31440311952039,0,94,95
T,ADD_M1_M3,H50,B,0,ADD_M1_M3,"M=20,20,20,20,|T=0,0,0,0,|B=1,15,1,50;3,15,1,50;",0,1,0,105800006,205800006,1.00397705099247,1.03901044569493,3,G003,1,G003,0,0,0,1,0,0,0,1,0,REJECTED,fit_quality_gate,3.41041046087395,4.30287734324953,0.892466882375578,3.46859689815234,1.31440311952039,0,94,95
T,ADD_M1_M3,H50,B,0,ADD_M1_M3,"M=20,20,20,20,|T=0,0,0,0,|B=1,15,1,50;3,15,1,50;",0,1,0,105800007,205800007,0.987238067761716,1.17865536619843,3,G003,1,G003,0,0,0,1,0,0,0,1,0,REJECTED,fit_quality_gate,3.61582164320639,4.5128653634354,0.897043720229012,3.09300593195203,1.31440311952039,0,100,101
T,ADD_M1_M3,H50,B,0,ADD_M1_M3,"M=20,20,20,20,|T=0,0,0,0,|B=1,15,1,50;3,15,1,50;",0,1,0,105800008,205800008,1.00784466204419,1.02375947434403,3,G003,1,G003,0,0,0,1,0,0,0,1,0,REJECTED,fit_quality_gate,3.34690937322376,4.18129577387898,0.834386400655215,3.41696936021488,1.31440311952039,0,93,94
T,ADD_M1_M3,H50,B,0,ADD_M1_M3,"M=20,20,20,20,|T=0,0,0,0,|B=1,15,1,50;3,15,1,50;",0,1,0,105800009,205800009,1.01891550775091,1.1187269356926,3,G003,1,G003,0,0,0,1,0,0,0,1,0,REJECTED,fit_quality_gate,3.29054084161501,4.17445473118445,0.883913889569443,3.26769046936569,1.31440311952039,0,95,96
T,ADD_M1_M3,H50,B,0,ADD_M1_M3,"M=20,20,20,20,|T=0,0,0,0,|B=1,15,1,50;3,15,1,50;",0,1,0,105800010,205800010,1.0007657962507,0.919468351510511,3,G003,1,G003,0,0,0,1,0,0,0,1,0,REJECTED,fit_quality_gate,3.68898261545485,4.4694007149262,0.780418099471349,3.52556199519479,1.31440311952039,0,95,96
T,ADD_M1_M3,H50,B,0,ADD_M1_M3,"M=20,20,20,20,|T=0,0,0,0,|B=1,15,1,50;3,15,1,50;",0,1,0,105800011,205800011,0.98033037567544,1.15710062818387,3,G003,1,G003,0,0,0,1,0,0,0,1,0,REJECTED,fit_quality_gate,3.53464367281082,4.58038041400591,1.0457367411951,3.25696567396409,1.31440311952039,0,128,129
T,ADD_M1_M3,H50,B,0,ADD_M1_M3,"M=20,20,20,20,|T=0,0,0,0,|B=1,15,1,50;3,15,1,50;",0,1,0,105800012,205800012,1.0030457230926,0.926009285551028,3,G003,1,G003,0,0,0,1,0,0,0,1,0,REJECTED,fit_quality_gate,3.61407026209871,4.41416063209545,0.800090369996746,3.33419372070806,1.31440311952039,0,96,97
T,ADD_M1_M3,H50,B,0,ADD_M1_M3,"M=20,20,20,20,|T=0,0,0,0,|B=1,15,1,50;3,15,1,50;",0,1,0,105800013,205800013,1.00702687275534,0.964939500622113,3,G003,1,G003,0,0,0,1,0,0,0,1,0,REJECTED,fit_quality_gate,3.50569654675132,4.38046166254295,0.87476511579163,3.34759673183919,1.31440311952039,0,94,95
T,ADD_M1_M3,H50,B,0,ADD_M1_M3,"M=20,20,20,20,|T=0,0,0,0,|B=1,15,1,50;3,15,1,50;",0,1,0,105800014,205800014,0.984516870590872,1.07849656397657,3,G003,1,G003,0,0,0,1,0,0,0,1,0,REJECTED,fit_quality_gate,3.53916022492792,4.49615271471275,0.956992489784829,3.101715837489,1.31440311952039,0,95,96
T,ADD_M1_M3,H50,B,0,ADD_M1_M3,"M=20,20,20,20,|T=0,0,0,0,|B=1,15,1,50;3,15,1,50;",0,1,0,105800015,205800015,1.00077539383204,0.948744719806501,3,G003,1,G003,0,0,0,1,0,0,0,1,0,REJECTED,fit_quality_gate,3.36220840649485,4.37190580009708,1.00969739360223,3.4695867347578,1.31440311952039,0,96,97
T,ADD_M1_M3,H50,B,0,ADD_M1_M3,"M=20,20,20,20,|T=0,0,0,0,|B=1,15,1,50;3,15,1,50;",0,1,0,105800016,205800016,1.00230361389505,1.01161522815799,3,G003,1,G003,0,0,0,1,0,0,0,1,0,REJECTED,fit_quality_gate,3.50850702171245,4.52849772853989,1.01999070682743,3.46599499534398,1.31440311952039,0,94,95
T,ADD_M1_M3,H50,B,0,ADD_M1_M3,"M=20,20,20,20,|T=0,0,0,0,|B=1,15,1,50;3,15,1,50;",0,1,0,105800017,205800017,1.00766822209458,1.11520690636536,3,G003,1,G003,0,0,0,1,0,0,0,1,0,REJECTED,fit_quality_gate,3.45877899062306,4.35085445046671,0.892075459843648,3.23567846048996,1.31440311952039,0,113,114
T,ADD_M1_M3,H50,B,0,ADD_M1_M3,"M=20,20,20,20,|T=0,0,0,0,|B=1,15,1,50;3,15,1,50;",0,1,0,105800018,205800018,1.01289290723208,0.923383520200282,3,G003,1,G003,0,0,0,1,0,0,0,1,0,REJECTED,fit_quality_gate,3.53024973845176,4.32487996330641,0.794630224854652,3.72975333917794,1.31440311952039,0,93,94
T,ADD_M1_M3,H50,B,0,ADD_M1_M3,"M=20,20,20,20,|T=0,0,0,0,|B=1,15,1,50;3,15,1,50;",0,1,0,105800019,205800019,0.986781719755656,1.07738661455186,3,G003,1,G003,0,0,0,1,0,0,0,1,0,REJECTED,fit_quality_gate,3.55681586202104,4.59050289919912,1.03368703717808,3.13421910085141,1.31440311952039,0,114,115
T,ADD_M1_M3,H50,B,0,ADD_M1_M3,"M=20,20,20,20,|T=0,0,0,0,|B=1,15,1,50;3,15,1,50;",0,1,0,105800020,205800020,0.985002178872141,1.13429941882391,3,G003,1,G003,0,0,0,1,0,0,0,1,0,REJECTED,fit_quality_gate,3.46688556160056,4.5466602605495,1.07977469894894,3.16830284567193,1.31440311952039,0,132,133
T,ADD_M1_M3,H50,B,0,ADD_M1_M3,"M=20,20,20,20,|T=0,0,0,0,|B=1,15,1,50;3,15,1,50;",0,1,0,105800021,205800021,1.00478702675192,0.853908163940572,3,G003,1,G003,0,0,0,1,0,0,0,1,0,REJECTED,fit_quality_gate,3.68396038202064,4.44268752285661,0.758727140835971,3.57617206192807,1.31440311952039,0,92,93
T,ADD_M1_M3,H50,B,0,ADD_M1_M3,"M=20,20,20,20,|T=0,0,0,0,|B=1,15,1,50;3,15,1,50;",0,1,0,105800022,205800022,1.00247814066464,0.871494126336815,3,G003,1,G003,0,0,0,1,0,0,0,1,0,REJECTED,fit_quality_gate,3.5610104386849,4.40119458067586,0.840184141990964,3.51424732157567,1.31440311952039,0,96,97
T,ADD_M1_M3,H50,B,0,ADD_M1_M3,"M=20,20,20,20,|T=0,0,0,0,|B=1,15,1,50;3,15,1,50;",0,1,0,105800023,205800023,1.01665228652604,0.878197415472829,3,G003,1,G003,0,0,0,1,0,0,0,1,0,REJECTED,fit_quality_gate,3.36863958906174,4.32466388220318,0.956024293141442,3.45064664950102,1.31440311952039,0,96,97
T,ADD_M1_M3,H50,B,0,ADD_M1_M3,"M=20,20,20,20,|T=0,0,0,0,|B=1,15,1,50;3,15,1,50;",0,1,0,105800024,205800024,1.00519164862682,1.03023036723775,3,G003,1,G003,0,0,0,1,0,0,0,1,0,REJECTED,fit_quality_gate,3.34508064556989,4.20727719157062,0.862196546000734,3.35929491511378,1.31440311952039,0,95,96
T,ADD_M1_M3,H50,B,0,ADD_M1_M3,"M=20,20,20,20,|T=0,0,0,0,|B=1,15,1,50;3,15,1,50;",0,1,0,105800025,205800025,1.01656031926277,1.15062606478678,3,G003,1,G003,0,0,0,1,0,0,0,1,0,REJECTED,fit_quality_gate,3.24917320468892,4.2388446824488,0.989671477759879,3.39544281379931,1.31440311952039,0,97,98
T,ADD_M1_M3,H50,B,0,ADD_M1_M3,"M=20,20,20,20,|T=0,0,0,0,|B=1,15,1,50;3,15,1,50;",0,1,0,105800026,205800026,1.00171774719408,1.16149730374406,3,G003,1,G003,0,0,0,1,0,0,0,1,0,REJECTED,fit_quality_gate,3.55091121392933,4.34046924940586,0.789558035476528,3.3251806971147,1.31440311952039,0,98,99
T,ADD_M1_M3,H50,B,0,ADD_M1_M3,"M=20,20,20,20,|T=0,0,0,0,|B=1,15,1,50;3,15,1,50;",0,1,0,105800027,205800027,1.00788061118298,0.919503659153942,3,G003,1,G003,0,0,0,1,0,0,0,1,0,REJECTED,fit_quality_gate,3.52616747580062,4.42612292823291,0.899955452432282,3.39676208319137,1.31440311952039,0,93,94
T,ADD_M1_M3,H50,B,0,ADD_M1_M3,"M=20,20,20,20,|T=0,0,0,0,|B=1,15,1,50;3,15,1,50;",0,1,0,105800028,205800028,0.992763523720378,0.825122593391255,3,G003,1,G003,0,0,0,1,0,0,0,1,0,REJECTED,fit_quality_gate,3.66130259541597,4.52955309159759,0.86825049618162,3.3454512291597,1.31440311952039,0,95,96
T,ADD_M1_M3,H50,B,0,ADD_M1_M3,"M=20,20,20,20,|T=0,0,0,0,|B=1,15,1,50;3,15,1,50;",0,1,0,105800029,205800029,0.990175893647998,1.14079093139576,3,G003,1,G003,0,0,0,1,0,0,0,1,0,REJECTED,fit_quality_gate,3.48296318691617,4.46522156074836,0.982258373832192,3.19024680565864,1.31440311952039,0,132,133
T,ADD_M1_M3,H50,B,0,ADD_M1_M3,"M=20,20,20,20,|T=0,0,0,0,|B=1,15,1,50;3,15,1,50;",0,1,0,105800030,205800030,0.993246761914355,1.19588036377535,3,G003,1,G003,0,0,0,1,0,0,0,1,0,REJECTED,fit_quality_gate,3.35037798181774,4.34955771038044,0.999179728562701,3.33144576372981,1.31440311952039,0,132,133
T,ADD_M2_M3,H50,B,0,ADD_M2_M3,"M=20,20,20,20,|T=0,0,0,0,|B=2,15,1,50;3,15,1,50;",0,1,0,105500001,205500001,0.999869786963091,1.11358411060651,3,G003,1,G003,0,0,0,1,0,0,0,1,0,REJECTED,fit_quality_gate,3.55082520472325,3.9161930474853,0.365367842762049,3.18665378180512,1.31440311952039,0,117,118
T,ADD_M2_M3,H50,B,0,ADD_M2_M3,"M=20,20,20,20,|T=0,0,0,0,|B=2,15,1,50;3,15,1,50;",0,1,0,105500002,205500002,1.00600829493411,1.11947738836508,3,G003,1,G003,0,0,0,1,0,0,0,1,0,REJECTED,fit_quality_gate,3.48920394005639,3.92887541097724,0.439671470920855,3.03693988237315,1.31440311952039,0,113,114
T,ADD_M2_M3,H50,B,0,ADD_M2_M3,"M=20,20,20,20,|T=0,0,0,0,|B=2,15,1,50;3,15,1,50;",0,1,0,105500003,205500003,0.998227496680684,0.827921163652505,3,G003,1,G003,0,0,0,1,0,0,0,1,0,REJECTED,fit_quality_gate,3.67055933311046,4.24516969005632,0.574610356945865,3.39651029485714,1.31440311952039,0,115,116
T,ADD_M2_M3,H50,B,0,ADD_M2_M3,"M=20,20,20,20,|T=0,0,0,0,|B=2,15,1,50;3,15,1,50;",0,1,0,105500004,205500004,0.982236764739507,0.92848575417968,3,G003,1,G003,0,0,0,1,0,0,0,1,0,REJECTED,fit_quality_gate,3.7772470754055,4.19882851461709,0.421581439211592,3.25298670092723,1.31440311952039,0,95,96
T,ADD_M2_M3,H50,B,0,ADD_M2_M3,"M=20,20,20,20,|T=0,0,0,0,|B=2,15,1,50;3,15,1,50;",0,1,0,105500005,205500005,1.014818355481,0.970041850805529,3,G003,1,G003,0,0,0,1,0,0,0,1,0,REJECTED,fit_quality_gate,3.56937956262419,4.07998540439762,0.510605841773424,3.07906891072302,1.31440311952039,0,95,96
T,ADD_M2_M3,H50,B,0,ADD_M2_M3,"M=20,20,20,20,|T=0,0,0,0,|B=2,15,1,50;3,15,1,50;",0,1,0,105500006,205500006,0.998922395018758,1.11719332065787,3,G003,1,G003,0,0,0,1,0,0,0,1,0,REJECTED,fit_quality_gate,3.48580339322813,3.91961078017945,0.433807386951316,3.05313470566613,1.31440311952039,0,115,116
T,ADD_M2_M3,H50,B,0,ADD_M2_M3,"M=20,20,20,20,|T=0,0,0,0,|B=2,15,1,50;3,15,1,50;",0,1,0,105500007,205500007,0.983315938996486,0.926296316738715,3,G003,1,G003,0,0,0,1,0,0,0,1,0,REJECTED,fit_quality_gate,3.71768087224638,4.21250626398745,0.494825391741069,3.31696940032653,1.31440311952039,0,95,96
T,ADD_M2_M3,H50,B,0,ADD_M2_M3,"M=20,20,20,20,|T=0,0,0,0,|B=2,15,1,50;3,15,1,50;",0,1,0,105500008,205500008,0.998123787103149,0.863499333878368,3,G003,1,G003,0,0,0,1,0,0,0,1,0,REJECTED,fit_quality_gate,3.81141070759827,4.10733765368891,0.295926946090644,3.38548638550723,1.31440311952039,0,98,99
T,ADD_M2_M3,H50,B,0,ADD_M2_M3,"M=20,20,20,20,|T=0,0,0,0,|B=2,15,1,50;3,15,1,50;",0,1,0,105500009,205500009,0.994933131120601,0.803849249456964,3,G003,1,G003,0,0,0,1,0,0,0,1,0,REJECTED,fit_quality_gate,3.80495526311243,4.37090064558676,0.565945382474332,3.26946334274055,1.31440311952039,0,113,114
T,ADD_M2_M3,H50,B,0,ADD_M2_M3,"M=20,20,20,20,|T=0,0,0,0,|B=2,15,1,50;3,15,1,50;",0,1,0,105500010,205500010,1.01741098235023,1.01230433497758,3,G003,1,G003,0,0,0,1,0,0,0,1,0,REJECTED,fit_quality_gate,3.63028110462509,3.99865291663171,0.368371812006616,3.2315384758965,1.31440311952039,0,95,96
T,ADD_M2_M3,H50,B,0,ADD_M2_M3,"M=20,20,20,20,|T=0,0,0,0,|B=2,15,1,50;3,15,1,50;",0,1,0,105500011,205500011,1.00205098647931,0.837330380481689,3,G003,1,G003,0,0,0,1,0,0,0,1,0,REJECTED,fit_quality_gate,3.82288183120776,4.17199382318187,0.349111991974105,3.29552580875279,1.31440311952039,0,97,98
T,ADD_M2_M3,H50,B,0,ADD_M2_M3,"M=20,20,20,20,|T=0,0,0,0,|B=2,15,1,50;3,15,1,50;",0,1,0,105500012,205500012,0.993523070919113,1.06098762612448,3,G003,1,G003,0,0,0,1,0,0,0,1,0,REJECTED,fit_quality_gate,3.6538285465717,4.04020312519047,0.38637457861877,3.17965586591717,1.31440311952039,0,111,112
T,ADD_M2_M3,H50,B,0,ADD_M2_M3,"M=20,20,20,20,|T=0,0,0,0,|B=2,15,1,50;3,15,1,50;",0,1,0,105500013,205500013,0.983915744368027,1.07132242643849,3,G003,1,G003,0,0,0,1,0,0,0,1,0,REJECTED,fit_quality_gate,3.68863074400368,4.16876040215731,0.480129658153628,3.12299662233505,1.31440311952039,0,95,96
T,ADD_M2_M3,H50,B,0,ADD_M2_M3,"M=20,20,20,20,|T=0,0,0,0,|B=2,15,1,50;3,15,1,50;",0,1,0,105500014,205500014,1.01010865221402,1.17962552202502,3,G003,1,G003,0,0,0,1,0,0,0,1,0,REJECTED,fit_quality_gate,3.39001282081263,3.97803888576631,0.588026064953682,3.06949048526913,1.31440311952039,0,113,114
T,ADD_M2_M3,H50,B,0,ADD_M2_M3,"M=20,20,20,20,|T=0,0,0,0,|B=2,15,1,50;3,15,1,50;",0,1,0,105500015,205500015,0.980121750969647,1.11388692882841,3,G003,1,G003,0,0,0,1,0,0,0,1,0,REJECTED,fit_quality_gate,3.50185021183723,4.08015604994188,0.578305838104647,3.35330515462667,1.31440311952039,0,114,115
T,ADD_M2_M3,H50,B,0,ADD_M2_M3,"M=20,20,20,20,|T=0,0,0,0,|B=2,15,1,50;3,15,1,50;",0,1,0,105500016,205500016,1.01637193800934,1.01549497331359,3,G003,1,G003,0,0,0,1,0,0,0,1,0,REJECTED,fit_quality_gate,3.61096780469405,4.10224254202812,0.491274737334074,3.10454318499857,1.31440311952039,0,117,118
T,ADD_M2_M3,H50,B,0,ADD_M2_M3,"M=20,20,20,20,|T=0,0,0,0,|B=2,15,1,50;3,15,1,50;",0,1,0,105500017,205500017,0.980796220826829,1.01705255123983,3,G003,1,G003,0,0,0,1,0,0,0,1,0,REJECTED,fit_quality_gate,3.75399290258975,4.24987267807247,0.495879775482723,3.34014420229496,1.31440311952039,0,115,116
T,ADD_M2_M3,H50,B,0,ADD_M2_M3,"M=20,20,20,20,|T=0,0,0,0,|B=2,15,1,50;3,15,1,50;",0,1,0,105500018,205500018,1.00455571721019,1.00524768618037,3,G003,1,G003,0,0,0,1,0,0,0,1,0,REJECTED,fit_quality_gate,3.60350759422037,4.10441628085025,0.500908686629879,3.25762436524677,1.31440311952039,0,111,112
T,ADD_M2_M3,H50,B,0,ADD_M2_M3,"M=20,20,20,20,|T=0,0,0,0,|B=2,15,1,50;3,15,1,50;",0,1,0,105500019,205500019,1.00139977773477,0.977617788330116,3,G003,1,G003,0,0,0,1,0,0,0,1,0,REJECTED,fit_quality_gate,3.60825992944298,4.10134350683313,0.493083577390154,3.30489985499789,1.31440311952039,0,96,97
T,ADD_M2_M3,H50,B,0,ADD_M2_M3,"M=20,20,20,20,|T=0,0,0,0,|B=2,15,1,50;3,15,1,50;",0,1,0,105500020,205500020,0.982481593345831,0.931570407375542,3,G003,1,G003,0,0,0,1,0,0,0,1,0,REJECTED,fit_quality_gate,3.77313578665466,4.23410429796613,0.460968511311471,3.35409004538517,1.31440311952039,0,93,94
T,ADD_M2_M3,H50,B,0,ADD_M2_M3,"M=20,20,20,20,|T=0,0,0,0,|B=2,15,1,50;3,15,1,50;",0,1,0,105500021,205500021,0.996580640341393,0.886114330054463,3,G003,1,G003,0,0,0,1,0,0,0,1,0,REJECTED,fit_quality_gate,3.69022161451793,4.0789516472586,0.38873003274067,3.25132008083333,1.31440311952039,0,94,95
T,ADD_M2_M3,H50,B,0,ADD_M2_M3,"M=20,20,20,20,|T=0,0,0,0,|B=2,15,1,50;3,15,1,50;",0,1,0,105500022,205500022,0.991193930532275,1.02223701903892,3,G003,1,G003,0,0,0,1,0,0,0,1,0,REJECTED,fit_quality_gate,3.58305924760893,4.17716784223284,0.594108594623903,3.04160022352448,1.31440311952039,0,113,114
T,ADD_M2_M3,H50,B,0,ADD_M2_M3,"M=20,20,20,20,|T=0,0,0,0,|B=2,15,1,50;3,15,1,50;",0,1,0,105500023,205500023,0.997748326294087,1.07962917676454,3,G003,1,G003,0,0,0,1,0,0,0,1,0,REJECTED,fit_quality_gate,3.50459168608013,4.1240228058837,0.619431119803569,3.23730809147623,1.31440311952039,0,115,116
T,ADD_M2_M3,H50,B,0,ADD_M2_M3,"M=20,20,20,20,|T=0,0,0,0,|B=2,15,1,50;3,15,1,50;",0,1,0,105500024,205500024,1.01913729934741,1.0095763289248,3,G003,1,G003,0,0,0,1,0,0,0,1,0,REJECTED,fit_quality_gate,3.84309942818105,4.17930706172372,0.336207633542678,3.1382747519759,1.31440311952039,0,93,94
T,ADD_M2_M3,H50,B,0,ADD_M2_M3,"M=20,20,20,20,|T=0,0,0,0,|B=2,15,1,50;3,15,1,50;",0,1,0,105500025,205500025,1.00584078147998,0.914165024082531,3,G003,1,G003,0,0,0,1,0,0,0,1,0,REJECTED,fit_quality_gate,3.84804811758186,4.2048339203484,0.356785802766531,2.99710502756626,1.31440311952039,0,95,96
T,ADD_M2_M3,H50,B,0,ADD_M2_M3,"M=20,20,20,20,|T=0,0,0,0,|B=2,15,1,50;3,15,1,50;",0,1,0,105500026,205500026,0.986600337126229,1.17745831214516,3,G003,1,G003,0,0,0,1,0,0,0,1,0,REJECTED,fit_quality_gate,3.48568904762065,3.99003902652795,0.5043499789073,3.11845990112536,1.31440311952039,0,114,115
T,ADD_M2_M3,H50,B,0,ADD_M2_M3,"M=20,20,20,20,|T=0,0,0,0,|B=2,15,1,50;3,15,1,50;",0,1,0,105500027,205500027,1.01677938743988,0.993735867690184,3,G003,1,G003,0,0,0,1,0,0,0,1,0,REJECTED,fit_quality_gate,3.56261129853549,4.01323349569234,0.450622197156847,3.14748666299157,1.31440311952039,0,115,116
T,ADD_M2_M3,H50,B,0,ADD_M2_M3,"M=20,20,20,20,|T=0,0,0,0,|B=2,15,1,50;3,15,1,50;",0,1,0,105500028,205500028,1.01990535896643,0.846645646863775,3,G003,1,G003,0,0,0,1,0,0,0,1,0,REJECTED,fit_quality_gate,3.67661885767624,4.18549473042349,0.508875872747251,3.32440491912554,1.31440311952039,0,95,96
T,ADD_M2_M3,H50,B,0,ADD_M2_M3,"M=20,20,20,20,|T=0,0,0,0,|B=2,15,1,50;3,15,1,50;",0,1,0,105500029,205500029,0.980326729464371,1.05301484663364,3,G003,1,G003,0,0,0,1,0,0,0,1,0,REJECTED,fit_quality_gate,3.73477946562005,4.25512850535799,0.520349039737936,3.19657492660902,1.31440311952039,0,111,112
T,ADD_M2_M3,H50,B,0,ADD_M2_M3,"M=20,20,20,20,|T=0,0,0,0,|B=2,15,1,50;3,15,1,50;",0,1,0,105500030,205500030,1.01000730880758,0.817907450200047,3,G003,1,G003,0,0,0,1,0,0,0,1,0,REJECTED,fit_quality_gate,3.60649235931773,4.04303796864182,0.436545609324086,3.26935709836675,1.31440311952039,0,96,97
T,DOUBLE_M3,H50,B,0,DOUBLE_M3,"M=20,20,20,20,|T=0,0,0,0,|B=3,15,1,50;3,15,1,50;",0,1,0,105300001,205300001,0.994142298816724,0.921439987392495,3,G003,1,G003,0,0,0,1,0,0,0,1,0,REJECTED,fit_quality_gate,2.33138448042378,4.33789762113318,2.0065131407094,2.50700784377679,1.31440311952039,0,132,133
T,DOUBLE_M3,H50,B,0,DOUBLE_M3,"M=20,20,20,20,|T=0,0,0,0,|B=3,15,1,50;3,15,1,50;",0,1,0,105300002,205300002,0.998796239396031,1.17766251543199,3,G003,1,G003,0,0,0,1,0,0,0,1,0,REJECTED,fit_quality_gate,2.2310639581602,4.16669662423867,1.93563266607847,2.38330715230655,1.31440311952039,0,130,131
T,DOUBLE_M3,H50,B,0,DOUBLE_M3,"M=20,20,20,20,|T=0,0,0,0,|B=3,15,1,50;3,15,1,50;",0,1,0,105300003,205300003,0.980900932432286,1.17259115609537,3,G003,1,G003,0,0,0,1,0,0,0,1,0,REJECTED,fit_quality_gate,2.34309158589471,4.4147722537137,2.07168066781899,2.30023228732079,1.31440311952039,0,132,133
T,DOUBLE_M3,H50,B,0,DOUBLE_M3,"M=20,20,20,20,|T=0,0,0,0,|B=3,15,1,50;3,15,1,50;",0,1,0,105300004,205300004,0.986250145023289,1.08388630078778,3,G003,1,G003,0,0,0,1,0,0,0,1,0,REJECTED,fit_quality_gate,2.30710832534902,4.32836398448205,2.02125565913303,2.44859953523559,1.31440311952039,0,132,133
T,DOUBLE_M3,H50,B,0,DOUBLE_M3,"M=20,20,20,20,|T=0,0,0,0,|B=3,15,1,50;3,15,1,50;",0,1,0,105300005,205300005,0.997406476800335,1.15042646746507,3,G003,1,G003,0,0,0,1,0,0,0,1,0,REJECTED,fit_quality_gate,2.38706338347957,4.3624780841898,1.97541470071023,2.33705351252646,1.31440311952039,0,132,133
T,DOUBLE_M3,H50,B,0,DOUBLE_M3,"M=20,20,20,20,|T=0,0,0,0,|B=3,15,1,50;3,15,1,50;",0,1,0,105300006,205300006,1.01184048687591,1.19196326569785,3,G003,1,G003,0,0,0,1,0,0,0,1,0,REJECTED,fit_quality_gate,2.48864235035343,4.29702566995619,1.80838331960276,2.20913064238186,1.31440311952039,0,132,133
T,DOUBLE_M3,H50,B,0,DOUBLE_M3,"M=20,20,20,20,|T=0,0,0,0,|B=3,15,1,50;3,15,1,50;",0,1,0,105300007,205300007,1.00681741883585,0.975484006667856,3,G003,1,G003,0,0,0,1,0,0,0,1,0,REJECTED,fit_quality_gate,2.42801469421515,4.33325076714889,1.90523607293374,2.32888371037742,1.31440311952039,0,132,133
T,DOUBLE_M3,H50,B,0,DOUBLE_M3,"M=20,20,20,20,|T=0,0,0,0,|B=3,15,1,50;3,15,1,50;",0,1,0,105300008,205300008,0.987101324943478,0.841481434096688,3,G003,1,G003,0,0,0,1,0,0,0,1,0,REJECTED,fit_quality_gate,2.39714344604001,4.36992646577326,1.97278301973325,2.4851768797255,1.31440311952039,0,132,133
T,DOUBLE_M3,H50,B,0,DOUBLE_M3,"M=20,20,20,20,|T=0,0,0,0,|B=3,15,1,50;3,15,1,50;",0,1,0,105300009,205300009,1.01988312374574,0.944391030935515,3,G003,1,G003,0,0,0,1,0,0,0,1,0,REJECTED,fit_quality_gate,2.38814359048674,4.16743567103055,1.7792920805438,2.27759735346625,1.31440311952039,0,136,137
T,DOUBLE_M3,H50,B,0,DOUBLE_M3,"M=20,20,20,20,|T=0,0,0,0,|B=3,15,1,50;3,15,1,50;",0,1,0,105300010,205300010,1.01439815978853,0.842940154172461,3,G003,1,G003,0,0,0,1,0,0,0,1,0,REJECTED,fit_quality_gate,2.37471545545189,4.27264504966793,1.89792959421605,2.02711861461253,1.31440311952039,0,113,114
T,DOUBLE_M3,H50,B,0,DOUBLE_M3,"M=20,20,20,20,|T=0,0,0,0,|B=3,15,1,50;3,15,1,50;",0,1,0,105300011,205300011,1.00975815068017,0.984153058763247,3,G003,1,G003,0,0,0,1,0,0,0,1,0,REJECTED,fit_quality_gate,2.39477705896516,4.11645476473042,1.72167770576526,2.35816698560294,1.31440311952039,0,132,133
T,DOUBLE_M3,H50,B,0,DOUBLE_M3,"M=20,20,20,20,|T=0,0,0,0,|B=3,15,1,50;3,15,1,50;",0,1,0,105300012,205300012,1.01857299706846,1.00561581562816,3,G003,1,G003,0,0,0,1,0,0,0,1,0,REJECTED,fit_quality_gate,2.56300219626818,4.26480338024269,1.70180118397452,2.28523655310857,1.31440311952039,0,128,129
T,DOUBLE_M3,H50,B,0,DOUBLE_M3,"M=20,20,20,20,|T=0,0,0,0,|B=3,15,1,50;3,15,1,50;",0,1,0,105300013,205300013,1.0001930200299,1.00171200452765,3,G003,1,G003,0,0,0,1,0,0,0,1,0,REJECTED,fit_quality_gate,2.38515512039278,4.30591896689226,1.92076384649947,2.46193464546302,1.31440311952039,0,134,135
T,DOUBLE_M3,H50,B,0,DOUBLE_M3,"M=20,20,20,20,|T=0,0,0,0,|B=3,15,1,50;3,15,1,50;",0,1,0,105300014,205300014,0.991508595164902,1.02537457240846,3,G003,1,G003,0,0,0,1,0,0,0,1,0,REJECTED,fit_quality_gate,2.45677769323006,4.29230673537958,1.83552904214953,2.49094778286252,1.31440311952039,0,132,133
T,DOUBLE_M3,H50,B,0,DOUBLE_M3,"M=20,20,20,20,|T=0,0,0,0,|B=3,15,1,50;3,15,1,50;",0,1,0,105300015,205300015,0.992789505976045,0.993071002286362,3,G003,1,G003,0,0,0,1,0,0,0,1,0,REJECTED,fit_quality_gate,2.44727823103561,4.34745315938625,1.90017492835064,2.57673964700534,1.31440311952039,0,132,133
T,DOUBLE_M3,H50,B,0,DOUBLE_M3,"M=20,20,20,20,|T=0,0,0,0,|B=3,15,1,50;3,15,1,50;",0,1,0,105300016,205300016,0.992308988538501,1.06179795039292,3,G003,1,G003,0,0,0,1,0,0,0,1,0,REJECTED,fit_quality_gate,2.38897769233623,4.39177585812459,2.00279816578836,2.37880204848007,1.31440311952039,0,132,133
T,DOUBLE_M3,H50,B,0,DOUBLE_M3,"M=20,20,20,20,|T=0,0,0,0,|B=3,15,1,50;3,15,1,50;",0,1,0,105300017,205300017,1.01008396761288,0.955328053147857,3,G003,1,G003,0,0,0,1,0,0,0,1,0,REJECTED,fit_quality_gate,2.38759993427903,4.20841602191069,1.82081608763166,2.51995551378978,1.31440311952039,0,134,135
T,DOUBLE_M3,H50,B,0,DOUBLE_M3,"M=20,20,20,20,|T=0,0,0,0,|B=3,15,1,50;3,15,1,50;",0,1,0,105300018,205300018,0.999306612768769,1.01803460630591,3,G003,1,G003,0,0,0,1,0,0,0,1,0,REJECTED,fit_quality_gate,2.4157541005836,4.32239379677537,1.90663969619177,2.30499638964544,1.31440311952039,0,132,133
T,DOUBLE_M3,H50,B,0,DOUBLE_M3,"M=20,20,20,20,|T=0,0,0,0,|B=3,15,1,50;3,15,1,50;",0,1,0,105300019,205300019,0.99675237910883,0.868678010003225,3,G003,1,G003,0,0,0,1,0,0,0,1,0,REJECTED,fit_quality_gate,2.49438547013916,4.25118259073482,1.75679712059567,2.49354804946295,1.31440311952039,0,114,115
T,DOUBLE_M3,H50,B,0,DOUBLE_M3,"M=20,20,20,20,|T=0,0,0,0,|B=3,15,1,50;3,15,1,50;",0,1,0,105300020,205300020,1.00439689269713,0.966740163316416,3,G003,1,G003,0,0,0,1,0,0,0,1,0,REJECTED,fit_quality_gate,2.53620653032674,4.27260340116798,1.73639687084124,2.43283788543235,1.31440311952039,0,132,133
T,DOUBLE_M3,H50,B,0,DOUBLE_M3,"M=20,20,20,20,|T=0,0,0,0,|B=3,15,1,50;3,15,1,50;",0,1,0,105300021,205300021,0.995583542347458,0.989034382878287,3,G003,1,G003,0,0,0,1,0,0,0,1,0,REJECTED,fit_quality_gate,2.33015101384903,4.25000997404934,1.91985896020031,2.35473730776908,1.31440311952039,0,114,115
T,DOUBLE_M3,H50,B,0,DOUBLE_M3,"M=20,20,20,20,|T=0,0,0,0,|B=3,15,1,50;3,15,1,50;",0,1,0,105300022,205300022,0.989955871036622,0.860921744142146,3,G003,1,G003,0,0,0,1,0,0,0,1,0,REJECTED,fit_quality_gate,2.49822029203716,4.46684147158096,1.9686211795438,2.60643941504066,1.31440311952039,0,114,115
T,DOUBLE_M3,H50,B,0,DOUBLE_M3,"M=20,20,20,20,|T=0,0,0,0,|B=3,15,1,50;3,15,1,50;",0,1,0,105300023,205300023,1.00262092419101,0.844623510600253,3,G003,1,G003,0,0,0,1,0,0,0,1,0,REJECTED,fit_quality_gate,2.36029266714436,4.33549926316723,1.97520659602287,2.57581822677349,1.31440311952039,0,113,114
T,DOUBLE_M3,H50,B,0,DOUBLE_M3,"M=20,20,20,20,|T=0,0,0,0,|B=3,15,1,50;3,15,1,50;",0,1,0,105300024,205300024,1.011652709286,1.00527979389117,3,G003,1,G003,0,0,0,1,0,0,0,1,0,REJECTED,fit_quality_gate,2.48848440757941,4.2398425606951,1.7513581531157,2.16844617585038,1.31440311952039,0,134,135
T,DOUBLE_M3,H50,B,0,DOUBLE_M3,"M=20,20,20,20,|T=0,0,0,0,|B=3,15,1,50;3,15,1,50;",0,1,0,105300025,205300025,1.01289368637454,0.953623938704076,3,G003,1,G003,0,0,0,1,0,0,0,1,0,REJECTED,fit_quality_gate,2.4661205655182,4.23055282010964,1.76443225459144,2.25959872144421,1.31440311952039,0,134,135
T,DOUBLE_M3,H50,B,0,DOUBLE_M3,"M=20,20,20,20,|T=0,0,0,0,|B=3,15,1,50;3,15,1,50;",0,1,0,105300026,205300026,0.997145343191563,0.922067252421,3,G003,1,G003,0,0,0,1,0,0,0,1,0,REJECTED,fit_quality_gate,2.42416416526894,4.25958589663063,1.83542173136169,2.33131290394756,1.31440311952039,0,114,115
T,DOUBLE_M3,H50,B,0,DOUBLE_M3,"M=20,20,20,20,|T=0,0,0,0,|B=3,15,1,50;3,15,1,50;",0,1,0,105300027,205300027,0.990037514814725,1.05925329361712,3,G003,1,G003,0,0,0,1,0,0,0,1,0,REJECTED,fit_quality_gate,2.32417901352047,4.39366991259585,2.06949089907538,2.51367934734442,1.31440311952039,0,132,133
T,DOUBLE_M3,H50,B,0,DOUBLE_M3,"M=20,20,20,20,|T=0,0,0,0,|B=3,15,1,50;3,15,1,50;",0,1,0,105300028,205300028,0.982632048310026,1.18338396593598,3,G003,1,G003,0,0,0,1,0,0,0,1,0,REJECTED,fit_quality_gate,2.36850034417303,4.32600668097267,1.95750633679963,2.45835535923904,1.31440311952039,0,132,133
T,DOUBLE_M3,H50,B,0,DOUBLE_M3,"M=20,20,20,20,|T=0,0,0,0,|B=3,15,1,50;3,15,1,50;",0,1,0,105300029,205300029,1.00074449886914,1.05059598443586,3,G003,1,G003,0,0,0,1,0,0,0,1,0,REJECTED,fit_quality_gate,2.47978436366115,4.33837827078247,1.85859390712132,2.36787650390478,1.31440311952039,0,130,131
T,DOUBLE_M3,H50,B,0,DOUBLE_M3,"M=20,20,20,20,|T=0,0,0,0,|B=3,15,1,50;3,15,1,50;",0,1,0,105300030,205300030,1.01176005754663,1.15819831314047,3,G003,1,G003,0,0,0,1,0,0,0,1,0,REJECTED,fit_quality_gate,2.37531138278042,4.27795403880746,1.90264265602703,2.40829147538975,1.31440311952039,0,134,135
T_domain,G002_domain_out,H50,B,0,G002,"M=20,20,20,20,|T=0,0,0,0,|B=2,15,1,50;",1,0,1,155400001,255400001,1.15,1.12884131547676,3,G002,1,G002,1,1,0,0,1,0,0,0,0,REJECTED,fit_quality_gate,9.83970350628674,9.91792194108205,0.0782184347953088,10.9553894888438,1.31440311952039,0,216,217
T_domain,G002_domain_out,H50,B,0,G002,"M=20,20,20,20,|T=0,0,0,0,|B=2,15,1,50;",1,0,1,155400002,255400002,1.15,1.02561173018079,3,G002,1,G002,1,1,0,0,1,0,0,0,0,REJECTED,fit_quality_gate,9.82924722002025,9.91874968122556,0.0895024612053064,11.2342819725042,1.31440311952039,0,216,217
T_domain,G002_domain_out,H50,B,0,G002,"M=20,20,20,20,|T=0,0,0,0,|B=2,15,1,50;",1,0,1,155400003,255400003,1.15,1.15402003894716,3,G002,1,G002,1,1,0,0,1,0,0,0,0,REJECTED,fit_quality_gate,9.84078530002132,9.87521389214111,0.034428592119788,10.997777123131,1.31440311952039,0,216,217
T_domain,G002_domain_out,H50,B,0,G002,"M=20,20,20,20,|T=0,0,0,0,|B=2,15,1,50;",1,0,1,155400004,255400004,1.15,1.03619650120576,3,G002,1,G002,1,1,0,0,1,0,0,0,0,REJECTED,fit_quality_gate,9.86137184434095,9.93480518753875,0.0734333431977934,11.1728738114584,1.31440311952039,0,216,217
T_domain,G002_domain_out,H50,B,0,G002,"M=20,20,20,20,|T=0,0,0,0,|B=2,15,1,50;",1,0,1,155400005,255400005,1.15,0.973530142577809,3,G002,1,G002,1,1,0,0,1,0,0,0,0,REJECTED,fit_quality_gate,9.87889912233585,9.92068122334756,0.0417821010117088,11.1501255578986,1.31440311952039,0,216,217
T_domain,G002_domain_out,H50,B,0,G002,"M=20,20,20,20,|T=0,0,0,0,|B=2,15,1,50;",1,0,1,155400006,255400006,1.15,0.876277797983159,3,G002,1,G002,1,1,0,0,1,0,0,0,0,REJECTED,fit_quality_gate,9.85779864385337,9.97008370417152,0.112285060318152,11.1761095124044,1.31440311952039,0,216,217
T_domain,G002_domain_out,H50,B,0,G002,"M=20,20,20,20,|T=0,0,0,0,|B=2,15,1,50;",1,0,1,155400007,255400007,1.15,1.11098324243282,3,G002,1,G002,1,1,0,0,1,0,0,0,0,REJECTED,fit_quality_gate,9.8010217133753,9.87557010246116,0.0745483890858605,10.9731665606656,1.31440311952039,0,216,217
T_domain,G002_domain_out,H50,B,0,G002,"M=20,20,20,20,|T=0,0,0,0,|B=2,15,1,50;",1,0,1,155400008,255400008,1.15,0.902479587302444,3,G002,1,G002,1,1,0,0,1,0,0,0,0,REJECTED,fit_quality_gate,9.86619273578102,9.95832807689924,0.0921353411182171,10.9899208617907,1.31440311952039,0,216,217
T_domain,G002_domain_out,H50,B,0,G002,"M=20,20,20,20,|T=0,0,0,0,|B=2,15,1,50;",1,0,1,155400009,255400009,1.15,0.906681581185242,3,G002,1,G002,1,1,0,0,1,0,0,0,0,REJECTED,fit_quality_gate,9.81548100148298,9.89393748101619,0.0784564795332123,10.953153171935,1.31440311952039,0,216,217
T_domain,G002_domain_out,H50,B,0,G002,"M=20,20,20,20,|T=0,0,0,0,|B=2,15,1,50;",1,0,1,155400010,255400010,1.15,0.813228138908581,3,G002,1,G002,1,1,0,0,1,0,0,0,0,REJECTED,fit_quality_gate,9.93161766560662,10.026838596575,0.0952209309683543,10.8973858565124,1.31440311952039,0,216,217
T_domain,G002_domain_out,H50,B,0,G002,"M=20,20,20,20,|T=0,0,0,0,|B=2,15,1,50;",1,0,1,155400011,255400011,1.15,1.15868124334444,3,G002,1,G002,1,1,0,0,1,0,0,0,0,REJECTED,fit_quality_gate,9.91072704155626,9.97936669041351,0.0686396488572516,10.9877788282944,1.31440311952039,0,216,217
T_domain,G002_domain_out,H50,B,0,G002,"M=20,20,20,20,|T=0,0,0,0,|B=2,15,1,50;",1,0,1,155400012,255400012,1.15,1.07727751484691,3,G002,1,G002,1,1,0,0,1,0,0,0,0,REJECTED,fit_quality_gate,9.93279730848881,10.0101276072027,0.0773302987138464,11.103936084263,1.31440311952039,0,216,217
T_domain,G002_domain_out,H50,B,0,G002,"M=20,20,20,20,|T=0,0,0,0,|B=2,15,1,50;",1,0,1,155400013,255400013,1.15,1.09492538029689,3,G002,1,G002,1,1,0,0,1,0,0,0,0,REJECTED,fit_quality_gate,9.86523887255921,9.95239256536262,0.0871536928034118,10.9088251058614,1.31440311952039,0,216,217
T_domain,G002_domain_out,H50,B,0,G002,"M=20,20,20,20,|T=0,0,0,0,|B=2,15,1,50;",1,0,1,155400014,255400014,1.15,0.864042626340992,3,G002,1,G002,1,1,0,0,1,0,0,0,0,REJECTED,fit_quality_gate,9.8890818660583,10.005186861051,0.116104994992662,10.9721001728487,1.31440311952039,0,216,217
T_domain,G002_domain_out,H50,B,0,G002,"M=20,20,20,20,|T=0,0,0,0,|B=2,15,1,50;",1,0,1,155400015,255400015,1.15,0.907144302068726,3,G002,1,G002,1,1,0,0,1,0,0,0,0,REJECTED,fit_quality_gate,9.96803884234823,10.0610167569233,0.0929779145751102,11.1496465090603,1.31440311952039,0,216,217
T_domain,G002_domain_out,H50,B,0,G002,"M=20,20,20,20,|T=0,0,0,0,|B=2,15,1,50;",1,0,1,155400016,255400016,1.15,1.02315740450297,3,G002,1,G002,1,1,0,0,1,0,0,0,0,REJECTED,fit_quality_gate,9.94175097062579,10.0322567863484,0.0905058157226115,11.0748574011467,1.31440311952039,0,216,217
T_domain,G002_domain_out,H50,B,0,G002,"M=20,20,20,20,|T=0,0,0,0,|B=2,15,1,50;",1,0,1,155400017,255400017,1.15,0.94983870775824,3,G002,1,G002,1,1,0,0,1,0,0,0,0,REJECTED,fit_quality_gate,9.90844508746943,9.98726177027354,0.0788166828041117,11.2226286257041,1.31440311952039,0,216,217
T_domain,G002_domain_out,H50,B,0,G002,"M=20,20,20,20,|T=0,0,0,0,|B=2,15,1,50;",1,0,1,155400018,255400018,1.15,0.851098094842341,3,G002,1,G002,1,1,0,0,1,0,0,0,0,REJECTED,fit_quality_gate,9.90411200524324,9.97999147596465,0.0758794707214108,11.2379353515846,1.31440311952039,0,216,217
T_domain,G002_domain_out,H50,B,0,G002,"M=20,20,20,20,|T=0,0,0,0,|B=2,15,1,50;",1,0,1,155400019,255400019,1.15,1.15081996727221,3,G002,1,G002,1,1,0,0,1,0,0,0,0,REJECTED,fit_quality_gate,9.90963507634601,9.96519293294137,0.0555578565953567,10.9986772729458,1.31440311952039,0,216,217
T_domain,G002_domain_out,H50,B,0,G002,"M=20,20,20,20,|T=0,0,0,0,|B=2,15,1,50;",1,0,1,155400020,255400020,1.15,0.989443461334601,3,G002,1,G002,1,1,0,0,1,0,0,0,0,REJECTED,fit_quality_gate,9.89491243981467,10.0143793147265,0.119466874911803,10.9546738361773,1.31440311952039,0,216,217
T_domain,G002_domain_out,H50,B,0,G002,"M=20,20,20,20,|T=0,0,0,0,|B=2,15,1,50;",1,0,1,155400021,255400021,1.15,1.02739880808362,3,G002,1,G002,1,1,0,0,1,0,0,0,0,REJECTED,fit_quality_gate,9.81870199397982,9.95041364544453,0.131711651464705,11.0642378302262,1.31440311952039,0,216,217
T_domain,G002_domain_out,H50,B,0,G002,"M=20,20,20,20,|T=0,0,0,0,|B=2,15,1,50;",1,0,1,155400022,255400022,1.15,1.1718040202307,3,G002,1,G002,1,1,0,0,1,0,0,0,0,REJECTED,fit_quality_gate,9.89917689806141,9.98988900016483,0.090712102103419,10.9359449089988,1.31440311952039,0,216,217
T_domain,G002_domain_out,H50,B,0,G002,"M=20,20,20,20,|T=0,0,0,0,|B=2,15,1,50;",1,0,1,155400023,255400023,1.15,1.09753062294878,3,G002,1,G002,1,1,0,0,1,0,0,0,0,REJECTED,fit_quality_gate,9.89955112548168,9.9582682189469,0.0587170934652228,11.0756119468222,1.31440311952039,0,216,217
T_domain,G002_domain_out,H50,B,0,G002,"M=20,20,20,20,|T=0,0,0,0,|B=2,15,1,50;",1,0,1,155400024,255400024,1.15,0.973668123151594,3,G002,1,G002,1,1,0,0,1,0,0,0,0,REJECTED,fit_quality_gate,9.90853071184102,9.9577987689008,0.049268057059777,11.193308309944,1.31440311952039,0,216,217
T_domain,G002_domain_out,H50,B,0,G002,"M=20,20,20,20,|T=0,0,0,0,|B=2,15,1,50;",1,0,1,155400025,255400025,1.15,0.818006038911299,3,G002,1,G002,1,1,0,0,1,0,0,0,0,REJECTED,fit_quality_gate,10.0476034144948,10.1085507091224,0.0609472946275993,11.3836418868625,1.31440311952039,0,216,217
T_domain,G002_domain_out,H50,B,0,G002,"M=20,20,20,20,|T=0,0,0,0,|B=2,15,1,50;",1,0,1,155400026,255400026,1.15,0.915465215153018,3,G002,1,G002,1,1,0,0,1,0,0,0,0,REJECTED,fit_quality_gate,9.89562987559579,9.97347110987612,0.0778412342803296,11.0211968562189,1.31440311952039,0,216,217
T_domain,G002_domain_out,H50,B,0,G002,"M=20,20,20,20,|T=0,0,0,0,|B=2,15,1,50;",1,0,1,155400027,255400027,1.15,0.83151918482161,3,G002,1,G002,1,1,0,0,1,0,0,0,0,REJECTED,fit_quality_gate,9.88035110685707,9.98218008800692,0.101828981149842,11.0783881877594,1.31440311952039,0,216,217
T_domain,G002_domain_out,H50,B,0,G002,"M=20,20,20,20,|T=0,0,0,0,|B=2,15,1,50;",1,0,1,155400028,255400028,1.15,0.953556577815418,3,G002,1,G002,1,1,0,0,1,0,0,0,0,REJECTED,fit_quality_gate,9.94033350071182,9.99956414276458,0.0592306420527589,11.1580891855142,1.31440311952039,0,216,217
T_domain,G002_domain_out,H50,B,0,G002,"M=20,20,20,20,|T=0,0,0,0,|B=2,15,1,50;",1,0,1,155400029,255400029,1.15,0.853410596465822,3,G002,1,G002,1,1,0,0,1,0,0,0,0,REJECTED,fit_quality_gate,10.0096083492825,10.137201031908,0.127592682625485,11.1412908306698,1.31440311952039,0,216,217
T_domain,G002_domain_out,H50,B,0,G002,"M=20,20,20,20,|T=0,0,0,0,|B=2,15,1,50;",1,0,1,155400030,255400030,1.15,1.15486552853543,3,G002,1,G002,1,1,0,0,1,0,0,0,0,REJECTED,fit_quality_gate,9.78496009305471,9.87439805709904,0.0894379640443272,11.201577245165,1.31440311952039,0,216,217
T_domain,G003_domain_out,H50,B,0,G003,"M=20,20,20,20,|T=0,0,0,0,|B=1,15,1,50;",1,0,1,155700001,255700001,1.15,0.803414251299255,3,G003,1,G003,1,1,0,0,1,0,0,0,0,REJECTED,fit_quality_gate,9.73269125503768,9.87058300187225,0.137891746834571,10.5398237541441,1.31440311952039,0,216,217
T_domain,G003_domain_out,H50,B,0,G003,"M=20,20,20,20,|T=0,0,0,0,|B=1,15,1,50;",1,0,1,155700002,255700002,1.15,1.1738337439768,3,G003,1,G003,1,1,0,0,1,0,0,0,0,REJECTED,fit_quality_gate,9.73133459027853,9.79608236603847,0.0647477757599351,10.5471173010776,1.31440311952039,0,216,217
T_domain,G003_domain_out,H50,B,0,G003,"M=20,20,20,20,|T=0,0,0,0,|B=1,15,1,50;",1,0,1,155700003,255700003,1.15,0.98271378037106,3,G003,1,G003,1,1,0,0,1,0,0,0,0,REJECTED,fit_quality_gate,9.61880726996153,9.73266151219481,0.113854242233279,10.5554556687915,1.31440311952039,0,216,217
T_domain,G003_domain_out,H50,B,0,G003,"M=20,20,20,20,|T=0,0,0,0,|B=1,15,1,50;",1,0,1,155700004,255700004,1.15,0.890581035054099,3,G003,1,G003,1,1,0,0,1,0,0,0,0,REJECTED,fit_quality_gate,9.88111621110641,9.93623741464896,0.0551212035425497,10.7691205246219,1.31440311952039,0,216,217
T_domain,G003_domain_out,H50,B,0,G003,"M=20,20,20,20,|T=0,0,0,0,|B=1,15,1,50;",1,0,1,155700005,255700005,1.15,1.10057337735844,3,G003,1,G003,1,1,0,0,1,0,0,0,0,REJECTED,fit_quality_gate,9.59488178245686,9.70156893956481,0.106687157107945,10.6199683214066,1.31440311952039,0,216,217
T_domain,G003_domain_out,H50,B,0,G003,"M=20,20,20,20,|T=0,0,0,0,|B=1,15,1,50;",1,0,1,155700006,255700006,1.15,1.02997813740481,3,G003,1,G003,1,1,0,0,1,0,0,0,0,REJECTED,fit_quality_gate,9.81525427450518,9.89876863227887,0.0835143577736908,10.5913421586195,1.31440311952039,0,216,217
T_domain,G003_domain_out,H50,B,0,G003,"M=20,20,20,20,|T=0,0,0,0,|B=1,15,1,50;",1,0,1,155700007,255700007,1.15,1.06513288713846,3,G003,1,G003,1,1,0,0,1,0,0,0,0,REJECTED,fit_quality_gate,9.6132648429579,9.71009806825087,0.0968332252929702,10.601774724942,1.31440311952039,0,216,217
T_domain,G003_domain_out,H50,B,0,G003,"M=20,20,20,20,|T=0,0,0,0,|B=1,15,1,50;",1,0,1,155700008,255700008,1.15,0.814861219223601,3,G003,1,G003,1,1,0,0,1,0,0,0,0,REJECTED,fit_quality_gate,9.80338373135084,9.85945384645975,0.0560701151089038,10.6818756740109,1.31440311952039,0,216,217
T_domain,G003_domain_out,H50,B,0,G003,"M=20,20,20,20,|T=0,0,0,0,|B=1,15,1,50;",1,0,1,155700009,255700009,1.15,0.910016524439535,3,G003,1,G003,1,1,0,0,1,0,0,0,0,REJECTED,fit_quality_gate,9.7045699517531,9.83352043632832,0.128950484575226,10.444883067835,1.31440311952039,0,216,217
T_domain,G003_domain_out,H50,B,0,G003,"M=20,20,20,20,|T=0,0,0,0,|B=1,15,1,50;",1,0,1,155700010,255700010,1.15,0.885448766857814,3,G003,1,G003,1,1,0,0,1,0,0,0,0,REJECTED,fit_quality_gate,9.8368885779365,9.92097870293088,0.0840901249943862,10.7296074737188,1.31440311952039,0,216,217
T_domain,G003_domain_out,H50,B,0,G003,"M=20,20,20,20,|T=0,0,0,0,|B=1,15,1,50;",1,0,1,155700011,255700011,1.15,1.09820380843836,3,G003,1,G003,1,1,0,0,1,0,0,0,0,REJECTED,fit_quality_gate,9.48938030651667,9.54370166237216,0.0543213558554907,10.5229281610783,1.31440311952039,0,216,217
T_domain,G003_domain_out,H50,B,0,G003,"M=20,20,20,20,|T=0,0,0,0,|B=1,15,1,50;",1,0,1,155700012,255700012,1.15,0.830086146905027,3,G003,1,G003,1,1,0,0,1,0,0,0,0,REJECTED,fit_quality_gate,9.64319198568345,9.75809015614909,0.114898170465638,10.4447198080851,1.31440311952039,0,216,217
T_domain,G003_domain_out,H50,B,0,G003,"M=20,20,20,20,|T=0,0,0,0,|B=1,15,1,50;",1,0,1,155700013,255700013,1.15,1.08982461475165,3,G003,1,G003,1,1,0,0,1,0,0,0,0,REJECTED,fit_quality_gate,9.81812011513546,9.9109560578945,0.0928359427590433,10.5611731486615,1.31440311952039,0,216,217
T_domain,G003_domain_out,H50,B,0,G003,"M=20,20,20,20,|T=0,0,0,0,|B=1,15,1,50;",1,0,1,155700014,255700014,1.15,0.831971294263125,3,G003,1,G003,1,1,0,0,1,0,0,0,0,REJECTED,fit_quality_gate,9.97559890526274,10.0897445851791,0.114145679916339,10.4800616740072,1.31440311952039,0,216,217
T_domain,G003_domain_out,H50,B,0,G003,"M=20,20,20,20,|T=0,0,0,0,|B=1,15,1,50;",1,0,1,155700015,255700015,1.15,1.08632663323301,3,G003,1,G003,1,1,0,0,1,0,0,0,0,REJECTED,fit_quality_gate,9.8169019765922,9.90812750878723,0.0912255321950362,10.1868287934204,1.31440311952039,0,216,217
T_domain,G003_domain_out,H50,B,0,G003,"M=20,20,20,20,|T=0,0,0,0,|B=1,15,1,50;",1,0,1,155700016,255700016,1.15,1.01553666066643,3,G003,1,G003,1,1,0,0,1,0,0,0,0,REJECTED,fit_quality_gate,9.77189733717567,9.8555944178046,0.0836970806289372,10.5422702325345,1.31440311952039,0,216,217
T_domain,G003_domain_out,H50,B,0,G003,"M=20,20,20,20,|T=0,0,0,0,|B=1,15,1,50;",1,0,1,155700017,255700017,1.15,0.861685837907096,3,G003,1,G003,1,1,0,0,1,0,0,0,0,REJECTED,fit_quality_gate,9.82037875040004,9.92530896873968,0.104930218339637,10.6880692252087,1.31440311952039,0,216,217
T_domain,G003_domain_out,H50,B,0,G003,"M=20,20,20,20,|T=0,0,0,0,|B=1,15,1,50;",1,0,1,155700018,255700018,1.15,0.995422654058848,3,G003,1,G003,1,1,0,0,1,0,0,0,0,REJECTED,fit_quality_gate,9.79975037702334,9.88430795514403,0.0845575781206964,10.413114448426,1.31440311952039,0,216,217
T_domain,G003_domain_out,H50,B,0,G003,"M=20,20,20,20,|T=0,0,0,0,|B=1,15,1,50;",1,0,1,155700019,255700019,1.15,1.17541816938956,3,G003,1,G003,1,1,0,0,1,0,0,0,0,REJECTED,fit_quality_gate,9.80718718884662,9.86896391502656,0.0617767261799447,10.3294321637457,1.31440311952039,0,216,217
T_domain,G003_domain_out,H50,B,0,G003,"M=20,20,20,20,|T=0,0,0,0,|B=1,15,1,50;",1,0,1,155700020,255700020,1.15,1.096514600385,3,G003,1,G003,1,1,0,0,1,0,0,0,0,REJECTED,fit_quality_gate,9.67670699373901,9.7554019248358,0.0786949310967842,10.5840270861259,1.31440311952039,0,216,217
T_domain,G003_domain_out,H50,B,0,G003,"M=20,20,20,20,|T=0,0,0,0,|B=1,15,1,50;",1,0,1,155700021,255700021,1.15,1.19440293255101,3,G003,1,G003,1,1,0,0,1,0,0,0,0,REJECTED,fit_quality_gate,9.69114922754813,9.77919345021022,0.0880442226620897,10.4846394522503,1.31440311952039,0,216,217
T_domain,G003_domain_out,H50,B,0,G003,"M=20,20,20,20,|T=0,0,0,0,|B=1,15,1,50;",1,0,1,155700022,255700022,1.15,0.946773949123953,3,G003,1,G003,1,1,0,0,1,0,0,0,0,REJECTED,fit_quality_gate,9.79619981700754,9.8596340036847,0.0634341866771653,10.7355718201317,1.31440311952039,0,216,217
T_domain,G003_domain_out,H50,B,0,G003,"M=20,20,20,20,|T=0,0,0,0,|B=1,15,1,50;",1,0,1,155700023,255700023,1.15,0.994875862394334,3,G003,1,G003,1,1,0,0,1,0,0,0,0,REJECTED,fit_quality_gate,9.84784614766034,9.94344535352368,0.0955992058633406,10.4650887528497,1.31440311952039,0,216,217
T_domain,G003_domain_out,H50,B,0,G003,"M=20,20,20,20,|T=0,0,0,0,|B=1,15,1,50;",1,0,1,155700024,255700024,1.15,1.1425667223909,3,G003,1,G003,1,1,0,0,1,0,0,0,0,REJECTED,fit_quality_gate,9.58649582965095,9.74617457971907,0.159678750068112,10.6240006341067,1.31440311952039,0,216,217
T_domain,G003_domain_out,H50,B,0,G003,"M=20,20,20,20,|T=0,0,0,0,|B=1,15,1,50;",1,0,1,155700025,255700025,1.15,1.07694504923692,3,G003,1,G003,1,1,0,0,1,0,0,0,0,REJECTED,fit_quality_gate,9.69586148603513,9.73153322439338,0.0356717383582499,10.4447977194242,1.31440311952039,0,216,217
T_domain,G003_domain_out,H50,B,0,G003,"M=20,20,20,20,|T=0,0,0,0,|B=1,15,1,50;",1,0,1,155700026,255700026,1.15,0.890456542825971,3,G003,1,G003,1,1,0,0,1,0,0,0,0,REJECTED,fit_quality_gate,9.74352369076245,9.85169371657645,0.108170025814001,10.3113819985992,1.31440311952039,0,216,217
T_domain,G003_domain_out,H50,B,0,G003,"M=20,20,20,20,|T=0,0,0,0,|B=1,15,1,50;",1,0,1,155700027,255700027,1.15,1.09225609790046,3,G003,1,G003,1,1,0,0,1,0,0,0,0,REJECTED,fit_quality_gate,9.69975678471449,9.78120131449493,0.0814445297804465,10.3657676432016,1.31440311952039,0,216,217
T_domain,G003_domain_out,H50,B,0,G003,"M=20,20,20,20,|T=0,0,0,0,|B=1,15,1,50;",1,0,1,155700028,255700028,1.15,1.16723555058399,3,G003,1,G003,1,1,0,0,1,0,0,0,0,REJECTED,fit_quality_gate,9.8068595162118,9.89530478325412,0.0884452670423155,10.3908917687033,1.31440311952039,0,216,217
T_domain,G003_domain_out,H50,B,0,G003,"M=20,20,20,20,|T=0,0,0,0,|B=1,15,1,50;",1,0,1,155700029,255700029,1.15,1.17824576170807,3,G003,1,G003,1,1,0,0,1,0,0,0,0,REJECTED,fit_quality_gate,9.73827310710021,9.84983645166305,0.111563344562839,10.6564222861123,1.31440311952039,0,216,217
T_domain,G003_domain_out,H50,B,0,G003,"M=20,20,20,20,|T=0,0,0,0,|B=1,15,1,50;",1,0,1,155700030,255700030,1.15,1.154217231431,3,G003,1,G003,1,1,0,0,1,0,0,0,0,REJECTED,fit_quality_gate,9.60782231626316,9.787047149993,0.179224833729837,10.4952160578338,1.31440311952039,0,216,217
T,G001,H50,C,10,G001,"M=20,20,20,20,|T=0,0,0,0,|B=none",1,0,0,105100001,205100001,1.01130078768643,0.962930318236969,10,G001,1,G001,1,1,0,0,1,1,0,0,0,UNIQUE_CONFIDENT,single_candidate_with_margin,1.09081557432454,5.76086464330529,4.67004906898075,1.16442488228656,1.31440311952039,0,440,441
T,G001,H50,C,10,G001,"M=20,20,20,20,|T=0,0,0,0,|B=none",1,0,0,105100002,205100002,1.00117762201509,1.08950290181416,10,G001,1,G001,1,1,0,0,1,1,0,0,0,UNIQUE_CONFIDENT,single_candidate_with_margin,1.30996952602393,5.86346019794171,4.55349067191778,1.21302586025823,1.31440311952039,0,446,447
T,G001,H50,C,10,G001,"M=20,20,20,20,|T=0,0,0,0,|B=none",1,0,0,105100003,205100003,0.984759506045676,1.02720540607408,10,G001,1,G001,1,1,0,0,1,1,0,0,0,UNIQUE_CONFIDENT,single_candidate_with_margin,1.13255195903767,6.02019985193761,4.88764789289995,1.17980091654412,1.31440311952039,0,440,441
T,G001,H50,C,10,G001,"M=20,20,20,20,|T=0,0,0,0,|B=none",1,0,0,105100004,205100004,1.00803530852974,0.96759907991996,10,G001,1,G001,1,1,0,0,1,1,0,0,0,UNIQUE_CONFIDENT,single_candidate_with_margin,1.20812788526723,5.88192801189947,4.67380012663224,1.22488232219293,1.31440311952039,0,440,441
T,G001,H50,C,10,G001,"M=20,20,20,20,|T=0,0,0,0,|B=none",1,0,0,105100005,205100005,1.01190161902295,1.1020435043837,10,G001,1,G001,1,1,0,0,1,1,0,0,0,UNIQUE_CONFIDENT,single_candidate_with_margin,1.33290039600183,6.03423816818486,4.70133777218303,1.22297060464678,1.31440311952039,0,440,441
T,G001,H50,C,10,G001,"M=20,20,20,20,|T=0,0,0,0,|B=none",1,0,0,105100006,205100006,0.983890126328253,0.979102549791537,10,G001,1,G001,1,1,0,0,1,1,0,0,0,UNIQUE_CONFIDENT,single_candidate_with_margin,1.16241350523995,5.79821368127541,4.63580017603546,1.05523095218786,1.31440311952039,0,446,447
T,G001,H50,C,10,G001,"M=20,20,20,20,|T=0,0,0,0,|B=none",1,0,0,105100007,205100007,1.00158288339419,0.948033944101689,10,G001,1,G001,1,1,0,0,1,1,0,0,0,UNIQUE_CONFIDENT,single_candidate_with_margin,1.30072248261667,5.82132720798391,4.52060472536723,1.20733220242993,1.31440311952039,0,442,443
T,G001,H50,C,10,G001,"M=20,20,20,20,|T=0,0,0,0,|B=none",1,0,0,105100008,205100008,1.00240845332167,1.15619675294995,10,G001,1,G001,1,1,0,0,1,1,0,0,0,UNIQUE_CONFIDENT,single_candidate_with_margin,1.16493751611751,5.91011173529536,4.74517421917785,1.19383548909297,1.31440311952039,0,440,441
T,G001,H50,C,10,G001,"M=20,20,20,20,|T=0,0,0,0,|B=none",1,0,0,105100009,205100009,1.01902534910768,1.03155070260722,10,G001,1,G001,1,1,0,0,1,1,0,0,0,UNIQUE_CONFIDENT,single_candidate_with_margin,1.16814804141644,5.87186891821562,4.70372087679918,1.08307712580679,1.31440311952039,0,434,435
T,G001,H50,C,10,G001,"M=20,20,20,20,|T=0,0,0,0,|B=none",1,0,0,105100010,205100010,1.00856441692474,1.06628751396675,10,G001,1,G001,1,1,0,0,1,1,0,0,0,UNIQUE_CONFIDENT,single_candidate_with_margin,1.06724938979866,5.7735235320956,4.70627414229694,1.23634782552137,1.31440311952039,0,440,441
T,G001,H50,C,10,G001,"M=20,20,20,20,|T=0,0,0,0,|B=none",1,0,0,105100011,205100011,1.00361488391806,1.10103704277869,10,G001,1,G001,1,1,0,0,1,1,0,0,0,UNIQUE_CONFIDENT,single_candidate_with_margin,1.14522311664564,5.9456934148888,4.80047029824316,1.02176224642872,1.31440311952039,0,448,449
T,G001,H50,C,10,G001,"M=20,20,20,20,|T=0,0,0,0,|B=none",1,0,0,105100012,205100012,0.982332114449622,0.887345015119814,10,G001,1,G001,1,1,0,0,1,1,0,0,0,UNIQUE_CONFIDENT,single_candidate_with_margin,1.28269524750531,6.09015219627126,4.80745694876595,1.1630980944661,1.31440311952039,0,436,437
T,G001,H50,C,10,G001,"M=20,20,20,20,|T=0,0,0,0,|B=none",1,0,0,105100013,205100013,0.996751095164615,1.06794298205733,10,G001,1,G001,1,1,0,0,1,1,0,0,0,UNIQUE_CONFIDENT,single_candidate_with_margin,1.36462634232494,5.9723850143868,4.60775867206186,1.26063761850313,1.31440311952039,0,450,451
T,G001,H50,C,10,G001,"M=20,20,20,20,|T=0,0,0,0,|B=none",1,0,0,105100014,205100014,1.00875995810927,0.827011225085129,10,G001,1,G001,1,1,0,0,1,1,0,0,0,UNIQUE_CONFIDENT,single_candidate_with_margin,1.26492122370307,6.16814918457146,4.90322796086838,1.00180674128934,1.31440311952039,0,440,441
T,G001,H50,C,10,G001,"M=20,20,20,20,|T=0,0,0,0,|B=none",1,0,0,105100015,205100015,0.998978533151966,0.907801835059263,10,G001,1,G001,1,1,0,0,1,1,0,0,0,UNIQUE_CONFIDENT,single_candidate_with_margin,1.1212608746259,6.02939631880768,4.90813544418178,0.950202550261842,1.31440311952039,0,438,439
T,G001,H50,C,10,G001,"M=20,20,20,20,|T=0,0,0,0,|B=none",1,0,0,105100016,205100016,0.987802879474631,1.05686937250375,10,G001,1,G001,1,1,0,0,1,1,0,0,0,UNIQUE_CONFIDENT,single_candidate_with_margin,1.11094093148542,5.87488937851781,4.76394844703239,1.22435007053913,1.31440311952039,0,442,443
T,G001,H50,C,10,G001,"M=20,20,20,20,|T=0,0,0,0,|B=none",1,0,0,105100017,205100017,1.00049012530766,0.800386235894002,10,G001,1,G001,1,1,0,0,1,1,0,0,0,UNIQUE_CONFIDENT,single_candidate_with_margin,1.10284699247921,6.09279234827109,4.98994535579188,1.15908126574567,1.31440311952039,0,450,451
T,G001,H50,C,10,G001,"M=20,20,20,20,|T=0,0,0,0,|B=none",1,0,0,105100018,205100018,1.0075875657568,0.961939969969704,10,G001,1,G001,1,1,0,0,1,1,0,0,0,UNIQUE_CONFIDENT,single_candidate_with_margin,1.11619806725861,5.91047909554342,4.79428102828481,1.22209959558742,1.31440311952039,0,440,441
T,G001,H50,C,10,G001,"M=20,20,20,20,|T=0,0,0,0,|B=none",1,0,0,105100019,205100019,0.995978574334711,0.914401208354212,10,G001,1,G001,1,1,0,0,1,1,0,0,0,UNIQUE_CONFIDENT,single_candidate_with_margin,1.24132989066255,5.92599450899084,4.68466461832829,1.18524280838491,1.31440311952039,0,440,441
T,G001,H50,C,10,G001,"M=20,20,20,20,|T=0,0,0,0,|B=none",1,0,0,105100020,205100020,0.986970796332181,0.978574723291958,10,G001,1,G001,1,1,0,0,1,1,0,0,0,UNIQUE_CONFIDENT,single_candidate_with_margin,1.28336517415717,5.79846206023477,4.5150968860776,1.30054476749245,1.31440311952039,0,440,441
T,G001,H50,C,10,G001,"M=20,20,20,20,|T=0,0,0,0,|B=none",1,0,0,105100021,205100021,0.981500602308643,0.808179839229982,10,G001,1,G001,1,1,0,0,1,1,0,0,0,UNIQUE_CONFIDENT,single_candidate_with_margin,1.26489331138893,5.91464324397319,4.64974993258426,1.14123450452584,1.31440311952039,0,440,441
T,G001,H50,C,10,G001,"M=20,20,20,20,|T=0,0,0,0,|B=none",1,0,0,105100022,205100022,0.988145889963335,0.876156105426699,10,G001,1,G001,1,1,0,0,1,1,0,0,0,UNIQUE_CONFIDENT,single_candidate_with_margin,1.26652951109605,5.77582205690035,4.5092925458043,0.969834537980153,1.31440311952039,0,446,447
T,G001,H50,C,10,G001,"M=20,20,20,20,|T=0,0,0,0,|B=none",1,0,0,105100023,205100023,0.99111199313114,1.07275300615055,10,G001,1,G001,1,1,0,0,1,1,0,0,0,UNIQUE_CONFIDENT,single_candidate_with_margin,1.05070877603722,5.69198813363938,4.64127935760216,1.05559527469202,1.31440311952039,0,444,445
T,G001,H50,C,10,G001,"M=20,20,20,20,|T=0,0,0,0,|B=none",1,0,0,105100024,205100024,0.996566900580011,1.13244077591968,10,G001,1,G001,1,1,0,0,1,0,0,0,0,REJECTED,fit_quality_gate,1.2934942685476,6.04196074811716,4.74846647956956,1.42673282661987,1.31440311952039,0,442,443
T,G001,H50,C,10,G001,"M=20,20,20,20,|T=0,0,0,0,|B=none",1,0,0,105100025,205100025,0.991812511943381,1.07849600724505,10,G001,1,G001,1,1,0,0,1,0,0,0,0,REJECTED,fit_quality_gate,1.0027486952252,5.8670622555986,4.8643135603734,1.34550185768473,1.31440311952039,0,438,439
T,G001,H50,C,10,G001,"M=20,20,20,20,|T=0,0,0,0,|B=none",1,0,0,105100026,205100026,0.983514496420446,0.948132531736518,10,G001,1,G001,1,1,0,0,1,0,0,0,0,REJECTED,fit_quality_gate,1.23115343573872,6.29175321482256,5.06059977908384,1.31696064328233,1.31440311952039,0,440,441
T,G001,H50,C,10,G001,"M=20,20,20,20,|T=0,0,0,0,|B=none",1,0,0,105100027,205100027,0.981996371120438,1.07600938115109,10,G001,1,G001,1,1,0,0,1,1,0,0,0,UNIQUE_CONFIDENT,single_candidate_with_margin,1.18417216536831,5.88563329978299,4.70146113441469,1.23371353165643,1.31440311952039,0,440,441
T,G001,H50,C,10,G001,"M=20,20,20,20,|T=0,0,0,0,|B=none",1,0,0,105100028,205100028,0.994566891417759,1.13938972787835,10,G001,1,G001,1,1,0,0,1,1,0,0,0,UNIQUE_CONFIDENT,single_candidate_with_margin,1.15153040933625,6.00657174702189,4.85504133768564,1.09433023392338,1.31440311952039,0,440,441
T,G001,H50,C,10,G001,"M=20,20,20,20,|T=0,0,0,0,|B=none",1,0,0,105100029,205100029,1.00096472738658,1.10608018821824,10,G001,1,G001,1,1,0,0,1,1,0,0,0,UNIQUE_CONFIDENT,single_candidate_with_margin,1.07415047679725,5.78672967575451,4.71257919895725,1.20772762052694,1.31440311952039,0,448,449
T,G001,H50,C,10,G001,"M=20,20,20,20,|T=0,0,0,0,|B=none",1,0,0,105100030,205100030,1.00680328455663,1.05992840548899,10,G001,1,G001,1,1,0,0,1,1,0,0,0,UNIQUE_CONFIDENT,single_candidate_with_margin,1.14481093012907,5.94609005879964,4.80127912867057,1.085831361284,1.31440311952039,0,440,441
T,G002,H50,C,10,G002,"M=20,20,20,20,|T=0,0,0,0,|B=2,15,1,50;",1,0,0,105400001,205400001,0.988573068924283,0.811969193859827,10,G002,1,G002,1,1,0,0,1,0,0,0,0,LOW_CONFIDENCE,insufficient_unique_margin,0.853223578473877,2.93123135586312,2.07800777738924,0.831936692292621,1.31440311952039,0,346,347
T,G002,H50,C,10,G002,"M=20,20,20,20,|T=0,0,0,0,|B=2,15,1,50;",1,0,0,105400002,205400002,1.00185513348894,1.01692325798831,10,G002,1,G002,1,1,0,0,1,0,0,0,0,LOW_CONFIDENCE,insufficient_unique_margin,1.00414245565261,2.69569814472449,1.69155568907188,0.902612164108298,1.31440311952039,0,389,390
T,G002,H50,C,10,G002,"M=20,20,20,20,|T=0,0,0,0,|B=2,15,1,50;",1,0,0,105400003,205400003,0.991102836397355,1.11795435101863,10,G002,1,G002,1,1,0,0,1,0,0,0,0,LOW_CONFIDENCE,insufficient_unique_margin,1.00605727191837,2.67295845196671,1.66690118004834,0.914318818736312,1.31440311952039,0,422,423
T,G002,H50,C,10,G002,"M=20,20,20,20,|T=0,0,0,0,|B=2,15,1,50;",1,0,0,105400004,205400004,0.991025292960297,1.06299671723079,10,G002,1,G002,1,1,0,0,1,0,0,0,0,LOW_CONFIDENCE,insufficient_unique_margin,0.757997852750221,2.72698376406207,1.96898591131185,1.07431198921377,1.31440311952039,0,422,423
T,G002,H50,C,10,G002,"M=20,20,20,20,|T=0,0,0,0,|B=2,15,1,50;",1,0,0,105400005,205400005,1.01749406010602,0.872713441113738,10,G002,1,G002,1,1,0,0,1,0,0,0,0,LOW_CONFIDENCE,insufficient_unique_margin,0.956790501399943,2.93836341104471,1.98157290964477,0.933717296120747,1.31440311952039,0,345,346
T,G002,H50,C,10,G002,"M=20,20,20,20,|T=0,0,0,0,|B=2,15,1,50;",1,0,0,105400006,205400006,1.01359482646635,0.869925550879111,10,G002,1,G002,1,1,0,0,1,0,0,0,0,LOW_CONFIDENCE,insufficient_unique_margin,0.890234201711224,2.89454844124792,2.00431423953669,0.854276545977442,1.31440311952039,0,345,346
T,G002,H50,C,10,G002,"M=20,20,20,20,|T=0,0,0,0,|B=2,15,1,50;",1,0,0,105400007,205400007,0.988632087415182,0.957880163184862,10,G002,1,G002,1,1,0,0,1,0,0,0,0,LOW_CONFIDENCE,insufficient_unique_margin,0.950086670527284,2.81448762810954,1.86440095758226,0.907538850285414,1.31440311952039,0,353,354
T,G002,H50,C,10,G002,"M=20,20,20,20,|T=0,0,0,0,|B=2,15,1,50;",1,0,0,105400008,205400008,1.01316767590818,0.923228467911165,10,G002,1,G002,1,1,0,0,1,0,0,0,0,LOW_CONFIDENCE,insufficient_unique_margin,0.84800963395108,2.90293595743358,2.0549263234825,1.08280672952616,1.31440311952039,0,348,349
T,G002,H50,C,10,G002,"M=20,20,20,20,|T=0,0,0,0,|B=2,15,1,50;",1,0,0,105400009,205400009,0.98705273814528,0.888653221930581,10,G002,1,G002,1,1,0,0,1,0,0,0,0,LOW_CONFIDENCE,insufficient_unique_margin,1.06630479225784,2.92968528714733,1.86338049488949,0.977465068624143,1.31440311952039,0,347,348
T,G002,H50,C,10,G002,"M=20,20,20,20,|T=0,0,0,0,|B=2,15,1,50;",1,0,0,105400010,205400010,1.00062044788592,0.994410459662702,10,G002,1,G002,1,1,0,0,1,0,0,0,0,LOW_CONFIDENCE,insufficient_unique_margin,0.99177449194024,2.86082409218774,1.8690496002475,1.07364362660557,1.31440311952039,0,428,429
T,G002,H50,C,10,G002,"M=20,20,20,20,|T=0,0,0,0,|B=2,15,1,50;",1,0,0,105400011,205400011,1.01026910923814,1.15168743750101,10,G002,1,G002,1,1,0,0,1,0,0,0,0,LOW_CONFIDENCE,insufficient_unique_margin,0.88477382835841,2.68864544367443,1.80387161531602,0.853737323642433,1.31440311952039,0,440,441
T,G002,H50,C,10,G002,"M=20,20,20,20,|T=0,0,0,0,|B=2,15,1,50;",1,0,0,105400012,205400012,0.99825812471806,1.11950013278369,10,G002,1,G002,1,1,0,0,1,0,0,0,0,LOW_CONFIDENCE,insufficient_unique_margin,0.880873222200807,2.81613236929322,1.93525914709241,0.778187853862116,1.31440311952039,0,421,422
T,G002,H50,C,10,G002,"M=20,20,20,20,|T=0,0,0,0,|B=2,15,1,50;",1,0,0,105400013,205400013,1.00165737179159,1.12927354372355,10,G002,1,G002,1,1,0,0,1,0,0,0,0,LOW_CONFIDENCE,insufficient_unique_margin,0.797391850905231,2.61125975979022,1.81386790888499,0.805053697029838,1.31440311952039,0,426,427
T,G002,H50,C,10,G002,"M=20,20,20,20,|T=0,0,0,0,|B=2,15,1,50;",1,0,0,105400014,205400014,0.990083169170078,1.00353206101926,10,G002,1,G002,1,1,0,0,1,0,0,0,0,LOW_CONFIDENCE,insufficient_unique_margin,0.861655413639418,2.74578076224887,1.88412534860945,0.9525442770773,1.31440311952039,0,349,350
T,G002,H50,C,10,G002,"M=20,20,20,20,|T=0,0,0,0,|B=2,15,1,50;",1,0,0,105400015,205400015,1.01635665403406,0.833533712937551,10,G002,1,G002,1,1,0,0,1,0,0,0,0,LOW_CONFIDENCE,insufficient_unique_margin,0.862606883562208,2.9647075583193,2.10210067475709,0.765100071309288,1.31440311952039,0,344,345
T,G002,H50,C,10,G002,"M=20,20,20,20,|T=0,0,0,0,|B=2,15,1,50;",1,0,0,105400016,205400016,0.994530949393583,1.05256128117921,10,G002,1,G002,1,1,0,0,1,0,0,0,0,LOW_CONFIDENCE,insufficient_unique_margin,0.927512037605325,2.79421956452022,1.8667075269149,1.04591769420859,1.31440311952039,0,417,418
T,G002,H50,C,10,G002,"M=20,20,20,20,|T=0,0,0,0,|B=2,15,1,50;",1,0,0,105400017,205400017,1.01257670675115,0.92731223711962,10,G002,1,G002,1,1,0,0,1,0,0,0,0,LOW_CONFIDENCE,insufficient_unique_margin,0.944449322722812,3.06496131012897,2.12051198740616,0.985034655986288,1.31440311952039,0,385,386
T,G002,H50,C,10,G002,"M=20,20,20,20,|T=0,0,0,0,|B=2,15,1,50;",1,0,0,105400018,205400018,0.999010536264076,0.900253168627296,10,G002,1,G002,1,1,0,0,1,0,0,0,0,LOW_CONFIDENCE,insufficient_unique_margin,0.897108956068924,2.84464866832756,1.94753971225864,0.875177726124348,1.31440311952039,0,427,428
T,G002,H50,C,10,G002,"M=20,20,20,20,|T=0,0,0,0,|B=2,15,1,50;",1,0,0,105400019,205400019,1.00486737189444,0.891703844372564,10,G002,1,G002,1,1,0,0,1,0,0,0,0,LOW_CONFIDENCE,insufficient_unique_margin,0.91407335986496,2.8359765885312,1.92190322866624,0.814275936235902,1.31440311952039,0,347,348
T,G002,H50,C,10,G002,"M=20,20,20,20,|T=0,0,0,0,|B=2,15,1,50;",1,0,0,105400020,205400020,0.999926376274403,1.11157479821043,10,G002,1,G002,1,1,0,0,1,0,0,0,0,LOW_CONFIDENCE,insufficient_unique_margin,0.909964963469548,2.72106842286352,1.81110345939397,0.876274738501447,1.31440311952039,0,428,429
T,G002,H50,C,10,G002,"M=20,20,20,20,|T=0,0,0,0,|B=2,15,1,50;",1,0,0,105400021,205400021,1.00155510303813,1.16081095140684,10,G002,1,G002,1,1,0,0,1,0,0,0,0,LOW_CONFIDENCE,insufficient_unique_margin,0.844452269242363,2.55352445152227,1.70907218227991,0.936180154333693,1.31440311952039,0,425,426
T,G002,H50,C,10,G002,"M=20,20,20,20,|T=0,0,0,0,|B=2,15,1,50;",1,0,0,105400022,205400022,1.00009971427878,1.1210120172267,10,G002,1,G002,1,1,0,0,1,0,0,0,0,LOW_CONFIDENCE,insufficient_unique_margin,0.779986825336407,2.69430312240032,1.91431629706391,0.890652082439212,1.31440311952039,0,424,425
T,G002,H50,C,10,G002,"M=20,20,20,20,|T=0,0,0,0,|B=2,15,1,50;",1,0,0,105400023,205400023,1.00893247828377,0.918668766356156,10,G002,1,G002,1,1,0,0,1,0,0,0,0,LOW_CONFIDENCE,insufficient_unique_margin,0.966859582399801,2.93691442734878,1.97005484494898,0.835613249696884,1.31440311952039,0,350,351
T,G002,H50,C,10,G002,"M=20,20,20,20,|T=0,0,0,0,|B=2,15,1,50;",1,0,0,105400024,205400024,0.986163157171187,0.948877070081858,10,G002,1,G002,1,1,0,0,1,0,0,0,0,LOW_CONFIDENCE,insufficient_unique_margin,0.83952027921306,2.92209330266487,2.0825730234518,0.752639948553916,1.31440311952039,0,350,351
T,G002,H50,C,10,G002,"M=20,20,20,20,|T=0,0,0,0,|B=2,15,1,50;",1,0,0,105400025,205400025,0.98103170841172,0.982238888652272,10,G002,1,G002,1,1,0,0,1,0,0,0,0,LOW_CONFIDENCE,insufficient_unique_margin,0.810681546623638,2.75734431000775,1.94666276338411,1.01946645312559,1.31440311952039,0,415,416
T,G002,H50,C,10,G002,"M=20,20,20,20,|T=0,0,0,0,|B=2,15,1,50;",1,0,0,105400026,205400026,0.995361075424797,0.918983648620051,10,G002,1,G002,1,1,0,0,1,0,0,0,0,LOW_CONFIDENCE,insufficient_unique_margin,0.825444474874499,2.86508266963119,2.03963819475669,0.989871871283811,1.31440311952039,0,385,386
T,G002,H50,C,10,G002,"M=20,20,20,20,|T=0,0,0,0,|B=2,15,1,50;",1,0,0,105400027,205400027,1.00145814455828,1.03716497166477,10,G002,1,G002,1,1,0,0,1,0,0,0,0,LOW_CONFIDENCE,insufficient_unique_margin,0.860154910170159,2.92012609346587,2.05997118329571,0.893557845018981,1.31440311952039,0,429,430
T,G002,H50,C,10,G002,"M=20,20,20,20,|T=0,0,0,0,|B=2,15,1,50;",1,0,0,105400028,205400028,0.995030185890738,0.886923809965309,10,G002,1,G002,1,1,0,0,1,0,0,0,0,LOW_CONFIDENCE,insufficient_unique_margin,0.884506801009562,2.8539225321137,1.96941573110414,0.852890379544503,1.31440311952039,0,421,422
T,G002,H50,C,10,G002,"M=20,20,20,20,|T=0,0,0,0,|B=2,15,1,50;",1,0,0,105400029,205400029,1.01065333155543,1.08767062661294,10,G002,1,G002,1,1,0,0,1,0,0,0,0,LOW_CONFIDENCE,insufficient_unique_margin,0.877328501206405,2.69050571011214,1.81317720890573,0.958025517986392,1.31440311952039,0,422,423
T,G002,H50,C,10,G002,"M=20,20,20,20,|T=0,0,0,0,|B=2,15,1,50;",1,0,0,105400030,205400030,0.991334363532446,1.15449990034747,10,G002,1,G002,1,1,0,0,1,0,0,0,0,LOW_CONFIDENCE,insufficient_unique_margin,0.786325012198771,2.68766115905622,1.90133614685745,1.02099075468187,1.31440311952039,0,417,418
T,G003,H50,C,10,G003,"M=20,20,20,20,|T=0,0,0,0,|B=1,15,1,50;",1,0,0,105700001,205700001,1.01144517178094,0.853872007049638,10,MIRROR_M3;G003,2,G003,1,1,0,0,1,0,0,0,0,MULTIPLE_AMBIGUOUS,multiple_candidates,0.907969045375926,0.907969045375927,6.66133814775094e-16,0.711170809601967,1.31440311952039,0,362,363
T,G003,H50,C,10,G003,"M=20,20,20,20,|T=0,0,0,0,|B=1,15,1,50;",1,0,0,105700002,205700002,0.995081677834189,0.981352101817711,10,MIRROR_M3;G003,2,G003,1,1,0,0,1,0,0,0,0,MULTIPLE_AMBIGUOUS,multiple_candidates,0.86833408751875,0.868334087518751,4.44089209850063e-16,0.971969361072221,1.31440311952039,0,362,363
T,G003,H50,C,10,G003,"M=20,20,20,20,|T=0,0,0,0,|B=1,15,1,50;",1,0,0,105700003,205700003,1.01459944367066,1.14553208203152,10,MIRROR_M3;G003,2,G003,1,1,0,0,1,0,0,0,0,MULTIPLE_AMBIGUOUS,multiple_candidates,0.895084545196714,0.895084545196716,2.1094237467878e-15,0.946063477167791,1.31440311952039,0,412,413
T,G003,H50,C,10,G003,"M=20,20,20,20,|T=0,0,0,0,|B=1,15,1,50;",1,0,0,105700004,205700004,0.993273305094451,0.801469904158351,10,MIRROR_M3;G003,2,MIRROR_M3,2,1,0,0,1,0,0,0,0,MULTIPLE_AMBIGUOUS,multiple_candidates,0.920031811766704,0.920031811766706,1.77635683940025e-15,0.891448102507376,1.31440311952039,0,366,367
T,G003,H50,C,10,G003,"M=20,20,20,20,|T=0,0,0,0,|B=1,15,1,50;",1,0,0,105700005,205700005,0.989420189537726,0.819584792058597,10,MIRROR_M3;G003,2,G003,1,1,0,0,1,0,0,0,0,MULTIPLE_AMBIGUOUS,multiple_candidates,0.926861660087045,0.926861660087046,1.33226762955019e-15,0.915348695271249,1.31440311952039,0,374,375
T,G003,H50,C,10,G003,"M=20,20,20,20,|T=0,0,0,0,|B=1,15,1,50;",1,0,0,105700006,205700006,0.986837527188678,0.858049493033661,10,MIRROR_M3;G003,2,MIRROR_M3,2,1,0,0,1,0,0,0,0,MULTIPLE_AMBIGUOUS,multiple_candidates,0.885945746528598,0.885945746528599,3.33066907387547e-16,0.928460665437764,1.31440311952039,0,362,363
T,G003,H50,C,10,G003,"M=20,20,20,20,|T=0,0,0,0,|B=1,15,1,50;",1,0,0,105700007,205700007,1.00826763107419,1.16195083755481,10,MIRROR_M3;G003,2,MIRROR_M3,2,1,0,0,1,0,0,0,0,MULTIPLE_AMBIGUOUS,multiple_candidates,0.791957730729883,0.791957730729884,7.7715611723761e-16,1.05073566104619,1.31440311952039,0,364,365
T,G003,H50,C,10,G003,"M=20,20,20,20,|T=0,0,0,0,|B=1,15,1,50;",1,0,0,105700008,205700008,1.00974446155434,0.948449162011886,10,MIRROR_M3;G003,2,G003,1,1,0,0,1,0,0,0,0,MULTIPLE_AMBIGUOUS,multiple_candidates,0.885763547067835,0.885763547067837,2.33146835171283e-15,0.591620875283732,1.31440311952039,0,364,365
T,G003,H50,C,10,G003,"M=20,20,20,20,|T=0,0,0,0,|B=1,15,1,50;",1,0,0,105700009,205700009,0.982928465485157,0.944814625457763,10,MIRROR_M3;G003,2,G003,1,1,0,0,1,0,0,0,0,MULTIPLE_AMBIGUOUS,multiple_candidates,0.769585391440218,0.769585391440219,1.33226762955019e-15,0.911241446057679,1.31440311952039,0,364,365
T,G003,H50,C,10,G003,"M=20,20,20,20,|T=0,0,0,0,|B=1,15,1,50;",1,0,0,105700010,205700010,1.01122653890421,0.874359839164597,10,MIRROR_M3;G003,2,MIRROR_M3,2,1,0,0,1,0,0,0,0,MULTIPLE_AMBIGUOUS,multiple_candidates,0.883151868858046,0.883151868858046,0,0.726320843297523,1.31440311952039,0,362,363
T,G003,H50,C,10,G003,"M=20,20,20,20,|T=0,0,0,0,|B=1,15,1,50;",1,0,0,105700011,205700011,0.99246311312411,1.16670262456046,10,MIRROR_M3;G003,2,MIRROR_M3,2,1,0,0,1,0,0,0,0,MULTIPLE_AMBIGUOUS,multiple_candidates,0.914881011748865,0.914881011748867,1.33226762955019e-15,0.884409981044072,1.31440311952039,0,368,369
T,G003,H50,C,10,G003,"M=20,20,20,20,|T=0,0,0,0,|B=1,15,1,50;",1,0,0,105700012,205700012,0.981142113667719,0.869786333627192,10,MIRROR_M3;G003,2,G003,1,1,0,0,1,0,0,0,0,MULTIPLE_AMBIGUOUS,multiple_candidates,0.926763077774598,0.926763077774598,3.33066907387547e-16,1.18485032204715,1.31440311952039,0,400,401
T,G003,H50,C,10,G003,"M=20,20,20,20,|T=0,0,0,0,|B=1,15,1,50;",1,0,0,105700013,205700013,1.00359305715404,1.11783872594022,10,MIRROR_M3;G003,2,MIRROR_M3,2,1,0,0,1,0,0,0,0,MULTIPLE_AMBIGUOUS,multiple_candidates,0.781019129156033,0.781019129156035,1.99840144432528e-15,0.899386964118139,1.31440311952039,0,402,403
T,G003,H50,C,10,G003,"M=20,20,20,20,|T=0,0,0,0,|B=1,15,1,50;",1,0,0,105700014,205700014,0.982323821987418,1.02431898977891,10,MIRROR_M3;G003,2,MIRROR_M3,2,1,0,0,1,0,0,0,0,MULTIPLE_AMBIGUOUS,multiple_candidates,0.758474274975258,0.758474274975258,4.44089209850063e-16,0.700232622944139,1.31440311952039,0,364,365
T,G003,H50,C,10,G003,"M=20,20,20,20,|T=0,0,0,0,|B=1,15,1,50;",1,0,0,105700015,205700015,0.99723931763177,1.15585149516801,10,G003,1,G003,1,1,0,0,1,0,0,0,0,LOW_CONFIDENCE,insufficient_unique_margin,0.877229514057264,0.877229514057267,3.10862446895044e-15,0.881182063087212,1.31440311952039,0,404,405
T,G003,H50,C,10,G003,"M=20,20,20,20,|T=0,0,0,0,|B=1,15,1,50;",1,0,0,105700016,205700016,1.01379644820526,0.81686035080424,10,MIRROR_M3;G003,2,MIRROR_M3,2,1,0,0,1,0,0,0,0,MULTIPLE_AMBIGUOUS,multiple_candidates,0.765988425846098,0.765988425846098,5.55111512312578e-16,1.00302208851416,1.31440311952039,0,364,365
T,G003,H50,C,10,G003,"M=20,20,20,20,|T=0,0,0,0,|B=1,15,1,50;",1,0,0,105700017,205700017,0.994804279903456,0.851580270263097,10,MIRROR_M3;G003,2,MIRROR_M3,2,1,0,0,1,0,0,0,0,MULTIPLE_AMBIGUOUS,multiple_candidates,0.812526667560298,0.812526667560298,7.7715611723761e-16,0.95570878011545,1.31440311952039,0,358,359
T,G003,H50,C,10,G003,"M=20,20,20,20,|T=0,0,0,0,|B=1,15,1,50;",1,0,0,105700018,205700018,1.00231055799652,0.996108424772102,10,MIRROR_M3;G003,2,G003,1,1,0,0,1,0,0,0,0,MULTIPLE_AMBIGUOUS,multiple_candidates,0.919144754544779,0.919144754544779,8.88178419700125e-16,0.966000381666601,1.31440311952039,0,364,365
T,G003,H50,C,10,G003,"M=20,20,20,20,|T=0,0,0,0,|B=1,15,1,50;",1,0,0,105700019,205700019,0.990782888873091,0.909583884262962,10,G003,1,G003,1,1,0,0,1,0,0,0,0,LOW_CONFIDENCE,insufficient_unique_margin,0.74003343999175,0.740033439991753,2.99760216648792e-15,0.857693402748686,1.31440311952039,0,370,371
T,G003,H50,C,10,G003,"M=20,20,20,20,|T=0,0,0,0,|B=1,15,1,50;",1,0,0,105700020,205700020,0.986680539576807,0.897262510829887,10,MIRROR_M3;G003,2,MIRROR_M3,2,1,0,0,1,0,0,0,0,MULTIPLE_AMBIGUOUS,multiple_candidates,0.829798611584477,0.829798611584477,0,0.889185544902117,1.31440311952039,0,366,367
T,G003,H50,C,10,G003,"M=20,20,20,20,|T=0,0,0,0,|B=1,15,1,50;",1,0,0,105700021,205700021,1.01216264539775,0.950523385488781,10,G003,1,G003,1,1,0,0,1,0,0,0,0,LOW_CONFIDENCE,insufficient_unique_margin,0.763057913916951,0.763057913916955,3.44169137633799e-15,0.863749959976452,1.31440311952039,0,368,369
T,G003,H50,C,10,G003,"M=20,20,20,20,|T=0,0,0,0,|B=1,15,1,50;",1,0,0,105700022,205700022,1.00067358318077,1.04497302226515,10,MIRROR_M3;G003,2,MIRROR_M3,2,1,0,0,1,0,0,0,0,MULTIPLE_AMBIGUOUS,multiple_candidates,0.793267848751088,0.79326784875109,1.66533453693773e-15,0.783581463966622,1.31440311952039,0,406,407
T,G003,H50,C,10,G003,"M=20,20,20,20,|T=0,0,0,0,|B=1,15,1,50;",1,0,0,105700023,205700023,1.00260117995872,0.844326661931549,10,MIRROR_M3;G003,2,G003,1,1,0,0,1,0,0,0,0,MULTIPLE_AMBIGUOUS,multiple_candidates,0.992490509826842,0.992490509826842,6.66133814775094e-16,0.817478618017626,1.31440311952039,0,368,369
T,G003,H50,C,10,G003,"M=20,20,20,20,|T=0,0,0,0,|B=1,15,1,50;",1,0,0,105700024,205700024,1.00337218504616,1.15985128116423,10,MIRROR_M3,1,MIRROR_M3,2,1,0,0,0,0,0,0,0,LOW_CONFIDENCE,insufficient_unique_margin,0.790635533506656,0.79063553350666,3.66373598126302e-15,0.937121232130387,1.31440311952039,0,404,405
T,G003,H50,C,10,G003,"M=20,20,20,20,|T=0,0,0,0,|B=1,15,1,50;",1,0,0,105700025,205700025,0.991291076067874,0.83865565228431,10,MIRROR_M3;G003,2,G003,1,1,0,0,1,0,0,0,0,MULTIPLE_AMBIGUOUS,multiple_candidates,0.737223244243509,0.73722324424351,9.99200722162641e-16,0.990643887894895,1.31440311952039,0,366,367
T,G003,H50,C,10,G003,"M=20,20,20,20,|T=0,0,0,0,|B=1,15,1,50;",1,0,0,105700026,205700026,1.01965510541456,1.01472488027112,10,MIRROR_M3;G003,2,G003,1,1,0,0,1,0,0,0,0,MULTIPLE_AMBIGUOUS,multiple_candidates,0.790923594398827,0.790923594398827,5.55111512312578e-16,0.802133390097265,1.31440311952039,0,398,399
T,G003,H50,C,10,G003,"M=20,20,20,20,|T=0,0,0,0,|B=1,15,1,50;",1,0,0,105700027,205700027,0.984311330951372,0.863439470439971,10,MIRROR_M3;G003,2,G003,1,1,0,0,1,0,0,0,0,MULTIPLE_AMBIGUOUS,multiple_candidates,0.80457860687966,0.804578606879661,7.7715611723761e-16,0.795157037790183,1.31440311952039,0,364,365
T,G003,H50,C,10,G003,"M=20,20,20,20,|T=0,0,0,0,|B=1,15,1,50;",1,0,0,105700028,205700028,0.995106195653686,1.17584429678178,10,MIRROR_M3;G003,2,MIRROR_M3,2,1,0,0,1,0,0,0,0,MULTIPLE_AMBIGUOUS,multiple_candidates,0.910809002015136,0.910809002015137,6.66133814775094e-16,0.885164177492328,1.31440311952039,0,440,441
T,G003,H50,C,10,G003,"M=20,20,20,20,|T=0,0,0,0,|B=1,15,1,50;",1,0,0,105700029,205700029,0.980593198197819,0.941342777816938,10,MIRROR_M3;G003,2,G003,1,1,0,0,1,0,0,0,0,MULTIPLE_AMBIGUOUS,multiple_candidates,0.80874314073519,0.808743140735191,7.7715611723761e-16,0.880799963557572,1.31440311952039,0,356,357
T,G003,H50,C,10,G003,"M=20,20,20,20,|T=0,0,0,0,|B=1,15,1,50;",1,0,0,105700030,205700030,1.01596323299145,0.966851740050909,10,MIRROR_M3;G003,2,MIRROR_M3,2,1,0,0,1,0,0,0,0,MULTIPLE_AMBIGUOUS,multiple_candidates,0.808252724719998,0.808252724720001,2.22044604925031e-15,0.756842324442459,1.31440311952039,0,366,367
T,MIRROR_M3,H50,C,10,MIRROR_M3,"M=20,20,20,20,|T=0,0,0,0,|B=3,15,1,50;",0,1,0,105200001,205200001,0.990602089708171,1.02312293019026,10,MIRROR_M3;G003,2,G003,2,1,1,0,0,0,0,1,0,MULTIPLE_AMBIGUOUS,multiple_candidates,0.82338484204695,0.823384842046951,3.33066907387547e-16,0.790866906039797,1.31440311952039,0,362,363
T,MIRROR_M3,H50,C,10,MIRROR_M3,"M=20,20,20,20,|T=0,0,0,0,|B=3,15,1,50;",0,1,0,105200002,205200002,1.00661709810197,1.09250379221571,10,MIRROR_M3;G003,2,G003,2,1,1,0,0,0,0,1,0,MULTIPLE_AMBIGUOUS,multiple_candidates,0.768326511387606,0.768326511387606,1.11022302462516e-16,0.884817155486893,1.31440311952039,0,402,403
T,MIRROR_M3,H50,C,10,MIRROR_M3,"M=20,20,20,20,|T=0,0,0,0,|B=3,15,1,50;",0,1,0,105200003,205200003,1.00528282943656,0.875356005603208,10,MIRROR_M3;G003,2,MIRROR_M3,1,1,1,0,0,0,0,1,0,MULTIPLE_AMBIGUOUS,multiple_candidates,0.924626495330401,0.924626495330402,9.99200722162641e-16,0.968017771880238,1.31440311952039,0,366,367
T,MIRROR_M3,H50,C,10,MIRROR_M3,"M=20,20,20,20,|T=0,0,0,0,|B=3,15,1,50;",0,1,0,105200004,205200004,0.998067802579959,1.11567831017171,10,MIRROR_M3;G003,2,MIRROR_M3,1,1,1,0,0,0,0,1,0,MULTIPLE_AMBIGUOUS,multiple_candidates,0.875320225090492,0.875320225090492,0,0.837505379940763,1.31440311952039,0,408,409
T,MIRROR_M3,H50,C,10,MIRROR_M3,"M=20,20,20,20,|T=0,0,0,0,|B=3,15,1,50;",0,1,0,105200005,205200005,0.985043530753588,1.18906965262747,10,MIRROR_M3;G003,2,MIRROR_M3,1,1,1,0,0,0,0,1,0,MULTIPLE_AMBIGUOUS,multiple_candidates,0.762291950656674,0.762291950656675,1.11022302462516e-15,0.950423671204702,1.31440311952039,0,366,367
T,MIRROR_M3,H50,C,10,MIRROR_M3,"M=20,20,20,20,|T=0,0,0,0,|B=3,15,1,50;",0,1,0,105200006,205200006,1.01738055363803,1.07777866236323,10,MIRROR_M3;G003,2,MIRROR_M3,1,1,1,0,0,0,0,1,0,MULTIPLE_AMBIGUOUS,multiple_candidates,0.850814303568055,0.850814303568055,0,0.738861998465425,1.31440311952039,0,402,403
T,MIRROR_M3,H50,C,10,MIRROR_M3,"M=20,20,20,20,|T=0,0,0,0,|B=3,15,1,50;",0,1,0,105200007,205200007,0.980308263179831,0.851869529806071,10,MIRROR_M3;G003,2,G003,2,1,1,0,0,0,0,1,0,MULTIPLE_AMBIGUOUS,multiple_candidates,0.922779289361164,0.922779289361165,9.99200722162641e-16,0.798649147273019,1.31440311952039,0,360,361
T,MIRROR_M3,H50,C,10,MIRROR_M3,"M=20,20,20,20,|T=0,0,0,0,|B=3,15,1,50;",0,1,0,105200008,205200008,1.00579127842795,0.901925522327693,10,G003,1,G003,2,1,1,0,0,0,0,1,0,LOW_CONFIDENCE,insufficient_unique_margin,0.818073676012781,0.818073676012785,3.66373598126302e-15,0.861367131371593,1.31440311952039,0,364,365
T,MIRROR_M3,H50,C,10,MIRROR_M3,"M=20,20,20,20,|T=0,0,0,0,|B=3,15,1,50;",0,1,0,105200009,205200009,1.0101271363512,1.00136235784276,10,MIRROR_M3;G003,2,G003,2,1,1,0,0,0,0,1,0,MULTIPLE_AMBIGUOUS,multiple_candidates,0.798189037701247,0.798189037701249,1.99840144432528e-15,0.867427421029767,1.31440311952039,0,364,365
T,MIRROR_M3,H50,C,10,MIRROR_M3,"M=20,20,20,20,|T=0,0,0,0,|B=3,15,1,50;",0,1,0,105200010,205200010,0.990689397561957,1.11462960416909,10,MIRROR_M3;G003,2,MIRROR_M3,1,1,1,0,0,0,0,1,0,MULTIPLE_AMBIGUOUS,multiple_candidates,0.761421476511659,0.761421476511659,2.22044604925031e-16,0.877041242853783,1.31440311952039,0,364,365
T,MIRROR_M3,H50,C,10,MIRROR_M3,"M=20,20,20,20,|T=0,0,0,0,|B=3,15,1,50;",0,1,0,105200011,205200011,1.00243469206895,0.867042439936585,10,MIRROR_M3;G003,2,MIRROR_M3,1,1,1,0,0,0,0,1,0,MULTIPLE_AMBIGUOUS,multiple_candidates,0.704709327989711,0.704709327989711,0,0.939081268396159,1.31440311952039,0,372,373
T,MIRROR_M3,H50,C,10,MIRROR_M3,"M=20,20,20,20,|T=0,0,0,0,|B=3,15,1,50;",0,1,0,105200012,205200012,1.00339112978908,0.959895364946089,10,MIRROR_M3;G003,2,MIRROR_M3,1,1,1,0,0,0,0,1,0,MULTIPLE_AMBIGUOUS,multiple_candidates,0.899849049205972,0.899849049205974,2.55351295663786e-15,0.896798824949833,1.31440311952039,0,366,367
T,MIRROR_M3,H50,C,10,MIRROR_M3,"M=20,20,20,20,|T=0,0,0,0,|B=3,15,1,50;",0,1,0,105200013,205200013,1.00602595746162,0.960404882650251,10,MIRROR_M3;G003,2,MIRROR_M3,1,1,1,0,0,0,0,1,0,MULTIPLE_AMBIGUOUS,multiple_candidates,0.930847654674755,0.930847654674755,0,0.719431157961937,1.31440311952039,0,364,365
T,MIRROR_M3,H50,C,10,MIRROR_M3,"M=20,20,20,20,|T=0,0,0,0,|B=3,15,1,50;",0,1,0,105200014,205200014,1.00227183488619,0.928558278202523,10,MIRROR_M3;G003,2,G003,2,1,1,0,0,0,0,1,0,MULTIPLE_AMBIGUOUS,multiple_candidates,0.738939179061806,0.738939179061806,1.11022302462516e-16,0.861129986916568,1.31440311952039,0,366,367
T,MIRROR_M3,H50,C,10,MIRROR_M3,"M=20,20,20,20,|T=0,0,0,0,|B=3,15,1,50;",0,1,0,105200015,205200015,0.983283170894559,1.01896175758368,10,MIRROR_M3;G003,2,MIRROR_M3,1,1,1,0,0,0,0,1,0,MULTIPLE_AMBIGUOUS,multiple_candidates,0.805555541542395,0.805555541542396,3.33066907387547e-16,0.731693298591575,1.31440311952039,0,366,367
T,MIRROR_M3,H50,C,10,MIRROR_M3,"M=20,20,20,20,|T=0,0,0,0,|B=3,15,1,50;",0,1,0,105200016,205200016,0.984590167685205,0.816119563291562,10,MIRROR_M3;G003,2,G003,2,1,1,0,0,0,0,1,0,MULTIPLE_AMBIGUOUS,multiple_candidates,0.881342243293287,0.881342243293288,1.33226762955019e-15,0.786463059091603,1.31440311952039,0,400,401
T,MIRROR_M3,H50,C,10,MIRROR_M3,"M=20,20,20,20,|T=0,0,0,0,|B=3,15,1,50;",0,1,0,105200017,205200017,0.997987798643371,0.996519756560209,10,MIRROR_M3;G003,2,MIRROR_M3,1,1,1,0,0,0,0,1,0,MULTIPLE_AMBIGUOUS,multiple_candidates,0.760308248746402,0.760308248746402,7.7715611723761e-16,0.762152765463541,1.31440311952039,0,370,371
T,MIRROR_M3,H50,C,10,MIRROR_M3,"M=20,20,20,20,|T=0,0,0,0,|B=3,15,1,50;",0,1,0,105200018,205200018,0.995851042253135,1.1461746807372,10,MIRROR_M3;G003,2,MIRROR_M3,1,1,1,0,0,0,0,1,0,MULTIPLE_AMBIGUOUS,multiple_candidates,0.756349959558978,0.756349959558978,3.33066907387547e-16,0.845327618629051,1.31440311952039,0,414,415
T,MIRROR_M3,H50,C,10,MIRROR_M3,"M=20,20,20,20,|T=0,0,0,0,|B=3,15,1,50;",0,1,0,105200019,205200019,1.01903888425568,1.09960008944439,10,MIRROR_M3;G003,2,MIRROR_M3,1,1,1,0,0,0,0,1,0,MULTIPLE_AMBIGUOUS,multiple_candidates,0.789357682388465,0.789357682388466,2.22044604925031e-16,0.766633740722677,1.31440311952039,0,396,397
T,MIRROR_M3,H50,C,10,MIRROR_M3,"M=20,20,20,20,|T=0,0,0,0,|B=3,15,1,50;",0,1,0,105200020,205200020,0.989572966585399,0.853505399180987,10,MIRROR_M3;G003,2,MIRROR_M3,1,1,1,0,0,0,0,1,0,MULTIPLE_AMBIGUOUS,multiple_candidates,0.805800669618658,0.805800669618659,9.99200722162641e-16,0.845402577005645,1.31440311952039,0,366,367
T,MIRROR_M3,H50,C,10,MIRROR_M3,"M=20,20,20,20,|T=0,0,0,0,|B=3,15,1,50;",0,1,0,105200021,205200021,0.995956040128706,0.870896826691978,10,MIRROR_M3;G003,2,G003,2,1,1,0,0,0,0,1,0,MULTIPLE_AMBIGUOUS,multiple_candidates,0.7964631099215,0.796463109921501,4.44089209850063e-16,0.931402895900327,1.31440311952039,0,368,369
T,MIRROR_M3,H50,C,10,MIRROR_M3,"M=20,20,20,20,|T=0,0,0,0,|B=3,15,1,50;",0,1,0,105200022,205200022,1.01460165414734,0.973429056949395,10,G003,1,G003,2,1,1,0,0,0,0,1,0,LOW_CONFIDENCE,insufficient_unique_margin,0.90999856787907,0.909998567879075,5.21804821573824e-15,0.943860967809962,1.31440311952039,0,366,367
T,MIRROR_M3,H50,C,10,MIRROR_M3,"M=20,20,20,20,|T=0,0,0,0,|B=3,15,1,50;",0,1,0,105200023,205200023,1.00769178728562,0.861637069284012,10,MIRROR_M3;G003,2,MIRROR_M3,1,1,1,0,0,0,0,1,0,MULTIPLE_AMBIGUOUS,multiple_candidates,0.844221989368832,0.844221989368832,2.22044604925031e-16,0.995296336258283,1.31440311952039,0,364,365
T,MIRROR_M3,H50,C,10,MIRROR_M3,"M=20,20,20,20,|T=0,0,0,0,|B=3,15,1,50;",0,1,0,105200024,205200024,1.01704267893447,0.901242310526244,10,MIRROR_M3;G003,2,G003,2,1,1,0,0,0,0,1,0,MULTIPLE_AMBIGUOUS,multiple_candidates,0.766602470403472,0.766602470403474,1.99840144432528e-15,0.809377261348474,1.31440311952039,0,364,365
T,MIRROR_M3,H50,C,10,MIRROR_M3,"M=20,20,20,20,|T=0,0,0,0,|B=3,15,1,50;",0,1,0,105200025,205200025,1.0054146113951,1.04749738838441,10,G003,1,G003,2,1,1,0,0,0,0,1,0,LOW_CONFIDENCE,insufficient_unique_margin,0.938371116319319,0.938371116319322,3.66373598126302e-15,0.759313124949034,1.31440311952039,0,362,363
T,MIRROR_M3,H50,C,10,MIRROR_M3,"M=20,20,20,20,|T=0,0,0,0,|B=3,15,1,50;",0,1,0,105200026,205200026,0.999067251311118,0.884259265019338,10,MIRROR_M3,1,MIRROR_M3,1,1,1,0,0,0,0,1,0,LOW_CONFIDENCE,insufficient_unique_margin,0.800086601630762,0.800086601630765,3.44169137633799e-15,0.943639787361725,1.31440311952039,0,366,367
T,MIRROR_M3,H50,C,10,MIRROR_M3,"M=20,20,20,20,|T=0,0,0,0,|B=3,15,1,50;",0,1,0,105200027,205200027,1.01246364388345,0.995938484438419,10,MIRROR_M3;G003,2,G003,2,1,1,0,0,0,0,1,0,MULTIPLE_AMBIGUOUS,multiple_candidates,0.857833378304285,0.857833378304286,5.55111512312578e-16,0.954852256244413,1.31440311952039,0,366,367
T,MIRROR_M3,H50,C,10,MIRROR_M3,"M=20,20,20,20,|T=0,0,0,0,|B=3,15,1,50;",0,1,0,105200028,205200028,1.01048404302311,0.983953188981461,10,MIRROR_M3;G003,2,MIRROR_M3,1,1,1,0,0,0,0,1,0,MULTIPLE_AMBIGUOUS,multiple_candidates,0.851556434118506,0.851556434118507,1.4432899320127e-15,0.912071029798197,1.31440311952039,0,366,367
T,MIRROR_M3,H50,C,10,MIRROR_M3,"M=20,20,20,20,|T=0,0,0,0,|B=3,15,1,50;",0,1,0,105200029,205200029,1.0072060618537,0.988998375808724,10,MIRROR_M3;G003,2,MIRROR_M3,1,1,1,0,0,0,0,1,0,MULTIPLE_AMBIGUOUS,multiple_candidates,0.772564214682349,0.772564214682349,4.44089209850063e-16,0.92106144479182,1.31440311952039,0,364,365
T,MIRROR_M3,H50,C,10,MIRROR_M3,"M=20,20,20,20,|T=0,0,0,0,|B=3,15,1,50;",0,1,0,105200030,205200030,0.998002313434965,0.820224555490033,10,MIRROR_M3;G003,2,MIRROR_M3,1,1,1,0,0,0,0,1,0,MULTIPLE_AMBIGUOUS,multiple_candidates,0.86154294085059,0.861542940850592,1.66533453693773e-15,1.00171041629754,1.31440311952039,0,404,405
T,ADD_M1_M3,H50,C,10,ADD_M1_M3,"M=20,20,20,20,|T=0,0,0,0,|B=1,15,1,50;3,15,1,50;",0,1,0,105800001,205800001,0.986937743345215,0.955783222192036,10,ADD_M1_M3,1,ADD_M1_M3,1,1,1,0,0,0,0,1,0,LOW_CONFIDENCE,insufficient_unique_margin,0.715233800309794,1.61719343344243,0.901959633132633,0.658917512481569,1.31440311952039,0,299,300
T,ADD_M1_M3,H50,C,10,ADD_M1_M3,"M=20,20,20,20,|T=0,0,0,0,|B=1,15,1,50;3,15,1,50;",0,1,0,105800002,205800002,0.99147673348504,0.85060317359973,10,ADD_M1_M3,1,ADD_M1_M3,1,1,1,0,0,0,0,1,0,LOW_CONFIDENCE,insufficient_unique_margin,0.750834330596488,1.75067538612449,0.999841055528003,0.655206701886362,1.31440311952039,0,308,309
T,ADD_M1_M3,H50,C,10,ADD_M1_M3,"M=20,20,20,20,|T=0,0,0,0,|B=1,15,1,50;3,15,1,50;",0,1,0,105800003,205800003,0.983069592519081,1.05223496406954,10,ADD_M1_M3,1,ADD_M1_M3,1,1,1,0,0,0,0,1,0,LOW_CONFIDENCE,insufficient_unique_margin,0.684998956136445,1.64009182370224,0.955092867565795,0.74448671516201,1.31440311952039,0,277,278
T,ADD_M1_M3,H50,C,10,ADD_M1_M3,"M=20,20,20,20,|T=0,0,0,0,|B=1,15,1,50;3,15,1,50;",0,1,0,105800004,205800004,1.00949324245763,1.006343042994,10,ADD_M1_M3,1,ADD_M1_M3,1,1,1,0,0,0,0,1,0,LOW_CONFIDENCE,insufficient_unique_margin,0.632606103504044,1.51351342224251,0.880907318738471,0.698327083811952,1.31440311952039,0,305,306
T,ADD_M1_M3,H50,C,10,ADD_M1_M3,"M=20,20,20,20,|T=0,0,0,0,|B=1,15,1,50;3,15,1,50;",0,1,0,105800005,205800005,1.0065382639362,0.948210074009224,10,ADD_M1_M3,1,ADD_M1_M3,1,1,1,0,0,0,0,1,0,LOW_CONFIDENCE,insufficient_unique_margin,0.718333519267376,1.58648153319216,0.86814801392478,0.838431329997492,1.31440311952039,0,308,309
T,ADD_M1_M3,H50,C,10,ADD_M1_M3,"M=20,20,20,20,|T=0,0,0,0,|B=1,15,1,50;3,15,1,50;",0,1,0,105800006,205800006,1.00397705099247,1.03901044569493,10,ADD_M1_M3,1,ADD_M1_M3,1,1,1,0,0,0,0,1,0,LOW_CONFIDENCE,insufficient_unique_margin,0.681683923242477,1.46050294661902,0.778819023376539,0.73045606641796,1.31440311952039,0,278,279
T,ADD_M1_M3,H50,C,10,ADD_M1_M3,"M=20,20,20,20,|T=0,0,0,0,|B=1,15,1,50;3,15,1,50;",0,1,0,105800007,205800007,0.987238067761716,1.17865536619843,10,ADD_M1_M3,1,ADD_M1_M3,1,1,1,0,0,0,0,1,0,LOW_CONFIDENCE,insufficient_unique_margin,0.677479528120512,1.45037962273864,0.772900094618125,0.706238625913559,1.31440311952039,0,334,335
T,ADD_M1_M3,H50,C,10,ADD_M1_M3,"M=20,20,20,20,|T=0,0,0,0,|B=1,15,1,50;3,15,1,50;",0,1,0,105800008,205800008,1.00784466204419,1.02375947434403,10,ADD_M1_M3,1,ADD_M1_M3,1,1,1,0,0,0,0,1,0,LOW_CONFIDENCE,insufficient_unique_margin,0.737963907764503,1.47283719257861,0.734873284814108,0.758269675081614,1.31440311952039,0,309,310
T,ADD_M1_M3,H50,C,10,ADD_M1_M3,"M=20,20,20,20,|T=0,0,0,0,|B=1,15,1,50;3,15,1,50;",0,1,0,105800009,205800009,1.01891550775091,1.1187269356926,10,ADD_M1_M3,1,ADD_M1_M3,1,1,1,0,0,0,0,1,0,LOW_CONFIDENCE,insufficient_unique_margin,0.694270130661722,1.49575904410888,0.80148891344716,0.614965350379199,1.31440311952039,0,321,322
T,ADD_M1_M3,H50,C,10,ADD_M1_M3,"M=20,20,20,20,|T=0,0,0,0,|B=1,15,1,50;3,15,1,50;",0,1,0,105800010,205800010,1.0007657962507,0.919468351510511,10,ADD_M1_M3,1,ADD_M1_M3,1,1,1,0,0,0,0,1,0,LOW_CONFIDENCE,insufficient_unique_margin,0.733160069496376,1.65374318008052,0.920583110584142,0.614197245974916,1.31440311952039,0,311,312
T,ADD_M1_M3,H50,C,10,ADD_M1_M3,"M=20,20,20,20,|T=0,0,0,0,|B=1,15,1,50;3,15,1,50;",0,1,0,105800011,205800011,0.98033037567544,1.15710062818387,10,ADD_M1_M3,1,ADD_M1_M3,1,1,1,0,0,0,0,1,0,LOW_CONFIDENCE,insufficient_unique_margin,0.624848770685527,1.4821162200927,0.857267449407173,0.75699104019218,1.31440311952039,0,376,377
T,ADD_M1_M3,H50,C,10,ADD_M1_M3,"M=20,20,20,20,|T=0,0,0,0,|B=1,15,1,50;3,15,1,50;",0,1,0,105800012,205800012,1.0030457230926,0.926009285551028,10,ADD_M1_M3,1,ADD_M1_M3,1,1,1,0,0,0,0,1,0,LOW_CONFIDENCE,insufficient_unique_margin,0.644475387260447,1.70361760372117,1.05914221646072,0.731410002551558,1.31440311952039,0,308,309
T,ADD_M1_M3,H50,C,10,ADD_M1_M3,"M=20,20,20,20,|T=0,0,0,0,|B=1,15,1,50;3,15,1,50;",0,1,0,105800013,205800013,1.00702687275534,0.964939500622113,10,ADD_M1_M3,1,ADD_M1_M3,1,1,1,0,0,0,0,1,0,LOW_CONFIDENCE,insufficient_unique_margin,0.647147668817757,1.5539942227656,0.906846553947845,0.741516175025569,1.31440311952039,0,307,308
T,ADD_M1_M3,H50,C,10,ADD_M1_M3,"M=20,20,20,20,|T=0,0,0,0,|B=1,15,1,50;3,15,1,50;",0,1,0,105800014,205800014,0.984516870590872,1.07849656397657,10,ADD_M1_M3,1,ADD_M1_M3,1,1,1,0,0,0,0,1,0,LOW_CONFIDENCE,insufficient_unique_margin,0.67265116535563,1.53761237371814,0.864961208362515,0.596113299824134,1.31440311952039,0,309,310
T,ADD_M1_M3,H50,C,10,ADD_M1_M3,"M=20,20,20,20,|T=0,0,0,0,|B=1,15,1,50;3,15,1,50;",0,1,0,105800015,205800015,1.00077539383204,0.948744719806501,10,ADD_M1_M3,1,ADD_M1_M3,1,1,1,0,0,0,0,1,0,LOW_CONFIDENCE,insufficient_unique_margin,0.73977664626814,1.61939899891877,0.879622352650634,0.752685863747839,1.31440311952039,0,308,309
T,ADD_M1_M3,H50,C,10,ADD_M1_M3,"M=20,20,20,20,|T=0,0,0,0,|B=1,15,1,50;3,15,1,50;",0,1,0,105800016,205800016,1.00230361389505,1.01161522815799,10,ADD_M1_M3,1,ADD_M1_M3,1,1,1,0,0,0,0,1,0,LOW_CONFIDENCE,insufficient_unique_margin,0.721709485826925,1.65001817351147,0.92830868768455,0.76579314458677,1.31440311952039,0,306,307
T,ADD_M1_M3,H50,C,10,ADD_M1_M3,"M=20,20,20,20,|T=0,0,0,0,|B=1,15,1,50;3,15,1,50;",0,1,0,105800017,205800017,1.00766822209458,1.11520690636536,10,ADD_M1_M3,1,ADD_M1_M3,1,1,1,0,0,0,0,1,0,LOW_CONFIDENCE,insufficient_unique_margin,0.665798299690126,1.48850869070405,0.822710391013925,0.579130659219718,1.31440311952039,0,383,384
T,ADD_M1_M3,H50,C,10,ADD_M1_M3,"M=20,20,20,20,|T=0,0,0,0,|B=1,15,1,50;3,15,1,50;",0,1,0,105800018,205800018,1.01289290723208,0.923383520200282,10,ADD_M1_M3,1,ADD_M1_M3,1,1,1,0,0,0,0,1,0,LOW_CONFIDENCE,insufficient_unique_margin,0.661783077090244,1.50077090672286,0.838987829632613,0.932299652234457,1.31440311952039,0,306,307
T,ADD_M1_M3,H50,C,10,ADD_M1_M3,"M=20,20,20,20,|T=0,0,0,0,|B=1,15,1,50;3,15,1,50;",0,1,0,105800019,205800019,0.986781719755656,1.07738661455186,10,ADD_M1_M3,1,ADD_M1_M3,1,1,1,0,0,0,0,1,0,LOW_CONFIDENCE,insufficient_unique_margin,0.632108916291686,1.55192352799618,0.919814611704494,0.501427772058382,1.31440311952039,0,347,348
T,ADD_M1_M3,H50,C,10,ADD_M1_M3,"M=20,20,20,20,|T=0,0,0,0,|B=1,15,1,50;3,15,1,50;",0,1,0,105800020,205800020,0.985002178872141,1.13429941882391,10,ADD_M1_M3,1,ADD_M1_M3,1,1,1,0,0,0,0,1,0,LOW_CONFIDENCE,insufficient_unique_margin,0.620373647776582,1.49406507732858,0.873691429552001,0.766566514945995,1.31440311952039,0,384,385
T,ADD_M1_M3,H50,C,10,ADD_M1_M3,"M=20,20,20,20,|T=0,0,0,0,|B=1,15,1,50;3,15,1,50;",0,1,0,105800021,205800021,1.00478702675192,0.853908163940572,10,ADD_M1_M3,1,ADD_M1_M3,1,1,1,0,0,0,0,1,0,LOW_CONFIDENCE,insufficient_unique_margin,0.765116019100345,1.59816582909862,0.833049809998276,0.831670405331088,1.31440311952039,0,305,306
T,ADD_M1_M3,H50,C,10,ADD_M1_M3,"M=20,20,20,20,|T=0,0,0,0,|B=1,15,1,50;3,15,1,50;",0,1,0,105800022,205800022,1.00247814066464,0.871494126336815,10,ADD_M1_M3,1,ADD_M1_M3,1,1,1,0,0,0,0,1,0,LOW_CONFIDENCE,insufficient_unique_margin,0.631623342445467,1.58149076547116,0.949867423025692,0.80795869096844,1.31440311952039,0,307,308
T,ADD_M1_M3,H50,C,10,ADD_M1_M3,"M=20,20,20,20,|T=0,0,0,0,|B=1,15,1,50;3,15,1,50;",0,1,0,105800023,205800023,1.01665228652604,0.878197415472829,10,ADD_M1_M3,1,ADD_M1_M3,1,1,1,0,0,0,0,1,0,LOW_CONFIDENCE,insufficient_unique_margin,0.686685160220612,1.60878201561411,0.9220968553935,0.733309730831933,1.31440311952039,0,309,310
T,ADD_M1_M3,H50,C,10,ADD_M1_M3,"M=20,20,20,20,|T=0,0,0,0,|B=1,15,1,50;3,15,1,50;",0,1,0,105800024,205800024,1.00519164862682,1.03023036723775,10,ADD_M1_M3,1,ADD_M1_M3,1,1,1,0,0,0,0,1,0,LOW_CONFIDENCE,insufficient_unique_margin,0.721214545054186,1.46781813834454,0.746603593290352,0.700378689010434,1.31440311952039,0,311,312
T,ADD_M1_M3,H50,C,10,ADD_M1_M3,"M=20,20,20,20,|T=0,0,0,0,|B=1,15,1,50;3,15,1,50;",0,1,0,105800025,205800025,1.01656031926277,1.15062606478678,10,ADD_M1_M3,1,ADD_M1_M3,1,1,1,0,0,0,0,1,0,LOW_CONFIDENCE,insufficient_unique_margin,0.741648941872999,1.4624563477938,0.720807405920802,0.653086597782608,1.31440311952039,0,334,335
T,ADD_M1_M3,H50,C,10,ADD_M1_M3,"M=20,20,20,20,|T=0,0,0,0,|B=1,15,1,50;3,15,1,50;",0,1,0,105800026,205800026,1.00171774719408,1.16149730374406,10,ADD_M1_M3,1,ADD_M1_M3,1,1,1,0,0,0,0,1,0,LOW_CONFIDENCE,insufficient_unique_margin,0.677833655707501,1.60211924889337,0.924285593185868,0.653033239935456,1.31440311952039,0,338,339
T,ADD_M1_M3,H50,C,10,ADD_M1_M3,"M=20,20,20,20,|T=0,0,0,0,|B=1,15,1,50;3,15,1,50;",0,1,0,105800027,205800027,1.00788061118298,0.919503659153942,10,ADD_M1_M3,1,ADD_M1_M3,1,1,1,0,0,0,0,1,0,LOW_CONFIDENCE,insufficient_unique_margin,0.588519467762808,1.61137292203096,1.02285345426815,0.808438635651699,1.31440311952039,0,301,302
T,ADD_M1_M3,H50,C,10,ADD_M1_M3,"M=20,20,20,20,|T=0,0,0,0,|B=1,15,1,50;3,15,1,50;",0,1,0,105800028,205800028,0.992763523720378,0.825122593391255,10,ADD_M1_M3,1,ADD_M1_M3,1,1,1,0,0,0,0,1,0,LOW_CONFIDENCE,insufficient_unique_margin,0.679086897410192,1.66846347118133,0.989376573771139,0.674837936857153,1.31440311952039,0,311,312
T,ADD_M1_M3,H50,C,10,ADD_M1_M3,"M=20,20,20,20,|T=0,0,0,0,|B=1,15,1,50;3,15,1,50;",0,1,0,105800029,205800029,0.990175893647998,1.14079093139576,10,ADD_M1_M3,1,ADD_M1_M3,1,1,1,0,0,0,0,1,0,LOW_CONFIDENCE,insufficient_unique_margin,0.731654889671943,1.46657673634849,0.734921846676551,0.661681947124329,1.31440311952039,0,384,385
T,ADD_M1_M3,H50,C,10,ADD_M1_M3,"M=20,20,20,20,|T=0,0,0,0,|B=1,15,1,50;3,15,1,50;",0,1,0,105800030,205800030,0.993246761914355,1.19588036377535,10,ADD_M1_M3,1,ADD_M1_M3,1,1,1,0,0,0,0,1,0,LOW_CONFIDENCE,insufficient_unique_margin,0.595194219881858,1.48260197665306,0.887407756771205,0.607494461814143,1.31440311952039,0,402,403
T,ADD_M2_M3,H50,C,10,ADD_M2_M3,"M=20,20,20,20,|T=0,0,0,0,|B=2,15,1,50;3,15,1,50;",0,1,0,105500001,205500001,0.999869786963091,1.11358411060651,10,ADD_M2_M3;ADD_M1_M2,2,ADD_M1_M2,2,1,1,0,0,0,0,1,0,MULTIPLE_AMBIGUOUS,multiple_candidates,0.607778195705607,0.607778195705607,2.22044604925031e-16,0.718731574198278,1.31440311952039,0,300,301
T,ADD_M2_M3,H50,C,10,ADD_M2_M3,"M=20,20,20,20,|T=0,0,0,0,|B=2,15,1,50;3,15,1,50;",0,1,0,105500002,205500002,1.00600829493411,1.11947738836508,10,ADD_M2_M3;ADD_M1_M2,2,ADD_M1_M2,2,1,1,0,0,0,0,1,0,MULTIPLE_AMBIGUOUS,multiple_candidates,0.593278042112125,0.593278042112126,9.99200722162641e-16,0.502658066792858,1.31440311952039,0,309,310
T,ADD_M2_M3,H50,C,10,ADD_M2_M3,"M=20,20,20,20,|T=0,0,0,0,|B=2,15,1,50;3,15,1,50;",0,1,0,105500003,205500003,0.998227496680684,0.827921163652505,10,ADD_M2_M3;ADD_M1_M2,2,ADD_M2_M3,1,1,1,0,0,0,0,1,0,MULTIPLE_AMBIGUOUS,multiple_candidates,0.797836947618616,0.797836947618616,1.11022302462516e-16,0.741186700307494,1.31440311952039,0,351,352
T,ADD_M2_M3,H50,C,10,ADD_M2_M3,"M=20,20,20,20,|T=0,0,0,0,|B=2,15,1,50;3,15,1,50;",0,1,0,105500004,205500004,0.982236764739507,0.92848575417968,10,ADD_M2_M3;ADD_M1_M2,2,ADD_M2_M3,1,1,1,0,0,0,0,1,0,MULTIPLE_AMBIGUOUS,multiple_candidates,0.60113006831808,0.601130068318081,3.33066907387547e-16,0.640733224665328,1.31440311952039,0,303,304
T,ADD_M2_M3,H50,C,10,ADD_M2_M3,"M=20,20,20,20,|T=0,0,0,0,|B=2,15,1,50;3,15,1,50;",0,1,0,105500005,205500005,1.014818355481,0.970041850805529,10,ADD_M2_M3;ADD_M1_M2,2,ADD_M2_M3,1,1,1,0,0,0,0,1,0,MULTIPLE_AMBIGUOUS,multiple_candidates,0.711400893730755,0.711400893730755,0,0.707667014098365,1.31440311952039,0,308,309
T,ADD_M2_M3,H50,C,10,ADD_M2_M3,"M=20,20,20,20,|T=0,0,0,0,|B=2,15,1,50;3,15,1,50;",0,1,0,105500006,205500006,0.998922395018758,1.11719332065787,10,ADD_M2_M3;ADD_M1_M2,2,ADD_M2_M3,1,1,1,0,0,0,0,1,0,MULTIPLE_AMBIGUOUS,multiple_candidates,0.742956845452467,0.742956845452467,3.33066907387547e-16,0.778693412097236,1.31440311952039,0,311,312
T,ADD_M2_M3,H50,C,10,ADD_M2_M3,"M=20,20,20,20,|T=0,0,0,0,|B=2,15,1,50;3,15,1,50;",0,1,0,105500007,205500007,0.983315938996486,0.926296316738715,10,ADD_M2_M3;ADD_M1_M2,2,ADD_M1_M2,2,1,1,0,0,0,0,1,0,MULTIPLE_AMBIGUOUS,multiple_candidates,0.75539335812695,0.755393358126952,2.44249065417534e-15,0.788566984535816,1.31440311952039,0,308,309
T,ADD_M2_M3,H50,C,10,ADD_M2_M3,"M=20,20,20,20,|T=0,0,0,0,|B=2,15,1,50;3,15,1,50;",0,1,0,105500008,205500008,0.998123787103149,0.863499333878368,10,ADD_M2_M3;ADD_M1_M2,2,ADD_M2_M3,1,1,1,0,0,0,0,1,0,MULTIPLE_AMBIGUOUS,multiple_candidates,0.679873640073238,0.679873640073238,2.22044604925031e-16,0.674537921964923,1.31440311952039,0,312,313
T,ADD_M2_M3,H50,C,10,ADD_M2_M3,"M=20,20,20,20,|T=0,0,0,0,|B=2,15,1,50;3,15,1,50;",0,1,0,105500009,205500009,0.994933131120601,0.803849249456964,10,ADD_M2_M3;ADD_M1_M2,2,ADD_M2_M3,1,1,1,0,0,0,0,1,0,MULTIPLE_AMBIGUOUS,multiple_candidates,0.757839890355355,0.757839890355355,5.55111512312578e-16,0.691723250374089,1.31440311952039,0,386,387
T,ADD_M2_M3,H50,C,10,ADD_M2_M3,"M=20,20,20,20,|T=0,0,0,0,|B=2,15,1,50;3,15,1,50;",0,1,0,105500010,205500010,1.01741098235023,1.01230433497758,10,ADD_M2_M3;ADD_M1_M2,2,ADD_M2_M3,1,1,1,0,0,0,0,1,0,MULTIPLE_AMBIGUOUS,multiple_candidates,0.630108204577588,0.630108204577588,0,0.637288861582532,1.31440311952039,0,308,309
T,ADD_M2_M3,H50,C,10,ADD_M2_M3,"M=20,20,20,20,|T=0,0,0,0,|B=2,15,1,50;3,15,1,50;",0,1,0,105500011,205500011,1.00205098647931,0.837330380481689,10,ADD_M2_M3;ADD_M1_M2,2,ADD_M2_M3,1,1,1,0,0,0,0,1,0,MULTIPLE_AMBIGUOUS,multiple_candidates,0.722724105985165,0.722724105985167,1.33226762955019e-15,0.801386285436823,1.31440311952039,0,314,315
T,ADD_M2_M3,H50,C,10,ADD_M2_M3,"M=20,20,20,20,|T=0,0,0,0,|B=2,15,1,50;3,15,1,50;",0,1,0,105500012,205500012,0.993523070919113,1.06098762612448,10,ADD_M2_M3;ADD_M1_M2,2,ADD_M2_M3,1,1,1,0,0,0,0,1,0,MULTIPLE_AMBIGUOUS,multiple_candidates,0.623375869877462,0.623375869877463,6.66133814775094e-16,0.733024894621969,1.31440311952039,0,288,289
T,ADD_M2_M3,H50,C,10,ADD_M2_M3,"M=20,20,20,20,|T=0,0,0,0,|B=2,15,1,50;3,15,1,50;",0,1,0,105500013,205500013,0.983915744368027,1.07132242643849,10,ADD_M2_M3;ADD_M1_M2,2,ADD_M1_M2,2,1,1,0,0,0,0,1,0,MULTIPLE_AMBIGUOUS,multiple_candidates,0.685236208997789,0.68523620899779,2.22044604925031e-16,0.63813872199664,1.31440311952039,0,272,273
T,ADD_M2_M3,H50,C,10,ADD_M2_M3,"M=20,20,20,20,|T=0,0,0,0,|B=2,15,1,50;3,15,1,50;",0,1,0,105500014,205500014,1.01010865221402,1.17962552202502,10,ADD_M2_M3;ADD_M1_M2,2,ADD_M2_M3,1,1,1,0,0,0,0,1,0,MULTIPLE_AMBIGUOUS,multiple_candidates,0.721298643491417,0.721298643491418,6.66133814775094e-16,0.528447626901401,1.31440311952039,0,311,312
T,ADD_M2_M3,H50,C,10,ADD_M2_M3,"M=20,20,20,20,|T=0,0,0,0,|B=2,15,1,50;3,15,1,50;",0,1,0,105500015,205500015,0.980121750969647,1.11388692882841,10,ADD_M2_M3;ADD_M1_M2,2,ADD_M2_M3,1,1,1,0,0,0,0,1,0,MULTIPLE_AMBIGUOUS,multiple_candidates,0.678147040788455,0.678147040788455,1.11022302462516e-16,0.594182638482369,1.31440311952039,0,289,290
T,ADD_M2_M3,H50,C,10,ADD_M2_M3,"M=20,20,20,20,|T=0,0,0,0,|B=2,15,1,50;3,15,1,50;",0,1,0,105500016,205500016,1.01637193800934,1.01549497331359,10,ADD_M2_M3;ADD_M1_M2,2,ADD_M1_M2,2,1,1,0,0,0,0,1,0,MULTIPLE_AMBIGUOUS,multiple_candidates,0.662842720988212,0.662842720988212,3.33066907387547e-16,0.655598723141384,1.31440311952039,0,333,334
T,ADD_M2_M3,H50,C,10,ADD_M2_M3,"M=20,20,20,20,|T=0,0,0,0,|B=2,15,1,50;3,15,1,50;",0,1,0,105500017,205500017,0.980796220826829,1.01705255123983,10,ADD_M2_M3;ADD_M1_M2,2,ADD_M1_M2,2,1,1,0,0,0,0,1,0,MULTIPLE_AMBIGUOUS,multiple_candidates,0.653522799950145,0.653522799950147,1.22124532708767e-15,0.62302329003235,1.31440311952039,0,287,288
T,ADD_M2_M3,H50,C,10,ADD_M2_M3,"M=20,20,20,20,|T=0,0,0,0,|B=2,15,1,50;3,15,1,50;",0,1,0,105500018,205500018,1.00455571721019,1.00524768618037,10,ADD_M2_M3;ADD_M1_M2,2,ADD_M2_M3,1,1,1,0,0,0,0,1,0,MULTIPLE_AMBIGUOUS,multiple_candidates,0.706698784183483,0.706698784183483,2.22044604925031e-16,0.666010538206289,1.31440311952039,0,322,323
T,ADD_M2_M3,H50,C,10,ADD_M2_M3,"M=20,20,20,20,|T=0,0,0,0,|B=2,15,1,50;3,15,1,50;",0,1,0,105500019,205500019,1.00139977773477,0.977617788330116,10,ADD_M2_M3;ADD_M1_M2,2,ADD_M1_M2,2,1,1,0,0,0,0,1,0,MULTIPLE_AMBIGUOUS,multiple_candidates,0.625106877753366,0.625106877753367,1.33226762955019e-15,0.748829823350696,1.31440311952039,0,316,317
T,ADD_M2_M3,H50,C,10,ADD_M2_M3,"M=20,20,20,20,|T=0,0,0,0,|B=2,15,1,50;3,15,1,50;",0,1,0,105500020,205500020,0.982481593345831,0.931570407375542,10,ADD_M2_M3;ADD_M1_M2,2,ADD_M2_M3,1,1,1,0,0,0,0,1,0,MULTIPLE_AMBIGUOUS,multiple_candidates,0.753646507623032,0.753646507623034,1.55431223447522e-15,0.797117129998102,1.31440311952039,0,306,307
T,ADD_M2_M3,H50,C,10,ADD_M2_M3,"M=20,20,20,20,|T=0,0,0,0,|B=2,15,1,50;3,15,1,50;",0,1,0,105500021,205500021,0.996580640341393,0.886114330054463,10,ADD_M2_M3;ADD_M1_M2,2,ADD_M2_M3,1,1,1,0,0,0,0,1,0,MULTIPLE_AMBIGUOUS,multiple_candidates,0.640683803192661,0.640683803192663,1.88737914186277e-15,0.73707083860879,1.31440311952039,0,308,309
T,ADD_M2_M3,H50,C,10,ADD_M2_M3,"M=20,20,20,20,|T=0,0,0,0,|B=2,15,1,50;3,15,1,50;",0,1,0,105500022,205500022,0.991193930532275,1.02223701903892,10,ADD_M2_M3;ADD_M1_M2,2,ADD_M1_M2,2,1,1,0,0,0,0,1,0,MULTIPLE_AMBIGUOUS,multiple_candidates,0.763809652899543,0.763809652899543,1.11022302462516e-16,0.686610433937124,1.31440311952039,0,291,292
T,ADD_M2_M3,H50,C,10,ADD_M2_M3,"M=20,20,20,20,|T=0,0,0,0,|B=2,15,1,50;3,15,1,50;",0,1,0,105500023,205500023,0.997748326294087,1.07962917676454,10,ADD_M2_M3;ADD_M1_M2,2,ADD_M1_M2,2,1,1,0,0,0,0,1,0,MULTIPLE_AMBIGUOUS,multiple_candidates,0.689933976131228,0.689933976131228,1.11022302462516e-16,0.649954507266445,1.31440311952039,0,291,292
T,ADD_M2_M3,H50,C,10,ADD_M2_M3,"M=20,20,20,20,|T=0,0,0,0,|B=2,15,1,50;3,15,1,50;",0,1,0,105500024,205500024,1.01913729934741,1.0095763289248,10,ADD_M2_M3;ADD_M1_M2,2,ADD_M2_M3,1,1,1,0,0,0,0,1,0,MULTIPLE_AMBIGUOUS,multiple_candidates,0.79849730463964,0.79849730463964,0,0.819688107740089,1.31440311952039,0,296,297
T,ADD_M2_M3,H50,C,10,ADD_M2_M3,"M=20,20,20,20,|T=0,0,0,0,|B=2,15,1,50;3,15,1,50;",0,1,0,105500025,205500025,1.00584078147998,0.914165024082531,10,ADD_M2_M3;ADD_M1_M2,2,ADD_M2_M3,1,1,1,0,0,0,0,1,0,MULTIPLE_AMBIGUOUS,multiple_candidates,0.679438818359031,0.679438818359033,1.99840144432528e-15,0.733428729063568,1.31440311952039,0,303,304
T,ADD_M2_M3,H50,C,10,ADD_M2_M3,"M=20,20,20,20,|T=0,0,0,0,|B=2,15,1,50;3,15,1,50;",0,1,0,105500026,205500026,0.986600337126229,1.17745831214516,10,ADD_M2_M3;ADD_M1_M2,2,ADD_M2_M3,1,1,1,0,0,0,0,1,0,MULTIPLE_AMBIGUOUS,multiple_candidates,0.648830702048103,0.648830702048103,3.33066907387547e-16,0.787193780187397,1.31440311952039,0,312,313
T,ADD_M2_M3,H50,C,10,ADD_M2_M3,"M=20,20,20,20,|T=0,0,0,0,|B=2,15,1,50;3,15,1,50;",0,1,0,105500027,205500027,1.01677938743988,0.993735867690184,10,ADD_M2_M3;ADD_M1_M2,2,ADD_M2_M3,1,1,1,0,0,0,0,1,0,MULTIPLE_AMBIGUOUS,multiple_candidates,0.665757132798163,0.665757132798163,0,0.641548816036602,1.31440311952039,0,329,330
T,ADD_M2_M3,H50,C,10,ADD_M2_M3,"M=20,20,20,20,|T=0,0,0,0,|B=2,15,1,50;3,15,1,50;",0,1,0,105500028,205500028,1.01990535896643,0.846645646863775,10,ADD_M2_M3;ADD_M1_M2,2,ADD_M1_M2,2,1,1,0,0,0,0,1,0,MULTIPLE_AMBIGUOUS,multiple_candidates,0.628092087860471,0.628092087860471,2.22044604925031e-16,0.852241201961315,1.31440311952039,0,303,304
T,ADD_M2_M3,H50,C,10,ADD_M2_M3,"M=20,20,20,20,|T=0,0,0,0,|B=2,15,1,50;3,15,1,50;",0,1,0,105500029,205500029,0.980326729464371,1.05301484663364,10,ADD_M2_M3;ADD_M1_M2,2,ADD_M2_M3,1,1,1,0,0,0,0,1,0,MULTIPLE_AMBIGUOUS,multiple_candidates,0.65050957990499,0.65050957990499,2.22044604925031e-16,0.595274075399435,1.31440311952039,0,286,287
T,ADD_M2_M3,H50,C,10,ADD_M2_M3,"M=20,20,20,20,|T=0,0,0,0,|B=2,15,1,50;3,15,1,50;",0,1,0,105500030,205500030,1.01000730880758,0.817907450200047,10,ADD_M2_M3;ADD_M1_M2,2,ADD_M1_M2,2,1,1,0,0,0,0,1,0,MULTIPLE_AMBIGUOUS,multiple_candidates,0.684796454757573,0.684796454757574,3.33066907387547e-16,0.793143507077478,1.31440311952039,0,310,311
T,DOUBLE_M3,H50,C,10,DOUBLE_M3,"M=20,20,20,20,|T=0,0,0,0,|B=3,15,1,50;3,15,1,50;",0,1,0,105300001,205300001,0.994142298816724,0.921439987392495,10,DOUBLE_M1,1,DOUBLE_M1,2,1,1,0,0,0,0,1,0,LOW_CONFIDENCE,insufficient_unique_margin,0.608768997141372,0.608768997141376,4.44089209850063e-15,0.806423639153556,1.31440311952039,0,402,403
T,DOUBLE_M3,H50,C,10,DOUBLE_M3,"M=20,20,20,20,|T=0,0,0,0,|B=3,15,1,50;3,15,1,50;",0,1,0,105300002,205300002,0.998796239396031,1.17766251543199,10,DOUBLE_M3;DOUBLE_M1,2,DOUBLE_M1,2,1,1,0,0,0,0,1,0,MULTIPLE_AMBIGUOUS,multiple_candidates,0.596653907902858,0.59665390790286,2.55351295663786e-15,0.644830757269818,1.31440311952039,0,400,401
T,DOUBLE_M3,H50,C,10,DOUBLE_M3,"M=20,20,20,20,|T=0,0,0,0,|B=3,15,1,50;3,15,1,50;",0,1,0,105300003,205300003,0.980900932432286,1.17259115609537,10,DOUBLE_M3;DOUBLE_M1,2,DOUBLE_M3,1,1,1,0,0,0,0,1,0,MULTIPLE_AMBIGUOUS,multiple_candidates,0.678456673309523,0.678456673309523,2.22044604925031e-16,0.556911576579531,1.31440311952039,0,402,403
T,DOUBLE_M3,H50,C,10,DOUBLE_M3,"M=20,20,20,20,|T=0,0,0,0,|B=3,15,1,50;3,15,1,50;",0,1,0,105300004,205300004,0.986250145023289,1.08388630078778,10,DOUBLE_M3;DOUBLE_M1,2,DOUBLE_M1,2,1,1,0,0,0,0,1,0,MULTIPLE_AMBIGUOUS,multiple_candidates,0.699666904377702,0.699666904377703,1.11022302462516e-15,0.733612502277158,1.31440311952039,0,400,401
T,DOUBLE_M3,H50,C,10,DOUBLE_M3,"M=20,20,20,20,|T=0,0,0,0,|B=3,15,1,50;3,15,1,50;",0,1,0,105300005,205300005,0.997406476800335,1.15042646746507,10,DOUBLE_M3;DOUBLE_M1,2,DOUBLE_M3,1,1,1,0,0,0,0,1,0,MULTIPLE_AMBIGUOUS,multiple_candidates,0.720080291469771,0.720080291469771,3.33066907387547e-16,0.704271904869075,1.31440311952039,0,404,405
T,DOUBLE_M3,H50,C,10,DOUBLE_M3,"M=20,20,20,20,|T=0,0,0,0,|B=3,15,1,50;3,15,1,50;",0,1,0,105300006,205300006,1.01184048687591,1.19196326569785,10,DOUBLE_M3;DOUBLE_M1,2,DOUBLE_M3,1,1,1,0,0,0,0,1,0,MULTIPLE_AMBIGUOUS,multiple_candidates,0.687925914591002,0.687925914591003,3.33066907387547e-16,0.636632777723683,1.31440311952039,0,440,441
T,DOUBLE_M3,H50,C,10,DOUBLE_M3,"M=20,20,20,20,|T=0,0,0,0,|B=3,15,1,50;3,15,1,50;",0,1,0,105300007,205300007,1.00681741883585,0.975484006667856,10,DOUBLE_M3;DOUBLE_M1,2,DOUBLE_M1,2,1,1,0,0,0,0,1,0,MULTIPLE_AMBIGUOUS,multiple_candidates,0.72217705524893,0.72217705524893,4.44089209850063e-16,0.66233110750906,1.31440311952039,0,402,403
T,DOUBLE_M3,H50,C,10,DOUBLE_M3,"M=20,20,20,20,|T=0,0,0,0,|B=3,15,1,50;3,15,1,50;",0,1,0,105300008,205300008,0.987101324943478,0.841481434096688,10,DOUBLE_M3;DOUBLE_M1,2,DOUBLE_M1,2,1,1,0,0,0,0,1,0,MULTIPLE_AMBIGUOUS,multiple_candidates,0.685906892770922,0.685906892770923,6.66133814775094e-16,0.701884457489083,1.31440311952039,0,402,403
T,DOUBLE_M3,H50,C,10,DOUBLE_M3,"M=20,20,20,20,|T=0,0,0,0,|B=3,15,1,50;3,15,1,50;",0,1,0,105300009,205300009,1.01988312374574,0.944391030935515,10,DOUBLE_M3;DOUBLE_M1,2,DOUBLE_M1,2,1,1,0,0,0,0,1,0,MULTIPLE_AMBIGUOUS,multiple_candidates,0.646493728551502,0.646493728551504,1.88737914186277e-15,0.603618565841938,1.31440311952039,0,408,409
T,DOUBLE_M3,H50,C,10,DOUBLE_M3,"M=20,20,20,20,|T=0,0,0,0,|B=3,15,1,50;3,15,1,50;",0,1,0,105300010,205300010,1.01439815978853,0.842940154172461,10,DOUBLE_M3;DOUBLE_M1,2,DOUBLE_M3,1,1,1,0,0,0,0,1,0,MULTIPLE_AMBIGUOUS,multiple_candidates,0.776792725568702,0.776792725568702,0,0.681445543588431,1.31440311952039,0,364,365
T,DOUBLE_M3,H50,C,10,DOUBLE_M3,"M=20,20,20,20,|T=0,0,0,0,|B=3,15,1,50;3,15,1,50;",0,1,0,105300011,205300011,1.00975815068017,0.984153058763247,10,DOUBLE_M3;DOUBLE_M1,2,DOUBLE_M3,1,1,1,0,0,0,0,1,0,MULTIPLE_AMBIGUOUS,multiple_candidates,0.663988748931115,0.663988748931116,7.7715611723761e-16,0.815021455648826,1.31440311952039,0,402,403
T,DOUBLE_M3,H50,C,10,DOUBLE_M3,"M=20,20,20,20,|T=0,0,0,0,|B=3,15,1,50;3,15,1,50;",0,1,0,105300012,205300012,1.01857299706846,1.00561581562816,10,DOUBLE_M3;DOUBLE_M1,2,DOUBLE_M1,2,1,1,0,0,0,0,1,0,MULTIPLE_AMBIGUOUS,multiple_candidates,0.795210760309798,0.795210760309799,3.33066907387547e-16,0.727798525535824,1.31440311952039,0,394,395
T,DOUBLE_M3,H50,C,10,DOUBLE_M3,"M=20,20,20,20,|T=0,0,0,0,|B=3,15,1,50;3,15,1,50;",0,1,0,105300013,205300013,1.0001930200299,1.00171200452765,10,DOUBLE_M3;DOUBLE_M1,2,DOUBLE_M3,1,1,1,0,0,0,0,1,0,MULTIPLE_AMBIGUOUS,multiple_candidates,0.841120931804566,0.841120931804568,1.4432899320127e-15,0.797395598593626,1.31440311952039,0,410,411
T,DOUBLE_M3,H50,C,10,DOUBLE_M3,"M=20,20,20,20,|T=0,0,0,0,|B=3,15,1,50;3,15,1,50;",0,1,0,105300014,205300014,0.991508595164902,1.02537457240846,10,DOUBLE_M3;DOUBLE_M1,2,DOUBLE_M3,1,1,1,0,0,0,0,1,0,MULTIPLE_AMBIGUOUS,multiple_candidates,0.687236496281353,0.687236496281354,7.7715611723761e-16,0.613773866761877,1.31440311952039,0,402,403
T,DOUBLE_M3,H50,C,10,DOUBLE_M3,"M=20,20,20,20,|T=0,0,0,0,|B=3,15,1,50;3,15,1,50;",0,1,0,105300015,205300015,0.992789505976045,0.993071002286362,10,DOUBLE_M3;DOUBLE_M1,2,DOUBLE_M1,2,1,1,0,0,0,0,1,0,MULTIPLE_AMBIGUOUS,multiple_candidates,0.688999487628492,0.688999487628495,2.44249065417534e-15,0.668033407906714,1.31440311952039,0,402,403
T,DOUBLE_M3,H50,C,10,DOUBLE_M3,"M=20,20,20,20,|T=0,0,0,0,|B=3,15,1,50;3,15,1,50;",0,1,0,105300016,205300016,0.992308988538501,1.06179795039292,10,DOUBLE_M3;DOUBLE_M1,2,DOUBLE_M1,2,1,1,0,0,0,0,1,0,MULTIPLE_AMBIGUOUS,multiple_candidates,0.699909383664125,0.699909383664125,6.66133814775094e-16,0.730159527530749,1.31440311952039,0,402,403
T,DOUBLE_M3,H50,C,10,DOUBLE_M3,"M=20,20,20,20,|T=0,0,0,0,|B=3,15,1,50;3,15,1,50;",0,1,0,105300017,205300017,1.01008396761288,0.955328053147857,10,DOUBLE_M3;DOUBLE_M1,2,DOUBLE_M1,2,1,1,0,0,0,0,1,0,MULTIPLE_AMBIGUOUS,multiple_candidates,0.737398272541317,0.737398272541319,1.33226762955019e-15,0.852222000667073,1.31440311952039,0,404,405
T,DOUBLE_M3,H50,C,10,DOUBLE_M3,"M=20,20,20,20,|T=0,0,0,0,|B=3,15,1,50;3,15,1,50;",0,1,0,105300018,205300018,0.999306612768769,1.01803460630591,10,DOUBLE_M3;DOUBLE_M1,2,DOUBLE_M3,1,1,1,0,0,0,0,1,0,MULTIPLE_AMBIGUOUS,multiple_candidates,0.714851527569451,0.714851527569451,1.11022302462516e-16,0.758238843603903,1.31440311952039,0,402,403
T,DOUBLE_M3,H50,C,10,DOUBLE_M3,"M=20,20,20,20,|T=0,0,0,0,|B=3,15,1,50;3,15,1,50;",0,1,0,105300019,205300019,0.99675237910883,0.868678010003225,10,DOUBLE_M1,1,DOUBLE_M1,2,1,1,0,0,0,0,1,0,LOW_CONFIDENCE,insufficient_unique_margin,0.663031717312696,0.663031717312699,3.33066907387547e-15,0.750413994618578,1.31440311952039,0,368,369
T,DOUBLE_M3,H50,C,10,DOUBLE_M3,"M=20,20,20,20,|T=0,0,0,0,|B=3,15,1,50;3,15,1,50;",0,1,0,105300020,205300020,1.00439689269713,0.966740163316416,10,DOUBLE_M3,1,DOUBLE_M3,1,1,1,0,0,0,0,1,0,LOW_CONFIDENCE,insufficient_unique_margin,0.726401102972722,0.726401102972725,3.21964677141295e-15,0.730324084872676,1.31440311952039,0,402,403
T,DOUBLE_M3,H50,C,10,DOUBLE_M3,"M=20,20,20,20,|T=0,0,0,0,|B=3,15,1,50;3,15,1,50;",0,1,0,105300021,205300021,0.995583542347458,0.989034382878287,10,DOUBLE_M3;DOUBLE_M1,2,DOUBLE_M3,1,1,1,0,0,0,0,1,0,MULTIPLE_AMBIGUOUS,multiple_candidates,0.636774361711192,0.636774361711192,5.55111512312578e-16,0.575644521075999,1.31440311952039,0,366,367
T,DOUBLE_M3,H50,C,10,DOUBLE_M3,"M=20,20,20,20,|T=0,0,0,0,|B=3,15,1,50;3,15,1,50;",0,1,0,105300022,205300022,0.989955871036622,0.860921744142146,10,DOUBLE_M3;DOUBLE_M1,2,DOUBLE_M3,1,1,1,0,0,0,0,1,0,MULTIPLE_AMBIGUOUS,multiple_candidates,0.656513987271027,0.656513987271027,1.11022302462516e-16,0.819204537502821,1.31440311952039,0,366,367
T,DOUBLE_M3,H50,C,10,DOUBLE_M3,"M=20,20,20,20,|T=0,0,0,0,|B=3,15,1,50;3,15,1,50;",0,1,0,105300023,205300023,1.00262092419101,0.844623510600253,10,DOUBLE_M3;DOUBLE_M1,2,DOUBLE_M1,2,1,1,0,0,0,0,1,0,MULTIPLE_AMBIGUOUS,multiple_candidates,0.719490961478097,0.719490961478097,3.33066907387547e-16,0.644455023989317,1.31440311952039,0,406,407
T,DOUBLE_M3,H50,C,10,DOUBLE_M3,"M=20,20,20,20,|T=0,0,0,0,|B=3,15,1,50;3,15,1,50;",0,1,0,105300024,205300024,1.011652709286,1.00527979389117,10,DOUBLE_M1,1,DOUBLE_M1,2,1,1,0,0,0,0,1,0,LOW_CONFIDENCE,insufficient_unique_margin,0.71477798613802,0.714777986138023,2.99760216648792e-15,0.740896189968477,1.31440311952039,0,406,407
T,DOUBLE_M3,H50,C,10,DOUBLE_M3,"M=20,20,20,20,|T=0,0,0,0,|B=3,15,1,50;3,15,1,50;",0,1,0,105300025,205300025,1.01289368637454,0.953623938704076,10,DOUBLE_M3;DOUBLE_M1,2,DOUBLE_M3,1,1,1,0,0,0,0,1,0,MULTIPLE_AMBIGUOUS,multiple_candidates,0.684674169909038,0.68467416990904,1.77635683940025e-15,0.670703207571136,1.31440311952039,0,404,405
T,DOUBLE_M3,H50,C,10,DOUBLE_M3,"M=20,20,20,20,|T=0,0,0,0,|B=3,15,1,50;3,15,1,50;",0,1,0,105300026,205300026,0.997145343191563,0.922067252421,10,DOUBLE_M3;DOUBLE_M1,2,DOUBLE_M1,2,1,1,0,0,0,0,1,0,MULTIPLE_AMBIGUOUS,multiple_candidates,0.655282388427405,0.655282388427405,5.55111512312578e-16,0.750320061053222,1.31440311952039,0,366,367
T,DOUBLE_M3,H50,C,10,DOUBLE_M3,"M=20,20,20,20,|T=0,0,0,0,|B=3,15,1,50;3,15,1,50;",0,1,0,105300027,205300027,0.990037514814725,1.05925329361712,10,DOUBLE_M3;DOUBLE_M1,2,DOUBLE_M3,1,1,1,0,0,0,0,1,0,MULTIPLE_AMBIGUOUS,multiple_candidates,0.669887705113701,0.669887705113701,0,0.74845585171141,1.31440311952039,0,402,403
T,DOUBLE_M3,H50,C,10,DOUBLE_M3,"M=20,20,20,20,|T=0,0,0,0,|B=3,15,1,50;3,15,1,50;",0,1,0,105300028,205300028,0.982632048310026,1.18338396593598,10,DOUBLE_M3,1,DOUBLE_M3,1,1,1,0,0,0,0,1,0,LOW_CONFIDENCE,insufficient_unique_margin,0.713190671480467,0.713190671480471,3.66373598126302e-15,0.676389268718378,1.31440311952039,0,404,405
T,DOUBLE_M3,H50,C,10,DOUBLE_M3,"M=20,20,20,20,|T=0,0,0,0,|B=3,15,1,50;3,15,1,50;",0,1,0,105300029,205300029,1.00074449886914,1.05059598443586,10,DOUBLE_M3;DOUBLE_M1,2,DOUBLE_M3,1,1,1,0,0,0,0,1,0,MULTIPLE_AMBIGUOUS,multiple_candidates,0.678447354599437,0.678447354599438,7.7715611723761e-16,0.669308274765956,1.31440311952039,0,398,399
T,DOUBLE_M3,H50,C,10,DOUBLE_M3,"M=20,20,20,20,|T=0,0,0,0,|B=3,15,1,50;3,15,1,50;",0,1,0,105300030,205300030,1.01176005754663,1.15819831314047,10,DOUBLE_M3;DOUBLE_M1,2,DOUBLE_M1,2,1,1,0,0,0,0,1,0,MULTIPLE_AMBIGUOUS,multiple_candidates,0.692277916253513,0.692277916253513,6.66133814775094e-16,0.704363280989509,1.31440311952039,0,408,409
T_domain,G002_domain_out,H50,C,10,G002,"M=20,20,20,20,|T=0,0,0,0,|B=2,15,1,50;",1,0,1,155400001,255400001,1.15,1.12884131547676,10,ADD_M1_M3,1,ADD_M1_M3,7,1,0,0,0,0,0,0,0,REJECTED,fit_quality_gate,9.16620465593328,9.19084660150994,0.0246419455766649,9.8143648018295,1.31440311952039,0,720,721
T_domain,G002_domain_out,H50,C,10,G002,"M=20,20,20,20,|T=0,0,0,0,|B=2,15,1,50;",1,0,1,155400002,255400002,1.15,1.02561173018079,10,ADD_M1_M3,1,ADD_M1_M3,7,1,0,0,0,0,0,0,0,REJECTED,fit_quality_gate,9.16665557420663,9.18169881369377,0.0150432394871398,10.1245803742265,1.31440311952039,0,720,721
T_domain,G002_domain_out,H50,C,10,G002,"M=20,20,20,20,|T=0,0,0,0,|B=2,15,1,50;",1,0,1,155400003,255400003,1.15,1.15402003894716,10,ADD_M1_M3,1,ADD_M1_M3,7,1,0,0,0,0,0,0,0,REJECTED,fit_quality_gate,9.07910310833153,9.08293735103514,0.0038342427036131,9.87720217492096,1.31440311952039,0,720,721
T_domain,G002_domain_out,H50,C,10,G002,"M=20,20,20,20,|T=0,0,0,0,|B=2,15,1,50;",1,0,1,155400004,255400004,1.15,1.03619650120576,10,ADD_M1_M3,1,ADD_M1_M3,7,1,0,0,0,0,0,0,0,REJECTED,fit_quality_gate,9.23752181829057,9.24222147156314,0.00469965327256716,10.050987376249,1.31440311952039,0,720,721
T_domain,G002_domain_out,H50,C,10,G002,"M=20,20,20,20,|T=0,0,0,0,|B=2,15,1,50;",1,0,1,155400005,255400005,1.15,0.973530142577809,10,ADD_M1_M3,1,ADD_M1_M3,7,1,0,0,0,0,0,0,0,REJECTED,fit_quality_gate,9.14817209099357,9.16596200113019,0.0177899101366243,10.0297052781349,1.31440311952039,0,720,721
T_domain,G002_domain_out,H50,C,10,G002,"M=20,20,20,20,|T=0,0,0,0,|B=2,15,1,50;",1,0,1,155400006,255400006,1.15,0.876277797983159,10,ADD_M1_M3,1,ADD_M1_M3,7,1,0,0,0,0,0,0,0,REJECTED,fit_quality_gate,9.20201628157573,9.20587608972399,0.00385980814826148,10.2422263576207,1.31440311952039,0,720,721
T_domain,G002_domain_out,H50,C,10,G002,"M=20,20,20,20,|T=0,0,0,0,|B=2,15,1,50;",1,0,1,155400007,255400007,1.15,1.11098324243282,10,ADD_M2_M3;ADD_M1_M2,2,ADD_M2_M3,7,1,0,0,0,0,0,0,0,REJECTED,fit_quality_gate,9.09679546801885,9.09679546801885,0,9.7163407345467,1.31440311952039,0,720,721
T_domain,G002_domain_out,H50,C,10,G002,"M=20,20,20,20,|T=0,0,0,0,|B=2,15,1,50;",1,0,1,155400008,255400008,1.15,0.902479587302444,10,ADD_M1_M3,1,ADD_M1_M3,7,1,0,0,0,0,0,0,0,REJECTED,fit_quality_gate,9.22180668467606,9.22874090712323,0.00693422244716935,9.94087644851622,1.31440311952039,0,720,721
T_domain,G002_domain_out,H50,C,10,G002,"M=20,20,20,20,|T=0,0,0,0,|B=2,15,1,50;",1,0,1,155400009,255400009,1.15,0.906681581185242,10,ADD_M1_M3,1,ADD_M1_M3,7,1,0,0,0,0,0,0,0,REJECTED,fit_quality_gate,9.11642358824283,9.12900127343931,0.0125776851964812,9.78566378067175,1.31440311952039,0,720,721
T_domain,G002_domain_out,H50,C,10,G002,"M=20,20,20,20,|T=0,0,0,0,|B=2,15,1,50;",1,0,1,155400010,255400010,1.15,0.813228138908581,10,ADD_M1_M3,1,ADD_M1_M3,7,1,0,0,0,0,0,0,0,REJECTED,fit_quality_gate,9.26102608822138,9.28211280186237,0.0210867136409885,9.80202610928309,1.31440311952039,0,720,721
T_domain,G002_domain_out,H50,C,10,G002,"M=20,20,20,20,|T=0,0,0,0,|B=2,15,1,50;",1,0,1,155400011,255400011,1.15,1.15868124334444,10,ADD_M1_M3,1,ADD_M1_M3,7,1,0,0,0,0,0,0,0,REJECTED,fit_quality_gate,9.26207550852855,9.2783857649554,0.0163102564268485,9.90656846357508,1.31440311952039,0,720,721
T_domain,G002_domain_out,H50,C,10,G002,"M=20,20,20,20,|T=0,0,0,0,|B=2,15,1,50;",1,0,1,155400012,255400012,1.15,1.07727751484691,10,ADD_M1_M3,1,ADD_M1_M3,7,1,0,0,0,0,0,0,0,REJECTED,fit_quality_gate,9.29054604236268,9.30443796736277,0.01389192500009,9.94489554728988,1.31440311952039,0,720,721
T_domain,G002_domain_out,H50,C,10,G002,"M=20,20,20,20,|T=0,0,0,0,|B=2,15,1,50;",1,0,1,155400013,255400013,1.15,1.09492538029689,10,ADD_M1_M3,1,ADD_M1_M3,7,1,0,0,0,0,0,0,0,REJECTED,fit_quality_gate,9.26690482996643,9.27090147824197,0.00399664827553714,9.81465520847623,1.31440311952039,0,720,721
T_domain,G002_domain_out,H50,C,10,G002,"M=20,20,20,20,|T=0,0,0,0,|B=2,15,1,50;",1,0,1,155400014,255400014,1.15,0.864042626340992,10,ADD_M1_M3,1,ADD_M1_M3,7,1,0,0,0,0,0,0,0,REJECTED,fit_quality_gate,9.22566520969389,9.23579648544916,0.0101312757552687,9.99720117836995,1.31440311952039,0,720,721
T_domain,G002_domain_out,H50,C,10,G002,"M=20,20,20,20,|T=0,0,0,0,|B=2,15,1,50;",1,0,1,155400015,255400015,1.15,0.907144302068726,10,ADD_M1_M3,1,ADD_M1_M3,7,1,0,0,0,0,0,0,0,REJECTED,fit_quality_gate,9.28305653214186,9.3110922310043,0.028035698862432,9.98894547025195,1.31440311952039,0,720,721
T_domain,G002_domain_out,H50,C,10,G002,"M=20,20,20,20,|T=0,0,0,0,|B=2,15,1,50;",1,0,1,155400016,255400016,1.15,1.02315740450297,10,ADD_M1_M3,1,ADD_M1_M3,7,1,0,0,0,0,0,0,0,REJECTED,fit_quality_gate,9.23990205775812,9.2550926861959,0.0151906284377805,9.95080672319071,1.31440311952039,0,720,721
T_domain,G002_domain_out,H50,C,10,G002,"M=20,20,20,20,|T=0,0,0,0,|B=2,15,1,50;",1,0,1,155400017,255400017,1.15,0.94983870775824,10,ADD_M1_M3,1,ADD_M1_M3,7,1,0,0,0,0,0,0,0,REJECTED,fit_quality_gate,9.25341851171603,9.25572652031758,0.00230800860154545,10.0859163706799,1.31440311952039,0,720,721
T_domain,G002_domain_out,H50,C,10,G002,"M=20,20,20,20,|T=0,0,0,0,|B=2,15,1,50;",1,0,1,155400018,255400018,1.15,0.851098094842341,10,ADD_M1_M3,1,ADD_M1_M3,7,1,0,0,0,0,0,0,0,REJECTED,fit_quality_gate,9.25813335883606,9.26719767566259,0.00906431682652808,10.2189551838196,1.31440311952039,0,720,721
T_domain,G002_domain_out,H50,C,10,G002,"M=20,20,20,20,|T=0,0,0,0,|B=2,15,1,50;",1,0,1,155400019,255400019,1.15,1.15081996727221,10,ADD_M1_M3,1,ADD_M1_M3,7,1,0,0,0,0,0,0,0,REJECTED,fit_quality_gate,9.21860585450975,9.24280515498474,0.024199300474983,9.94153923151108,1.31440311952039,0,720,721
T_domain,G002_domain_out,H50,C,10,G002,"M=20,20,20,20,|T=0,0,0,0,|B=2,15,1,50;",1,0,1,155400020,255400020,1.15,0.989443461334601,10,ADD_M2_M3;ADD_M1_M2,2,ADD_M2_M3,7,1,0,0,0,0,0,0,0,REJECTED,fit_quality_gate,9.3074846312512,9.3074846312512,0,9.73422276521346,1.31440311952039,0,720,721
T_domain,G002_domain_out,H50,C,10,G002,"M=20,20,20,20,|T=0,0,0,0,|B=2,15,1,50;",1,0,1,155400021,255400021,1.15,1.02739880808362,10,ADD_M1_M3,1,ADD_M1_M3,7,1,0,0,0,0,0,0,0,REJECTED,fit_quality_gate,9.190013405651,9.1940553712066,0.00404196555560432,10.0034489229795,1.31440311952039,0,720,721
T_domain,G002_domain_out,H50,C,10,G002,"M=20,20,20,20,|T=0,0,0,0,|B=2,15,1,50;",1,0,1,155400022,255400022,1.15,1.1718040202307,10,ADD_M1_M3,1,ADD_M1_M3,7,1,0,0,0,0,0,0,0,REJECTED,fit_quality_gate,9.27141934551636,9.27419688846919,0.00277754295282406,9.75780535137773,1.31440311952039,0,720,721
T_domain,G002_domain_out,H50,C,10,G002,"M=20,20,20,20,|T=0,0,0,0,|B=2,15,1,50;",1,0,1,155400023,255400023,1.15,1.09753062294878,10,ADD_M1_M3,1,ADD_M1_M3,7,1,0,0,0,0,0,0,0,REJECTED,fit_quality_gate,9.19462100148496,9.21360352588915,0.018982524404187,9.90072281003362,1.31440311952039,0,720,721
T_domain,G002_domain_out,H50,C,10,G002,"M=20,20,20,20,|T=0,0,0,0,|B=2,15,1,50;",1,0,1,155400024,255400024,1.15,0.973668123151594,10,ADD_M1_M3,1,ADD_M1_M3,7,1,0,0,0,0,0,0,0,REJECTED,fit_quality_gate,9.18875607727046,9.20422512966913,0.0154690523986751,10.0766463708457,1.31440311952039,0,720,721
T_domain,G002_domain_out,H50,C,10,G002,"M=20,20,20,20,|T=0,0,0,0,|B=2,15,1,50;",1,0,1,155400025,255400025,1.15,0.818006038911299,10,ADD_M2_M3;ADD_M1_M2,2,ADD_M2_M3,7,1,0,0,0,0,0,0,0,REJECTED,fit_quality_gate,9.37341724124491,9.37341724124491,0,10.1162522636004,1.31440311952039,0,720,721
T_domain,G002_domain_out,H50,C,10,G002,"M=20,20,20,20,|T=0,0,0,0,|B=2,15,1,50;",1,0,1,155400026,255400026,1.15,0.915465215153018,10,ADD_M1_M3,1,ADD_M1_M3,7,1,0,0,0,0,0,0,0,REJECTED,fit_quality_gate,9.26191102522743,9.27013993354977,0.00822890832233725,9.96874813494375,1.31440311952039,0,720,721
T_domain,G002_domain_out,H50,C,10,G002,"M=20,20,20,20,|T=0,0,0,0,|B=2,15,1,50;",1,0,1,155400027,255400027,1.15,0.83151918482161,10,ADD_M1_M3,1,ADD_M1_M3,7,1,0,0,0,0,0,0,0,REJECTED,fit_quality_gate,9.24065328499406,9.25142253533182,0.0107692503377592,10.0752629989299,1.31440311952039,0,720,721
T_domain,G002_domain_out,H50,C,10,G002,"M=20,20,20,20,|T=0,0,0,0,|B=2,15,1,50;",1,0,1,155400028,255400028,1.15,0.953556577815418,10,ADD_M1_M3,1,ADD_M1_M3,7,1,0,0,0,0,0,0,0,REJECTED,fit_quality_gate,9.2746696077148,9.28893803477151,0.0142684270567113,10.0178822880625,1.31440311952039,0,720,721
T_domain,G002_domain_out,H50,C,10,G002,"M=20,20,20,20,|T=0,0,0,0,|B=2,15,1,50;",1,0,1,155400029,255400029,1.15,0.853410596465822,10,ADD_M1_M3,1,ADD_M1_M3,7,1,0,0,0,0,0,0,0,REJECTED,fit_quality_gate,9.33262689337744,9.34175843905438,0.00913154567694363,10.0498562549644,1.31440311952039,0,720,721
T_domain,G002_domain_out,H50,C,10,G002,"M=20,20,20,20,|T=0,0,0,0,|B=2,15,1,50;",1,0,1,155400030,255400030,1.15,1.15486552853543,10,ADD_M1_M3,1,ADD_M1_M3,7,1,0,0,0,0,0,0,0,REJECTED,fit_quality_gate,9.14274399386095,9.15116743939372,0.00842344553276497,10.1072345531604,1.31440311952039,0,720,721
T_domain,G003_domain_out,H50,C,10,G003,"M=20,20,20,20,|T=0,0,0,0,|B=1,15,1,50;",1,0,1,155700001,255700001,1.15,0.803414251299255,10,ADD_M1_M3,1,ADD_M1_M3,8,1,0,0,0,0,0,0,0,REJECTED,fit_quality_gate,8.97730069000482,9.01535821262062,0.0380575226158033,9.7241184460511,1.31440311952039,0,720,721
T_domain,G003_domain_out,H50,C,10,G003,"M=20,20,20,20,|T=0,0,0,0,|B=1,15,1,50;",1,0,1,155700002,255700002,1.15,1.1738337439768,10,ADD_M1_M3,1,ADD_M1_M3,8,1,0,0,0,0,0,0,0,REJECTED,fit_quality_gate,8.92721813698999,8.97949354611983,0.0522754091298392,9.61713449036984,1.31440311952039,0,720,721
T_domain,G003_domain_out,H50,C,10,G003,"M=20,20,20,20,|T=0,0,0,0,|B=1,15,1,50;",1,0,1,155700003,255700003,1.15,0.98271378037106,10,ADD_M1_M3,1,ADD_M1_M3,7,1,0,0,0,0,0,0,0,REJECTED,fit_quality_gate,8.87477117070791,8.91331113453775,0.0385399638298427,9.63992037708394,1.31440311952039,0,720,721
T_domain,G003_domain_out,H50,C,10,G003,"M=20,20,20,20,|T=0,0,0,0,|B=1,15,1,50;",1,0,1,155700004,255700004,1.15,0.890581035054099,10,ADD_M1_M3,1,ADD_M1_M3,8,1,0,0,0,0,0,0,0,REJECTED,fit_quality_gate,9.09573652185473,9.14342058959349,0.0476840677387678,9.94686585849448,1.31440311952039,0,720,721
T_domain,G003_domain_out,H50,C,10,G003,"M=20,20,20,20,|T=0,0,0,0,|B=1,15,1,50;",1,0,1,155700005,255700005,1.15,1.10057337735844,10,ADD_M1_M3,1,ADD_M1_M3,7,1,0,0,0,0,0,0,0,REJECTED,fit_quality_gate,8.82421104682489,8.85936174050941,0.0351506936845229,9.80498729978429,1.31440311952039,0,720,721
T_domain,G003_domain_out,H50,C,10,G003,"M=20,20,20,20,|T=0,0,0,0,|B=1,15,1,50;",1,0,1,155700006,255700006,1.15,1.02997813740481,10,ADD_M1_M3,1,ADD_M1_M3,8,1,0,0,0,0,0,0,0,REJECTED,fit_quality_gate,9.03455523441769,9.09469196830269,0.0601367338849936,9.75584143669572,1.31440311952039,0,720,721
T_domain,G003_domain_out,H50,C,10,G003,"M=20,20,20,20,|T=0,0,0,0,|B=1,15,1,50;",1,0,1,155700007,255700007,1.15,1.06513288713846,10,ADD_M1_M3,1,ADD_M1_M3,8,1,0,0,0,0,0,0,0,REJECTED,fit_quality_gate,8.87829854319233,8.90905867640578,0.0307601332134411,9.67727762144757,1.31440311952039,0,720,721
T_domain,G003_domain_out,H50,C,10,G003,"M=20,20,20,20,|T=0,0,0,0,|B=1,15,1,50;",1,0,1,155700008,255700008,1.15,0.814861219223601,10,ADD_M1_M3,1,ADD_M1_M3,8,1,0,0,0,0,0,0,0,REJECTED,fit_quality_gate,9.07013423622761,9.11777592842751,0.0476416921999032,9.81939187484832,1.31440311952039,0,720,721
T_domain,G003_domain_out,H50,C,10,G003,"M=20,20,20,20,|T=0,0,0,0,|B=1,15,1,50;",1,0,1,155700009,255700009,1.15,0.910016524439535,10,ADD_M1_M3,1,ADD_M1_M3,8,1,0,0,0,0,0,0,0,REJECTED,fit_quality_gate,8.92581252845383,8.96869595246503,0.042883424011201,9.64931583036288,1.31440311952039,0,720,721
T_domain,G003_domain_out,H50,C,10,G003,"M=20,20,20,20,|T=0,0,0,0,|B=1,15,1,50;",1,0,1,155700010,255700010,1.15,0.885448766857814,10,ADD_M1_M3,1,ADD_M1_M3,8,1,0,0,0,0,0,0,0,REJECTED,fit_quality_gate,9.04734371273482,9.10855416039744,0.0612104476626172,9.89130884743768,1.31440311952039,0,720,721
T_domain,G003_domain_out,H50,C,10,G003,"M=20,20,20,20,|T=0,0,0,0,|B=1,15,1,50;",1,0,1,155700011,255700011,1.15,1.09820380843836,10,ADD_M1_M3,1,ADD_M1_M3,8,1,0,0,0,0,0,0,0,REJECTED,fit_quality_gate,8.65182071688784,8.69602982262516,0.0442091057373268,9.57729758954667,1.31440311952039,0,720,721
T_domain,G003_domain_out,H50,C,10,G003,"M=20,20,20,20,|T=0,0,0,0,|B=1,15,1,50;",1,0,1,155700012,255700012,1.15,0.830086146905027,10,ADD_M1_M3,1,ADD_M1_M3,7,1,0,0,0,0,0,0,0,REJECTED,fit_quality_gate,8.9399651928002,8.98270538948274,0.0427401966825354,9.6509406301324,1.31440311952039,0,720,721
T_domain,G003_domain_out,H50,C,10,G003,"M=20,20,20,20,|T=0,0,0,0,|B=1,15,1,50;",1,0,1,155700013,255700013,1.15,1.08982461475165,10,ADD_M1_M3,1,ADD_M1_M3,7,1,0,0,0,0,0,0,0,REJECTED,fit_quality_gate,9.06295936790825,9.10657905373495,0.0436196858267071,9.72457348277603,1.31440311952039,0,720,721
T_domain,G003_domain_out,H50,C,10,G003,"M=20,20,20,20,|T=0,0,0,0,|B=1,15,1,50;",1,0,1,155700014,255700014,1.15,0.831971294263125,10,ADD_M1_M3,1,ADD_M1_M3,7,1,0,0,0,0,0,0,0,REJECTED,fit_quality_gate,9.20708234368464,9.25838896510225,0.0513066214176181,9.64859636245784,1.31440311952039,0,720,721
T_domain,G003_domain_out,H50,C,10,G003,"M=20,20,20,20,|T=0,0,0,0,|B=1,15,1,50;",1,0,1,155700015,255700015,1.15,1.08632663323301,10,ADD_M1_M3,1,ADD_M1_M3,8,1,0,0,0,0,0,0,0,REJECTED,fit_quality_gate,9.10000850768064,9.12701348626387,0.0270049785832356,9.31721527530333,1.31440311952039,0,720,721
T_domain,G003_domain_out,H50,C,10,G003,"M=20,20,20,20,|T=0,0,0,0,|B=1,15,1,50;",1,0,1,155700016,255700016,1.15,1.01553666066643,10,ADD_M1_M3,1,ADD_M1_M3,8,1,0,0,0,0,0,0,0,REJECTED,fit_quality_gate,8.98645239217842,9.02753029013785,0.041077897959422,9.72207416825391,1.31440311952039,0,720,721
T_domain,G003_domain_out,H50,C,10,G003,"M=20,20,20,20,|T=0,0,0,0,|B=1,15,1,50;",1,0,1,155700017,255700017,1.15,0.861685837907096,10,ADD_M1_M3,1,ADD_M1_M3,7,1,0,0,0,0,0,0,0,REJECTED,fit_quality_gate,9.03752909203152,9.09323275704571,0.0557036650141907,9.86012864409994,1.31440311952039,0,720,721
T_domain,G003_domain_out,H50,C,10,G003,"M=20,20,20,20,|T=0,0,0,0,|B=1,15,1,50;",1,0,1,155700018,255700018,1.15,0.995422654058848,10,ADD_M1_M3,1,ADD_M1_M3,8,1,0,0,0,0,0,0,0,REJECTED,fit_quality_gate,9.04690873348521,9.09698562912122,0.0500768956360158,9.56249010467428,1.31440311952039,0,720,721
T_domain,G003_domain_out,H50,C,10,G003,"M=20,20,20,20,|T=0,0,0,0,|B=1,15,1,50;",1,0,1,155700019,255700019,1.15,1.17541816938956,10,ADD_M1_M3,1,ADD_M1_M3,8,1,0,0,0,0,0,0,0,REJECTED,fit_quality_gate,9.05273618780629,9.09432245174712,0.0415862639408324,9.37748071472084,1.31440311952039,0,720,721
T_domain,G003_domain_out,H50,C,10,G003,"M=20,20,20,20,|T=0,0,0,0,|B=1,15,1,50;",1,0,1,155700020,255700020,1.15,1.096514600385,10,ADD_M1_M3,1,ADD_M1_M3,8,1,0,0,0,0,0,0,0,REJECTED,fit_quality_gate,8.94677827705632,8.99745782283404,0.0506795457777169,9.69511343277132,1.31440311952039,0,720,721
T_domain,G003_domain_out,H50,C,10,G003,"M=20,20,20,20,|T=0,0,0,0,|B=1,15,1,50;",1,0,1,155700021,255700021,1.15,1.19440293255101,10,ADD_M1_M3,1,ADD_M1_M3,8,1,0,0,0,0,0,0,0,REJECTED,fit_quality_gate,8.90069255698998,8.96543368879218,0.0647411318022026,9.63291414271443,1.31440311952039,0,720,721
T_domain,G003_domain_out,H50,C,10,G003,"M=20,20,20,20,|T=0,0,0,0,|B=1,15,1,50;",1,0,1,155700022,255700022,1.15,0.946773949123953,10,ADD_M1_M3,1,ADD_M1_M3,7,1,0,0,0,0,0,0,0,REJECTED,fit_quality_gate,9.03911596755992,9.0906260719676,0.0515101044076776,9.89872727575805,1.31440311952039,0,720,721
T_domain,G003_domain_out,H50,C,10,G003,"M=20,20,20,20,|T=0,0,0,0,|B=1,15,1,50;",1,0,1,155700023,255700023,1.15,0.994875862394334,10,ADD_M1_M3,1,ADD_M1_M3,8,1,0,0,0,0,0,0,0,REJECTED,fit_quality_gate,9.06061841260241,9.09983629912454,0.0392178865221258,9.64154702771773,1.31440311952039,0,720,721
T_domain,G003_domain_out,H50,C,10,G003,"M=20,20,20,20,|T=0,0,0,0,|B=1,15,1,50;",1,0,1,155700024,255700024,1.15,1.1425667223909,10,ADD_M1_M3,1,ADD_M1_M3,8,1,0,0,0,0,0,0,0,REJECTED,fit_quality_gate,8.87213807056999,8.89405950320131,0.0219214326313129,9.6847816820375,1.31440311952039,0,720,721
T_domain,G003_domain_out,H50,C,10,G003,"M=20,20,20,20,|T=0,0,0,0,|B=1,15,1,50;",1,0,1,155700025,255700025,1.15,1.07694504923692,10,ADD_M1_M3,1,ADD_M1_M3,8,1,0,0,0,0,0,0,0,REJECTED,fit_quality_gate,9.00943285784351,9.03672438258908,0.0272915247455714,9.54228892809719,1.31440311952039,0,720,721
T_domain,G003_domain_out,H50,C,10,G003,"M=20,20,20,20,|T=0,0,0,0,|B=1,15,1,50;",1,0,1,155700026,255700026,1.15,0.890456542825971,10,ADD_M1_M3,1,ADD_M1_M3,7,1,0,0,0,0,0,0,0,REJECTED,fit_quality_gate,9.00110057287628,9.03711935614461,0.0360187832683287,9.50147060779396,1.31440311952039,0,720,721
T_domain,G003_domain_out,H50,C,10,G003,"M=20,20,20,20,|T=0,0,0,0,|B=1,15,1,50;",1,0,1,155700027,255700027,1.15,1.09225609790046,10,ADD_M1_M3,1,ADD_M1_M3,8,1,0,0,0,0,0,0,0,REJECTED,fit_quality_gate,8.92139669116416,8.96968418482441,0.0482874936602506,9.48720665557059,1.31440311952039,0,720,721
T_domain,G003_domain_out,H50,C,10,G003,"M=20,20,20,20,|T=0,0,0,0,|B=1,15,1,50;",1,0,1,155700028,255700028,1.15,1.16723555058399,10,ADD_M1_M3,1,ADD_M1_M3,8,1,0,0,0,0,0,0,0,REJECTED,fit_quality_gate,9.03411835827748,9.07666232572152,0.0425439674440433,9.58126496226672,1.31440311952039,0,720,721
T_domain,G003_domain_out,H50,C,10,G003,"M=20,20,20,20,|T=0,0,0,0,|B=1,15,1,50;",1,0,1,155700029,255700029,1.15,1.17824576170807,10,ADD_M1_M3,1,ADD_M1_M3,8,1,0,0,0,0,0,0,0,REJECTED,fit_quality_gate,8.99100293870689,9.04086986577365,0.0498669270667609,9.70147715018501,1.31440311952039,0,720,721
T_domain,G003_domain_out,H50,C,10,G003,"M=20,20,20,20,|T=0,0,0,0,|B=1,15,1,50;",1,0,1,155700030,255700030,1.15,1.154217231431,10,DOUBLE_M3;DOUBLE_M1,2,DOUBLE_M3,7,1,0,0,0,0,0,0,0,REJECTED,fit_quality_gate,8.90756106484129,8.90756106484129,0,9.4338786719759,1.31440311952039,0,720,721
T,G001,Zin50,A,0,G001,"M=20,20,20,20,|T=0,0,0,0,|B=none",1,0,0,105100001,205100001,1.01130078768643,0.962930318236969,3,G001,1,G001,1,1,0,0,1,1,0,0,0,UNIQUE_CONFIDENT,single_candidate_with_margin,0.96966388283155,245.177384686478,244.207720803647,0.96966388283155,1.10027216438571,0,138,138
T,G001,Zin50,A,0,G001,"M=20,20,20,20,|T=0,0,0,0,|B=none",1,0,0,105100002,205100002,1.00117762201509,1.08950290181416,3,G001,1,G001,1,1,0,0,1,1,0,0,0,UNIQUE_CONFIDENT,single_candidate_with_margin,1.01864367593599,249.980998760051,248.962355084115,1.01864367593599,1.10027216438571,0,136,136
T,G001,Zin50,A,0,G001,"M=20,20,20,20,|T=0,0,0,0,|B=none",1,0,0,105100003,205100003,0.984759506045676,1.02720540607408,3,G001,1,G001,1,1,0,0,1,1,0,0,0,UNIQUE_CONFIDENT,single_candidate_with_margin,0.897946545136251,253.548978183791,252.651031638654,0.897946545136251,1.10027216438571,0,136,136
T,G001,Zin50,A,0,G001,"M=20,20,20,20,|T=0,0,0,0,|B=none",1,0,0,105100004,205100004,1.00803530852974,0.96759907991996,3,G001,1,G001,1,1,0,0,1,1,0,0,0,UNIQUE_CONFIDENT,single_candidate_with_margin,0.870635762141809,246.300126372855,245.429490610713,0.870635762141809,1.10027216438571,0,136,136
T,G001,Zin50,A,0,G001,"M=20,20,20,20,|T=0,0,0,0,|B=none",1,0,0,105100005,205100005,1.01190161902295,1.1020435043837,3,G001,1,G001,1,1,0,0,1,1,0,0,0,UNIQUE_CONFIDENT,single_candidate_with_margin,0.936259665779526,245.003008741508,244.066749075729,0.936259665779526,1.10027216438571,0,140,140
T,G001,Zin50,A,0,G001,"M=20,20,20,20,|T=0,0,0,0,|B=none",1,0,0,105100006,205100006,0.983890126328253,0.979102549791537,3,G001,1,G001,1,1,0,0,1,1,0,0,0,UNIQUE_CONFIDENT,single_candidate_with_margin,1.06408575855357,253.581221213937,252.517135455383,1.06408575855357,1.10027216438571,0,136,136
T,G001,Zin50,A,0,G001,"M=20,20,20,20,|T=0,0,0,0,|B=none",1,0,0,105100007,205100007,1.00158288339419,0.948033944101689,3,G001,1,G001,1,1,0,0,1,1,0,0,0,UNIQUE_CONFIDENT,single_candidate_with_margin,1.00115859670279,249.844561424279,248.843402827577,1.00115859670279,1.10027216438571,0,136,136
T,G001,Zin50,A,0,G001,"M=20,20,20,20,|T=0,0,0,0,|B=none",1,0,0,105100008,205100008,1.00240845332167,1.15619675294995,3,G001,1,G001,1,1,0,0,1,1,0,0,0,UNIQUE_CONFIDENT,single_candidate_with_margin,0.853741361345351,249.335095094171,248.481353732826,0.853741361345351,1.10027216438571,0,132,132
T,G001,Zin50,A,0,G001,"M=20,20,20,20,|T=0,0,0,0,|B=none",1,0,0,105100009,205100009,1.01902534910768,1.03155070260722,3,G001,1,G001,1,1,0,0,1,0,0,0,0,REJECTED,fit_quality_gate,1.10387310124353,244.490483465652,243.386610364409,1.10387310124353,1.10027216438571,0,136,136
T,G001,Zin50,A,0,G001,"M=20,20,20,20,|T=0,0,0,0,|B=none",1,0,0,105100010,205100010,1.00856441692474,1.06628751396675,3,G001,1,G001,1,1,0,0,1,1,0,0,0,UNIQUE_CONFIDENT,single_candidate_with_margin,1.08441775855545,246.164439160456,245.0800214019,1.08441775855545,1.10027216438571,0,136,136
T,G001,Zin50,A,0,G001,"M=20,20,20,20,|T=0,0,0,0,|B=none",1,0,0,105100011,205100011,1.00361488391806,1.10103704277869,3,G001,1,G001,1,1,0,0,1,1,0,0,0,UNIQUE_CONFIDENT,single_candidate_with_margin,1.05079233816363,248.663217153753,247.612424815589,1.05079233816363,1.10027216438571,0,132,132
T,G001,Zin50,A,0,G001,"M=20,20,20,20,|T=0,0,0,0,|B=none",1,0,0,105100012,205100012,0.982332114449622,0.887345015119814,3,G001,1,G001,1,1,0,0,1,1,0,0,0,UNIQUE_CONFIDENT,single_candidate_with_margin,0.970482158884481,253.803966861394,252.833484702509,0.970482158884481,1.10027216438571,0,136,136
T,G001,Zin50,A,0,G001,"M=20,20,20,20,|T=0,0,0,0,|B=none",1,0,0,105100013,205100013,0.996751095164615,1.06794298205733,3,G001,1,G001,1,1,0,0,1,1,0,0,0,UNIQUE_CONFIDENT,single_candidate_with_margin,0.971636793639482,251.973823816926,251.002187023286,0.971636793639482,1.10027216438571,0,136,136
T,G001,Zin50,A,0,G001,"M=20,20,20,20,|T=0,0,0,0,|B=none",1,0,0,105100014,205100014,1.00875995810927,0.827011225085129,3,G001,1,G001,1,1,0,0,1,1,0,0,0,UNIQUE_CONFIDENT,single_candidate_with_margin,1.01845768260231,245.872500716483,244.854043033881,1.01845768260231,1.10027216438571,0,136,136
T,G001,Zin50,A,0,G001,"M=20,20,20,20,|T=0,0,0,0,|B=none",1,0,0,105100015,205100015,0.998978533151966,0.907801835059263,3,G001,1,G001,1,1,0,0,1,1,0,0,0,UNIQUE_CONFIDENT,single_candidate_with_margin,0.996921600736155,251.060702137359,250.063780536622,0.996921600736155,1.10027216438571,0,136,136
T,G001,Zin50,A,0,G001,"M=20,20,20,20,|T=0,0,0,0,|B=none",1,0,0,105100016,205100016,0.987802879474631,1.05686937250375,3,G001,1,G001,1,1,0,0,1,1,0,0,0,UNIQUE_CONFIDENT,single_candidate_with_margin,0.967030484440378,253.39125012938,252.42421964494,0.967030484440378,1.10027216438571,0,136,136
T,G001,Zin50,A,0,G001,"M=20,20,20,20,|T=0,0,0,0,|B=none",1,0,0,105100017,205100017,1.00049012530766,0.800386235894002,3,G001,1,G001,1,1,0,0,1,1,0,0,0,UNIQUE_CONFIDENT,single_candidate_with_margin,0.940401597904625,250.353613349183,249.413211751278,0.940401597904625,1.10027216438571,0,136,136
T,G001,Zin50,A,0,G001,"M=20,20,20,20,|T=0,0,0,0,|B=none",1,0,0,105100018,205100018,1.0075875657568,0.961939969969704,3,G001,1,G001,1,1,0,0,1,1,0,0,0,UNIQUE_CONFIDENT,single_candidate_with_margin,0.94832151457904,246.662852723851,245.714531209272,0.94832151457904,1.10027216438571,0,136,136
T,G001,Zin50,A,0,G001,"M=20,20,20,20,|T=0,0,0,0,|B=none",1,0,0,105100019,205100019,0.995978574334711,0.914401208354212,3,G001,1,G001,1,1,0,0,1,1,0,0,0,UNIQUE_CONFIDENT,single_candidate_with_margin,1.02624084678708,252.202220073354,251.175979226567,1.02624084678708,1.10027216438571,0,136,136
T,G001,Zin50,A,0,G001,"M=20,20,20,20,|T=0,0,0,0,|B=none",1,0,0,105100020,205100020,0.986970796332181,0.978574723291958,3,G001,1,G001,1,1,0,0,1,1,0,0,0,UNIQUE_CONFIDENT,single_candidate_with_margin,0.967962791616983,253.444511362211,252.476548570594,0.967962791616983,1.10027216438571,0,138,138
T,G001,Zin50,A,0,G001,"M=20,20,20,20,|T=0,0,0,0,|B=none",1,0,0,105100021,205100021,0.981500602308643,0.808179839229982,3,G001,1,G001,1,1,0,0,1,1,0,0,0,UNIQUE_CONFIDENT,single_candidate_with_margin,0.978732594723492,253.495231031371,252.516498436647,0.978732594723492,1.10027216438571,0,134,134
T,G001,Zin50,A,0,G001,"M=20,20,20,20,|T=0,0,0,0,|B=none",1,0,0,105100022,205100022,0.988145889963335,0.876156105426699,3,G001,1,G001,1,1,0,0,1,1,0,0,0,UNIQUE_CONFIDENT,single_candidate_with_margin,0.947303827751025,253.618912271402,252.671608443651,0.947303827751025,1.10027216438571,0,136,136
T,G001,Zin50,A,0,G001,"M=20,20,20,20,|T=0,0,0,0,|B=none",1,0,0,105100023,205100023,0.99111199313114,1.07275300615055,3,G001,1,G001,1,1,0,0,1,1,0,0,0,UNIQUE_CONFIDENT,single_candidate_with_margin,0.949579976536322,253.249020683383,252.299440706847,0.949579976536322,1.10027216438571,0,138,138
T,G001,Zin50,A,0,G001,"M=20,20,20,20,|T=0,0,0,0,|B=none",1,0,0,105100024,205100024,0.996566900580011,1.13244077591968,3,G001,1,G001,1,1,0,0,1,1,0,0,0,UNIQUE_CONFIDENT,single_candidate_with_margin,1.03847077450668,252.174024002255,251.135553227748,1.03847077450668,1.10027216438571,0,134,134
T,G001,Zin50,A,0,G001,"M=20,20,20,20,|T=0,0,0,0,|B=none",1,0,0,105100025,205100025,0.991812511943381,1.07849600724505,3,G001,1,G001,1,1,0,0,1,1,0,0,0,UNIQUE_CONFIDENT,single_candidate_with_margin,0.870029731981892,253.213469149398,252.343439417416,0.870029731981892,1.10027216438571,0,134,134
T,G001,Zin50,A,0,G001,"M=20,20,20,20,|T=0,0,0,0,|B=none",1,0,0,105100026,205100026,0.983514496420446,0.948132531736518,3,G001,1,G001,1,1,0,0,1,1,0,0,0,UNIQUE_CONFIDENT,single_candidate_with_margin,0.998411257373597,253.442273745326,252.443862487952,0.998411257373597,1.10027216438571,0,136,136
T,G001,Zin50,A,0,G001,"M=20,20,20,20,|T=0,0,0,0,|B=none",1,0,0,105100027,205100027,0.981996371120438,1.07600938115109,3,G001,1,G001,1,1,0,0,1,1,0,0,0,UNIQUE_CONFIDENT,single_candidate_with_margin,1.05438258773778,253.599069926491,252.544687338754,1.05438258773778,1.10027216438571,0,134,134
T,G001,Zin50,A,0,G001,"M=20,20,20,20,|T=0,0,0,0,|B=none",1,0,0,105100028,205100028,0.994566891417759,1.13938972787835,3,G001,1,G001,1,1,0,0,1,1,0,0,0,UNIQUE_CONFIDENT,single_candidate_with_margin,1.02241209183606,252.446610135454,251.424198043618,1.02241209183606,1.10027216438571,0,134,134
T,G001,Zin50,A,0,G001,"M=20,20,20,20,|T=0,0,0,0,|B=none",1,0,0,105100029,205100029,1.00096472738658,1.10608018821824,3,G001,1,G001,1,1,0,0,1,1,0,0,0,UNIQUE_CONFIDENT,single_candidate_with_margin,1.03071338634069,250.262310772496,249.231597386155,1.03071338634069,1.10027216438571,0,136,136
T,G001,Zin50,A,0,G001,"M=20,20,20,20,|T=0,0,0,0,|B=none",1,0,0,105100030,205100030,1.00680328455663,1.05992840548899,3,G001,1,G001,1,1,0,0,1,1,0,0,0,UNIQUE_CONFIDENT,single_candidate_with_margin,1.00940066208006,247.043335070981,246.033934408901,1.00940066208006,1.10027216438571,0,134,134
T,G002,Zin50,A,0,G002,"M=20,20,20,20,|T=0,0,0,0,|B=2,15,1,50;",1,0,0,105400001,205400001,0.988573068924283,0.811969193859827,3,G002,1,G002,1,1,0,0,1,1,0,0,0,UNIQUE_CONFIDENT,single_candidate_with_margin,0.899276961387212,270.267875903652,269.368598942265,0.899276961387212,1.10027216438571,0,149,149
T,G002,Zin50,A,0,G002,"M=20,20,20,20,|T=0,0,0,0,|B=2,15,1,50;",1,0,0,105400002,205400002,1.00185513348894,1.01692325798831,3,G002,1,G002,1,1,0,0,1,1,0,0,0,UNIQUE_CONFIDENT,single_candidate_with_margin,0.96301978392328,254.240271405056,253.277251621133,0.96301978392328,1.10027216438571,0,119,119
T,G002,Zin50,A,0,G002,"M=20,20,20,20,|T=0,0,0,0,|B=2,15,1,50;",1,0,0,105400003,205400003,0.991102836397355,1.11795435101863,3,G002,1,G002,1,1,0,0,1,1,0,0,0,UNIQUE_CONFIDENT,single_candidate_with_margin,0.976964327374176,256.273630274186,255.296665946812,0.976964327374176,1.10027216438571,0,147,147
T,G002,Zin50,A,0,G002,"M=20,20,20,20,|T=0,0,0,0,|B=2,15,1,50;",1,0,0,105400004,205400004,0.991025292960297,1.06299671723079,3,G002,1,G002,1,1,0,0,1,1,0,0,0,UNIQUE_CONFIDENT,single_candidate_with_margin,1.08903663252743,258.217513805141,257.128477172614,1.08903663252743,1.10027216438571,0,147,147
T,G002,Zin50,A,0,G002,"M=20,20,20,20,|T=0,0,0,0,|B=2,15,1,50;",1,0,0,105400005,205400005,1.01749406010602,0.872713441113738,3,G002,1,G002,1,1,0,0,1,1,0,0,0,UNIQUE_CONFIDENT,single_candidate_with_margin,1.06350973731249,256.284894878035,255.221385140723,1.06350973731249,1.10027216438571,0,117,117
T,G002,Zin50,A,0,G002,"M=20,20,20,20,|T=0,0,0,0,|B=2,15,1,50;",1,0,0,105400006,205400006,1.01359482646635,0.869925550879111,3,,0,G002,1,1,0,0,0,0,0,0,0,REJECTED,fit_quality_gate,1.1089244835898,255.99986414333,254.89093965974,1.1089244835898,1.10027216438571,0,121,121
T,G002,Zin50,A,0,G002,"M=20,20,20,20,|T=0,0,0,0,|B=2,15,1,50;",1,0,0,105400007,205400007,0.988632087415182,0.957880163184862,3,G002,1,G002,1,1,0,0,1,1,0,0,0,UNIQUE_CONFIDENT,single_candidate_with_margin,1.06559550904628,263.197552594699,262.131957085653,1.06559550904628,1.10027216438571,0,147,147
T,G002,Zin50,A,0,G002,"M=20,20,20,20,|T=0,0,0,0,|B=2,15,1,50;",1,0,0,105400008,205400008,1.01316767590818,0.923228467911165,3,G002,1,G002,1,1,0,0,1,1,0,0,0,UNIQUE_CONFIDENT,single_candidate_with_margin,1.04120509531752,253.874607100204,252.833402004887,1.04120509531752,1.10027216438571,0,119,119
T,G002,Zin50,A,0,G002,"M=20,20,20,20,|T=0,0,0,0,|B=2,15,1,50;",1,0,0,105400009,205400009,0.98705273814528,0.888653221930581,3,G002,1,G002,1,1,0,0,1,1,0,0,0,UNIQUE_CONFIDENT,single_candidate_with_margin,0.974985272322403,266.455759475562,265.48077420324,0.974985272322403,1.10027216438571,0,145,145
T,G002,Zin50,A,0,G002,"M=20,20,20,20,|T=0,0,0,0,|B=2,15,1,50;",1,0,0,105400010,205400010,1.00062044788592,0.994410459662702,3,G002,1,G002,1,1,0,0,1,1,0,0,0,UNIQUE_CONFIDENT,single_candidate_with_margin,1.00190602021928,255.938792824657,254.936886804438,1.00190602021928,1.10027216438571,0,121,121
T,G002,Zin50,A,0,G002,"M=20,20,20,20,|T=0,0,0,0,|B=2,15,1,50;",1,0,0,105400011,205400011,1.01026910923814,1.15168743750101,3,G002,1,G002,1,1,0,0,1,1,0,0,0,UNIQUE_CONFIDENT,single_candidate_with_margin,0.935136699533147,246.439682233596,245.504545534063,0.935136699533147,1.10027216438571,0,122,122
T,G002,Zin50,A,0,G002,"M=20,20,20,20,|T=0,0,0,0,|B=2,15,1,50;",1,0,0,105400012,205400012,0.99825812471806,1.11950013278369,3,G002,1,G002,1,1,0,0,1,1,0,0,0,UNIQUE_CONFIDENT,single_candidate_with_margin,0.896348077453406,252.80507124649,251.908723169036,0.896348077453406,1.10027216438571,0,143,143
T,G002,Zin50,A,0,G002,"M=20,20,20,20,|T=0,0,0,0,|B=2,15,1,50;",1,0,0,105400013,205400013,1.00165737179159,1.12927354372355,3,G002,1,G002,1,1,0,0,1,1,0,0,0,UNIQUE_CONFIDENT,single_candidate_with_margin,1.0464122892928,250.534340978718,249.487928689425,1.0464122892928,1.10027216438571,0,119,119
T,G002,Zin50,A,0,G002,"M=20,20,20,20,|T=0,0,0,0,|B=2,15,1,50;",1,0,0,105400014,205400014,0.990083169170078,1.00353206101926,3,G002,1,G002,1,1,0,0,1,1,0,0,0,UNIQUE_CONFIDENT,single_candidate_with_margin,0.902590178078435,260.943971923993,260.041381745914,0.902590178078435,1.10027216438571,0,147,147
T,G002,Zin50,A,0,G002,"M=20,20,20,20,|T=0,0,0,0,|B=2,15,1,50;",1,0,0,105400015,205400015,1.01635665403406,0.833533712937551,3,G002,1,G002,1,1,0,0,1,1,0,0,0,UNIQUE_CONFIDENT,single_candidate_with_margin,0.892732799599779,257.78497244321,256.89223964361,0.892732799599779,1.10027216438571,0,122,122
T,G002,Zin50,A,0,G002,"M=20,20,20,20,|T=0,0,0,0,|B=2,15,1,50;",1,0,0,105400016,205400016,0.994530949393583,1.05256128117921,3,G002,1,G002,1,1,0,0,1,1,0,0,0,UNIQUE_CONFIDENT,single_candidate_with_margin,0.949673483330516,257.776217663449,256.826544180119,0.949673483330516,1.10027216438571,0,147,147
T,G002,Zin50,A,0,G002,"M=20,20,20,20,|T=0,0,0,0,|B=2,15,1,50;",1,0,0,105400017,205400017,1.01257670675115,0.92731223711962,3,G002,1,G002,1,1,0,0,1,1,0,0,0,UNIQUE_CONFIDENT,single_candidate_with_margin,1.01251339485809,253.860338870639,252.847825475781,1.01251339485809,1.10027216438571,0,121,121
T,G002,Zin50,A,0,G002,"M=20,20,20,20,|T=0,0,0,0,|B=2,15,1,50;",1,0,0,105400018,205400018,0.999010536264076,0.900253168627296,3,G002,1,G002,1,1,0,0,1,1,0,0,0,UNIQUE_CONFIDENT,single_candidate_with_margin,0.997370018691554,260.784264202713,259.786894184022,0.997370018691554,1.10027216438571,0,117,117
T,G002,Zin50,A,0,G002,"M=20,20,20,20,|T=0,0,0,0,|B=2,15,1,50;",1,0,0,105400019,205400019,1.00486737189444,0.891703844372564,3,G002,1,G002,1,1,0,0,1,1,0,0,0,UNIQUE_CONFIDENT,single_candidate_with_margin,0.939491133023226,257.382241212025,256.442750079002,0.939491133023226,1.10027216438571,0,117,117
T,G002,Zin50,A,0,G002,"M=20,20,20,20,|T=0,0,0,0,|B=2,15,1,50;",1,0,0,105400020,205400020,0.999926376274403,1.11157479821043,3,G002,1,G002,1,1,0,0,1,1,0,0,0,UNIQUE_CONFIDENT,single_candidate_with_margin,0.957788569994876,252.092302166941,251.134513596946,0.957788569994876,1.10027216438571,0,143,143
T,G002,Zin50,A,0,G002,"M=20,20,20,20,|T=0,0,0,0,|B=2,15,1,50;",1,0,0,105400021,205400021,1.00155510303813,1.16081095140684,3,G002,1,G002,1,1,0,0,1,1,0,0,0,UNIQUE_CONFIDENT,single_candidate_with_margin,1.03294160832996,249.542315486866,248.509373878536,1.03294160832996,1.10027216438571,0,147,147
T,G002,Zin50,A,0,G002,"M=20,20,20,20,|T=0,0,0,0,|B=2,15,1,50;",1,0,0,105400022,205400022,1.00009971427878,1.1210120172267,3,G002,1,G002,1,1,0,0,1,1,0,0,0,UNIQUE_CONFIDENT,single_candidate_with_margin,0.905209442668404,251.675760376097,250.770550933428,0.905209442668404,1.10027216438571,0,145,145
T,G002,Zin50,A,0,G002,"M=20,20,20,20,|T=0,0,0,0,|B=2,15,1,50;",1,0,0,105400023,205400023,1.00893247828377,0.918668766356156,3,G002,1,G002,1,1,0,0,1,1,0,0,0,UNIQUE_CONFIDENT,single_candidate_with_margin,1.05371820860758,254.806809666103,253.753091457496,1.05371820860758,1.10027216438571,0,122,122
T,G002,Zin50,A,0,G002,"M=20,20,20,20,|T=0,0,0,0,|B=2,15,1,50;",1,0,0,105400024,205400024,0.986163157171187,0.948877070081858,3,G002,1,G002,1,1,0,0,1,1,0,0,0,UNIQUE_CONFIDENT,single_candidate_with_margin,0.967252492529796,263.835417379469,262.868164886939,0.967252492529796,1.10027216438571,0,141,141
T,G002,Zin50,A,0,G002,"M=20,20,20,20,|T=0,0,0,0,|B=2,15,1,50;",1,0,0,105400025,205400025,0.98103170841172,0.982238888652272,3,G002,1,G002,1,1,0,0,1,1,0,0,0,UNIQUE_CONFIDENT,single_candidate_with_margin,0.909000459340978,262.516060359103,261.607059899762,0.909000459340978,1.10027216438571,0,139,139
T,G002,Zin50,A,0,G002,"M=20,20,20,20,|T=0,0,0,0,|B=2,15,1,50;",1,0,0,105400026,205400026,0.995361075424797,0.918983648620051,3,G002,1,G002,1,1,0,0,1,1,0,0,0,UNIQUE_CONFIDENT,single_candidate_with_margin,0.869530850243828,262.451081662144,261.5815508119,0.869530850243828,1.10027216438571,0,149,149
T,G002,Zin50,A,0,G002,"M=20,20,20,20,|T=0,0,0,0,|B=2,15,1,50;",1,0,0,105400027,205400027,1.00145814455828,1.03716497166477,3,G002,1,G002,1,1,0,0,1,1,0,0,0,UNIQUE_CONFIDENT,single_candidate_with_margin,0.955943736484384,253.744278850935,252.788335114451,0.955943736484384,1.10027216438571,0,119,119
T,G002,Zin50,A,0,G002,"M=20,20,20,20,|T=0,0,0,0,|B=2,15,1,50;",1,0,0,105400028,205400028,0.995030185890738,0.886923809965309,3,G002,1,G002,1,1,0,0,1,1,0,0,0,UNIQUE_CONFIDENT,single_candidate_with_margin,0.898104795098777,264.085157182495,263.187052387396,0.898104795098777,1.10027216438571,0,151,151
T,G002,Zin50,A,0,G002,"M=20,20,20,20,|T=0,0,0,0,|B=2,15,1,50;",1,0,0,105400029,205400029,1.01065333155543,1.08767062661294,3,G002,1,G002,1,1,0,0,1,1,0,0,0,UNIQUE_CONFIDENT,single_candidate_with_margin,1.01747118620379,248.57756681348,247.560095627276,1.01747118620379,1.10027216438571,0,124,124
T,G002,Zin50,A,0,G002,"M=20,20,20,20,|T=0,0,0,0,|B=2,15,1,50;",1,0,0,105400030,205400030,0.991334363532446,1.15449990034747,3,G002,1,G002,1,1,0,0,1,1,0,0,0,UNIQUE_CONFIDENT,single_candidate_with_margin,1.0525168083493,255.101667583992,254.049150775643,1.0525168083493,1.10027216438571,0,148,148
T,G003,Zin50,A,0,G003,"M=20,20,20,20,|T=0,0,0,0,|B=1,15,1,50;",1,0,0,105700001,205700001,1.01144517178094,0.853872007049638,3,G003,1,G003,1,1,0,0,1,1,0,0,0,UNIQUE_CONFIDENT,single_candidate_with_margin,1.01588742913085,293.797170109452,292.781282680321,1.01588742913085,1.10027216438571,0,144,144
T,G003,Zin50,A,0,G003,"M=20,20,20,20,|T=0,0,0,0,|B=1,15,1,50;",1,0,0,105700002,205700002,0.995081677834189,0.981352101817711,3,G003,1,G003,1,1,0,0,1,1,0,0,0,UNIQUE_CONFIDENT,single_candidate_with_margin,0.982420654261817,287.554879821436,286.572459167174,0.982420654261817,1.10027216438571,0,143,143
T,G003,Zin50,A,0,G003,"M=20,20,20,20,|T=0,0,0,0,|B=1,15,1,50;",1,0,0,105700003,205700003,1.01459944367066,1.14553208203152,3,G003,1,G003,1,1,0,0,1,1,0,0,0,UNIQUE_CONFIDENT,single_candidate_with_margin,0.93306083522516,276.169543386903,275.236482551678,0.93306083522516,1.10027216438571,0,148,148
T,G003,Zin50,A,0,G003,"M=20,20,20,20,|T=0,0,0,0,|B=1,15,1,50;",1,0,0,105700004,205700004,0.993273305094451,0.801469904158351,3,G003,1,G003,1,1,0,0,1,1,0,0,0,UNIQUE_CONFIDENT,single_candidate_with_margin,1.03502935773993,301.490015420389,300.454986062649,1.03502935773993,1.10027216438571,0,149,149
T,G003,Zin50,A,0,G003,"M=20,20,20,20,|T=0,0,0,0,|B=1,15,1,50;",1,0,0,105700005,205700005,0.989420189537726,0.819584792058597,3,,0,G003,1,1,0,0,0,0,0,0,0,REJECTED,empty_candidate_set,1.09257506565769,302.403978906898,301.311403841241,1.09257506565769,1.10027216438571,0,147,147
T,G003,Zin50,A,0,G003,"M=20,20,20,20,|T=0,0,0,0,|B=1,15,1,50;",1,0,0,105700006,205700006,0.986837527188678,0.858049493033661,3,G003,1,G003,1,1,0,0,1,1,0,0,0,UNIQUE_CONFIDENT,single_candidate_with_margin,1.03301882821264,300.179678188826,299.146659360614,1.03301882821264,1.10027216438571,0,146,146
T,G003,Zin50,A,0,G003,"M=20,20,20,20,|T=0,0,0,0,|B=1,15,1,50;",1,0,0,105700007,205700007,1.00826763107419,1.16195083755481,3,,0,G003,1,1,0,0,0,0,0,0,0,REJECTED,fit_quality_gate,1.11895012091911,275.778549908883,274.659599787964,1.11895012091911,1.10027216438571,0,148,148
T,G003,Zin50,A,0,G003,"M=20,20,20,20,|T=0,0,0,0,|B=1,15,1,50;",1,0,0,105700008,205700008,1.00974446155434,0.948449162011886,3,G003,1,G003,1,1,0,0,1,1,0,0,0,UNIQUE_CONFIDENT,single_candidate_with_margin,1.00944121762641,287.789743542841,286.780302325215,1.00944121762641,1.10027216438571,0,141,141
T,G003,Zin50,A,0,G003,"M=20,20,20,20,|T=0,0,0,0,|B=1,15,1,50;",1,0,0,105700009,205700009,0.982928465485157,0.944814625457763,3,G003,1,G003,1,1,0,0,1,1,0,0,0,UNIQUE_CONFIDENT,single_candidate_with_margin,0.985769764045337,294.987328534422,294.001558770377,0.985769764045337,1.10027216438571,0,143,143
T,G003,Zin50,A,0,G003,"M=20,20,20,20,|T=0,0,0,0,|B=1,15,1,50;",1,0,0,105700010,205700010,1.01122653890421,0.874359839164597,3,,0,G003,1,1,0,0,0,0,0,0,0,REJECTED,empty_candidate_set,1.07655786016681,292.503851857406,291.427293997239,1.07655786016681,1.10027216438571,0,143,143
T,G003,Zin50,A,0,G003,"M=20,20,20,20,|T=0,0,0,0,|B=1,15,1,50;",1,0,0,105700011,205700011,0.99246311312411,1.16670262456046,3,G003,1,G003,1,1,0,0,1,1,0,0,0,UNIQUE_CONFIDENT,single_candidate_with_margin,1.01359249470693,277.511244020436,276.497651525729,1.01359249470693,1.10027216438571,0,146,146
T,G003,Zin50,A,0,G003,"M=20,20,20,20,|T=0,0,0,0,|B=1,15,1,50;",1,0,0,105700012,205700012,0.981142113667719,0.869786333627192,3,G003,1,G003,1,1,0,0,1,1,0,0,0,UNIQUE_CONFIDENT,single_candidate_with_margin,1.02161217599535,301.365662595041,300.344050419046,1.02161217599535,1.10027216438571,0,144,144
T,G003,Zin50,A,0,G003,"M=20,20,20,20,|T=0,0,0,0,|B=1,15,1,50;",1,0,0,105700013,205700013,1.00359305715404,1.11783872594022,3,,0,G003,1,1,0,0,0,0,0,0,0,REJECTED,empty_candidate_set,1.06770960510811,277.598179989822,276.530470384714,1.06770960510811,1.10027216438571,0,143,143
T,G003,Zin50,A,0,G003,"M=20,20,20,20,|T=0,0,0,0,|B=1,15,1,50;",1,0,0,105700014,205700014,0.982323821987418,1.02431898977891,3,,0,G003,1,1,0,0,0,0,0,0,0,REJECTED,empty_candidate_set,1.07356823200233,289.667760928244,288.594192696242,1.07356823200233,1.10027216438571,0,143,143
T,G003,Zin50,A,0,G003,"M=20,20,20,20,|T=0,0,0,0,|B=1,15,1,50;",1,0,0,105700015,205700015,0.99723931763177,1.15585149516801,3,G003,1,G003,1,1,0,0,1,1,0,0,0,UNIQUE_CONFIDENT,single_candidate_with_margin,1.04827204564381,276.645943156674,275.59767111103,1.04827204564381,1.10027216438571,0,142,142
T,G003,Zin50,A,0,G003,"M=20,20,20,20,|T=0,0,0,0,|B=1,15,1,50;",1,0,0,105700016,205700016,1.01379644820526,0.81686035080424,3,G003,1,G003,1,1,0,0,1,1,0,0,0,UNIQUE_CONFIDENT,single_candidate_with_margin,1.06050439504966,295.831464846128,294.770960451079,1.06050439504966,1.10027216438571,0,147,147
T,G003,Zin50,A,0,G003,"M=20,20,20,20,|T=0,0,0,0,|B=1,15,1,50;",1,0,0,105700017,205700017,0.994804279903456,0.851580270263097,3,,0,G003,1,1,0,0,0,0,0,0,0,REJECTED,fit_quality_gate,1.10717253274115,296.743434120856,295.636261588115,1.10717253274115,1.10027216438571,0,144,144
T,G003,Zin50,A,0,G003,"M=20,20,20,20,|T=0,0,0,0,|B=1,15,1,50;",1,0,0,105700018,205700018,1.00231055799652,0.996108424772102,3,G003,1,G003,1,1,0,0,1,1,0,0,0,UNIQUE_CONFIDENT,single_candidate_with_margin,0.863952158878262,284.572709503324,283.708757344446,0.863952158878262,1.10027216438571,0,143,143
T,G003,Zin50,A,0,G003,"M=20,20,20,20,|T=0,0,0,0,|B=1,15,1,50;",1,0,0,105700019,205700019,0.990782888873091,0.909583884262962,3,G003,1,G003,1,1,0,0,1,1,0,0,0,UNIQUE_CONFIDENT,single_candidate_with_margin,0.996120650301816,294.413504735807,293.417384085505,0.996120650301816,1.10027216438571,0,148,148
T,G003,Zin50,A,0,G003,"M=20,20,20,20,|T=0,0,0,0,|B=1,15,1,50;",1,0,0,105700020,205700020,0.986680539576807,0.897262510829887,3,G003,1,G003,1,1,0,0,1,1,0,0,0,UNIQUE_CONFIDENT,single_candidate_with_margin,1.01111716709496,297.338915475747,296.327798308652,1.01111716709496,1.10027216438571,0,145,145
T,G003,Zin50,A,0,G003,"M=20,20,20,20,|T=0,0,0,0,|B=1,15,1,50;",1,0,0,105700021,205700021,1.01216264539775,0.950523385488781,3,,0,G003,1,1,0,0,0,0,0,0,0,REJECTED,empty_candidate_set,1.08734868681454,287.492942354127,286.405593667312,1.08734868681454,1.10027216438571,0,142,142
T,G003,Zin50,A,0,G003,"M=20,20,20,20,|T=0,0,0,0,|B=1,15,1,50;",1,0,0,105700022,205700022,1.00067358318077,1.04497302226515,3,,0,G003,1,1,0,0,0,0,0,0,0,REJECTED,empty_candidate_set,1.0890958574991,282.103538153415,281.014442295916,1.0890958574991,1.10027216438571,0,145,145
T,G003,Zin50,A,0,G003,"M=20,20,20,20,|T=0,0,0,0,|B=1,15,1,50;",1,0,0,105700023,205700023,1.00260117995872,0.844326661931549,3,G003,1,G003,1,1,0,0,1,1,0,0,0,UNIQUE_CONFIDENT,single_candidate_with_margin,0.984208820726942,294.251239562211,293.267030741484,0.984208820726942,1.10027216438571,0,144,144
T,G003,Zin50,A,0,G003,"M=20,20,20,20,|T=0,0,0,0,|B=1,15,1,50;",1,0,0,105700024,205700024,1.00337218504616,1.15985128116423,3,G003,1,G003,1,1,0,0,1,1,0,0,0,UNIQUE_CONFIDENT,single_candidate_with_margin,0.963520805812065,275.571480733798,274.607959927986,0.963520805812065,1.10027216438571,0,146,146
T,G003,Zin50,A,0,G003,"M=20,20,20,20,|T=0,0,0,0,|B=1,15,1,50;",1,0,0,105700025,205700025,0.991291076067874,0.83865565228431,3,G003,1,G003,1,1,0,0,1,1,0,0,0,UNIQUE_CONFIDENT,single_candidate_with_margin,0.9703463252079,299.518592582234,298.548246257026,0.9703463252079,1.10027216438571,0,152,152
T,G003,Zin50,A,0,G003,"M=20,20,20,20,|T=0,0,0,0,|B=1,15,1,50;",1,0,0,105700026,205700026,1.01965510541456,1.01472488027112,3,G003,1,G003,1,1,0,0,1,1,0,0,0,UNIQUE_CONFIDENT,single_candidate_with_margin,1.05414530572989,281.093446526751,280.039301221022,1.05414530572989,1.10027216438571,0,145,145
T,G003,Zin50,A,0,G003,"M=20,20,20,20,|T=0,0,0,0,|B=1,15,1,50;",1,0,0,105700027,205700027,0.984311330951372,0.863439470439971,3,G003,1,G003,1,1,0,0,1,1,0,0,0,UNIQUE_CONFIDENT,single_candidate_with_margin,1.05489641318823,300.948081942382,299.893185529194,1.05489641318823,1.10027216438571,0,142,142
T,G003,Zin50,A,0,G003,"M=20,20,20,20,|T=0,0,0,0,|B=1,15,1,50;",1,0,0,105700028,205700028,0.995106195653686,1.17584429678178,3,G003,1,G003,1,1,0,0,1,1,0,0,0,UNIQUE_CONFIDENT,single_candidate_with_margin,1.00572841621108,276.186606179545,275.180877763334,1.00572841621108,1.10027216438571,0,144,144
T,G003,Zin50,A,0,G003,"M=20,20,20,20,|T=0,0,0,0,|B=1,15,1,50;",1,0,0,105700029,205700029,0.980593198197819,0.941342777816938,3,G003,1,G003,1,1,0,0,1,1,0,0,0,UNIQUE_CONFIDENT,single_candidate_with_margin,0.949782730711234,295.563116857806,294.613334127095,0.949782730711234,1.10027216438571,0,143,143
T,G003,Zin50,A,0,G003,"M=20,20,20,20,|T=0,0,0,0,|B=1,15,1,50;",1,0,0,105700030,205700030,1.01596323299145,0.966851740050909,3,G003,1,G003,1,1,0,0,1,1,0,0,0,UNIQUE_CONFIDENT,single_candidate_with_margin,0.989440303450878,285.403384568879,284.413944265429,0.989440303450878,1.10027216438571,0,145,145
T,MIRROR_M3,Zin50,A,0,MIRROR_M3,"M=20,20,20,20,|T=0,0,0,0,|B=3,15,1,50;",0,1,0,105200001,205200001,0.990602089708171,1.02312293019026,3,,0,G001,0,0,0,1,0,0,0,0,0,REJECTED,fit_quality_gate,227.760926937847,237.167065787217,9.40613884936914,227.760926937847,1.10027216438571,0,162,162
T,MIRROR_M3,Zin50,A,0,MIRROR_M3,"M=20,20,20,20,|T=0,0,0,0,|B=3,15,1,50;",0,1,0,105200002,205200002,1.00661709810197,1.09250379221571,3,,0,G001,0,0,0,1,0,0,0,0,0,REJECTED,fit_quality_gate,233.500116704432,234.849942517257,1.3498258128248,233.500116704432,1.10027216438571,0,138,138
T,MIRROR_M3,Zin50,A,0,MIRROR_M3,"M=20,20,20,20,|T=0,0,0,0,|B=3,15,1,50;",0,1,0,105200003,205200003,1.00528282943656,0.875356005603208,3,,0,G001,0,0,0,1,0,0,0,0,0,REJECTED,fit_quality_gate,231.696494693682,240.511133719596,8.81463902591341,231.696494693682,1.10027216438571,0,136,136
T,MIRROR_M3,Zin50,A,0,MIRROR_M3,"M=20,20,20,20,|T=0,0,0,0,|B=3,15,1,50;",0,1,0,105200004,205200004,0.998067802579959,1.11567831017171,3,,0,G001,0,0,0,1,0,0,0,0,0,REJECTED,fit_quality_gate,230.107057651483,233.796535083044,3.68947743156133,230.107057651483,1.10027216438571,0,134,134
T,MIRROR_M3,Zin50,A,0,MIRROR_M3,"M=20,20,20,20,|T=0,0,0,0,|B=3,15,1,50;",0,1,0,105200005,205200005,0.985043530753588,1.18906965262747,3,,0,G001,0,0,0,1,0,0,0,0,0,REJECTED,fit_quality_gate,229.007588262181,229.662274992838,0.654686730656238,229.007588262181,1.10027216438571,0,136,136
T,MIRROR_M3,Zin50,A,0,MIRROR_M3,"M=20,20,20,20,|T=0,0,0,0,|B=3,15,1,50;",0,1,0,105200006,205200006,1.01738055363803,1.07777866236323,3,,0,G001,0,0,0,1,0,0,0,0,0,REJECTED,fit_quality_gate,225.301724454744,234.603310570831,9.3015861160867,225.301724454744,1.10027216438571,0,138,138
T,MIRROR_M3,Zin50,A,0,MIRROR_M3,"M=20,20,20,20,|T=0,0,0,0,|B=3,15,1,50;",0,1,0,105200007,205200007,0.980308263179831,0.851869529806071,3,,0,G001,0,0,0,1,0,0,0,0,0,REJECTED,fit_quality_gate,224.667365556849,237.38972246842,12.7223569115712,224.667365556849,1.10027216438571,0,144,144
T,MIRROR_M3,Zin50,A,0,MIRROR_M3,"M=20,20,20,20,|T=0,0,0,0,|B=3,15,1,50;",0,1,0,105200008,205200008,1.00579127842795,0.901925522327693,3,,0,G001,0,0,0,1,0,0,0,0,0,REJECTED,fit_quality_gate,232.082606451713,239.645908115038,7.56330166332492,232.082606451713,1.10027216438571,0,136,136
T,MIRROR_M3,Zin50,A,0,MIRROR_M3,"M=20,20,20,20,|T=0,0,0,0,|B=3,15,1,50;",0,1,0,105200009,205200009,1.0101271363512,1.00136235784276,3,,0,G001,0,0,0,1,0,0,0,0,0,REJECTED,fit_quality_gate,234.381136228135,237.206746663373,2.82561043523782,234.381136228135,1.10027216438571,0,132,132
T,MIRROR_M3,Zin50,A,0,MIRROR_M3,"M=20,20,20,20,|T=0,0,0,0,|B=3,15,1,50;",0,1,0,105200010,205200010,0.990689397561957,1.11462960416909,3,,0,G001,0,0,0,1,0,0,0,0,0,REJECTED,fit_quality_gate,228.836854156776,234.446488753725,5.60963459694921,228.836854156776,1.10027216438571,0,162,162
T,MIRROR_M3,Zin50,A,0,MIRROR_M3,"M=20,20,20,20,|T=0,0,0,0,|B=3,15,1,50;",0,1,0,105200011,205200011,1.00243469206895,0.867042439936585,3,,0,G001,0,0,0,1,0,0,0,0,0,REJECTED,fit_quality_gate,230.391236245976,239.970559345872,9.57932309989559,230.391236245976,1.10027216438571,0,138,138
T,MIRROR_M3,Zin50,A,0,MIRROR_M3,"M=20,20,20,20,|T=0,0,0,0,|B=3,15,1,50;",0,1,0,105200012,205200012,1.00339112978908,0.959895364946089,3,,0,G001,0,0,0,1,0,0,0,0,0,REJECTED,fit_quality_gate,231.187174943581,237.708181933008,6.52100698942672,231.187174943581,1.10027216438571,0,138,138
T,MIRROR_M3,Zin50,A,0,MIRROR_M3,"M=20,20,20,20,|T=0,0,0,0,|B=3,15,1,50;",0,1,0,105200013,205200013,1.00602595746162,0.960404882650251,3,,0,G001,0,0,0,1,0,0,0,0,0,REJECTED,fit_quality_gate,232.370557946478,238.168409099204,5.79785115272642,232.370557946478,1.10027216438571,0,138,138
T,MIRROR_M3,Zin50,A,0,MIRROR_M3,"M=20,20,20,20,|T=0,0,0,0,|B=3,15,1,50;",0,1,0,105200014,205200014,1.00227183488619,0.928558278202523,3,,0,G001,0,0,0,1,0,0,0,0,0,REJECTED,fit_quality_gate,236.637591454279,238.342871368928,1.70527991464854,236.637591454279,1.10027216438571,0,136,136
T,MIRROR_M3,Zin50,A,0,MIRROR_M3,"M=20,20,20,20,|T=0,0,0,0,|B=3,15,1,50;",0,1,0,105200015,205200015,0.983283170894559,1.01896175758368,3,,0,G001,0,0,0,1,0,0,0,0,0,REJECTED,fit_quality_gate,226.741928326302,234.044360835057,7.30243250875475,226.741928326302,1.10027216438571,0,140,140
T,MIRROR_M3,Zin50,A,0,MIRROR_M3,"M=20,20,20,20,|T=0,0,0,0,|B=3,15,1,50;",0,1,0,105200016,205200016,0.984590167685205,0.816119563291562,3,,0,G001,0,0,0,1,0,0,0,0,0,REJECTED,fit_quality_gate,224.945929666021,238.061830669834,13.1159010038128,224.945929666021,1.10027216438571,0,140,140
T,MIRROR_M3,Zin50,A,0,MIRROR_M3,"M=20,20,20,20,|T=0,0,0,0,|B=3,15,1,50;",0,1,0,105200017,205200017,0.997987798643371,0.996519756560209,3,,0,G001,0,0,0,1,0,0,0,0,0,REJECTED,fit_quality_gate,233.574883648718,235.855787323809,2.28090367509151,233.574883648718,1.10027216438571,0,134,134
T,MIRROR_M3,Zin50,A,0,MIRROR_M3,"M=20,20,20,20,|T=0,0,0,0,|B=3,15,1,50;",0,1,0,105200018,205200018,0.995851042253135,1.1461746807372,3,,0,G001,0,0,0,1,0,0,0,0,0,REJECTED,fit_quality_gate,228.85490056466,232.66181490983,3.80691434516996,228.85490056466,1.10027216438571,0,136,136
T,MIRROR_M3,Zin50,A,0,MIRROR_M3,"M=20,20,20,20,|T=0,0,0,0,|B=3,15,1,50;",0,1,0,105200019,205200019,1.01903888425568,1.09960008944439,3,,0,G001,0,0,0,1,0,0,0,0,0,REJECTED,fit_quality_gate,223.210199094345,233.683285613099,10.4730865187543,223.210199094345,1.10027216438571,0,138,138
T,MIRROR_M3,Zin50,A,0,MIRROR_M3,"M=20,20,20,20,|T=0,0,0,0,|B=3,15,1,50;",0,1,0,105200020,205200020,0.989572966585399,0.853505399180987,3,,0,G001,0,0,0,1,0,0,0,0,0,REJECTED,fit_quality_gate,226.19331798388,242.218254109722,16.0249361258423,226.19331798388,1.10027216438571,0,138,138
T,MIRROR_M3,Zin50,A,0,MIRROR_M3,"M=20,20,20,20,|T=0,0,0,0,|B=3,15,1,50;",0,1,0,105200021,205200021,0.995956040128706,0.870896826691978,3,,0,G001,0,0,0,1,0,0,0,0,0,REJECTED,fit_quality_gate,237.965561190893,238.240242529762,0.274681338868987,237.965561190893,1.10027216438571,0,136,136
T,MIRROR_M3,Zin50,A,0,MIRROR_M3,"M=20,20,20,20,|T=0,0,0,0,|B=3,15,1,50;",0,1,0,105200022,205200022,1.01460165414734,0.973429056949395,3,,0,G001,0,0,0,1,0,0,0,0,0,REJECTED,fit_quality_gate,231.600616764952,237.983419441882,6.38280267692988,231.600616764952,1.10027216438571,0,136,136
T,MIRROR_M3,Zin50,A,0,MIRROR_M3,"M=20,20,20,20,|T=0,0,0,0,|B=3,15,1,50;",0,1,0,105200023,205200023,1.00769178728562,0.861637069284012,3,,0,G001,0,0,0,1,0,0,0,0,0,REJECTED,fit_quality_gate,232.848382678031,240.940614146025,8.09223146799354,232.848382678031,1.10027216438571,0,136,136
T,MIRROR_M3,Zin50,A,0,MIRROR_M3,"M=20,20,20,20,|T=0,0,0,0,|B=3,15,1,50;",0,1,0,105200024,205200024,1.01704267893447,0.901242310526244,3,,0,G001,0,0,0,1,0,0,0,0,0,REJECTED,fit_quality_gate,232.856698686795,239.404647990505,6.5479493037098,232.856698686795,1.10027216438571,0,138,138
T,MIRROR_M3,Zin50,A,0,MIRROR_M3,"M=20,20,20,20,|T=0,0,0,0,|B=3,15,1,50;",0,1,0,105200025,205200025,1.0054146113951,1.04749738838441,3,,0,G001,0,0,0,1,0,0,0,0,0,REJECTED,fit_quality_gate,233.095615606852,235.980063605073,2.88444799822105,233.095615606852,1.10027216438571,0,134,134
T,MIRROR_M3,Zin50,A,0,MIRROR_M3,"M=20,20,20,20,|T=0,0,0,0,|B=3,15,1,50;",0,1,0,105200026,205200026,0.999067251311118,0.884259265019338,3,,0,G001,0,0,0,1,0,0,0,0,0,REJECTED,fit_quality_gate,237.715671990241,238.453531639443,0.737859649201852,237.715671990241,1.10027216438571,0,134,134
T,MIRROR_M3,Zin50,A,0,MIRROR_M3,"M=20,20,20,20,|T=0,0,0,0,|B=3,15,1,50;",0,1,0,105200027,205200027,1.01246364388345,0.995938484438419,3,,0,G001,0,0,0,1,0,0,0,0,0,REJECTED,fit_quality_gate,235.416938683516,237.389456733626,1.9725180501099,235.416938683516,1.10027216438571,0,136,136
T,MIRROR_M3,Zin50,A,0,MIRROR_M3,"M=20,20,20,20,|T=0,0,0,0,|B=3,15,1,50;",0,1,0,105200028,205200028,1.01048404302311,0.983953188981461,3,,0,G001,0,0,0,1,0,0,0,0,0,REJECTED,fit_quality_gate,234.686971075766,237.823969304375,3.13699822860895,234.686971075766,1.10027216438571,0,132,132
T,MIRROR_M3,Zin50,A,0,MIRROR_M3,"M=20,20,20,20,|T=0,0,0,0,|B=3,15,1,50;",0,1,0,105200029,205200029,1.0072060618537,0.988998375808724,3,,0,G001,0,0,0,1,0,0,0,0,0,REJECTED,fit_quality_gate,233.280821686809,237.604517242088,4.32369555527831,233.280821686809,1.10027216438571,0,138,138
T,MIRROR_M3,Zin50,A,0,MIRROR_M3,"M=20,20,20,20,|T=0,0,0,0,|B=3,15,1,50;",0,1,0,105200030,205200030,0.998002313434965,0.820224555490033,3,,0,G002,0,0,0,1,0,0,0,0,0,REJECTED,fit_quality_gate,240.062916715433,240.104679067427,0.0417623519942367,240.062916715433,1.10027216438571,0,136,136
T,ADD_M1_M3,Zin50,A,0,ADD_M1_M3,"M=20,20,20,20,|T=0,0,0,0,|B=1,15,1,50;3,15,1,50;",0,1,0,105800001,205800001,0.986937743345215,0.955783222192036,3,,0,G003,0,0,0,1,0,0,0,0,0,REJECTED,fit_quality_gate,180.442982242124,295.032011592981,114.589029350857,180.442982242124,1.10027216438571,0,164,164
T,ADD_M1_M3,Zin50,A,0,ADD_M1_M3,"M=20,20,20,20,|T=0,0,0,0,|B=1,15,1,50;3,15,1,50;",0,1,0,105800002,205800002,0.99147673348504,0.85060317359973,3,,0,G003,0,0,0,1,0,0,0,0,0,REJECTED,fit_quality_gate,183.963157544594,296.83286439946,112.869706854866,183.963157544594,1.10027216438571,0,168,168
T,ADD_M1_M3,Zin50,A,0,ADD_M1_M3,"M=20,20,20,20,|T=0,0,0,0,|B=1,15,1,50;3,15,1,50;",0,1,0,105800003,205800003,0.983069592519081,1.05223496406954,3,,0,G003,0,0,0,1,0,0,0,0,0,REJECTED,fit_quality_gate,177.86050509849,294.639880908626,116.779375810136,177.86050509849,1.10027216438571,0,164,164
T,ADD_M1_M3,Zin50,A,0,ADD_M1_M3,"M=20,20,20,20,|T=0,0,0,0,|B=1,15,1,50;3,15,1,50;",0,1,0,105800004,205800004,1.00949324245763,1.006343042994,3,,0,G003,0,0,0,1,0,0,0,0,0,REJECTED,fit_quality_gate,181.431438691855,295.357916307569,113.926477615714,181.431438691855,1.10027216438571,0,168,168
T,ADD_M1_M3,Zin50,A,0,ADD_M1_M3,"M=20,20,20,20,|T=0,0,0,0,|B=1,15,1,50;3,15,1,50;",0,1,0,105800005,205800005,1.0065382639362,0.948210074009224,3,,0,G003,0,0,0,1,0,0,0,0,0,REJECTED,fit_quality_gate,183.36871414413,296.530227278895,113.161513134765,183.36871414413,1.10027216438571,0,168,168
T,ADD_M1_M3,Zin50,A,0,ADD_M1_M3,"M=20,20,20,20,|T=0,0,0,0,|B=1,15,1,50;3,15,1,50;",0,1,0,105800006,205800006,1.00397705099247,1.03901044569493,3,,0,G003,0,0,0,1,0,0,0,0,0,REJECTED,fit_quality_gate,180.480883413027,292.345891405853,111.865007992826,180.480883413027,1.10027216438571,0,164,164
T,ADD_M1_M3,Zin50,A,0,ADD_M1_M3,"M=20,20,20,20,|T=0,0,0,0,|B=1,15,1,50;3,15,1,50;",0,1,0,105800007,205800007,0.987238067761716,1.17865536619843,3,,0,G003,0,0,0,1,0,0,0,0,0,REJECTED,fit_quality_gate,176.58628755321,288.50990577372,111.923618220509,176.58628755321,1.10027216438571,0,164,164
T,ADD_M1_M3,Zin50,A,0,ADD_M1_M3,"M=20,20,20,20,|T=0,0,0,0,|B=1,15,1,50;3,15,1,50;",0,1,0,105800008,205800008,1.00784466204419,1.02375947434403,3,,0,G003,0,0,0,1,0,0,0,0,0,REJECTED,fit_quality_gate,180.944288216051,294.090759659366,113.146471443315,180.944288216051,1.10027216438571,0,166,166
T,ADD_M1_M3,Zin50,A,0,ADD_M1_M3,"M=20,20,20,20,|T=0,0,0,0,|B=1,15,1,50;3,15,1,50;",0,1,0,105800009,205800009,1.01891550775091,1.1187269356926,3,,0,G003,0,0,0,1,0,0,0,0,0,REJECTED,fit_quality_gate,174.955709368519,290.976874695952,116.021165327433,174.955709368519,1.10027216438571,0,164,164
T,ADD_M1_M3,Zin50,A,0,ADD_M1_M3,"M=20,20,20,20,|T=0,0,0,0,|B=1,15,1,50;3,15,1,50;",0,1,0,105800010,205800010,1.0007657962507,0.919468351510511,3,,0,G003,0,0,0,1,0,0,0,0,0,REJECTED,fit_quality_gate,183.54165099226,295.335437702874,111.793786710614,183.54165099226,1.10027216438571,0,170,170
T,ADD_M1_M3,Zin50,A,0,ADD_M1_M3,"M=20,20,20,20,|T=0,0,0,0,|B=1,15,1,50;3,15,1,50;",0,1,0,105800011,205800011,0.98033037567544,1.15710062818387,3,,0,G003,0,0,0,1,0,0,0,0,0,REJECTED,fit_quality_gate,175.609415126457,293.855061140571,118.245646014114,175.609415126457,1.10027216438571,0,166,166
T,ADD_M1_M3,Zin50,A,0,ADD_M1_M3,"M=20,20,20,20,|T=0,0,0,0,|B=1,15,1,50;3,15,1,50;",0,1,0,105800012,205800012,1.0030457230926,0.926009285551028,3,,0,G003,0,0,0,1,0,0,0,0,0,REJECTED,fit_quality_gate,183.803126341031,296.139058356298,112.335932015267,183.803126341031,1.10027216438571,0,166,166
T,ADD_M1_M3,Zin50,A,0,ADD_M1_M3,"M=20,20,20,20,|T=0,0,0,0,|B=1,15,1,50;3,15,1,50;",0,1,0,105800013,205800013,1.00702687275534,0.964939500622113,3,,0,G003,0,0,0,1,0,0,0,0,0,REJECTED,fit_quality_gate,182.981270956342,296.209193571272,113.22792261493,182.981270956342,1.10027216438571,0,168,168
T,ADD_M1_M3,Zin50,A,0,ADD_M1_M3,"M=20,20,20,20,|T=0,0,0,0,|B=1,15,1,50;3,15,1,50;",0,1,0,105800014,205800014,0.984516870590872,1.07849656397657,3,,0,G003,0,0,0,1,0,0,0,0,0,REJECTED,fit_quality_gate,177.641792200598,292.750525762271,115.108733561673,177.641792200598,1.10027216438571,0,166,166
T,ADD_M1_M3,Zin50,A,0,ADD_M1_M3,"M=20,20,20,20,|T=0,0,0,0,|B=1,15,1,50;3,15,1,50;",0,1,0,105800015,205800015,1.00077539383204,0.948744719806501,3,,0,G003,0,0,0,1,0,0,0,0,0,REJECTED,fit_quality_gate,182.67090166549,294.157299279291,111.486397613801,182.67090166549,1.10027216438571,0,170,170
T,ADD_M1_M3,Zin50,A,0,ADD_M1_M3,"M=20,20,20,20,|T=0,0,0,0,|B=1,15,1,50;3,15,1,50;",0,1,0,105800016,205800016,1.00230361389505,1.01161522815799,3,,0,G003,0,0,0,1,0,0,0,0,0,REJECTED,fit_quality_gate,181.309662545208,292.641802770283,111.332140225075,181.309662545208,1.10027216438571,0,166,166
T,ADD_M1_M3,Zin50,A,0,ADD_M1_M3,"M=20,20,20,20,|T=0,0,0,0,|B=1,15,1,50;3,15,1,50;",0,1,0,105800017,205800017,1.00766822209458,1.11520690636536,3,,0,G003,0,0,0,1,0,0,0,0,0,REJECTED,fit_quality_gate,178.606546224276,290.905761467078,112.299215242802,178.606546224276,1.10027216438571,0,166,166
T,ADD_M1_M3,Zin50,A,0,ADD_M1_M3,"M=20,20,20,20,|T=0,0,0,0,|B=1,15,1,50;3,15,1,50;",0,1,0,105800018,205800018,1.01289290723208,0.923383520200282,3,,0,G003,0,0,0,1,0,0,0,0,0,REJECTED,fit_quality_gate,183.777114039898,299.337229650642,115.560115610744,183.777114039898,1.10027216438571,0,164,164
T,ADD_M1_M3,Zin50,A,0,ADD_M1_M3,"M=20,20,20,20,|T=0,0,0,0,|B=1,15,1,50;3,15,1,50;",0,1,0,105800019,205800019,0.986781719755656,1.07738661455186,3,,0,G003,0,0,0,1,0,0,0,0,0,REJECTED,fit_quality_gate,178.040710506459,291.390972267604,113.350261761145,178.040710506459,1.10027216438571,0,164,164
T,ADD_M1_M3,Zin50,A,0,ADD_M1_M3,"M=20,20,20,20,|T=0,0,0,0,|B=1,15,1,50;3,15,1,50;",0,1,0,105800020,205800020,0.985002178872141,1.13429941882391,3,,0,G003,0,0,0,1,0,0,0,0,0,REJECTED,fit_quality_gate,176.80444699732,290.879409429949,114.074962432629,176.80444699732,1.10027216438571,0,164,164
T,ADD_M1_M3,Zin50,A,0,ADD_M1_M3,"M=20,20,20,20,|T=0,0,0,0,|B=1,15,1,50;3,15,1,50;",0,1,0,105800021,205800021,1.00478702675192,0.853908163940572,3,,0,G003,0,0,0,1,0,0,0,0,0,REJECTED,fit_quality_gate,186.569025355992,299.955465767174,113.386440411182,186.569025355992,1.10027216438571,0,166,166
T,ADD_M1_M3,Zin50,A,0,ADD_M1_M3,"M=20,20,20,20,|T=0,0,0,0,|B=1,15,1,50;3,15,1,50;",0,1,0,105800022,205800022,1.00247814066464,0.871494126336815,3,,0,G003,0,0,0,1,0,0,0,0,0,REJECTED,fit_quality_gate,185.488126412122,297.985364312914,112.497237900792,185.488126412122,1.10027216438571,0,166,166
T,ADD_M1_M3,Zin50,A,0,ADD_M1_M3,"M=20,20,20,20,|T=0,0,0,0,|B=1,15,1,50;3,15,1,50;",0,1,0,105800023,205800023,1.01665228652604,0.878197415472829,3,,0,G003,0,0,0,1,0,0,0,0,0,REJECTED,fit_quality_gate,184.262692233829,301.270208017474,117.007515783645,184.262692233829,1.10027216438571,0,164,164
T,ADD_M1_M3,Zin50,A,0,ADD_M1_M3,"M=20,20,20,20,|T=0,0,0,0,|B=1,15,1,50;3,15,1,50;",0,1,0,105800024,205800024,1.00519164862682,1.03023036723775,3,,0,G003,0,0,0,1,0,0,0,0,0,REJECTED,fit_quality_gate,180.926418582047,293.154016249907,112.22759766786,180.926418582047,1.10027216438571,0,164,164
T,ADD_M1_M3,Zin50,A,0,ADD_M1_M3,"M=20,20,20,20,|T=0,0,0,0,|B=1,15,1,50;3,15,1,50;",0,1,0,105800025,205800025,1.01656031926277,1.15062606478678,3,,0,G003,0,0,0,1,0,0,0,0,0,REJECTED,fit_quality_gate,175.404580544922,290.27697179821,114.872391253287,175.404580544922,1.10027216438571,0,164,164
T,ADD_M1_M3,Zin50,A,0,ADD_M1_M3,"M=20,20,20,20,|T=0,0,0,0,|B=1,15,1,50;3,15,1,50;",0,1,0,105800026,205800026,1.00171774719408,1.16149730374406,3,,0,G003,0,0,0,1,0,0,0,0,0,REJECTED,fit_quality_gate,177.774408485787,287.532332446082,109.757923960295,177.774408485787,1.10027216438571,0,166,166
T,ADD_M1_M3,Zin50,A,0,ADD_M1_M3,"M=20,20,20,20,|T=0,0,0,0,|B=1,15,1,50;3,15,1,50;",0,1,0,105800027,205800027,1.00788061118298,0.919503659153942,3,,0,G003,0,0,0,1,0,0,0,0,0,REJECTED,fit_quality_gate,184.581530887474,298.474069984079,113.892539096605,184.581530887474,1.10027216438571,0,166,166
T,ADD_M1_M3,Zin50,A,0,ADD_M1_M3,"M=20,20,20,20,|T=0,0,0,0,|B=1,15,1,50;3,15,1,50;",0,1,0,105800028,205800028,0.992763523720378,0.825122593391255,3,,0,G003,0,0,0,1,0,0,0,0,0,REJECTED,fit_quality_gate,184.848267657506,297.449301637696,112.601033980191,184.848267657506,1.10027216438571,0,166,166
T,ADD_M1_M3,Zin50,A,0,ADD_M1_M3,"M=20,20,20,20,|T=0,0,0,0,|B=1,15,1,50;3,15,1,50;",0,1,0,105800029,205800029,0.990175893647998,1.14079093139576,3,,0,G003,0,0,0,1,0,0,0,0,0,REJECTED,fit_quality_gate,177.431742155823,287.997600490209,110.565858334386,177.431742155823,1.10027216438571,0,168,168
T,ADD_M1_M3,Zin50,A,0,ADD_M1_M3,"M=20,20,20,20,|T=0,0,0,0,|B=1,15,1,50;3,15,1,50;",0,1,0,105800030,205800030,0.993246761914355,1.19588036377535,3,,0,G003,0,0,0,1,0,0,0,0,0,REJECTED,fit_quality_gate,177.170434425116,286.244184677813,109.073750252698,177.170434425116,1.10027216438571,0,166,166
T,ADD_M2_M3,Zin50,A,0,ADD_M2_M3,"M=20,20,20,20,|T=0,0,0,0,|B=2,15,1,50;3,15,1,50;",0,1,0,105500001,205500001,0.999869786963091,1.11358411060651,3,,0,G002,0,0,0,1,0,0,0,0,0,REJECTED,fit_quality_gate,86.1641394250258,261.94803507695,175.783895651924,86.1641394250258,1.10027216438571,0,146,146
T,ADD_M2_M3,Zin50,A,0,ADD_M2_M3,"M=20,20,20,20,|T=0,0,0,0,|B=2,15,1,50;3,15,1,50;",0,1,0,105500002,205500002,1.00600829493411,1.11947738836508,3,,0,G002,0,0,0,1,0,0,0,0,0,REJECTED,fit_quality_gate,85.5999189353411,260.674181707031,175.07426277169,85.5999189353411,1.10027216438571,0,146,146
T,ADD_M2_M3,Zin50,A,0,ADD_M2_M3,"M=20,20,20,20,|T=0,0,0,0,|B=2,15,1,50;3,15,1,50;",0,1,0,105500003,205500003,0.998227496680684,0.827921163652505,3,,0,G002,0,0,0,1,0,0,0,0,0,REJECTED,fit_quality_gate,89.8288421884859,272.638787729324,182.809945540839,89.8288421884859,1.10027216438571,0,148,148
T,ADD_M2_M3,Zin50,A,0,ADD_M2_M3,"M=20,20,20,20,|T=0,0,0,0,|B=2,15,1,50;3,15,1,50;",0,1,0,105500004,205500004,0.982236764739507,0.92848575417968,3,,0,G002,0,0,0,1,0,0,0,0,0,REJECTED,fit_quality_gate,86.4771899175423,271.22002222219,184.742832304647,86.4771899175423,1.10027216438571,0,140,140
T,ADD_M2_M3,Zin50,A,0,ADD_M2_M3,"M=20,20,20,20,|T=0,0,0,0,|B=2,15,1,50;3,15,1,50;",0,1,0,105500005,205500005,1.014818355481,0.970041850805529,3,,0,G002,0,0,0,1,0,0,0,0,0,REJECTED,fit_quality_gate,85.0137672310299,262.497950854714,177.484183623684,85.0137672310299,1.10027216438571,0,138,138
T,ADD_M2_M3,Zin50,A,0,ADD_M2_M3,"M=20,20,20,20,|T=0,0,0,0,|B=2,15,1,50;3,15,1,50;",0,1,0,105500006,205500006,0.998922395018758,1.11719332065787,3,,0,G002,0,0,0,1,0,0,0,0,0,REJECTED,fit_quality_gate,86.3042822267946,261.803504424338,175.499222197543,86.3042822267946,1.10027216438571,0,146,146
T,ADD_M2_M3,Zin50,A,0,ADD_M2_M3,"M=20,20,20,20,|T=0,0,0,0,|B=2,15,1,50;3,15,1,50;",0,1,0,105500007,205500007,0.983315938996486,0.926296316738715,3,,0,G002,0,0,0,1,0,0,0,0,0,REJECTED,fit_quality_gate,86.9509763827369,271.107383163113,184.156406780376,86.9509763827369,1.10027216438571,0,138,138
T,ADD_M2_M3,Zin50,A,0,ADD_M2_M3,"M=20,20,20,20,|T=0,0,0,0,|B=2,15,1,50;3,15,1,50;",0,1,0,105500008,205500008,0.998123787103149,0.863499333878368,3,,0,G002,0,0,0,1,0,0,0,0,0,REJECTED,fit_quality_gate,89.1426701162218,271.587592040732,182.44492192451,89.1426701162218,1.10027216438571,0,144,144
T,ADD_M2_M3,Zin50,A,0,ADD_M2_M3,"M=20,20,20,20,|T=0,0,0,0,|B=2,15,1,50;3,15,1,50;",0,1,0,105500009,205500009,0.994933131120601,0.803849249456964,3,,0,G002,0,0,0,1,0,0,0,0,0,REJECTED,fit_quality_gate,90.7812861578029,274.875102939278,184.093816781475,90.7812861578029,1.10027216438571,0,142,142
T,ADD_M2_M3,Zin50,A,0,ADD_M2_M3,"M=20,20,20,20,|T=0,0,0,0,|B=2,15,1,50;3,15,1,50;",0,1,0,105500010,205500010,1.01741098235023,1.01230433497758,3,,0,G002,0,0,0,1,0,0,0,0,0,REJECTED,fit_quality_gate,84.6209759325612,260.198304281373,175.577328348812,84.6209759325612,1.10027216438571,0,136,136
T,ADD_M2_M3,Zin50,A,0,ADD_M2_M3,"M=20,20,20,20,|T=0,0,0,0,|B=2,15,1,50;3,15,1,50;",0,1,0,105500011,205500011,1.00205098647931,0.837330380481689,3,,0,G002,0,0,0,1,0,0,0,0,0,REJECTED,fit_quality_gate,89.2174486401201,271.514883996812,182.297435356692,89.2174486401201,1.10027216438571,0,148,148
T,ADD_M2_M3,Zin50,A,0,ADD_M2_M3,"M=20,20,20,20,|T=0,0,0,0,|B=2,15,1,50;3,15,1,50;",0,1,0,105500012,205500012,0.993523070919113,1.06098762612448,3,,0,G002,0,0,0,1,0,0,0,0,0,REJECTED,fit_quality_gate,86.4269799205259,264.651486405965,178.22450648544,86.4269799205259,1.10027216438571,0,140,140
T,ADD_M2_M3,Zin50,A,0,ADD_M2_M3,"M=20,20,20,20,|T=0,0,0,0,|B=2,15,1,50;3,15,1,50;",0,1,0,105500013,205500013,0.983915744368027,1.07132242643849,3,,0,G002,0,0,0,1,0,0,0,0,0,REJECTED,fit_quality_gate,85.4144769890116,265.498238166535,180.083761177523,85.4144769890116,1.10027216438571,0,138,138
T,ADD_M2_M3,Zin50,A,0,ADD_M2_M3,"M=20,20,20,20,|T=0,0,0,0,|B=2,15,1,50;3,15,1,50;",0,1,0,105500014,205500014,1.01010865221402,1.17962552202502,3,,0,G002,0,0,0,1,0,0,0,0,0,REJECTED,fit_quality_gate,85.4050998426795,257.757156855082,172.352057012402,85.4050998426795,1.10027216438571,0,146,146
T,ADD_M2_M3,Zin50,A,0,ADD_M2_M3,"M=20,20,20,20,|T=0,0,0,0,|B=2,15,1,50;3,15,1,50;",0,1,0,105500015,205500015,0.980121750969647,1.11388692882841,3,,0,G002,0,0,0,1,0,0,0,0,0,REJECTED,fit_quality_gate,84.4566932894801,264.447950837515,179.991257548035,84.4566932894801,1.10027216438571,0,140,140
T,ADD_M2_M3,Zin50,A,0,ADD_M2_M3,"M=20,20,20,20,|T=0,0,0,0,|B=2,15,1,50;3,15,1,50;",0,1,0,105500016,205500016,1.01637193800934,1.01549497331359,3,,0,G002,0,0,0,1,0,0,0,0,0,REJECTED,fit_quality_gate,84.6495938235763,260.520084422809,175.870490599233,84.6495938235763,1.10027216438571,0,132,132
T,ADD_M2_M3,Zin50,A,0,ADD_M2_M3,"M=20,20,20,20,|T=0,0,0,0,|B=2,15,1,50;3,15,1,50;",0,1,0,105500017,205500017,0.980796220826829,1.01705255123983,3,,0,G002,0,0,0,1,0,0,0,0,0,REJECTED,fit_quality_gate,85.1078243784871,267.733377305859,182.625552927371,85.1078243784871,1.10027216438571,0,140,140
T,ADD_M2_M3,Zin50,A,0,ADD_M2_M3,"M=20,20,20,20,|T=0,0,0,0,|B=2,15,1,50;3,15,1,50;",0,1,0,105500018,205500018,1.00455571721019,1.00524768618037,3,,0,G002,0,0,0,1,0,0,0,0,0,REJECTED,fit_quality_gate,86.0973259379401,264.333267652622,178.235941714682,86.0973259379401,1.10027216438571,0,146,146
T,ADD_M2_M3,Zin50,A,0,ADD_M2_M3,"M=20,20,20,20,|T=0,0,0,0,|B=2,15,1,50;3,15,1,50;",0,1,0,105500019,205500019,1.00139977773477,0.977617788330116,3,,0,G002,0,0,0,1,0,0,0,0,0,REJECTED,fit_quality_gate,86.5423723180808,266.227292484104,179.684920166024,86.5423723180808,1.10027216438571,0,148,148
T,ADD_M2_M3,Zin50,A,0,ADD_M2_M3,"M=20,20,20,20,|T=0,0,0,0,|B=2,15,1,50;3,15,1,50;",0,1,0,105500020,205500020,0.982481593345831,0.931570407375542,3,,0,G002,0,0,0,1,0,0,0,0,0,REJECTED,fit_quality_gate,86.7075203072342,271.005065929743,184.297545622509,86.7075203072342,1.10027216438571,0,140,140
T,ADD_M2_M3,Zin50,A,0,ADD_M2_M3,"M=20,20,20,20,|T=0,0,0,0,|B=2,15,1,50;3,15,1,50;",0,1,0,105500021,205500021,0.996580640341393,0.886114330054463,3,,0,G002,0,0,0,1,0,0,0,0,0,REJECTED,fit_quality_gate,88.4405526671899,270.864784529425,182.424231862235,88.4405526671899,1.10027216438571,0,146,146
T,ADD_M2_M3,Zin50,A,0,ADD_M2_M3,"M=20,20,20,20,|T=0,0,0,0,|B=2,15,1,50;3,15,1,50;",0,1,0,105500022,205500022,0.991193930532275,1.02223701903892,3,,0,G002,0,0,0,1,0,0,0,0,0,REJECTED,fit_quality_gate,86.6872601076682,266.336049842588,179.64878973492,86.6872601076682,1.10027216438571,0,138,138
T,ADD_M2_M3,Zin50,A,0,ADD_M2_M3,"M=20,20,20,20,|T=0,0,0,0,|B=2,15,1,50;3,15,1,50;",0,1,0,105500023,205500023,0.997748326294087,1.07962917676454,3,,0,G002,0,0,0,1,0,0,0,0,0,REJECTED,fit_quality_gate,86.3664271916228,263.294278789017,176.927851597395,86.3664271916228,1.10027216438571,0,144,144
T,ADD_M2_M3,Zin50,A,0,ADD_M2_M3,"M=20,20,20,20,|T=0,0,0,0,|B=2,15,1,50;3,15,1,50;",0,1,0,105500024,205500024,1.01913729934741,1.0095763289248,3,,0,G002,0,0,0,1,0,0,0,0,0,REJECTED,fit_quality_gate,84.37077756502,259.848486380674,175.477708815654,84.37077756502,1.10027216438571,0,136,136
T,ADD_M2_M3,Zin50,A,0,ADD_M2_M3,"M=20,20,20,20,|T=0,0,0,0,|B=2,15,1,50;3,15,1,50;",0,1,0,105500025,205500025,1.00584078147998,0.914165024082531,3,,0,G002,0,0,0,1,0,0,0,0,0,REJECTED,fit_quality_gate,87.0729604991763,267.404837314575,180.331876815398,87.0729604991763,1.10027216438571,0,146,146
T,ADD_M2_M3,Zin50,A,0,ADD_M2_M3,"M=20,20,20,20,|T=0,0,0,0,|B=2,15,1,50;3,15,1,50;",0,1,0,105500026,205500026,0.986600337126229,1.17745831214516,3,,0,G002,0,0,0,1,0,0,0,0,0,REJECTED,fit_quality_gate,85.6192588729454,261.723173009777,176.103914136831,85.6192588729454,1.10027216438571,0,138,138
T,ADD_M2_M3,Zin50,A,0,ADD_M2_M3,"M=20,20,20,20,|T=0,0,0,0,|B=2,15,1,50;3,15,1,50;",0,1,0,105500027,205500027,1.01677938743988,0.993735867690184,3,,0,G002,0,0,0,1,0,0,0,0,0,REJECTED,fit_quality_gate,84.6404786954703,260.905583550734,176.265104855264,84.6404786954703,1.10027216438571,0,136,136
T,ADD_M2_M3,Zin50,A,0,ADD_M2_M3,"M=20,20,20,20,|T=0,0,0,0,|B=2,15,1,50;3,15,1,50;",0,1,0,105500028,205500028,1.01990535896643,0.846645646863775,3,,0,G002,0,0,0,1,0,0,0,0,0,REJECTED,fit_quality_gate,86.1008915340958,264.82463818585,178.723746651754,86.1008915340958,1.10027216438571,0,134,134
T,ADD_M2_M3,Zin50,A,0,ADD_M2_M3,"M=20,20,20,20,|T=0,0,0,0,|B=2,15,1,50;3,15,1,50;",0,1,0,105500029,205500029,0.980326729464371,1.05301484663364,3,,0,G002,0,0,0,1,0,0,0,0,0,REJECTED,fit_quality_gate,84.6605753490131,266.642869175113,181.9822938261,84.6605753490131,1.10027216438571,0,140,140
T,ADD_M2_M3,Zin50,A,0,ADD_M2_M3,"M=20,20,20,20,|T=0,0,0,0,|B=2,15,1,50;3,15,1,50;",0,1,0,105500030,205500030,1.01000730880758,0.817907450200047,3,,0,G002,0,0,0,1,0,0,0,0,0,REJECTED,fit_quality_gate,88.1610221492333,269.472779822436,181.311757673202,88.1610221492333,1.10027216438571,0,140,140
T,DOUBLE_M3,Zin50,A,0,DOUBLE_M3,"M=20,20,20,20,|T=0,0,0,0,|B=3,15,1,50;3,15,1,50;",0,1,0,105300001,205300001,0.994142298816724,0.921439987392495,3,,0,G002,0,0,0,1,0,0,0,0,0,REJECTED,fit_quality_gate,256.220620245478,261.121127079955,4.9005068344768,256.220620245478,1.10027216438571,0,162,162
T,DOUBLE_M3,Zin50,A,0,DOUBLE_M3,"M=20,20,20,20,|T=0,0,0,0,|B=3,15,1,50;3,15,1,50;",0,1,0,105300002,205300002,0.998796239396031,1.17766251543199,3,,0,G002,0,0,0,1,0,0,0,0,0,REJECTED,fit_quality_gate,255.192704292152,265.986986392935,10.794282100783,255.192704292152,1.10027216438571,0,164,164
T,DOUBLE_M3,Zin50,A,0,DOUBLE_M3,"M=20,20,20,20,|T=0,0,0,0,|B=3,15,1,50;3,15,1,50;",0,1,0,105300003,205300003,0.980900932432286,1.17259115609537,3,,0,G002,0,0,0,1,0,0,0,0,0,REJECTED,fit_quality_gate,242.216944234907,261.191471747765,18.9745275128579,242.216944234907,1.10027216438571,0,132,132
T,DOUBLE_M3,Zin50,A,0,DOUBLE_M3,"M=20,20,20,20,|T=0,0,0,0,|B=3,15,1,50;3,15,1,50;",0,1,0,105300004,205300004,0.986250145023289,1.08388630078778,3,,0,G002,0,0,0,1,0,0,0,0,0,REJECTED,fit_quality_gate,246.518752136031,260.097136858419,13.578384722388,246.518752136031,1.10027216438571,0,136,136
T,DOUBLE_M3,Zin50,A,0,DOUBLE_M3,"M=20,20,20,20,|T=0,0,0,0,|B=3,15,1,50;3,15,1,50;",0,1,0,105300005,205300005,0.997406476800335,1.15042646746507,3,,0,G002,0,0,0,1,0,0,0,0,0,REJECTED,fit_quality_gate,253.798525524326,264.948546669157,11.1500211448304,253.798525524326,1.10027216438571,0,162,162
T,DOUBLE_M3,Zin50,A,0,DOUBLE_M3,"M=20,20,20,20,|T=0,0,0,0,|B=3,15,1,50;3,15,1,50;",0,1,0,105300006,205300006,1.01184048687591,1.19196326569785,3,,0,G002,0,0,0,1,0,0,0,0,0,REJECTED,fit_quality_gate,274.021573692281,274.715740454721,0.694166762440432,274.021573692281,1.10027216438571,0,138,138
T,DOUBLE_M3,Zin50,A,0,DOUBLE_M3,"M=20,20,20,20,|T=0,0,0,0,|B=3,15,1,50;3,15,1,50;",0,1,0,105300007,205300007,1.00681741883585,0.975484006667856,3,,0,G001,0,0,0,1,0,0,0,0,0,REJECTED,fit_quality_gate,271.133889990192,274.741797419596,3.60790742940429,271.133889990192,1.10027216438571,0,162,162
T,DOUBLE_M3,Zin50,A,0,DOUBLE_M3,"M=20,20,20,20,|T=0,0,0,0,|B=3,15,1,50;3,15,1,50;",0,1,0,105300008,205300008,0.987101324943478,0.841481434096688,3,,0,G002,0,0,0,1,0,0,0,0,0,REJECTED,fit_quality_gate,254.257517576184,258.384233966381,4.12671639019689,254.257517576184,1.10027216438571,0,140,140
T,DOUBLE_M3,Zin50,A,0,DOUBLE_M3,"M=20,20,20,20,|T=0,0,0,0,|B=3,15,1,50;3,15,1,50;",0,1,0,105300009,205300009,1.01988312374574,0.944391030935515,3,,0,G001,0,0,0,1,0,0,0,0,0,REJECTED,fit_quality_gate,277.468158083197,281.547112215235,4.0789541320371,277.468158083197,1.10027216438571,0,136,136
T,DOUBLE_M3,Zin50,A,0,DOUBLE_M3,"M=20,20,20,20,|T=0,0,0,0,|B=3,15,1,50;3,15,1,50;",0,1,0,105300010,205300010,1.01439815978853,0.842940154172461,3,,0,G001,0,0,0,1,0,0,0,0,0,REJECTED,fit_quality_gate,276.476432792874,282.170996480702,5.69456368782727,276.476432792874,1.10027216438571,0,136,136
T,DOUBLE_M3,Zin50,A,0,DOUBLE_M3,"M=20,20,20,20,|T=0,0,0,0,|B=3,15,1,50;3,15,1,50;",0,1,0,105300011,205300011,1.00975815068017,0.984153058763247,3,,0,G001,0,0,0,1,0,0,0,0,0,REJECTED,fit_quality_gate,273.135717392349,277.54835294667,4.41263555432062,273.135717392349,1.10027216438571,0,140,140
T,DOUBLE_M3,Zin50,A,0,DOUBLE_M3,"M=20,20,20,20,|T=0,0,0,0,|B=3,15,1,50;3,15,1,50;",0,1,0,105300012,205300012,1.01857299706846,1.00561581562816,3,,0,G001,0,0,0,1,0,0,0,0,0,REJECTED,fit_quality_gate,276.758041126566,279.313000692806,2.55495956623946,276.758041126566,1.10027216438571,0,134,134
T,DOUBLE_M3,Zin50,A,0,DOUBLE_M3,"M=20,20,20,20,|T=0,0,0,0,|B=3,15,1,50;3,15,1,50;",0,1,0,105300013,205300013,1.0001930200299,1.00171200452765,3,,0,G002,0,0,0,1,0,0,0,0,0,REJECTED,fit_quality_gate,262.130555504033,266.080360279327,3.94980477529339,262.130555504033,1.10027216438571,0,164,164
T,DOUBLE_M3,Zin50,A,0,DOUBLE_M3,"M=20,20,20,20,|T=0,0,0,0,|B=3,15,1,50;3,15,1,50;",0,1,0,105300014,205300014,0.991508595164902,1.02537457240846,3,,0,G002,0,0,0,1,0,0,0,0,0,REJECTED,fit_quality_gate,250.945683093753,260.665435855703,9.71975276194974,250.945683093753,1.10027216438571,0,160,160
T,DOUBLE_M3,Zin50,A,0,DOUBLE_M3,"M=20,20,20,20,|T=0,0,0,0,|B=3,15,1,50;3,15,1,50;",0,1,0,105300015,205300015,0.992789505976045,0.993071002286362,3,,0,G002,0,0,0,1,0,0,0,0,0,REJECTED,fit_quality_gate,252.718758536455,260.9661523626,8.24739382614504,252.718758536455,1.10027216438571,0,162,162
T,DOUBLE_M3,Zin50,A,0,DOUBLE_M3,"M=20,20,20,20,|T=0,0,0,0,|B=3,15,1,50;3,15,1,50;",0,1,0,105300016,205300016,0.992308988538501,1.06179795039292,3,,0,G002,0,0,0,1,0,0,0,0,0,REJECTED,fit_quality_gate,250.599093135077,261.396468552938,10.7973754178603,250.599093135077,1.10027216438571,0,162,162
T,DOUBLE_M3,Zin50,A,0,DOUBLE_M3,"M=20,20,20,20,|T=0,0,0,0,|B=3,15,1,50;3,15,1,50;",0,1,0,105300017,205300017,1.01008396761288,0.955328053147857,3,,0,G001,0,0,0,1,0,0,0,0,0,REJECTED,fit_quality_gate,273.60842331022,278.291485843472,4.68306253325153,273.60842331022,1.10027216438571,0,140,140
T,DOUBLE_M3,Zin50,A,0,DOUBLE_M3,"M=20,20,20,20,|T=0,0,0,0,|B=3,15,1,50;3,15,1,50;",0,1,0,105300018,205300018,0.999306612768769,1.01803460630591,3,,0,G002,0,0,0,1,0,0,0,0,0,REJECTED,fit_quality_gate,260.179721566346,265.28416689437,5.10444532802398,260.179721566346,1.10027216438571,0,162,162
T,DOUBLE_M3,Zin50,A,0,DOUBLE_M3,"M=20,20,20,20,|T=0,0,0,0,|B=3,15,1,50;3,15,1,50;",0,1,0,105300019,205300019,0.99675237910883,0.868678010003225,3,,0,G002,0,0,0,1,0,0,0,0,0,REJECTED,fit_quality_gate,260.934082124646,262.607663077041,1.6735809523949,260.934082124646,1.10027216438571,0,162,162
T,DOUBLE_M3,Zin50,A,0,DOUBLE_M3,"M=20,20,20,20,|T=0,0,0,0,|B=3,15,1,50;3,15,1,50;",0,1,0,105300020,205300020,1.00439689269713,0.966740163316416,3,,0,G001,0,0,0,1,0,0,0,0,0,REJECTED,fit_quality_gate,269.319710035482,270.518716579882,1.1990065444009,269.319710035482,1.10027216438571,0,164,164
T,DOUBLE_M3,Zin50,A,0,DOUBLE_M3,"M=20,20,20,20,|T=0,0,0,0,|B=3,15,1,50;3,15,1,50;",0,1,0,105300021,205300021,0.995583542347458,0.989034382878287,3,,0,G002,0,0,0,1,0,0,0,0,0,REJECTED,fit_quality_gate,255.725248156652,262.39276046449,6.66751230783746,255.725248156652,1.10027216438571,0,164,164
T,DOUBLE_M3,Zin50,A,0,DOUBLE_M3,"M=20,20,20,20,|T=0,0,0,0,|B=3,15,1,50;3,15,1,50;",0,1,0,105300022,205300022,0.989955871036622,0.860921744142146,3,,0,G002,0,0,0,1,0,0,0,0,0,REJECTED,fit_quality_gate,254.787626375102,258.998213777093,4.21058740199098,254.787626375102,1.10027216438571,0,160,160
T,DOUBLE_M3,Zin50,A,0,DOUBLE_M3,"M=20,20,20,20,|T=0,0,0,0,|B=3,15,1,50;3,15,1,50;",0,1,0,105300023,205300023,1.00262092419101,0.844623510600253,3,,0,G001,0,0,0,1,0,0,0,0,0,REJECTED,fit_quality_gate,267.403673962302,270.972021433026,3.56834747072344,267.403673962302,1.10027216438571,0,164,164
T,DOUBLE_M3,Zin50,A,0,DOUBLE_M3,"M=20,20,20,20,|T=0,0,0,0,|B=3,15,1,50;3,15,1,50;",0,1,0,105300024,205300024,1.011652709286,1.00527979389117,3,,0,G001,0,0,0,1,0,0,0,0,0,REJECTED,fit_quality_gate,274.510871006201,277.815825164118,3.3049541579166,274.510871006201,1.10027216438571,0,138,138
T,DOUBLE_M3,Zin50,A,0,DOUBLE_M3,"M=20,20,20,20,|T=0,0,0,0,|B=3,15,1,50;3,15,1,50;",0,1,0,105300025,205300025,1.01289368637454,0.953623938704076,3,,0,G001,0,0,0,1,0,0,0,0,0,REJECTED,fit_quality_gate,275.092606767028,278.977931678127,3.88532491109913,275.092606767028,1.10027216438571,0,140,140
T,DOUBLE_M3,Zin50,A,0,DOUBLE_M3,"M=20,20,20,20,|T=0,0,0,0,|B=3,15,1,50;3,15,1,50;",0,1,0,105300026,205300026,0.997145343191563,0.922067252421,3,,0,G002,0,0,0,1,0,0,0,0,0,REJECTED,fit_quality_gate,259.892941817067,263.156592197876,3.263650380809,259.892941817067,1.10027216438571,0,164,164
T,DOUBLE_M3,Zin50,A,0,DOUBLE_M3,"M=20,20,20,20,|T=0,0,0,0,|B=3,15,1,50;3,15,1,50;",0,1,0,105300027,205300027,0.990037514814725,1.05925329361712,3,,0,G002,0,0,0,1,0,0,0,0,0,REJECTED,fit_quality_gate,248.832210856068,260.422918336015,11.5907074799472,248.832210856068,1.10027216438571,0,160,160
T,DOUBLE_M3,Zin50,A,0,DOUBLE_M3,"M=20,20,20,20,|T=0,0,0,0,|B=3,15,1,50;3,15,1,50;",0,1,0,105300028,205300028,0.982632048310026,1.18338396593598,3,,0,G002,0,0,0,1,0,0,0,0,0,REJECTED,fit_quality_gate,242.407311190091,260.78332030251,18.3760091124197,242.407311190091,1.10027216438571,0,134,134
T,DOUBLE_M3,Zin50,A,0,DOUBLE_M3,"M=20,20,20,20,|T=0,0,0,0,|B=3,15,1,50;3,15,1,50;",0,1,0,105300029,205300029,1.00074449886914,1.05059598443586,3,,0,G002,0,0,0,1,0,0,0,0,0,REJECTED,fit_quality_gate,261.475310815503,266.525707772554,5.05039695705136,261.475310815503,1.10027216438571,0,164,164
T,DOUBLE_M3,Zin50,A,0,DOUBLE_M3,"M=20,20,20,20,|T=0,0,0,0,|B=3,15,1,50;3,15,1,50;",0,1,0,105300030,205300030,1.01176005754663,1.15819831314047,3,,0,G001,0,0,0,1,0,0,0,0,0,REJECTED,fit_quality_gate,274.532560382053,274.587407298448,0.0548469163955474,274.532560382053,1.10027216438571,0,138,138
T_domain,G002_domain_out,Zin50,A,0,G002,"M=20,20,20,20,|T=0,0,0,0,|B=2,15,1,50;",1,0,1,155400001,255400001,1.15,1.12884131547676,3,,0,G002,1,1,0,0,0,0,0,0,0,REJECTED,fit_quality_gate,258.295033671342,266.99069120277,8.69565753142768,258.295033671342,1.10027216438571,0,162,162
T_domain,G002_domain_out,Zin50,A,0,G002,"M=20,20,20,20,|T=0,0,0,0,|B=2,15,1,50;",1,0,1,155400002,255400002,1.15,1.02561173018079,3,,0,G002,1,1,0,0,0,0,0,0,0,REJECTED,fit_quality_gate,262.778387004868,270.899912765145,8.12152576027722,262.778387004868,1.10027216438571,0,160,160
T_domain,G002_domain_out,Zin50,A,0,G002,"M=20,20,20,20,|T=0,0,0,0,|B=2,15,1,50;",1,0,1,155400003,255400003,1.15,1.15402003894716,3,,0,G002,1,1,0,0,0,0,0,0,0,REJECTED,fit_quality_gate,257.551078327088,266.374875608126,8.82379728103768,257.551078327088,1.10027216438571,0,162,162
T_domain,G002_domain_out,Zin50,A,0,G002,"M=20,20,20,20,|T=0,0,0,0,|B=2,15,1,50;",1,0,1,155400004,255400004,1.15,1.03619650120576,3,,0,G002,1,1,0,0,0,0,0,0,0,REJECTED,fit_quality_gate,262.210090586127,270.336637368944,8.12654678281689,262.210090586127,1.10027216438571,0,162,162
T_domain,G002_domain_out,Zin50,A,0,G002,"M=20,20,20,20,|T=0,0,0,0,|B=2,15,1,50;",1,0,1,155400005,255400005,1.15,0.973530142577809,3,,0,G002,1,1,0,0,0,0,0,0,0,REJECTED,fit_quality_gate,264.92141704936,272.683723046497,7.76230599713682,264.92141704936,1.10027216438571,0,160,160
T_domain,G002_domain_out,Zin50,A,0,G002,"M=20,20,20,20,|T=0,0,0,0,|B=2,15,1,50;",1,0,1,155400006,255400006,1.15,0.876277797983159,3,,0,G002,1,1,0,0,0,0,0,0,0,REJECTED,fit_quality_gate,269.451915113879,276.570089641811,7.11817452793201,269.451915113879,1.10027216438571,0,162,162
T_domain,G002_domain_out,Zin50,A,0,G002,"M=20,20,20,20,|T=0,0,0,0,|B=2,15,1,50;",1,0,1,155400007,255400007,1.15,1.11098324243282,3,,0,G002,1,1,0,0,0,0,0,0,0,REJECTED,fit_quality_gate,259.050080365559,267.752710028011,8.70262966245224,259.050080365559,1.10027216438571,0,162,162
T_domain,G002_domain_out,Zin50,A,0,G002,"M=20,20,20,20,|T=0,0,0,0,|B=2,15,1,50;",1,0,1,155400008,255400008,1.15,0.902479587302444,3,,0,G002,1,1,0,0,0,0,0,0,0,REJECTED,fit_quality_gate,268.210916363972,275.459060480062,7.24814411609009,268.210916363972,1.10027216438571,0,160,160
T_domain,G002_domain_out,Zin50,A,0,G002,"M=20,20,20,20,|T=0,0,0,0,|B=2,15,1,50;",1,0,1,155400009,255400009,1.15,0.906681581185242,3,,0,G002,1,1,0,0,0,0,0,0,0,REJECTED,fit_quality_gate,267.826607772381,275.144116660281,7.31750888789998,267.826607772381,1.10027216438571,0,160,160
T_domain,G002_domain_out,Zin50,A,0,G002,"M=20,20,20,20,|T=0,0,0,0,|B=2,15,1,50;",1,0,1,155400010,255400010,1.15,0.813228138908581,3,,0,G002,1,1,0,0,0,0,0,0,0,REJECTED,fit_quality_gate,272.594476323365,279.259213421311,6.66473709794542,272.594476323365,1.10027216438571,0,162,162
T_domain,G002_domain_out,Zin50,A,0,G002,"M=20,20,20,20,|T=0,0,0,0,|B=2,15,1,50;",1,0,1,155400011,255400011,1.15,1.15868124334444,3,,0,G002,1,1,0,0,0,0,0,0,0,REJECTED,fit_quality_gate,257.22647062784,266.083615007798,8.8571443799587,257.22647062784,1.10027216438571,0,162,162
T_domain,G002_domain_out,Zin50,A,0,G002,"M=20,20,20,20,|T=0,0,0,0,|B=2,15,1,50;",1,0,1,155400012,255400012,1.15,1.07727751484691,3,,0,G002,1,1,0,0,0,0,0,0,0,REJECTED,fit_quality_gate,260.464584814839,268.825450057873,8.36086524303431,260.464584814839,1.10027216438571,0,160,160
T_domain,G002_domain_out,Zin50,A,0,G002,"M=20,20,20,20,|T=0,0,0,0,|B=2,15,1,50;",1,0,1,155400013,255400013,1.15,1.09492538029689,3,,0,G002,1,1,0,0,0,0,0,0,0,REJECTED,fit_quality_gate,259.670018411984,268.163490725318,8.49347231333314,259.670018411984,1.10027216438571,0,160,160
T_domain,G002_domain_out,Zin50,A,0,G002,"M=20,20,20,20,|T=0,0,0,0,|B=2,15,1,50;",1,0,1,155400014,255400014,1.15,0.864042626340992,3,,0,G002,1,1,0,0,0,0,0,0,0,REJECTED,fit_quality_gate,270.036054365256,277.036230210638,7.00017584538125,270.036054365256,1.10027216438571,0,160,160
T_domain,G002_domain_out,Zin50,A,0,G002,"M=20,20,20,20,|T=0,0,0,0,|B=2,15,1,50;",1,0,1,155400015,255400015,1.15,0.907144302068726,3,,0,G002,1,1,0,0,0,0,0,0,0,REJECTED,fit_quality_gate,267.970070675542,275.276471654868,7.30640097932633,267.970070675542,1.10027216438571,0,162,162
T_domain,G002_domain_out,Zin50,A,0,G002,"M=20,20,20,20,|T=0,0,0,0,|B=2,15,1,50;",1,0,1,155400016,255400016,1.15,1.02315740450297,3,,0,G002,1,1,0,0,0,0,0,0,0,REJECTED,fit_quality_gate,262.717651313041,270.737469033346,8.01981772030581,262.717651313041,1.10027216438571,0,162,162
T_domain,G002_domain_out,Zin50,A,0,G002,"M=20,20,20,20,|T=0,0,0,0,|B=2,15,1,50;",1,0,1,155400017,255400017,1.15,0.94983870775824,3,,0,G002,1,1,0,0,0,0,0,0,0,REJECTED,fit_quality_gate,265.955964481032,273.460274373215,7.50430989218347,265.955964481032,1.10027216438571,0,160,160
T_domain,G002_domain_out,Zin50,A,0,G002,"M=20,20,20,20,|T=0,0,0,0,|B=2,15,1,50;",1,0,1,155400018,255400018,1.15,0.851098094842341,3,,0,G002,1,1,0,0,0,0,0,0,0,REJECTED,fit_quality_gate,270.756663266869,277.678877249953,6.92221398308379,270.756663266869,1.10027216438571,0,160,160
T_domain,G002_domain_out,Zin50,A,0,G002,"M=20,20,20,20,|T=0,0,0,0,|B=2,15,1,50;",1,0,1,155400019,255400019,1.15,1.15081996727221,3,,0,G002,1,1,0,0,0,0,0,0,0,REJECTED,fit_quality_gate,257.661643117891,266.409425475395,8.74778235750415,257.661643117891,1.10027216438571,0,160,160
T_domain,G002_domain_out,Zin50,A,0,G002,"M=20,20,20,20,|T=0,0,0,0,|B=2,15,1,50;",1,0,1,155400020,255400020,1.15,0.989443461334601,3,,0,G002,1,1,0,0,0,0,0,0,0,REJECTED,fit_quality_gate,264.184463254014,272.081386343574,7.89692308956074,264.184463254014,1.10027216438571,0,160,160
T_domain,G002_domain_out,Zin50,A,0,G002,"M=20,20,20,20,|T=0,0,0,0,|B=2,15,1,50;",1,0,1,155400021,255400021,1.15,1.02739880808362,3,,0,G002,1,1,0,0,0,0,0,0,0,REJECTED,fit_quality_gate,262.608646879556,270.753510354007,8.14486347445131,262.608646879556,1.10027216438571,0,160,160
T_domain,G002_domain_out,Zin50,A,0,G002,"M=20,20,20,20,|T=0,0,0,0,|B=2,15,1,50;",1,0,1,155400022,255400022,1.15,1.1718040202307,3,,0,G002,1,1,0,0,0,0,0,0,0,REJECTED,fit_quality_gate,256.753414192192,265.799432920056,9.04601872786407,256.753414192192,1.10027216438571,0,162,162
T_domain,G002_domain_out,Zin50,A,0,G002,"M=20,20,20,20,|T=0,0,0,0,|B=2,15,1,50;",1,0,1,155400023,255400023,1.15,1.09753062294878,3,,0,G002,1,1,0,0,0,0,0,0,0,REJECTED,fit_quality_gate,259.668615011418,268.175917112111,8.50730210069355,259.668615011418,1.10027216438571,0,162,162
T_domain,G002_domain_out,Zin50,A,0,G002,"M=20,20,20,20,|T=0,0,0,0,|B=2,15,1,50;",1,0,1,155400024,255400024,1.15,0.973668123151594,3,,0,G002,1,1,0,0,0,0,0,0,0,REJECTED,fit_quality_gate,265.134167229285,272.724447792038,7.59028056275264,265.134167229285,1.10027216438571,0,160,160
T_domain,G002_domain_out,Zin50,A,0,G002,"M=20,20,20,20,|T=0,0,0,0,|B=2,15,1,50;",1,0,1,155400025,255400025,1.15,0.818006038911299,3,,0,G002,1,1,0,0,0,0,0,0,0,REJECTED,fit_quality_gate,272.467709655963,279.220106995469,6.75239733950593,272.467709655963,1.10027216438571,0,160,160
T_domain,G002_domain_out,Zin50,A,0,G002,"M=20,20,20,20,|T=0,0,0,0,|B=2,15,1,50;",1,0,1,155400026,255400026,1.15,0.915465215153018,3,,0,G002,1,1,0,0,0,0,0,0,0,REJECTED,fit_quality_gate,267.62850341044,274.924425776477,7.29592236603719,267.62850341044,1.10027216438571,0,162,162
T_domain,G002_domain_out,Zin50,A,0,G002,"M=20,20,20,20,|T=0,0,0,0,|B=2,15,1,50;",1,0,1,155400027,255400027,1.15,0.83151918482161,3,,0,G002,1,1,0,0,0,0,0,0,0,REJECTED,fit_quality_gate,271.615288514715,278.483540623172,6.86825210845632,271.615288514715,1.10027216438571,0,160,160
T_domain,G002_domain_out,Zin50,A,0,G002,"M=20,20,20,20,|T=0,0,0,0,|B=2,15,1,50;",1,0,1,155400028,255400028,1.15,0.953556577815418,3,,0,G002,1,1,0,0,0,0,0,0,0,REJECTED,fit_quality_gate,265.816538212707,273.436596960814,7.62005874810706,265.816538212707,1.10027216438571,0,160,160
T_domain,G002_domain_out,Zin50,A,0,G002,"M=20,20,20,20,|T=0,0,0,0,|B=2,15,1,50;",1,0,1,155400029,255400029,1.15,0.853410596465822,3,,0,G002,1,1,0,0,0,0,0,0,0,REJECTED,fit_quality_gate,270.783601105243,277.77695260932,6.99335150407666,270.783601105243,1.10027216438571,0,160,160
T_domain,G002_domain_out,Zin50,A,0,G002,"M=20,20,20,20,|T=0,0,0,0,|B=2,15,1,50;",1,0,1,155400030,255400030,1.15,1.15486552853543,3,,0,G002,1,1,0,0,0,0,0,0,0,REJECTED,fit_quality_gate,257.329847021944,266.13400835637,8.80416133442662,257.329847021944,1.10027216438571,0,162,162
T_domain,G003_domain_out,Zin50,A,0,G003,"M=20,20,20,20,|T=0,0,0,0,|B=1,15,1,50;",1,0,1,155700001,255700001,1.15,0.803414251299255,3,,0,G003,1,1,0,0,0,0,0,0,0,REJECTED,fit_quality_gate,254.02409540542,306.545741521844,52.5216461164242,254.02409540542,1.10027216438571,0,160,160
T_domain,G003_domain_out,Zin50,A,0,G003,"M=20,20,20,20,|T=0,0,0,0,|B=1,15,1,50;",1,0,1,155700002,255700002,1.15,1.1738337439768,3,,0,G003,1,1,0,0,0,0,0,0,0,REJECTED,fit_quality_gate,239.655693697555,296.926361384634,57.2706676870785,239.655693697555,1.10027216438571,0,162,162
T_domain,G003_domain_out,Zin50,A,0,G003,"M=20,20,20,20,|T=0,0,0,0,|B=1,15,1,50;",1,0,1,155700003,255700003,1.15,0.98271378037106,3,,0,G003,1,1,0,0,0,0,0,0,0,REJECTED,fit_quality_gate,245.932906426995,301.183081458552,55.2501750315572,245.932906426995,1.10027216438571,0,160,160
T_domain,G003_domain_out,Zin50,A,0,G003,"M=20,20,20,20,|T=0,0,0,0,|B=1,15,1,50;",1,0,1,155700004,255700004,1.15,0.890581035054099,3,,0,G003,1,1,0,0,0,0,0,0,0,REJECTED,fit_quality_gate,249.789845173496,303.766794406832,53.9769492333362,249.789845173496,1.10027216438571,0,160,160
T_domain,G003_domain_out,Zin50,A,0,G003,"M=20,20,20,20,|T=0,0,0,0,|B=1,15,1,50;",1,0,1,155700005,255700005,1.15,1.10057337735844,3,,0,G003,1,1,0,0,0,0,0,0,0,REJECTED,fit_quality_gate,241.895585491245,298.547240402029,56.6516549107839,241.895585491245,1.10027216438571,0,162,162
T_domain,G003_domain_out,Zin50,A,0,G003,"M=20,20,20,20,|T=0,0,0,0,|B=1,15,1,50;",1,0,1,155700006,255700006,1.15,1.02997813740481,3,,0,G003,1,1,0,0,0,0,0,0,0,REJECTED,fit_quality_gate,244.245452050582,300.136059334551,55.8906072839698,244.245452050582,1.10027216438571,0,160,160
T_domain,G003_domain_out,Zin50,A,0,G003,"M=20,20,20,20,|T=0,0,0,0,|B=1,15,1,50;",1,0,1,155700007,255700007,1.15,1.06513288713846,3,,0,G003,1,1,0,0,0,0,0,0,0,REJECTED,fit_quality_gate,242.94359592855,299.344263505563,56.4006675770137,242.94359592855,1.10027216438571,0,162,162
T_domain,G003_domain_out,Zin50,A,0,G003,"M=20,20,20,20,|T=0,0,0,0,|B=1,15,1,50;",1,0,1,155700008,255700008,1.15,0.814861219223601,3,,0,G003,1,1,0,0,0,0,0,0,0,REJECTED,fit_quality_gate,253.450089134426,306.179547726933,52.7294585925076,253.450089134426,1.10027216438571,0,160,160
T_domain,G003_domain_out,Zin50,A,0,G003,"M=20,20,20,20,|T=0,0,0,0,|B=1,15,1,50;",1,0,1,155700009,255700009,1.15,0.910016524439535,3,,0,G003,1,1,0,0,0,0,0,0,0,REJECTED,fit_quality_gate,248.990814231701,303.216662303923,54.2258480722225,248.990814231701,1.10027216438571,0,160,160
T_domain,G003_domain_out,Zin50,A,0,G003,"M=20,20,20,20,|T=0,0,0,0,|B=1,15,1,50;",1,0,1,155700010,255700010,1.15,0.885448766857814,3,,0,G003,1,1,0,0,0,0,0,0,0,REJECTED,fit_quality_gate,250.146999670809,304.008137831508,53.8611381606989,250.146999670809,1.10027216438571,0,160,160
T_domain,G003_domain_out,Zin50,A,0,G003,"M=20,20,20,20,|T=0,0,0,0,|B=1,15,1,50;",1,0,1,155700011,255700011,1.15,1.09820380843836,3,,0,G003,1,1,0,0,0,0,0,0,0,REJECTED,fit_quality_gate,241.767777305882,298.583544271075,56.815766965193,241.767777305882,1.10027216438571,0,162,162
T_domain,G003_domain_out,Zin50,A,0,G003,"M=20,20,20,20,|T=0,0,0,0,|B=1,15,1,50;",1,0,1,155700012,255700012,1.15,0.830086146905027,3,,0,G003,1,1,0,0,0,0,0,0,0,REJECTED,fit_quality_gate,252.544306093671,305.620187422663,53.0758813289911,252.544306093671,1.10027216438571,0,160,160
T_domain,G003_domain_out,Zin50,A,0,G003,"M=20,20,20,20,|T=0,0,0,0,|B=1,15,1,50;",1,0,1,155700013,255700013,1.15,1.08982461475165,3,,0,G003,1,1,0,0,0,0,0,0,0,REJECTED,fit_quality_gate,242.250458225239,298.797154180033,56.5466959547942,242.250458225239,1.10027216438571,0,162,162
T_domain,G003_domain_out,Zin50,A,0,G003,"M=20,20,20,20,|T=0,0,0,0,|B=1,15,1,50;",1,0,1,155700014,255700014,1.15,0.831971294263125,3,,0,G003,1,1,0,0,0,0,0,0,0,REJECTED,fit_quality_gate,252.433796299257,305.822220779206,53.3884244799482,252.433796299257,1.10027216438571,0,160,160
T_domain,G003_domain_out,Zin50,A,0,G003,"M=20,20,20,20,|T=0,0,0,0,|B=1,15,1,50;",1,0,1,155700015,255700015,1.15,1.08632663323301,3,,0,G003,1,1,0,0,0,0,0,0,0,REJECTED,fit_quality_gate,242.419349890498,298.905227934825,56.4858780443265,242.419349890498,1.10027216438571,0,162,162
T_domain,G003_domain_out,Zin50,A,0,G003,"M=20,20,20,20,|T=0,0,0,0,|B=1,15,1,50;",1,0,1,155700016,255700016,1.15,1.01553666066643,3,,0,G003,1,1,0,0,0,0,0,0,0,REJECTED,fit_quality_gate,244.634573285325,300.273254025958,55.6386807406325,244.634573285325,1.10027216438571,0,160,160
T_domain,G003_domain_out,Zin50,A,0,G003,"M=20,20,20,20,|T=0,0,0,0,|B=1,15,1,50;",1,0,1,155700017,255700017,1.15,0.861685837907096,3,,0,G003,1,1,0,0,0,0,0,0,0,REJECTED,fit_quality_gate,251.205913641563,304.7527057506,53.5467921090371,251.205913641563,1.10027216438571,0,160,160
T_domain,G003_domain_out,Zin50,A,0,G003,"M=20,20,20,20,|T=0,0,0,0,|B=1,15,1,50;",1,0,1,155700018,255700018,1.15,0.995422654058848,3,,0,G003,1,1,0,0,0,0,0,0,0,REJECTED,fit_quality_gate,245.372579328012,300.891704419747,55.5191250917351,245.372579328012,1.10027216438571,0,160,160
T_domain,G003_domain_out,Zin50,A,0,G003,"M=20,20,20,20,|T=0,0,0,0,|B=1,15,1,50;",1,0,1,155700019,255700019,1.15,1.17541816938956,3,,0,G003,1,1,0,0,0,0,0,0,0,REJECTED,fit_quality_gate,239.769736188858,297.019537650543,57.2498014616851,239.769736188858,1.10027216438571,0,162,162
T_domain,G003_domain_out,Zin50,A,0,G003,"M=20,20,20,20,|T=0,0,0,0,|B=1,15,1,50;",1,0,1,155700020,255700020,1.15,1.096514600385,3,,0,G003,1,1,0,0,0,0,0,0,0,REJECTED,fit_quality_gate,241.889370721147,298.623508778841,56.7341380576947,241.889370721147,1.10027216438571,0,162,162
T_domain,G003_domain_out,Zin50,A,0,G003,"M=20,20,20,20,|T=0,0,0,0,|B=1,15,1,50;",1,0,1,155700021,255700021,1.15,1.19440293255101,3,,0,G003,1,1,0,0,0,0,0,0,0,REJECTED,fit_quality_gate,239.051527037873,296.419689438388,57.3681624005151,239.051527037873,1.10027216438571,0,162,162
T_domain,G003_domain_out,Zin50,A,0,G003,"M=20,20,20,20,|T=0,0,0,0,|B=1,15,1,50;",1,0,1,155700022,255700022,1.15,0.946773949123953,3,,0,G003,1,1,0,0,0,0,0,0,0,REJECTED,fit_quality_gate,247.553014544091,302.242502605407,54.6894880613166,247.553014544091,1.10027216438571,0,160,160
T_domain,G003_domain_out,Zin50,A,0,G003,"M=20,20,20,20,|T=0,0,0,0,|B=1,15,1,50;",1,0,1,155700023,255700023,1.15,0.994875862394334,3,,0,G003,1,1,0,0,0,0,0,0,0,REJECTED,fit_quality_gate,245.412878714579,300.867004274178,55.4541255595988,245.412878714579,1.10027216438571,0,160,160
T_domain,G003_domain_out,Zin50,A,0,G003,"M=20,20,20,20,|T=0,0,0,0,|B=1,15,1,50;",1,0,1,155700024,255700024,1.15,1.1425667223909,3,,0,G003,1,1,0,0,0,0,0,0,0,REJECTED,fit_quality_gate,240.54579583254,297.67875390747,57.1329580749304,240.54579583254,1.10027216438571,0,162,162
T_domain,G003_domain_out,Zin50,A,0,G003,"M=20,20,20,20,|T=0,0,0,0,|B=1,15,1,50;",1,0,1,155700025,255700025,1.15,1.07694504923692,3,,0,G003,1,1,0,0,0,0,0,0,0,REJECTED,fit_quality_gate,242.4801451633,299.015272915481,56.5351277521801,242.4801451633,1.10027216438571,0,162,162
T_domain,G003_domain_out,Zin50,A,0,G003,"M=20,20,20,20,|T=0,0,0,0,|B=1,15,1,50;",1,0,1,155700026,255700026,1.15,0.890456542825971,3,,0,G003,1,1,0,0,0,0,0,0,0,REJECTED,fit_quality_gate,249.804413105603,303.882872707607,54.0784596020041,249.804413105603,1.10027216438571,0,160,160
T_domain,G003_domain_out,Zin50,A,0,G003,"M=20,20,20,20,|T=0,0,0,0,|B=1,15,1,50;",1,0,1,155700027,255700027,1.15,1.09225609790046,3,,0,G003,1,1,0,0,0,0,0,0,0,REJECTED,fit_quality_gate,242.1683175545,298.822462639205,56.6541450847051,242.1683175545,1.10027216438571,0,162,162
T_domain,G003_domain_out,Zin50,A,0,G003,"M=20,20,20,20,|T=0,0,0,0,|B=1,15,1,50;",1,0,1,155700028,255700028,1.15,1.16723555058399,3,,0,G003,1,1,0,0,0,0,0,0,0,REJECTED,fit_quality_gate,239.791044981802,297.080123667488,57.2890786856859,239.791044981802,1.10027216438571,0,162,162
T_domain,G003_domain_out,Zin50,A,0,G003,"M=20,20,20,20,|T=0,0,0,0,|B=1,15,1,50;",1,0,1,155700029,255700029,1.15,1.17824576170807,3,,0,G003,1,1,0,0,0,0,0,0,0,REJECTED,fit_quality_gate,239.581304307952,296.845527597569,57.2642232896175,239.581304307952,1.10027216438571,0,162,162
T_domain,G003_domain_out,Zin50,A,0,G003,"M=20,20,20,20,|T=0,0,0,0,|B=1,15,1,50;",1,0,1,155700030,255700030,1.15,1.154217231431,3,,0,G003,1,1,0,0,0,0,0,0,0,REJECTED,fit_quality_gate,240.376492077198,297.475684291594,57.0991922143961,240.376492077198,1.10027216438571,0,162,162
T,G001,Zin50,B,0,G001,"M=20,20,20,20,|T=0,0,0,0,|B=none",1,0,0,105100001,205100001,1.01130078768643,0.962930318236969,3,G001,1,G001,1,1,0,0,1,1,0,0,0,UNIQUE_CONFIDENT,single_candidate_with_margin,0.917155985291068,251.50258564285,250.585429657559,1.07044122152116,1.1775097320874,0,136,137
T,G001,Zin50,B,0,G001,"M=20,20,20,20,|T=0,0,0,0,|B=none",1,0,0,105100002,205100002,1.00117762201509,1.08950290181416,3,G001,1,G001,1,1,0,0,1,1,0,0,0,UNIQUE_CONFIDENT,single_candidate_with_margin,0.959556438900055,254.054713379273,253.095156940373,1.13454951541054,1.1775097320874,0,138,139
T,G001,Zin50,B,0,G001,"M=20,20,20,20,|T=0,0,0,0,|B=none",1,0,0,105100003,205100003,0.984759506045676,1.02720540607408,3,G001,1,G001,1,1,0,0,1,1,0,0,0,UNIQUE_CONFIDENT,single_candidate_with_margin,0.89363736591094,254.6995214072,253.805884041289,0.916147688014053,1.1775097320874,0,136,137
T,G001,Zin50,B,0,G001,"M=20,20,20,20,|T=0,0,0,0,|B=none",1,0,0,105100004,205100004,1.00803530852974,0.96759907991996,3,G001,1,G001,1,1,0,0,1,1,0,0,0,UNIQUE_CONFIDENT,single_candidate_with_margin,0.833294483368386,252.282114218375,251.448819735007,0.943612319671119,1.1775097320874,0,138,139
T,G001,Zin50,B,0,G001,"M=20,20,20,20,|T=0,0,0,0,|B=none",1,0,0,105100005,205100005,1.01190161902295,1.1020435043837,3,G001,1,G001,1,1,0,0,1,1,0,0,0,UNIQUE_CONFIDENT,single_candidate_with_margin,0.989409434483465,251.376681097481,250.387271662998,0.825036960645633,1.1775097320874,0,136,137
T,G001,Zin50,B,0,G001,"M=20,20,20,20,|T=0,0,0,0,|B=none",1,0,0,105100006,205100006,0.983890126328253,0.979102549791537,3,G001,1,G001,1,1,0,0,1,1,0,0,0,UNIQUE_CONFIDENT,single_candidate_with_margin,1.02871578385507,254.871722776044,253.843006992189,1.13660854626718,1.1775097320874,0,134,135
T,G001,Zin50,B,0,G001,"M=20,20,20,20,|T=0,0,0,0,|B=none",1,0,0,105100007,205100007,1.00158288339419,0.948033944101689,3,G001,1,G001,1,1,0,0,1,1,0,0,0,UNIQUE_CONFIDENT,single_candidate_with_margin,0.980995078285005,254.01723900346,253.036243925175,1.04241780467986,1.1775097320874,0,138,139
T,G001,Zin50,B,0,G001,"M=20,20,20,20,|T=0,0,0,0,|B=none",1,0,0,105100008,205100008,1.00240845332167,1.15619675294995,3,G001,1,G001,1,1,0,0,1,1,0,0,0,UNIQUE_CONFIDENT,single_candidate_with_margin,0.808325553748015,253.889518707276,253.081193153528,0.942392585403426,1.1775097320874,0,138,139
T,G001,Zin50,B,0,G001,"M=20,20,20,20,|T=0,0,0,0,|B=none",1,0,0,105100009,205100009,1.01902534910768,1.03155070260722,3,G001,1,G001,1,1,0,0,1,0,0,0,0,REJECTED,fit_quality_gate,1.04738801896455,250.76925514355,249.721867124585,1.21418002365507,1.1775097320874,0,136,137
T,G001,Zin50,B,0,G001,"M=20,20,20,20,|T=0,0,0,0,|B=none",1,0,0,105100010,205100010,1.00856441692474,1.06628751396675,3,G001,1,G001,1,1,0,0,1,1,0,0,0,UNIQUE_CONFIDENT,single_candidate_with_margin,1.04334145949797,252.174806098562,251.131464639064,1.16484262330127,1.1775097320874,0,136,137
T,G001,Zin50,B,0,G001,"M=20,20,20,20,|T=0,0,0,0,|B=none",1,0,0,105100011,205100011,1.00361488391806,1.10103704277869,3,G001,1,G001,1,1,0,0,1,1,0,0,0,UNIQUE_CONFIDENT,single_candidate_with_margin,1.05241591716656,253.516774972719,252.464359055552,1.06830668416737,1.1775097320874,0,136,137
T,G001,Zin50,B,0,G001,"M=20,20,20,20,|T=0,0,0,0,|B=none",1,0,0,105100012,205100012,0.982332114449622,0.887345015119814,3,G001,1,G001,1,1,0,0,1,1,0,0,0,UNIQUE_CONFIDENT,single_candidate_with_margin,0.952694037604324,255.287363225476,254.334669187871,1.00893105604016,1.1775097320874,0,138,139
T,G001,Zin50,B,0,G001,"M=20,20,20,20,|T=0,0,0,0,|B=none",1,0,0,105100013,205100013,0.996751095164615,1.06794298205733,3,G001,1,G001,1,1,0,0,1,1,0,0,0,UNIQUE_CONFIDENT,single_candidate_with_margin,0.894128881998047,254.726083872873,253.831954990875,1.11884158725403,1.1775097320874,0,136,137
T,G001,Zin50,B,0,G001,"M=20,20,20,20,|T=0,0,0,0,|B=none",1,0,0,105100014,205100014,1.00875995810927,0.827011225085129,3,G001,1,G001,1,1,0,0,1,1,0,0,0,UNIQUE_CONFIDENT,single_candidate_with_margin,1.04801468282924,251.901702633072,250.853687950243,1.00354052370135,1.1775097320874,0,136,137
T,G001,Zin50,B,0,G001,"M=20,20,20,20,|T=0,0,0,0,|B=none",1,0,0,105100015,205100015,0.998978533151966,0.907801835059263,3,G001,1,G001,1,1,0,0,1,1,0,0,0,UNIQUE_CONFIDENT,single_candidate_with_margin,1.03073185306085,254.416171099094,253.385439246034,0.923996566050449,1.1775097320874,0,138,139
T,G001,Zin50,B,0,G001,"M=20,20,20,20,|T=0,0,0,0,|B=none",1,0,0,105100016,205100016,0.987802879474631,1.05686937250375,3,G001,1,G001,1,1,0,0,1,1,0,0,0,UNIQUE_CONFIDENT,single_candidate_with_margin,0.942217946040236,254.467515224579,253.525297278539,1.01888129127722,1.1775097320874,0,134,135
T,G001,Zin50,B,0,G001,"M=20,20,20,20,|T=0,0,0,0,|B=none",1,0,0,105100017,205100017,1.00049012530766,0.800386235894002,3,G001,1,G001,1,1,0,0,1,1,0,0,0,UNIQUE_CONFIDENT,single_candidate_with_margin,0.928464753838946,254.226643644881,253.298178891042,0.983551748503169,1.1775097320874,0,138,139
T,G001,Zin50,B,0,G001,"M=20,20,20,20,|T=0,0,0,0,|B=none",1,0,0,105100018,205100018,1.0075875657568,0.961939969969704,3,G001,1,G001,1,1,0,0,1,1,0,0,0,UNIQUE_CONFIDENT,single_candidate_with_margin,0.900264276791995,252.586766989083,251.686502712291,1.04128851943754,1.1775097320874,0,138,139
T,G001,Zin50,B,0,G001,"M=20,20,20,20,|T=0,0,0,0,|B=none",1,0,0,105100019,205100019,0.995978574334711,0.914401208354212,3,G001,1,G001,1,1,0,0,1,1,0,0,0,UNIQUE_CONFIDENT,single_candidate_with_margin,1.00260142759557,254.727910751824,253.725309324228,1.07605467223623,1.1775097320874,0,136,137
T,G001,Zin50,B,0,G001,"M=20,20,20,20,|T=0,0,0,0,|B=none",1,0,0,105100020,205100020,0.986970796332181,0.978574723291958,3,G001,1,G001,1,1,0,0,1,1,0,0,0,UNIQUE_CONFIDENT,single_candidate_with_margin,1.01809283211155,254.388987654989,253.370894822878,0.857168346130262,1.1775097320874,0,138,139
T,G001,Zin50,B,0,G001,"M=20,20,20,20,|T=0,0,0,0,|B=none",1,0,0,105100021,205100021,0.981500602308643,0.808179839229982,3,G001,1,G001,1,1,0,0,1,1,0,0,0,UNIQUE_CONFIDENT,single_candidate_with_margin,1.05640743347206,255.175376528936,254.118969095464,0.79625883131162,1.1775097320874,0,138,139
T,G001,Zin50,B,0,G001,"M=20,20,20,20,|T=0,0,0,0,|B=none",1,0,0,105100022,205100022,0.988145889963335,0.876156105426699,3,G001,1,G001,1,1,0,0,1,1,0,0,0,UNIQUE_CONFIDENT,single_candidate_with_margin,0.98934529316164,254.692619336372,253.703274043211,0.855048194233794,1.1775097320874,0,136,137
T,G001,Zin50,B,0,G001,"M=20,20,20,20,|T=0,0,0,0,|B=none",1,0,0,105100023,205100023,0.99111199313114,1.07275300615055,3,G001,1,G001,1,1,0,0,1,1,0,0,0,UNIQUE_CONFIDENT,single_candidate_with_margin,0.94885055953806,254.650520484438,253.7016699249,0.965965358635879,1.1775097320874,0,138,139
T,G001,Zin50,B,0,G001,"M=20,20,20,20,|T=0,0,0,0,|B=none",1,0,0,105100024,205100024,0.996566900580011,1.13244077591968,3,G001,1,G001,1,1,0,0,1,1,0,0,0,UNIQUE_CONFIDENT,single_candidate_with_margin,0.998230938349896,254.792417284515,253.794186346165,1.11706171910819,1.1775097320874,0,136,137
T,G001,Zin50,B,0,G001,"M=20,20,20,20,|T=0,0,0,0,|B=none",1,0,0,105100025,205100025,0.991812511943381,1.07849600724505,3,G001,1,G001,1,1,0,0,1,1,0,0,0,UNIQUE_CONFIDENT,single_candidate_with_margin,0.817467035359248,254.613702240318,253.796235204959,0.969913124409736,1.1775097320874,0,138,139
T,G001,Zin50,B,0,G001,"M=20,20,20,20,|T=0,0,0,0,|B=none",1,0,0,105100026,205100026,0.983514496420446,0.948132531736518,3,G001,1,G001,1,1,0,0,1,1,0,0,0,UNIQUE_CONFIDENT,single_candidate_with_margin,0.952854490727452,254.701576502777,253.748722012049,1.08736021532463,1.1775097320874,0,134,135
T,G001,Zin50,B,0,G001,"M=20,20,20,20,|T=0,0,0,0,|B=none",1,0,0,105100027,205100027,0.981996371120438,1.07600938115109,3,G001,1,G001,1,1,0,0,1,0,0,0,0,REJECTED,fit_quality_gate,0.95515916864144,255.204053232627,254.248894063986,1.23413017585469,1.1775097320874,0,138,139
T,G001,Zin50,B,0,G001,"M=20,20,20,20,|T=0,0,0,0,|B=none",1,0,0,105100028,205100028,0.994566891417759,1.13938972787835,3,G001,1,G001,1,1,0,0,1,1,0,0,0,UNIQUE_CONFIDENT,single_candidate_with_margin,1.01024774293242,254.713721288981,253.703473546049,1.04850606143152,1.1775097320874,0,136,137
T,G001,Zin50,B,0,G001,"M=20,20,20,20,|T=0,0,0,0,|B=none",1,0,0,105100029,205100029,1.00096472738658,1.10608018821824,3,G001,1,G001,1,1,0,0,1,1,0,0,0,UNIQUE_CONFIDENT,single_candidate_with_margin,0.992544487279989,254.37668631159,253.38414182431,1.10905491799127,1.1775097320874,0,138,139
T,G001,Zin50,B,0,G001,"M=20,20,20,20,|T=0,0,0,0,|B=none",1,0,0,105100030,205100030,1.00680328455663,1.05992840548899,3,G001,1,G001,1,1,0,0,1,1,0,0,0,UNIQUE_CONFIDENT,single_candidate_with_margin,0.986895869964783,252.813597832015,251.82670196205,1.07454708166867,1.1775097320874,0,134,135
T,G002,Zin50,B,0,G002,"M=20,20,20,20,|T=0,0,0,0,|B=2,15,1,50;",1,0,0,105400001,205400001,0.988573068924283,0.811969193859827,3,G002,1,G002,1,1,0,0,1,1,0,0,0,UNIQUE_CONFIDENT,single_candidate_with_margin,0.868329162876482,272.784055517153,271.915726354277,0.963542382270363,1.1775097320874,0,148,149
T,G002,Zin50,B,0,G002,"M=20,20,20,20,|T=0,0,0,0,|B=2,15,1,50;",1,0,0,105400002,205400002,1.00185513348894,1.01692325798831,3,G002,1,G002,1,1,0,0,1,1,0,0,0,UNIQUE_CONFIDENT,single_candidate_with_margin,1.03773007169425,260.176561660753,259.138831589059,0.790160121919467,1.1775097320874,0,143,144
T,G002,Zin50,B,0,G002,"M=20,20,20,20,|T=0,0,0,0,|B=2,15,1,50;",1,0,0,105400003,205400003,0.991102836397355,1.11795435101863,3,G002,1,G002,1,1,0,0,1,1,0,0,0,UNIQUE_CONFIDENT,single_candidate_with_margin,0.972823493215358,257.903499737548,256.930676244332,0.986790958121128,1.1775097320874,0,143,144
T,G002,Zin50,B,0,G002,"M=20,20,20,20,|T=0,0,0,0,|B=2,15,1,50;",1,0,0,105400004,205400004,0.991025292960297,1.06299671723079,3,G002,1,G002,1,1,0,0,1,1,0,0,0,UNIQUE_CONFIDENT,single_candidate_with_margin,1.06223027511479,260.016555501343,258.954325226229,1.14255704870411,1.1775097320874,0,143,144
T,G002,Zin50,B,0,G002,"M=20,20,20,20,|T=0,0,0,0,|B=2,15,1,50;",1,0,0,105400005,205400005,1.01749406010602,0.872713441113738,3,G002,1,G002,1,1,0,0,1,1,0,0,0,UNIQUE_CONFIDENT,single_candidate_with_margin,1.11310313848733,263.458697049175,262.345593910687,0.96894366137832,1.1775097320874,0,117,118
T,G002,Zin50,B,0,G002,"M=20,20,20,20,|T=0,0,0,0,|B=2,15,1,50;",1,0,0,105400006,205400006,1.01359482646635,0.869925550879111,3,G002,1,G002,1,1,0,0,1,1,0,0,0,UNIQUE_CONFIDENT,single_candidate_with_margin,1.13576979892144,263.428050648937,262.292280850015,1.05654469671556,1.1775097320874,0,147,148
T,G002,Zin50,B,0,G002,"M=20,20,20,20,|T=0,0,0,0,|B=2,15,1,50;",1,0,0,105400007,205400007,0.988632087415182,0.957880163184862,3,G002,1,G002,1,1,0,0,1,1,0,0,0,UNIQUE_CONFIDENT,single_candidate_with_margin,1.05321880399663,265.10360947147,264.050390667473,1.09558844873343,1.1775097320874,0,145,146
T,G002,Zin50,B,0,G002,"M=20,20,20,20,|T=0,0,0,0,|B=2,15,1,50;",1,0,0,105400008,205400008,1.01316767590818,0.923228467911165,3,G002,1,G002,1,1,0,0,1,1,0,0,0,UNIQUE_CONFIDENT,single_candidate_with_margin,1.05053481954858,261.128345474598,260.07781065505,1.03374337287619,1.1775097320874,0,145,146
T,G002,Zin50,B,0,G002,"M=20,20,20,20,|T=0,0,0,0,|B=2,15,1,50;",1,0,0,105400009,205400009,0.98705273814528,0.888653221930581,3,G002,1,G002,1,1,0,0,1,1,0,0,0,UNIQUE_CONFIDENT,single_candidate_with_margin,1.00679499128843,268.64095874984,267.634163758552,0.922228106189361,1.1775097320874,0,143,144
T,G002,Zin50,B,0,G002,"M=20,20,20,20,|T=0,0,0,0,|B=2,15,1,50;",1,0,0,105400010,205400010,1.00062044788592,0.994410459662702,3,G002,1,G002,1,1,0,0,1,1,0,0,0,UNIQUE_CONFIDENT,single_candidate_with_margin,0.996742046365542,261.824855678476,260.82811363211,1.01531799445054,1.1775097320874,0,145,146
T,G002,Zin50,B,0,G002,"M=20,20,20,20,|T=0,0,0,0,|B=2,15,1,50;",1,0,0,105400011,205400011,1.01026910923814,1.15168743750101,3,G002,1,G002,1,1,0,0,1,1,0,0,0,UNIQUE_CONFIDENT,single_candidate_with_margin,0.925306346278206,252.865047725403,251.939741379125,0.956261184411893,1.1775097320874,0,146,147
T,G002,Zin50,B,0,G002,"M=20,20,20,20,|T=0,0,0,0,|B=2,15,1,50;",1,0,0,105400012,205400012,0.99825812471806,1.11950013278369,3,G002,1,G002,1,1,0,0,1,1,0,0,0,UNIQUE_CONFIDENT,single_candidate_with_margin,0.931470661002473,257.449762559424,256.518291898422,0.821114540249928,1.1775097320874,0,149,150
T,G002,Zin50,B,0,G002,"M=20,20,20,20,|T=0,0,0,0,|B=2,15,1,50;",1,0,0,105400013,205400013,1.00165737179159,1.12927354372355,3,G002,1,G002,1,1,0,0,1,1,0,0,0,UNIQUE_CONFIDENT,single_candidate_with_margin,0.99844209127764,256.261298627146,255.262856535868,1.15512896951779,1.1775097320874,0,146,147
T,G002,Zin50,B,0,G002,"M=20,20,20,20,|T=0,0,0,0,|B=2,15,1,50;",1,0,0,105400014,205400014,0.990083169170078,1.00353206101926,3,G002,1,G002,1,1,0,0,1,1,0,0,0,UNIQUE_CONFIDENT,single_candidate_with_margin,0.836564596364808,262.790759679515,261.95419508315,1.03177065345971,1.1775097320874,0,145,146
T,G002,Zin50,B,0,G002,"M=20,20,20,20,|T=0,0,0,0,|B=2,15,1,50;",1,0,0,105400015,205400015,1.01635665403406,0.833533712937551,3,G002,1,G002,1,1,0,0,1,1,0,0,0,UNIQUE_CONFIDENT,single_candidate_with_margin,0.91302849105478,265.252034940097,264.339006449042,0.862434481000307,1.1775097320874,0,148,149
T,G002,Zin50,B,0,G002,"M=20,20,20,20,|T=0,0,0,0,|B=2,15,1,50;",1,0,0,105400016,205400016,0.994530949393583,1.05256128117921,3,G002,1,G002,1,1,0,0,1,1,0,0,0,UNIQUE_CONFIDENT,single_candidate_with_margin,0.902622155424269,260.621181718275,259.71855956285,1.04767753214246,1.1775097320874,0,145,146
T,G002,Zin50,B,0,G002,"M=20,20,20,20,|T=0,0,0,0,|B=2,15,1,50;",1,0,0,105400017,205400017,1.01257670675115,0.92731223711962,3,G002,1,G002,1,1,0,0,1,1,0,0,0,UNIQUE_CONFIDENT,single_candidate_with_margin,0.957045856004493,261.176014121532,260.218968265527,1.14218456681239,1.1775097320874,0,147,148
T,G002,Zin50,B,0,G002,"M=20,20,20,20,|T=0,0,0,0,|B=2,15,1,50;",1,0,0,105400018,205400018,0.999010536264076,0.900253168627296,3,G002,1,G002,1,1,0,0,1,1,0,0,0,UNIQUE_CONFIDENT,single_candidate_with_margin,1.01194331336811,266.622168005082,265.610224691714,0.970075546350889,1.1775097320874,0,147,148
T,G002,Zin50,B,0,G002,"M=20,20,20,20,|T=0,0,0,0,|B=2,15,1,50;",1,0,0,105400019,205400019,1.00486737189444,0.891703844372564,3,G002,1,G002,1,1,0,0,1,1,0,0,0,UNIQUE_CONFIDENT,single_candidate_with_margin,0.90687215203961,264.314176909124,263.407304757084,1.00372600731026,1.1775097320874,0,143,144
T,G002,Zin50,B,0,G002,"M=20,20,20,20,|T=0,0,0,0,|B=2,15,1,50;",1,0,0,105400020,205400020,0.999926376274403,1.11157479821043,3,G002,1,G002,1,1,0,0,1,1,0,0,0,UNIQUE_CONFIDENT,single_candidate_with_margin,0.969529863777786,257.357122473877,256.387592610099,0.940439040369182,1.1775097320874,0,145,146
T,G002,Zin50,B,0,G002,"M=20,20,20,20,|T=0,0,0,0,|B=2,15,1,50;",1,0,0,105400021,205400021,1.00155510303813,1.16081095140684,3,G002,1,G002,1,1,0,0,1,1,0,0,0,UNIQUE_CONFIDENT,single_candidate_with_margin,1.09363434614454,255.028441316251,253.934806970107,0.903780893974836,1.1775097320874,0,146,147
T,G002,Zin50,B,0,G002,"M=20,20,20,20,|T=0,0,0,0,|B=2,15,1,50;",1,0,0,105400022,205400022,1.00009971427878,1.1210120172267,3,G002,1,G002,1,1,0,0,1,1,0,0,0,UNIQUE_CONFIDENT,single_candidate_with_margin,0.962183045199226,256.993651310701,256.031468265502,0.778701291503929,1.1775097320874,0,145,146
T,G002,Zin50,B,0,G002,"M=20,20,20,20,|T=0,0,0,0,|B=2,15,1,50;",1,0,0,105400023,205400023,1.00893247828377,0.918668766356156,3,G002,1,G002,1,1,0,0,1,1,0,0,0,UNIQUE_CONFIDENT,single_candidate_with_margin,1.0163162970069,262.099361790188,261.083045493181,1.12875046130204,1.1775097320874,0,139,140
T,G002,Zin50,B,0,G002,"M=20,20,20,20,|T=0,0,0,0,|B=2,15,1,50;",1,0,0,105400024,205400024,0.986163157171187,0.948877070081858,3,G002,1,G002,1,1,0,0,1,1,0,0,0,UNIQUE_CONFIDENT,single_candidate_with_margin,1.01407401435776,265.986251316787,264.97217730243,0.888634501751515,1.1775097320874,0,141,142
T,G002,Zin50,B,0,G002,"M=20,20,20,20,|T=0,0,0,0,|B=2,15,1,50;",1,0,0,105400025,205400025,0.98103170841172,0.982238888652272,3,G002,1,G002,1,1,0,0,1,1,0,0,0,UNIQUE_CONFIDENT,single_candidate_with_margin,0.793400819245847,265.493562623537,264.700161804291,1.12113704390811,1.1775097320874,0,139,140
T,G002,Zin50,B,0,G002,"M=20,20,20,20,|T=0,0,0,0,|B=2,15,1,50;",1,0,0,105400026,205400026,0.995361075424797,0.918983648620051,3,G002,1,G002,1,1,0,0,1,1,0,0,0,UNIQUE_CONFIDENT,single_candidate_with_margin,0.828901800707821,266.434345193331,265.605443392624,0.952892774675629,1.1775097320874,0,145,146
T,G002,Zin50,B,0,G002,"M=20,20,20,20,|T=0,0,0,0,|B=2,15,1,50;",1,0,0,105400027,205400027,1.00145814455828,1.03716497166477,3,G002,1,G002,1,1,0,0,1,1,0,0,0,UNIQUE_CONFIDENT,single_candidate_with_margin,0.980755247953748,259.633882100799,258.653126852845,0.904416332102378,1.1775097320874,0,143,144
T,G002,Zin50,B,0,G002,"M=20,20,20,20,|T=0,0,0,0,|B=2,15,1,50;",1,0,0,105400028,205400028,0.995030185890738,0.886923809965309,3,G002,1,G002,1,1,0,0,1,1,0,0,0,UNIQUE_CONFIDENT,single_candidate_with_margin,0.869602862268628,267.930857135161,267.061254272892,0.958775388558878,1.1775097320874,0,145,146
T,G002,Zin50,B,0,G002,"M=20,20,20,20,|T=0,0,0,0,|B=2,15,1,50;",1,0,0,105400029,205400029,1.01065333155543,1.08767062661294,3,G002,1,G002,1,1,0,0,1,1,0,0,0,UNIQUE_CONFIDENT,single_candidate_with_margin,1.00506522968358,255.284229253974,254.27916402429,1.0438522716787,1.1775097320874,0,149,150
T,G002,Zin50,B,0,G002,"M=20,20,20,20,|T=0,0,0,0,|B=2,15,1,50;",1,0,0,105400030,205400030,0.991334363532446,1.15449990034747,3,G002,1,G002,1,1,0,0,1,1,0,0,0,UNIQUE_CONFIDENT,single_candidate_with_margin,1.03512504093316,256.565724880343,255.53059983941,1.09769706548963,1.1775097320874,0,144,145
T,G003,Zin50,B,0,G003,"M=20,20,20,20,|T=0,0,0,0,|B=1,15,1,50;",1,0,0,105700001,205700001,1.01144517178094,0.853872007049638,3,G003,1,G003,1,1,0,0,1,1,0,0,0,UNIQUE_CONFIDENT,single_candidate_with_margin,1.02140071471266,286.494400056565,285.472999341852,1.01120851407034,1.1775097320874,0,122,123
T,G003,Zin50,B,0,G003,"M=20,20,20,20,|T=0,0,0,0,|B=1,15,1,50;",1,0,0,105700002,205700002,0.995081677834189,0.981352101817711,3,G003,1,G003,1,1,0,0,1,1,0,0,0,UNIQUE_CONFIDENT,single_candidate_with_margin,0.996098153758046,297.066248439578,296.07015028582,0.962865027808504,1.1775097320874,0,143,144
T,G003,Zin50,B,0,G003,"M=20,20,20,20,|T=0,0,0,0,|B=1,15,1,50;",1,0,0,105700003,205700003,1.01459944367066,1.14553208203152,3,G003,1,G003,1,1,0,0,1,1,0,0,0,UNIQUE_CONFIDENT,single_candidate_with_margin,0.855775419217221,267.234289547716,266.378514128498,1.09468597820609,1.1775097320874,0,120,121
T,G003,Zin50,B,0,G003,"M=20,20,20,20,|T=0,0,0,0,|B=1,15,1,50;",1,0,0,105700004,205700004,0.993273305094451,0.801469904158351,3,G003,1,G003,1,1,0,0,1,1,0,0,0,UNIQUE_CONFIDENT,single_candidate_with_margin,1.04147497321122,314.653670107239,313.612195134028,1.03216397776004,1.1775097320874,0,151,152
T,G003,Zin50,B,0,G003,"M=20,20,20,20,|T=0,0,0,0,|B=1,15,1,50;",1,0,0,105700005,205700005,0.989420189537726,0.819584792058597,3,G003,1,G003,1,1,0,0,1,1,0,0,0,UNIQUE_CONFIDENT,single_candidate_with_margin,1.21195961899974,317.486556595079,316.274596976079,0.801255839360632,1.1775097320874,0,149,150
T,G003,Zin50,B,0,G003,"M=20,20,20,20,|T=0,0,0,0,|B=1,15,1,50;",1,0,0,105700006,205700006,0.986837527188678,0.858049493033661,3,G003,1,G003,1,1,0,0,1,1,0,0,0,UNIQUE_CONFIDENT,single_candidate_with_margin,1.06639847329565,315.210619099598,314.144220626302,0.981312339774016,1.1775097320874,0,146,147
T,G003,Zin50,B,0,G003,"M=20,20,20,20,|T=0,0,0,0,|B=1,15,1,50;",1,0,0,105700007,205700007,1.00826763107419,1.16195083755481,3,G003,1,G003,1,1,0,0,1,1,0,0,0,UNIQUE_CONFIDENT,single_candidate_with_margin,1.12245336515775,273.366707288739,272.244253923582,1.12470221995996,1.1775097320874,0,120,121
T,G003,Zin50,B,0,G003,"M=20,20,20,20,|T=0,0,0,0,|B=1,15,1,50;",1,0,0,105700008,205700008,1.00974446155434,0.948449162011886,3,G003,1,G003,1,1,0,0,1,1,0,0,0,UNIQUE_CONFIDENT,single_candidate_with_margin,0.972055420457646,283.167322095335,282.195266674877,1.09111840752576,1.1775097320874,0,119,120
T,G003,Zin50,B,0,G003,"M=20,20,20,20,|T=0,0,0,0,|B=1,15,1,50;",1,0,0,105700009,205700009,0.982928465485157,0.944814625457763,3,G003,1,G003,1,1,0,0,1,1,0,0,0,UNIQUE_CONFIDENT,single_candidate_with_margin,0.965511135828799,309.220276538463,308.254765402634,1.02896044396241,1.1775097320874,0,149,150
T,G003,Zin50,B,0,G003,"M=20,20,20,20,|T=0,0,0,0,|B=1,15,1,50;",1,0,0,105700010,205700010,1.01122653890421,0.874359839164597,3,G003,1,G003,1,1,0,0,1,1,0,0,0,UNIQUE_CONFIDENT,single_candidate_with_margin,1.18843389239704,285.735054311019,284.546620418622,0.802468674046115,1.1775097320874,0,121,122
T,G003,Zin50,B,0,G003,"M=20,20,20,20,|T=0,0,0,0,|B=1,15,1,50;",1,0,0,105700011,205700011,0.99246311312411,1.16670262456046,3,G003,1,G003,1,1,0,0,1,1,0,0,0,UNIQUE_CONFIDENT,single_candidate_with_margin,0.999271595894152,286.342445362718,285.343173766824,1.04321116276145,1.1775097320874,0,148,149
T,G003,Zin50,B,0,G003,"M=20,20,20,20,|T=0,0,0,0,|B=1,15,1,50;",1,0,0,105700012,205700012,0.981142113667719,0.869786333627192,3,G003,1,G003,1,1,0,0,1,1,0,0,0,UNIQUE_CONFIDENT,single_candidate_with_margin,0.977744526759388,316.830628182786,315.852883656027,1.12320653587093,1.1775097320874,0,150,151
T,G003,Zin50,B,0,G003,"M=20,20,20,20,|T=0,0,0,0,|B=1,15,1,50;",1,0,0,105700013,205700013,1.00359305715404,1.11783872594022,3,G003,1,G003,1,1,0,0,1,1,0,0,0,UNIQUE_CONFIDENT,single_candidate_with_margin,1.05538413060272,279.779001353775,278.723617223172,1.09356640298062,1.1775097320874,0,143,144
T,G003,Zin50,B,0,G003,"M=20,20,20,20,|T=0,0,0,0,|B=1,15,1,50;",1,0,0,105700014,205700014,0.982323821987418,1.02431898977891,3,G003,1,G003,1,1,0,0,1,0,0,0,0,REJECTED,fit_quality_gate,0.977720654134718,302.760378274787,301.782657620652,1.2518825846317,1.1775097320874,0,149,150
T,G003,Zin50,B,0,G003,"M=20,20,20,20,|T=0,0,0,0,|B=1,15,1,50;",1,0,0,105700015,205700015,0.99723931763177,1.15585149516801,3,G003,1,G003,1,1,0,0,1,1,0,0,0,UNIQUE_CONFIDENT,single_candidate_with_margin,1.04151975775658,283.23930676123,282.197787003474,1.09036338609375,1.1775097320874,0,142,143
T,G003,Zin50,B,0,G003,"M=20,20,20,20,|T=0,0,0,0,|B=1,15,1,50;",1,0,0,105700016,205700016,1.01379644820526,0.81686035080424,3,G003,1,G003,1,1,0,0,1,1,0,0,0,UNIQUE_CONFIDENT,single_candidate_with_margin,1.08885179733094,285.105456557682,284.016604760352,1.00581916486245,1.1775097320874,0,123,124
T,G003,Zin50,B,0,G003,"M=20,20,20,20,|T=0,0,0,0,|B=1,15,1,50;",1,0,0,105700017,205700017,0.994804279903456,0.851580270263097,3,G003,1,G003,1,1,0,0,1,1,0,0,0,UNIQUE_CONFIDENT,single_candidate_with_margin,1.0800178964181,308.169439117698,307.08942122128,1.16247550469476,1.1775097320874,0,144,145
T,G003,Zin50,B,0,G003,"M=20,20,20,20,|T=0,0,0,0,|B=1,15,1,50;",1,0,0,105700018,205700018,1.00231055799652,0.996108424772102,3,G003,1,G003,1,1,0,0,1,1,0,0,0,UNIQUE_CONFIDENT,single_candidate_with_margin,0.826499055219144,288.499299765563,287.672800710343,0.960021459100882,1.1775097320874,0,145,146
T,G003,Zin50,B,0,G003,"M=20,20,20,20,|T=0,0,0,0,|B=1,15,1,50;",1,0,0,105700019,205700019,0.990782888873091,0.909583884262962,3,G003,1,G003,1,1,0,0,1,1,0,0,0,UNIQUE_CONFIDENT,single_candidate_with_margin,0.944440232213715,307.334825856373,306.390385624159,1.10753635305408,1.1775097320874,0,147,148
T,G003,Zin50,B,0,G003,"M=20,20,20,20,|T=0,0,0,0,|B=1,15,1,50;",1,0,0,105700020,205700020,0.986680539576807,0.897262510829887,3,G003,1,G003,1,1,0,0,1,1,0,0,0,UNIQUE_CONFIDENT,single_candidate_with_margin,0.993266818488729,311.748893333702,310.755626515213,1.05208234969929,1.1775097320874,0,145,146
T,G003,Zin50,B,0,G003,"M=20,20,20,20,|T=0,0,0,0,|B=1,15,1,50;",1,0,0,105700021,205700021,1.01216264539775,0.950523385488781,3,G003,1,G003,1,1,0,0,1,1,0,0,0,UNIQUE_CONFIDENT,single_candidate_with_margin,1.05701396958428,279.885065755524,278.82805178594,1.15115933856513,1.1775097320874,0,121,122
T,G003,Zin50,B,0,G003,"M=20,20,20,20,|T=0,0,0,0,|B=1,15,1,50;",1,0,0,105700022,205700022,1.00067358318077,1.04497302226515,3,G003,1,G003,1,1,0,0,1,1,0,0,0,UNIQUE_CONFIDENT,single_candidate_with_margin,1.08566749163504,287.062591173983,285.976923682348,1.10556247389786,1.1775097320874,0,143,144
T,G003,Zin50,B,0,G003,"M=20,20,20,20,|T=0,0,0,0,|B=1,15,1,50;",1,0,0,105700023,205700023,1.00260117995872,0.844326661931549,3,G003,1,G003,1,1,0,0,1,1,0,0,0,UNIQUE_CONFIDENT,single_candidate_with_margin,0.969217362560932,298.942045276029,297.972827913468,1.01659278422482,1.1775097320874,0,146,147
T,G003,Zin50,B,0,G003,"M=20,20,20,20,|T=0,0,0,0,|B=1,15,1,50;",1,0,0,105700024,205700024,1.00337218504616,1.15985128116423,3,G003,1,G003,1,1,0,0,1,1,0,0,0,UNIQUE_CONFIDENT,single_candidate_with_margin,1.03442855010633,277.858013849291,276.823585299185,0.805335269895609,1.1775097320874,0,145,146
T,G003,Zin50,B,0,G003,"M=20,20,20,20,|T=0,0,0,0,|B=1,15,1,50;",1,0,0,105700025,205700025,0.991291076067874,0.83865565228431,3,G003,1,G003,1,1,0,0,1,1,0,0,0,UNIQUE_CONFIDENT,single_candidate_with_margin,0.996885619174323,313.274854721793,312.277969102619,0.935386781892653,1.1775097320874,0,152,153
T,G003,Zin50,B,0,G003,"M=20,20,20,20,|T=0,0,0,0,|B=1,15,1,50;",1,0,0,105700026,205700026,1.01965510541456,1.01472488027112,3,G003,1,G003,1,1,0,0,1,1,0,0,0,UNIQUE_CONFIDENT,single_candidate_with_margin,1.05933914444835,267.211717306137,266.152378161689,1.07475027544343,1.1775097320874,0,115,116
T,G003,Zin50,B,0,G003,"M=20,20,20,20,|T=0,0,0,0,|B=1,15,1,50;",1,0,0,105700027,205700027,0.984311330951372,0.863439470439971,3,G003,1,G003,1,1,0,0,1,1,0,0,0,UNIQUE_CONFIDENT,single_candidate_with_margin,1.06113155897849,316.353175052356,315.292043493378,1.04715815439146,1.1775097320874,0,148,149
T,G003,Zin50,B,0,G003,"M=20,20,20,20,|T=0,0,0,0,|B=1,15,1,50;",1,0,0,105700028,205700028,0.995106195653686,1.17584429678178,3,G003,1,G003,1,1,0,0,1,1,0,0,0,UNIQUE_CONFIDENT,single_candidate_with_margin,1.03829083770307,283.630402213524,282.592111375821,0.93577341319824,1.1775097320874,0,143,144
T,G003,Zin50,B,0,G003,"M=20,20,20,20,|T=0,0,0,0,|B=1,15,1,50;",1,0,0,105700029,205700029,0.980593198197819,0.941342777816938,3,G003,1,G003,1,1,0,0,1,1,0,0,0,UNIQUE_CONFIDENT,single_candidate_with_margin,0.954569746301973,309.825555133682,308.87098538738,0.947835973803255,1.1775097320874,0,149,150
T,G003,Zin50,B,0,G003,"M=20,20,20,20,|T=0,0,0,0,|B=1,15,1,50;",1,0,0,105700030,205700030,1.01596323299145,0.966851740050909,3,G003,1,G003,1,1,0,0,1,1,0,0,0,UNIQUE_CONFIDENT,single_candidate_with_margin,0.894250031816869,273.78431774701,272.890067715193,1.16681872186704,1.1775097320874,0,119,120
T,MIRROR_M3,Zin50,B,0,MIRROR_M3,"M=20,20,20,20,|T=0,0,0,0,|B=3,15,1,50;",0,1,0,105200001,205200001,0.990602089708171,1.02312293019026,3,G001,1,G001,0,0,0,1,0,0,0,1,0,REJECTED,fit_quality_gate,212.982128225963,248.342734625629,35.3606063996665,259.931437823783,1.1775097320874,0,142,143
T,MIRROR_M3,Zin50,B,0,MIRROR_M3,"M=20,20,20,20,|T=0,0,0,0,|B=3,15,1,50;",0,1,0,105200002,205200002,1.00661709810197,1.09250379221571,3,G001,1,G001,0,0,0,1,0,0,0,1,0,REJECTED,fit_quality_gate,230.746263713354,247.150978221536,16.4047145081817,229.77647249388,1.1775097320874,0,136,137
T,MIRROR_M3,Zin50,B,0,MIRROR_M3,"M=20,20,20,20,|T=0,0,0,0,|B=3,15,1,50;",0,1,0,105200003,205200003,1.00528282943656,0.875356005603208,3,G001,1,G001,0,0,0,1,0,0,0,1,0,REJECTED,fit_quality_gate,227.94960376538,254.743490810723,26.793887045343,250.428822538826,1.1775097320874,0,138,139
T,MIRROR_M3,Zin50,B,0,MIRROR_M3,"M=20,20,20,20,|T=0,0,0,0,|B=3,15,1,50;",0,1,0,105200004,205200004,0.998067802579959,1.11567831017171,3,G001,1,G001,0,0,0,1,0,0,0,1,0,REJECTED,fit_quality_gate,221.106358675883,246.811741971363,25.7053832954795,256.738547045421,1.1775097320874,0,136,137
T,MIRROR_M3,Zin50,B,0,MIRROR_M3,"M=20,20,20,20,|T=0,0,0,0,|B=3,15,1,50;",0,1,0,105200005,205200005,0.985043530753588,1.18906965262747,3,G001,1,G001,0,0,0,1,0,0,0,1,0,REJECTED,fit_quality_gate,209.55354914848,246.489879604817,36.9363304563363,267.913902124696,1.1775097320874,0,166,167
T,MIRROR_M3,Zin50,B,0,MIRROR_M3,"M=20,20,20,20,|T=0,0,0,0,|B=3,15,1,50;",0,1,0,105200006,205200006,1.01738055363803,1.07777866236323,3,G001,1,G001,0,0,0,1,0,0,0,1,0,REJECTED,fit_quality_gate,224.012497919339,243.083771523607,19.0712736042677,227.943434878495,1.1775097320874,0,148,149
T,MIRROR_M3,Zin50,B,0,MIRROR_M3,"M=20,20,20,20,|T=0,0,0,0,|B=3,15,1,50;",0,1,0,105200007,205200007,0.980308263179831,0.851869529806071,3,G001,1,G001,0,0,0,1,0,0,0,1,0,REJECTED,fit_quality_gate,201.472997645254,254.085837755709,52.6128401104556,268.440428417934,1.1775097320874,0,138,139
T,MIRROR_M3,Zin50,B,0,MIRROR_M3,"M=20,20,20,20,|T=0,0,0,0,|B=3,15,1,50;",0,1,0,105200008,205200008,1.00579127842795,0.901925522327693,3,G001,1,G001,0,0,0,1,0,0,0,1,0,REJECTED,fit_quality_gate,228.596668800478,253.599094757201,25.0024259567237,250.764227513306,1.1775097320874,0,136,137
T,MIRROR_M3,Zin50,B,0,MIRROR_M3,"M=20,20,20,20,|T=0,0,0,0,|B=3,15,1,50;",0,1,0,105200009,205200009,1.0101271363512,1.00136235784276,3,G001,1,G001,0,0,0,1,0,0,0,1,0,REJECTED,fit_quality_gate,233.280464901525,249.272539089134,15.9920741876092,251.870190679011,1.1775097320874,0,136,137
T,MIRROR_M3,Zin50,B,0,MIRROR_M3,"M=20,20,20,20,|T=0,0,0,0,|B=3,15,1,50;",0,1,0,105200010,205200010,0.990689397561957,1.11462960416909,3,G001,1,G001,0,0,0,1,0,0,0,1,0,REJECTED,fit_quality_gate,213.967129394096,246.349873619112,32.3827442250153,261.301841240275,1.1775097320874,0,142,143
T,MIRROR_M3,Zin50,B,0,MIRROR_M3,"M=20,20,20,20,|T=0,0,0,0,|B=3,15,1,50;",0,1,0,105200011,205200011,1.00243469206895,0.867042439936585,3,G001,1,G001,0,0,0,1,0,0,0,1,0,REJECTED,fit_quality_gate,224.7497854581,254.611736298541,29.8619508404411,251.046033749002,1.1775097320874,0,138,139
T,MIRROR_M3,Zin50,B,0,MIRROR_M3,"M=20,20,20,20,|T=0,0,0,0,|B=3,15,1,50;",0,1,0,105200012,205200012,1.00339112978908,0.959895364946089,3,G001,1,G001,0,0,0,1,0,0,0,1,0,REJECTED,fit_quality_gate,237.118290370583,251.523326385731,14.4050360151473,231.927473085909,1.1775097320874,0,136,137
T,MIRROR_M3,Zin50,B,0,MIRROR_M3,"M=20,20,20,20,|T=0,0,0,0,|B=3,15,1,50;",0,1,0,105200013,205200013,1.00602595746162,0.960404882650251,3,G001,1,G001,0,0,0,1,0,0,0,1,0,REJECTED,fit_quality_gate,228.642728428769,251.528936870813,22.8862084420442,251.953781543977,1.1775097320874,0,136,137
T,MIRROR_M3,Zin50,B,0,MIRROR_M3,"M=20,20,20,20,|T=0,0,0,0,|B=3,15,1,50;",0,1,0,105200014,205200014,1.00227183488619,0.928558278202523,3,G001,1,G001,0,0,0,1,0,0,0,1,0,REJECTED,fit_quality_gate,238.900335261499,252.480073510246,13.5797382487464,232.055283587801,1.1775097320874,0,142,143
T,MIRROR_M3,Zin50,B,0,MIRROR_M3,"M=20,20,20,20,|T=0,0,0,0,|B=3,15,1,50;",0,1,0,105200015,205200015,0.983283170894559,1.01896175758368,3,G001,1,G001,0,0,0,1,0,0,0,1,0,REJECTED,fit_quality_gate,206.002300058592,250.33336341292,44.3310633543285,267.238641943261,1.1775097320874,0,164,165
T,MIRROR_M3,Zin50,B,0,MIRROR_M3,"M=20,20,20,20,|T=0,0,0,0,|B=3,15,1,50;",0,1,0,105200016,205200016,0.984590167685205,0.816119563291562,3,G001,1,G001,0,0,0,1,0,0,0,1,0,REJECTED,fit_quality_gate,205.531725936215,254.717985308698,49.1862593724838,263.208706134129,1.1775097320874,0,138,139
T,MIRROR_M3,Zin50,B,0,MIRROR_M3,"M=20,20,20,20,|T=0,0,0,0,|B=3,15,1,50;",0,1,0,105200017,205200017,0.997987798643371,0.996519756560209,3,G001,1,G001,0,0,0,1,0,0,0,1,0,REJECTED,fit_quality_gate,220.130942923318,249.60633376977,29.4753908464517,254.787085810621,1.1775097320874,0,136,137
T,MIRROR_M3,Zin50,B,0,MIRROR_M3,"M=20,20,20,20,|T=0,0,0,0,|B=3,15,1,50;",0,1,0,105200018,205200018,0.995851042253135,1.1461746807372,3,G001,1,G001,0,0,0,1,0,0,0,1,0,REJECTED,fit_quality_gate,219.12473168353,245.447194878925,26.322463195395,258.976124763015,1.1775097320874,0,138,139
T,MIRROR_M3,Zin50,B,0,MIRROR_M3,"M=20,20,20,20,|T=0,0,0,0,|B=3,15,1,50;",0,1,0,105200019,205200019,1.01903888425568,1.09960008944439,3,G001,1,G001,0,0,0,1,0,0,0,1,0,REJECTED,fit_quality_gate,222.041719830958,241.21896135069,19.1772415197318,225.591099545391,1.1775097320874,0,142,143
T,MIRROR_M3,Zin50,B,0,MIRROR_M3,"M=20,20,20,20,|T=0,0,0,0,|B=3,15,1,50;",0,1,0,105200020,205200020,0.989572966585399,0.853505399180987,3,G001,1,G001,0,0,0,1,0,0,0,1,0,REJECTED,fit_quality_gate,211.073417249861,253.055844989119,41.9824277392582,258.357866032552,1.1775097320874,0,140,141
T,MIRROR_M3,Zin50,B,0,MIRROR_M3,"M=20,20,20,20,|T=0,0,0,0,|B=3,15,1,50;",0,1,0,105200021,205200021,0.995956040128706,0.870896826691978,3,G001,1,G001,0,0,0,1,0,0,0,1,0,REJECTED,fit_quality_gate,217.668922229118,253.073792309852,35.4048700807343,253.772962632394,1.1775097320874,0,136,137
T,MIRROR_M3,Zin50,B,0,MIRROR_M3,"M=20,20,20,20,|T=0,0,0,0,|B=3,15,1,50;",0,1,0,105200022,205200022,1.01460165414734,0.973429056949395,3,G001,1,G001,0,0,0,1,0,0,0,1,0,REJECTED,fit_quality_gate,230.433418060797,248.532766841421,18.099348780624,234.067473410194,1.1775097320874,0,144,145
T,MIRROR_M3,Zin50,B,0,MIRROR_M3,"M=20,20,20,20,|T=0,0,0,0,|B=3,15,1,50;",0,1,0,105200023,205200023,1.00769178728562,0.861637069284012,3,G001,1,G001,0,0,0,1,0,0,0,1,0,REJECTED,fit_quality_gate,230.900086724577,254.778997268477,23.8789105438999,249.618422609234,1.1775097320874,0,134,135
T,MIRROR_M3,Zin50,B,0,MIRROR_M3,"M=20,20,20,20,|T=0,0,0,0,|B=3,15,1,50;",0,1,0,105200024,205200024,1.01704267893447,0.901242310526244,3,G001,1,G001,0,0,0,1,0,0,0,1,0,REJECTED,fit_quality_gate,231.948701717404,249.655704754594,17.7070030371897,234.727914864073,1.1775097320874,0,138,139
T,MIRROR_M3,Zin50,B,0,MIRROR_M3,"M=20,20,20,20,|T=0,0,0,0,|B=3,15,1,50;",0,1,0,105200025,205200025,1.0054146113951,1.04749738838441,3,G001,1,G001,0,0,0,1,0,0,0,1,0,REJECTED,fit_quality_gate,232.977961832344,248.922664190331,15.9447023579864,230.292992262162,1.1775097320874,0,136,137
T,MIRROR_M3,Zin50,B,0,MIRROR_M3,"M=20,20,20,20,|T=0,0,0,0,|B=3,15,1,50;",0,1,0,105200026,205200026,0.999067251311118,0.884259265019338,3,G001,1,G001,0,0,0,1,0,0,0,1,0,REJECTED,fit_quality_gate,221.081712306271,253.187312728323,32.1056004220521,252.5807806302,1.1775097320874,0,138,139
T,MIRROR_M3,Zin50,B,0,MIRROR_M3,"M=20,20,20,20,|T=0,0,0,0,|B=3,15,1,50;",0,1,0,105200027,205200027,1.01246364388345,0.995938484438419,3,G001,1,G001,0,0,0,1,0,0,0,1,0,REJECTED,fit_quality_gate,231.045901951134,248.674237043966,17.6283350928319,233.889630923796,1.1775097320874,0,140,141
T,MIRROR_M3,Zin50,B,0,MIRROR_M3,"M=20,20,20,20,|T=0,0,0,0,|B=3,15,1,50;",0,1,0,105200028,205200028,1.01048404302311,0.983953188981461,3,G001,1,G001,0,0,0,1,0,0,0,1,0,REJECTED,fit_quality_gate,233.903111911938,249.968583781624,16.0654718696861,251.64715071909,1.1775097320874,0,138,139
T,MIRROR_M3,Zin50,B,0,MIRROR_M3,"M=20,20,20,20,|T=0,0,0,0,|B=3,15,1,50;",0,1,0,105200029,205200029,1.0072060618537,0.988998375808724,3,G001,1,G001,0,0,0,1,0,0,0,1,0,REJECTED,fit_quality_gate,230.082671735821,250.490099892593,20.4074281567721,252.799750971159,1.1775097320874,0,136,137
T,MIRROR_M3,Zin50,B,0,MIRROR_M3,"M=20,20,20,20,|T=0,0,0,0,|B=3,15,1,50;",0,1,0,105200030,205200030,0.998002313434965,0.820224555490033,3,G001,1,G001,0,0,0,1,0,0,0,1,0,REJECTED,fit_quality_gate,219.797998009693,255.22175245287,35.4237544431762,251.361262946173,1.1775097320874,0,134,135
T,ADD_M1_M3,Zin50,B,0,ADD_M1_M3,"M=20,20,20,20,|T=0,0,0,0,|B=1,15,1,50;3,15,1,50;",0,1,0,105800001,205800001,0.986937743345215,0.955783222192036,3,G003,1,G003,0,0,0,1,0,0,0,1,0,REJECTED,fit_quality_gate,205.283225796982,275.611715069063,70.3284892720809,119.95807614645,1.1775097320874,0,164,165
T,ADD_M1_M3,Zin50,B,0,ADD_M1_M3,"M=20,20,20,20,|T=0,0,0,0,|B=1,15,1,50;3,15,1,50;",0,1,0,105800002,205800002,0.99147673348504,0.85060317359973,3,G003,1,G003,0,0,0,1,0,0,0,1,0,REJECTED,fit_quality_gate,208.613369187672,279.208178408344,70.5948092206718,124.909869506253,1.1775097320874,0,164,165
T,ADD_M1_M3,Zin50,B,0,ADD_M1_M3,"M=20,20,20,20,|T=0,0,0,0,|B=1,15,1,50;3,15,1,50;",0,1,0,105800003,205800003,0.983069592519081,1.05223496406954,3,G003,1,G003,0,0,0,1,0,0,0,1,0,REJECTED,fit_quality_gate,202.593278520525,274.368241412417,71.774962891892,117.478494464056,1.1775097320874,0,166,167
T,ADD_M1_M3,Zin50,B,0,ADD_M1_M3,"M=20,20,20,20,|T=0,0,0,0,|B=1,15,1,50;3,15,1,50;",0,1,0,105800004,205800004,1.00949324245763,1.006343042994,3,G003,1,G003,0,0,0,1,0,0,0,1,0,REJECTED,fit_quality_gate,204.628599876826,282.910561341535,78.2819614647092,127.883707445887,1.1775097320874,0,144,145
T,ADD_M1_M3,Zin50,B,0,ADD_M1_M3,"M=20,20,20,20,|T=0,0,0,0,|B=1,15,1,50;3,15,1,50;",0,1,0,105800005,205800005,1.0065382639362,0.948210074009224,3,G003,1,G003,0,0,0,1,0,0,0,1,0,REJECTED,fit_quality_gate,206.650918022366,284.166173930178,77.515255907812,130.755227160308,1.1775097320874,0,164,165
T,ADD_M1_M3,Zin50,B,0,ADD_M1_M3,"M=20,20,20,20,|T=0,0,0,0,|B=1,15,1,50;3,15,1,50;",0,1,0,105800006,205800006,1.00397705099247,1.03901044569493,3,G003,1,G003,0,0,0,1,0,0,0,1,0,REJECTED,fit_quality_gate,203.755226531899,278.400588803036,74.6453622711375,127.013878377393,1.1775097320874,0,166,167
T,ADD_M1_M3,Zin50,B,0,ADD_M1_M3,"M=20,20,20,20,|T=0,0,0,0,|B=1,15,1,50;3,15,1,50;",0,1,0,105800007,205800007,0.987238067761716,1.17865536619843,3,G003,1,G003,0,0,0,1,0,0,0,1,0,REJECTED,fit_quality_gate,200.761873769186,268.407619406718,67.6457456375327,117.039014844504,1.1775097320874,0,164,165
T,ADD_M1_M3,Zin50,B,0,ADD_M1_M3,"M=20,20,20,20,|T=0,0,0,0,|B=1,15,1,50;3,15,1,50;",0,1,0,105800008,205800008,1.00784466204419,1.02375947434403,3,G003,1,G003,0,0,0,1,0,0,0,1,0,REJECTED,fit_quality_gate,204.071491217631,281.305631789521,77.2341405718902,127.713814691792,1.1775097320874,0,148,149
T,ADD_M1_M3,Zin50,B,0,ADD_M1_M3,"M=20,20,20,20,|T=0,0,0,0,|B=1,15,1,50;3,15,1,50;",0,1,0,105800009,205800009,1.01891550775091,1.1187269356926,3,G003,1,G003,0,0,0,1,0,0,0,1,0,REJECTED,fit_quality_gate,197.207988319262,276.907081066648,79.6990927473858,118.782934378141,1.1775097320874,0,136,137
T,ADD_M1_M3,Zin50,B,0,ADD_M1_M3,"M=20,20,20,20,|T=0,0,0,0,|B=1,15,1,50;3,15,1,50;",0,1,0,105800010,205800010,1.0007657962507,0.919468351510511,3,G003,1,G003,0,0,0,1,0,0,0,1,0,REJECTED,fit_quality_gate,206.968378345918,281.289539553665,74.3211612077469,130.453975157218,1.1775097320874,0,164,165
T,ADD_M1_M3,Zin50,B,0,ADD_M1_M3,"M=20,20,20,20,|T=0,0,0,0,|B=1,15,1,50;3,15,1,50;",0,1,0,105800011,205800011,0.98033037567544,1.15710062818387,3,G003,1,G003,0,0,0,1,0,0,0,1,0,REJECTED,fit_quality_gate,199.853940878489,273.164889905604,73.3109490271144,116.836054907014,1.1775097320874,0,164,165
T,ADD_M1_M3,Zin50,B,0,ADD_M1_M3,"M=20,20,20,20,|T=0,0,0,0,|B=1,15,1,50;3,15,1,50;",0,1,0,105800012,205800012,1.0030457230926,0.926009285551028,3,G003,1,G003,0,0,0,1,0,0,0,1,0,REJECTED,fit_quality_gate,207.196191806604,282.80388478975,75.6076929831462,130.986634662023,1.1775097320874,0,166,167
T,ADD_M1_M3,Zin50,B,0,ADD_M1_M3,"M=20,20,20,20,|T=0,0,0,0,|B=1,15,1,50;3,15,1,50;",0,1,0,105800013,205800013,1.00702687275534,0.964939500622113,3,G003,1,G003,0,0,0,1,0,0,0,1,0,REJECTED,fit_quality_gate,206.308182168575,283.751434218241,77.4432520496656,129.914697219261,1.1775097320874,0,168,169
T,ADD_M1_M3,Zin50,B,0,ADD_M1_M3,"M=20,20,20,20,|T=0,0,0,0,|B=1,15,1,50;3,15,1,50;",0,1,0,105800014,205800014,0.984516870590872,1.07849656397657,3,G003,1,G003,0,0,0,1,0,0,0,1,0,REJECTED,fit_quality_gate,202.127879957664,272.384055196436,70.2561752387723,117.794554017331,1.1775097320874,0,166,167
T,ADD_M1_M3,Zin50,B,0,ADD_M1_M3,"M=20,20,20,20,|T=0,0,0,0,|B=1,15,1,50;3,15,1,50;",0,1,0,105800015,205800015,1.00077539383204,0.948744719806501,3,G003,1,G003,0,0,0,1,0,0,0,1,0,REJECTED,fit_quality_gate,206.183285751922,279.891670715688,73.7083849637662,128.835395279731,1.1775097320874,0,164,165
T,ADD_M1_M3,Zin50,B,0,ADD_M1_M3,"M=20,20,20,20,|T=0,0,0,0,|B=1,15,1,50;3,15,1,50;",0,1,0,105800016,205800016,1.00230361389505,1.01161522815799,3,G003,1,G003,0,0,0,1,0,0,0,1,0,REJECTED,fit_quality_gate,204.710686037535,278.528138492733,73.8174524551972,127.604755186875,1.1775097320874,0,168,169
T,ADD_M1_M3,Zin50,B,0,ADD_M1_M3,"M=20,20,20,20,|T=0,0,0,0,|B=1,15,1,50;3,15,1,50;",0,1,0,105800017,205800017,1.00766822209458,1.11520690636536,3,G003,1,G003,0,0,0,1,0,0,0,1,0,REJECTED,fit_quality_gate,201.728631370015,277.187228317134,75.4585969471187,124.325821954805,1.1775097320874,0,146,147
T,ADD_M1_M3,Zin50,B,0,ADD_M1_M3,"M=20,20,20,20,|T=0,0,0,0,|B=1,15,1,50;3,15,1,50;",0,1,0,105800018,205800018,1.01289290723208,0.923383520200282,3,G003,1,G003,0,0,0,1,0,0,0,1,0,REJECTED,fit_quality_gate,207.305109416698,288.365158184879,81.0600487681816,129.178058381081,1.1775097320874,0,138,139
T,ADD_M1_M3,Zin50,B,0,ADD_M1_M3,"M=20,20,20,20,|T=0,0,0,0,|B=1,15,1,50;3,15,1,50;",0,1,0,105800019,205800019,0.986781719755656,1.07738661455186,3,G003,1,G003,0,0,0,1,0,0,0,1,0,REJECTED,fit_quality_gate,202.488973808181,271.40967543537,68.9207016271884,118.021761615073,1.1775097320874,0,164,165
T,ADD_M1_M3,Zin50,B,0,ADD_M1_M3,"M=20,20,20,20,|T=0,0,0,0,|B=1,15,1,50;3,15,1,50;",0,1,0,105800020,205800020,0.985002178872141,1.13429941882391,3,G003,1,G003,0,0,0,1,0,0,0,1,0,REJECTED,fit_quality_gate,201.114796611778,270.497358745879,69.3825621341012,117.165032318814,1.1775097320874,0,166,167
T,ADD_M1_M3,Zin50,B,0,ADD_M1_M3,"M=20,20,20,20,|T=0,0,0,0,|B=1,15,1,50;3,15,1,50;",0,1,0,105800021,205800021,1.00478702675192,0.853908163940572,3,G003,1,G003,0,0,0,1,0,0,0,1,0,REJECTED,fit_quality_gate,209.910772116909,287.838998634581,77.928226517672,134.8009528453,1.1775097320874,0,166,167
T,ADD_M1_M3,Zin50,B,0,ADD_M1_M3,"M=20,20,20,20,|T=0,0,0,0,|B=1,15,1,50;3,15,1,50;",0,1,0,105800022,205800022,1.00247814066464,0.871494126336815,3,G003,1,G003,0,0,0,1,0,0,0,1,0,REJECTED,fit_quality_gate,208.899040303317,284.869963461294,75.9709231579772,133.065321953727,1.1775097320874,0,168,169
T,ADD_M1_M3,Zin50,B,0,ADD_M1_M3,"M=20,20,20,20,|T=0,0,0,0,|B=1,15,1,50;3,15,1,50;",0,1,0,105800023,205800023,1.01665228652604,0.878197415472829,3,G003,1,G003,0,0,0,1,0,0,0,1,0,REJECTED,fit_quality_gate,208.45260741826,290.941079929171,82.488472510911,126.213321335448,1.1775097320874,0,142,143
T,ADD_M1_M3,Zin50,B,0,ADD_M1_M3,"M=20,20,20,20,|T=0,0,0,0,|B=1,15,1,50;3,15,1,50;",0,1,0,105800024,205800024,1.00519164862682,1.03023036723775,3,G003,1,G003,0,0,0,1,0,0,0,1,0,REJECTED,fit_quality_gate,204.247704182642,279.722425962137,75.4747217794943,127.340970667393,1.1775097320874,0,164,165
T,ADD_M1_M3,Zin50,B,0,ADD_M1_M3,"M=20,20,20,20,|T=0,0,0,0,|B=1,15,1,50;3,15,1,50;",0,1,0,105800025,205800025,1.01656031926277,1.15062606478678,3,G003,1,G003,0,0,0,1,0,0,0,1,0,REJECTED,fit_quality_gate,197.750881559623,275.974537216278,78.2236556566557,119.801624529938,1.1775097320874,0,140,141
T,ADD_M1_M3,Zin50,B,0,ADD_M1_M3,"M=20,20,20,20,|T=0,0,0,0,|B=1,15,1,50;3,15,1,50;",0,1,0,105800026,205800026,1.00171774719408,1.16149730374406,3,G003,1,G003,0,0,0,1,0,0,0,1,0,REJECTED,fit_quality_gate,200.980367912753,272.062730638483,71.0823627257296,123.630667673115,1.1775097320874,0,170,171
T,ADD_M1_M3,Zin50,B,0,ADD_M1_M3,"M=20,20,20,20,|T=0,0,0,0,|B=1,15,1,50;3,15,1,50;",0,1,0,105800027,205800027,1.00788061118298,0.919503659153942,3,G003,1,G003,0,0,0,1,0,0,0,1,0,REJECTED,fit_quality_gate,207.923290962874,286.62725717607,78.7039662131957,131.882480453004,1.1775097320874,0,170,171
T,ADD_M1_M3,Zin50,B,0,ADD_M1_M3,"M=20,20,20,20,|T=0,0,0,0,|B=1,15,1,50;3,15,1,50;",0,1,0,105800028,205800028,0.992763523720378,0.825122593391255,3,G003,1,G003,0,0,0,1,0,0,0,1,0,REJECTED,fit_quality_gate,209.425651427671,280.242834223906,70.8171827962346,126.346700590067,1.1775097320874,0,164,165
T,ADD_M1_M3,Zin50,B,0,ADD_M1_M3,"M=20,20,20,20,|T=0,0,0,0,|B=1,15,1,50;3,15,1,50;",0,1,0,105800029,205800029,0.990175893647998,1.14079093139576,3,G003,1,G003,0,0,0,1,0,0,0,1,0,REJECTED,fit_quality_gate,201.427115310243,268.619660617034,67.1925453067902,118.756026519621,1.1775097320874,0,164,165
T,ADD_M1_M3,Zin50,B,0,ADD_M1_M3,"M=20,20,20,20,|T=0,0,0,0,|B=1,15,1,50;3,15,1,50;",0,1,0,105800030,205800030,0.993246761914355,1.19588036377535,3,G003,1,G003,0,0,0,1,0,0,0,1,0,REJECTED,fit_quality_gate,200.9257286805,267.88027285616,66.9545441756602,119.434220329965,1.1775097320874,0,166,167
T,ADD_M2_M3,Zin50,B,0,ADD_M2_M3,"M=20,20,20,20,|T=0,0,0,0,|B=2,15,1,50;3,15,1,50;",0,1,0,105500001,205500001,0.999869786963091,1.11358411060651,3,G002,1,G002,0,0,0,1,0,0,0,1,0,REJECTED,fit_quality_gate,91.2615231638998,276.663791771955,185.402268608055,74.7953397038116,1.1775097320874,0,160,161
T,ADD_M2_M3,Zin50,B,0,ADD_M2_M3,"M=20,20,20,20,|T=0,0,0,0,|B=2,15,1,50;3,15,1,50;",0,1,0,105500002,205500002,1.00600829493411,1.11947738836508,3,G002,1,G002,0,0,0,1,0,0,0,1,0,REJECTED,fit_quality_gate,89.4133275553055,277.324239394044,187.910911838739,77.3246869931106,1.1775097320874,0,160,161
T,ADD_M2_M3,Zin50,B,0,ADD_M2_M3,"M=20,20,20,20,|T=0,0,0,0,|B=2,15,1,50;3,15,1,50;",0,1,0,105500003,205500003,0.998227496680684,0.827921163652505,3,G002,1,G002,0,0,0,1,0,0,0,1,0,REJECTED,fit_quality_gate,95.5728723123413,286.639975981054,191.067103668713,76.7475809842715,1.1775097320874,0,162,163
T,ADD_M2_M3,Zin50,B,0,ADD_M2_M3,"M=20,20,20,20,|T=0,0,0,0,|B=2,15,1,50;3,15,1,50;",0,1,0,105500004,205500004,0.982236764739507,0.92848575417968,3,G002,1,G002,0,0,0,1,0,0,0,1,0,REJECTED,fit_quality_gate,92.1518441373346,282.829967788497,190.678123651162,73.5019741776044,1.1775097320874,0,166,167
T,ADD_M2_M3,Zin50,B,0,ADD_M2_M3,"M=20,20,20,20,|T=0,0,0,0,|B=2,15,1,50;3,15,1,50;",0,1,0,105500005,205500005,1.014818355481,0.970041850805529,3,G002,1,G002,0,0,0,1,0,0,0,1,0,REJECTED,fit_quality_gate,85.9406702248362,283.087690725082,197.147020500246,83.1155111341824,1.1775097320874,0,164,165
T,ADD_M2_M3,Zin50,B,0,ADD_M2_M3,"M=20,20,20,20,|T=0,0,0,0,|B=2,15,1,50;3,15,1,50;",0,1,0,105500006,205500006,0.998922395018758,1.11719332065787,3,G002,1,G002,0,0,0,1,0,0,0,1,0,REJECTED,fit_quality_gate,91.5158356835996,276.433803251157,184.917967567557,74.6464685355952,1.1775097320874,0,162,163
T,ADD_M2_M3,Zin50,B,0,ADD_M2_M3,"M=20,20,20,20,|T=0,0,0,0,|B=2,15,1,50;3,15,1,50;",0,1,0,105500007,205500007,0.983315938996486,0.926296316738715,3,G002,1,G002,0,0,0,1,0,0,0,1,0,REJECTED,fit_quality_gate,92.7204803439727,282.71340582604,189.992925482067,73.7371268383849,1.1775097320874,0,164,165
T,ADD_M2_M3,Zin50,B,0,ADD_M2_M3,"M=20,20,20,20,|T=0,0,0,0,|B=2,15,1,50;3,15,1,50;",0,1,0,105500008,205500008,0.998123787103149,0.863499333878368,3,G002,1,G002,0,0,0,1,0,0,0,1,0,REJECTED,fit_quality_gate,94.8007934989952,285.268893586633,190.468100087638,76.2753605741426,1.1775097320874,0,162,163
T,ADD_M2_M3,Zin50,B,0,ADD_M2_M3,"M=20,20,20,20,|T=0,0,0,0,|B=2,15,1,50;3,15,1,50;",0,1,0,105500009,205500009,0.994933131120601,0.803849249456964,3,G002,1,G002,0,0,0,1,0,0,0,1,0,REJECTED,fit_quality_gate,96.8697451362977,287.380572060821,190.510826924523,76.8160819902666,1.1775097320874,0,162,163
T,ADD_M2_M3,Zin50,B,0,ADD_M2_M3,"M=20,20,20,20,|T=0,0,0,0,|B=2,15,1,50;3,15,1,50;",0,1,0,105500010,205500010,1.01741098235023,1.01230433497758,3,G002,1,G002,0,0,0,1,0,0,0,1,0,REJECTED,fit_quality_gate,84.861051861017,281.408275195444,196.547223334427,84.161230604559,1.1775097320874,0,168,169
T,ADD_M2_M3,Zin50,B,0,ADD_M2_M3,"M=20,20,20,20,|T=0,0,0,0,|B=2,15,1,50;3,15,1,50;",0,1,0,105500011,205500011,1.00205098647931,0.837330380481689,3,G002,1,G002,0,0,0,1,0,0,0,1,0,REJECTED,fit_quality_gate,94.2667220293284,286.756673284352,192.489951255023,77.8776546401589,1.1775097320874,0,160,161
T,ADD_M2_M3,Zin50,B,0,ADD_M2_M3,"M=20,20,20,20,|T=0,0,0,0,|B=2,15,1,50;3,15,1,50;",0,1,0,105500012,205500012,0.993523070919113,1.06098762612448,3,G002,1,G002,0,0,0,1,0,0,0,1,0,REJECTED,fit_quality_gate,92.3332041145831,277.588420791043,185.25521667646,72.9537195235824,1.1775097320874,0,158,159
T,ADD_M2_M3,Zin50,B,0,ADD_M2_M3,"M=20,20,20,20,|T=0,0,0,0,|B=2,15,1,50;3,15,1,50;",0,1,0,105500013,205500013,0.983915744368027,1.07132242643849,3,G002,1,G002,0,0,0,1,0,0,0,1,0,REJECTED,fit_quality_gate,91.4977742972173,277.079260382992,185.581486085775,71.3974281932023,1.1775097320874,0,164,165
T,ADD_M2_M3,Zin50,B,0,ADD_M2_M3,"M=20,20,20,20,|T=0,0,0,0,|B=2,15,1,50;3,15,1,50;",0,1,0,105500014,205500014,1.01010865221402,1.17962552202502,3,G002,1,G002,0,0,0,1,0,0,0,1,0,REJECTED,fit_quality_gate,88.1097975073258,275.994453897687,187.884656390361,79.6750945629697,1.1775097320874,0,166,167
T,ADD_M2_M3,Zin50,B,0,ADD_M2_M3,"M=20,20,20,20,|T=0,0,0,0,|B=2,15,1,50;3,15,1,50;",0,1,0,105500015,205500015,0.980121750969647,1.11388692882841,3,G002,1,G002,0,0,0,1,0,0,0,1,0,REJECTED,fit_quality_gate,90.4324505719883,276.232749889145,185.800299317156,70.7185710433168,1.1775097320874,0,164,165
T,ADD_M2_M3,Zin50,B,0,ADD_M2_M3,"M=20,20,20,20,|T=0,0,0,0,|B=2,15,1,50;3,15,1,50;",0,1,0,105500016,205500016,1.01637193800934,1.01549497331359,3,G002,1,G002,0,0,0,1,0,0,0,1,0,REJECTED,fit_quality_gate,85.1901100224082,281.472897820504,196.282787798096,83.5783177194154,1.1775097320874,0,166,167
T,ADD_M2_M3,Zin50,B,0,ADD_M2_M3,"M=20,20,20,20,|T=0,0,0,0,|B=2,15,1,50;3,15,1,50;",0,1,0,105500017,205500017,0.980796220826829,1.01705255123983,3,G002,1,G002,0,0,0,1,0,0,0,1,0,REJECTED,fit_quality_gate,91.0303640601439,279.509824997322,188.479460937178,71.4863618148684,1.1775097320874,0,162,163
T,ADD_M2_M3,Zin50,B,0,ADD_M2_M3,"M=20,20,20,20,|T=0,0,0,0,|B=2,15,1,50;3,15,1,50;",0,1,0,105500018,205500018,1.00455571721019,1.00524768618037,3,G002,1,G002,0,0,0,1,0,0,0,1,0,REJECTED,fit_quality_gate,90.3631016206503,280.913346171912,190.550244551261,76.6995847209211,1.1775097320874,0,160,161
T,ADD_M2_M3,Zin50,B,0,ADD_M2_M3,"M=20,20,20,20,|T=0,0,0,0,|B=2,15,1,50;3,15,1,50;",0,1,0,105500019,205500019,1.00139977773477,0.977617788330116,3,G002,1,G002,0,0,0,1,0,0,0,1,0,REJECTED,fit_quality_gate,91.4046083417068,281.368660307659,189.964051965952,75.6875468476811,1.1775097320874,0,160,161
T,ADD_M2_M3,Zin50,B,0,ADD_M2_M3,"M=20,20,20,20,|T=0,0,0,0,|B=2,15,1,50;3,15,1,50;",0,1,0,105500020,205500020,0.982481593345831,0.931570407375542,3,G002,1,G002,0,0,0,1,0,0,0,1,0,REJECTED,fit_quality_gate,92.6471291829969,282.534072164249,189.886942981252,73.0489030886874,1.1775097320874,0,164,165
T,ADD_M2_M3,Zin50,B,0,ADD_M2_M3,"M=20,20,20,20,|T=0,0,0,0,|B=2,15,1,50;3,15,1,50;",0,1,0,105500021,205500021,0.996580640341393,0.886114330054463,3,G002,1,G002,0,0,0,1,0,0,0,1,0,REJECTED,fit_quality_gate,94.20245579104,284.189817591459,189.987361800419,75.2993821949418,1.1775097320874,0,162,163
T,ADD_M2_M3,Zin50,B,0,ADD_M2_M3,"M=20,20,20,20,|T=0,0,0,0,|B=2,15,1,50;3,15,1,50;",0,1,0,105500022,205500022,0.991193930532275,1.02223701903892,3,G002,1,G002,0,0,0,1,0,0,0,1,0,REJECTED,fit_quality_gate,92.827780323078,278.538357208234,185.710576885156,72.5720419148732,1.1775097320874,0,160,161
T,ADD_M2_M3,Zin50,B,0,ADD_M2_M3,"M=20,20,20,20,|T=0,0,0,0,|B=2,15,1,50;3,15,1,50;",0,1,0,105500023,205500023,0.997748326294087,1.07962917676454,3,G002,1,G002,0,0,0,1,0,0,0,1,0,REJECTED,fit_quality_gate,91.8019785103233,277.206607121095,185.404628610772,74.1305874365986,1.1775097320874,0,162,163
T,ADD_M2_M3,Zin50,B,0,ADD_M2_M3,"M=20,20,20,20,|T=0,0,0,0,|B=2,15,1,50;3,15,1,50;",0,1,0,105500024,205500024,1.01913729934741,1.0095763289248,3,G002,1,G002,0,0,0,1,0,0,0,1,0,REJECTED,fit_quality_gate,83.9737918406599,281.707250782269,197.733458941609,85.2160968551978,1.1775097320874,0,166,167
T,ADD_M2_M3,Zin50,B,0,ADD_M2_M3,"M=20,20,20,20,|T=0,0,0,0,|B=2,15,1,50;3,15,1,50;",0,1,0,105500025,205500025,1.00584078147998,0.914165024082531,3,G002,1,G002,0,0,0,1,0,0,0,1,0,REJECTED,fit_quality_gate,90.953555127081,284.536774127363,193.583219000282,78.5639975083221,1.1775097320874,0,162,163
T,ADD_M2_M3,Zin50,B,0,ADD_M2_M3,"M=20,20,20,20,|T=0,0,0,0,|B=2,15,1,50;3,15,1,50;",0,1,0,105500026,205500026,0.986600337126229,1.17745831214516,3,G002,1,G002,0,0,0,1,0,0,0,1,0,REJECTED,fit_quality_gate,91.8663733763254,273.534219880141,181.667846503816,71.2647349269921,1.1775097320874,0,160,161
T,ADD_M2_M3,Zin50,B,0,ADD_M2_M3,"M=20,20,20,20,|T=0,0,0,0,|B=2,15,1,50;3,15,1,50;",0,1,0,105500027,205500027,1.01677938743988,0.993735867690184,3,G002,1,G002,0,0,0,1,0,0,0,1,0,REJECTED,fit_quality_gate,84.9938124102537,282.134674632395,197.140862222141,83.9516268960097,1.1775097320874,0,166,167
T,ADD_M2_M3,Zin50,B,0,ADD_M2_M3,"M=20,20,20,20,|T=0,0,0,0,|B=2,15,1,50;3,15,1,50;",0,1,0,105500028,205500028,1.01990535896643,0.846645646863775,3,G002,1,G002,0,0,0,1,0,0,0,1,0,REJECTED,fit_quality_gate,85.4104736582598,287.686110409821,202.275636751561,87.5118153300629,1.1775097320874,0,166,167
T,ADD_M2_M3,Zin50,B,0,ADD_M2_M3,"M=20,20,20,20,|T=0,0,0,0,|B=2,15,1,50;3,15,1,50;",0,1,0,105500029,205500029,0.980326729464371,1.05301484663364,3,G002,1,G002,0,0,0,1,0,0,0,1,0,REJECTED,fit_quality_gate,90.5667710615603,278.33914552269,187.772374461129,71.0900532053679,1.1775097320874,0,164,165
T,ADD_M2_M3,Zin50,B,0,ADD_M2_M3,"M=20,20,20,20,|T=0,0,0,0,|B=2,15,1,50;3,15,1,50;",0,1,0,105500030,205500030,1.01000730880758,0.817907450200047,3,G002,1,G002,0,0,0,1,0,0,0,1,0,REJECTED,fit_quality_gate,91.0417414948189,288.409352273892,197.367610779073,81.9586246967641,1.1775097320874,0,166,167
T,DOUBLE_M3,Zin50,B,0,DOUBLE_M3,"M=20,20,20,20,|T=0,0,0,0,|B=3,15,1,50;3,15,1,50;",0,1,0,105300001,205300001,0.994142298816724,0.921439987392495,3,G001,1,G001,0,0,0,1,0,0,0,1,0,REJECTED,fit_quality_gate,249.634569747778,277.674296064993,28.0397263172148,292.482115212143,1.1775097320874,0,164,165
T,DOUBLE_M3,Zin50,B,0,DOUBLE_M3,"M=20,20,20,20,|T=0,0,0,0,|B=3,15,1,50;3,15,1,50;",0,1,0,105300002,205300002,0.998796239396031,1.17766251543199,3,G001,1,G001,0,0,0,1,0,0,0,1,0,REJECTED,fit_quality_gate,256.008783851018,277.305624648385,21.2968407973671,298.161932880289,1.1775097320874,0,138,139
T,DOUBLE_M3,Zin50,B,0,DOUBLE_M3,"M=20,20,20,20,|T=0,0,0,0,|B=3,15,1,50;3,15,1,50;",0,1,0,105300003,205300003,0.980900932432286,1.17259115609537,3,G001,1,G001,0,0,0,1,0,0,0,1,0,REJECTED,fit_quality_gate,240.026240521037,250.516629888706,10.4903893676697,303.796050605961,1.1775097320874,0,164,165
T,DOUBLE_M3,Zin50,B,0,DOUBLE_M3,"M=20,20,20,20,|T=0,0,0,0,|B=3,15,1,50;3,15,1,50;",0,1,0,105300004,205300004,0.986250145023289,1.08388630078778,3,G001,1,G001,0,0,0,1,0,0,0,1,0,REJECTED,fit_quality_gate,242.782174106519,258.760618750754,15.9784446442345,297.704032086571,1.1775097320874,0,166,167
T,DOUBLE_M3,Zin50,B,0,DOUBLE_M3,"M=20,20,20,20,|T=0,0,0,0,|B=3,15,1,50;3,15,1,50;",0,1,0,105300005,205300005,0.997406476800335,1.15042646746507,3,G001,1,G001,0,0,0,1,0,0,0,1,0,REJECTED,fit_quality_gate,254.2563736251,276.605964352414,22.3495907273141,297.277219197989,1.1775097320874,0,140,141
T,DOUBLE_M3,Zin50,B,0,DOUBLE_M3,"M=20,20,20,20,|T=0,0,0,0,|B=3,15,1,50;3,15,1,50;",0,1,0,105300006,205300006,1.01184048687591,1.19196326569785,3,G001,1,G001,0,0,0,1,0,0,0,1,0,REJECTED,fit_quality_gate,271.599125941975,278.15191098199,6.55278504001507,295.14500258478,1.1775097320874,0,140,141
T,DOUBLE_M3,Zin50,B,0,DOUBLE_M3,"M=20,20,20,20,|T=0,0,0,0,|B=3,15,1,50;3,15,1,50;",0,1,0,105300007,205300007,1.00681741883585,0.975484006667856,3,G001,1,G001,0,0,0,1,0,0,0,1,0,REJECTED,fit_quality_gate,276.813749725924,283.350986652012,6.53723692608878,305.542868885932,1.1775097320874,0,144,145
T,DOUBLE_M3,Zin50,B,0,DOUBLE_M3,"M=20,20,20,20,|T=0,0,0,0,|B=3,15,1,50;3,15,1,50;",0,1,0,105300008,205300008,0.987101324943478,0.841481434096688,3,G001,1,G001,0,0,0,1,0,0,0,1,0,REJECTED,fit_quality_gate,242.734060966252,267.260305883232,24.52624491698,293.415433834216,1.1775097320874,0,164,165
T,DOUBLE_M3,Zin50,B,0,DOUBLE_M3,"M=20,20,20,20,|T=0,0,0,0,|B=3,15,1,50;3,15,1,50;",0,1,0,105300009,205300009,1.01988312374574,0.944391030935515,3,G001,1,G001,0,0,0,1,0,0,0,1,0,REJECTED,fit_quality_gate,280.101190787999,283.50837027603,3.40717948803041,295.274825492727,1.1775097320874,0,140,141
T,DOUBLE_M3,Zin50,B,0,DOUBLE_M3,"M=20,20,20,20,|T=0,0,0,0,|B=3,15,1,50;3,15,1,50;",0,1,0,105300010,205300010,1.01439815978853,0.842940154172461,3,G001,1,G001,0,0,0,1,0,0,0,1,0,REJECTED,fit_quality_gate,280.966022522135,286.679604106562,5.71358158442689,305.74230174666,1.1775097320874,0,138,139
T,DOUBLE_M3,Zin50,B,0,DOUBLE_M3,"M=20,20,20,20,|T=0,0,0,0,|B=3,15,1,50;3,15,1,50;",0,1,0,105300011,205300011,1.00975815068017,0.984153058763247,3,G001,1,G001,0,0,0,1,0,0,0,1,0,REJECTED,fit_quality_gate,276.238225127639,282.932614559472,6.69438943183354,303.546647192407,1.1775097320874,0,142,143
T,DOUBLE_M3,Zin50,B,0,DOUBLE_M3,"M=20,20,20,20,|T=0,0,0,0,|B=3,15,1,50;3,15,1,50;",0,1,0,105300012,205300012,1.01857299706846,1.00561581562816,3,G001,1,G001,0,0,0,1,0,0,0,1,0,REJECTED,fit_quality_gate,277.405768305949,281.590756178079,4.18498787212934,294.041212988983,1.1775097320874,0,136,137
T,DOUBLE_M3,Zin50,B,0,DOUBLE_M3,"M=20,20,20,20,|T=0,0,0,0,|B=3,15,1,50;3,15,1,50;",0,1,0,105300013,205300013,1.0001930200299,1.00171200452765,3,G001,1,G001,0,0,0,1,0,0,0,1,0,REJECTED,fit_quality_gate,257.859012717776,282.591828209331,24.7328154915557,296.309765226022,1.1775097320874,0,140,141
T,DOUBLE_M3,Zin50,B,0,DOUBLE_M3,"M=20,20,20,20,|T=0,0,0,0,|B=3,15,1,50;3,15,1,50;",0,1,0,105300014,205300014,0.991508595164902,1.02537457240846,3,G001,1,G001,0,0,0,1,0,0,0,1,0,REJECTED,fit_quality_gate,247.01312792041,269.709889406392,22.6967614859811,294.252953469025,1.1775097320874,0,164,165
T,DOUBLE_M3,Zin50,B,0,DOUBLE_M3,"M=20,20,20,20,|T=0,0,0,0,|B=3,15,1,50;3,15,1,50;",0,1,0,105300015,205300015,0.992789505976045,0.993071002286362,3,G001,1,G001,0,0,0,1,0,0,0,1,0,REJECTED,fit_quality_gate,248.271058840434,272.774501651039,24.5034428106048,293.644230696103,1.1775097320874,0,164,165
T,DOUBLE_M3,Zin50,B,0,DOUBLE_M3,"M=20,20,20,20,|T=0,0,0,0,|B=3,15,1,50;3,15,1,50;",0,1,0,105300016,205300016,0.992308988538501,1.06179795039292,3,G001,1,G001,0,0,0,1,0,0,0,1,0,REJECTED,fit_quality_gate,247.94467188724,270.117700513545,22.1730286263054,295.023732086059,1.1775097320874,0,162,163
T,DOUBLE_M3,Zin50,B,0,DOUBLE_M3,"M=20,20,20,20,|T=0,0,0,0,|B=3,15,1,50;3,15,1,50;",0,1,0,105300017,205300017,1.01008396761288,0.955328053147857,3,G001,1,G001,0,0,0,1,0,0,0,1,0,REJECTED,fit_quality_gate,277.036277932716,283.662884028209,6.62660609549368,304.715439282431,1.1775097320874,0,144,145
T,DOUBLE_M3,Zin50,B,0,DOUBLE_M3,"M=20,20,20,20,|T=0,0,0,0,|B=3,15,1,50;3,15,1,50;",0,1,0,105300018,205300018,0.999306612768769,1.01803460630591,3,G001,1,G001,0,0,0,1,0,0,0,1,0,REJECTED,fit_quality_gate,256.59643974287,281.224233682195,24.627793939325,295.586812760686,1.1775097320874,0,140,141
T,DOUBLE_M3,Zin50,B,0,DOUBLE_M3,"M=20,20,20,20,|T=0,0,0,0,|B=3,15,1,50;3,15,1,50;",0,1,0,105300019,205300019,0.99675237910883,0.868678010003225,3,G001,1,G001,0,0,0,1,0,0,0,1,0,REJECTED,fit_quality_gate,253.152983308571,281.575057930775,28.4220746222031,292.22501811196,1.1775097320874,0,142,143
T,DOUBLE_M3,Zin50,B,0,DOUBLE_M3,"M=20,20,20,20,|T=0,0,0,0,|B=3,15,1,50;3,15,1,50;",0,1,0,105300020,205300020,1.00439689269713,0.966740163316416,3,G001,1,G001,0,0,0,1,0,0,0,1,0,REJECTED,fit_quality_gate,263.870648962519,284.046425354243,20.175776391724,297.84832119111,1.1775097320874,0,140,141
T,DOUBLE_M3,Zin50,B,0,DOUBLE_M3,"M=20,20,20,20,|T=0,0,0,0,|B=3,15,1,50;3,15,1,50;",0,1,0,105300021,205300021,0.995583542347458,0.989034382878287,3,G001,1,G001,0,0,0,1,0,0,0,1,0,REJECTED,fit_quality_gate,251.378531863777,278.047571956927,26.6690400931497,293.971076009957,1.1775097320874,0,138,139
T,DOUBLE_M3,Zin50,B,0,DOUBLE_M3,"M=20,20,20,20,|T=0,0,0,0,|B=3,15,1,50;3,15,1,50;",0,1,0,105300022,205300022,0.989955871036622,0.860921744142146,3,G001,1,G001,0,0,0,1,0,0,0,1,0,REJECTED,fit_quality_gate,245.169990826611,271.53807057369,26.3680797470784,292.081321373326,1.1775097320874,0,164,165
T,DOUBLE_M3,Zin50,B,0,DOUBLE_M3,"M=20,20,20,20,|T=0,0,0,0,|B=3,15,1,50;3,15,1,50;",0,1,0,105300023,205300023,1.00262092419101,0.844623510600253,3,G001,1,G001,0,0,0,1,0,0,0,1,0,REJECTED,fit_quality_gate,261.729183010563,287.135028176112,25.4058451655491,294.93572813435,1.1775097320874,0,138,139
T,DOUBLE_M3,Zin50,B,0,DOUBLE_M3,"M=20,20,20,20,|T=0,0,0,0,|B=3,15,1,50;3,15,1,50;",0,1,0,105300024,205300024,1.011652709286,1.00527979389117,3,G001,1,G001,0,0,0,1,0,0,0,1,0,REJECTED,fit_quality_gate,275.893608012959,282.567697699337,6.67408968637761,301.799320257278,1.1775097320874,0,140,141
T,DOUBLE_M3,Zin50,B,0,DOUBLE_M3,"M=20,20,20,20,|T=0,0,0,0,|B=3,15,1,50;3,15,1,50;",0,1,0,105300025,205300025,1.01289368637454,0.953623938704076,3,G001,1,G001,0,0,0,1,0,0,0,1,0,REJECTED,fit_quality_gate,277.286121780967,283.617970710325,6.33184892935725,302.485861883421,1.1775097320874,0,140,141
T,DOUBLE_M3,Zin50,B,0,DOUBLE_M3,"M=20,20,20,20,|T=0,0,0,0,|B=3,15,1,50;3,15,1,50;",0,1,0,105300026,205300026,0.997145343191563,0.922067252421,3,G001,1,G001,0,0,0,1,0,0,0,1,0,REJECTED,fit_quality_gate,253.629142266135,280.91111496268,27.2819726965452,293.266069382171,1.1775097320874,0,136,137
T,DOUBLE_M3,Zin50,B,0,DOUBLE_M3,"M=20,20,20,20,|T=0,0,0,0,|B=3,15,1,50;3,15,1,50;",0,1,0,105300027,205300027,0.990037514814725,1.05925329361712,3,G001,1,G001,0,0,0,1,0,0,0,1,0,REJECTED,fit_quality_gate,245.672513523913,265.703582469828,20.0310689459152,295.159323926081,1.1775097320874,0,164,165
T,DOUBLE_M3,Zin50,B,0,DOUBLE_M3,"M=20,20,20,20,|T=0,0,0,0,|B=3,15,1,50;3,15,1,50;",0,1,0,105300028,205300028,0.982632048310026,1.18338396593598,3,G001,1,G001,0,0,0,1,0,0,0,1,0,REJECTED,fit_quality_gate,240.808186282599,251.56980402512,10.7616177425213,301.847692184981,1.1775097320874,0,166,167
T,DOUBLE_M3,Zin50,B,0,DOUBLE_M3,"M=20,20,20,20,|T=0,0,0,0,|B=3,15,1,50;3,15,1,50;",0,1,0,105300029,205300029,1.00074449886914,1.05059598443586,3,G001,1,G001,0,0,0,1,0,0,0,1,0,REJECTED,fit_quality_gate,258.418321099831,282.092207918529,23.6738868186979,296.952932293875,1.1775097320874,0,136,137
T,DOUBLE_M3,Zin50,B,0,DOUBLE_M3,"M=20,20,20,20,|T=0,0,0,0,|B=3,15,1,50;3,15,1,50;",0,1,0,105300030,205300030,1.01176005754663,1.15819831314047,3,G001,1,G001,0,0,0,1,0,0,0,1,0,REJECTED,fit_quality_gate,272.018700194145,278.869806152286,6.85110595814092,296.289645672033,1.1775097320874,0,140,141
T_domain,G002_domain_out,Zin50,B,0,G002,"M=20,20,20,20,|T=0,0,0,0,|B=2,15,1,50;",1,0,1,155400001,255400001,1.15,1.12884131547676,3,G002,1,G002,1,1,0,0,1,0,0,0,0,REJECTED,fit_quality_gate,256.592651514717,281.079370918308,24.4867194035906,261.750305473613,1.1775097320874,0,164,165
T_domain,G002_domain_out,Zin50,B,0,G002,"M=20,20,20,20,|T=0,0,0,0,|B=2,15,1,50;",1,0,1,155400002,255400002,1.15,1.02561173018079,3,G002,1,G002,1,1,0,0,1,0,0,0,0,REJECTED,fit_quality_gate,260.587772532608,284.351608251077,23.7638357184697,267.213009260024,1.1775097320874,0,164,165
T_domain,G002_domain_out,Zin50,B,0,G002,"M=20,20,20,20,|T=0,0,0,0,|B=2,15,1,50;",1,0,1,155400003,255400003,1.15,1.15402003894716,3,G002,1,G002,1,1,0,0,1,0,0,0,0,REJECTED,fit_quality_gate,255.903071891526,280.583721702795,24.6806498112691,260.896949431179,1.1775097320874,0,164,165
T_domain,G002_domain_out,Zin50,B,0,G002,"M=20,20,20,20,|T=0,0,0,0,|B=2,15,1,50;",1,0,1,155400004,255400004,1.15,1.03619650120576,3,G002,1,G002,1,1,0,0,1,0,0,0,0,REJECTED,fit_quality_gate,260.158055179861,283.890183014982,23.7321278351214,266.367346651444,1.1775097320874,0,164,165
T_domain,G002_domain_out,Zin50,B,0,G002,"M=20,20,20,20,|T=0,0,0,0,|B=2,15,1,50;",1,0,1,155400005,255400005,1.15,0.973530142577809,3,G002,1,G002,1,1,0,0,1,0,0,0,0,REJECTED,fit_quality_gate,262.48045887751,285.783446784986,23.302987907476,269.856364285097,1.1775097320874,0,162,163
T_domain,G002_domain_out,Zin50,B,0,G002,"M=20,20,20,20,|T=0,0,0,0,|B=2,15,1,50;",1,0,1,155400006,255400006,1.15,0.876277797983159,3,G002,1,G002,1,1,0,0,1,0,0,0,0,REJECTED,fit_quality_gate,266.570125626784,288.975274070948,22.4051484441645,275.26528124038,1.1775097320874,0,162,163
T_domain,G002_domain_out,Zin50,B,0,G002,"M=20,20,20,20,|T=0,0,0,0,|B=2,15,1,50;",1,0,1,155400007,255400007,1.15,1.11098324243282,3,G002,1,G002,1,1,0,0,1,0,0,0,0,REJECTED,fit_quality_gate,257.157826762815,281.698693788898,24.540867026083,262.88662289105,1.1775097320874,0,164,165
T_domain,G002_domain_out,Zin50,B,0,G002,"M=20,20,20,20,|T=0,0,0,0,|B=2,15,1,50;",1,0,1,155400008,255400008,1.15,0.902479587302444,3,G002,1,G002,1,1,0,0,1,0,0,0,0,REJECTED,fit_quality_gate,265.51030383874,288.103029021506,22.5927251827658,273.663868261664,1.1775097320874,0,162,163
T_domain,G002_domain_out,Zin50,B,0,G002,"M=20,20,20,20,|T=0,0,0,0,|B=2,15,1,50;",1,0,1,155400009,255400009,1.15,0.906681581185242,3,G002,1,G002,1,1,0,0,1,0,0,0,0,REJECTED,fit_quality_gate,265.104783117762,287.790324243466,22.6855411257047,273.321625047668,1.1775097320874,0,164,165
T_domain,G002_domain_out,Zin50,B,0,G002,"M=20,20,20,20,|T=0,0,0,0,|B=2,15,1,50;",1,0,1,155400010,255400010,1.15,0.813228138908581,3,G002,1,G002,1,1,0,0,1,0,0,0,0,REJECTED,fit_quality_gate,269.495403661419,291.270764256954,21.7753605955354,278.83991674998,1.1775097320874,0,162,163
T_domain,G002_domain_out,Zin50,B,0,G002,"M=20,20,20,20,|T=0,0,0,0,|B=2,15,1,50;",1,0,1,155400011,255400011,1.15,1.15868124334444,3,G002,1,G002,1,1,0,0,1,0,0,0,0,REJECTED,fit_quality_gate,255.534680247497,280.272418496776,24.7377382492788,260.660315690184,1.1775097320874,0,164,165
T_domain,G002_domain_out,Zin50,B,0,G002,"M=20,20,20,20,|T=0,0,0,0,|B=2,15,1,50;",1,0,1,155400012,255400012,1.15,1.07727751484691,3,G002,1,G002,1,1,0,0,1,0,0,0,0,REJECTED,fit_quality_gate,258.565159957915,282.590322280537,24.0251623226214,264.315737026968,1.1775097320874,0,164,165
T_domain,G002_domain_out,Zin50,B,0,G002,"M=20,20,20,20,|T=0,0,0,0,|B=2,15,1,50;",1,0,1,155400013,255400013,1.15,1.09492538029689,3,G002,1,G002,1,1,0,0,1,0,0,0,0,REJECTED,fit_quality_gate,257.812175674995,282.065304459277,24.253128784282,263.437638845481,1.1775097320874,0,166,167
T_domain,G002_domain_out,Zin50,B,0,G002,"M=20,20,20,20,|T=0,0,0,0,|B=2,15,1,50;",1,0,1,155400014,255400014,1.15,0.864042626340992,3,G002,1,G002,1,1,0,0,1,0,0,0,0,REJECTED,fit_quality_gate,267.276487458528,289.483405891259,22.206918432731,275.606799572469,1.1775097320874,0,162,163
T_domain,G002_domain_out,Zin50,B,0,G002,"M=20,20,20,20,|T=0,0,0,0,|B=2,15,1,50;",1,0,1,155400015,255400015,1.15,0.907144302068726,3,G002,1,G002,1,1,0,0,1,0,0,0,0,REJECTED,fit_quality_gate,265.267128185101,287.918972285177,22.6518441000755,273.42758313041,1.1775097320874,0,162,163
T_domain,G002_domain_out,Zin50,B,0,G002,"M=20,20,20,20,|T=0,0,0,0,|B=2,15,1,50;",1,0,1,155400016,255400016,1.15,1.02315740450297,3,G002,1,G002,1,1,0,0,1,0,0,0,0,REJECTED,fit_quality_gate,260.496755057736,284.152929705949,23.6561746482138,267.21278859533,1.1775097320874,0,164,165
T_domain,G002_domain_out,Zin50,B,0,G002,"M=20,20,20,20,|T=0,0,0,0,|B=2,15,1,50;",1,0,1,155400017,255400017,1.15,0.94983870775824,3,G002,1,G002,1,1,0,0,1,0,0,0,0,REJECTED,fit_quality_gate,263.467483438906,286.397381228512,22.9298977896061,270.98591933995,1.1775097320874,0,162,163
T_domain,G002_domain_out,Zin50,B,0,G002,"M=20,20,20,20,|T=0,0,0,0,|B=2,15,1,50;",1,0,1,155400018,255400018,1.15,0.851098094842341,3,G002,1,G002,1,1,0,0,1,0,0,0,0,REJECTED,fit_quality_gate,267.794254642104,289.974907983152,22.1806533410486,276.730476937019,1.1775097320874,0,162,163
T_domain,G002_domain_out,Zin50,B,0,G002,"M=20,20,20,20,|T=0,0,0,0,|B=2,15,1,50;",1,0,1,155400019,255400019,1.15,1.15081996727221,3,G002,1,G002,1,1,0,0,1,0,0,0,0,REJECTED,fit_quality_gate,256.057160709033,280.609679325377,24.5525186163441,260.919988772581,1.1775097320874,0,166,167
T_domain,G002_domain_out,Zin50,B,0,G002,"M=20,20,20,20,|T=0,0,0,0,|B=2,15,1,50;",1,0,1,155400020,255400020,1.15,0.989443461334601,3,G002,1,G002,1,1,0,0,1,0,0,0,0,REJECTED,fit_quality_gate,261.937272592376,285.337661207529,23.4003886151526,268.732463838577,1.1775097320874,0,162,163
T_domain,G002_domain_out,Zin50,B,0,G002,"M=20,20,20,20,|T=0,0,0,0,|B=2,15,1,50;",1,0,1,155400021,255400021,1.15,1.02739880808362,3,G002,1,G002,1,1,0,0,1,0,0,0,0,REJECTED,fit_quality_gate,260.371148787586,284.206446042234,23.8352972546483,267.136935522864,1.1775097320874,0,164,165
T_domain,G002_domain_out,Zin50,B,0,G002,"M=20,20,20,20,|T=0,0,0,0,|B=2,15,1,50;",1,0,1,155400022,255400022,1.15,1.1718040202307,3,G002,1,G002,1,1,0,0,1,0,0,0,0,REJECTED,fit_quality_gate,255.244723566857,280.155530064929,24.9108064980723,259.818843851117,1.1775097320874,0,164,165
T_domain,G002_domain_out,Zin50,B,0,G002,"M=20,20,20,20,|T=0,0,0,0,|B=2,15,1,50;",1,0,1,155400023,255400023,1.15,1.09753062294878,3,G002,1,G002,1,1,0,0,1,0,0,0,0,REJECTED,fit_quality_gate,257.742090905767,282.012432043558,24.2703411377904,263.573971072189,1.1775097320874,0,164,165
T_domain,G002_domain_out,Zin50,B,0,G002,"M=20,20,20,20,|T=0,0,0,0,|B=2,15,1,50;",1,0,1,155400024,255400024,1.15,0.973668123151594,3,G002,1,G002,1,1,0,0,1,0,0,0,0,REJECTED,fit_quality_gate,262.765307437257,285.792176483822,23.026869046565,269.925345797492,1.1775097320874,0,164,165
T_domain,G002_domain_out,Zin50,B,0,G002,"M=20,20,20,20,|T=0,0,0,0,|B=2,15,1,50;",1,0,1,155400025,255400025,1.15,0.818006038911299,3,G002,1,G002,1,1,0,0,1,0,0,0,0,REJECTED,fit_quality_gate,269.447572925573,291.287087549494,21.8395146239202,278.556640949411,1.1775097320874,0,162,163
T_domain,G002_domain_out,Zin50,B,0,G002,"M=20,20,20,20,|T=0,0,0,0,|B=2,15,1,50;",1,0,1,155400026,255400026,1.15,0.915465215153018,3,G002,1,G002,1,1,0,0,1,0,0,0,0,REJECTED,fit_quality_gate,265.01047822685,287.637909131622,22.6274309047718,272.916953461071,1.1775097320874,0,160,161
T_domain,G002_domain_out,Zin50,B,0,G002,"M=20,20,20,20,|T=0,0,0,0,|B=2,15,1,50;",1,0,1,155400027,255400027,1.15,0.83151918482161,3,G002,1,G002,1,1,0,0,1,0,0,0,0,REJECTED,fit_quality_gate,268.616120668517,290.667504142983,22.0513834744654,277.662324654221,1.1775097320874,0,162,163
T_domain,G002_domain_out,Zin50,B,0,G002,"M=20,20,20,20,|T=0,0,0,0,|B=2,15,1,50;",1,0,1,155400028,255400028,1.15,0.953556577815418,3,G002,1,G002,1,1,0,0,1,0,0,0,0,REJECTED,fit_quality_gate,263.402885930388,286.431533796588,23.0286478661995,270.697253242059,1.1775097320874,0,164,165
T_domain,G002_domain_out,Zin50,B,0,G002,"M=20,20,20,20,|T=0,0,0,0,|B=2,15,1,50;",1,0,1,155400029,255400029,1.15,0.853410596465822,3,G002,1,G002,1,1,0,0,1,0,0,0,0,REJECTED,fit_quality_gate,267.81827580382,289.982269620254,22.1639938164345,276.763210456445,1.1775097320874,0,162,163
T_domain,G002_domain_out,Zin50,B,0,G002,"M=20,20,20,20,|T=0,0,0,0,|B=2,15,1,50;",1,0,1,155400030,255400030,1.15,1.15486552853543,3,G002,1,G002,1,1,0,0,1,0,0,0,0,REJECTED,fit_quality_gate,255.622222694285,280.307721535942,24.6854988416568,260.795524321902,1.1775097320874,0,164,165
T_domain,G003_domain_out,Zin50,B,0,G003,"M=20,20,20,20,|T=0,0,0,0,|B=1,15,1,50;",1,0,1,155700001,255700001,1.15,0.803414251299255,3,G003,1,G003,1,1,0,0,1,0,0,0,0,REJECTED,fit_quality_gate,261.079844024798,322.468223158997,61.3883791341985,238.909252713508,1.1775097320874,0,164,165
T_domain,G003_domain_out,Zin50,B,0,G003,"M=20,20,20,20,|T=0,0,0,0,|B=1,15,1,50;",1,0,1,155700002,255700002,1.15,1.1738337439768,3,G003,1,G003,1,1,0,0,1,0,0,0,0,REJECTED,fit_quality_gate,246.179406966649,306.732977334806,60.5535703681577,225.693334618965,1.1775097320874,0,164,165
T_domain,G003_domain_out,Zin50,B,0,G003,"M=20,20,20,20,|T=0,0,0,0,|B=1,15,1,50;",1,0,1,155700003,255700003,1.15,0.98271378037106,3,G003,1,G003,1,1,0,0,1,0,0,0,0,REJECTED,fit_quality_gate,252.476125144257,313.690315232055,61.2141900877974,231.942958267669,1.1775097320874,0,164,165
T_domain,G003_domain_out,Zin50,B,0,G003,"M=20,20,20,20,|T=0,0,0,0,|B=1,15,1,50;",1,0,1,155700004,255700004,1.15,0.890581035054099,3,G003,1,G003,1,1,0,0,1,0,0,0,0,REJECTED,fit_quality_gate,256.522633301524,317.805100211638,61.2824669101141,235.386347801425,1.1775097320874,0,164,165
T_domain,G003_domain_out,Zin50,B,0,G003,"M=20,20,20,20,|T=0,0,0,0,|B=1,15,1,50;",1,0,1,155700005,255700005,1.15,1.10057337735844,3,G003,1,G003,1,1,0,0,1,0,0,0,0,REJECTED,fit_quality_gate,248.338222773617,309.090600484717,60.7523777110999,228.120049818574,1.1775097320874,0,164,165
T_domain,G003_domain_out,Zin50,B,0,G003,"M=20,20,20,20,|T=0,0,0,0,|B=1,15,1,50;",1,0,1,155700006,255700006,1.15,1.02997813740481,3,G003,1,G003,1,1,0,0,1,0,0,0,0,REJECTED,fit_quality_gate,250.581714370257,311.702302181392,61.1205878111352,230.71272971433,1.1775097320874,0,164,165
T_domain,G003_domain_out,Zin50,B,0,G003,"M=20,20,20,20,|T=0,0,0,0,|B=1,15,1,50;",1,0,1,155700007,255700007,1.15,1.06513288713846,3,G003,1,G003,1,1,0,0,1,0,0,0,0,REJECTED,fit_quality_gate,249.41182331598,310.334273915254,60.9224505992736,229.113561030603,1.1775097320874,0,164,165
T_domain,G003_domain_out,Zin50,B,0,G003,"M=20,20,20,20,|T=0,0,0,0,|B=1,15,1,50;",1,0,1,155700008,255700008,1.15,0.814861219223601,3,G003,1,G003,1,1,0,0,1,0,0,0,0,REJECTED,fit_quality_gate,260.513670730975,321.782114686025,61.26844395505,238.316127283734,1.1775097320874,0,164,165
T_domain,G003_domain_out,Zin50,B,0,G003,"M=20,20,20,20,|T=0,0,0,0,|B=1,15,1,50;",1,0,1,155700009,255700009,1.15,0.910016524439535,3,G003,1,G003,1,1,0,0,1,0,0,0,0,REJECTED,fit_quality_gate,255.680917940255,316.921515737814,61.2405977975583,234.680629380446,1.1775097320874,0,164,165
T_domain,G003_domain_out,Zin50,B,0,G003,"M=20,20,20,20,|T=0,0,0,0,|B=1,15,1,50;",1,0,1,155700010,255700010,1.15,0.885448766857814,3,G003,1,G003,1,1,0,0,1,0,0,0,0,REJECTED,fit_quality_gate,256.963229006726,318.133971583729,61.1707425770031,235.557919053753,1.1775097320874,0,164,165
T_domain,G003_domain_out,Zin50,B,0,G003,"M=20,20,20,20,|T=0,0,0,0,|B=1,15,1,50;",1,0,1,155700011,255700011,1.15,1.09820380843836,3,G003,1,G003,1,1,0,0,1,0,0,0,0,REJECTED,fit_quality_gate,248.224624503778,309.307558755982,61.082934252204,227.960206410825,1.1775097320874,0,164,165
T_domain,G003_domain_out,Zin50,B,0,G003,"M=20,20,20,20,|T=0,0,0,0,|B=1,15,1,50;",1,0,1,155700012,255700012,1.15,0.830086146905027,3,G003,1,G003,1,1,0,0,1,0,0,0,0,REJECTED,fit_quality_gate,259.42800191183,320.846254346594,61.4182524347647,237.810618323261,1.1775097320874,0,162,163
T_domain,G003_domain_out,Zin50,B,0,G003,"M=20,20,20,20,|T=0,0,0,0,|B=1,15,1,50;",1,0,1,155700013,255700013,1.15,1.08982461475165,3,G003,1,G003,1,1,0,0,1,0,0,0,0,REJECTED,fit_quality_gate,248.677228601983,309.391644007466,60.7144154054831,228.511206519391,1.1775097320874,0,164,165
T_domain,G003_domain_out,Zin50,B,0,G003,"M=20,20,20,20,|T=0,0,0,0,|B=1,15,1,50;",1,0,1,155700014,255700014,1.15,0.831971294263125,3,G003,1,G003,1,1,0,0,1,0,0,0,0,REJECTED,fit_quality_gate,259.390247256619,320.888824005418,61.4985767487986,237.537028388366,1.1775097320874,0,164,165
T_domain,G003_domain_out,Zin50,B,0,G003,"M=20,20,20,20,|T=0,0,0,0,|B=1,15,1,50;",1,0,1,155700015,255700015,1.15,1.08632663323301,3,G003,1,G003,1,1,0,0,1,0,0,0,0,REJECTED,fit_quality_gate,248.778760119072,309.571354269476,60.7925941504032,228.830710607159,1.1775097320874,0,164,165
T_domain,G003_domain_out,Zin50,B,0,G003,"M=20,20,20,20,|T=0,0,0,0,|B=1,15,1,50;",1,0,1,155700016,255700016,1.15,1.01553666066643,3,G003,1,G003,1,1,0,0,1,0,0,0,0,REJECTED,fit_quality_gate,251.1526432513,312.185597543353,61.0329542920521,230.69751651669,1.1775097320874,0,164,165
T_domain,G003_domain_out,Zin50,B,0,G003,"M=20,20,20,20,|T=0,0,0,0,|B=1,15,1,50;",1,0,1,155700017,255700017,1.15,0.861685837907096,3,G003,1,G003,1,1,0,0,1,0,0,0,0,REJECTED,fit_quality_gate,258.035362901655,319.303446913293,61.2680840116383,236.590034145429,1.1775097320874,0,166,167
T_domain,G003_domain_out,Zin50,B,0,G003,"M=20,20,20,20,|T=0,0,0,0,|B=1,15,1,50;",1,0,1,155700018,255700018,1.15,0.995422654058848,3,G003,1,G003,1,1,0,0,1,0,0,0,0,REJECTED,fit_quality_gate,251.884319455673,313.127923254578,61.2436037989053,231.451478495757,1.1775097320874,0,164,165
T_domain,G003_domain_out,Zin50,B,0,G003,"M=20,20,20,20,|T=0,0,0,0,|B=1,15,1,50;",1,0,1,155700019,255700019,1.15,1.17541816938956,3,G003,1,G003,1,1,0,0,1,0,0,0,0,REJECTED,fit_quality_gate,246.215341531932,306.715823684352,60.5004821524193,225.982227097997,1.1775097320874,0,164,165
T_domain,G003_domain_out,Zin50,B,0,G003,"M=20,20,20,20,|T=0,0,0,0,|B=1,15,1,50;",1,0,1,155700020,255700020,1.15,1.096514600385,3,G003,1,G003,1,1,0,0,1,0,0,0,0,REJECTED,fit_quality_gate,248.278863256669,309.266607390724,60.9877441340552,228.232378969247,1.1775097320874,0,164,165
T_domain,G003_domain_out,Zin50,B,0,G003,"M=20,20,20,20,|T=0,0,0,0,|B=1,15,1,50;",1,0,1,155700021,255700021,1.15,1.19440293255101,3,G003,1,G003,1,1,0,0,1,0,0,0,0,REJECTED,fit_quality_gate,245.488734309331,306.20302481683,60.714290507499,225.280949232597,1.1775097320874,0,164,165
T_domain,G003_domain_out,Zin50,B,0,G003,"M=20,20,20,20,|T=0,0,0,0,|B=1,15,1,50;",1,0,1,155700022,255700022,1.15,0.946773949123953,3,G003,1,G003,1,1,0,0,1,0,0,0,0,REJECTED,fit_quality_gate,254.232513287477,315.217360548506,60.9848472610292,233.262855196742,1.1775097320874,0,164,165
T_domain,G003_domain_out,Zin50,B,0,G003,"M=20,20,20,20,|T=0,0,0,0,|B=1,15,1,50;",1,0,1,155700023,255700023,1.15,0.994875862394334,3,G003,1,G003,1,1,0,0,1,0,0,0,0,REJECTED,fit_quality_gate,251.877404731645,313.12071885117,61.2433141195248,231.597175694056,1.1775097320874,0,164,165
T_domain,G003_domain_out,Zin50,B,0,G003,"M=20,20,20,20,|T=0,0,0,0,|B=1,15,1,50;",1,0,1,155700024,255700024,1.15,1.1425667223909,3,G003,1,G003,1,1,0,0,1,0,0,0,0,REJECTED,fit_quality_gate,247.086409996391,307.725054146667,60.6386441502762,226.547966141192,1.1775097320874,0,164,165
T_domain,G003_domain_out,Zin50,B,0,G003,"M=20,20,20,20,|T=0,0,0,0,|B=1,15,1,50;",1,0,1,155700025,255700025,1.15,1.07694504923692,3,G003,1,G003,1,1,0,0,1,0,0,0,0,REJECTED,fit_quality_gate,248.907809906524,309.883317993102,60.9755080865785,228.739465065868,1.1775097320874,0,164,165
T_domain,G003_domain_out,Zin50,B,0,G003,"M=20,20,20,20,|T=0,0,0,0,|B=1,15,1,50;",1,0,1,155700026,255700026,1.15,0.890456542825971,3,G003,1,G003,1,1,0,0,1,0,0,0,0,REJECTED,fit_quality_gate,256.604476314342,317.806614321949,61.2021380076068,235.250588243925,1.1775097320874,0,164,165
T_domain,G003_domain_out,Zin50,B,0,G003,"M=20,20,20,20,|T=0,0,0,0,|B=1,15,1,50;",1,0,1,155700027,255700027,1.15,1.09225609790046,3,G003,1,G003,1,1,0,0,1,0,0,0,0,REJECTED,fit_quality_gate,248.490996527501,309.494183599899,61.003187072397,228.660922119778,1.1775097320874,0,164,165
T_domain,G003_domain_out,Zin50,B,0,G003,"M=20,20,20,20,|T=0,0,0,0,|B=1,15,1,50;",1,0,1,155700028,255700028,1.15,1.16723555058399,3,G003,1,G003,1,1,0,0,1,0,0,0,0,REJECTED,fit_quality_gate,246.25973384496,306.89677105029,60.6370372053298,225.952024046293,1.1775097320874,0,164,165
T_domain,G003_domain_out,Zin50,B,0,G003,"M=20,20,20,20,|T=0,0,0,0,|B=1,15,1,50;",1,0,1,155700029,255700029,1.15,1.17824576170807,3,G003,1,G003,1,1,0,0,1,0,0,0,0,REJECTED,fit_quality_gate,246.170260821068,306.686196495668,60.5159356745993,225.472791483434,1.1775097320874,0,164,165
T_domain,G003_domain_out,Zin50,B,0,G003,"M=20,20,20,20,|T=0,0,0,0,|B=1,15,1,50;",1,0,1,155700030,255700030,1.15,1.154217231431,3,G003,1,G003,1,1,0,0,1,0,0,0,0,REJECTED,fit_quality_gate,246.824169244433,307.356976654663,60.5328074102293,226.58589354727,1.1775097320874,0,164,165
T,G001,Zin50,C,10,G001,"M=20,20,20,20,|T=0,0,0,0,|B=none",1,0,0,105100001,205100001,1.01130078768643,0.962930318236969,10,G001,1,G001,1,1,0,0,1,1,0,0,0,UNIQUE_CONFIDENT,single_candidate_with_margin,0.917155985291068,226.157408166906,225.240252181615,1.07044122152116,1.1775097320874,0,478,479
T,G001,Zin50,C,10,G001,"M=20,20,20,20,|T=0,0,0,0,|B=none",1,0,0,105100002,205100002,1.00117762201509,1.08950290181416,9,G001,1,G001,1,1,0,0,1,1,0,0,0,UNIQUE_CONFIDENT,single_candidate_with_margin,0.959556438900055,229.898928865481,228.939372426581,1.13454951541054,1.1775097320874,0,434,435
T,G001,Zin50,C,10,G001,"M=20,20,20,20,|T=0,0,0,0,|B=none",1,0,0,105100003,205100003,0.984759506045676,1.02720540607408,9,G001,1,G001,1,1,0,0,1,1,0,0,0,UNIQUE_CONFIDENT,single_candidate_with_margin,0.89363736591094,240.324532867245,239.430895501334,0.916147688014053,1.1775097320874,0,434,435
T,G001,Zin50,C,10,G001,"M=20,20,20,20,|T=0,0,0,0,|B=none",1,0,0,105100004,205100004,1.00803530852974,0.96759907991996,9,G001,1,G001,1,1,0,0,1,1,0,0,0,UNIQUE_CONFIDENT,single_candidate_with_margin,0.833294483368386,227.43442964549,226.601135162122,0.943612319671119,1.1775097320874,0,440,441
T,G001,Zin50,C,10,G001,"M=20,20,20,20,|T=0,0,0,0,|B=none",1,0,0,105100005,205100005,1.01190161902295,1.1020435043837,10,G001,1,G001,1,1,0,0,1,1,0,0,0,UNIQUE_CONFIDENT,single_candidate_with_margin,0.989409434483465,225.861773564861,224.872364130378,0.825036960645633,1.1775097320874,0,480,481
T,G001,Zin50,C,10,G001,"M=20,20,20,20,|T=0,0,0,0,|B=none",1,0,0,105100006,205100006,0.983890126328253,0.979102549791537,9,G001,1,G001,1,1,0,0,1,1,0,0,0,UNIQUE_CONFIDENT,single_candidate_with_margin,1.02871578385507,241.075446676492,240.046730892637,1.13660854626718,1.1775097320874,0,436,437
T,G001,Zin50,C,10,G001,"M=20,20,20,20,|T=0,0,0,0,|B=none",1,0,0,105100007,205100007,1.00158288339419,0.948033944101689,9,G001,1,G001,1,1,0,0,1,1,0,0,0,UNIQUE_CONFIDENT,single_candidate_with_margin,0.980995078285005,229.561343336443,228.580348258158,1.04241780467986,1.1775097320874,0,434,435
T,G001,Zin50,C,10,G001,"M=20,20,20,20,|T=0,0,0,0,|B=none",1,0,0,105100008,205100008,1.00240845332167,1.15619675294995,9,G001,1,G001,1,1,0,0,1,1,0,0,0,UNIQUE_CONFIDENT,single_candidate_with_margin,0.808325553748015,229.500119087096,228.691793533348,0.942392585403426,1.1775097320874,0,434,435
T,G001,Zin50,C,10,G001,"M=20,20,20,20,|T=0,0,0,0,|B=none",1,0,0,105100009,205100009,1.01902534910768,1.03155070260722,10,G001,1,G001,1,1,0,0,1,0,0,0,0,REJECTED,fit_quality_gate,1.04738801896455,221.122509142025,220.07512112306,1.21418002365507,1.1775097320874,0,488,489
T,G001,Zin50,C,10,G001,"M=20,20,20,20,|T=0,0,0,0,|B=none",1,0,0,105100010,205100010,1.00856441692474,1.06628751396675,9,G001,1,G001,1,1,0,0,1,1,0,0,0,UNIQUE_CONFIDENT,single_candidate_with_margin,1.04334145949797,227.433279886406,226.389938426908,1.16484262330127,1.1775097320874,0,440,441
T,G001,Zin50,C,10,G001,"M=20,20,20,20,|T=0,0,0,0,|B=none",1,0,0,105100011,205100011,1.00361488391806,1.10103704277869,9,G001,1,G001,1,1,0,0,1,1,0,0,0,UNIQUE_CONFIDENT,single_candidate_with_margin,1.05241591716656,229.111961797786,228.059545880619,1.06830668416737,1.1775097320874,0,432,433
T,G001,Zin50,C,10,G001,"M=20,20,20,20,|T=0,0,0,0,|B=none",1,0,0,105100012,205100012,0.982332114449622,0.887345015119814,9,G001,1,G001,1,1,0,0,1,1,0,0,0,UNIQUE_CONFIDENT,single_candidate_with_margin,0.952694037604324,242.490128385234,241.53743434763,1.00893105604016,1.1775097320874,0,434,435
T,G001,Zin50,C,10,G001,"M=20,20,20,20,|T=0,0,0,0,|B=none",1,0,0,105100013,205100013,0.996751095164615,1.06794298205733,9,G001,1,G001,1,1,0,0,1,1,0,0,0,UNIQUE_CONFIDENT,single_candidate_with_margin,0.894128881998047,231.732732874381,230.838603992382,1.11884158725403,1.1775097320874,0,436,437
T,G001,Zin50,C,10,G001,"M=20,20,20,20,|T=0,0,0,0,|B=none",1,0,0,105100014,205100014,1.00875995810927,0.827011225085129,9,G001,1,G001,1,1,0,0,1,1,0,0,0,UNIQUE_CONFIDENT,single_candidate_with_margin,1.04801468282924,227.083055662501,226.035040979672,1.00354052370135,1.1775097320874,0,436,437
T,G001,Zin50,C,10,G001,"M=20,20,20,20,|T=0,0,0,0,|B=none",1,0,0,105100015,205100015,0.998978533151966,0.907801835059263,9,G001,1,G001,1,1,0,0,1,1,0,0,0,UNIQUE_CONFIDENT,single_candidate_with_margin,1.03073185306085,230.678704679563,229.647972826503,0.923996566050449,1.1775097320874,0,436,437
T,G001,Zin50,C,10,G001,"M=20,20,20,20,|T=0,0,0,0,|B=none",1,0,0,105100016,205100016,0.987802879474631,1.05686937250375,9,G001,1,G001,1,1,0,0,1,1,0,0,0,UNIQUE_CONFIDENT,single_candidate_with_margin,0.942217946040236,247.103036284998,246.160818338957,1.01888129127722,1.1775097320874,0,419,420
T,G001,Zin50,C,10,G001,"M=20,20,20,20,|T=0,0,0,0,|B=none",1,0,0,105100017,205100017,1.00049012530766,0.800386235894002,9,G001,1,G001,1,1,0,0,1,1,0,0,0,UNIQUE_CONFIDENT,single_candidate_with_margin,0.928464753838946,229.997082244366,229.068617490527,0.983551748503169,1.1775097320874,0,438,439
T,G001,Zin50,C,10,G001,"M=20,20,20,20,|T=0,0,0,0,|B=none",1,0,0,105100018,205100018,1.0075875657568,0.961939969969704,9,G001,1,G001,1,1,0,0,1,1,0,0,0,UNIQUE_CONFIDENT,single_candidate_with_margin,0.900264276791995,227.783003964057,226.882739687265,1.04128851943754,1.1775097320874,0,436,437
T,G001,Zin50,C,10,G001,"M=20,20,20,20,|T=0,0,0,0,|B=none",1,0,0,105100019,205100019,0.995978574334711,0.914401208354212,9,G001,1,G001,1,1,0,0,1,1,0,0,0,UNIQUE_CONFIDENT,single_candidate_with_margin,1.00260142759557,232.122890075319,231.120288647724,1.07605467223623,1.1775097320874,0,436,437
T,G001,Zin50,C,10,G001,"M=20,20,20,20,|T=0,0,0,0,|B=none",1,0,0,105100020,205100020,0.986970796332181,0.978574723291958,9,G001,1,G001,1,1,0,0,1,1,0,0,0,UNIQUE_CONFIDENT,single_candidate_with_margin,1.01809283211155,238.636327641076,237.618234808964,0.857168346130262,1.1775097320874,0,438,439
T,G001,Zin50,C,10,G001,"M=20,20,20,20,|T=0,0,0,0,|B=none",1,0,0,105100021,205100021,0.981500602308643,0.808179839229982,9,G001,1,G001,1,1,0,0,1,1,0,0,0,UNIQUE_CONFIDENT,single_candidate_with_margin,1.05640743347206,243.019817316683,241.963409883211,0.79625883131162,1.1775097320874,0,434,435
T,G001,Zin50,C,10,G001,"M=20,20,20,20,|T=0,0,0,0,|B=none",1,0,0,105100022,205100022,0.988145889963335,0.876156105426699,9,G001,1,G001,1,1,0,0,1,1,0,0,0,UNIQUE_CONFIDENT,single_candidate_with_margin,0.98934529316164,247.133862684077,246.144517390916,0.855048194233794,1.1775097320874,0,421,422
T,G001,Zin50,C,10,G001,"M=20,20,20,20,|T=0,0,0,0,|B=none",1,0,0,105100023,205100023,0.99111199313114,1.07275300615055,9,G001,1,G001,1,1,0,0,1,1,0,0,0,UNIQUE_CONFIDENT,single_candidate_with_margin,0.94885055953806,235.264984278181,234.316133718643,0.965965358635879,1.1775097320874,0,440,441
T,G001,Zin50,C,10,G001,"M=20,20,20,20,|T=0,0,0,0,|B=none",1,0,0,105100024,205100024,0.996566900580011,1.13244077591968,9,G001,1,G001,1,1,0,0,1,1,0,0,0,UNIQUE_CONFIDENT,single_candidate_with_margin,0.998230938349896,231.875179221696,230.876948283346,1.11706171910819,1.1775097320874,0,438,439
T,G001,Zin50,C,10,G001,"M=20,20,20,20,|T=0,0,0,0,|B=none",1,0,0,105100025,205100025,0.991812511943381,1.07849600724505,9,G001,1,G001,1,1,0,0,1,1,0,0,0,UNIQUE_CONFIDENT,single_candidate_with_margin,0.817467035359248,234.568757043,233.751290007641,0.969913124409736,1.1775097320874,0,438,439
T,G001,Zin50,C,10,G001,"M=20,20,20,20,|T=0,0,0,0,|B=none",1,0,0,105100026,205100026,0.983514496420446,0.948132531736518,9,G001,1,G001,1,1,0,0,1,1,0,0,0,UNIQUE_CONFIDENT,single_candidate_with_margin,0.952854490727452,241.252776393659,240.299921902931,1.08736021532463,1.1775097320874,0,434,435
T,G001,Zin50,C,10,G001,"M=20,20,20,20,|T=0,0,0,0,|B=none",1,0,0,105100027,205100027,0.981996371120438,1.07600938115109,9,G001,1,G001,1,1,0,0,1,0,0,0,0,REJECTED,fit_quality_gate,0.95515916864144,242.778523027593,241.823363858952,1.23413017585469,1.1775097320874,0,432,433
T,G001,Zin50,C,10,G001,"M=20,20,20,20,|T=0,0,0,0,|B=none",1,0,0,105100028,205100028,0.994566891417759,1.13938972787835,9,G001,1,G001,1,1,0,0,1,1,0,0,0,UNIQUE_CONFIDENT,single_candidate_with_margin,1.01024774293242,232.901055854122,231.890808111189,1.04850606143152,1.1775097320874,0,432,433
T,G001,Zin50,C,10,G001,"M=20,20,20,20,|T=0,0,0,0,|B=none",1,0,0,105100029,205100029,1.00096472738658,1.10608018821824,9,G001,1,G001,1,1,0,0,1,1,0,0,0,UNIQUE_CONFIDENT,single_candidate_with_margin,0.992544487279989,230.086004353158,229.093459865878,1.10905491799127,1.1775097320874,0,438,439
T,G001,Zin50,C,10,G001,"M=20,20,20,20,|T=0,0,0,0,|B=none",1,0,0,105100030,205100030,1.00680328455663,1.05992840548899,9,G001,1,G001,1,1,0,0,1,1,0,0,0,UNIQUE_CONFIDENT,single_candidate_with_margin,0.986895869964783,228.04455225403,227.057656384065,1.07454708166867,1.1775097320874,0,428,429
T,G002,Zin50,C,10,G002,"M=20,20,20,20,|T=0,0,0,0,|B=2,15,1,50;",1,0,0,105400001,205400001,0.988573068924283,0.811969193859827,9,G002,1,G002,1,1,0,0,1,1,0,0,0,UNIQUE_CONFIDENT,single_candidate_with_margin,0.868329162876482,104.823623912104,103.955294749228,0.963542382270363,1.1775097320874,0,401,402
T,G002,Zin50,C,10,G002,"M=20,20,20,20,|T=0,0,0,0,|B=2,15,1,50;",1,0,0,105400002,205400002,1.00185513348894,1.01692325798831,9,G002,1,G002,1,1,0,0,1,1,0,0,0,UNIQUE_CONFIDENT,single_candidate_with_margin,1.03773007169425,95.8940337415232,94.856303669829,0.790160121919467,1.1775097320874,0,396,397
T,G002,Zin50,C,10,G002,"M=20,20,20,20,|T=0,0,0,0,|B=2,15,1,50;",1,0,0,105400003,205400003,0.991102836397355,1.11795435101863,9,G002,1,G002,1,1,0,0,1,1,0,0,0,UNIQUE_CONFIDENT,single_candidate_with_margin,0.972823493215358,94.4555257448396,93.4827022516242,0.986790958121128,1.1775097320874,0,394,395
T,G002,Zin50,C,10,G002,"M=20,20,20,20,|T=0,0,0,0,|B=2,15,1,50;",1,0,0,105400004,205400004,0.991025292960297,1.06299671723079,9,G002,1,G002,1,1,0,0,1,1,0,0,0,UNIQUE_CONFIDENT,single_candidate_with_margin,1.06223027511479,96.2755880344873,95.2133577593725,1.14255704870411,1.1775097320874,0,396,397
T,G002,Zin50,C,10,G002,"M=20,20,20,20,|T=0,0,0,0,|B=2,15,1,50;",1,0,0,105400005,205400005,1.01749406010602,0.872713441113738,9,G002,1,G002,1,1,0,0,1,1,0,0,0,UNIQUE_CONFIDENT,single_candidate_with_margin,1.11310313848733,92.3224882260611,91.2093850875738,0.96894366137832,1.1775097320874,0,369,370
T,G002,Zin50,C,10,G002,"M=20,20,20,20,|T=0,0,0,0,|B=2,15,1,50;",1,0,0,105400006,205400006,1.01359482646635,0.869925550879111,9,G002,1,G002,1,1,0,0,1,1,0,0,0,UNIQUE_CONFIDENT,single_candidate_with_margin,1.13576979892144,94.5049591328597,93.3691893339383,1.05654469671556,1.1775097320874,0,399,400
T,G002,Zin50,C,10,G002,"M=20,20,20,20,|T=0,0,0,0,|B=2,15,1,50;",1,0,0,105400007,205400007,0.988632087415182,0.957880163184862,9,G002,1,G002,1,1,0,0,1,1,0,0,0,UNIQUE_CONFIDENT,single_candidate_with_margin,1.05321880399663,99.1903360261189,98.1371172221222,1.09558844873343,1.1775097320874,0,394,395
T,G002,Zin50,C,10,G002,"M=20,20,20,20,|T=0,0,0,0,|B=2,15,1,50;",1,0,0,105400008,205400008,1.01316767590818,0.923228467911165,9,G002,1,G002,1,1,0,0,1,1,0,0,0,UNIQUE_CONFIDENT,single_candidate_with_margin,1.05053481954858,93.2094944330181,92.1589596134696,1.03374337287619,1.1775097320874,0,396,397
T,G002,Zin50,C,10,G002,"M=20,20,20,20,|T=0,0,0,0,|B=2,15,1,50;",1,0,0,105400009,205400009,0.98705273814528,0.888653221930581,9,G002,1,G002,1,1,0,0,1,1,0,0,0,UNIQUE_CONFIDENT,single_candidate_with_margin,1.00679499128843,101.753041420733,100.746246429444,0.922228106189361,1.1775097320874,0,395,396
T,G002,Zin50,C,10,G002,"M=20,20,20,20,|T=0,0,0,0,|B=2,15,1,50;",1,0,0,105400010,205400010,1.00062044788592,0.994410459662702,9,G002,1,G002,1,1,0,0,1,1,0,0,0,UNIQUE_CONFIDENT,single_candidate_with_margin,0.996742046365542,96.8730466488168,95.8763046024512,1.01531799445054,1.1775097320874,0,394,395
T,G002,Zin50,C,10,G002,"M=20,20,20,20,|T=0,0,0,0,|B=2,15,1,50;",1,0,0,105400011,205400011,1.01026910923814,1.15168743750101,9,G002,1,G002,1,1,0,0,1,1,0,0,0,UNIQUE_CONFIDENT,single_candidate_with_margin,0.925306346278206,88.8598138360543,87.9345074897761,0.956261184411893,1.1775097320874,0,398,399
T,G002,Zin50,C,10,G002,"M=20,20,20,20,|T=0,0,0,0,|B=2,15,1,50;",1,0,0,105400012,205400012,0.99825812471806,1.11950013278369,9,G002,1,G002,1,1,0,0,1,1,0,0,0,UNIQUE_CONFIDENT,single_candidate_with_margin,0.931470661002473,93.8450283723949,92.9135577113924,0.821114540249928,1.1775097320874,0,402,403
T,G002,Zin50,C,10,G002,"M=20,20,20,20,|T=0,0,0,0,|B=2,15,1,50;",1,0,0,105400013,205400013,1.00165737179159,1.12927354372355,9,G002,1,G002,1,1,0,0,1,1,0,0,0,UNIQUE_CONFIDENT,single_candidate_with_margin,0.99844209127764,92.6006792635686,91.602237172291,1.15512896951779,1.1775097320874,0,399,400
T,G002,Zin50,C,10,G002,"M=20,20,20,20,|T=0,0,0,0,|B=2,15,1,50;",1,0,0,105400014,205400014,0.990083169170078,1.00353206101926,9,G002,1,G002,1,1,0,0,1,1,0,0,0,UNIQUE_CONFIDENT,single_candidate_with_margin,0.836564596364808,97.8952126571535,97.0586480607887,1.03177065345971,1.1775097320874,0,398,399
T,G002,Zin50,C,10,G002,"M=20,20,20,20,|T=0,0,0,0,|B=2,15,1,50;",1,0,0,105400015,205400015,1.01635665403406,0.833533712937551,9,G002,1,G002,1,1,0,0,1,1,0,0,0,UNIQUE_CONFIDENT,single_candidate_with_margin,0.91302849105478,94.1812031089298,93.268174617875,0.862434481000307,1.1775097320874,0,406,407
T,G002,Zin50,C,10,G002,"M=20,20,20,20,|T=0,0,0,0,|B=2,15,1,50;",1,0,0,105400016,205400016,0.994530949393583,1.05256128117921,9,G002,1,G002,1,1,0,0,1,1,0,0,0,UNIQUE_CONFIDENT,single_candidate_with_margin,0.902622155424269,96.5588080812593,95.6561859258351,1.04767753214246,1.1775097320874,0,399,400
T,G002,Zin50,C,10,G002,"M=20,20,20,20,|T=0,0,0,0,|B=2,15,1,50;",1,0,0,105400017,205400017,1.01257670675115,0.92731223711962,9,G002,1,G002,1,1,0,0,1,1,0,0,0,UNIQUE_CONFIDENT,single_candidate_with_margin,0.957045856004493,93.4102973231976,92.4532514671931,1.14218456681239,1.1775097320874,0,399,400
T,G002,Zin50,C,10,G002,"M=20,20,20,20,|T=0,0,0,0,|B=2,15,1,50;",1,0,0,105400018,205400018,0.999010536264076,0.900253168627296,9,G002,1,G002,1,1,0,0,1,1,0,0,0,UNIQUE_CONFIDENT,single_candidate_with_margin,1.01194331336811,100.825900068089,99.8139567547207,0.970075546350889,1.1775097320874,0,383,384
T,G002,Zin50,C,10,G002,"M=20,20,20,20,|T=0,0,0,0,|B=2,15,1,50;",1,0,0,105400019,205400019,1.00486737189444,0.891703844372564,9,G002,1,G002,1,1,0,0,1,1,0,0,0,UNIQUE_CONFIDENT,single_candidate_with_margin,0.90687215203961,98.7492115295941,97.8423393775545,1.00372600731026,1.1775097320874,0,377,378
T,G002,Zin50,C,10,G002,"M=20,20,20,20,|T=0,0,0,0,|B=2,15,1,50;",1,0,0,105400020,205400020,0.999926376274403,1.11157479821043,9,G002,1,G002,1,1,0,0,1,1,0,0,0,UNIQUE_CONFIDENT,single_candidate_with_margin,0.969529863777786,93.5695937803876,92.6000639166098,0.940439040369182,1.1775097320874,0,398,399
T,G002,Zin50,C,10,G002,"M=20,20,20,20,|T=0,0,0,0,|B=2,15,1,50;",1,0,0,105400021,205400021,1.00155510303813,1.16081095140684,9,G002,1,G002,1,1,0,0,1,1,0,0,0,UNIQUE_CONFIDENT,single_candidate_with_margin,1.09363434614454,92.0890626252186,90.995428279074,0.903780893974836,1.1775097320874,0,394,395
T,G002,Zin50,C,10,G002,"M=20,20,20,20,|T=0,0,0,0,|B=2,15,1,50;",1,0,0,105400022,205400022,1.00009971427878,1.1210120172267,9,G002,1,G002,1,1,0,0,1,1,0,0,0,UNIQUE_CONFIDENT,single_candidate_with_margin,0.962183045199226,93.3656669627425,92.4034839175432,0.778701291503929,1.1775097320874,0,398,399
T,G002,Zin50,C,10,G002,"M=20,20,20,20,|T=0,0,0,0,|B=2,15,1,50;",1,0,0,105400023,205400023,1.00893247828377,0.918668766356156,9,G002,1,G002,1,1,0,0,1,1,0,0,0,UNIQUE_CONFIDENT,single_candidate_with_margin,1.0163162970069,95.6473754646523,94.6310591676454,1.12875046130204,1.1775097320874,0,375,376
T,G002,Zin50,C,10,G002,"M=20,20,20,20,|T=0,0,0,0,|B=2,15,1,50;",1,0,0,105400024,205400024,0.986163157171187,0.948877070081858,9,G002,1,G002,1,1,0,0,1,1,0,0,0,UNIQUE_CONFIDENT,single_candidate_with_margin,1.01407401435776,99.1255098848661,98.1114358705084,0.888634501751515,1.1775097320874,0,390,391
T,G002,Zin50,C,10,G002,"M=20,20,20,20,|T=0,0,0,0,|B=2,15,1,50;",1,0,0,105400025,205400025,0.98103170841172,0.982238888652272,9,G002,1,G002,1,1,0,0,1,1,0,0,0,UNIQUE_CONFIDENT,single_candidate_with_margin,0.793400819245847,96.3980927724724,95.6046919532265,1.12113704390811,1.1775097320874,0,414,415
T,G002,Zin50,C,10,G002,"M=20,20,20,20,|T=0,0,0,0,|B=2,15,1,50;",1,0,0,105400026,205400026,0.995361075424797,0.918983648620051,9,G002,1,G002,1,1,0,0,1,1,0,0,0,UNIQUE_CONFIDENT,single_candidate_with_margin,0.828901800707821,100.84180978663,100.012907985922,0.952892774675629,1.1775097320874,0,394,395
T,G002,Zin50,C,10,G002,"M=20,20,20,20,|T=0,0,0,0,|B=2,15,1,50;",1,0,0,105400027,205400027,1.00145814455828,1.03716497166477,9,G002,1,G002,1,1,0,0,1,1,0,0,0,UNIQUE_CONFIDENT,single_candidate_with_margin,0.980755247953748,95.3046577320081,94.3239024840543,0.904416332102378,1.1775097320874,0,396,397
T,G002,Zin50,C,10,G002,"M=20,20,20,20,|T=0,0,0,0,|B=2,15,1,50;",1,0,0,105400028,205400028,0.995030185890738,0.886923809965309,9,G002,1,G002,1,1,0,0,1,1,0,0,0,UNIQUE_CONFIDENT,single_candidate_with_margin,0.869602862268628,102.12428077543,101.254677913161,0.958775388558878,1.1775097320874,0,379,380
T,G002,Zin50,C,10,G002,"M=20,20,20,20,|T=0,0,0,0,|B=2,15,1,50;",1,0,0,105400029,205400029,1.01065333155543,1.08767062661294,9,G002,1,G002,1,1,0,0,1,1,0,0,0,UNIQUE_CONFIDENT,single_candidate_with_margin,1.00506522968358,90.1040546707083,89.0989894410247,1.0438522716787,1.1775097320874,0,402,403
T,G002,Zin50,C,10,G002,"M=20,20,20,20,|T=0,0,0,0,|B=2,15,1,50;",1,0,0,105400030,205400030,0.991334363532446,1.15449990034747,9,G002,1,G002,1,1,0,0,1,1,0,0,0,UNIQUE_CONFIDENT,single_candidate_with_margin,1.03512504093316,93.3785992395864,92.3434741986533,1.09769706548963,1.1775097320874,0,394,395
T,G003,Zin50,C,10,G003,"M=20,20,20,20,|T=0,0,0,0,|B=1,15,1,50;",1,0,0,105700001,205700001,1.01144517178094,0.853872007049638,9,G003,1,G003,1,1,0,0,1,1,0,0,0,UNIQUE_CONFIDENT,single_candidate_with_margin,1.02140071471266,149.390210655161,148.368809940449,1.01120851407034,1.1775097320874,0,434,435
T,G003,Zin50,C,10,G003,"M=20,20,20,20,|T=0,0,0,0,|B=1,15,1,50;",1,0,0,105700002,205700002,0.995081677834189,0.981352101817711,9,G003,1,G003,1,1,0,0,1,1,0,0,0,UNIQUE_CONFIDENT,single_candidate_with_margin,0.996098153758046,157.236717863276,156.240619709518,0.962865027808504,1.1775097320874,0,454,455
T,G003,Zin50,C,10,G003,"M=20,20,20,20,|T=0,0,0,0,|B=1,15,1,50;",1,0,0,105700003,205700003,1.01459944367066,1.14553208203152,9,G003,1,G003,1,1,0,0,1,1,0,0,0,UNIQUE_CONFIDENT,single_candidate_with_margin,0.855775419217221,135.041160162158,134.185384742941,1.09468597820609,1.1775097320874,0,428,429
T,G003,Zin50,C,10,G003,"M=20,20,20,20,|T=0,0,0,0,|B=1,15,1,50;",1,0,0,105700004,205700004,0.993273305094451,0.801469904158351,9,G003,1,G003,1,1,0,0,1,1,0,0,0,UNIQUE_CONFIDENT,single_candidate_with_margin,1.04147497321122,171.349808276576,170.308333303364,1.03216397776004,1.1775097320874,0,445,446
T,G003,Zin50,C,10,G003,"M=20,20,20,20,|T=0,0,0,0,|B=1,15,1,50;",1,0,0,105700005,205700005,0.989420189537726,0.819584792058597,9,G003,1,G003,1,1,0,0,1,1,0,0,0,UNIQUE_CONFIDENT,single_candidate_with_margin,1.21195961899974,173.871817634873,172.659858015873,0.801255839360632,1.1775097320874,0,445,446
T,G003,Zin50,C,10,G003,"M=20,20,20,20,|T=0,0,0,0,|B=1,15,1,50;",1,0,0,105700006,205700006,0.986837527188678,0.858049493033661,9,G003,1,G003,1,1,0,0,1,1,0,0,0,UNIQUE_CONFIDENT,single_candidate_with_margin,1.06639847329565,172.851699620916,171.78530114762,0.981312339774016,1.1775097320874,0,439,440
T,G003,Zin50,C,10,G003,"M=20,20,20,20,|T=0,0,0,0,|B=1,15,1,50;",1,0,0,105700007,205700007,1.00826763107419,1.16195083755481,9,G003,1,G003,1,1,0,0,1,1,0,0,0,UNIQUE_CONFIDENT,single_candidate_with_margin,1.12245336515775,138.562161154813,137.439707789656,1.12470221995996,1.1775097320874,0,446,447
T,G003,Zin50,C,10,G003,"M=20,20,20,20,|T=0,0,0,0,|B=1,15,1,50;",1,0,0,105700008,205700008,1.00974446155434,0.948449162011886,9,G003,1,G003,1,1,0,0,1,1,0,0,0,UNIQUE_CONFIDENT,single_candidate_with_margin,0.972055420457646,145.965288608441,144.993233187984,1.09111840752576,1.1775097320874,0,447,448
T,G003,Zin50,C,10,G003,"M=20,20,20,20,|T=0,0,0,0,|B=1,15,1,50;",1,0,0,105700009,205700009,0.982928465485157,0.944814625457763,9,G003,1,G003,1,1,0,0,1,1,0,0,0,UNIQUE_CONFIDENT,single_candidate_with_margin,0.965511135828799,169.056029750756,168.090518614927,1.02896044396241,1.1775097320874,0,459,460
T,G003,Zin50,C,10,G003,"M=20,20,20,20,|T=0,0,0,0,|B=1,15,1,50;",1,0,0,105700010,205700010,1.01122653890421,0.874359839164597,9,G003,1,G003,1,1,0,0,1,1,0,0,0,UNIQUE_CONFIDENT,single_candidate_with_margin,1.18843389239704,148.583995826244,147.395561933847,0.802468674046115,1.1775097320874,0,433,434
T,G003,Zin50,C,10,G003,"M=20,20,20,20,|T=0,0,0,0,|B=1,15,1,50;",1,0,0,105700011,205700011,0.99246311312411,1.16670262456046,9,G003,1,G003,1,1,0,0,1,1,0,0,0,UNIQUE_CONFIDENT,single_candidate_with_margin,0.999271595894152,150.019667245725,149.020395649831,1.04321116276145,1.1775097320874,0,459,460
T,G003,Zin50,C,10,G003,"M=20,20,20,20,|T=0,0,0,0,|B=1,15,1,50;",1,0,0,105700012,205700012,0.981142113667719,0.869786333627192,9,G003,1,G003,1,1,0,0,1,1,0,0,0,UNIQUE_CONFIDENT,single_candidate_with_margin,0.977744526759388,175.881004416021,174.903259889262,1.12320653587093,1.1775097320874,0,445,446
T,G003,Zin50,C,10,G003,"M=20,20,20,20,|T=0,0,0,0,|B=1,15,1,50;",1,0,0,105700013,205700013,1.00359305715404,1.11783872594022,9,G003,1,G003,1,1,0,0,1,1,0,0,0,UNIQUE_CONFIDENT,single_candidate_with_margin,1.05538413060272,143.770284173236,142.714900042633,1.09356640298062,1.1775097320874,0,471,472
T,G003,Zin50,C,10,G003,"M=20,20,20,20,|T=0,0,0,0,|B=1,15,1,50;",1,0,0,105700014,205700014,0.982323821987418,1.02431898977891,9,G003,1,G003,1,1,0,0,1,0,0,0,0,REJECTED,fit_quality_gate,0.977720654134718,163.854410866663,162.876690212528,1.2518825846317,1.1775097320874,0,466,467
T,G003,Zin50,C,10,G003,"M=20,20,20,20,|T=0,0,0,0,|B=1,15,1,50;",1,0,0,105700015,205700015,0.99723931763177,1.15585149516801,9,G003,1,G003,1,1,0,0,1,1,0,0,0,UNIQUE_CONFIDENT,single_candidate_with_margin,1.04151975775658,146.814955727841,145.773435970085,1.09036338609375,1.1775097320874,0,452,453
T,G003,Zin50,C,10,G003,"M=20,20,20,20,|T=0,0,0,0,|B=1,15,1,50;",1,0,0,105700016,205700016,1.01379644820526,0.81686035080424,9,G003,1,G003,1,1,0,0,1,1,0,0,0,UNIQUE_CONFIDENT,single_candidate_with_margin,1.08885179733094,149.035717884108,147.946866086777,1.00581916486245,1.1775097320874,0,435,436
T,G003,Zin50,C,10,G003,"M=20,20,20,20,|T=0,0,0,0,|B=1,15,1,50;",1,0,0,105700017,205700017,0.994804279903456,0.851580270263097,9,G003,1,G003,1,1,0,0,1,1,0,0,0,UNIQUE_CONFIDENT,single_candidate_with_margin,1.0800178964181,166.107181553032,165.027163656614,1.16247550469476,1.1775097320874,0,434,435
T,G003,Zin50,C,10,G003,"M=20,20,20,20,|T=0,0,0,0,|B=1,15,1,50;",1,0,0,105700018,205700018,1.00231055799652,0.996108424772102,9,G003,1,G003,1,1,0,0,1,1,0,0,0,UNIQUE_CONFIDENT,single_candidate_with_margin,0.826499055219144,150.088510835646,149.262011780427,0.960021459100882,1.1775097320874,0,471,472
T,G003,Zin50,C,10,G003,"M=20,20,20,20,|T=0,0,0,0,|B=1,15,1,50;",1,0,0,105700019,205700019,0.990782888873091,0.909583884262962,9,G003,1,G003,1,1,0,0,1,1,0,0,0,UNIQUE_CONFIDENT,single_candidate_with_margin,0.944440232213715,165.571624188878,164.627183956664,1.10753635305408,1.1775097320874,0,444,445
T,G003,Zin50,C,10,G003,"M=20,20,20,20,|T=0,0,0,0,|B=1,15,1,50;",1,0,0,105700020,205700020,0.986680539576807,0.897262510829887,9,G003,1,G003,1,1,0,0,1,1,0,0,0,UNIQUE_CONFIDENT,single_candidate_with_margin,0.993266818488729,169.985452811269,168.992185992781,1.05208234969929,1.1775097320874,0,436,437
T,G003,Zin50,C,10,G003,"M=20,20,20,20,|T=0,0,0,0,|B=1,15,1,50;",1,0,0,105700021,205700021,1.01216264539775,0.950523385488781,9,G003,1,G003,1,1,0,0,1,1,0,0,0,UNIQUE_CONFIDENT,single_candidate_with_margin,1.05701396958428,143.880167258095,142.823153288511,1.15115933856513,1.1775097320874,0,451,452
T,G003,Zin50,C,10,G003,"M=20,20,20,20,|T=0,0,0,0,|B=1,15,1,50;",1,0,0,105700022,205700022,1.00067358318077,1.04497302226515,9,G003,1,G003,1,1,0,0,1,1,0,0,0,UNIQUE_CONFIDENT,single_candidate_with_margin,1.08566749163504,149.162991100616,148.077323608981,1.10556247389786,1.1775097320874,0,471,472
T,G003,Zin50,C,10,G003,"M=20,20,20,20,|T=0,0,0,0,|B=1,15,1,50;",1,0,0,105700023,205700023,1.00260117995872,0.844326661931549,9,G003,1,G003,1,1,0,0,1,1,0,0,0,UNIQUE_CONFIDENT,single_candidate_with_margin,0.969217362560932,158.594133144076,157.624915781515,1.01659278422482,1.1775097320874,0,460,461
T,G003,Zin50,C,10,G003,"M=20,20,20,20,|T=0,0,0,0,|B=1,15,1,50;",1,0,0,105700024,205700024,1.00337218504616,1.15985128116423,9,G003,1,G003,1,1,0,0,1,1,0,0,0,UNIQUE_CONFIDENT,single_candidate_with_margin,1.03442855010633,142.353100945825,141.318672395719,0.805335269895609,1.1775097320874,0,471,472
T,G003,Zin50,C,10,G003,"M=20,20,20,20,|T=0,0,0,0,|B=1,15,1,50;",1,0,0,105700025,205700025,0.991291076067874,0.83865565228431,9,G003,1,G003,1,1,0,0,1,1,0,0,0,UNIQUE_CONFIDENT,single_candidate_with_margin,0.996885619174323,170.37713594722,169.380250328046,0.935386781892653,1.1775097320874,0,447,448
T,G003,Zin50,C,10,G003,"M=20,20,20,20,|T=0,0,0,0,|B=1,15,1,50;",1,0,0,105700026,205700026,1.01965510541456,1.01472488027112,9,G003,1,G003,1,1,0,0,1,1,0,0,0,UNIQUE_CONFIDENT,single_candidate_with_margin,1.05933914444835,135.97775374083,134.918414596382,1.07475027544343,1.1775097320874,0,423,424
T,G003,Zin50,C,10,G003,"M=20,20,20,20,|T=0,0,0,0,|B=1,15,1,50;",1,0,0,105700027,205700027,0.984311330951372,0.863439470439971,9,G003,1,G003,1,1,0,0,1,1,0,0,0,UNIQUE_CONFIDENT,single_candidate_with_margin,1.06113155897849,174.360503623317,173.299372064339,1.04715815439146,1.1775097320874,0,444,445
T,G003,Zin50,C,10,G003,"M=20,20,20,20,|T=0,0,0,0,|B=1,15,1,50;",1,0,0,105700028,205700028,0.995106195653686,1.17584429678178,9,G003,1,G003,1,1,0,0,1,1,0,0,0,UNIQUE_CONFIDENT,single_candidate_with_margin,1.03829083770307,147.610210168585,146.571919330882,0.93577341319824,1.1775097320874,0,455,456
T,G003,Zin50,C,10,G003,"M=20,20,20,20,|T=0,0,0,0,|B=1,15,1,50;",1,0,0,105700029,205700029,0.980593198197819,0.941342777816938,9,G003,1,G003,1,1,0,0,1,1,0,0,0,UNIQUE_CONFIDENT,single_candidate_with_margin,0.954569746301973,170.66375478802,169.709185041719,0.947835973803255,1.1775097320874,0,460,461
T,G003,Zin50,C,10,G003,"M=20,20,20,20,|T=0,0,0,0,|B=1,15,1,50;",1,0,0,105700030,205700030,1.01596323299145,0.966851740050909,9,G003,1,G003,1,1,0,0,1,1,0,0,0,UNIQUE_CONFIDENT,single_candidate_with_margin,0.894250031816869,140.235961623915,139.341711592098,1.16681872186704,1.1775097320874,0,445,446
T,MIRROR_M3,Zin50,C,10,MIRROR_M3,"M=20,20,20,20,|T=0,0,0,0,|B=3,15,1,50;",0,1,0,105200001,205200001,0.990602089708171,1.02312293019026,9,MIRROR_M3,1,MIRROR_M3,1,1,1,0,0,1,0,1,0,UNIQUE_CONFIDENT,single_candidate_with_margin,1.03027554260701,88.497564201004,87.467288658397,0.940609713992473,1.1775097320874,0,400,401
T,MIRROR_M3,Zin50,C,10,MIRROR_M3,"M=20,20,20,20,|T=0,0,0,0,|B=3,15,1,50;",0,1,0,105200002,205200002,1.00661709810197,1.09250379221571,9,MIRROR_M3,1,MIRROR_M3,1,1,1,0,0,1,0,1,0,UNIQUE_CONFIDENT,single_candidate_with_margin,0.983349506430439,94.0582432186171,93.0748937121867,0.938424344998869,1.1775097320874,0,365,366
T,MIRROR_M3,Zin50,C,10,MIRROR_M3,"M=20,20,20,20,|T=0,0,0,0,|B=3,15,1,50;",0,1,0,105200003,205200003,1.00528282943656,0.875356005603208,9,MIRROR_M3,1,MIRROR_M3,1,1,1,0,0,1,0,1,0,UNIQUE_CONFIDENT,single_candidate_with_margin,0.947560831626649,98.2281156218923,97.2805547902656,1.02653450283314,1.1775097320874,0,368,369
T,MIRROR_M3,Zin50,C,10,MIRROR_M3,"M=20,20,20,20,|T=0,0,0,0,|B=3,15,1,50;",0,1,0,105200004,205200004,0.998067802579959,1.11567831017171,9,MIRROR_M3,1,MIRROR_M3,1,1,1,0,0,1,0,1,0,UNIQUE_CONFIDENT,single_candidate_with_margin,0.975292854968158,89.0052223740103,88.0299295190421,0.937954431253243,1.1775097320874,0,377,378
T,MIRROR_M3,Zin50,C,10,MIRROR_M3,"M=20,20,20,20,|T=0,0,0,0,|B=3,15,1,50;",0,1,0,105200005,205200005,0.985043530753588,1.18906965262747,9,MIRROR_M3,1,MIRROR_M3,1,1,1,0,0,1,0,1,0,UNIQUE_CONFIDENT,single_candidate_with_margin,0.974883468644884,87.1150609122545,86.1401774436096,1.05433957244263,1.1775097320874,0,422,423
T,MIRROR_M3,Zin50,C,10,MIRROR_M3,"M=20,20,20,20,|T=0,0,0,0,|B=3,15,1,50;",0,1,0,105200006,205200006,1.01738055363803,1.07777866236323,9,MIRROR_M3,1,MIRROR_M3,1,1,1,0,0,1,0,1,0,UNIQUE_CONFIDENT,single_candidate_with_margin,1.04496640674892,99.9036100295243,98.8586436227754,0.826530748707198,1.1775097320874,0,397,398
T,MIRROR_M3,Zin50,C,10,MIRROR_M3,"M=20,20,20,20,|T=0,0,0,0,|B=3,15,1,50;",0,1,0,105200007,205200007,0.980308263179831,0.851869529806071,9,MIRROR_M3,1,MIRROR_M3,1,1,1,0,0,1,0,1,0,UNIQUE_CONFIDENT,single_candidate_with_margin,1.1095025905717,93.7175527016596,92.6080501110879,1.1388193139185,1.1775097320874,0,367,368
T,MIRROR_M3,Zin50,C,10,MIRROR_M3,"M=20,20,20,20,|T=0,0,0,0,|B=3,15,1,50;",0,1,0,105200008,205200008,1.00579127842795,0.901925522327693,9,MIRROR_M3,1,MIRROR_M3,1,1,1,0,0,1,0,1,0,UNIQUE_CONFIDENT,single_candidate_with_margin,1.0094118811395,97.851738417086,96.8423265359465,1.01738569352095,1.1775097320874,0,364,365
T,MIRROR_M3,Zin50,C,10,MIRROR_M3,"M=20,20,20,20,|T=0,0,0,0,|B=3,15,1,50;",0,1,0,105200009,205200009,1.0101271363512,1.00136235784276,9,MIRROR_M3,1,MIRROR_M3,1,1,1,0,0,1,0,1,0,UNIQUE_CONFIDENT,single_candidate_with_margin,0.884253645175777,98.164627985526,97.2803743403502,1.16665238737381,1.1775097320874,0,364,365
T,MIRROR_M3,Zin50,C,10,MIRROR_M3,"M=20,20,20,20,|T=0,0,0,0,|B=3,15,1,50;",0,1,0,105200010,205200010,0.990689397561957,1.11462960416909,9,MIRROR_M3,1,MIRROR_M3,1,1,1,0,0,1,0,1,0,UNIQUE_CONFIDENT,single_candidate_with_margin,0.954049684229499,87.1254264007565,86.171376716527,1.02149912077815,1.1775097320874,0,399,400
T,MIRROR_M3,Zin50,C,10,MIRROR_M3,"M=20,20,20,20,|T=0,0,0,0,|B=3,15,1,50;",0,1,0,105200011,205200011,1.00243469206895,0.867042439936585,9,MIRROR_M3,1,MIRROR_M3,1,1,1,0,0,1,0,1,0,UNIQUE_CONFIDENT,single_candidate_with_margin,0.995071740194546,96.2492857648619,95.2542140246673,0.926414921886563,1.1775097320874,0,376,377
T,MIRROR_M3,Zin50,C,10,MIRROR_M3,"M=20,20,20,20,|T=0,0,0,0,|B=3,15,1,50;",0,1,0,105200012,205200012,1.00339112978908,0.959895364946089,9,MIRROR_M3,1,MIRROR_M3,1,1,1,0,0,1,0,1,0,UNIQUE_CONFIDENT,single_candidate_with_margin,0.998674096261543,94.794227112551,93.7955530162895,0.934620927062472,1.1775097320874,0,372,373
T,MIRROR_M3,Zin50,C,10,MIRROR_M3,"M=20,20,20,20,|T=0,0,0,0,|B=3,15,1,50;",0,1,0,105200013,205200013,1.00602595746162,0.960404882650251,9,MIRROR_M3,1,MIRROR_M3,1,1,1,0,0,1,0,1,0,UNIQUE_CONFIDENT,single_candidate_with_margin,1.00592060242698,96.3194058141108,95.3134852116838,0.872696439701815,1.1775097320874,0,366,367
T,MIRROR_M3,Zin50,C,10,MIRROR_M3,"M=20,20,20,20,|T=0,0,0,0,|B=3,15,1,50;",0,1,0,105200014,205200014,1.00227183488619,0.928558278202523,9,MIRROR_M3,1,MIRROR_M3,1,1,1,0,0,1,0,1,0,UNIQUE_CONFIDENT,single_candidate_with_margin,1.11362642471884,94.5509470838363,93.4373206591174,0.822504864039624,1.1775097320874,0,380,381
T,MIRROR_M3,Zin50,C,10,MIRROR_M3,"M=20,20,20,20,|T=0,0,0,0,|B=3,15,1,50;",0,1,0,105200015,205200015,0.983283170894559,1.01896175758368,9,MIRROR_M3,1,MIRROR_M3,1,1,1,0,0,1,0,1,0,UNIQUE_CONFIDENT,single_candidate_with_margin,1.03264211745312,89.5937635863497,88.5611214688965,1.12751834475441,1.1775097320874,0,415,416
T,MIRROR_M3,Zin50,C,10,MIRROR_M3,"M=20,20,20,20,|T=0,0,0,0,|B=3,15,1,50;",0,1,0,105200016,205200016,0.984590167685205,0.816119563291562,9,MIRROR_M3,1,MIRROR_M3,1,1,1,0,0,1,0,1,0,UNIQUE_CONFIDENT,single_candidate_with_margin,1.0304584146189,92.6220750366473,91.5916166220284,1.0847168038641,1.1775097320874,0,375,376
T,MIRROR_M3,Zin50,C,10,MIRROR_M3,"M=20,20,20,20,|T=0,0,0,0,|B=3,15,1,50;",0,1,0,105200017,205200017,0.997987798643371,0.996519756560209,9,MIRROR_M3,1,MIRROR_M3,1,1,1,0,0,1,0,1,0,UNIQUE_CONFIDENT,single_candidate_with_margin,0.917560506704899,91.0082034493807,90.0906429426758,0.902652393246661,1.1775097320874,0,372,373
T,MIRROR_M3,Zin50,C,10,MIRROR_M3,"M=20,20,20,20,|T=0,0,0,0,|B=3,15,1,50;",0,1,0,105200018,205200018,0.995851042253135,1.1461746807372,9,MIRROR_M3,1,MIRROR_M3,1,1,1,0,0,1,0,1,0,UNIQUE_CONFIDENT,single_candidate_with_margin,1.04952003984721,87.6815492804676,86.6320292406204,1.12557858573756,1.1775097320874,0,374,375
T,MIRROR_M3,Zin50,C,10,MIRROR_M3,"M=20,20,20,20,|T=0,0,0,0,|B=3,15,1,50;",0,1,0,105200019,205200019,1.01903888425568,1.09960008944439,9,MIRROR_M3,1,MIRROR_M3,1,1,1,0,0,1,0,1,0,UNIQUE_CONFIDENT,single_candidate_with_margin,1.04151061216706,99.9056274339434,98.8641168217763,1.09398488399089,1.1775097320874,0,391,392
T,MIRROR_M3,Zin50,C,10,MIRROR_M3,"M=20,20,20,20,|T=0,0,0,0,|B=3,15,1,50;",0,1,0,105200020,205200020,0.989572966585399,0.853505399180987,9,MIRROR_M3,1,MIRROR_M3,1,1,1,0,0,1,0,1,0,UNIQUE_CONFIDENT,single_candidate_with_margin,0.998655451513916,90.9346702940852,89.9360148425713,0.846996333785799,1.1775097320874,0,382,383
T,MIRROR_M3,Zin50,C,10,MIRROR_M3,"M=20,20,20,20,|T=0,0,0,0,|B=3,15,1,50;",0,1,0,105200021,205200021,0.995956040128706,0.870896826691978,9,MIRROR_M3,1,MIRROR_M3,1,1,1,0,0,1,0,1,0,UNIQUE_CONFIDENT,single_candidate_with_margin,0.831583603618459,92.3070996538202,91.4755160502018,0.983240955480556,1.1775097320874,0,367,368
T,MIRROR_M3,Zin50,C,10,MIRROR_M3,"M=20,20,20,20,|T=0,0,0,0,|B=3,15,1,50;",0,1,0,105200022,205200022,1.01460165414734,0.973429056949395,9,MIRROR_M3,1,MIRROR_M3,1,1,1,0,0,1,0,1,0,UNIQUE_CONFIDENT,single_candidate_with_margin,0.988446629976289,101.505073133324,100.516626503348,0.863245426708734,1.1775097320874,0,377,378
T,MIRROR_M3,Zin50,C,10,MIRROR_M3,"M=20,20,20,20,|T=0,0,0,0,|B=3,15,1,50;",0,1,0,105200023,205200023,1.00769178728562,0.861637069284012,9,MIRROR_M3,1,MIRROR_M3,1,1,1,0,0,1,0,1,0,UNIQUE_CONFIDENT,single_candidate_with_margin,1.00451107779236,100.131919875233,99.127408797441,0.894949532161171,1.1775097320874,0,367,368
T,MIRROR_M3,Zin50,C,10,MIRROR_M3,"M=20,20,20,20,|T=0,0,0,0,|B=3,15,1,50;",0,1,0,105200024,205200024,1.01704267893447,0.901242310526244,9,MIRROR_M3,1,MIRROR_M3,1,1,1,0,0,1,0,1,0,UNIQUE_CONFIDENT,single_candidate_with_margin,1.04259686343849,105.093146298509,104.05054943507,1.01501530310255,1.1775097320874,0,370,371
T,MIRROR_M3,Zin50,C,10,MIRROR_M3,"M=20,20,20,20,|T=0,0,0,0,|B=3,15,1,50;",0,1,0,105200025,205200025,1.0054146113951,1.04749738838441,9,MIRROR_M3,1,MIRROR_M3,1,1,1,0,0,0,0,1,0,REJECTED,fit_quality_gate,1.01174137437882,93.9858156350263,92.9740742606475,1.22470626261759,1.1775097320874,0,369,370
T,MIRROR_M3,Zin50,C,10,MIRROR_M3,"M=20,20,20,20,|T=0,0,0,0,|B=3,15,1,50;",0,1,0,105200026,205200026,0.999067251311118,0.884259265019338,9,MIRROR_M3,1,MIRROR_M3,1,1,1,0,0,1,0,1,0,UNIQUE_CONFIDENT,single_candidate_with_margin,1.11847945371126,93.5116154747197,92.3931360210084,1.05445403382505,1.1775097320874,0,377,378
T,MIRROR_M3,Zin50,C,10,MIRROR_M3,"M=20,20,20,20,|T=0,0,0,0,|B=3,15,1,50;",0,1,0,105200027,205200027,1.01246364388345,0.995938484438419,9,MIRROR_M3,1,MIRROR_M3,1,1,1,0,0,1,0,1,0,UNIQUE_CONFIDENT,single_candidate_with_margin,0.890753283590701,99.8544037278022,98.9636504442115,0.709486336567358,1.1775097320874,0,373,374
T,MIRROR_M3,Zin50,C,10,MIRROR_M3,"M=20,20,20,20,|T=0,0,0,0,|B=3,15,1,50;",0,1,0,105200028,205200028,1.01048404302311,0.983953188981461,9,MIRROR_M3,1,MIRROR_M3,1,1,1,0,0,1,0,1,0,UNIQUE_CONFIDENT,single_candidate_with_margin,0.913190951039173,98.7564693372715,97.8432783862323,0.862536301520827,1.1775097320874,0,368,369
T,MIRROR_M3,Zin50,C,10,MIRROR_M3,"M=20,20,20,20,|T=0,0,0,0,|B=3,15,1,50;",0,1,0,105200029,205200029,1.0072060618537,0.988998375808724,9,MIRROR_M3,1,MIRROR_M3,1,1,1,0,0,1,0,1,0,UNIQUE_CONFIDENT,single_candidate_with_margin,0.934628436417287,96.5397699769384,95.6051415405211,1.00370633249265,1.1775097320874,0,366,367
T,MIRROR_M3,Zin50,C,10,MIRROR_M3,"M=20,20,20,20,|T=0,0,0,0,|B=3,15,1,50;",0,1,0,105200030,205200030,0.998002313434965,0.820224555490033,9,MIRROR_M3,1,MIRROR_M3,1,1,1,0,0,1,0,1,0,UNIQUE_CONFIDENT,single_candidate_with_margin,1.06525943878032,94.7094267770802,93.6441673382998,1.10764656256617,1.1775097320874,0,374,375
T,ADD_M1_M3,Zin50,C,10,ADD_M1_M3,"M=20,20,20,20,|T=0,0,0,0,|B=1,15,1,50;3,15,1,50;",0,1,0,105800001,205800001,0.986937743345215,0.955783222192036,10,ADD_M1_M3,1,ADD_M1_M3,1,1,1,0,0,1,0,1,0,UNIQUE_CONFIDENT,single_candidate_with_margin,1.08213711270816,154.949814845836,153.867677733128,0.916917434415162,1.1775097320874,0,515,516
T,ADD_M1_M3,Zin50,C,10,ADD_M1_M3,"M=20,20,20,20,|T=0,0,0,0,|B=1,15,1,50;3,15,1,50;",0,1,0,105800002,205800002,0.99147673348504,0.85060317359973,10,ADD_M1_M3,1,ADD_M1_M3,1,1,1,0,0,1,0,1,0,UNIQUE_CONFIDENT,single_candidate_with_margin,1.05505575561139,159.238909108282,158.183853352671,0.964517661824299,1.1775097320874,0,520,521
T,ADD_M1_M3,Zin50,C,10,ADD_M1_M3,"M=20,20,20,20,|T=0,0,0,0,|B=1,15,1,50;3,15,1,50;",0,1,0,105800003,205800003,0.983069592519081,1.05223496406954,10,ADD_M1_M3,1,ADD_M1_M3,1,1,1,0,0,1,0,1,0,UNIQUE_CONFIDENT,single_candidate_with_margin,0.873578350601769,152.197676879606,151.324098529004,1.05159294028397,1.1775097320874,0,517,518
T,ADD_M1_M3,Zin50,C,10,ADD_M1_M3,"M=20,20,20,20,|T=0,0,0,0,|B=1,15,1,50;3,15,1,50;",0,1,0,105800004,205800004,1.00949324245763,1.006343042994,10,ADD_M1_M3,1,ADD_M1_M3,1,1,1,0,0,1,0,1,0,UNIQUE_CONFIDENT,single_candidate_with_margin,1.00217147394546,159.251818380689,158.249646906743,0.747505972640281,1.1775097320874,0,494,495
T,ADD_M1_M3,Zin50,C,10,ADD_M1_M3,"M=20,20,20,20,|T=0,0,0,0,|B=1,15,1,50;3,15,1,50;",0,1,0,105800005,205800005,1.0065382639362,0.948210074009224,10,ADD_M1_M3,1,ADD_M1_M3,1,1,1,0,0,1,0,1,0,UNIQUE_CONFIDENT,single_candidate_with_margin,0.939249211814459,160.994808000983,160.055558789169,0.885370475131271,1.1775097320874,0,519,520
T,ADD_M1_M3,Zin50,C,10,ADD_M1_M3,"M=20,20,20,20,|T=0,0,0,0,|B=1,15,1,50;3,15,1,50;",0,1,0,105800006,205800006,1.00397705099247,1.03901044569493,10,ADD_M1_M3,1,ADD_M1_M3,1,1,1,0,0,1,0,1,0,UNIQUE_CONFIDENT,single_candidate_with_margin,1.08897304245591,156.199702081585,155.110729039129,1.01989984254042,1.1775097320874,0,521,522
T,ADD_M1_M3,Zin50,C,10,ADD_M1_M3,"M=20,20,20,20,|T=0,0,0,0,|B=1,15,1,50;3,15,1,50;",0,1,0,105800007,205800007,0.987238067761716,1.17865536619843,10,ADD_M1_M3,1,ADD_M1_M3,1,1,1,0,0,1,0,1,0,UNIQUE_CONFIDENT,single_candidate_with_margin,1.03555710791417,148.962169817002,147.926612709088,1.14964150913459,1.1775097320874,0,518,519
T,ADD_M1_M3,Zin50,C,10,ADD_M1_M3,"M=20,20,20,20,|T=0,0,0,0,|B=1,15,1,50;3,15,1,50;",0,1,0,105800008,205800008,1.00784466204419,1.02375947434403,10,ADD_M1_M3,1,ADD_M1_M3,1,1,1,0,0,0,0,1,0,REJECTED,fit_quality_gate,0.993427038624388,158.113367181851,157.119940143227,1.19132862177215,1.1775097320874,0,503,504
T,ADD_M1_M3,Zin50,C,10,ADD_M1_M3,"M=20,20,20,20,|T=0,0,0,0,|B=1,15,1,50;3,15,1,50;",0,1,0,105800009,205800009,1.01891550775091,1.1187269356926,10,ADD_M1_M3,1,ADD_M1_M3,1,1,1,0,0,1,0,1,0,UNIQUE_CONFIDENT,single_candidate_with_margin,1.11543060176298,154.901657240218,153.786226638455,0.937738947024299,1.1775097320874,0,467,468
T,ADD_M1_M3,Zin50,C,10,ADD_M1_M3,"M=20,20,20,20,|T=0,0,0,0,|B=1,15,1,50;3,15,1,50;",0,1,0,105800010,205800010,1.0007657962507,0.919468351510511,10,ADD_M1_M3,1,ADD_M1_M3,1,1,1,0,0,1,0,1,0,UNIQUE_CONFIDENT,single_candidate_with_margin,0.934813600812819,159.529740556702,158.594926955889,1.06739054200933,1.1775097320874,0,523,524
T,ADD_M1_M3,Zin50,C,10,ADD_M1_M3,"M=20,20,20,20,|T=0,0,0,0,|B=1,15,1,50;3,15,1,50;",0,1,0,105800011,205800011,0.98033037567544,1.15710062818387,10,ADD_M1_M3,1,ADD_M1_M3,1,1,1,0,0,1,0,1,0,UNIQUE_CONFIDENT,single_candidate_with_margin,0.865471756948023,149.96494234073,149.099470583782,0.825327700744316,1.1775097320874,0,521,522
T,ADD_M1_M3,Zin50,C,10,ADD_M1_M3,"M=20,20,20,20,|T=0,0,0,0,|B=1,15,1,50;3,15,1,50;",0,1,0,105800012,205800012,1.0030457230926,0.926009285551028,10,ADD_M1_M3,1,ADD_M1_M3,1,1,1,0,0,1,0,1,0,UNIQUE_CONFIDENT,single_candidate_with_margin,1.12568714806177,160.284312286224,159.158625138163,1.0552906178774,1.1775097320874,0,521,522
T,ADD_M1_M3,Zin50,C,10,ADD_M1_M3,"M=20,20,20,20,|T=0,0,0,0,|B=1,15,1,50;3,15,1,50;",0,1,0,105800013,205800013,1.00702687275534,0.964939500622113,10,ADD_M1_M3,1,ADD_M1_M3,1,1,1,0,0,1,0,1,0,UNIQUE_CONFIDENT,single_candidate_with_margin,1.08525869871439,160.461561917335,159.376303218621,1.10543063113547,1.1775097320874,0,521,522
T,ADD_M1_M3,Zin50,C,10,ADD_M1_M3,"M=20,20,20,20,|T=0,0,0,0,|B=1,15,1,50;3,15,1,50;",0,1,0,105800014,205800014,0.984516870590872,1.07849656397657,10,ADD_M1_M3,1,ADD_M1_M3,1,1,1,0,0,1,0,1,0,UNIQUE_CONFIDENT,single_candidate_with_margin,0.925797581547606,151.425592680239,150.499795098691,0.981626902719831,1.1775097320874,0,521,522
T,ADD_M1_M3,Zin50,C,10,ADD_M1_M3,"M=20,20,20,20,|T=0,0,0,0,|B=1,15,1,50;3,15,1,50;",0,1,0,105800015,205800015,1.00077539383204,0.948744719806501,10,ADD_M1_M3,1,ADD_M1_M3,1,1,1,0,0,1,0,1,0,UNIQUE_CONFIDENT,single_candidate_with_margin,0.87590859212552,158.218062554733,157.342153962608,1.15963981844355,1.1775097320874,0,521,522
T,ADD_M1_M3,Zin50,C,10,ADD_M1_M3,"M=20,20,20,20,|T=0,0,0,0,|B=1,15,1,50;3,15,1,50;",0,1,0,105800016,205800016,1.00230361389505,1.01161522815799,10,ADD_M1_M3,1,ADD_M1_M3,1,1,1,0,0,1,0,1,0,UNIQUE_CONFIDENT,single_candidate_with_margin,1.04877835040926,156.775801863793,155.727023513383,0.984401296255615,1.1775097320874,0,523,524
T,ADD_M1_M3,Zin50,C,10,ADD_M1_M3,"M=20,20,20,20,|T=0,0,0,0,|B=1,15,1,50;3,15,1,50;",0,1,0,105800017,205800017,1.00766822209458,1.11520690636536,10,ADD_M1_M3,1,ADD_M1_M3,1,1,1,0,0,1,0,1,0,UNIQUE_CONFIDENT,single_candidate_with_margin,1.11291606928309,154.762455341316,153.649539272033,1.06610210483782,1.1775097320874,0,501,502
T,ADD_M1_M3,Zin50,C,10,ADD_M1_M3,"M=20,20,20,20,|T=0,0,0,0,|B=1,15,1,50;3,15,1,50;",0,1,0,105800018,205800018,1.01289290723208,0.923383520200282,10,ADD_M1_M3,1,ADD_M1_M3,1,1,1,0,0,1,0,1,0,UNIQUE_CONFIDENT,single_candidate_with_margin,0.88599186693069,164.168350971207,163.282359104276,1.06106632398957,1.1775097320874,0,474,475
T,ADD_M1_M3,Zin50,C,10,ADD_M1_M3,"M=20,20,20,20,|T=0,0,0,0,|B=1,15,1,50;3,15,1,50;",0,1,0,105800019,205800019,0.986781719755656,1.07738661455186,10,ADD_M1_M3,1,ADD_M1_M3,1,1,1,0,0,1,0,1,0,UNIQUE_CONFIDENT,single_candidate_with_margin,0.872916551174258,151.249117237902,150.376200686728,1.06121876910427,1.1775097320874,0,515,516
T,ADD_M1_M3,Zin50,C,10,ADD_M1_M3,"M=20,20,20,20,|T=0,0,0,0,|B=1,15,1,50;3,15,1,50;",0,1,0,105800020,205800020,0.985002178872141,1.13429941882391,10,ADD_M1_M3,1,ADD_M1_M3,1,1,1,0,0,1,0,1,0,UNIQUE_CONFIDENT,single_candidate_with_margin,0.953709764999977,149.936082041876,148.982372276876,0.986252889869322,1.1775097320874,0,520,521
T,ADD_M1_M3,Zin50,C,10,ADD_M1_M3,"M=20,20,20,20,|T=0,0,0,0,|B=1,15,1,50;3,15,1,50;",0,1,0,105800021,205800021,1.00478702675192,0.853908163940572,10,ADD_M1_M3,1,ADD_M1_M3,1,1,1,0,0,0,0,1,0,REJECTED,fit_quality_gate,0.913861173108813,164.559218313125,163.645357140016,1.26642997874552,1.1775097320874,0,507,508
T,ADD_M1_M3,Zin50,C,10,ADD_M1_M3,"M=20,20,20,20,|T=0,0,0,0,|B=1,15,1,50;3,15,1,50;",0,1,0,105800022,205800022,1.00247814066464,0.871494126336815,10,ADD_M1_M3,1,ADD_M1_M3,1,1,1,0,0,1,0,1,0,UNIQUE_CONFIDENT,single_candidate_with_margin,0.918476715065873,162.355132508639,161.436655793573,1.08477570315679,1.1775097320874,0,523,524
T,ADD_M1_M3,Zin50,C,10,ADD_M1_M3,"M=20,20,20,20,|T=0,0,0,0,|B=1,15,1,50;3,15,1,50;",0,1,0,105800023,205800023,1.01665228652604,0.878197415472829,10,ADD_M1_M3,1,ADD_M1_M3,1,1,1,0,0,1,0,1,0,UNIQUE_CONFIDENT,single_candidate_with_margin,1.12386300310764,167.368420223506,166.244557220398,0.967708116848022,1.1775097320874,0,437,438
T,ADD_M1_M3,Zin50,C,10,ADD_M1_M3,"M=20,20,20,20,|T=0,0,0,0,|B=1,15,1,50;3,15,1,50;",0,1,0,105800024,205800024,1.00519164862682,1.03023036723775,10,ADD_M1_M3,1,ADD_M1_M3,1,1,1,0,0,1,0,1,0,UNIQUE_CONFIDENT,single_candidate_with_margin,0.862257469773451,157.236975828392,156.374718358619,1.15835061501345,1.1775097320874,0,520,521
T,ADD_M1_M3,Zin50,C,10,ADD_M1_M3,"M=20,20,20,20,|T=0,0,0,0,|B=1,15,1,50;3,15,1,50;",0,1,0,105800025,205800025,1.01656031926277,1.15062606478678,10,ADD_M1_M3,1,ADD_M1_M3,1,1,1,0,0,1,0,1,0,UNIQUE_CONFIDENT,single_candidate_with_margin,1.03893910798858,153.915616076961,152.876676968973,1.03730381294086,1.1775097320874,0,492,493
T,ADD_M1_M3,Zin50,C,10,ADD_M1_M3,"M=20,20,20,20,|T=0,0,0,0,|B=1,15,1,50;3,15,1,50;",0,1,0,105800026,205800026,1.00171774719408,1.16149730374406,10,ADD_M1_M3,1,ADD_M1_M3,1,1,1,0,0,1,0,1,0,UNIQUE_CONFIDENT,single_candidate_with_margin,1.03415955806457,151.677222336298,150.643062778233,0.969610519572197,1.1775097320874,0,532,533
T,ADD_M1_M3,Zin50,C,10,ADD_M1_M3,"M=20,20,20,20,|T=0,0,0,0,|B=1,15,1,50;3,15,1,50;",0,1,0,105800027,205800027,1.00788061118298,0.919503659153942,10,ADD_M1_M3,1,ADD_M1_M3,1,1,1,0,0,1,0,1,0,UNIQUE_CONFIDENT,single_candidate_with_margin,1.08328643857812,162.955815304906,161.872528866328,0.992926455821032,1.1775097320874,0,507,508
T,ADD_M1_M3,Zin50,C,10,ADD_M1_M3,"M=20,20,20,20,|T=0,0,0,0,|B=1,15,1,50;3,15,1,50;",0,1,0,105800028,205800028,0.992763523720378,0.825122593391255,10,ADD_M1_M3,1,ADD_M1_M3,1,1,1,0,0,1,0,1,0,UNIQUE_CONFIDENT,single_candidate_with_margin,1.03981683239527,160.295988765896,159.2561719335,1.13360049487707,1.1775097320874,0,521,522
T,ADD_M1_M3,Zin50,C,10,ADD_M1_M3,"M=20,20,20,20,|T=0,0,0,0,|B=1,15,1,50;3,15,1,50;",0,1,0,105800029,205800029,0.990175893647998,1.14079093139576,10,ADD_M1_M3,1,ADD_M1_M3,1,1,1,0,0,1,0,1,0,UNIQUE_CONFIDENT,single_candidate_with_margin,1.06252136912248,149.656398167009,148.593876797886,0.928670115232764,1.1775097320874,0,516,517
T,ADD_M1_M3,Zin50,C,10,ADD_M1_M3,"M=20,20,20,20,|T=0,0,0,0,|B=1,15,1,50;3,15,1,50;",0,1,0,105800030,205800030,0.993246761914355,1.19588036377535,10,ADD_M1_M3,1,ADD_M1_M3,1,1,1,0,0,1,0,1,0,UNIQUE_CONFIDENT,single_candidate_with_margin,1.07614618085894,149.369411605496,148.293265424637,0.812888338575385,1.1775097320874,0,522,523
T,ADD_M2_M3,Zin50,C,10,ADD_M2_M3,"M=20,20,20,20,|T=0,0,0,0,|B=2,15,1,50;3,15,1,50;",0,1,0,105500001,205500001,0.999869786963091,1.11358411060651,9,ADD_M2_M3,1,ADD_M2_M3,1,1,1,0,0,1,0,1,0,UNIQUE_CONFIDENT,single_candidate_with_margin,0.934876334825195,91.2615231638998,90.3266468290746,0.667498479502585,1.1775097320874,0,411,412
T,ADD_M2_M3,Zin50,C,10,ADD_M2_M3,"M=20,20,20,20,|T=0,0,0,0,|B=2,15,1,50;3,15,1,50;",0,1,0,105500002,205500002,1.00600829493411,1.11947738836508,9,ADD_M2_M3,1,ADD_M2_M3,1,1,1,0,0,1,0,1,0,UNIQUE_CONFIDENT,single_candidate_with_margin,0.928397998843253,89.4133275553055,88.4849295564623,1.14213606877812,1.1775097320874,0,414,415
T,ADD_M2_M3,Zin50,C,10,ADD_M2_M3,"M=20,20,20,20,|T=0,0,0,0,|B=2,15,1,50;3,15,1,50;",0,1,0,105500003,205500003,0.998227496680684,0.827921163652505,9,ADD_M2_M3,1,ADD_M2_M3,1,1,1,0,0,1,0,1,0,UNIQUE_CONFIDENT,single_candidate_with_margin,0.845374148221688,95.5728723123413,94.7274981641196,0.919001555814888,1.1775097320874,0,415,416
T,ADD_M2_M3,Zin50,C,10,ADD_M2_M3,"M=20,20,20,20,|T=0,0,0,0,|B=2,15,1,50;3,15,1,50;",0,1,0,105500004,205500004,0.982236764739507,0.92848575417968,9,ADD_M2_M3,1,ADD_M2_M3,1,1,1,0,0,1,0,1,0,UNIQUE_CONFIDENT,single_candidate_with_margin,1.16501048077779,92.1518441373346,90.9868336565568,1.07984728586231,1.1775097320874,0,415,416
T,ADD_M2_M3,Zin50,C,10,ADD_M2_M3,"M=20,20,20,20,|T=0,0,0,0,|B=2,15,1,50;3,15,1,50;",0,1,0,105500005,205500005,1.014818355481,0.970041850805529,9,ADD_M2_M3,1,ADD_M2_M3,1,1,1,0,0,1,0,1,0,UNIQUE_CONFIDENT,single_candidate_with_margin,1.16511560548231,85.9406702248362,84.7755546193539,1.03193613823829,1.1775097320874,0,413,414
T,ADD_M2_M3,Zin50,C,10,ADD_M2_M3,"M=20,20,20,20,|T=0,0,0,0,|B=2,15,1,50;3,15,1,50;",0,1,0,105500006,205500006,0.998922395018758,1.11719332065787,9,ADD_M2_M3,1,ADD_M2_M3,1,1,1,0,0,1,0,1,0,UNIQUE_CONFIDENT,single_candidate_with_margin,0.869075446104347,91.5158356835996,90.6467602374952,1.02027062984996,1.1775097320874,0,413,414
T,ADD_M2_M3,Zin50,C,10,ADD_M2_M3,"M=20,20,20,20,|T=0,0,0,0,|B=2,15,1,50;3,15,1,50;",0,1,0,105500007,205500007,0.983315938996486,0.926296316738715,9,ADD_M2_M3,1,ADD_M2_M3,1,1,1,0,0,1,0,1,0,UNIQUE_CONFIDENT,single_candidate_with_margin,0.919506530600055,92.7204803439727,91.8009738133726,0.97037021394428,1.1775097320874,0,415,416
T,ADD_M2_M3,Zin50,C,10,ADD_M2_M3,"M=20,20,20,20,|T=0,0,0,0,|B=2,15,1,50;3,15,1,50;",0,1,0,105500008,205500008,0.998123787103149,0.863499333878368,9,ADD_M2_M3,1,ADD_M2_M3,1,1,1,0,0,1,0,1,0,UNIQUE_CONFIDENT,single_candidate_with_margin,1.17108381190996,94.8007934989952,93.6297096870853,1.00347928589487,1.1775097320874,0,414,415
T,ADD_M2_M3,Zin50,C,10,ADD_M2_M3,"M=20,20,20,20,|T=0,0,0,0,|B=2,15,1,50;3,15,1,50;",0,1,0,105500009,205500009,0.994933131120601,0.803849249456964,9,ADD_M2_M3,1,ADD_M2_M3,1,1,1,0,0,1,0,1,0,UNIQUE_CONFIDENT,single_candidate_with_margin,0.890878828115833,96.8697451362977,95.9788663081819,0.958128682063828,1.1775097320874,0,415,416
T,ADD_M2_M3,Zin50,C,10,ADD_M2_M3,"M=20,20,20,20,|T=0,0,0,0,|B=2,15,1,50;3,15,1,50;",0,1,0,105500010,205500010,1.01741098235023,1.01230433497758,9,ADD_M2_M3,1,ADD_M2_M3,1,1,1,0,0,1,0,1,0,UNIQUE_CONFIDENT,single_candidate_with_margin,1.08153100051155,84.861051861017,83.7795208605055,0.933514374654241,1.1775097320874,0,419,420
T,ADD_M2_M3,Zin50,C,10,ADD_M2_M3,"M=20,20,20,20,|T=0,0,0,0,|B=2,15,1,50;3,15,1,50;",0,1,0,105500011,205500011,1.00205098647931,0.837330380481689,9,ADD_M2_M3,1,ADD_M2_M3,1,1,1,0,0,1,0,1,0,UNIQUE_CONFIDENT,single_candidate_with_margin,0.947072933031248,94.2667220293284,93.3196490962972,0.9476829276266,1.1775097320874,0,410,411
T,ADD_M2_M3,Zin50,C,10,ADD_M2_M3,"M=20,20,20,20,|T=0,0,0,0,|B=2,15,1,50;3,15,1,50;",0,1,0,105500012,205500012,0.993523070919113,1.06098762612448,9,ADD_M2_M3,1,ADD_M2_M3,1,1,1,0,0,1,0,1,0,UNIQUE_CONFIDENT,single_candidate_with_margin,1.00017854289087,92.3332041145831,91.3330255716922,1.00580129624914,1.1775097320874,0,407,408
T,ADD_M2_M3,Zin50,C,10,ADD_M2_M3,"M=20,20,20,20,|T=0,0,0,0,|B=2,15,1,50;3,15,1,50;",0,1,0,105500013,205500013,0.983915744368027,1.07132242643849,9,ADD_M2_M3,1,ADD_M2_M3,1,1,1,0,0,1,0,1,0,UNIQUE_CONFIDENT,single_candidate_with_margin,0.990412204077154,91.4977742972173,90.5073620931401,0.940097432760965,1.1775097320874,0,415,416
T,ADD_M2_M3,Zin50,C,10,ADD_M2_M3,"M=20,20,20,20,|T=0,0,0,0,|B=2,15,1,50;3,15,1,50;",0,1,0,105500014,205500014,1.01010865221402,1.17962552202502,9,ADD_M2_M3,1,ADD_M2_M3,1,1,1,0,0,1,0,1,0,UNIQUE_CONFIDENT,single_candidate_with_margin,0.984320334034093,88.1097975073258,87.1254771732917,0.932858296169383,1.1775097320874,0,423,424
T,ADD_M2_M3,Zin50,C,10,ADD_M2_M3,"M=20,20,20,20,|T=0,0,0,0,|B=2,15,1,50;3,15,1,50;",0,1,0,105500015,205500015,0.980121750969647,1.11388692882841,9,ADD_M2_M3,1,ADD_M2_M3,1,1,1,0,0,1,0,1,0,UNIQUE_CONFIDENT,single_candidate_with_margin,0.846026637377014,90.4324505719883,89.5864239346113,0.971016927032936,1.1775097320874,0,411,412
T,ADD_M2_M3,Zin50,C,10,ADD_M2_M3,"M=20,20,20,20,|T=0,0,0,0,|B=2,15,1,50;3,15,1,50;",0,1,0,105500016,205500016,1.01637193800934,1.01549497331359,9,ADD_M2_M3,1,ADD_M2_M3,1,1,1,0,0,1,0,1,0,UNIQUE_CONFIDENT,single_candidate_with_margin,0.971696534215394,85.1901100224082,84.2184134881928,0.975068824255468,1.1775097320874,0,419,420
T,ADD_M2_M3,Zin50,C,10,ADD_M2_M3,"M=20,20,20,20,|T=0,0,0,0,|B=2,15,1,50;3,15,1,50;",0,1,0,105500017,205500017,0.980796220826829,1.01705255123983,9,ADD_M2_M3,1,ADD_M2_M3,1,1,1,0,0,1,0,1,0,UNIQUE_CONFIDENT,single_candidate_with_margin,0.984007164498848,91.0303640601439,90.0463568956451,1.03421232993016,1.1775097320874,0,408,409
T,ADD_M2_M3,Zin50,C,10,ADD_M2_M3,"M=20,20,20,20,|T=0,0,0,0,|B=2,15,1,50;3,15,1,50;",0,1,0,105500018,205500018,1.00455571721019,1.00524768618037,9,ADD_M2_M3,1,ADD_M2_M3,1,1,1,0,0,1,0,1,0,UNIQUE_CONFIDENT,single_candidate_with_margin,0.885448592048233,90.3631016206503,89.477653028602,0.952639279672837,1.1775097320874,0,413,414
T,ADD_M2_M3,Zin50,C,10,ADD_M2_M3,"M=20,20,20,20,|T=0,0,0,0,|B=2,15,1,50;3,15,1,50;",0,1,0,105500019,205500019,1.00139977773477,0.977617788330116,9,ADD_M2_M3,1,ADD_M2_M3,1,1,1,0,0,1,0,1,0,UNIQUE_CONFIDENT,single_candidate_with_margin,0.983961077920439,91.4046083417068,90.4206472637864,0.856166771693225,1.1775097320874,0,409,410
T,ADD_M2_M3,Zin50,C,10,ADD_M2_M3,"M=20,20,20,20,|T=0,0,0,0,|B=2,15,1,50;3,15,1,50;",0,1,0,105500020,205500020,0.982481593345831,0.931570407375542,9,ADD_M2_M3,1,ADD_M2_M3,1,1,1,0,0,1,0,1,0,UNIQUE_CONFIDENT,single_candidate_with_margin,1.07748369457394,92.6471291829969,91.5696454884229,1.04620637758361,1.1775097320874,0,415,416
T,ADD_M2_M3,Zin50,C,10,ADD_M2_M3,"M=20,20,20,20,|T=0,0,0,0,|B=2,15,1,50;3,15,1,50;",0,1,0,105500021,205500021,0.996580640341393,0.886114330054463,9,ADD_M2_M3,1,ADD_M2_M3,1,1,1,0,0,1,0,1,0,UNIQUE_CONFIDENT,single_candidate_with_margin,1.02219123882158,94.20245579104,93.1802645522184,1.15328709972092,1.1775097320874,0,411,412
T,ADD_M2_M3,Zin50,C,10,ADD_M2_M3,"M=20,20,20,20,|T=0,0,0,0,|B=2,15,1,50;3,15,1,50;",0,1,0,105500022,205500022,0.991193930532275,1.02223701903892,9,ADD_M2_M3,1,ADD_M2_M3,1,1,1,0,0,1,0,1,0,UNIQUE_CONFIDENT,single_candidate_with_margin,0.930897479724022,92.827780323078,91.896882843354,1.04332271663589,1.1775097320874,0,410,411
T,ADD_M2_M3,Zin50,C,10,ADD_M2_M3,"M=20,20,20,20,|T=0,0,0,0,|B=2,15,1,50;3,15,1,50;",0,1,0,105500023,205500023,0.997748326294087,1.07962917676454,9,ADD_M2_M3,1,ADD_M2_M3,1,1,1,0,0,1,0,1,0,UNIQUE_CONFIDENT,single_candidate_with_margin,1.07902634089383,91.8019785103233,90.7229521694294,0.96092425795139,1.1775097320874,0,415,416
T,ADD_M2_M3,Zin50,C,10,ADD_M2_M3,"M=20,20,20,20,|T=0,0,0,0,|B=2,15,1,50;3,15,1,50;",0,1,0,105500024,205500024,1.01913729934741,1.0095763289248,9,ADD_M2_M3,1,ADD_M2_M3,1,1,1,0,0,1,0,1,0,UNIQUE_CONFIDENT,single_candidate_with_margin,0.988664549702401,83.9737918406599,82.9851272909575,1.02391716515547,1.1775097320874,0,417,418
T,ADD_M2_M3,Zin50,C,10,ADD_M2_M3,"M=20,20,20,20,|T=0,0,0,0,|B=2,15,1,50;3,15,1,50;",0,1,0,105500025,205500025,1.00584078147998,0.914165024082531,9,ADD_M2_M3,1,ADD_M2_M3,1,1,1,0,0,1,0,1,0,UNIQUE_CONFIDENT,single_candidate_with_margin,1.02979582575094,90.953555127081,89.9237593013301,1.12149810195622,1.1775097320874,0,414,415
T,ADD_M2_M3,Zin50,C,10,ADD_M2_M3,"M=20,20,20,20,|T=0,0,0,0,|B=2,15,1,50;3,15,1,50;",0,1,0,105500026,205500026,0.986600337126229,1.17745831214516,9,ADD_M2_M3,1,ADD_M2_M3,1,1,1,0,0,1,0,1,0,UNIQUE_CONFIDENT,single_candidate_with_margin,0.87486652813656,91.8663733763254,90.9915068481888,1.10039764517249,1.1775097320874,0,410,411
T,ADD_M2_M3,Zin50,C,10,ADD_M2_M3,"M=20,20,20,20,|T=0,0,0,0,|B=2,15,1,50;3,15,1,50;",0,1,0,105500027,205500027,1.01677938743988,0.993735867690184,9,ADD_M2_M3,1,ADD_M2_M3,1,1,1,0,0,1,0,1,0,UNIQUE_CONFIDENT,single_candidate_with_margin,1.00273536978284,84.9938124102537,83.9910770404709,0.936971869545034,1.1775097320874,0,419,420
T,ADD_M2_M3,Zin50,C,10,ADD_M2_M3,"M=20,20,20,20,|T=0,0,0,0,|B=2,15,1,50;3,15,1,50;",0,1,0,105500028,205500028,1.01990535896643,0.846645646863775,9,ADD_M2_M3,1,ADD_M2_M3,1,1,1,0,0,0,0,1,0,REJECTED,fit_quality_gate,0.854338069376323,85.4104736582598,84.5561355888834,1.2361656540018,1.1775097320874,0,418,419
T,ADD_M2_M3,Zin50,C,10,ADD_M2_M3,"M=20,20,20,20,|T=0,0,0,0,|B=2,15,1,50;3,15,1,50;",0,1,0,105500029,205500029,0.980326729464371,1.05301484663364,9,ADD_M2_M3,1,ADD_M2_M3,1,1,1,0,0,1,0,1,0,UNIQUE_CONFIDENT,single_candidate_with_margin,0.905954550103794,90.5667710615603,89.6608165114565,1.05062343528237,1.1775097320874,0,411,412
T,ADD_M2_M3,Zin50,C,10,ADD_M2_M3,"M=20,20,20,20,|T=0,0,0,0,|B=2,15,1,50;3,15,1,50;",0,1,0,105500030,205500030,1.01000730880758,0.817907450200047,9,ADD_M2_M3,1,ADD_M2_M3,1,1,1,0,0,1,0,1,0,UNIQUE_CONFIDENT,single_candidate_with_margin,1.00034574045985,91.0417414948189,90.041395754359,1.01242838720868,1.1775097320874,0,423,424
T,DOUBLE_M3,Zin50,C,10,DOUBLE_M3,"M=20,20,20,20,|T=0,0,0,0,|B=3,15,1,50;3,15,1,50;",0,1,0,105300001,205300001,0.994142298816724,0.921439987392495,9,DOUBLE_M3,1,DOUBLE_M3,1,1,1,0,0,1,0,1,0,UNIQUE_CONFIDENT,single_candidate_with_margin,1.0359309958219,88.6794866770196,87.6435556811977,0.853070887762891,1.1775097320874,0,444,445
T,DOUBLE_M3,Zin50,C,10,DOUBLE_M3,"M=20,20,20,20,|T=0,0,0,0,|B=3,15,1,50;3,15,1,50;",0,1,0,105300002,205300002,0.998796239396031,1.17766251543199,9,DOUBLE_M3,1,DOUBLE_M3,1,1,1,0,0,0,0,1,0,REJECTED,fit_quality_gate,1.12504566850721,87.9514823890903,86.8264367205831,1.27348356946543,1.1775097320874,0,396,397
T,DOUBLE_M3,Zin50,C,10,DOUBLE_M3,"M=20,20,20,20,|T=0,0,0,0,|B=3,15,1,50;3,15,1,50;",0,1,0,105300003,205300003,0.980900932432286,1.17259115609537,9,DOUBLE_M3,1,DOUBLE_M3,1,1,1,0,0,1,0,1,0,UNIQUE_CONFIDENT,single_candidate_with_margin,0.955880208197924,89.9211713413387,88.9652911331408,1.17108704883946,1.1775097320874,0,398,399
T,DOUBLE_M3,Zin50,C,10,DOUBLE_M3,"M=20,20,20,20,|T=0,0,0,0,|B=3,15,1,50;3,15,1,50;",0,1,0,105300004,205300004,0.986250145023289,1.08388630078778,9,DOUBLE_M3,1,DOUBLE_M3,1,1,1,0,0,1,0,1,0,UNIQUE_CONFIDENT,single_candidate_with_margin,0.931842011250665,87.8434181493062,86.9115761380555,0.882068107726124,1.1775097320874,0,450,451
T,DOUBLE_M3,Zin50,C,10,DOUBLE_M3,"M=20,20,20,20,|T=0,0,0,0,|B=3,15,1,50;3,15,1,50;",0,1,0,105300005,205300005,0.997406476800335,1.15042646746507,9,DOUBLE_M3,1,DOUBLE_M3,1,1,1,0,0,1,0,1,0,UNIQUE_CONFIDENT,single_candidate_with_margin,0.994720248266085,87.6114128658455,86.6166926175794,1.02860921840418,1.1775097320874,0,396,397
T,DOUBLE_M3,Zin50,C,10,DOUBLE_M3,"M=20,20,20,20,|T=0,0,0,0,|B=3,15,1,50;3,15,1,50;",0,1,0,105300006,205300006,1.01184048687591,1.19196326569785,9,DOUBLE_M3,1,DOUBLE_M3,1,1,1,0,0,1,0,1,0,UNIQUE_CONFIDENT,single_candidate_with_margin,0.914144239319417,95.2828927777263,94.3687485384069,0.912917796209426,1.1775097320874,0,394,395
T,DOUBLE_M3,Zin50,C,10,DOUBLE_M3,"M=20,20,20,20,|T=0,0,0,0,|B=3,15,1,50;3,15,1,50;",0,1,0,105300007,205300007,1.00681741883585,0.975484006667856,9,DOUBLE_M3,1,DOUBLE_M3,1,1,1,0,0,1,0,1,0,UNIQUE_CONFIDENT,single_candidate_with_margin,0.968148844800803,93.9900755101527,93.0219266653519,0.916845390208418,1.1775097320874,0,401,402
T,DOUBLE_M3,Zin50,C,10,DOUBLE_M3,"M=20,20,20,20,|T=0,0,0,0,|B=3,15,1,50;3,15,1,50;",0,1,0,105300008,205300008,0.987101324943478,0.841481434096688,9,DOUBLE_M3,1,DOUBLE_M3,1,1,1,0,0,1,0,1,0,UNIQUE_CONFIDENT,single_candidate_with_margin,0.954892299897323,91.21350301837,90.2586107184727,1.05681342363359,1.1775097320874,0,431,432
T,DOUBLE_M3,Zin50,C,10,DOUBLE_M3,"M=20,20,20,20,|T=0,0,0,0,|B=3,15,1,50;3,15,1,50;",0,1,0,105300009,205300009,1.01988312374574,0.944391030935515,9,DOUBLE_M3,1,DOUBLE_M3,1,1,1,0,0,1,0,1,0,UNIQUE_CONFIDENT,single_candidate_with_margin,0.910456845357931,102.604478189415,101.694021344057,0.911300290607777,1.1775097320874,0,393,394
T,DOUBLE_M3,Zin50,C,10,DOUBLE_M3,"M=20,20,20,20,|T=0,0,0,0,|B=3,15,1,50;3,15,1,50;",0,1,0,105300010,205300010,1.01439815978853,0.842940154172461,9,DOUBLE_M3,1,DOUBLE_M3,1,1,1,0,0,1,0,1,0,UNIQUE_CONFIDENT,single_candidate_with_margin,0.920965970208182,102.36701569466,101.446049724452,1.0575199699919,1.1775097320874,0,394,395
T,DOUBLE_M3,Zin50,C,10,DOUBLE_M3,"M=20,20,20,20,|T=0,0,0,0,|B=3,15,1,50;3,15,1,50;",0,1,0,105300011,205300011,1.00975815068017,0.984153058763247,9,DOUBLE_M3,1,DOUBLE_M3,1,1,1,0,0,1,0,1,0,UNIQUE_CONFIDENT,single_candidate_with_margin,0.990070281429519,95.9805644701433,94.9904941887138,1.12000781180383,1.1775097320874,0,391,392
T,DOUBLE_M3,Zin50,C,10,DOUBLE_M3,"M=20,20,20,20,|T=0,0,0,0,|B=3,15,1,50;3,15,1,50;",0,1,0,105300012,205300012,1.01857299706846,1.00561581562816,9,DOUBLE_M3,1,DOUBLE_M3,1,1,1,0,0,1,0,1,0,UNIQUE_CONFIDENT,single_candidate_with_margin,1.00276851509053,100.423083722595,99.4203152075046,0.927634743417489,1.1775097320874,0,385,386
T,DOUBLE_M3,Zin50,C,10,DOUBLE_M3,"M=20,20,20,20,|T=0,0,0,0,|B=3,15,1,50;3,15,1,50;",0,1,0,105300013,205300013,1.0001930200299,1.00171200452765,9,DOUBLE_M3,1,DOUBLE_M3,1,1,1,0,0,0,0,1,0,REJECTED,fit_quality_gate,1.04385073498359,90.0269167496428,88.9830660146592,1.19944206748759,1.1775097320874,0,399,400
T,DOUBLE_M3,Zin50,C,10,DOUBLE_M3,"M=20,20,20,20,|T=0,0,0,0,|B=3,15,1,50;3,15,1,50;",0,1,0,105300014,205300014,0.991508595164902,1.02537457240846,9,DOUBLE_M3,1,DOUBLE_M3,1,1,1,0,0,1,0,1,0,UNIQUE_CONFIDENT,single_candidate_with_margin,1.1110035352129,87.3292954315251,86.2182918963122,0.901100132857452,1.1775097320874,0,443,444
T,DOUBLE_M3,Zin50,C,10,DOUBLE_M3,"M=20,20,20,20,|T=0,0,0,0,|B=3,15,1,50;3,15,1,50;",0,1,0,105300015,205300015,0.992789505976045,0.993071002286362,9,DOUBLE_M3,1,DOUBLE_M3,1,1,1,0,0,1,0,1,0,UNIQUE_CONFIDENT,single_candidate_with_margin,0.980367259345509,87.5550280549323,86.5746607955868,0.813083381159306,1.1775097320874,0,447,448
T,DOUBLE_M3,Zin50,C,10,DOUBLE_M3,"M=20,20,20,20,|T=0,0,0,0,|B=3,15,1,50;3,15,1,50;",0,1,0,105300016,205300016,0.992308988538501,1.06179795039292,9,DOUBLE_M3,1,DOUBLE_M3,1,1,1,0,0,1,0,1,0,UNIQUE_CONFIDENT,single_candidate_with_margin,0.986881526975348,86.6906009091279,85.7037193821525,1.06713031006301,1.1775097320874,0,441,442
T,DOUBLE_M3,Zin50,C,10,DOUBLE_M3,"M=20,20,20,20,|T=0,0,0,0,|B=3,15,1,50;3,15,1,50;",0,1,0,105300017,205300017,1.01008396761288,0.955328053147857,9,DOUBLE_M3,1,DOUBLE_M3,1,1,1,0,0,1,0,1,0,UNIQUE_CONFIDENT,single_candidate_with_margin,0.899476698889809,96.8240804819093,95.9246037830195,1.09451622040665,1.1775097320874,0,395,396
T,DOUBLE_M3,Zin50,C,10,DOUBLE_M3,"M=20,20,20,20,|T=0,0,0,0,|B=3,15,1,50;3,15,1,50;",0,1,0,105300018,205300018,0.999306612768769,1.01803460630591,9,DOUBLE_M3,1,DOUBLE_M3,1,1,1,0,0,1,0,1,0,UNIQUE_CONFIDENT,single_candidate_with_margin,0.971891261931748,89.2211984180121,88.2493071560803,1.07050066413301,1.1775097320874,0,393,394
T,DOUBLE_M3,Zin50,C,10,DOUBLE_M3,"M=20,20,20,20,|T=0,0,0,0,|B=3,15,1,50;3,15,1,50;",0,1,0,105300019,205300019,0.99675237910883,0.868678010003225,9,DOUBLE_M3,1,DOUBLE_M3,1,1,1,0,0,1,0,1,0,UNIQUE_CONFIDENT,single_candidate_with_margin,0.912722014825702,90.2213652638186,89.3086432489929,0.767666501859739,1.1775097320874,0,377,378
T,DOUBLE_M3,Zin50,C,10,DOUBLE_M3,"M=20,20,20,20,|T=0,0,0,0,|B=3,15,1,50;3,15,1,50;",0,1,0,105300020,205300020,1.00439689269713,0.966740163316416,9,DOUBLE_M3,1,DOUBLE_M3,1,1,1,0,0,1,0,1,0,UNIQUE_CONFIDENT,single_candidate_with_margin,1.00253536261984,92.7317588331712,91.7292234705514,1.0607089024947,1.1775097320874,0,395,396
T,DOUBLE_M3,Zin50,C,10,DOUBLE_M3,"M=20,20,20,20,|T=0,0,0,0,|B=3,15,1,50;3,15,1,50;",0,1,0,105300021,205300021,0.995583542347458,0.989034382878287,9,DOUBLE_M3,1,DOUBLE_M3,1,1,1,0,0,1,0,1,0,UNIQUE_CONFIDENT,single_candidate_with_margin,0.932462176836897,88.1526291378592,87.2201669610223,0.807919429163135,1.1775097320874,0,417,418
T,DOUBLE_M3,Zin50,C,10,DOUBLE_M3,"M=20,20,20,20,|T=0,0,0,0,|B=3,15,1,50;3,15,1,50;",0,1,0,105300022,205300022,0.989955871036622,0.860921744142146,9,DOUBLE_M3,1,DOUBLE_M3,1,1,1,0,0,1,0,1,0,UNIQUE_CONFIDENT,single_candidate_with_margin,1.01440457183351,89.8664111839841,88.8520066121506,0.77246515565087,1.1775097320874,0,426,427
T,DOUBLE_M3,Zin50,C,10,DOUBLE_M3,"M=20,20,20,20,|T=0,0,0,0,|B=3,15,1,50;3,15,1,50;",0,1,0,105300023,205300023,1.00262092419101,0.844623510600253,9,DOUBLE_M3,1,DOUBLE_M3,1,1,1,0,0,1,0,1,0,UNIQUE_CONFIDENT,single_candidate_with_margin,1.18993564956025,93.6516462473306,92.4617105977703,1.16206191067086,1.1775097320874,0,392,393
T,DOUBLE_M3,Zin50,C,10,DOUBLE_M3,"M=20,20,20,20,|T=0,0,0,0,|B=3,15,1,50;3,15,1,50;",0,1,0,105300024,205300024,1.011652709286,1.00527979389117,9,DOUBLE_M3,1,DOUBLE_M3,1,1,1,0,0,1,0,1,0,UNIQUE_CONFIDENT,single_candidate_with_margin,0.887928687483713,97.0224109279722,96.1344822404885,0.989397528975299,1.1775097320874,0,393,394
T,DOUBLE_M3,Zin50,C,10,DOUBLE_M3,"M=20,20,20,20,|T=0,0,0,0,|B=3,15,1,50;3,15,1,50;",0,1,0,105300025,205300025,1.01289368637454,0.953623938704076,9,DOUBLE_M3,1,DOUBLE_M3,1,1,1,0,0,0,0,1,0,REJECTED,fit_quality_gate,0.968755967599497,98.6431047613416,97.6743487937421,1.27133829765987,1.1775097320874,0,394,395
T,DOUBLE_M3,Zin50,C,10,DOUBLE_M3,"M=20,20,20,20,|T=0,0,0,0,|B=3,15,1,50;3,15,1,50;",0,1,0,105300026,205300026,0.997145343191563,0.922067252421,9,DOUBLE_M3,1,DOUBLE_M3,1,1,1,0,0,1,0,1,0,UNIQUE_CONFIDENT,single_candidate_with_margin,1.00946561472117,89.7545082597085,88.7450426449873,1.10577922825114,1.1775097320874,0,389,390
T,DOUBLE_M3,Zin50,C,10,DOUBLE_M3,"M=20,20,20,20,|T=0,0,0,0,|B=3,15,1,50;3,15,1,50;",0,1,0,105300027,205300027,0.990037514814725,1.05925329361712,9,DOUBLE_M3,1,DOUBLE_M3,1,1,1,0,0,1,0,1,0,UNIQUE_CONFIDENT,single_candidate_with_margin,0.940527101808962,86.9501394025308,86.0096123007218,1.06562696598174,1.1775097320874,0,443,444
T,DOUBLE_M3,Zin50,C,10,DOUBLE_M3,"M=20,20,20,20,|T=0,0,0,0,|B=3,15,1,50;3,15,1,50;",0,1,0,105300028,205300028,0.982632048310026,1.18338396593598,9,DOUBLE_M3,1,DOUBLE_M3,1,1,1,0,0,1,0,1,0,UNIQUE_CONFIDENT,single_candidate_with_margin,1.03166748578657,88.5390219552576,87.5073544694711,0.976295489860565,1.1775097320874,0,403,404
T,DOUBLE_M3,Zin50,C,10,DOUBLE_M3,"M=20,20,20,20,|T=0,0,0,0,|B=3,15,1,50;3,15,1,50;",0,1,0,105300029,205300029,1.00074449886914,1.05059598443586,9,DOUBLE_M3,1,DOUBLE_M3,1,1,1,0,0,1,0,1,0,UNIQUE_CONFIDENT,single_candidate_with_margin,1.0054543375974,89.6134551908288,88.6080008532314,0.969830618936923,1.1775097320874,0,391,392
T,DOUBLE_M3,Zin50,C,10,DOUBLE_M3,"M=20,20,20,20,|T=0,0,0,0,|B=3,15,1,50;3,15,1,50;",0,1,0,105300030,205300030,1.01176005754663,1.15819831314047,9,DOUBLE_M3,1,DOUBLE_M3,1,1,1,0,0,1,0,1,0,UNIQUE_CONFIDENT,single_candidate_with_margin,0.90652622334426,95.1617063405225,94.2551801171783,0.905455331844434,1.1775097320874,0,394,395
T_domain,G002_domain_out,Zin50,C,10,G002,"M=20,20,20,20,|T=0,0,0,0,|B=2,15,1,50;",1,0,1,155400001,255400001,1.15,1.12884131547676,9,ADD_M2_M3,1,ADD_M2_M3,3,1,0,0,0,0,0,0,0,REJECTED,fit_quality_gate,246.248506752725,252.626873733714,6.37836698098889,247.255232417702,1.1775097320874,0,500,501
T_domain,G002_domain_out,Zin50,C,10,G002,"M=20,20,20,20,|T=0,0,0,0,|B=2,15,1,50;",1,0,1,155400002,255400002,1.15,1.02561173018079,9,ADD_M2_M3,1,ADD_M2_M3,3,1,0,0,0,0,0,0,0,REJECTED,fit_quality_gate,250.349392675811,255.507706807549,5.15831413173819,252.088069994493,1.1775097320874,0,502,503
T_domain,G002_domain_out,Zin50,C,10,G002,"M=20,20,20,20,|T=0,0,0,0,|B=2,15,1,50;",1,0,1,155400003,255400003,1.15,1.15402003894716,9,ADD_M2_M3,1,ADD_M2_M3,3,1,0,0,0,0,0,0,0,REJECTED,fit_quality_gate,245.533869752677,252.093038145431,6.55916839275409,246.488204834718,1.1775097320874,0,498,499
T_domain,G002_domain_out,Zin50,C,10,G002,"M=20,20,20,20,|T=0,0,0,0,|B=2,15,1,50;",1,0,1,155400004,255400004,1.15,1.03619650120576,9,ADD_M2_M3,1,ADD_M2_M3,3,1,0,0,0,0,0,0,0,REJECTED,fit_quality_gate,249.85443512113,255.227408876121,5.37297375499057,251.382315181166,1.1775097320874,0,500,501
T_domain,G002_domain_out,Zin50,C,10,G002,"M=20,20,20,20,|T=0,0,0,0,|B=2,15,1,50;",1,0,1,155400005,255400005,1.15,0.973530142577809,9,ADD_M2_M3,1,ADD_M2_M3,3,1,0,0,0,0,0,0,0,REJECTED,fit_quality_gate,252.212242654116,256.911372515783,4.69912986166719,254.473557007019,1.1775097320874,0,502,503
T_domain,G002_domain_out,Zin50,C,10,G002,"M=20,20,20,20,|T=0,0,0,0,|B=2,15,1,50;",1,0,1,155400006,255400006,1.15,0.876277797983159,9,ADD_M2_M3,1,ADD_M2_M3,4,1,0,0,0,0,0,0,0,REJECTED,fit_quality_gate,256.428050074435,260.204009894802,3.77595982036684,259.171052983541,1.1775097320874,0,500,501
T_domain,G002_domain_out,Zin50,C,10,G002,"M=20,20,20,20,|T=0,0,0,0,|B=2,15,1,50;",1,0,1,155400007,255400007,1.15,1.11098324243282,9,ADD_M2_M3,1,ADD_M2_M3,3,1,0,0,0,0,0,0,0,REJECTED,fit_quality_gate,246.792293551701,253.043690109648,6.25139655794649,248.309248703531,1.1775097320874,0,500,501
T_domain,G002_domain_out,Zin50,C,10,G002,"M=20,20,20,20,|T=0,0,0,0,|B=2,15,1,50;",1,0,1,155400008,255400008,1.15,0.902479587302444,9,ADD_M2_M3,1,ADD_M2_M3,3,1,0,0,0,0,0,0,0,REJECTED,fit_quality_gate,255.328046885711,259.400272797565,4.07222591185445,257.916760345075,1.1775097320874,0,498,499
T_domain,G002_domain_out,Zin50,C,10,G002,"M=20,20,20,20,|T=0,0,0,0,|B=2,15,1,50;",1,0,1,155400009,255400009,1.15,0.906681581185242,9,ADD_M2_M3,1,ADD_M2_M3,3,1,0,0,0,0,0,0,0,REJECTED,fit_quality_gate,254.972373283274,259.217646347445,4.24527306417141,257.580474000006,1.1775097320874,0,500,501
T_domain,G002_domain_out,Zin50,C,10,G002,"M=20,20,20,20,|T=0,0,0,0,|B=2,15,1,50;",1,0,1,155400010,255400010,1.15,0.813228138908581,9,ADD_M2_M3,1,ADD_M2_M3,4,1,0,0,0,0,0,0,0,REJECTED,fit_quality_gate,259.455428517514,262.483072058319,3.02764354080534,262.478216585789,1.1775097320874,0,498,499
T_domain,G002_domain_out,Zin50,C,10,G002,"M=20,20,20,20,|T=0,0,0,0,|B=2,15,1,50;",1,0,1,155400011,255400011,1.15,1.15868124334444,9,ADD_M2_M3,1,ADD_M2_M3,3,1,0,0,0,0,0,0,0,REJECTED,fit_quality_gate,245.121885704664,251.723318252825,6.60143254816103,246.266248675273,1.1775097320874,0,498,499
T_domain,G002_domain_out,Zin50,C,10,G002,"M=20,20,20,20,|T=0,0,0,0,|B=2,15,1,50;",1,0,1,155400012,255400012,1.15,1.07727751484691,9,ADD_M2_M3,1,ADD_M2_M3,3,1,0,0,0,0,0,0,0,REJECTED,fit_quality_gate,248.214271754086,253.9148715704,5.70059981631371,249.483129611038,1.1775097320874,0,498,499
T_domain,G002_domain_out,Zin50,C,10,G002,"M=20,20,20,20,|T=0,0,0,0,|B=2,15,1,50;",1,0,1,155400013,255400013,1.15,1.09492538029689,9,ADD_M2_M3,1,ADD_M2_M3,3,1,0,0,0,0,0,0,0,REJECTED,fit_quality_gate,247.433966675917,253.446048641822,6.0120819659046,248.777827265444,1.1775097320874,0,500,501
T_domain,G002_domain_out,Zin50,C,10,G002,"M=20,20,20,20,|T=0,0,0,0,|B=2,15,1,50;",1,0,1,155400014,255400014,1.15,0.864042626340992,9,ADD_M2_M3,1,ADD_M2_M3,4,1,0,0,0,0,0,0,0,REJECTED,fit_quality_gate,257.149383440469,260.680820450363,3.53143700989409,259.56601240089,1.1775097320874,0,502,503
T_domain,G002_domain_out,Zin50,C,10,G002,"M=20,20,20,20,|T=0,0,0,0,|B=2,15,1,50;",1,0,1,155400015,255400015,1.15,0.907144302068726,9,ADD_M2_M3,1,ADD_M2_M3,3,1,0,0,0,0,0,0,0,REJECTED,fit_quality_gate,255.146965940698,259.145638742895,3.99867280219647,257.611840144804,1.1775097320874,0,500,501
T_domain,G002_domain_out,Zin50,C,10,G002,"M=20,20,20,20,|T=0,0,0,0,|B=2,15,1,50;",1,0,1,155400016,255400016,1.15,1.02315740450297,9,ADD_M2_M3,1,ADD_M2_M3,3,1,0,0,0,0,0,0,0,REJECTED,fit_quality_gate,250.241834072849,255.671356569773,5.42952249692414,252.141533075746,1.1775097320874,0,500,501
T_domain,G002_domain_out,Zin50,C,10,G002,"M=20,20,20,20,|T=0,0,0,0,|B=2,15,1,50;",1,0,1,155400017,255400017,1.15,0.94983870775824,9,ADD_M2_M3,1,ADD_M2_M3,3,1,0,0,0,0,0,0,0,REJECTED,fit_quality_gate,253.231003765353,257.684611781628,4.45360801627513,255.460929799649,1.1775097320874,0,500,501
T_domain,G002_domain_out,Zin50,C,10,G002,"M=20,20,20,20,|T=0,0,0,0,|B=2,15,1,50;",1,0,1,155400018,255400018,1.15,0.851098094842341,9,ADD_M2_M3,1,ADD_M2_M3,4,1,0,0,0,0,0,0,0,REJECTED,fit_quality_gate,257.672553696152,261.132668085242,3.46011438909022,260.553068529502,1.1775097320874,0,500,501
T_domain,G002_domain_out,Zin50,C,10,G002,"M=20,20,20,20,|T=0,0,0,0,|B=2,15,1,50;",1,0,1,155400019,255400019,1.15,1.15081996727221,9,ADD_M2_M3,1,ADD_M2_M3,3,1,0,0,0,0,0,0,0,REJECTED,fit_quality_gate,245.622722226941,252.079101415803,6.45637918886203,246.538085306896,1.1775097320874,0,500,501
T_domain,G002_domain_out,Zin50,C,10,G002,"M=20,20,20,20,|T=0,0,0,0,|B=2,15,1,50;",1,0,1,155400020,255400020,1.15,0.989443461334601,9,ADD_M2_M3,1,ADD_M2_M3,3,1,0,0,0,0,0,0,0,REJECTED,fit_quality_gate,251.606221194657,256.349373089008,4.74315189435097,253.371675310875,1.1775097320874,0,500,501
T_domain,G002_domain_out,Zin50,C,10,G002,"M=20,20,20,20,|T=0,0,0,0,|B=2,15,1,50;",1,0,1,155400021,255400021,1.15,1.02739880808362,9,ADD_M2_M3,1,ADD_M2_M3,3,1,0,0,0,0,0,0,0,REJECTED,fit_quality_gate,250.041476705407,255.311271970266,5.26979526485928,252.066678983812,1.1775097320874,0,502,503
T_domain,G002_domain_out,Zin50,C,10,G002,"M=20,20,20,20,|T=0,0,0,0,|B=2,15,1,50;",1,0,1,155400022,255400022,1.15,1.1718040202307,9,ADD_M2_M3,1,ADD_M2_M3,3,1,0,0,0,0,0,0,0,REJECTED,fit_quality_gate,244.78072308539,251.276089961592,6.49536687620144,245.564365822995,1.1775097320874,0,500,501
T_domain,G002_domain_out,Zin50,C,10,G002,"M=20,20,20,20,|T=0,0,0,0,|B=2,15,1,50;",1,0,1,155400023,255400023,1.15,1.09753062294878,9,ADD_M2_M3,1,ADD_M2_M3,3,1,0,0,0,0,0,0,0,REJECTED,fit_quality_gate,247.370469002604,253.218893839234,5.84842483663013,248.789241563235,1.1775097320874,0,498,499
T_domain,G002_domain_out,Zin50,C,10,G002,"M=20,20,20,20,|T=0,0,0,0,|B=2,15,1,50;",1,0,1,155400024,255400024,1.15,0.973668123151594,9,ADD_M2_M3,1,ADD_M2_M3,3,1,0,0,0,0,0,0,0,REJECTED,fit_quality_gate,252.549279021783,257.267182495907,4.71790347412406,254.599277045332,1.1775097320874,0,502,503
T_domain,G002_domain_out,Zin50,C,10,G002,"M=20,20,20,20,|T=0,0,0,0,|B=2,15,1,50;",1,0,1,155400025,255400025,1.15,0.818006038911299,9,ADD_M2_M3,1,ADD_M2_M3,4,1,0,0,0,0,0,0,0,REJECTED,fit_quality_gate,259.462609967867,262.650336542627,3.18772657475949,262.219667133109,1.1775097320874,0,498,499
T_domain,G002_domain_out,Zin50,C,10,G002,"M=20,20,20,20,|T=0,0,0,0,|B=2,15,1,50;",1,0,1,155400026,255400026,1.15,0.915465215153018,9,ADD_M2_M3,1,ADD_M2_M3,3,1,0,0,0,0,0,0,0,REJECTED,fit_quality_gate,254.816559636143,259.026591450866,4.2100318147227,257.144317359105,1.1775097320874,0,498,499
T_domain,G002_domain_out,Zin50,C,10,G002,"M=20,20,20,20,|T=0,0,0,0,|B=2,15,1,50;",1,0,1,155400027,255400027,1.15,0.83151918482161,9,ADD_M2_M3,1,ADD_M2_M3,4,1,0,0,0,0,0,0,0,REJECTED,fit_quality_gate,258.578873804251,261.982695796121,3.40382199186962,261.395216947548,1.1775097320874,0,500,501
T_domain,G002_domain_out,Zin50,C,10,G002,"M=20,20,20,20,|T=0,0,0,0,|B=2,15,1,50;",1,0,1,155400028,255400028,1.15,0.953556577815418,9,ADD_M2_M3,1,ADD_M2_M3,3,1,0,0,0,0,0,0,0,REJECTED,fit_quality_gate,253.224800524829,257.570738243674,4.34593771884553,255.170511428218,1.1775097320874,0,502,503
T_domain,G002_domain_out,Zin50,C,10,G002,"M=20,20,20,20,|T=0,0,0,0,|B=2,15,1,50;",1,0,1,155400029,255400029,1.15,0.853410596465822,9,ADD_M2_M3,1,ADD_M2_M3,4,1,0,0,0,0,0,0,0,REJECTED,fit_quality_gate,257.685173751694,261.080407409215,3.39523365752092,260.584548545437,1.1775097320874,0,500,501
T_domain,G002_domain_out,Zin50,C,10,G002,"M=20,20,20,20,|T=0,0,0,0,|B=2,15,1,50;",1,0,1,155400030,255400030,1.15,1.15486552853543,9,ADD_M2_M3,1,ADD_M2_M3,3,1,0,0,0,0,0,0,0,REJECTED,fit_quality_gate,245.198364731919,251.649825235485,6.45146050356601,246.480283397584,1.1775097320874,0,498,499
T_domain,G003_domain_out,Zin50,C,10,G003,"M=20,20,20,20,|T=0,0,0,0,|B=1,15,1,50;",1,0,1,155700001,255700001,1.15,0.803414251299255,10,G003,1,G003,1,1,0,0,1,0,0,0,0,REJECTED,fit_quality_gate,261.079844024798,265.659027902144,4.57918387734583,238.909252713508,1.1775097320874,0,616,617
T_domain,G003_domain_out,Zin50,C,10,G003,"M=20,20,20,20,|T=0,0,0,0,|B=1,15,1,50;",1,0,1,155700002,255700002,1.15,1.1738337439768,10,G003,1,G003,1,1,0,0,1,0,0,0,0,REJECTED,fit_quality_gate,246.179406966649,247.073704162768,0.894297196119425,225.693334618965,1.1775097320874,0,598,599
T_domain,G003_domain_out,Zin50,C,10,G003,"M=20,20,20,20,|T=0,0,0,0,|B=1,15,1,50;",1,0,1,155700003,255700003,1.15,0.98271378037106,10,G003,1,G003,1,1,0,0,1,0,0,0,0,REJECTED,fit_quality_gate,252.476125144257,255.332078316854,2.85595317259657,231.942958267669,1.1775097320874,0,618,619
T_domain,G003_domain_out,Zin50,C,10,G003,"M=20,20,20,20,|T=0,0,0,0,|B=1,15,1,50;",1,0,1,155700004,255700004,1.15,0.890581035054099,10,G003,1,G003,1,1,0,0,1,0,0,0,0,REJECTED,fit_quality_gate,256.522633301524,260.295915606879,3.77328230535528,235.386347801425,1.1775097320874,0,618,619
T_domain,G003_domain_out,Zin50,C,10,G003,"M=20,20,20,20,|T=0,0,0,0,|B=1,15,1,50;",1,0,1,155700005,255700005,1.15,1.10057337735844,10,G003,1,G003,1,1,0,0,1,0,0,0,0,REJECTED,fit_quality_gate,248.338222773617,249.946927612322,1.60870483870491,228.120049818574,1.1775097320874,0,614,615
T_domain,G003_domain_out,Zin50,C,10,G003,"M=20,20,20,20,|T=0,0,0,0,|B=1,15,1,50;",1,0,1,155700006,255700006,1.15,1.02997813740481,10,G003,1,G003,1,1,0,0,1,0,0,0,0,REJECTED,fit_quality_gate,250.581714370257,252.939989750798,2.35827538054079,230.71272971433,1.1775097320874,0,618,619
T_domain,G003_domain_out,Zin50,C,10,G003,"M=20,20,20,20,|T=0,0,0,0,|B=1,15,1,50;",1,0,1,155700007,255700007,1.15,1.06513288713846,10,G003,1,G003,1,1,0,0,1,0,0,0,0,REJECTED,fit_quality_gate,249.41182331598,251.315826501605,1.90400318562484,229.113561030603,1.1775097320874,0,618,619
T_domain,G003_domain_out,Zin50,C,10,G003,"M=20,20,20,20,|T=0,0,0,0,|B=1,15,1,50;",1,0,1,155700008,255700008,1.15,0.814861219223601,10,G003,1,G003,1,1,0,0,1,0,0,0,0,REJECTED,fit_quality_gate,260.513670730975,265.006283269322,4.49261253834652,238.316127283734,1.1775097320874,0,616,617
T_domain,G003_domain_out,Zin50,C,10,G003,"M=20,20,20,20,|T=0,0,0,0,|B=1,15,1,50;",1,0,1,155700009,255700009,1.15,0.910016524439535,10,G003,1,G003,1,1,0,0,1,0,0,0,0,REJECTED,fit_quality_gate,255.680917940255,259.169223764253,3.48830582399771,234.680629380446,1.1775097320874,0,618,619
T_domain,G003_domain_out,Zin50,C,10,G003,"M=20,20,20,20,|T=0,0,0,0,|B=1,15,1,50;",1,0,1,155700010,255700010,1.15,0.885448766857814,10,G003,1,G003,1,1,0,0,1,0,0,0,0,REJECTED,fit_quality_gate,256.963229006726,260.738392818,3.77516381127407,235.557919053753,1.1775097320874,0,616,617
T_domain,G003_domain_out,Zin50,C,10,G003,"M=20,20,20,20,|T=0,0,0,0,|B=1,15,1,50;",1,0,1,155700011,255700011,1.15,1.09820380843836,10,G003,1,G003,1,1,0,0,1,0,0,0,0,REJECTED,fit_quality_gate,248.224624503778,249.86673634012,1.64211183634254,227.960206410825,1.1775097320874,0,616,617
T_domain,G003_domain_out,Zin50,C,10,G003,"M=20,20,20,20,|T=0,0,0,0,|B=1,15,1,50;",1,0,1,155700012,255700012,1.15,0.830086146905027,10,G003,1,G003,1,1,0,0,1,0,0,0,0,REJECTED,fit_quality_gate,259.42800191183,263.851172892862,4.4231709810324,237.810618323261,1.1775097320874,0,614,615
T_domain,G003_domain_out,Zin50,C,10,G003,"M=20,20,20,20,|T=0,0,0,0,|B=1,15,1,50;",1,0,1,155700013,255700013,1.15,1.08982461475165,10,G003,1,G003,1,1,0,0,1,0,0,0,0,REJECTED,fit_quality_gate,248.677228601983,250.355650465171,1.67842186318779,228.511206519391,1.1775097320874,0,616,617
T_domain,G003_domain_out,Zin50,C,10,G003,"M=20,20,20,20,|T=0,0,0,0,|B=1,15,1,50;",1,0,1,155700014,255700014,1.15,0.831971294263125,10,G003,1,G003,1,1,0,0,1,0,0,0,0,REJECTED,fit_quality_gate,259.390247256619,263.682413399779,4.29216614315993,237.537028388366,1.1775097320874,0,616,617
T_domain,G003_domain_out,Zin50,C,10,G003,"M=20,20,20,20,|T=0,0,0,0,|B=1,15,1,50;",1,0,1,155700015,255700015,1.15,1.08632663323301,10,G003,1,G003,1,1,0,0,1,0,0,0,0,REJECTED,fit_quality_gate,248.778760119072,250.494247251743,1.71548713267066,228.830710607159,1.1775097320874,0,618,619
T_domain,G003_domain_out,Zin50,C,10,G003,"M=20,20,20,20,|T=0,0,0,0,|B=1,15,1,50;",1,0,1,155700016,255700016,1.15,1.01553666066643,10,G003,1,G003,1,1,0,0,1,0,0,0,0,REJECTED,fit_quality_gate,251.1526432513,253.674340991777,2.52169774047618,230.69751651669,1.1775097320874,0,620,621
T_domain,G003_domain_out,Zin50,C,10,G003,"M=20,20,20,20,|T=0,0,0,0,|B=1,15,1,50;",1,0,1,155700017,255700017,1.15,0.861685837907096,10,G003,1,G003,1,1,0,0,1,0,0,0,0,REJECTED,fit_quality_gate,258.035362901655,262.102582361869,4.06721946021457,236.590034145429,1.1775097320874,0,618,619
T_domain,G003_domain_out,Zin50,C,10,G003,"M=20,20,20,20,|T=0,0,0,0,|B=1,15,1,50;",1,0,1,155700018,255700018,1.15,0.995422654058848,10,G003,1,G003,1,1,0,0,1,0,0,0,0,REJECTED,fit_quality_gate,251.884319455673,254.522335242789,2.63801578711599,231.451478495757,1.1775097320874,0,618,619
T_domain,G003_domain_out,Zin50,C,10,G003,"M=20,20,20,20,|T=0,0,0,0,|B=1,15,1,50;",1,0,1,155700019,255700019,1.15,1.17541816938956,10,G003,1,G003,1,1,0,0,1,0,0,0,0,REJECTED,fit_quality_gate,246.215341531932,247.075753521965,0.860411990032247,225.982227097997,1.1775097320874,0,598,599
T_domain,G003_domain_out,Zin50,C,10,G003,"M=20,20,20,20,|T=0,0,0,0,|B=1,15,1,50;",1,0,1,155700020,255700020,1.15,1.096514600385,10,G003,1,G003,1,1,0,0,1,0,0,0,0,REJECTED,fit_quality_gate,248.278863256669,249.864430969879,1.58556771321037,228.232378969247,1.1775097320874,0,616,617
T_domain,G003_domain_out,Zin50,C,10,G003,"M=20,20,20,20,|T=0,0,0,0,|B=1,15,1,50;",1,0,1,155700021,255700021,1.15,1.19440293255101,10,G003,1,G003,1,1,0,0,1,0,0,0,0,REJECTED,fit_quality_gate,245.488734309331,246.185402017708,0.696667708377561,225.280949232597,1.1775097320874,0,582,583
T_domain,G003_domain_out,Zin50,C,10,G003,"M=20,20,20,20,|T=0,0,0,0,|B=1,15,1,50;",1,0,1,155700022,255700022,1.15,0.946773949123953,10,G003,1,G003,1,1,0,0,1,0,0,0,0,REJECTED,fit_quality_gate,254.232513287477,257.356801038252,3.12428775077524,233.262855196742,1.1775097320874,0,618,619
T_domain,G003_domain_out,Zin50,C,10,G003,"M=20,20,20,20,|T=0,0,0,0,|B=1,15,1,50;",1,0,1,155700023,255700023,1.15,0.994875862394334,10,G003,1,G003,1,1,0,0,1,0,0,0,0,REJECTED,fit_quality_gate,251.877404731645,254.606925765191,2.72952103354541,231.597175694056,1.1775097320874,0,618,619
T_domain,G003_domain_out,Zin50,C,10,G003,"M=20,20,20,20,|T=0,0,0,0,|B=1,15,1,50;",1,0,1,155700024,255700024,1.15,1.1425667223909,10,G003,1,G003,1,1,0,0,1,0,0,0,0,REJECTED,fit_quality_gate,247.086409996391,248.165150351275,1.07874035488391,226.547966141192,1.1775097320874,0,598,599
T_domain,G003_domain_out,Zin50,C,10,G003,"M=20,20,20,20,|T=0,0,0,0,|B=1,15,1,50;",1,0,1,155700025,255700025,1.15,1.07694504923692,10,G003,1,G003,1,1,0,0,1,0,0,0,0,REJECTED,fit_quality_gate,248.907809906524,250.922994542394,2.01518463587061,228.739465065868,1.1775097320874,0,618,619
T_domain,G003_domain_out,Zin50,C,10,G003,"M=20,20,20,20,|T=0,0,0,0,|B=1,15,1,50;",1,0,1,155700026,255700026,1.15,0.890456542825971,10,G003,1,G003,1,1,0,0,1,0,0,0,0,REJECTED,fit_quality_gate,256.604476314342,260.329840944924,3.72536463058179,235.250588243925,1.1775097320874,0,616,617
T_domain,G003_domain_out,Zin50,C,10,G003,"M=20,20,20,20,|T=0,0,0,0,|B=1,15,1,50;",1,0,1,155700027,255700027,1.15,1.09225609790046,10,G003,1,G003,1,1,0,0,1,0,0,0,0,REJECTED,fit_quality_gate,248.490996527501,250.153623195555,1.66262666805397,228.660922119778,1.1775097320874,0,616,617
T_domain,G003_domain_out,Zin50,C,10,G003,"M=20,20,20,20,|T=0,0,0,0,|B=1,15,1,50;",1,0,1,155700028,255700028,1.15,1.16723555058399,10,G003,1,G003,1,1,0,0,1,0,0,0,0,REJECTED,fit_quality_gate,246.25973384496,247.223581104698,0.963847259738174,225.952024046293,1.1775097320874,0,598,599
T_domain,G003_domain_out,Zin50,C,10,G003,"M=20,20,20,20,|T=0,0,0,0,|B=1,15,1,50;",1,0,1,155700029,255700029,1.15,1.17824576170807,10,G003,1,G003,1,1,0,0,1,0,0,0,0,REJECTED,fit_quality_gate,246.170260821068,247.038696402952,0.868435581884114,225.472791483434,1.1775097320874,0,598,599
T_domain,G003_domain_out,Zin50,C,10,G003,"M=20,20,20,20,|T=0,0,0,0,|B=1,15,1,50;",1,0,1,155700030,255700030,1.15,1.154217231431,10,G003,1,G003,1,1,0,0,1,0,0,0,0,REJECTED,fit_quality_gate,246.824169244433,247.8576027704,1.0334335259671,226.58589354727,1.1775097320874,0,600,601
T,G001,H50_Zin50,A,0,G001,"M=20,20,20,20,|T=0,0,0,0,|B=none",1,0,0,105100001,205100001,1.01130078768643,0.962930318236969,3,G001,1,G001,1,1,0,0,1,1,0,0,0,UNIQUE_CONFIDENT,single_candidate_with_margin,1.05005076543452,173.414960904342,172.364910138908,1.05005076543452,1.15221686819438,0,138,138
T,G001,H50_Zin50,A,0,G001,"M=20,20,20,20,|T=0,0,0,0,|B=none",1,0,0,105100002,205100002,1.00117762201509,1.08950290181416,3,G001,1,G001,1,1,0,0,1,0,0,0,0,REJECTED,fit_quality_gate,1.1568958912679,176.811550676118,175.65465478485,1.1568958912679,1.15221686819438,0,136,136
T,G001,H50_Zin50,A,0,G001,"M=20,20,20,20,|T=0,0,0,0,|B=none",1,0,0,105100003,205100003,0.984759506045676,1.02720540607408,3,G001,1,G001,1,1,0,0,1,1,0,0,0,UNIQUE_CONFIDENT,single_candidate_with_margin,1.03227651494663,179.335761595609,178.303485080662,1.03227651494663,1.15221686819438,0,136,136
T,G001,H50_Zin50,A,0,G001,"M=20,20,20,20,|T=0,0,0,0,|B=none",1,0,0,105100004,205100004,1.00803530852974,0.96759907991996,3,G001,1,G001,1,1,0,0,1,1,0,0,0,UNIQUE_CONFIDENT,single_candidate_with_margin,1.05876172796892,174.209912411517,173.151150683548,1.05876172796892,1.15221686819438,0,136,136
T,G001,H50_Zin50,A,0,G001,"M=20,20,20,20,|T=0,0,0,0,|B=none",1,0,0,105100005,205100005,1.01190161902295,1.1020435043837,3,G001,1,G001,1,1,0,0,1,1,0,0,0,UNIQUE_CONFIDENT,single_candidate_with_margin,1.13434251518586,173.294250862547,172.159908347361,1.13434251518586,1.15221686819438,0,140,140
T,G001,H50_Zin50,A,0,G001,"M=20,20,20,20,|T=0,0,0,0,|B=none",1,0,0,105100006,205100006,0.983890126328253,0.979102549791537,3,G001,1,G001,1,1,0,0,1,1,0,0,0,UNIQUE_CONFIDENT,single_candidate_with_margin,1.10383005625681,179.355198379497,178.25136832324,1.10383005625681,1.15221686819438,0,136,136
T,G001,H50_Zin50,A,0,G001,"M=20,20,20,20,|T=0,0,0,0,|B=none",1,0,0,105100007,205100007,1.00158288339419,0.948033944101689,3,G001,1,G001,1,1,0,0,1,1,0,0,0,UNIQUE_CONFIDENT,single_candidate_with_margin,1.14571638806213,176.71452838502,175.568811996958,1.14571638806213,1.15221686819438,0,136,136
T,G001,H50_Zin50,A,0,G001,"M=20,20,20,20,|T=0,0,0,0,|B=none",1,0,0,105100008,205100008,1.00240845332167,1.15619675294995,3,G001,1,G001,1,1,0,0,1,1,0,0,0,UNIQUE_CONFIDENT,single_candidate_with_margin,1.02695342757927,176.358279072335,175.331325644756,1.02695342757927,1.15221686819438,0,132,132
T,G001,H50_Zin50,A,0,G001,"M=20,20,20,20,|T=0,0,0,0,|B=none",1,0,0,105100009,205100009,1.01902534910768,1.03155070260722,3,G001,1,G001,1,1,0,0,1,1,0,0,0,UNIQUE_CONFIDENT,single_candidate_with_margin,1.12217721732323,172.93091962013,171.808742402807,1.12217721732323,1.15221686819438,0,136,136
T,G001,H50_Zin50,A,0,G001,"M=20,20,20,20,|T=0,0,0,0,|B=none",1,0,0,105100010,205100010,1.00856441692474,1.06628751396675,3,G001,1,G001,1,1,0,0,1,1,0,0,0,UNIQUE_CONFIDENT,single_candidate_with_margin,1.10561614442992,174.114531054095,173.008914909665,1.10561614442992,1.15221686819438,0,136,136
T,G001,H50_Zin50,A,0,G001,"M=20,20,20,20,|T=0,0,0,0,|B=none",1,0,0,105100011,205100011,1.00361488391806,1.10103704277869,3,G001,1,G001,1,1,0,0,1,1,0,0,0,UNIQUE_CONFIDENT,single_candidate_with_margin,1.08647012549824,175.883381802851,174.796911677353,1.08647012549824,1.15221686819438,0,132,132
T,G001,H50_Zin50,A,0,G001,"M=20,20,20,20,|T=0,0,0,0,|B=none",1,0,0,105100012,205100012,0.982332114449622,0.887345015119814,3,G001,1,G001,1,1,0,0,1,1,0,0,0,UNIQUE_CONFIDENT,single_candidate_with_margin,1.11619479850944,179.516995055538,178.400800257029,1.11619479850944,1.15221686819438,0,136,136
T,G001,H50_Zin50,A,0,G001,"M=20,20,20,20,|T=0,0,0,0,|B=none",1,0,0,105100013,205100013,0.996751095164615,1.06794298205733,3,G001,1,G001,1,1,0,0,1,0,0,0,0,REJECTED,fit_quality_gate,1.18818425954282,178.222155957594,177.033971698052,1.18818425954282,1.15221686819438,0,136,136
T,G001,H50_Zin50,A,0,G001,"M=20,20,20,20,|T=0,0,0,0,|B=none",1,0,0,105100014,205100014,1.00875995810927,0.827011225085129,3,G001,1,G001,1,1,0,0,1,1,0,0,0,UNIQUE_CONFIDENT,single_candidate_with_margin,1.10598112217566,173.909465337173,172.803484214998,1.10598112217566,1.15221686819438,0,136,136
T,G001,H50_Zin50,A,0,G001,"M=20,20,20,20,|T=0,0,0,0,|B=none",1,0,0,105100015,205100015,0.998978533151966,0.907801835059263,3,G001,1,G001,1,1,0,0,1,1,0,0,0,UNIQUE_CONFIDENT,single_candidate_with_margin,1.03279779346171,177.576291497067,176.543493703606,1.03279779346171,1.15221686819438,0,136,136
T,G001,H50_Zin50,A,0,G001,"M=20,20,20,20,|T=0,0,0,0,|B=none",1,0,0,105100016,205100016,0.987802879474631,1.05686937250375,3,G001,1,G001,1,1,0,0,1,1,0,0,0,UNIQUE_CONFIDENT,single_candidate_with_margin,1.06562515235837,179.222052573787,178.156427421429,1.06562515235837,1.15221686819438,0,136,136
T,G001,H50_Zin50,A,0,G001,"M=20,20,20,20,|T=0,0,0,0,|B=none",1,0,0,105100017,205100017,1.00049012530766,0.800386235894002,3,G001,1,G001,1,1,0,0,1,1,0,0,0,UNIQUE_CONFIDENT,single_candidate_with_margin,1.04270486285378,177.077419566551,176.034714703697,1.04270486285378,1.15221686819438,0,136,136
T,G001,H50_Zin50,A,0,G001,"M=20,20,20,20,|T=0,0,0,0,|B=none",1,0,0,105100018,205100018,1.0075875657568,0.961939969969704,3,G001,1,G001,1,1,0,0,1,1,0,0,0,UNIQUE_CONFIDENT,single_candidate_with_margin,1.05469722547814,174.466220137993,173.411522912515,1.05469722547814,1.15221686819438,0,136,136
T,G001,H50_Zin50,A,0,G001,"M=20,20,20,20,|T=0,0,0,0,|B=none",1,0,0,105100019,205100019,0.995978574334711,0.914401208354212,3,G001,1,G001,1,1,0,0,1,1,0,0,0,UNIQUE_CONFIDENT,single_candidate_with_margin,1.12903574453143,178.382104959717,177.253069215186,1.12903574453143,1.15221686819438,0,136,136
T,G001,H50_Zin50,A,0,G001,"M=20,20,20,20,|T=0,0,0,0,|B=none",1,0,0,105100020,205100020,0.986970796332181,0.978574723291958,3,G001,1,G001,1,1,0,0,1,1,0,0,0,UNIQUE_CONFIDENT,single_candidate_with_margin,1.14349222927347,179.259911814148,178.116419584875,1.14349222927347,1.15221686819438,0,138,138
T,G001,H50_Zin50,A,0,G001,"M=20,20,20,20,|T=0,0,0,0,|B=none",1,0,0,105100021,205100021,0.981500602308643,0.808179839229982,3,G001,1,G001,1,1,0,0,1,1,0,0,0,UNIQUE_CONFIDENT,single_candidate_with_margin,1.10865134203484,179.299705744175,178.19105440214,1.10865134203484,1.15221686819438,0,134,134
T,G001,H50_Zin50,A,0,G001,"M=20,20,20,20,|T=0,0,0,0,|B=none",1,0,0,105100022,205100022,0.988145889963335,0.876156105426699,3,G001,1,G001,1,1,0,0,1,1,0,0,0,UNIQUE_CONFIDENT,single_candidate_with_margin,1.06730689068452,179.384146620617,178.316839729933,1.06730689068452,1.15221686819438,0,136,136
T,G001,H50_Zin50,A,0,G001,"M=20,20,20,20,|T=0,0,0,0,|B=none",1,0,0,105100023,205100023,0.99111199313114,1.07275300615055,3,G001,1,G001,1,1,0,0,1,1,0,0,0,UNIQUE_CONFIDENT,single_candidate_with_margin,1.00342541780965,179.121656518033,178.118231100223,1.00342541780965,1.15221686819438,0,138,138
T,G001,H50_Zin50,A,0,G001,"M=20,20,20,20,|T=0,0,0,0,|B=none",1,0,0,105100024,205100024,0.996566900580011,1.13244077591968,3,G001,1,G001,1,1,0,0,1,0,0,0,0,REJECTED,fit_quality_gate,1.19487106427695,178.364374006104,177.169502941827,1.19487106427695,1.15221686819438,0,134,134
T,G001,H50_Zin50,A,0,G001,"M=20,20,20,20,|T=0,0,0,0,|B=none",1,0,0,105100025,205100025,0.991812511943381,1.07849600724505,3,G001,1,G001,1,1,0,0,1,1,0,0,0,UNIQUE_CONFIDENT,single_candidate_with_margin,1.00804028239679,179.099512714349,178.091472431952,1.00804028239679,1.15221686819438,0,134,134
T,G001,H50_Zin50,A,0,G001,"M=20,20,20,20,|T=0,0,0,0,|B=none",1,0,0,105100026,205100026,0.983514496420446,0.948132531736518,3,G001,1,G001,1,1,0,0,1,1,0,0,0,UNIQUE_CONFIDENT,single_candidate_with_margin,1.14002119927476,179.266593049754,178.126571850479,1.14002119927476,1.15221686819438,0,134,134
T,G001,H50_Zin50,A,0,G001,"M=20,20,20,20,|T=0,0,0,0,|B=none",1,0,0,105100027,205100027,0.981996371120438,1.07600938115109,3,G001,1,G001,1,1,0,0,1,1,0,0,0,UNIQUE_CONFIDENT,single_candidate_with_margin,1.12997146626037,179.371527063399,178.241555597139,1.12997146626037,1.15221686819438,0,134,134
T,G001,H50_Zin50,A,0,G001,"M=20,20,20,20,|T=0,0,0,0,|B=none",1,0,0,105100028,205100028,0.994566891417759,1.13938972787835,3,G001,1,G001,1,1,0,0,1,1,0,0,0,UNIQUE_CONFIDENT,single_candidate_with_margin,1.07682774200824,178.556210307685,177.479382565677,1.07682774200824,1.15221686819438,0,134,134
T,G001,H50_Zin50,A,0,G001,"M=20,20,20,20,|T=0,0,0,0,|B=none",1,0,0,105100029,205100029,1.00096472738658,1.10608018821824,3,G001,1,G001,1,1,0,0,1,1,0,0,0,UNIQUE_CONFIDENT,single_candidate_with_margin,1.0755275887217,177.01142691861,175.935899329888,1.0755275887217,1.15221686819438,0,136,136
T,G001,H50_Zin50,A,0,G001,"M=20,20,20,20,|T=0,0,0,0,|B=none",1,0,0,105100030,205100030,1.00680328455663,1.05992840548899,3,G001,1,G001,1,1,0,0,1,1,0,0,0,UNIQUE_CONFIDENT,single_candidate_with_margin,1.07474346987198,174.735875939876,173.661132470004,1.07474346987198,1.15221686819438,0,134,134
T,G002,H50_Zin50,A,0,G002,"M=20,20,20,20,|T=0,0,0,0,|B=2,15,1,50;",1,0,0,105400001,205400001,0.988573068924283,0.811969193859827,3,G002,1,G002,1,1,0,0,1,1,0,0,0,UNIQUE_CONFIDENT,single_candidate_with_margin,0.874130109449245,191.157242752006,190.283112642557,0.874130109449245,1.15221686819438,0,149,149
T,G002,H50_Zin50,A,0,G002,"M=20,20,20,20,|T=0,0,0,0,|B=2,15,1,50;",1,0,0,105400002,205400002,1.00185513348894,1.01692325798831,3,G002,1,G002,1,1,0,0,1,1,0,0,0,UNIQUE_CONFIDENT,single_candidate_with_margin,0.968810306324389,179.829219382245,178.86040907592,0.968810306324389,1.15221686819438,0,119,119
T,G002,H50_Zin50,A,0,G002,"M=20,20,20,20,|T=0,0,0,0,|B=2,15,1,50;",1,0,0,105400003,205400003,0.991102836397355,1.11795435101863,3,G002,1,G002,1,1,0,0,1,1,0,0,0,UNIQUE_CONFIDENT,single_candidate_with_margin,0.979420230619587,181.260948453652,180.281528223032,0.979420230619587,1.15221686819438,0,147,147
T,G002,H50_Zin50,A,0,G002,"M=20,20,20,20,|T=0,0,0,0,|B=2,15,1,50;",1,0,0,105400004,205400004,0.991025292960297,1.06299671723079,3,G002,1,G002,1,1,0,0,1,1,0,0,0,UNIQUE_CONFIDENT,single_candidate_with_margin,0.988285812845836,182.633801532158,181.645515719312,0.988285812845836,1.15221686819438,0,147,147
T,G002,H50_Zin50,A,0,G002,"M=20,20,20,20,|T=0,0,0,0,|B=2,15,1,50;",1,0,0,105400005,205400005,1.01749406010602,0.872713441113738,3,G002,1,G002,1,1,0,0,1,1,0,0,0,UNIQUE_CONFIDENT,single_candidate_with_margin,1.00867097090599,181.271341946011,180.262670975105,1.00867097090599,1.15221686819438,0,117,117
T,G002,H50_Zin50,A,0,G002,"M=20,20,20,20,|T=0,0,0,0,|B=2,15,1,50;",1,0,0,105400006,205400006,1.01359482646635,0.869925550879111,3,G002,1,G002,1,1,0,0,1,1,0,0,0,UNIQUE_CONFIDENT,single_candidate_with_margin,1.00241161774305,181.07338790254,180.070976284797,1.00241161774305,1.15221686819438,0,119,119
T,G002,H50_Zin50,A,0,G002,"M=20,20,20,20,|T=0,0,0,0,|B=2,15,1,50;",1,0,0,105400007,205400007,0.988632087415182,0.957880163184862,3,G002,1,G002,1,1,0,0,1,1,0,0,0,UNIQUE_CONFIDENT,single_candidate_with_margin,1.00604098066616,186.15862278906,185.152581808393,1.00604098066616,1.15221686819438,0,147,147
T,G002,H50_Zin50,A,0,G002,"M=20,20,20,20,|T=0,0,0,0,|B=2,15,1,50;",1,0,0,105400008,205400008,1.01316767590818,0.923228467911165,3,G002,1,G002,1,1,0,0,1,1,0,0,0,UNIQUE_CONFIDENT,single_candidate_with_margin,0.985768239123191,179.56850435168,178.582736112556,0.985768239123191,1.15221686819438,0,119,119
T,G002,H50_Zin50,A,0,G002,"M=20,20,20,20,|T=0,0,0,0,|B=2,15,1,50;",1,0,0,105400009,205400009,0.98705273814528,0.888653221930581,3,G002,1,G002,1,1,0,0,1,1,0,0,0,UNIQUE_CONFIDENT,single_candidate_with_margin,1.01055111151245,188.460633718212,187.4500826067,1.01055111151245,1.15221686819438,0,145,145
T,G002,H50_Zin50,A,0,G002,"M=20,20,20,20,|T=0,0,0,0,|B=2,15,1,50;",1,0,0,105400010,205400010,1.00062044788592,0.994410459662702,3,G002,1,G002,1,1,0,0,1,1,0,0,0,UNIQUE_CONFIDENT,single_candidate_with_margin,1.01877325254063,181.02909557972,180.010322327179,1.01877325254063,1.15221686819438,0,121,121
T,G002,H50_Zin50,A,0,G002,"M=20,20,20,20,|T=0,0,0,0,|B=2,15,1,50;",1,0,0,105400011,205400011,1.01026910923814,1.15168743750101,3,G002,1,G002,1,1,0,0,1,1,0,0,0,UNIQUE_CONFIDENT,single_candidate_with_margin,0.907431697281817,174.30790514843,173.400473451148,0.907431697281817,1.15221686819438,0,122,122
T,G002,H50_Zin50,A,0,G002,"M=20,20,20,20,|T=0,0,0,0,|B=2,15,1,50;",1,0,0,105400012,205400012,0.99825812471806,1.11950013278369,3,G002,1,G002,1,1,0,0,1,1,0,0,0,UNIQUE_CONFIDENT,single_candidate_with_margin,0.872391725365806,178.814524268674,177.942132543308,0.872391725365806,1.15221686819438,0,143,143
T,G002,H50_Zin50,A,0,G002,"M=20,20,20,20,|T=0,0,0,0,|B=2,15,1,50;",1,0,0,105400013,205400013,1.00165737179159,1.12927354372355,3,G002,1,G002,1,1,0,0,1,1,0,0,0,UNIQUE_CONFIDENT,single_candidate_with_margin,0.932273905714998,177.208555397792,176.276281492077,0.932273905714998,1.15221686819438,0,121,121
T,G002,H50_Zin50,A,0,G002,"M=20,20,20,20,|T=0,0,0,0,|B=2,15,1,50;",1,0,0,105400014,205400014,0.990083169170078,1.00353206101926,3,G002,1,G002,1,1,0,0,1,1,0,0,0,UNIQUE_CONFIDENT,single_candidate_with_margin,0.898632309858362,184.565076655796,183.666444345937,0.898632309858362,1.15221686819438,0,147,147
T,G002,H50_Zin50,A,0,G002,"M=20,20,20,20,|T=0,0,0,0,|B=2,15,1,50;",1,0,0,105400015,205400015,1.01635665403406,0.833533712937551,3,G002,1,G002,1,1,0,0,1,1,0,0,0,UNIQUE_CONFIDENT,single_candidate_with_margin,0.865382553462814,182.332564507936,181.467181954473,0.865382553462814,1.15221686819438,0,124,124
T,G002,H50_Zin50,A,0,G002,"M=20,20,20,20,|T=0,0,0,0,|B=2,15,1,50;",1,0,0,105400016,205400016,0.994530949393583,1.05256128117921,3,G002,1,G002,1,1,0,0,1,1,0,0,0,UNIQUE_CONFIDENT,single_candidate_with_margin,0.955163431406917,182.32670532273,181.371541891323,0.955163431406917,1.15221686819438,0,147,147
T,G002,H50_Zin50,A,0,G002,"M=20,20,20,20,|T=0,0,0,0,|B=2,15,1,50;",1,0,0,105400017,205400017,1.01257670675115,0.92731223711962,3,G002,1,G002,1,1,0,0,1,1,0,0,0,UNIQUE_CONFIDENT,single_candidate_with_margin,0.986453027307405,179.554601766972,178.568148739665,0.986453027307405,1.15221686819438,0,121,121
T,G002,H50_Zin50,A,0,G002,"M=20,20,20,20,|T=0,0,0,0,|B=2,15,1,50;",1,0,0,105400018,205400018,0.999010536264076,0.900253168627296,3,G002,1,G002,1,1,0,0,1,1,0,0,0,UNIQUE_CONFIDENT,single_candidate_with_margin,0.954016163777704,184.455302944022,183.501286780244,0.954016163777704,1.15221686819438,0,117,117
T,G002,H50_Zin50,A,0,G002,"M=20,20,20,20,|T=0,0,0,0,|B=2,15,1,50;",1,0,0,105400019,205400019,1.00486737189444,0.891703844372564,3,G002,1,G002,1,1,0,0,1,1,0,0,0,UNIQUE_CONFIDENT,single_candidate_with_margin,0.913255265713143,182.050684103409,181.137428837695,0.913255265713143,1.15221686819438,0,117,117
T,G002,H50_Zin50,A,0,G002,"M=20,20,20,20,|T=0,0,0,0,|B=2,15,1,50;",1,0,0,105400020,205400020,0.999926376274403,1.11157479821043,3,G002,1,G002,1,1,0,0,1,1,0,0,0,UNIQUE_CONFIDENT,single_candidate_with_margin,0.931206286208929,178.311595016097,177.380388729888,0.931206286208929,1.15221686819438,0,143,143
T,G002,H50_Zin50,A,0,G002,"M=20,20,20,20,|T=0,0,0,0,|B=2,15,1,50;",1,0,0,105400021,205400021,1.00155510303813,1.16081095140684,3,G002,1,G002,1,1,0,0,1,1,0,0,0,UNIQUE_CONFIDENT,single_candidate_with_margin,0.960274657443734,176.507820210782,175.547545553339,0.960274657443734,1.15221686819438,0,147,147
T,G002,H50_Zin50,A,0,G002,"M=20,20,20,20,|T=0,0,0,0,|B=2,15,1,50;",1,0,0,105400022,205400022,1.00009971427878,1.1210120172267,3,G002,1,G002,1,1,0,0,1,1,0,0,0,UNIQUE_CONFIDENT,single_candidate_with_margin,0.86400572994006,178.013172207183,177.149166477243,0.86400572994006,1.15221686819438,0,145,145
T,G002,H50_Zin50,A,0,G002,"M=20,20,20,20,|T=0,0,0,0,|B=2,15,1,50;",1,0,0,105400023,205400023,1.00893247828377,0.918668766356156,3,G002,1,G002,1,1,0,0,1,1,0,0,0,UNIQUE_CONFIDENT,single_candidate_with_margin,0.993359286852704,180.227912986133,179.234553699281,0.993359286852704,1.15221686819438,0,122,122
T,G002,H50_Zin50,A,0,G002,"M=20,20,20,20,|T=0,0,0,0,|B=2,15,1,50;",1,0,0,105400024,205400024,0.986163157171187,0.948877070081858,3,G002,1,G002,1,1,0,0,1,1,0,0,0,UNIQUE_CONFIDENT,single_candidate_with_margin,0.894633977783719,186.609346825021,185.714712847238,0.894633977783719,1.15221686819438,0,141,141
T,G002,H50_Zin50,A,0,G002,"M=20,20,20,20,|T=0,0,0,0,|B=2,15,1,50;",1,0,0,105400025,205400025,0.98103170841172,0.982238888652272,3,G002,1,G002,1,1,0,0,1,1,0,0,0,UNIQUE_CONFIDENT,single_candidate_with_margin,0.898910330375022,185.677292220795,184.77838189042,0.898910330375022,1.15221686819438,0,139,139
T,G002,H50_Zin50,A,0,G002,"M=20,20,20,20,|T=0,0,0,0,|B=2,15,1,50;",1,0,0,105400026,205400026,0.995361075424797,0.918983648620051,3,G002,1,G002,1,1,0,0,1,1,0,0,0,UNIQUE_CONFIDENT,single_candidate_with_margin,0.879639239856772,185.635065958489,184.755426718633,0.879639239856772,1.15221686819438,0,149,149
T,G002,H50_Zin50,A,0,G002,"M=20,20,20,20,|T=0,0,0,0,|B=2,15,1,50;",1,0,0,105400027,205400027,1.00145814455828,1.03716497166477,3,G002,1,G002,1,1,0,0,1,1,0,0,0,UNIQUE_CONFIDENT,single_candidate_with_margin,0.914448287549529,179.477611263238,178.563162975688,0.914448287549529,1.15221686819438,0,119,119
T,G002,H50_Zin50,A,0,G002,"M=20,20,20,20,|T=0,0,0,0,|B=2,15,1,50;",1,0,0,105400028,205400028,0.995030185890738,0.886923809965309,3,G002,1,G002,1,1,0,0,1,1,0,0,0,UNIQUE_CONFIDENT,single_candidate_with_margin,0.887737322107621,186.790454778385,185.902717456277,0.887737322107621,1.15221686819438,0,151,151
T,G002,H50_Zin50,A,0,G002,"M=20,20,20,20,|T=0,0,0,0,|B=2,15,1,50;",1,0,0,105400029,205400029,1.01065333155543,1.08767062661294,3,G002,1,G002,1,1,0,0,1,1,0,0,0,UNIQUE_CONFIDENT,single_candidate_with_margin,0.962494192253562,175.821602334063,174.859108141809,0.962494192253562,1.15221686819438,0,124,124
T,G002,H50_Zin50,A,0,G002,"M=20,20,20,20,|T=0,0,0,0,|B=2,15,1,50;",1,0,0,105400030,205400030,0.991334363532446,1.15449990034747,3,G002,1,G002,1,1,0,0,1,1,0,0,0,UNIQUE_CONFIDENT,single_candidate_with_margin,0.965330340703559,180.433664346296,179.468334005593,0.965330340703559,1.15221686819438,0,148,148
T,G003,H50_Zin50,A,0,G003,"M=20,20,20,20,|T=0,0,0,0,|B=1,15,1,50;",1,0,0,105700001,205700001,1.01144517178094,0.853872007049638,3,G003,1,G003,1,1,0,0,1,1,0,0,0,UNIQUE_CONFIDENT,single_candidate_with_margin,0.938753556846236,207.789872328317,206.851118771471,0.938753556846236,1.15221686819438,0,144,144
T,G003,H50_Zin50,A,0,G003,"M=20,20,20,20,|T=0,0,0,0,|B=1,15,1,50;",1,0,0,105700002,205700002,0.995081677834189,0.981352101817711,3,G003,1,G003,1,1,0,0,1,1,0,0,0,UNIQUE_CONFIDENT,single_candidate_with_margin,0.944860395012354,203.376203244095,202.431342849083,0.944860395012354,1.15221686819438,0,143,143
T,G003,H50_Zin50,A,0,G003,"M=20,20,20,20,|T=0,0,0,0,|B=1,15,1,50;",1,0,0,105700003,205700003,1.01459944367066,1.14553208203152,3,G003,1,G003,1,1,0,0,1,1,0,0,0,UNIQUE_CONFIDENT,single_candidate_with_margin,0.921945626952686,195.326230263845,194.404284636892,0.921945626952686,1.15221686819438,0,148,148
T,G003,H50_Zin50,A,0,G003,"M=20,20,20,20,|T=0,0,0,0,|B=1,15,1,50;",1,0,0,105700004,205700004,0.993273305094451,0.801469904158351,3,,0,G003,1,1,0,0,0,0,0,0,0,REJECTED,empty_candidate_set,0.978712119156078,213.22770570179,212.248993582633,0.978712119156078,1.15221686819438,0,149,149
T,G003,H50_Zin50,A,0,G003,"M=20,20,20,20,|T=0,0,0,0,|B=1,15,1,50;",1,0,0,105700005,205700005,0.989420189537726,0.819584792058597,3,,0,G003,1,1,0,0,0,0,0,0,0,REJECTED,empty_candidate_set,1.01318432656443,213.87728284121,212.864098514645,1.01318432656443,1.15221686819438,0,147,147
T,G003,H50_Zin50,A,0,G003,"M=20,20,20,20,|T=0,0,0,0,|B=1,15,1,50;",1,0,0,105700006,205700006,0.986837527188678,0.858049493033661,3,G003,1,G003,1,1,0,0,1,1,0,0,0,UNIQUE_CONFIDENT,single_candidate_with_margin,0.972862732961752,212.304124181029,211.331261448067,0.972862732961752,1.15221686819438,0,146,146
T,G003,H50_Zin50,A,0,G003,"M=20,20,20,20,|T=0,0,0,0,|B=1,15,1,50;",1,0,0,105700007,205700007,1.00826763107419,1.16195083755481,3,,0,G003,1,1,0,0,0,0,0,0,0,REJECTED,empty_candidate_set,1.00827685367624,195.049001868728,194.040725015052,1.00827685367624,1.15221686819438,0,148,148
T,G003,H50_Zin50,A,0,G003,"M=20,20,20,20,|T=0,0,0,0,|B=1,15,1,50;",1,0,0,105700008,205700008,1.00974446155434,0.948449162011886,3,G003,1,G003,1,1,0,0,1,1,0,0,0,UNIQUE_CONFIDENT,single_candidate_with_margin,0.914215392772077,203.542654735406,202.628439342634,0.914215392772077,1.15221686819438,0,141,141
T,G003,H50_Zin50,A,0,G003,"M=20,20,20,20,|T=0,0,0,0,|B=1,15,1,50;",1,0,0,105700009,205700009,0.982928465485157,0.944814625457763,3,G003,1,G003,1,1,0,0,1,1,0,0,0,UNIQUE_CONFIDENT,single_candidate_with_margin,0.909658512299268,208.632014903499,207.722356391199,0.909658512299268,1.15221686819438,0,143,143
T,G003,H50_Zin50,A,0,G003,"M=20,20,20,20,|T=0,0,0,0,|B=1,15,1,50;",1,0,0,105700010,205700010,1.01122653890421,0.874359839164597,3,G003,1,G003,1,1,0,0,1,1,0,0,0,UNIQUE_CONFIDENT,single_candidate_with_margin,0.964019889556799,206.874069720933,205.910049831376,0.964019889556799,1.15221686819438,0,143,143
T,G003,H50_Zin50,A,0,G003,"M=20,20,20,20,|T=0,0,0,0,|B=1,15,1,50;",1,0,0,105700011,205700011,0.99246311312411,1.16670262456046,3,G003,1,G003,1,1,0,0,1,1,0,0,0,UNIQUE_CONFIDENT,single_candidate_with_margin,0.961309056269334,196.275513128915,195.314204072646,0.961309056269334,1.15221686819438,0,146,146
T,G003,H50_Zin50,A,0,G003,"M=20,20,20,20,|T=0,0,0,0,|B=1,15,1,50;",1,0,0,105700012,205700012,0.981142113667719,0.869786333627192,3,,0,G003,1,1,0,0,0,0,0,0,0,REJECTED,empty_candidate_set,1.01639592150543,213.144294830325,212.127898908819,1.01639592150543,1.15221686819438,0,144,144
T,G003,H50_Zin50,A,0,G003,"M=20,20,20,20,|T=0,0,0,0,|B=1,15,1,50;",1,0,0,105700013,205700013,1.00359305715404,1.11783872594022,3,G003,1,G003,1,1,0,0,1,1,0,0,0,UNIQUE_CONFIDENT,single_candidate_with_margin,0.954644117052054,196.333162912848,195.378518795796,0.954644117052054,1.15221686819438,0,143,143
T,G003,H50_Zin50,A,0,G003,"M=20,20,20,20,|T=0,0,0,0,|B=1,15,1,50;",1,0,0,105700014,205700014,0.982323821987418,1.02431898977891,3,G003,1,G003,1,1,0,0,1,1,0,0,0,UNIQUE_CONFIDENT,single_candidate_with_margin,0.931763069176043,204.870787302591,203.939024233415,0.931763069176043,1.15221686819438,0,143,143
T,G003,H50_Zin50,A,0,G003,"M=20,20,20,20,|T=0,0,0,0,|B=1,15,1,50;",1,0,0,105700015,205700015,0.99723931763177,1.15585149516801,3,G003,1,G003,1,1,0,0,1,1,0,0,0,UNIQUE_CONFIDENT,single_candidate_with_margin,0.968478428167139,195.661989654253,194.693511226086,0.968478428167139,1.15221686819438,0,142,142
T,G003,H50_Zin50,A,0,G003,"M=20,20,20,20,|T=0,0,0,0,|B=1,15,1,50;",1,0,0,105700016,205700016,1.01379644820526,0.81686035080424,3,G003,1,G003,1,1,0,0,1,1,0,0,0,UNIQUE_CONFIDENT,single_candidate_with_margin,0.961463508471181,209.228103980823,208.266640472352,0.961463508471181,1.15221686819438,0,147,147
T,G003,H50_Zin50,A,0,G003,"M=20,20,20,20,|T=0,0,0,0,|B=1,15,1,50;",1,0,0,105700017,205700017,0.994804279903456,0.851580270263097,3,,0,G003,1,1,0,0,0,0,0,0,0,REJECTED,empty_candidate_set,0.995138854164753,209.875355379353,208.880216525188,0.995138854164753,1.15221686819438,0,144,144
T,G003,H50_Zin50,A,0,G003,"M=20,20,20,20,|T=0,0,0,0,|B=1,15,1,50;",1,0,0,105700018,205700018,1.00231055799652,0.996108424772102,3,G003,1,G003,1,1,0,0,1,1,0,0,0,UNIQUE_CONFIDENT,single_candidate_with_margin,0.902108031209402,201.267687496477,200.365579465268,0.902108031209402,1.15221686819438,0,143,143
T,G003,H50_Zin50,A,0,G003,"M=20,20,20,20,|T=0,0,0,0,|B=1,15,1,50;",1,0,0,105700019,205700019,0.990782888873091,0.909583884262962,3,G003,1,G003,1,1,0,0,1,1,0,0,0,UNIQUE_CONFIDENT,single_candidate_with_margin,0.895683955024547,208.226890922128,207.331206967103,0.895683955024547,1.15221686819438,0,148,148
T,G003,H50_Zin50,A,0,G003,"M=20,20,20,20,|T=0,0,0,0,|B=1,15,1,50;",1,0,0,105700020,205700020,0.986680539576807,0.897262510829887,3,G003,1,G003,1,1,0,0,1,1,0,0,0,UNIQUE_CONFIDENT,single_candidate_with_margin,0.931130809600927,210.29535927598,209.36422846638,0.931130809600927,1.15221686819438,0,145,145
T,G003,H50_Zin50,A,0,G003,"M=20,20,20,20,|T=0,0,0,0,|B=1,15,1,50;",1,0,0,105700021,205700021,1.01216264539775,0.950523385488781,3,G003,1,G003,1,1,0,0,1,1,0,0,0,UNIQUE_CONFIDENT,single_candidate_with_margin,0.962785144902336,203.332600175042,202.369815030139,0.962785144902336,1.15221686819438,0,142,142
T,G003,H50_Zin50,A,0,G003,"M=20,20,20,20,|T=0,0,0,0,|B=1,15,1,50;",1,0,0,105700022,205700022,1.00067358318077,1.04497302226515,3,G003,1,G003,1,1,0,0,1,1,0,0,0,UNIQUE_CONFIDENT,single_candidate_with_margin,0.953361985100774,199.519376284185,198.566014299084,0.953361985100774,1.15221686819438,0,145,145
T,G003,H50_Zin50,A,0,G003,"M=20,20,20,20,|T=0,0,0,0,|B=1,15,1,50;",1,0,0,105700023,205700023,1.00260117995872,0.844326661931549,3,G003,1,G003,1,1,0,0,1,1,0,0,0,UNIQUE_CONFIDENT,single_candidate_with_margin,0.960183819654296,208.111859180791,207.151675361137,0.960183819654296,1.15221686819438,0,144,144
T,G003,H50_Zin50,A,0,G003,"M=20,20,20,20,|T=0,0,0,0,|B=1,15,1,50;",1,0,0,105700024,205700024,1.00337218504616,1.15985128116423,3,G003,1,G003,1,1,0,0,1,1,0,0,0,UNIQUE_CONFIDENT,single_candidate_with_margin,0.9038733362573,194.9046898083,194.000816472043,0.9038733362573,1.15221686819438,0,146,146
T,G003,H50_Zin50,A,0,G003,"M=20,20,20,20,|T=0,0,0,0,|B=1,15,1,50;",1,0,0,105700025,205700025,0.991291076067874,0.83865565228431,3,G003,1,G003,1,1,0,0,1,1,0,0,0,UNIQUE_CONFIDENT,single_candidate_with_margin,0.901133543591482,211.835839627413,210.934706083822,0.901133543591482,1.15221686819438,0,152,152
T,G003,H50_Zin50,A,0,G003,"M=20,20,20,20,|T=0,0,0,0,|B=1,15,1,50;",1,0,0,105700026,205700026,1.01965510541456,1.01472488027112,3,G003,1,G003,1,1,0,0,1,1,0,0,0,UNIQUE_CONFIDENT,single_candidate_with_margin,0.944830787003815,198.804614707785,197.859783920781,0.944830787003815,1.15221686819438,0,145,145
T,G003,H50_Zin50,A,0,G003,"M=20,20,20,20,|T=0,0,0,0,|B=1,15,1,50;",1,0,0,105700027,205700027,0.984311330951372,0.863439470439971,3,G003,1,G003,1,1,0,0,1,1,0,0,0,UNIQUE_CONFIDENT,single_candidate_with_margin,0.94024321265245,212.846559012713,211.906315800061,0.94024321265245,1.15221686819438,0,142,142
T,G003,H50_Zin50,A,0,G003,"M=20,20,20,20,|T=0,0,0,0,|B=1,15,1,50;",1,0,0,105700028,205700028,0.995106195653686,1.17584429678178,3,G003,1,G003,1,1,0,0,1,1,0,0,0,UNIQUE_CONFIDENT,single_candidate_with_margin,0.962543510606209,195.337476016307,194.374932505701,0.962543510606209,1.15221686819438,0,144,144
T,G003,H50_Zin50,A,0,G003,"M=20,20,20,20,|T=0,0,0,0,|B=1,15,1,50;",1,0,0,105700029,205700029,0.980593198197819,0.941342777816938,3,G003,1,G003,1,1,0,0,1,1,0,0,0,UNIQUE_CONFIDENT,single_candidate_with_margin,0.895098993435535,209.038546669203,208.143447675767,0.895098993435535,1.15221686819438,0,143,143
T,G003,H50_Zin50,A,0,G003,"M=20,20,20,20,|T=0,0,0,0,|B=1,15,1,50;",1,0,0,105700030,205700030,1.01596323299145,0.966851740050909,3,G003,1,G003,1,1,0,0,1,1,0,0,0,UNIQUE_CONFIDENT,single_candidate_with_margin,0.895037973468013,201.85426965976,200.959231686292,0.895037973468013,1.15221686819438,0,145,145
T,MIRROR_M3,H50_Zin50,A,0,MIRROR_M3,"M=20,20,20,20,|T=0,0,0,0,|B=3,15,1,50;",0,1,0,105200001,205200001,0.990602089708171,1.02312293019026,3,,0,G001,0,0,0,1,0,0,0,0,0,REJECTED,fit_quality_gate,161.372753714809,167.943158609785,6.57040489497606,161.372753714809,1.15221686819438,0,162,162
T,MIRROR_M3,H50_Zin50,A,0,MIRROR_M3,"M=20,20,20,20,|T=0,0,0,0,|B=3,15,1,50;",0,1,0,105200002,205200002,1.00661709810197,1.09250379221571,3,,0,G001,0,0,0,1,0,0,0,0,0,REJECTED,fit_quality_gate,165.433437872697,166.086257582451,0.652819709754084,165.433437872697,1.15221686819438,0,138,138
T,MIRROR_M3,H50_Zin50,A,0,MIRROR_M3,"M=20,20,20,20,|T=0,0,0,0,|B=3,15,1,50;",0,1,0,105200003,205200003,1.00528282943656,0.875356005603208,3,,0,G001,0,0,0,1,0,0,0,0,0,REJECTED,fit_quality_gate,164.1632182322,170.091501201248,5.92828296904705,164.1632182322,1.15221686819438,0,136,136
T,MIRROR_M3,H50_Zin50,A,0,MIRROR_M3,"M=20,20,20,20,|T=0,0,0,0,|B=3,15,1,50;",0,1,0,105200004,205200004,0.998067802579959,1.11567831017171,3,,0,G001,0,0,0,1,0,0,0,0,0,REJECTED,fit_quality_gate,162.760203322566,165.342037205242,2.58183388267659,162.760203322566,1.15221686819438,0,134,134
T,MIRROR_M3,H50_Zin50,A,0,MIRROR_M3,"M=20,20,20,20,|T=0,0,0,0,|B=3,15,1,50;",0,1,0,105200005,205200005,0.985043530753588,1.18906965262747,3,,0,G001,0,0,0,1,0,0,0,0,0,REJECTED,fit_quality_gate,162.251107554491,162.641809108332,0.390701553841126,162.251107554491,1.15221686819438,0,136,136
T,MIRROR_M3,H50_Zin50,A,0,MIRROR_M3,"M=20,20,20,20,|T=0,0,0,0,|B=3,15,1,50;",0,1,0,105200006,205200006,1.01738055363803,1.07777866236323,3,,0,G001,0,0,0,1,0,0,0,0,0,REJECTED,fit_quality_gate,159.366494920874,165.914481866022,6.54798694514815,159.366494920874,1.15221686819438,0,138,138
T,MIRROR_M3,H50_Zin50,A,0,MIRROR_M3,"M=20,20,20,20,|T=0,0,0,0,|B=3,15,1,50;",0,1,0,105200007,205200007,0.980308263179831,0.851869529806071,3,,0,G001,0,0,0,1,0,0,0,0,0,REJECTED,fit_quality_gate,159.191579405469,167.883961618782,8.69238221331329,159.191579405469,1.15221686819438,0,144,144
T,MIRROR_M3,H50_Zin50,A,0,MIRROR_M3,"M=20,20,20,20,|T=0,0,0,0,|B=3,15,1,50;",0,1,0,105200008,205200008,1.00579127842795,0.901925522327693,3,,0,G001,0,0,0,1,0,0,0,0,0,REJECTED,fit_quality_gate,164.427658387922,169.478529227838,5.05087083991535,164.427658387922,1.15221686819438,0,134,134
T,MIRROR_M3,H50_Zin50,A,0,MIRROR_M3,"M=20,20,20,20,|T=0,0,0,0,|B=3,15,1,50;",0,1,0,105200009,205200009,1.0101271363512,1.00136235784276,3,,0,G001,0,0,0,1,0,0,0,0,0,REJECTED,fit_quality_gate,166.048591911482,167.75340350418,1.70481159269767,166.048591911482,1.15221686819438,0,134,134
T,MIRROR_M3,H50_Zin50,A,0,MIRROR_M3,"M=20,20,20,20,|T=0,0,0,0,|B=3,15,1,50;",0,1,0,105200010,205200010,0.990689397561957,1.11462960416909,3,,0,G001,0,0,0,1,0,0,0,0,0,REJECTED,fit_quality_gate,162.133541788621,166.02195598776,3.88841419913862,162.133541788621,1.15221686819438,0,162,162
T,MIRROR_M3,H50_Zin50,A,0,MIRROR_M3,"M=20,20,20,20,|T=0,0,0,0,|B=3,15,1,50;",0,1,0,105200011,205200011,1.00243469206895,0.867042439936585,3,,0,G001,0,0,0,1,0,0,0,0,0,REJECTED,fit_quality_gate,163.238617901995,169.708115068515,6.4694971665202,163.238617901995,1.15221686819438,0,138,138
T,MIRROR_M3,H50_Zin50,A,0,MIRROR_M3,"M=20,20,20,20,|T=0,0,0,0,|B=3,15,1,50;",0,1,0,105200012,205200012,1.00339112978908,0.959895364946089,3,,0,G001,0,0,0,1,0,0,0,0,0,REJECTED,fit_quality_gate,166.492153355566,168.108357490272,1.61620413470663,166.492153355566,1.15221686819438,0,136,136
T,MIRROR_M3,H50_Zin50,A,0,MIRROR_M3,"M=20,20,20,20,|T=0,0,0,0,|B=3,15,1,50;",0,1,0,105200013,205200013,1.00602595746162,0.960404882650251,3,,0,G001,0,0,0,1,0,0,0,0,0,REJECTED,fit_quality_gate,164.63610862837,168.433669112649,3.79756048427899,164.63610862837,1.15221686819438,0,138,138
T,MIRROR_M3,H50_Zin50,A,0,MIRROR_M3,"M=20,20,20,20,|T=0,0,0,0,|B=3,15,1,50;",0,1,0,105200014,205200014,1.00227183488619,0.928558278202523,3,,0,G001,0,0,0,1,0,0,0,0,0,REJECTED,fit_quality_gate,167.380582967185,168.555780803933,1.17519783674769,167.380582967185,1.15221686819438,0,136,136
T,MIRROR_M3,H50_Zin50,A,0,MIRROR_M3,"M=20,20,20,20,|T=0,0,0,0,|B=3,15,1,50;",0,1,0,105200015,205200015,0.983283170894559,1.01896175758368,3,,0,G001,0,0,0,1,0,0,0,0,0,REJECTED,fit_quality_gate,160.649947501071,165.518464406541,4.86851690546962,160.649947501071,1.15221686819438,0,138,138
T,MIRROR_M3,H50_Zin50,A,0,MIRROR_M3,"M=20,20,20,20,|T=0,0,0,0,|B=3,15,1,50;",0,1,0,105200016,205200016,0.984590167685205,0.816119563291562,3,,0,G001,0,0,0,1,0,0,0,0,0,REJECTED,fit_quality_gate,159.382318439182,168.360352538565,8.97803409938248,159.382318439182,1.15221686819438,0,140,140
T,MIRROR_M3,H50_Zin50,A,0,MIRROR_M3,"M=20,20,20,20,|T=0,0,0,0,|B=3,15,1,50;",0,1,0,105200017,205200017,0.997987798643371,0.996519756560209,3,,0,G001,0,0,0,1,0,0,0,0,0,REJECTED,fit_quality_gate,165.21508433208,166.79910472252,1.58402039043972,165.21508433208,1.15221686819438,0,136,136
T,MIRROR_M3,H50_Zin50,A,0,MIRROR_M3,"M=20,20,20,20,|T=0,0,0,0,|B=3,15,1,50;",0,1,0,105200018,205200018,0.995851042253135,1.1461746807372,3,,0,G001,0,0,0,1,0,0,0,0,0,REJECTED,fit_quality_gate,161.877415362185,164.541954799247,2.66453943706199,161.877415362185,1.15221686819438,0,136,136
T,MIRROR_M3,H50_Zin50,A,0,MIRROR_M3,"M=20,20,20,20,|T=0,0,0,0,|B=3,15,1,50;",0,1,0,105200019,205200019,1.01903888425568,1.09960008944439,3,,0,G001,0,0,0,1,0,0,0,0,0,REJECTED,fit_quality_gate,157.889906766411,165.26184331464,7.37193654822934,157.889906766411,1.15221686819438,0,138,138
T,MIRROR_M3,H50_Zin50,A,0,MIRROR_M3,"M=20,20,20,20,|T=0,0,0,0,|B=3,15,1,50;",0,1,0,105200020,205200020,0.989572966585399,0.853505399180987,3,,0,G001,0,0,0,1,0,0,0,0,0,REJECTED,fit_quality_gate,160.274156091559,171.518494628958,11.2443385373989,160.274156091559,1.15221686819438,0,138,138
T,MIRROR_M3,H50_Zin50,A,0,MIRROR_M3,"M=20,20,20,20,|T=0,0,0,0,|B=3,15,1,50;",0,1,0,105200021,205200021,0.995956040128706,0.870896826691978,3,,0,G001,0,0,0,1,0,0,0,0,0,REJECTED,fit_quality_gate,168.322228213112,168.483485538927,0.161257325815455,168.322228213112,1.15221686819438,0,136,136
T,MIRROR_M3,H50_Zin50,A,0,MIRROR_M3,"M=20,20,20,20,|T=0,0,0,0,|B=3,15,1,50;",0,1,0,105200022,205200022,1.01460165414734,0.973429056949395,3,,0,G001,0,0,0,1,0,0,0,0,0,REJECTED,fit_quality_gate,163.822197397456,168.301700766856,4.47950336940039,163.822197397456,1.15221686819438,0,136,136
T,MIRROR_M3,H50_Zin50,A,0,MIRROR_M3,"M=20,20,20,20,|T=0,0,0,0,|B=3,15,1,50;",0,1,0,105200023,205200023,1.00769178728562,0.861637069284012,3,,0,G001,0,0,0,1,0,0,0,0,0,REJECTED,fit_quality_gate,164.977829791402,170.394259542806,5.41642975140482,164.977829791402,1.15221686819438,0,136,136
T,MIRROR_M3,H50_Zin50,A,0,MIRROR_M3,"M=20,20,20,20,|T=0,0,0,0,|B=3,15,1,50;",0,1,0,105200024,205200024,1.01704267893447,0.901242310526244,3,,0,G001,0,0,0,1,0,0,0,0,0,REJECTED,fit_quality_gate,164.71198993438,169.30882435965,4.59683442526912,164.71198993438,1.15221686819438,0,138,138
T,MIRROR_M3,H50_Zin50,A,0,MIRROR_M3,"M=20,20,20,20,|T=0,0,0,0,|B=3,15,1,50;",0,1,0,105200025,205200025,1.0054146113951,1.04749738838441,3,,0,G001,0,0,0,1,0,0,0,0,0,REJECTED,fit_quality_gate,165.153966214133,166.888735842498,1.73476962836483,165.153966214133,1.15221686819438,0,134,134
T,MIRROR_M3,H50_Zin50,A,0,MIRROR_M3,"M=20,20,20,20,|T=0,0,0,0,|B=3,15,1,50;",0,1,0,105200026,205200026,0.999067251311118,0.884259265019338,3,,0,G001,0,0,0,1,0,0,0,0,0,REJECTED,fit_quality_gate,168.144919765305,168.635631913002,0.490712147696826,168.144919765305,1.15221686819438,0,136,136
T,MIRROR_M3,H50_Zin50,A,0,MIRROR_M3,"M=20,20,20,20,|T=0,0,0,0,|B=3,15,1,50;",0,1,0,105200027,205200027,1.01246364388345,0.995938484438419,3,,0,G001,0,0,0,1,0,0,0,0,0,REJECTED,fit_quality_gate,166.786901084627,167.883828877914,1.09692779328662,166.786901084627,1.15221686819438,0,136,136
T,MIRROR_M3,H50_Zin50,A,0,MIRROR_M3,"M=20,20,20,20,|T=0,0,0,0,|B=3,15,1,50;",0,1,0,105200028,205200028,1.01048404302311,0.983953188981461,3,,0,G001,0,0,0,1,0,0,0,0,0,REJECTED,fit_quality_gate,166.269098956449,168.189043488615,1.91994453216645,166.269098956449,1.15221686819438,0,132,132
T,MIRROR_M3,H50_Zin50,A,0,MIRROR_M3,"M=20,20,20,20,|T=0,0,0,0,|B=3,15,1,50;",0,1,0,105200029,205200029,1.0072060618537,0.988998375808724,3,,0,G001,0,0,0,1,0,0,0,0,0,REJECTED,fit_quality_gate,165.278558094986,168.036036691959,2.7574785969733,165.278558094986,1.15221686819438,0,138,138
T,MIRROR_M3,H50_Zin50,A,0,MIRROR_M3,"M=20,20,20,20,|T=0,0,0,0,|B=3,15,1,50;",0,1,0,105200030,205200030,0.998002313434965,0.820224555490033,3,,0,G002,0,0,0,1,0,0,0,0,0,REJECTED,fit_quality_gate,169.774463069412,169.834880882397,0.0604178129851505,169.774463069412,1.15221686819438,0,136,136
T,ADD_M1_M3,H50_Zin50,A,0,ADD_M1_M3,"M=20,20,20,20,|T=0,0,0,0,|B=1,15,1,50;3,15,1,50;",0,1,0,105800001,205800001,0.986937743345215,0.955783222192036,3,,0,G003,0,0,0,1,0,0,0,0,0,REJECTED,fit_quality_gate,127.619103718141,208.784171769875,81.1650680517346,127.619103718141,1.15221686819438,0,164,164
T,ADD_M1_M3,H50_Zin50,A,0,ADD_M1_M3,"M=20,20,20,20,|T=0,0,0,0,|B=1,15,1,50;3,15,1,50;",0,1,0,105800002,205800002,0.99147673348504,0.85060317359973,3,,0,G003,0,0,0,1,0,0,0,0,0,REJECTED,fit_quality_gate,130.107527701479,210.061500647922,79.9539729464427,130.107527701479,1.15221686819438,0,168,168
T,ADD_M1_M3,H50_Zin50,A,0,ADD_M1_M3,"M=20,20,20,20,|T=0,0,0,0,|B=1,15,1,50;3,15,1,50;",0,1,0,105800003,205800003,0.983069592519081,1.05223496406954,3,,0,G003,0,0,0,1,0,0,0,0,0,REJECTED,fit_quality_gate,125.789660823087,208.507385808525,82.7177249854382,125.789660823087,1.15221686819438,0,164,164
T,ADD_M1_M3,H50_Zin50,A,0,ADD_M1_M3,"M=20,20,20,20,|T=0,0,0,0,|B=1,15,1,50;3,15,1,50;",0,1,0,105800004,205800004,1.00949324245763,1.006343042994,3,,0,G003,0,0,0,1,0,0,0,0,0,REJECTED,fit_quality_gate,128.316075558044,209.008027254685,80.6919516966405,128.316075558044,1.15221686819438,0,168,168
T,ADD_M1_M3,H50_Zin50,A,0,ADD_M1_M3,"M=20,20,20,20,|T=0,0,0,0,|B=1,15,1,50;3,15,1,50;",0,1,0,105800005,205800005,1.0065382639362,0.948210074009224,3,,0,G003,0,0,0,1,0,0,0,0,0,REJECTED,fit_quality_gate,129.684115900589,209.83798526535,80.1538693647611,129.684115900589,1.15221686819438,0,168,168
T,ADD_M1_M3,H50_Zin50,A,0,ADD_M1_M3,"M=20,20,20,20,|T=0,0,0,0,|B=1,15,1,50;3,15,1,50;",0,1,0,105800006,205800006,1.00397705099247,1.03901044569493,3,,0,G003,0,0,0,1,0,0,0,0,0,REJECTED,fit_quality_gate,127.643039829129,206.879437561429,79.2363977323006,127.643039829129,1.15221686819438,0,164,164
T,ADD_M1_M3,H50_Zin50,A,0,ADD_M1_M3,"M=20,20,20,20,|T=0,0,0,0,|B=1,15,1,50;3,15,1,50;",0,1,0,105800007,205800007,0.987238067761716,1.17865536619843,3,,0,G003,0,0,0,1,0,0,0,0,0,REJECTED,fit_quality_gate,124.890255270281,204.171436343159,79.2811810728782,124.890255270281,1.15221686819438,0,164,164
T,ADD_M1_M3,H50_Zin50,A,0,ADD_M1_M3,"M=20,20,20,20,|T=0,0,0,0,|B=1,15,1,50;3,15,1,50;",0,1,0,105800008,205800008,1.00784466204419,1.02375947434403,3,,0,G003,0,0,0,1,0,0,0,0,0,REJECTED,fit_quality_gate,127.969837456328,208.112459331343,80.1426218750151,127.969837456328,1.15221686819438,0,166,166
T,ADD_M1_M3,H50_Zin50,A,0,ADD_M1_M3,"M=20,20,20,20,|T=0,0,0,0,|B=1,15,1,50;3,15,1,50;",0,1,0,105800009,205800009,1.01891550775091,1.1187269356926,3,,0,G003,0,0,0,1,0,0,0,0,0,REJECTED,fit_quality_gate,123.734490813311,205.905298291663,82.1708074783521,123.734490813311,1.15221686819438,0,164,164
T,ADD_M1_M3,H50_Zin50,A,0,ADD_M1_M3,"M=20,20,20,20,|T=0,0,0,0,|B=1,15,1,50;3,15,1,50;",0,1,0,105800010,205800010,1.0007657962507,0.919468351510511,3,,0,G003,0,0,0,1,0,0,0,0,0,REJECTED,fit_quality_gate,129.810343484625,208.993847213034,79.1835037284091,129.810343484625,1.15221686819438,0,170,170
T,ADD_M1_M3,H50_Zin50,A,0,ADD_M1_M3,"M=20,20,20,20,|T=0,0,0,0,|B=1,15,1,50;3,15,1,50;",0,1,0,105800011,205800011,0.98033037567544,1.15710062818387,3,,0,G003,0,0,0,1,0,0,0,0,0,REJECTED,fit_quality_gate,124.200051752499,207.95152614578,83.7514743932811,124.200051752499,1.15221686819438,0,166,166
T,ADD_M1_M3,H50_Zin50,A,0,ADD_M1_M3,"M=20,20,20,20,|T=0,0,0,0,|B=1,15,1,50;3,15,1,50;",0,1,0,105800012,205800012,1.0030457230926,0.926009285551028,3,,0,G003,0,0,0,1,0,0,0,0,0,REJECTED,fit_quality_gate,129.993783946001,209.561757876753,79.5679739307512,129.993783946001,1.15221686819438,0,166,166
T,ADD_M1_M3,H50_Zin50,A,0,ADD_M1_M3,"M=20,20,20,20,|T=0,0,0,0,|B=1,15,1,50;3,15,1,50;",0,1,0,105800013,205800013,1.00702687275534,0.964939500622113,3,,0,G003,0,0,0,1,0,0,0,0,0,REJECTED,fit_quality_gate,129.411093349543,209.607905440921,80.1968120913782,129.411093349543,1.15221686819438,0,168,168
T,ADD_M1_M3,H50_Zin50,A,0,ADD_M1_M3,"M=20,20,20,20,|T=0,0,0,0,|B=1,15,1,50;3,15,1,50;",0,1,0,105800014,205800014,0.984516870590872,1.07849656397657,3,,0,G003,0,0,0,1,0,0,0,0,0,REJECTED,fit_quality_gate,125.635860724073,207.172166641951,81.5363059178779,125.635860724073,1.15221686819438,0,166,166
T,ADD_M1_M3,H50_Zin50,A,0,ADD_M1_M3,"M=20,20,20,20,|T=0,0,0,0,|B=1,15,1,50;3,15,1,50;",0,1,0,105800015,205800015,1.00077539383204,0.948744719806501,3,,0,G003,0,0,0,1,0,0,0,0,0,REJECTED,fit_quality_gate,129.191308988548,208.163126937198,78.9718179486505,129.191308988548,1.15221686819438,0,170,170
T,ADD_M1_M3,H50_Zin50,A,0,ADD_M1_M3,"M=20,20,20,20,|T=0,0,0,0,|B=1,15,1,50;3,15,1,50;",0,1,0,105800016,205800016,1.00230361389505,1.01161522815799,3,,0,G003,0,0,0,1,0,0,0,0,0,REJECTED,fit_quality_gate,128.230627950846,207.091418574113,78.8607906232665,128.230627950846,1.15221686819438,0,166,166
T,ADD_M1_M3,H50_Zin50,A,0,ADD_M1_M3,"M=20,20,20,20,|T=0,0,0,0,|B=1,15,1,50;3,15,1,50;",0,1,0,105800017,205800017,1.00766822209458,1.11520690636536,3,,0,G003,0,0,0,1,0,0,0,0,0,REJECTED,fit_quality_gate,126.317029768245,205.857189151595,79.5401593833505,126.317029768245,1.15221686819438,0,166,166
T,ADD_M1_M3,H50_Zin50,A,0,ADD_M1_M3,"M=20,20,20,20,|T=0,0,0,0,|B=1,15,1,50;3,15,1,50;",0,1,0,105800018,205800018,1.01289290723208,0.923383520200282,3,,0,G003,0,0,0,1,0,0,0,0,0,REJECTED,fit_quality_gate,129.975631036547,211.816292972428,81.8406619358812,129.975631036547,1.15221686819438,0,164,164
T,ADD_M1_M3,H50_Zin50,A,0,ADD_M1_M3,"M=20,20,20,20,|T=0,0,0,0,|B=1,15,1,50;3,15,1,50;",0,1,0,105800019,205800019,0.986781719755656,1.07738661455186,3,,0,G003,0,0,0,1,0,0,0,0,0,REJECTED,fit_quality_gate,125.918128794335,206.209310992415,80.2911821980802,125.918128794335,1.15221686819438,0,166,166
T,ADD_M1_M3,H50_Zin50,A,0,ADD_M1_M3,"M=20,20,20,20,|T=0,0,0,0,|B=1,15,1,50;3,15,1,50;",0,1,0,105800020,205800020,0.985002178872141,1.13429941882391,3,,0,G003,0,0,0,1,0,0,0,0,0,REJECTED,fit_quality_gate,125.043848923951,205.848036490296,80.8041875663453,125.043848923951,1.15221686819438,0,164,164
T,ADD_M1_M3,H50_Zin50,A,0,ADD_M1_M3,"M=20,20,20,20,|T=0,0,0,0,|B=1,15,1,50;3,15,1,50;",0,1,0,105800021,205800021,1.00478702675192,0.853908163940572,3,,0,G003,0,0,0,1,0,0,0,0,0,REJECTED,fit_quality_gate,131.95100870206,212.257329723557,80.3063210214979,131.95100870206,1.15221686819438,0,166,166
T,ADD_M1_M3,H50_Zin50,A,0,ADD_M1_M3,"M=20,20,20,20,|T=0,0,0,0,|B=1,15,1,50;3,15,1,50;",0,1,0,105800022,205800022,1.00247814066464,0.871494126336815,3,,0,G003,0,0,0,1,0,0,0,0,0,REJECTED,fit_quality_gate,131.185592048631,210.869824279413,79.6842322307818,131.185592048631,1.15221686819438,0,166,166
T,ADD_M1_M3,H50_Zin50,A,0,ADD_M1_M3,"M=20,20,20,20,|T=0,0,0,0,|B=1,15,1,50;3,15,1,50;",0,1,0,105800023,205800023,1.01665228652604,0.878197415472829,3,,0,G003,0,0,0,1,0,0,0,0,0,REJECTED,fit_quality_gate,130.316306025938,213.183957093026,82.8676510670878,130.316306025938,1.15221686819438,0,164,164
T,ADD_M1_M3,H50_Zin50,A,0,ADD_M1_M3,"M=20,20,20,20,|T=0,0,0,0,|B=1,15,1,50;3,15,1,50;",0,1,0,105800024,205800024,1.00519164862682,1.03023036723775,3,,0,G003,0,0,0,1,0,0,0,0,0,REJECTED,fit_quality_gate,127.957088591499,207.452584198438,79.4954956069396,127.957088591499,1.15221686819438,0,164,164
T,ADD_M1_M3,H50_Zin50,A,0,ADD_M1_M3,"M=20,20,20,20,|T=0,0,0,0,|B=1,15,1,50;3,15,1,50;",0,1,0,105800025,205800025,1.01656031926277,1.15062606478678,3,,0,G003,0,0,0,1,0,0,0,0,0,REJECTED,fit_quality_gate,124.051844550948,205.409858260721,81.3580137097731,124.051844550948,1.15221686819438,0,164,164
T,ADD_M1_M3,H50_Zin50,A,0,ADD_M1_M3,"M=20,20,20,20,|T=0,0,0,0,|B=1,15,1,50;3,15,1,50;",0,1,0,105800026,205800026,1.00171774719408,1.16149730374406,3,,0,G003,0,0,0,1,0,0,0,0,0,REJECTED,fit_quality_gate,125.730117678755,203.474862780484,77.7447451017284,125.730117678755,1.15221686819438,0,166,166
T,ADD_M1_M3,H50_Zin50,A,0,ADD_M1_M3,"M=20,20,20,20,|T=0,0,0,0,|B=1,15,1,50;3,15,1,50;",0,1,0,105800027,205800027,1.00788061118298,0.919503659153942,3,,0,G003,0,0,0,1,0,0,0,0,0,REJECTED,fit_quality_gate,130.543277966364,211.207477360306,80.6641993939418,130.543277966364,1.15221686819438,0,166,166
T,ADD_M1_M3,H50_Zin50,A,0,ADD_M1_M3,"M=20,20,20,20,|T=0,0,0,0,|B=1,15,1,50;3,15,1,50;",0,1,0,105800028,205800028,0.992763523720378,0.825122593391255,3,,0,G003,0,0,0,1,0,0,0,0,0,REJECTED,fit_quality_gate,130.733681506934,210.494116115841,79.7604346089073,130.733681506934,1.15221686819438,0,166,166
T,ADD_M1_M3,H50_Zin50,A,0,ADD_M1_M3,"M=20,20,20,20,|T=0,0,0,0,|B=1,15,1,50;3,15,1,50;",0,1,0,105800029,205800029,0.990175893647998,1.14079093139576,3,,0,G003,0,0,0,1,0,0,0,0,0,REJECTED,fit_quality_gate,125.486847784464,203.813872252674,78.3270244682095,125.486847784464,1.15221686819438,0,168,168
T,ADD_M1_M3,H50_Zin50,A,0,ADD_M1_M3,"M=20,20,20,20,|T=0,0,0,0,|B=1,15,1,50;3,15,1,50;",0,1,0,105800030,205800030,0.993246761914355,1.19588036377535,3,,0,G003,0,0,0,1,0,0,0,0,0,REJECTED,fit_quality_gate,125.301355655789,202.571344711061,77.269989055272,125.301355655789,1.15221686819438,0,166,166
T,ADD_M2_M3,H50_Zin50,A,0,ADD_M2_M3,"M=20,20,20,20,|T=0,0,0,0,|B=2,15,1,50;3,15,1,50;",0,1,0,105500001,205500001,0.999869786963091,1.11358411060651,3,,0,G002,0,0,0,1,0,0,0,0,0,REJECTED,fit_quality_gate,60.9927621043527,185.481891077392,124.489128973039,60.9927621043527,1.15221686819438,0,146,146
T,ADD_M2_M3,H50_Zin50,A,0,ADD_M2_M3,"M=20,20,20,20,|T=0,0,0,0,|B=2,15,1,50;3,15,1,50;",0,1,0,105500002,205500002,1.00600829493411,1.11947738836508,3,,0,G002,0,0,0,1,0,0,0,0,0,REJECTED,fit_quality_gate,60.5949964393034,184.577338460919,123.982342021616,60.5949964393034,1.15221686819438,0,146,146
T,ADD_M2_M3,H50_Zin50,A,0,ADD_M2_M3,"M=20,20,20,20,|T=0,0,0,0,|B=2,15,1,50;3,15,1,50;",0,1,0,105500003,205500003,0.998227496680684,0.827921163652505,3,,0,G002,0,0,0,1,0,0,0,0,0,REJECTED,fit_quality_gate,63.5924558552405,193.036457313795,129.444001458554,63.5924558552405,1.15221686819438,0,150,150
T,ADD_M2_M3,H50_Zin50,A,0,ADD_M2_M3,"M=20,20,20,20,|T=0,0,0,0,|B=2,15,1,50;3,15,1,50;",0,1,0,105500004,205500004,0.982236764739507,0.92848575417968,3,,0,G002,0,0,0,1,0,0,0,0,0,REJECTED,fit_quality_gate,61.2209640294643,192.030221522894,130.80925749343,61.2209640294643,1.15221686819438,0,140,140
T,ADD_M2_M3,H50_Zin50,A,0,ADD_M2_M3,"M=20,20,20,20,|T=0,0,0,0,|B=2,15,1,50;3,15,1,50;",0,1,0,105500005,205500005,1.014818355481,0.970041850805529,3,,0,G002,0,0,0,1,0,0,0,0,0,REJECTED,fit_quality_gate,60.1849394286407,185.853032671903,125.668093243262,60.1849394286407,1.15221686819438,0,138,138
T,ADD_M2_M3,H50_Zin50,A,0,ADD_M2_M3,"M=20,20,20,20,|T=0,0,0,0,|B=2,15,1,50;3,15,1,50;",0,1,0,105500006,205500006,0.998922395018758,1.11719332065787,3,,0,G002,0,0,0,1,0,0,0,0,0,REJECTED,fit_quality_gate,61.0924458839489,185.377271113992,124.284825230044,61.0924458839489,1.15221686819438,0,146,146
T,ADD_M2_M3,H50_Zin50,A,0,ADD_M2_M3,"M=20,20,20,20,|T=0,0,0,0,|B=2,15,1,50;3,15,1,50;",0,1,0,105500007,205500007,0.983315938996486,0.926296316738715,3,,0,G002,0,0,0,1,0,0,0,0,0,REJECTED,fit_quality_gate,61.5545902142715,191.948392266841,130.393802052569,61.5545902142715,1.15221686819438,0,138,138
T,ADD_M2_M3,H50_Zin50,A,0,ADD_M2_M3,"M=20,20,20,20,|T=0,0,0,0,|B=2,15,1,50;3,15,1,50;",0,1,0,105500008,205500008,0.998123787103149,0.863499333878368,3,,0,G002,0,0,0,1,0,0,0,0,0,REJECTED,fit_quality_gate,63.1042044997651,192.286349378177,129.182144878412,63.1042044997651,1.15221686819438,0,144,144
T,ADD_M2_M3,H50_Zin50,A,0,ADD_M2_M3,"M=20,20,20,20,|T=0,0,0,0,|B=2,15,1,50;3,15,1,50;",0,1,0,105500009,205500009,0.994933131120601,0.803849249456964,3,,0,G002,0,0,0,1,0,0,0,0,0,REJECTED,fit_quality_gate,64.264198860563,194.18414475828,129.919945897717,64.264198860563,1.15221686819438,0,134,134
T,ADD_M2_M3,H50_Zin50,A,0,ADD_M2_M3,"M=20,20,20,20,|T=0,0,0,0,|B=2,15,1,50;3,15,1,50;",0,1,0,105500010,205500010,1.01741098235023,1.01230433497758,3,,0,G002,0,0,0,1,0,0,0,0,0,REJECTED,fit_quality_gate,59.9076522964614,184.230238238125,124.322585941663,59.9076522964614,1.15221686819438,0,136,136
T,ADD_M2_M3,H50_Zin50,A,0,ADD_M2_M3,"M=20,20,20,20,|T=0,0,0,0,|B=2,15,1,50;3,15,1,50;",0,1,0,105500011,205500011,1.00205098647931,0.837330380481689,3,,0,G002,0,0,0,1,0,0,0,0,0,REJECTED,fit_quality_gate,63.1572494662504,192.240049674855,129.082800208605,63.1572494662504,1.15221686819438,0,148,148
T,ADD_M2_M3,H50_Zin50,A,0,ADD_M2_M3,"M=20,20,20,20,|T=0,0,0,0,|B=2,15,1,50;3,15,1,50;",0,1,0,105500012,205500012,0.993523070919113,1.06098762612448,3,,0,G002,0,0,0,1,0,0,0,0,0,REJECTED,fit_quality_gate,61.1804597162925,187.38888962526,126.208429908967,61.1804597162925,1.15221686819438,0,140,140
T,ADD_M2_M3,H50_Zin50,A,0,ADD_M2_M3,"M=20,20,20,20,|T=0,0,0,0,|B=2,15,1,50;3,15,1,50;",0,1,0,105500013,205500013,0.983915744368027,1.07132242643849,3,,0,G002,0,0,0,1,0,0,0,0,0,REJECTED,fit_quality_gate,60.4658974231679,187.990321998932,127.524424575764,60.4658974231679,1.15221686819438,0,138,138
T,ADD_M2_M3,H50_Zin50,A,0,ADD_M2_M3,"M=20,20,20,20,|T=0,0,0,0,|B=2,15,1,50;3,15,1,50;",0,1,0,105500014,205500014,1.01010865221402,1.17962552202502,3,,0,G002,0,0,0,1,0,0,0,0,0,REJECTED,fit_quality_gate,60.4581443452426,182.513508285628,122.055363940385,60.4581443452426,1.15221686819438,0,146,146
T,ADD_M2_M3,H50_Zin50,A,0,ADD_M2_M3,"M=20,20,20,20,|T=0,0,0,0,|B=2,15,1,50;3,15,1,50;",0,1,0,105500015,205500015,0.980121750969647,1.11388692882841,3,,0,G002,0,0,0,1,0,0,0,0,0,REJECTED,fit_quality_gate,59.78847496007,187.247926999298,127.459452039228,59.78847496007,1.15221686819438,0,140,140
T,ADD_M2_M3,H50_Zin50,A,0,ADD_M2_M3,"M=20,20,20,20,|T=0,0,0,0,|B=2,15,1,50;3,15,1,50;",0,1,0,105500016,205500016,1.01637193800934,1.01549497331359,3,,0,G002,0,0,0,1,0,0,0,0,0,REJECTED,fit_quality_gate,59.9273216664731,184.458477137332,124.531155470858,59.9273216664731,1.15221686819438,0,132,132
T,ADD_M2_M3,H50_Zin50,A,0,ADD_M2_M3,"M=20,20,20,20,|T=0,0,0,0,|B=2,15,1,50;3,15,1,50;",0,1,0,105500017,205500017,0.980796220826829,1.01705255123983,3,,0,G002,0,0,0,1,0,0,0,0,0,REJECTED,fit_quality_gate,60.2513496118529,189.565028735213,129.31367912336,60.2513496118529,1.15221686819438,0,140,140
T,ADD_M2_M3,H50_Zin50,A,0,ADD_M2_M3,"M=20,20,20,20,|T=0,0,0,0,|B=2,15,1,50;3,15,1,50;",0,1,0,105500018,205500018,1.00455571721019,1.00524768618037,3,,0,G002,0,0,0,1,0,0,0,0,0,REJECTED,fit_quality_gate,60.9504762946493,187.16444719442,126.213970899771,60.9504762946493,1.15221686819438,0,146,146
T,ADD_M2_M3,H50_Zin50,A,0,ADD_M2_M3,"M=20,20,20,20,|T=0,0,0,0,|B=2,15,1,50;3,15,1,50;",0,1,0,105500019,205500019,1.00139977773477,0.977617788330116,3,,0,G002,0,0,0,1,0,0,0,0,0,REJECTED,fit_quality_gate,61.264801671833,188.504722907551,127.239921235718,61.264801671833,1.15221686819438,0,148,148
T,ADD_M2_M3,H50_Zin50,A,0,ADD_M2_M3,"M=20,20,20,20,|T=0,0,0,0,|B=2,15,1,50;3,15,1,50;",0,1,0,105500020,205500020,0.982481593345831,0.931570407375542,3,,0,G002,0,0,0,1,0,0,0,0,0,REJECTED,fit_quality_gate,61.3818418889672,191.87936284155,130.497520952583,61.3818418889672,1.15221686819438,0,140,140
T,ADD_M2_M3,H50_Zin50,A,0,ADD_M2_M3,"M=20,20,20,20,|T=0,0,0,0,|B=2,15,1,50;3,15,1,50;",0,1,0,105500021,205500021,0.996580640341393,0.886114330054463,3,,0,G002,0,0,0,1,0,0,0,0,0,REJECTED,fit_quality_gate,62.6051724669288,191.787213585025,129.182041118096,62.6051724669288,1.15221686819438,0,146,146
T,ADD_M2_M3,H50_Zin50,A,0,ADD_M2_M3,"M=20,20,20,20,|T=0,0,0,0,|B=2,15,1,50;3,15,1,50;",0,1,0,105500022,205500022,0.991193930532275,1.02223701903892,3,,0,G002,0,0,0,1,0,0,0,0,0,REJECTED,fit_quality_gate,61.3661866885552,188.582109183278,127.215922494723,61.3661866885552,1.15221686819438,0,138,138
T,ADD_M2_M3,H50_Zin50,A,0,ADD_M2_M3,"M=20,20,20,20,|T=0,0,0,0,|B=2,15,1,50;3,15,1,50;",0,1,0,105500023,205500023,0.997748326294087,1.07962917676454,3,,0,G002,0,0,0,1,0,0,0,0,0,REJECTED,fit_quality_gate,61.1392253081717,186.430149838048,125.290924529876,61.1392253081717,1.15221686819438,0,144,144
T,ADD_M2_M3,H50_Zin50,A,0,ADD_M2_M3,"M=20,20,20,20,|T=0,0,0,0,|B=2,15,1,50;3,15,1,50;",0,1,0,105500024,205500024,1.01913729934741,1.0095763289248,3,,0,G002,0,0,0,1,0,0,0,0,0,REJECTED,fit_quality_gate,59.7317561918304,183.978261720284,124.246505528453,59.7317561918304,1.15221686819438,0,136,136
T,ADD_M2_M3,H50_Zin50,A,0,ADD_M2_M3,"M=20,20,20,20,|T=0,0,0,0,|B=2,15,1,50;3,15,1,50;",0,1,0,105500025,205500025,1.00584078147998,0.914165024082531,3,,0,G002,0,0,0,1,0,0,0,0,0,REJECTED,fit_quality_gate,61.6417193539752,189.333510396845,127.691791042869,61.6417193539752,1.15221686819438,0,146,146
T,ADD_M2_M3,H50_Zin50,A,0,ADD_M2_M3,"M=20,20,20,20,|T=0,0,0,0,|B=2,15,1,50;3,15,1,50;",0,1,0,105500026,205500026,0.986600337126229,1.17745831214516,3,,0,G002,0,0,0,1,0,0,0,0,0,REJECTED,fit_quality_gate,60.6049830919259,185.316968763991,124.711985672065,60.6049830919259,1.15221686819438,0,138,138
T,ADD_M2_M3,H50_Zin50,A,0,ADD_M2_M3,"M=20,20,20,20,|T=0,0,0,0,|B=2,15,1,50;3,15,1,50;",0,1,0,105500027,205500027,1.01677938743988,0.993735867690184,3,,0,G002,0,0,0,1,0,0,0,0,0,REJECTED,fit_quality_gate,59.9200624141907,184.726959916743,124.806897502552,59.9200624141907,1.15221686819438,0,134,134
T,ADD_M2_M3,H50_Zin50,A,0,ADD_M2_M3,"M=20,20,20,20,|T=0,0,0,0,|B=2,15,1,50;3,15,1,50;",0,1,0,105500028,205500028,1.01990535896643,0.846645646863775,3,,0,G002,0,0,0,1,0,0,0,0,0,REJECTED,fit_quality_gate,60.9538073229995,187.489118356011,126.535311033012,60.9538073229995,1.15221686819438,0,136,136
T,ADD_M2_M3,H50_Zin50,A,0,ADD_M2_M3,"M=20,20,20,20,|T=0,0,0,0,|B=2,15,1,50;3,15,1,50;",0,1,0,105500029,205500029,0.980326729464371,1.05301484663364,3,,0,G002,0,0,0,1,0,0,0,0,0,REJECTED,fit_quality_gate,59.9355922441068,188.798251461836,128.862659217729,59.9355922441068,1.15221686819438,0,140,140
T,ADD_M2_M3,H50_Zin50,A,0,ADD_M2_M3,"M=20,20,20,20,|T=0,0,0,0,|B=2,15,1,50;3,15,1,50;",0,1,0,105500030,205500030,1.01000730880758,0.817907450200047,3,,0,G002,0,0,0,1,0,0,0,0,0,REJECTED,fit_quality_gate,62.4071417376325,190.781107885601,128.373966147968,62.4071417376325,1.15221686819438,0,148,148
T,DOUBLE_M3,H50_Zin50,A,0,DOUBLE_M3,"M=20,20,20,20,|T=0,0,0,0,|B=3,15,1,50;3,15,1,50;",0,1,0,105300001,205300001,0.994142298816724,0.921439987392495,3,,0,G002,0,0,0,1,0,0,0,0,0,REJECTED,fit_quality_gate,181.363067157904,184.90222383172,3.53915667381594,181.363067157904,1.15221686819438,0,162,162
T,DOUBLE_M3,H50_Zin50,A,0,DOUBLE_M3,"M=20,20,20,20,|T=0,0,0,0,|B=3,15,1,50;3,15,1,50;",0,1,0,105300002,205300002,0.998796239396031,1.17766251543199,3,,0,G002,0,0,0,1,0,0,0,0,0,REJECTED,fit_quality_gate,180.633502251164,188.331426051807,7.69792380064294,180.633502251164,1.15221686819438,0,164,164
T,DOUBLE_M3,H50_Zin50,A,0,DOUBLE_M3,"M=20,20,20,20,|T=0,0,0,0,|B=3,15,1,50;3,15,1,50;",0,1,0,105300003,205300003,0.980900932432286,1.17259115609537,3,,0,G002,0,0,0,1,0,0,0,0,0,REJECTED,fit_quality_gate,171.471910289153,184.940823296791,13.4689130076378,171.471910289153,1.15221686819438,0,132,132
T,DOUBLE_M3,H50_Zin50,A,0,DOUBLE_M3,"M=20,20,20,20,|T=0,0,0,0,|B=3,15,1,50;3,15,1,50;",0,1,0,105300004,205300004,0.986250145023289,1.08388630078778,3,,0,G002,0,0,0,1,0,0,0,0,0,REJECTED,fit_quality_gate,174.504477721946,184.167039337335,9.66256161538888,174.504477721946,1.15221686819438,0,136,136
T,DOUBLE_M3,H50_Zin50,A,0,DOUBLE_M3,"M=20,20,20,20,|T=0,0,0,0,|B=3,15,1,50;3,15,1,50;",0,1,0,105300005,205300005,0.997406476800335,1.15042646746507,3,,0,G002,0,0,0,1,0,0,0,0,0,REJECTED,fit_quality_gate,179.650853071474,187.599143326898,7.94829025542444,179.650853071474,1.15221686819438,0,164,164
T,DOUBLE_M3,H50_Zin50,A,0,DOUBLE_M3,"M=20,20,20,20,|T=0,0,0,0,|B=3,15,1,50;3,15,1,50;",0,1,0,105300006,205300006,1.01184048687591,1.19196326569785,3,,0,G002,0,0,0,1,0,0,0,0,0,REJECTED,fit_quality_gate,193.78879289159,194.495452077406,0.70665918581571,193.78879289159,1.15221686819438,0,138,138
T,DOUBLE_M3,H50_Zin50,A,0,DOUBLE_M3,"M=20,20,20,20,|T=0,0,0,0,|B=3,15,1,50;3,15,1,50;",0,1,0,105300007,205300007,1.00681741883585,0.975484006667856,3,,0,G001,0,0,0,1,0,0,0,0,0,REJECTED,fit_quality_gate,191.969219511206,194.446180393042,2.47696088183608,191.969219511206,1.15221686819438,0,162,162
T,DOUBLE_M3,H50_Zin50,A,0,DOUBLE_M3,"M=20,20,20,20,|T=0,0,0,0,|B=3,15,1,50;3,15,1,50;",0,1,0,105300008,205300008,0.987101324943478,0.841481434096688,3,,0,G002,0,0,0,1,0,0,0,0,0,REJECTED,fit_quality_gate,179.975937928217,182.961210835085,2.98527290686798,179.975937928217,1.15221686819438,0,140,140
T,DOUBLE_M3,H50_Zin50,A,0,DOUBLE_M3,"M=20,20,20,20,|T=0,0,0,0,|B=3,15,1,50;3,15,1,50;",0,1,0,105300009,205300009,1.01988312374574,0.944391030935515,3,,0,G001,0,0,0,1,0,0,0,0,0,REJECTED,fit_quality_gate,196.449287669953,199.110433605631,2.6611459356773,196.449287669953,1.15221686819438,0,136,136
T,DOUBLE_M3,H50_Zin50,A,0,DOUBLE_M3,"M=20,20,20,20,|T=0,0,0,0,|B=3,15,1,50;3,15,1,50;",0,1,0,105300010,205300010,1.01439815978853,0.842940154172461,3,,0,G001,0,0,0,1,0,0,0,0,0,REJECTED,fit_quality_gate,195.749949370036,199.551302665125,3.80135329508829,195.749949370036,1.15221686819438,0,136,136
T,DOUBLE_M3,H50_Zin50,A,0,DOUBLE_M3,"M=20,20,20,20,|T=0,0,0,0,|B=3,15,1,50;3,15,1,50;",0,1,0,105300011,205300011,1.00975815068017,0.984153058763247,3,,0,G001,0,0,0,1,0,0,0,0,0,REJECTED,fit_quality_gate,193.384878716674,196.281751314548,2.89687259787334,193.384878716674,1.15221686819438,0,140,140
T,DOUBLE_M3,H50_Zin50,A,0,DOUBLE_M3,"M=20,20,20,20,|T=0,0,0,0,|B=3,15,1,50;3,15,1,50;",0,1,0,105300012,205300012,1.01857299706846,1.00561581562816,3,,0,G001,0,0,0,1,0,0,0,0,0,REJECTED,fit_quality_gate,195.941620577667,197.529916492046,1.58829591437811,195.941620577667,1.15221686819438,0,134,134
T,DOUBLE_M3,H50_Zin50,A,0,DOUBLE_M3,"M=20,20,20,20,|T=0,0,0,0,|B=3,15,1,50;3,15,1,50;",0,1,0,105300013,205300013,1.0001930200299,1.00171200452765,3,,0,G002,0,0,0,1,0,0,0,0,0,REJECTED,fit_quality_gate,185.537925906888,188.406129238683,2.86820333179514,185.537925906888,1.15221686819438,0,164,164
T,DOUBLE_M3,H50_Zin50,A,0,DOUBLE_M3,"M=20,20,20,20,|T=0,0,0,0,|B=3,15,1,50;3,15,1,50;",0,1,0,105300014,205300014,0.991508595164902,1.02537457240846,3,,0,G002,0,0,0,1,0,0,0,0,0,REJECTED,fit_quality_gate,177.635087935882,184.572912540305,6.93782460442316,177.635087935882,1.15221686819438,0,162,162
T,DOUBLE_M3,H50_Zin50,A,0,DOUBLE_M3,"M=20,20,20,20,|T=0,0,0,0,|B=3,15,1,50;3,15,1,50;",0,1,0,105300015,205300015,0.992789505976045,0.993071002286362,3,,0,G002,0,0,0,1,0,0,0,0,0,REJECTED,fit_quality_gate,178.886185177519,184.784857317155,5.89867213963683,178.886185177519,1.15221686819438,0,162,162
T,DOUBLE_M3,H50_Zin50,A,0,DOUBLE_M3,"M=20,20,20,20,|T=0,0,0,0,|B=3,15,1,50;3,15,1,50;",0,1,0,105300016,205300016,0.992308988538501,1.06179795039292,3,,0,G002,0,0,0,1,0,0,0,0,0,REJECTED,fit_quality_gate,177.390384439669,185.094581490804,7.70419705113517,177.390384439669,1.15221686819438,0,162,162
T,DOUBLE_M3,H50_Zin50,A,0,DOUBLE_M3,"M=20,20,20,20,|T=0,0,0,0,|B=3,15,1,50;3,15,1,50;",0,1,0,105300017,205300017,1.01008396761288,0.955328053147857,3,,0,G001,0,0,0,1,0,0,0,0,0,REJECTED,fit_quality_gate,193.720887530868,196.808586761917,3.08769923104876,193.720887530868,1.15221686819438,0,140,140
T,DOUBLE_M3,H50_Zin50,A,0,DOUBLE_M3,"M=20,20,20,20,|T=0,0,0,0,|B=3,15,1,50;3,15,1,50;",0,1,0,105300018,205300018,0.999306612768769,1.01803460630591,3,,0,G002,0,0,0,1,0,0,0,0,0,REJECTED,fit_quality_gate,184.159969176585,187.843626277884,3.68365710129888,184.159969176585,1.15221686819438,0,162,162
T,DOUBLE_M3,H50_Zin50,A,0,DOUBLE_M3,"M=20,20,20,20,|T=0,0,0,0,|B=3,15,1,50;3,15,1,50;",0,1,0,105300019,205300019,0.99675237910883,0.868678010003225,3,,0,G002,0,0,0,1,0,0,0,0,0,REJECTED,fit_quality_gate,184.694682383705,185.951527946924,1.25684556321832,184.694682383705,1.15221686819438,0,162,162
T,DOUBLE_M3,H50_Zin50,A,0,DOUBLE_M3,"M=20,20,20,20,|T=0,0,0,0,|B=3,15,1,50;3,15,1,50;",0,1,0,105300020,205300020,1.00439689269713,0.966740163316416,3,,0,G001,0,0,0,1,0,0,0,0,0,REJECTED,fit_quality_gate,190.692631877317,191.461687819299,0.769055941982145,190.692631877317,1.15221686819438,0,162,162
T,DOUBLE_M3,H50_Zin50,A,0,DOUBLE_M3,"M=20,20,20,20,|T=0,0,0,0,|B=3,15,1,50;3,15,1,50;",0,1,0,105300021,205300021,0.995583542347458,0.989034382878287,3,,0,G002,0,0,0,1,0,0,0,0,0,REJECTED,fit_quality_gate,181.016316609678,185.797724812448,4.78140820276977,181.016316609678,1.15221686819438,0,164,164
T,DOUBLE_M3,H50_Zin50,A,0,DOUBLE_M3,"M=20,20,20,20,|T=0,0,0,0,|B=3,15,1,50;3,15,1,50;",0,1,0,105300022,205300022,0.989955871036622,0.860921744142146,3,,0,G002,0,0,0,1,0,0,0,0,0,REJECTED,fit_quality_gate,180.356095562009,183.400719083716,3.04462352170725,180.356095562009,1.15221686819438,0,160,160
T,DOUBLE_M3,H50_Zin50,A,0,DOUBLE_M3,"M=20,20,20,20,|T=0,0,0,0,|B=3,15,1,50;3,15,1,50;",0,1,0,105300023,205300023,1.00262092419101,0.844623510600253,3,,0,G001,0,0,0,1,0,0,0,0,0,REJECTED,fit_quality_gate,189.342040814203,191.789227787924,2.44718697372073,189.342040814203,1.15221686819438,0,164,164
T,DOUBLE_M3,H50_Zin50,A,0,DOUBLE_M3,"M=20,20,20,20,|T=0,0,0,0,|B=3,15,1,50;3,15,1,50;",0,1,0,105300024,205300024,1.011652709286,1.00527979389117,3,,0,G001,0,0,0,1,0,0,0,0,0,REJECTED,fit_quality_gate,194.35375361189,196.47134523053,2.11759161863992,194.35375361189,1.15221686819438,0,140,140
T,DOUBLE_M3,H50_Zin50,A,0,DOUBLE_M3,"M=20,20,20,20,|T=0,0,0,0,|B=3,15,1,50;3,15,1,50;",0,1,0,105300025,205300025,1.01289368637454,0.953623938704076,3,,0,G001,0,0,0,1,0,0,0,0,0,REJECTED,fit_quality_gate,194.770548960744,197.293389772669,2.52284081192568,194.770548960744,1.15221686819438,0,140,140
T,DOUBLE_M3,H50_Zin50,A,0,DOUBLE_M3,"M=20,20,20,20,|T=0,0,0,0,|B=3,15,1,50;3,15,1,50;",0,1,0,105300026,205300026,0.997145343191563,0.922067252421,3,,0,G002,0,0,0,1,0,0,0,0,0,REJECTED,fit_quality_gate,183.959436272079,186.342492179292,2.38305590721353,183.959436272079,1.15221686819438,0,164,164
T,DOUBLE_M3,H50_Zin50,A,0,DOUBLE_M3,"M=20,20,20,20,|T=0,0,0,0,|B=3,15,1,50;3,15,1,50;",0,1,0,105300027,205300027,0.990037514814725,1.05925329361712,3,,0,G002,0,0,0,1,0,0,0,0,0,REJECTED,fit_quality_gate,176.142801653523,184.399357974386,8.25655632086287,176.142801653523,1.15221686819438,0,160,160
T,DOUBLE_M3,H50_Zin50,A,0,DOUBLE_M3,"M=20,20,20,20,|T=0,0,0,0,|B=3,15,1,50;3,15,1,50;",0,1,0,105300028,205300028,0.982632048310026,1.18338396593598,3,,0,G002,0,0,0,1,0,0,0,0,0,REJECTED,fit_quality_gate,171.600956225151,184.653267724452,13.0523114993017,171.600956225151,1.15221686819438,0,134,134
T,DOUBLE_M3,H50_Zin50,A,0,DOUBLE_M3,"M=20,20,20,20,|T=0,0,0,0,|B=3,15,1,50;3,15,1,50;",0,1,0,105300029,205300029,1.00074449886914,1.05059598443586,3,,0,G002,0,0,0,1,0,0,0,0,0,REJECTED,fit_quality_gate,185.07226427834,188.7147647586,3.64250048026068,185.07226427834,1.15221686819438,0,164,164
T,DOUBLE_M3,H50_Zin50,A,0,DOUBLE_M3,"M=20,20,20,20,|T=0,0,0,0,|B=3,15,1,50;3,15,1,50;",0,1,0,105300030,205300030,1.01176005754663,1.15819831314047,3,,0,G002,0,0,0,1,0,0,0,0,0,REJECTED,fit_quality_gate,194.189998348973,194.3728349382,0.182836589227804,194.189998348973,1.15221686819438,0,138,138
T_domain,G002_domain_out,H50_Zin50,A,0,G002,"M=20,20,20,20,|T=0,0,0,0,|B=2,15,1,50;",1,0,1,155400001,255400001,1.15,1.12884131547676,3,,0,G002,1,1,0,0,0,0,0,0,0,REJECTED,fit_quality_gate,182.785052728605,189.022849536647,6.23779680804225,182.785052728605,1.15221686819438,0,160,160
T_domain,G002_domain_out,H50_Zin50,A,0,G002,"M=20,20,20,20,|T=0,0,0,0,|B=2,15,1,50;",1,0,1,155400002,255400002,1.15,1.02561173018079,3,,0,G002,1,1,0,0,0,0,0,0,0,REJECTED,fit_quality_gate,185.955368372863,191.786897008431,5.83152863556708,185.955368372863,1.15221686819438,0,160,160
T_domain,G002_domain_out,H50_Zin50,A,0,G002,"M=20,20,20,20,|T=0,0,0,0,|B=2,15,1,50;",1,0,1,155400003,255400003,1.15,1.15402003894716,3,,0,G002,1,1,0,0,0,0,0,0,0,REJECTED,fit_quality_gate,182.259847382781,188.587721918463,6.32787453568159,182.259847382781,1.15221686819438,0,160,160
T_domain,G002_domain_out,H50_Zin50,A,0,G002,"M=20,20,20,20,|T=0,0,0,0,|B=2,15,1,50;",1,0,1,155400004,255400004,1.15,1.03619650120576,3,,0,G002,1,1,0,0,0,0,0,0,0,REJECTED,fit_quality_gate,185.553796780119,191.388532828357,5.83473604823763,185.553796780119,1.15221686819438,0,160,160
T_domain,G002_domain_out,H50_Zin50,A,0,G002,"M=20,20,20,20,|T=0,0,0,0,|B=2,15,1,50;",1,0,1,155400005,255400005,1.15,0.973530142577809,3,,0,G002,1,1,0,0,0,0,0,0,0,REJECTED,fit_quality_gate,187.469617089375,193.047518182776,5.57790109340135,187.469617089375,1.15221686819438,0,160,160
T_domain,G002_domain_out,H50_Zin50,A,0,G002,"M=20,20,20,20,|T=0,0,0,0,|B=2,15,1,50;",1,0,1,155400006,255400006,1.15,0.876277797983159,3,,0,G002,1,1,0,0,0,0,0,0,0,REJECTED,fit_quality_gate,190.670661486464,195.791466701489,5.12080521502597,190.670661486464,1.15221686819438,0,160,160
T_domain,G002_domain_out,H50_Zin50,A,0,G002,"M=20,20,20,20,|T=0,0,0,0,|B=2,15,1,50;",1,0,1,155400007,255400007,1.15,1.11098324243282,3,,0,G002,1,1,0,0,0,0,0,0,0,REJECTED,fit_quality_gate,183.318013146388,189.563387087312,6.24537394092494,183.318013146388,1.15221686819438,0,160,160
T_domain,G002_domain_out,H50_Zin50,A,0,G002,"M=20,20,20,20,|T=0,0,0,0,|B=2,15,1,50;",1,0,1,155400008,255400008,1.15,0.902479587302444,3,,0,G002,1,1,0,0,0,0,0,0,0,REJECTED,fit_quality_gate,189.792151507279,195.002924556461,5.21077304918234,189.792151507279,1.15221686819438,0,160,160
T_domain,G002_domain_out,H50_Zin50,A,0,G002,"M=20,20,20,20,|T=0,0,0,0,|B=2,15,1,50;",1,0,1,155400009,255400009,1.15,0.906681581185242,3,,0,G002,1,1,0,0,0,0,0,0,0,REJECTED,fit_quality_gate,189.51936886459,194.782038281332,5.26266941674197,189.51936886459,1.15221686819438,0,162,162
T_domain,G002_domain_out,H50_Zin50,A,0,G002,"M=20,20,20,20,|T=0,0,0,0,|B=2,15,1,50;",1,0,1,155400010,255400010,1.15,0.813228138908581,3,,0,G002,1,1,0,0,0,0,0,0,0,REJECTED,fit_quality_gate,192.889840268625,197.689335069625,4.79949480099975,192.889840268625,1.15221686819438,0,160,160
T_domain,G002_domain_out,H50_Zin50,A,0,G002,"M=20,20,20,20,|T=0,0,0,0,|B=2,15,1,50;",1,0,1,155400011,255400011,1.15,1.15868124334444,3,,0,G002,1,1,0,0,0,0,0,0,0,REJECTED,fit_quality_gate,182.031672556934,188.385585554607,6.35391299767301,182.031672556934,1.15221686819438,0,160,160
T_domain,G002_domain_out,H50_Zin50,A,0,G002,"M=20,20,20,20,|T=0,0,0,0,|B=2,15,1,50;",1,0,1,155400012,255400012,1.15,1.07727751484691,3,,0,G002,1,1,0,0,0,0,0,0,0,REJECTED,fit_quality_gate,184.321103089797,190.321521391508,6.00041830171037,184.321103089797,1.15221686819438,0,160,160
T_domain,G002_domain_out,H50_Zin50,A,0,G002,"M=20,20,20,20,|T=0,0,0,0,|B=2,15,1,50;",1,0,1,155400013,255400013,1.15,1.09492538029689,3,,0,G002,1,1,0,0,0,0,0,0,0,REJECTED,fit_quality_gate,183.75656374915,189.849657961607,6.09309421245791,183.75656374915,1.15221686819438,0,160,160
T_domain,G002_domain_out,H50_Zin50,A,0,G002,"M=20,20,20,20,|T=0,0,0,0,|B=2,15,1,50;",1,0,1,155400014,255400014,1.15,0.864042626340992,3,,0,G002,1,1,0,0,0,0,0,0,0,REJECTED,fit_quality_gate,191.082014004562,196.118222791771,5.03620878720855,191.082014004562,1.15221686819438,0,160,160
T_domain,G002_domain_out,H50_Zin50,A,0,G002,"M=20,20,20,20,|T=0,0,0,0,|B=2,15,1,50;",1,0,1,155400015,255400015,1.15,0.907144302068726,3,,0,G002,1,1,0,0,0,0,0,0,0,REJECTED,fit_quality_gate,189.625290808374,194.879599637607,5.2543088292328,189.625290808374,1.15221686819438,0,160,160
T_domain,G002_domain_out,H50_Zin50,A,0,G002,"M=20,20,20,20,|T=0,0,0,0,|B=2,15,1,50;",1,0,1,155400016,255400016,1.15,1.02315740450297,3,,0,G002,1,1,0,0,0,0,0,0,0,REJECTED,fit_quality_gate,185.912897092147,191.673596550469,5.76069945832248,185.912897092147,1.15221686819438,0,160,160
T_domain,G002_domain_out,H50_Zin50,A,0,G002,"M=20,20,20,20,|T=0,0,0,0,|B=2,15,1,50;",1,0,1,155400017,255400017,1.15,0.94983870775824,3,,0,G002,1,1,0,0,0,0,0,0,0,REJECTED,fit_quality_gate,188.201829535381,193.595728890648,5.39389935526671,188.201829535381,1.15221686819438,0,160,160
T_domain,G002_domain_out,H50_Zin50,A,0,G002,"M=20,20,20,20,|T=0,0,0,0,|B=2,15,1,50;",1,0,1,155400018,255400018,1.15,0.851098094842341,3,,0,G002,1,1,0,0,0,0,0,0,0,REJECTED,fit_quality_gate,191.593982107707,196.574767185103,4.98078507739598,191.593982107707,1.15221686819438,0,160,160
T_domain,G002_domain_out,H50_Zin50,A,0,G002,"M=20,20,20,20,|T=0,0,0,0,|B=2,15,1,50;",1,0,1,155400019,255400019,1.15,1.15081996727221,3,,0,G002,1,1,0,0,0,0,0,0,0,REJECTED,fit_quality_gate,182.33922889303,188.61369804212,6.27446914908933,182.33922889303,1.15221686819438,0,162,162
T_domain,G002_domain_out,H50_Zin50,A,0,G002,"M=20,20,20,20,|T=0,0,0,0,|B=2,15,1,50;",1,0,1,155400020,255400020,1.15,0.989443461334601,3,,0,G002,1,1,0,0,0,0,0,0,0,REJECTED,fit_quality_gate,186.947297883183,192.618422485459,5.6711246022756,186.947297883183,1.15221686819438,0,160,160
T_domain,G002_domain_out,H50_Zin50,A,0,G002,"M=20,20,20,20,|T=0,0,0,0,|B=2,15,1,50;",1,0,1,155400021,255400021,1.15,1.02739880808362,3,,0,G002,1,1,0,0,0,0,0,0,0,REJECTED,fit_quality_gate,185.833576542459,191.680055257761,5.84647871530129,185.833576542459,1.15221686819438,0,160,160
T_domain,G002_domain_out,H50_Zin50,A,0,G002,"M=20,20,20,20,|T=0,0,0,0,|B=2,15,1,50;",1,0,1,155400022,255400022,1.15,1.1718040202307,3,,0,G002,1,1,0,0,0,0,0,0,0,REJECTED,fit_quality_gate,181.696714003391,188.182067991925,6.48535398853366,181.696714003391,1.15221686819438,0,160,160
T_domain,G002_domain_out,H50_Zin50,A,0,G002,"M=20,20,20,20,|T=0,0,0,0,|B=2,15,1,50;",1,0,1,155400023,255400023,1.15,1.09753062294878,3,,0,G002,1,1,0,0,0,0,0,0,0,REJECTED,fit_quality_gate,183.75782789506,189.862538285123,6.10471039006353,183.75782789506,1.15221686819438,0,160,160
T_domain,G002_domain_out,H50_Zin50,A,0,G002,"M=20,20,20,20,|T=0,0,0,0,|B=2,15,1,50;",1,0,1,155400024,255400024,1.15,0.973668123151594,3,,0,G002,1,1,0,0,0,0,0,0,0,REJECTED,fit_quality_gate,187.620887058782,193.079116053477,5.45822899469465,187.620887058782,1.15221686819438,0,160,160
T_domain,G002_domain_out,H50_Zin50,A,0,G002,"M=20,20,20,20,|T=0,0,0,0,|B=2,15,1,50;",1,0,1,155400025,255400025,1.15,0.818006038911299,3,,0,G002,1,1,0,0,0,0,0,0,0,REJECTED,fit_quality_gate,192.806891731051,197.668777252698,4.86188552164742,192.806891731051,1.15221686819438,0,160,160
T_domain,G002_domain_out,H50_Zin50,A,0,G002,"M=20,20,20,20,|T=0,0,0,0,|B=2,15,1,50;",1,0,1,155400026,255400026,1.15,0.915465215153018,3,,0,G002,1,1,0,0,0,0,0,0,0,REJECTED,fit_quality_gate,189.381438424758,194.625177251942,5.2437388271839,189.381438424758,1.15221686819438,0,160,160
T_domain,G002_domain_out,H50_Zin50,A,0,G002,"M=20,20,20,20,|T=0,0,0,0,|B=2,15,1,50;",1,0,1,155400027,255400027,1.15,0.83151918482161,3,,0,G002,1,1,0,0,0,0,0,0,0,REJECTED,fit_quality_gate,192.198749821198,197.141006540272,4.94225671907429,192.198749821198,1.15221686819438,0,162,162
T_domain,G002_domain_out,H50_Zin50,A,0,G002,"M=20,20,20,20,|T=0,0,0,0,|B=2,15,1,50;",1,0,1,155400028,255400028,1.15,0.953556577815418,3,,0,G002,1,1,0,0,0,0,0,0,0,REJECTED,fit_quality_gate,188.103250983977,193.579118933311,5.47586794933386,188.103250983977,1.15221686819438,0,162,162
T_domain,G002_domain_out,H50_Zin50,A,0,G002,"M=20,20,20,20,|T=0,0,0,0,|B=2,15,1,50;",1,0,1,155400029,255400029,1.15,0.853410596465822,3,,0,G002,1,1,0,0,0,0,0,0,0,REJECTED,fit_quality_gate,191.613933195301,196.648002275865,5.03406908056397,191.613933195301,1.15221686819438,0,162,162
T_domain,G002_domain_out,H50_Zin50,A,0,G002,"M=20,20,20,20,|T=0,0,0,0,|B=2,15,1,50;",1,0,1,155400030,255400030,1.15,1.15486552853543,3,,0,G002,1,1,0,0,0,0,0,0,0,REJECTED,fit_quality_gate,182.104562157116,188.417900285581,6.31333812846441,182.104562157116,1.15221686819438,0,160,160
T_domain,G003_domain_out,H50_Zin50,A,0,G003,"M=20,20,20,20,|T=0,0,0,0,|B=1,15,1,50;",1,0,1,155700001,255700001,1.15,0.803414251299255,3,,0,G003,1,1,0,0,0,0,0,0,0,REJECTED,fit_quality_gate,179.761412870453,216.942934025351,37.1815211548982,179.761412870453,1.15221686819438,0,160,160
T_domain,G003_domain_out,H50_Zin50,A,0,G003,"M=20,20,20,20,|T=0,0,0,0,|B=1,15,1,50;",1,0,1,155700002,255700002,1.15,1.1738337439768,3,,0,G003,1,1,0,0,0,0,0,0,0,REJECTED,fit_quality_gate,169.609808482359,210.212612477744,40.6028039953858,169.609808482359,1.15221686819438,0,162,162
T_domain,G003_domain_out,H50_Zin50,A,0,G003,"M=20,20,20,20,|T=0,0,0,0,|B=1,15,1,50;",1,0,1,155700003,255700003,1.15,0.98271378037106,3,,0,G003,1,1,0,0,0,0,0,0,0,REJECTED,fit_quality_gate,174.042683542587,213.150296373007,39.1076128304195,174.042683542587,1.15221686819438,0,160,160
T_domain,G003_domain_out,H50_Zin50,A,0,G003,"M=20,20,20,20,|T=0,0,0,0,|B=1,15,1,50;",1,0,1,155700004,255700004,1.15,0.890581035054099,3,,0,G003,1,1,0,0,0,0,0,0,0,REJECTED,fit_quality_gate,176.774737313095,214.980512213266,38.2057749001712,176.774737313095,1.15221686819438,0,160,160
T_domain,G003_domain_out,H50_Zin50,A,0,G003,"M=20,20,20,20,|T=0,0,0,0,|B=1,15,1,50;",1,0,1,155700005,255700005,1.15,1.10057337735844,3,,0,G003,1,1,0,0,0,0,0,0,0,REJECTED,fit_quality_gate,171.19043507938,211.287781402384,40.097346323004,171.19043507938,1.15221686819438,0,162,162
T_domain,G003_domain_out,H50_Zin50,A,0,G003,"M=20,20,20,20,|T=0,0,0,0,|B=1,15,1,50;",1,0,1,155700006,255700006,1.15,1.02997813740481,3,,0,G003,1,1,0,0,0,0,0,0,0,REJECTED,fit_quality_gate,172.854523552696,212.415325654596,39.5608021019005,172.854523552696,1.15221686819438,0,160,160
T_domain,G003_domain_out,H50_Zin50,A,0,G003,"M=20,20,20,20,|T=0,0,0,0,|B=1,15,1,50;",1,0,1,155700007,255700007,1.15,1.06513288713846,3,,0,G003,1,1,0,0,0,0,0,0,0,REJECTED,fit_quality_gate,171.931028889954,211.851531097258,39.9205022073038,171.931028889954,1.15221686819438,0,162,162
T_domain,G003_domain_out,H50_Zin50,A,0,G003,"M=20,20,20,20,|T=0,0,0,0,|B=1,15,1,50;",1,0,1,155700008,255700008,1.15,0.814861219223601,3,,0,G003,1,1,0,0,0,0,0,0,0,REJECTED,fit_quality_gate,179.358515809916,216.684978317045,37.3264625071282,179.358515809916,1.15221686819438,0,160,160
T_domain,G003_domain_out,H50_Zin50,A,0,G003,"M=20,20,20,20,|T=0,0,0,0,|B=1,15,1,50;",1,0,1,155700009,255700009,1.15,0.910016524439535,3,,0,G003,1,1,0,0,0,0,0,0,0,REJECTED,fit_quality_gate,176.203710287306,214.585835280051,38.3821249927445,176.203710287306,1.15221686819438,0,160,160
T_domain,G003_domain_out,H50_Zin50,A,0,G003,"M=20,20,20,20,|T=0,0,0,0,|B=1,15,1,50;",1,0,1,155700010,255700010,1.15,0.885448766857814,3,,0,G003,1,1,0,0,0,0,0,0,0,REJECTED,fit_quality_gate,177.025853374591,215.148888147486,38.1230347728954,177.025853374591,1.15221686819438,0,160,160
T_domain,G003_domain_out,H50_Zin50,A,0,G003,"M=20,20,20,20,|T=0,0,0,0,|B=1,15,1,50;",1,0,1,155700011,255700011,1.15,1.09820380843836,3,,0,G003,1,1,0,0,0,0,0,0,0,REJECTED,fit_quality_gate,171.097177089449,211.311566510724,40.2143894212751,171.097177089449,1.15221686819438,0,162,162
T_domain,G003_domain_out,H50_Zin50,A,0,G003,"M=20,20,20,20,|T=0,0,0,0,|B=1,15,1,50;",1,0,1,155700012,255700012,1.15,0.830086146905027,3,,0,G003,1,1,0,0,0,0,0,0,0,REJECTED,fit_quality_gate,178.713313319157,216.289160210616,37.5758468914591,178.713313319157,1.15221686819438,0,160,160
T_domain,G003_domain_out,H50_Zin50,A,0,G003,"M=20,20,20,20,|T=0,0,0,0,|B=1,15,1,50;",1,0,1,155700013,255700013,1.15,1.08982461475165,3,,0,G003,1,1,0,0,0,0,0,0,0,REJECTED,fit_quality_gate,171.44480872392,211.467431733522,40.0226230096017,171.44480872392,1.15221686819438,0,162,162
T_domain,G003_domain_out,H50_Zin50,A,0,G003,"M=20,20,20,20,|T=0,0,0,0,|B=1,15,1,50;",1,0,1,155700014,255700014,1.15,0.831971294263125,3,,0,G003,1,1,0,0,0,0,0,0,0,REJECTED,fit_quality_gate,178.641704824678,216.432070510942,37.790365686264,178.641704824678,1.15221686819438,0,160,160
T_domain,G003_domain_out,H50_Zin50,A,0,G003,"M=20,20,20,20,|T=0,0,0,0,|B=1,15,1,50;",1,0,1,155700015,255700015,1.15,1.08632663323301,3,,0,G003,1,1,0,0,0,0,0,0,0,REJECTED,fit_quality_gate,171.560396024059,211.542334753238,39.9819387291792,171.560396024059,1.15221686819438,0,162,162
T_domain,G003_domain_out,H50_Zin50,A,0,G003,"M=20,20,20,20,|T=0,0,0,0,|B=1,15,1,50;",1,0,1,155700016,255700016,1.15,1.01553666066643,3,,0,G003,1,1,0,0,0,0,0,0,0,REJECTED,fit_quality_gate,173.128125101687,212.508618775347,39.3804936736595,173.128125101687,1.15221686819438,0,160,160
T_domain,G003_domain_out,H50_Zin50,A,0,G003,"M=20,20,20,20,|T=0,0,0,0,|B=1,15,1,50;",1,0,1,155700017,255700017,1.15,0.861685837907096,3,,0,G003,1,1,0,0,0,0,0,0,0,REJECTED,fit_quality_gate,177.773290047454,215.678295384805,37.9050053373508,177.773290047454,1.15221686819438,0,160,160
T_domain,G003_domain_out,H50_Zin50,A,0,G003,"M=20,20,20,20,|T=0,0,0,0,|B=1,15,1,50;",1,0,1,155700018,255700018,1.15,0.995422654058848,3,,0,G003,1,1,0,0,0,0,0,0,0,REJECTED,fit_quality_gate,173.648787298915,212.947659890816,39.2988725919005,173.648787298915,1.15221686819438,0,160,160
T_domain,G003_domain_out,H50_Zin50,A,0,G003,"M=20,20,20,20,|T=0,0,0,0,|B=1,15,1,50;",1,0,1,155700019,255700019,1.15,1.17541816938956,3,,0,G003,1,1,0,0,0,0,0,0,0,REJECTED,fit_quality_gate,169.689650926159,210.277278861579,40.58762793542,169.689650926159,1.15221686819438,0,162,162
T_domain,G003_domain_out,H50_Zin50,A,0,G003,"M=20,20,20,20,|T=0,0,0,0,|B=1,15,1,50;",1,0,1,155700020,255700020,1.15,1.096514600385,3,,0,G003,1,1,0,0,0,0,0,0,0,REJECTED,fit_quality_gate,171.187227224697,211.340555004042,40.1533277793447,171.187227224697,1.15221686819438,0,162,162
T_domain,G003_domain_out,H50_Zin50,A,0,G003,"M=20,20,20,20,|T=0,0,0,0,|B=1,15,1,50;",1,0,1,155700021,255700021,1.15,1.19440293255101,3,,0,G003,1,1,0,0,0,0,0,0,0,REJECTED,fit_quality_gate,169.181559131587,209.855909429619,40.6743502980327,169.181559131587,1.15221686819438,0,162,162
T_domain,G003_domain_out,H50_Zin50,A,0,G003,"M=20,20,20,20,|T=0,0,0,0,|B=1,15,1,50;",1,0,1,155700022,255700022,1.15,0.946773949123953,3,,0,G003,1,1,0,0,0,0,0,0,0,REJECTED,fit_quality_gate,175.192442956194,213.903458177599,38.7110152214053,175.192442956194,1.15221686819438,0,160,160
T_domain,G003_domain_out,H50_Zin50,A,0,G003,"M=20,20,20,20,|T=0,0,0,0,|B=1,15,1,50;",1,0,1,155700023,255700023,1.15,0.994875862394334,3,,0,G003,1,1,0,0,0,0,0,0,0,REJECTED,fit_quality_gate,173.678685991259,212.926795248962,39.248109257703,173.678685991259,1.15221686819438,0,160,160
T_domain,G003_domain_out,H50_Zin50,A,0,G003,"M=20,20,20,20,|T=0,0,0,0,|B=1,15,1,50;",1,0,1,155700024,255700024,1.15,1.1425667223909,3,,0,G003,1,1,0,0,0,0,0,0,0,REJECTED,fit_quality_gate,170.236681870906,210.673822385352,40.437140514446,170.236681870906,1.15221686819438,0,162,162
T_domain,G003_domain_out,H50_Zin50,A,0,G003,"M=20,20,20,20,|T=0,0,0,0,|B=1,15,1,50;",1,0,1,155700025,255700025,1.15,1.07694504923692,3,,0,G003,1,1,0,0,0,0,0,0,0,REJECTED,fit_quality_gate,171.60357823325,211.622953150658,40.0193749174076,171.60357823325,1.15221686819438,0,162,162
T_domain,G003_domain_out,H50_Zin50,A,0,G003,"M=20,20,20,20,|T=0,0,0,0,|B=1,15,1,50;",1,0,1,155700026,255700026,1.15,0.890456542825971,3,,0,G003,1,1,0,0,0,0,0,0,0,REJECTED,fit_quality_gate,176.777989218809,215.060981842172,38.2829926233625,176.777989218809,1.15221686819438,0,160,160
T_domain,G003_domain_out,H50_Zin50,A,0,G003,"M=20,20,20,20,|T=0,0,0,0,|B=1,15,1,50;",1,0,1,155700027,255700027,1.15,1.09225609790046,3,,0,G003,1,1,0,0,0,0,0,0,0,REJECTED,fit_quality_gate,171.382555852934,211.48404417479,40.1014883218563,171.382555852934,1.15221686819438,0,162,162
T_domain,G003_domain_out,H50_Zin50,A,0,G003,"M=20,20,20,20,|T=0,0,0,0,|B=1,15,1,50;",1,0,1,155700028,255700028,1.15,1.16723555058399,3,,0,G003,1,1,0,0,0,0,0,0,0,REJECTED,fit_quality_gate,169.70531419688,210.253135405583,40.5478212087032,169.70531419688,1.15221686819438,0,162,162
T_domain,G003_domain_out,H50_Zin50,A,0,G003,"M=20,20,20,20,|T=0,0,0,0,|B=1,15,1,50;",1,0,1,155700029,255700029,1.15,1.17824576170807,3,,0,G003,1,1,0,0,0,0,0,0,0,REJECTED,fit_quality_gate,169.55850731165,210.156292020462,40.5977847088118,169.55850731165,1.15221686819438,0,162,162
T_domain,G003_domain_out,H50_Zin50,A,0,G003,"M=20,20,20,20,|T=0,0,0,0,|B=1,15,1,50;",1,0,1,155700030,255700030,1.15,1.154217231431,3,,0,G003,1,1,0,0,0,0,0,0,0,REJECTED,fit_quality_gate,170.116162000032,210.579749557222,40.46358755719,170.116162000032,1.15221686819438,0,162,162
T,G001,H50_Zin50,B,0,G001,"M=20,20,20,20,|T=0,0,0,0,|B=none",1,0,0,105100001,205100001,1.01130078768643,0.962930318236969,3,G001,1,G001,1,1,0,0,1,1,0,0,0,UNIQUE_CONFIDENT,single_candidate_with_margin,1.0182585191225,177.890537984582,176.872279465459,1.11285492879737,1.18955835929222,0,136,137
T,G001,H50_Zin50,B,0,G001,"M=20,20,20,20,|T=0,0,0,0,|B=none",1,0,0,105100002,205100002,1.00117762201509,1.08950290181416,3,G001,1,G001,1,1,0,0,1,1,0,0,0,UNIQUE_CONFIDENT,single_candidate_with_margin,1.1482690953037,179.697091521666,178.548822426362,1.17629546978493,1.18955835929222,0,138,139
T,G001,H50_Zin50,B,0,G001,"M=20,20,20,20,|T=0,0,0,0,|B=none",1,0,0,105100003,205100003,0.984759506045676,1.02720540607408,3,G001,1,G001,1,1,0,0,1,1,0,0,0,UNIQUE_CONFIDENT,single_candidate_with_margin,1.02110515331607,180.155350168401,179.134245015085,1.0589485090222,1.18955835929222,0,136,137
T,G001,H50_Zin50,B,0,G001,"M=20,20,20,20,|T=0,0,0,0,|B=none",1,0,0,105100004,205100004,1.00803530852974,0.96759907991996,3,G001,1,G001,1,1,0,0,1,1,0,0,0,UNIQUE_CONFIDENT,single_candidate_with_margin,1.0403617230398,178.442501432432,177.402139709392,1.09597195454689,1.18955835929222,0,138,139
T,G001,H50_Zin50,B,0,G001,"M=20,20,20,20,|T=0,0,0,0,|B=none",1,0,0,105100005,205100005,1.01190161902295,1.1020435043837,3,G001,1,G001,1,1,0,0,1,1,0,0,0,UNIQUE_CONFIDENT,single_candidate_with_margin,1.17924475457982,177.805106498621,176.625861744042,1.03977506136518,1.18955835929222,0,136,137
T,G001,H50_Zin50,B,0,G001,"M=20,20,20,20,|T=0,0,0,0,|B=none",1,0,0,105100006,205100006,0.983890126328253,0.979102549791537,3,G001,1,G001,1,1,0,0,1,1,0,0,0,UNIQUE_CONFIDENT,single_candidate_with_margin,1.10608438510907,180.271529117626,179.165444732516,1.10094289509667,1.18955835929222,0,134,135
T,G001,H50_Zin50,B,0,G001,"M=20,20,20,20,|T=0,0,0,0,|B=none",1,0,0,105100007,205100007,1.00158288339419,0.948033944101689,3,G001,1,G001,1,1,0,0,1,1,0,0,0,UNIQUE_CONFIDENT,single_candidate_with_margin,1.15339328795661,179.667670985217,178.51427769726,1.13033524305526,1.18955835929222,0,138,139
T,G001,H50_Zin50,B,0,G001,"M=20,20,20,20,|T=0,0,0,0,|B=none",1,0,0,105100008,205100008,1.00240845332167,1.15619675294995,3,G001,1,G001,1,1,0,0,1,1,0,0,0,UNIQUE_CONFIDENT,single_candidate_with_margin,1.00408352711467,179.580921192323,178.576837665209,1.07329330727,1.18955835929222,0,138,139
T,G001,H50_Zin50,B,0,G001,"M=20,20,20,20,|T=0,0,0,0,|B=none",1,0,0,105100009,205100009,1.01902534910768,1.03155070260722,3,G001,1,G001,1,1,0,0,1,1,0,0,0,UNIQUE_CONFIDENT,single_candidate_with_margin,1.10952400941395,177.370977043818,176.261453034404,1.14922626923394,1.18955835929222,0,136,137
T,G001,H50_Zin50,B,0,G001,"M=20,20,20,20,|T=0,0,0,0,|B=none",1,0,0,105100010,205100010,1.00856441692474,1.06628751396675,3,G001,1,G001,1,1,0,0,1,0,0,0,0,REJECTED,fit_quality_gate,1.05606157207122,178.366396396411,177.31033482434,1.20117434783331,1.18955835929222,0,136,137
T,G001,H50_Zin50,B,0,G001,"M=20,20,20,20,|T=0,0,0,0,|B=none",1,0,0,105100011,205100011,1.00361488391806,1.10103704277869,3,G001,1,G001,1,1,0,0,1,1,0,0,0,UNIQUE_CONFIDENT,single_candidate_with_margin,1.10469084369504,179.319450567468,178.214759723773,1.0584319425141,1.18955835929222,0,136,137
T,G001,H50_Zin50,B,0,G001,"M=20,20,20,20,|T=0,0,0,0,|B=none",1,0,0,105100012,205100012,0.982332114449622,0.887345015119814,3,G001,1,G001,1,1,0,0,1,1,0,0,0,UNIQUE_CONFIDENT,single_candidate_with_margin,1.1310076194545,180.570412774028,179.439405154574,1.08650330554552,1.18955835929222,0,138,139
T,G001,H50_Zin50,B,0,G001,"M=20,20,20,20,|T=0,0,0,0,|B=none",1,0,0,105100013,205100013,0.996751095164615,1.06794298205733,3,G001,1,G001,1,1,0,0,1,0,0,0,0,REJECTED,fit_quality_gate,1.16885947732769,180.172161605157,179.003302127829,1.22899106006506,1.18955835929222,0,136,137
T,G001,H50_Zin50,B,0,G001,"M=20,20,20,20,|T=0,0,0,0,|B=none",1,0,0,105100014,205100014,1.00875995810927,0.827011225085129,3,G001,1,G001,1,1,0,0,1,1,0,0,0,UNIQUE_CONFIDENT,single_candidate_with_margin,1.16222306861164,178.176484750997,177.014261682386,1.00472612557975,1.18955835929222,0,136,137
T,G001,H50_Zin50,B,0,G001,"M=20,20,20,20,|T=0,0,0,0,|B=none",1,0,0,105100015,205100015,0.998978533151966,0.907801835059263,3,G001,1,G001,1,1,0,0,1,1,0,0,0,UNIQUE_CONFIDENT,single_candidate_with_margin,1.07792027256319,179.952155793002,178.874235520439,0.933658695897378,1.18955835929222,0,138,139
T,G001,H50_Zin50,B,0,G001,"M=20,20,20,20,|T=0,0,0,0,|B=none",1,0,0,105100016,205100016,0.987802879474631,1.05686937250375,3,G001,1,G001,1,1,0,0,1,1,0,0,0,UNIQUE_CONFIDENT,single_candidate_with_margin,1.03252051512502,179.985720392007,178.953199876882,1.13180809193959,1.18955835929222,0,136,137
T,G001,H50_Zin50,B,0,G001,"M=20,20,20,20,|T=0,0,0,0,|B=none",1,0,0,105100017,205100017,1.00049012530766,0.800386235894002,3,G001,1,G001,1,1,0,0,1,1,0,0,0,UNIQUE_CONFIDENT,single_candidate_with_margin,1.02291688993209,179.818982110335,178.796065220403,1.09037018808334,1.18955835929222,0,138,139
T,G001,H50_Zin50,B,0,G001,"M=20,20,20,20,|T=0,0,0,0,|B=none",1,0,0,105100018,205100018,1.0075875657568,0.961939969969704,3,G001,1,G001,1,1,0,0,1,1,0,0,0,UNIQUE_CONFIDENT,single_candidate_with_margin,1.01654093826206,178.65582088408,177.639279945818,1.12942927697744,1.18955835929222,0,136,137
T,G001,H50_Zin50,B,0,G001,"M=20,20,20,20,|T=0,0,0,0,|B=none",1,0,0,105100019,205100019,0.995978574334711,0.914401208354212,3,G001,1,G001,1,1,0,0,1,1,0,0,0,UNIQUE_CONFIDENT,single_candidate_with_margin,1.12829930173517,180.173128471721,179.044829169986,1.13195322069351,1.18955835929222,0,136,137
T,G001,H50_Zin50,B,0,G001,"M=20,20,20,20,|T=0,0,0,0,|B=none",1,0,0,105100020,205100020,0.986970796332181,0.978574723291958,3,G001,1,G001,1,1,0,0,1,1,0,0,0,UNIQUE_CONFIDENT,single_candidate_with_margin,1.16105083020807,179.930245933392,178.769195103184,1.10703172491291,1.18955835929222,0,138,139
T,G001,H50_Zin50,B,0,G001,"M=20,20,20,20,|T=0,0,0,0,|B=none",1,0,0,105100021,205100021,0.981500602308643,0.808179839229982,3,G001,1,G001,1,1,0,0,1,1,0,0,0,UNIQUE_CONFIDENT,single_candidate_with_margin,1.16535021358519,180.492295290047,179.326945076462,0.982252554402618,1.18955835929222,0,136,137
T,G001,H50_Zin50,B,0,G001,"M=20,20,20,20,|T=0,0,0,0,|B=none",1,0,0,105100022,205100022,0.988145889963335,0.876156105426699,3,G001,1,G001,1,1,0,0,1,1,0,0,0,UNIQUE_CONFIDENT,single_candidate_with_margin,1.13661444812971,180.146095456502,179.009481008373,0.908945386581569,1.18955835929222,0,136,137
T,G001,H50_Zin50,B,0,G001,"M=20,20,20,20,|T=0,0,0,0,|B=none",1,0,0,105100023,205100023,0.99111199313114,1.07275300615055,3,G001,1,G001,1,1,0,0,1,1,0,0,0,UNIQUE_CONFIDENT,single_candidate_with_margin,1.00147870304668,180.11416522095,179.112686517903,1.01429902878657,1.18955835929222,0,138,139
T,G001,H50_Zin50,B,0,G001,"M=20,20,20,20,|T=0,0,0,0,|B=none",1,0,0,105100024,205100024,0.996566900580011,1.13244077591968,3,G001,1,G001,1,1,0,0,1,0,0,0,0,REJECTED,fit_quality_gate,1.15777497742504,180.218758155491,179.060983178066,1.26770364324825,1.18955835929222,0,136,137
T,G001,H50_Zin50,B,0,G001,"M=20,20,20,20,|T=0,0,0,0,|B=none",1,0,0,105100025,205100025,0.991812511943381,1.07849600724505,3,G001,1,G001,1,1,0,0,1,1,0,0,0,UNIQUE_CONFIDENT,single_candidate_with_margin,0.915471382733555,180.091896411526,179.176425028792,1.17568530285774,1.18955835929222,0,138,139
T,G001,H50_Zin50,B,0,G001,"M=20,20,20,20,|T=0,0,0,0,|B=none",1,0,0,105100026,205100026,0.983514496420446,0.948132531736518,3,G001,1,G001,1,1,0,0,1,0,0,0,0,REJECTED,fit_quality_gate,1.10224598364153,180.161938881054,179.059692897412,1.21455420194203,1.18955835929222,0,134,135
T,G001,H50_Zin50,B,0,G001,"M=20,20,20,20,|T=0,0,0,0,|B=none",1,0,0,105100027,205100027,0.981996371120438,1.07600938115109,3,G001,1,G001,1,1,0,0,1,0,0,0,0,REJECTED,fit_quality_gate,1.07671372728065,180.509440092593,179.432726365312,1.23246520395662,1.18955835929222,0,138,139
T,G001,H50_Zin50,B,0,G001,"M=20,20,20,20,|T=0,0,0,0,|B=none",1,0,0,105100028,205100028,0.994566891417759,1.13938972787835,3,G001,1,G001,1,1,0,0,1,1,0,0,0,UNIQUE_CONFIDENT,single_candidate_with_margin,1.09249297094091,180.163280071165,179.070787100224,1.04458163587597,1.18955835929222,0,136,137
T,G001,H50_Zin50,B,0,G001,"M=20,20,20,20,|T=0,0,0,0,|B=none",1,0,0,105100029,205100029,1.00096472738658,1.10608018821824,3,G001,1,G001,1,1,0,0,1,1,0,0,0,UNIQUE_CONFIDENT,single_candidate_with_margin,1.03545867097791,179.923286109811,178.887827438833,1.15548992094071,1.18955835929222,0,138,139
T,G001,H50_Zin50,B,0,G001,"M=20,20,20,20,|T=0,0,0,0,|B=none",1,0,0,105100030,205100030,1.00680328455663,1.05992840548899,3,G001,1,G001,1,1,0,0,1,1,0,0,0,UNIQUE_CONFIDENT,single_candidate_with_margin,1.07453374894366,178.819418248328,177.744884499384,1.08521102217814,1.18955835929222,0,134,135
T,G002,H50_Zin50,B,0,G002,"M=20,20,20,20,|T=0,0,0,0,|B=2,15,1,50;",1,0,0,105400001,205400001,0.988573068924283,0.811969193859827,3,G002,1,G002,1,1,0,0,1,1,0,0,0,UNIQUE_CONFIDENT,single_candidate_with_margin,0.864823440080265,192.939911322295,192.075087882215,0.89509655511388,1.18955835929222,0,148,149
T,G002,H50_Zin50,B,0,G002,"M=20,20,20,20,|T=0,0,0,0,|B=2,15,1,50;",1,0,0,105400002,205400002,1.00185513348894,1.01692325798831,3,G002,1,G002,1,1,0,0,1,1,0,0,0,UNIQUE_CONFIDENT,single_candidate_with_margin,1.02188558159873,184.028885075338,183.00699949374,0.850687445528571,1.18955835929222,0,143,144
T,G002,H50_Zin50,B,0,G002,"M=20,20,20,20,|T=0,0,0,0,|B=2,15,1,50;",1,0,0,105400003,205400003,0.991102836397355,1.11795435101863,3,G002,1,G002,1,1,0,0,1,1,0,0,0,UNIQUE_CONFIDENT,single_candidate_with_margin,0.992055110628819,182.41745866964,181.425403559011,0.953773262517607,1.18955835929222,0,143,144
T,G002,H50_Zin50,B,0,G002,"M=20,20,20,20,|T=0,0,0,0,|B=2,15,1,50;",1,0,0,105400004,205400004,0.991025292960297,1.06299671723079,3,G002,1,G002,1,1,0,0,1,1,0,0,0,UNIQUE_CONFIDENT,single_candidate_with_margin,0.93535348515325,183.908766374262,182.973412889109,1.08899916191264,1.18955835929222,0,143,144
T,G002,H50_Zin50,B,0,G002,"M=20,20,20,20,|T=0,0,0,0,|B=2,15,1,50;",1,0,0,105400005,205400005,1.01749406010602,0.872713441113738,3,G002,1,G002,1,1,0,0,1,1,0,0,0,UNIQUE_CONFIDENT,single_candidate_with_margin,1.04060158913951,186.344859614806,185.304258025666,0.947665003813827,1.18955835929222,0,117,118
T,G002,H50_Zin50,B,0,G002,"M=20,20,20,20,|T=0,0,0,0,|B=2,15,1,50;",1,0,0,105400006,205400006,1.01359482646635,0.869925550879111,3,G002,1,G002,1,1,0,0,1,1,0,0,0,UNIQUE_CONFIDENT,single_candidate_with_margin,1.02258718158087,186.329130432865,185.306543251284,0.962511878850747,1.18955835929222,0,147,148
T,G002,H50_Zin50,B,0,G002,"M=20,20,20,20,|T=0,0,0,0,|B=2,15,1,50;",1,0,0,105400007,205400007,0.988632087415182,0.957880163184862,3,G002,1,G002,1,1,0,0,1,1,0,0,0,UNIQUE_CONFIDENT,single_candidate_with_margin,1.01016107103822,187.511238142195,186.501077071157,1.00033480707105,1.18955835929222,0,145,146
T,G002,H50_Zin50,B,0,G002,"M=20,20,20,20,|T=0,0,0,0,|B=2,15,1,50;",1,0,0,105400008,205400008,1.01316767590818,0.923228467911165,3,G002,1,G002,1,1,0,0,1,1,0,0,0,UNIQUE_CONFIDENT,single_candidate_with_margin,0.95515428290443,184.700743045432,183.745588762528,1.05179617535083,1.18955835929222,0,145,146
T,G002,H50_Zin50,B,0,G002,"M=20,20,20,20,|T=0,0,0,0,|B=2,15,1,50;",1,0,0,105400009,205400009,0.98705273814528,0.888653221930581,3,G002,1,G002,1,1,0,0,1,1,0,0,0,UNIQUE_CONFIDENT,single_candidate_with_margin,1.04353573603306,190.007759179154,188.964223443121,0.947000457194424,1.18955835929222,0,143,144
T,G002,H50_Zin50,B,0,G002,"M=20,20,20,20,|T=0,0,0,0,|B=2,15,1,50;",1,0,0,105400010,205400010,1.00062044788592,0.994410459662702,3,G002,1,G002,1,1,0,0,1,1,0,0,0,UNIQUE_CONFIDENT,single_candidate_with_margin,1.00408790723233,185.192606106543,184.188518199311,1.04961924522577,1.18955835929222,0,145,146
T,G002,H50_Zin50,B,0,G002,"M=20,20,20,20,|T=0,0,0,0,|B=2,15,1,50;",1,0,0,105400011,205400011,1.01026910923814,1.15168743750101,3,G002,1,G002,1,1,0,0,1,1,0,0,0,UNIQUE_CONFIDENT,single_candidate_with_margin,0.908066171639598,178.854153388978,177.946087217339,0.906694396349155,1.18955835929222,0,148,149
T,G002,H50_Zin50,B,0,G002,"M=20,20,20,20,|T=0,0,0,0,|B=2,15,1,50;",1,0,0,105400012,205400012,0.99825812471806,1.11950013278369,3,G002,1,G002,1,1,0,0,1,1,0,0,0,UNIQUE_CONFIDENT,single_candidate_with_margin,0.907094337567546,182.096835345041,181.189741007474,0.797430166956858,1.18955835929222,0,149,150
T,G002,H50_Zin50,B,0,G002,"M=20,20,20,20,|T=0,0,0,0,|B=2,15,1,50;",1,0,0,105400013,205400013,1.00165737179159,1.12927354372355,3,G002,1,G002,1,1,0,0,1,1,0,0,0,UNIQUE_CONFIDENT,single_candidate_with_margin,0.915489786925972,181.258099864026,180.3426100771,0.975149379921545,1.18955835929222,0,146,147
T,G002,H50_Zin50,B,0,G002,"M=20,20,20,20,|T=0,0,0,0,|B=2,15,1,50;",1,0,0,105400014,205400014,0.990083169170078,1.00353206101926,3,G002,1,G002,1,1,0,0,1,1,0,0,0,UNIQUE_CONFIDENT,single_candidate_with_margin,0.857230630655039,185.8752515024,185.018020871745,0.981585476562532,1.18955835929222,0,145,146
T,G002,H50_Zin50,B,0,G002,"M=20,20,20,20,|T=0,0,0,0,|B=2,15,1,50;",1,0,0,105400015,205400015,1.01635665403406,0.833533712937551,3,G002,1,G002,1,1,0,0,1,1,0,0,0,UNIQUE_CONFIDENT,single_candidate_with_margin,0.894396422014154,187.615294628308,186.720898206294,0.809528271208956,1.18955835929222,0,148,149
T,G002,H50_Zin50,B,0,G002,"M=20,20,20,20,|T=0,0,0,0,|B=2,15,1,50;",1,0,0,105400016,205400016,0.994530949393583,1.05256128117921,3,G002,1,G002,1,1,0,0,1,1,0,0,0,UNIQUE_CONFIDENT,single_candidate_with_margin,0.917709593116023,184.340049565581,183.422339972465,1.03217800012527,1.18955835929222,0,145,146
T,G002,H50_Zin50,B,0,G002,"M=20,20,20,20,|T=0,0,0,0,|B=2,15,1,50;",1,0,0,105400017,205400017,1.01257670675115,0.92731223711962,3,G002,1,G002,1,1,0,0,1,1,0,0,0,UNIQUE_CONFIDENT,single_candidate_with_margin,0.951526849849816,184.730575910249,183.779049060399,1.0674872640224,1.18955835929222,0,147,148
T,G002,H50_Zin50,B,0,G002,"M=20,20,20,20,|T=0,0,0,0,|B=2,15,1,50;",1,0,0,105400018,205400018,0.999010536264076,0.900253168627296,3,G002,1,G002,1,1,0,0,1,1,0,0,0,UNIQUE_CONFIDENT,single_candidate_with_margin,0.975948902927516,188.58165292891,187.605704025982,0.90905428503828,1.18955835929222,0,147,148
T,G002,H50_Zin50,B,0,G002,"M=20,20,20,20,|T=0,0,0,0,|B=2,15,1,50;",1,0,0,105400019,205400019,1.00486737189444,0.891703844372564,3,G002,1,G002,1,1,0,0,1,1,0,0,0,UNIQUE_CONFIDENT,single_candidate_with_margin,0.914357524942803,186.955415893764,186.041058368822,0.911393974652176,1.18955835929222,0,143,144
T,G002,H50_Zin50,B,0,G002,"M=20,20,20,20,|T=0,0,0,0,|B=2,15,1,50;",1,0,0,105400020,205400020,0.999926376274403,1.11157479821043,3,G002,1,G002,1,1,0,0,1,1,0,0,0,UNIQUE_CONFIDENT,single_candidate_with_margin,0.941347357392888,182.033610801855,181.092263444462,0.913530537079804,1.18955835929222,0,145,146
T,G002,H50_Zin50,B,0,G002,"M=20,20,20,20,|T=0,0,0,0,|B=2,15,1,50;",1,0,0,105400021,205400021,1.00155510303813,1.16081095140684,3,G002,1,G002,1,1,0,0,1,1,0,0,0,UNIQUE_CONFIDENT,single_candidate_with_margin,0.984704099045507,180.388532341471,179.403828242425,0.911871460131147,1.18955835929222,0,146,147
T,G002,H50_Zin50,B,0,G002,"M=20,20,20,20,|T=0,0,0,0,|B=2,15,1,50;",1,0,0,105400022,205400022,1.00009971427878,1.1210120172267,3,G002,1,G002,1,1,0,0,1,1,0,0,0,UNIQUE_CONFIDENT,single_candidate_with_margin,0.878555978434995,181.774480669796,180.895924691361,0.834796091308373,1.18955835929222,0,145,146
T,G002,H50_Zin50,B,0,G002,"M=20,20,20,20,|T=0,0,0,0,|B=2,15,1,50;",1,0,0,105400023,205400023,1.00893247828377,0.918668766356156,3,G002,1,G002,1,1,0,0,1,1,0,0,0,UNIQUE_CONFIDENT,single_candidate_with_margin,0.996100551780198,185.387145062078,184.391044510297,0.988891538591393,1.18955835929222,0,139,140
T,G002,H50_Zin50,B,0,G002,"M=20,20,20,20,|T=0,0,0,0,|B=2,15,1,50;",1,0,0,105400024,205400024,0.986163157171187,0.948877070081858,3,G002,1,G002,1,1,0,0,1,1,0,0,0,UNIQUE_CONFIDENT,single_candidate_with_margin,0.936652252863822,188.133139396382,187.196487143518,0.814979017257257,1.18955835929222,0,141,142
T,G002,H50_Zin50,B,0,G002,"M=20,20,20,20,|T=0,0,0,0,|B=2,15,1,50;",1,0,0,105400025,205400025,0.98103170841172,0.982238888652272,3,G002,1,G002,1,1,0,0,1,1,0,0,0,UNIQUE_CONFIDENT,single_candidate_with_margin,0.802809619959077,187.785601308212,186.982791688253,1.07556826546832,1.18955835929222,0,139,140
T,G002,H50_Zin50,B,0,G002,"M=20,20,20,20,|T=0,0,0,0,|B=2,15,1,50;",1,0,0,105400026,205400026,0.995361075424797,0.918983648620051,3,G002,1,G002,1,1,0,0,1,1,0,0,0,UNIQUE_CONFIDENT,single_candidate_with_margin,0.83555467831121,188.449158855433,187.613604177122,0.966439972956084,1.18955835929222,0,145,146
T,G002,H50_Zin50,B,0,G002,"M=20,20,20,20,|T=0,0,0,0,|B=2,15,1,50;",1,0,0,105400027,205400027,1.00145814455828,1.03716497166477,3,G002,1,G002,1,1,0,0,1,1,0,0,0,UNIQUE_CONFIDENT,single_candidate_with_margin,0.923370613219097,183.642179362929,182.71880874971,0.896576447306633,1.18955835929222,0,145,146
T,G002,H50_Zin50,B,0,G002,"M=20,20,20,20,|T=0,0,0,0,|B=2,15,1,50;",1,0,0,105400028,205400028,0.995030185890738,0.886923809965309,3,G002,1,G002,1,1,0,0,1,1,0,0,0,UNIQUE_CONFIDENT,single_candidate_with_margin,0.886518203828764,189.50709082632,188.620572622491,0.892762872727498,1.18955835929222,0,145,146
T,G002,H50_Zin50,B,0,G002,"M=20,20,20,20,|T=0,0,0,0,|B=2,15,1,50;",1,0,0,105400029,205400029,1.01065333155543,1.08767062661294,3,G002,1,G002,1,1,0,0,1,1,0,0,0,UNIQUE_CONFIDENT,single_candidate_with_margin,0.94616188047602,180.567129431483,179.620967551007,0.995850472299677,1.18955835929222,0,149,150
T,G002,H50_Zin50,B,0,G002,"M=20,20,20,20,|T=0,0,0,0,|B=2,15,1,50;",1,0,0,105400030,205400030,0.991334363532446,1.15449990034747,3,G002,1,G002,1,1,0,0,1,1,0,0,0,UNIQUE_CONFIDENT,single_candidate_with_margin,0.931274690781714,181.473403548989,180.542128858208,1.03698006927901,1.18955835929222,0,144,145
T,G003,H50_Zin50,B,0,G003,"M=20,20,20,20,|T=0,0,0,0,|B=1,15,1,50;",1,0,0,105700001,205700001,1.01144517178094,0.853872007049638,3,G003,1,G003,1,1,0,0,1,1,0,0,0,UNIQUE_CONFIDENT,single_candidate_with_margin,0.96999723593556,202.627068817743,201.657071581807,0.875056937431954,1.18955835929222,0,122,123
T,G003,H50_Zin50,B,0,G003,"M=20,20,20,20,|T=0,0,0,0,|B=1,15,1,50;",1,0,0,105700002,205700002,0.995081677834189,0.981352101817711,3,G003,1,G003,1,1,0,0,1,1,0,0,0,UNIQUE_CONFIDENT,single_candidate_with_margin,0.935603777338204,210.101906632038,209.1663028547,0.968049987574658,1.18955835929222,0,141,142
T,G003,H50_Zin50,B,0,G003,"M=20,20,20,20,|T=0,0,0,0,|B=1,15,1,50;",1,0,0,105700003,205700003,1.01459944367066,1.14553208203152,3,G003,1,G003,1,1,0,0,1,1,0,0,0,UNIQUE_CONFIDENT,single_candidate_with_margin,0.881068532228019,189.011251714004,188.130183181776,1.01191298877657,1.18955835929222,0,120,121
T,G003,H50_Zin50,B,0,G003,"M=20,20,20,20,|T=0,0,0,0,|B=1,15,1,50;",1,0,0,105700004,205700004,0.993273305094451,0.801469904158351,3,G003,1,G003,1,1,0,0,1,1,0,0,0,UNIQUE_CONFIDENT,single_candidate_with_margin,0.985855519725381,222.534267585165,221.548412065439,0.969331535403423,1.18955835929222,0,151,152
T,G003,H50_Zin50,B,0,G003,"M=20,20,20,20,|T=0,0,0,0,|B=1,15,1,50;",1,0,0,105700005,205700005,0.989420189537726,0.819584792058597,3,G003,1,G003,1,1,0,0,1,1,0,0,0,UNIQUE_CONFIDENT,single_candidate_with_margin,1.07925657622321,224.541776209888,223.462519633665,0.865484455658068,1.18955835929222,0,149,150
T,G003,H50_Zin50,B,0,G003,"M=20,20,20,20,|T=0,0,0,0,|B=1,15,1,50;",1,0,0,105700006,205700006,0.986837527188678,0.858049493033661,3,G003,1,G003,1,1,0,0,1,1,0,0,0,UNIQUE_CONFIDENT,single_candidate_with_margin,0.983242259899504,222.934197300319,221.95095504042,0.961415883125118,1.18955835929222,0,146,147
T,G003,H50_Zin50,B,0,G003,"M=20,20,20,20,|T=0,0,0,0,|B=1,15,1,50;",1,0,0,105700007,205700007,1.00826763107419,1.16195083755481,3,G003,1,G003,1,1,0,0,1,1,0,0,0,UNIQUE_CONFIDENT,single_candidate_with_margin,0.975941594961061,193.345224498745,192.369282903784,1.07832709763669,1.18955835929222,0,120,121
T,G003,H50_Zin50,B,0,G003,"M=20,20,20,20,|T=0,0,0,0,|B=1,15,1,50;",1,0,0,105700008,205700008,1.00974446155434,0.948449162011886,3,G003,1,G003,1,1,0,0,1,1,0,0,0,UNIQUE_CONFIDENT,single_candidate_with_margin,0.931384695963846,200.274371973483,199.342987277519,0.883644334660824,1.18955835929222,0,119,120
T,G003,H50_Zin50,B,0,G003,"M=20,20,20,20,|T=0,0,0,0,|B=1,15,1,50;",1,0,0,105700009,205700009,0.982928465485157,0.944814625457763,3,G003,1,G003,1,1,0,0,1,1,0,0,0,UNIQUE_CONFIDENT,single_candidate_with_margin,0.882835781623954,218.698362865621,217.815527083997,0.963812217282555,1.18955835929222,0,149,150
T,G003,H50_Zin50,B,0,G003,"M=20,20,20,20,|T=0,0,0,0,|B=1,15,1,50;",1,0,0,105700010,205700010,1.01122653890421,0.874359839164597,3,G003,1,G003,1,1,0,0,1,1,0,0,0,UNIQUE_CONFIDENT,single_candidate_with_margin,1.04758454486258,202.091106750923,201.04352220606,0.766144344178609,1.18955835929222,0,121,122
T,G003,H50_Zin50,B,0,G003,"M=20,20,20,20,|T=0,0,0,0,|B=1,15,1,50;",1,0,0,105700011,205700011,0.99246311312411,1.16670262456046,3,G003,1,G003,1,1,0,0,1,1,0,0,0,UNIQUE_CONFIDENT,single_candidate_with_margin,0.958665895142985,202.51878874524,201.560122850097,0.96716342943583,1.18955835929222,0,148,149
T,G003,H50_Zin50,B,0,G003,"M=20,20,20,20,|T=0,0,0,0,|B=1,15,1,50;",1,0,0,105700012,205700012,0.981142113667719,0.869786333627192,3,G003,1,G003,1,1,0,0,1,1,0,0,0,UNIQUE_CONFIDENT,single_candidate_with_margin,0.968257431967585,224.087582969437,223.11932553747,1.11655075932465,1.18955835929222,0,150,151
T,G003,H50_Zin50,B,0,G003,"M=20,20,20,20,|T=0,0,0,0,|B=1,15,1,50;",1,0,0,105700013,205700013,1.00359305715404,1.11783872594022,3,G003,1,G003,1,1,0,0,1,1,0,0,0,UNIQUE_CONFIDENT,single_candidate_with_margin,0.933903263282205,197.874967605531,196.941064342249,0.996426947546514,1.18955835929222,0,143,144
T,G003,H50_Zin50,B,0,G003,"M=20,20,20,20,|T=0,0,0,0,|B=1,15,1,50;",1,0,0,105700014,205700014,0.982323821987418,1.02431898977891,3,G003,1,G003,1,1,0,0,1,1,0,0,0,UNIQUE_CONFIDENT,single_candidate_with_margin,0.881511256760357,214.132876841405,213.251365584644,1.0301582545891,1.18955835929222,0,149,150
T,G003,H50_Zin50,B,0,G003,"M=20,20,20,20,|T=0,0,0,0,|B=1,15,1,50;",1,0,0,105700015,205700015,0.99723931763177,1.15585149516801,3,G003,1,G003,1,1,0,0,1,1,0,0,0,UNIQUE_CONFIDENT,single_candidate_with_margin,0.967038161097552,200.322700837345,199.355662676247,0.987296418346835,1.18955835929222,0,142,143
T,G003,H50_Zin50,B,0,G003,"M=20,20,20,20,|T=0,0,0,0,|B=1,15,1,50;",1,0,0,105700016,205700016,1.01379644820526,0.81686035080424,3,G003,1,G003,1,1,0,0,1,1,0,0,0,UNIQUE_CONFIDENT,single_candidate_with_margin,0.945512512752234,201.645701446955,200.700188934203,0.996371558413379,1.18955835929222,0,123,124
T,G003,H50_Zin50,B,0,G003,"M=20,20,20,20,|T=0,0,0,0,|B=1,15,1,50;",1,0,0,105700017,205700017,0.994804279903456,0.851580270263097,3,G003,1,G003,1,1,0,0,1,1,0,0,0,UNIQUE_CONFIDENT,single_candidate_with_margin,0.958374343810802,217.952675788704,216.994301444893,1.06745848659064,1.18955835929222,0,144,145
T,G003,H50_Zin50,B,0,G003,"M=20,20,20,20,|T=0,0,0,0,|B=1,15,1,50;",1,0,0,105700018,205700018,1.00231055799652,0.996108424772102,3,G003,1,G003,1,1,0,0,1,1,0,0,0,UNIQUE_CONFIDENT,single_candidate_with_margin,0.87448327209474,204.041737822371,203.167254550276,0.968418986219796,1.18955835929222,0,145,146
T,G003,H50_Zin50,B,0,G003,"M=20,20,20,20,|T=0,0,0,0,|B=1,15,1,50;",1,0,0,105700019,205700019,0.990782888873091,0.909583884262962,3,G003,1,G003,1,1,0,0,1,1,0,0,0,UNIQUE_CONFIDENT,single_candidate_with_margin,0.849045857790877,217.361041664539,216.511995806748,0.991737877509028,1.18955835929222,0,147,148
T,G003,H50_Zin50,B,0,G003,"M=20,20,20,20,|T=0,0,0,0,|B=1,15,1,50;",1,0,0,105700020,205700020,0.986680539576807,0.897262510829887,3,G003,1,G003,1,1,0,0,1,1,0,0,0,UNIQUE_CONFIDENT,single_candidate_with_margin,0.917798953496899,220.486452836917,219.56865388342,0.960830161604934,1.18955835929222,0,145,146
T,G003,H50_Zin50,B,0,G003,"M=20,20,20,20,|T=0,0,0,0,|B=1,15,1,50;",1,0,0,105700021,205700021,1.01216264539775,0.950523385488781,3,G003,1,G003,1,1,0,0,1,1,0,0,0,UNIQUE_CONFIDENT,single_candidate_with_margin,0.937486273056175,197.956100843929,197.018614570873,1.0148647844064,1.18955835929222,0,122,123
T,G003,H50_Zin50,B,0,G003,"M=20,20,20,20,|T=0,0,0,0,|B=1,15,1,50;",1,0,0,105700022,205700022,1.00067358318077,1.04497302226515,3,G003,1,G003,1,1,0,0,1,1,0,0,0,UNIQUE_CONFIDENT,single_candidate_with_margin,0.960162987775615,203.025333981721,202.065170993945,0.944789749208753,1.18955835929222,0,143,144
T,G003,H50_Zin50,B,0,G003,"M=20,20,20,20,|T=0,0,0,0,|B=1,15,1,50;",1,0,0,105700023,205700023,1.00260117995872,0.844326661931549,3,G003,1,G003,1,1,0,0,1,1,0,0,0,UNIQUE_CONFIDENT,single_candidate_with_margin,0.983845690342863,211.428233862386,210.444388172043,0.9109609074282,1.18955835929222,0,146,147
T,G003,H50_Zin50,B,0,G003,"M=20,20,20,20,|T=0,0,0,0,|B=1,15,1,50;",1,0,0,105700024,205700024,1.00337218504616,1.15985128116423,3,G003,1,G003,1,1,0,0,1,1,0,0,0,UNIQUE_CONFIDENT,single_candidate_with_margin,0.922932959809245,196.520330269756,195.597397309947,0.866562594873163,1.18955835929222,0,145,146
T,G003,H50_Zin50,B,0,G003,"M=20,20,20,20,|T=0,0,0,0,|B=1,15,1,50;",1,0,0,105700025,205700025,0.991291076067874,0.83865565228431,3,G003,1,G003,1,1,0,0,1,1,0,0,0,UNIQUE_CONFIDENT,single_candidate_with_margin,0.878807274137435,221.561904616077,220.68309734194,0.956256325213864,1.18955835929222,0,152,153
T,G003,H50_Zin50,B,0,G003,"M=20,20,20,20,|T=0,0,0,0,|B=1,15,1,50;",1,0,0,105700026,205700026,1.01965510541456,1.01472488027112,3,G003,1,G003,1,1,0,0,1,1,0,0,0,UNIQUE_CONFIDENT,single_candidate_with_margin,0.949155315124041,188.990419805504,188.04126449038,0.953279996558798,1.18955835929222,0,115,116
T,G003,H50_Zin50,B,0,G003,"M=20,20,20,20,|T=0,0,0,0,|B=1,15,1,50;",1,0,0,105700027,205700027,0.984311330951372,0.863439470439971,3,G003,1,G003,1,1,0,0,1,1,0,0,0,UNIQUE_CONFIDENT,single_candidate_with_margin,0.945979850871766,223.742506487708,222.796526636836,0.931205692666641,1.18955835929222,0,148,149
T,G003,H50_Zin50,B,0,G003,"M=20,20,20,20,|T=0,0,0,0,|B=1,15,1,50;",1,0,0,105700028,205700028,0.995106195653686,1.17584429678178,3,G003,1,G003,1,1,0,0,1,1,0,0,0,UNIQUE_CONFIDENT,single_candidate_with_margin,0.983237601650571,200.600499384915,199.617261783264,0.918813782342213,1.18955835929222,0,143,144
T,G003,H50_Zin50,B,0,G003,"M=20,20,20,20,|T=0,0,0,0,|B=1,15,1,50;",1,0,0,105700029,205700029,0.980593198197819,0.941342777816938,3,G003,1,G003,1,1,0,0,1,1,0,0,0,UNIQUE_CONFIDENT,single_candidate_with_margin,0.885963535583338,219.129884363923,218.24392082834,0.917554606407621,1.18955835929222,0,149,150
T,G003,H50_Zin50,B,0,G003,"M=20,20,20,20,|T=0,0,0,0,|B=1,15,1,50;",1,0,0,105700030,205700030,1.01596323299145,0.966851740050909,3,G003,1,G003,1,1,0,0,1,1,0,0,0,UNIQUE_CONFIDENT,single_candidate_with_margin,0.852828547555554,193.640831552158,192.788003004602,0.979668986845305,1.18955835929222,0,119,120
T,MIRROR_M3,H50_Zin50,B,0,MIRROR_M3,"M=20,20,20,20,|T=0,0,0,0,|B=3,15,1,50;",0,1,0,105200001,205200001,0.990602089708171,1.02312293019026,3,G001,1,G001,0,0,0,1,0,0,0,1,0,REJECTED,fit_quality_gate,150.959627242151,175.625052575979,24.6654253338283,184.067717540137,1.18955835929222,0,142,143
T,MIRROR_M3,H50_Zin50,B,0,MIRROR_M3,"M=20,20,20,20,|T=0,0,0,0,|B=3,15,1,50;",0,1,0,105200002,205200002,1.00661709810197,1.09250379221571,3,G001,1,G001,0,0,0,1,0,0,0,1,0,REJECTED,fit_quality_gate,163.218793789968,174.784849822608,11.5660560326407,162.523951203473,1.18955835929222,0,136,137
T,MIRROR_M3,H50_Zin50,B,0,MIRROR_M3,"M=20,20,20,20,|T=0,0,0,0,|B=3,15,1,50;",0,1,0,105200003,205200003,1.00528282943656,0.875356005603208,3,G001,1,G001,0,0,0,1,0,0,0,1,0,REJECTED,fit_quality_gate,161.547271966831,180.154680627153,18.6074086603218,177.34396069706,1.18955835929222,0,138,139
T,MIRROR_M3,H50_Zin50,B,0,MIRROR_M3,"M=20,20,20,20,|T=0,0,0,0,|B=3,15,1,50;",0,1,0,105200004,205200004,0.998067802579959,1.11567831017171,3,G001,1,G001,0,0,0,1,0,0,0,1,0,REJECTED,fit_quality_gate,156.71104790274,174.544652333674,17.8336044309341,181.813432949354,1.18955835929222,0,136,137
T,MIRROR_M3,H50_Zin50,B,0,MIRROR_M3,"M=20,20,20,20,|T=0,0,0,0,|B=3,15,1,50;",0,1,0,105200005,205200005,0.985043530753588,1.18906965262747,3,G001,1,G001,0,0,0,1,0,0,0,1,0,REJECTED,fit_quality_gate,148.541873835109,174.486809466835,25.9449356317264,189.701774236464,1.18955835929222,0,166,167
T,MIRROR_M3,H50_Zin50,B,0,MIRROR_M3,"M=20,20,20,20,|T=0,0,0,0,|B=3,15,1,50;",0,1,0,105200006,205200006,1.01738055363803,1.07777866236323,3,G001,1,G001,0,0,0,1,0,0,0,1,0,REJECTED,fit_quality_gate,158.456458870885,171.910360392346,13.4539015214605,161.231494405175,1.18955835929222,0,148,149
T,MIRROR_M3,H50_Zin50,B,0,MIRROR_M3,"M=20,20,20,20,|T=0,0,0,0,|B=3,15,1,50;",0,1,0,105200007,205200007,0.980308263179831,0.851869529806071,3,G001,1,G001,0,0,0,1,0,0,0,1,0,REJECTED,fit_quality_gate,142.849467517019,179.86592151338,37.0164539963611,190.067961528326,1.18955835929222,0,136,137
T,MIRROR_M3,H50_Zin50,B,0,MIRROR_M3,"M=20,20,20,20,|T=0,0,0,0,|B=3,15,1,50;",0,1,0,105200008,205200008,1.00579127842795,0.901925522327693,3,G001,1,G001,0,0,0,1,0,0,0,1,0,REJECTED,fit_quality_gate,161.991837138366,179.344066971813,17.3522298334474,177.580916123108,1.18955835929222,0,136,137
T,MIRROR_M3,H50_Zin50,B,0,MIRROR_M3,"M=20,20,20,20,|T=0,0,0,0,|B=3,15,1,50;",0,1,0,105200009,205200009,1.0101271363512,1.00136235784276,3,G001,1,G001,0,0,0,1,0,0,0,1,0,REJECTED,fit_quality_gate,165.300539339205,176.283752708706,10.9832133695008,178.353236981253,1.18955835929222,0,136,137
T,MIRROR_M3,H50_Zin50,B,0,MIRROR_M3,"M=20,20,20,20,|T=0,0,0,0,|B=3,15,1,50;",0,1,0,105200010,205200010,0.990689397561957,1.11462960416909,3,G001,1,G001,0,0,0,1,0,0,0,1,0,REJECTED,fit_quality_gate,151.658086322091,174.215619059983,22.5575327378922,185.033919730028,1.18955835929222,0,142,143
T,MIRROR_M3,H50_Zin50,B,0,MIRROR_M3,"M=20,20,20,20,|T=0,0,0,0,|B=3,15,1,50;",0,1,0,105200011,205200011,1.00243469206895,0.867042439936585,3,G001,1,G001,0,0,0,1,0,0,0,1,0,REJECTED,fit_quality_gate,159.277339274899,180.060383027444,20.7830437525449,177.792157655983,1.18955835929222,0,138,139
T,MIRROR_M3,H50_Zin50,B,0,MIRROR_M3,"M=20,20,20,20,|T=0,0,0,0,|B=3,15,1,50;",0,1,0,105200012,205200012,1.00339112978908,0.959895364946089,3,G001,1,G001,0,0,0,1,0,0,0,1,0,REJECTED,fit_quality_gate,167.721072915502,177.876060692759,10.1549877772572,164.04387752329,1.18955835929222,0,136,137
T,MIRROR_M3,H50_Zin50,B,0,MIRROR_M3,"M=20,20,20,20,|T=0,0,0,0,|B=3,15,1,50;",0,1,0,105200013,205200013,1.00602595746162,0.960404882650251,3,G001,1,G001,0,0,0,1,0,0,0,1,0,REJECTED,fit_quality_gate,162.034010911536,177.880611021757,15.8466001102216,178.418127143746,1.18955835929222,0,136,137
T,MIRROR_M3,H50_Zin50,B,0,MIRROR_M3,"M=20,20,20,20,|T=0,0,0,0,|B=3,15,1,50;",0,1,0,105200014,205200014,1.00227183488619,0.928558278202523,3,G001,1,G001,0,0,0,1,0,0,0,1,0,REJECTED,fit_quality_gate,168.982406209898,178.551379874129,9.56897366423104,164.136605813518,1.18955835929222,0,142,143
T,MIRROR_M3,H50_Zin50,B,0,MIRROR_M3,"M=20,20,20,20,|T=0,0,0,0,|B=3,15,1,50;",0,1,0,105200015,205200015,0.983283170894559,1.01896175758368,3,G001,1,G001,0,0,0,1,0,0,0,1,0,REJECTED,fit_quality_gate,146.031150349246,177.200781480745,31.1696311314997,189.225901145436,1.18955835929222,0,164,165
T,MIRROR_M3,H50_Zin50,B,0,MIRROR_M3,"M=20,20,20,20,|T=0,0,0,0,|B=3,15,1,50;",0,1,0,105200016,205200016,0.984590167685205,0.816119563291562,3,G001,1,G001,0,0,0,1,0,0,0,1,0,REJECTED,fit_quality_gate,145.699221042997,180.137151779846,34.4379307368487,186.377974806209,1.18955835929222,0,138,139
T,MIRROR_M3,H50_Zin50,B,0,MIRROR_M3,"M=20,20,20,20,|T=0,0,0,0,|B=3,15,1,50;",0,1,0,105200017,205200017,0.997987798643371,0.996519756560209,3,G001,1,G001,0,0,0,1,0,0,0,1,0,REJECTED,fit_quality_gate,156.018410209096,176.521034338417,20.502624129321,180.423453629377,1.18955835929222,0,136,137
T,MIRROR_M3,H50_Zin50,B,0,MIRROR_M3,"M=20,20,20,20,|T=0,0,0,0,|B=3,15,1,50;",0,1,0,105200018,205200018,0.995851042253135,1.1461746807372,3,G001,1,G001,0,0,0,1,0,0,0,1,0,REJECTED,fit_quality_gate,155.298226813461,173.580311120169,18.2820843067078,183.39695320939,1.18955835929222,0,136,137
T,MIRROR_M3,H50_Zin50,B,0,MIRROR_M3,"M=20,20,20,20,|T=0,0,0,0,|B=3,15,1,50;",0,1,0,105200019,205200019,1.01903888425568,1.09960008944439,3,G001,1,G001,0,0,0,1,0,0,0,1,0,REJECTED,fit_quality_gate,157.066021851548,170.589912581209,13.5238907296615,159.568809638793,1.18955835929222,0,142,143
T,MIRROR_M3,H50_Zin50,B,0,MIRROR_M3,"M=20,20,20,20,|T=0,0,0,0,|B=3,15,1,50;",0,1,0,105200020,205200020,0.989572966585399,0.853505399180987,3,G001,1,G001,0,0,0,1,0,0,0,1,0,REJECTED,fit_quality_gate,149.622252471524,178.96002482788,29.3377723563552,182.959836842938,1.18955835929222,0,140,141
T,MIRROR_M3,H50_Zin50,B,0,MIRROR_M3,"M=20,20,20,20,|T=0,0,0,0,|B=3,15,1,50;",0,1,0,105200021,205200021,0.995956040128706,0.870896826691978,3,G001,1,G001,0,0,0,1,0,0,0,1,0,REJECTED,fit_quality_gate,154.279051909699,178.970106238488,24.6910543287889,179.711151280832,1.18955835929222,0,136,137
T,MIRROR_M3,H50_Zin50,B,0,MIRROR_M3,"M=20,20,20,20,|T=0,0,0,0,|B=3,15,1,50;",0,1,0,105200022,205200022,1.01460165414734,0.973429056949395,3,G001,1,G001,0,0,0,1,0,0,0,1,0,REJECTED,fit_quality_gate,162.998039641631,175.760361916467,12.7623222748359,165.5646790705,1.18955835929222,0,144,145
T,MIRROR_M3,H50_Zin50,B,0,MIRROR_M3,"M=20,20,20,20,|T=0,0,0,0,|B=3,15,1,50;",0,1,0,105200023,205200023,1.00769178728562,0.861637069284012,3,G001,1,G001,0,0,0,1,0,0,0,1,0,REJECTED,fit_quality_gate,163.630857944745,180.17869145452,16.5478335097757,176.773999063343,1.18955835929222,0,134,135
T,MIRROR_M3,H50_Zin50,B,0,MIRROR_M3,"M=20,20,20,20,|T=0,0,0,0,|B=3,15,1,50;",0,1,0,105200024,205200024,1.01704267893447,0.901242310526244,3,G001,1,G001,0,0,0,1,0,0,0,1,0,REJECTED,fit_quality_gate,164.071097367702,176.55638048089,12.4852831131881,166.033058716094,1.18955835929222,0,138,139
T,MIRROR_M3,H50_Zin50,B,0,MIRROR_M3,"M=20,20,20,20,|T=0,0,0,0,|B=3,15,1,50;",0,1,0,105200025,205200025,1.0054146113951,1.04749738838441,3,G001,1,G001,0,0,0,1,0,0,0,1,0,REJECTED,fit_quality_gate,164.794220208276,176.039929553975,11.2457093456998,162.89125744935,1.18955835929222,0,136,137
T,MIRROR_M3,H50_Zin50,B,0,MIRROR_M3,"M=20,20,20,20,|T=0,0,0,0,|B=3,15,1,50;",0,1,0,105200026,205200026,0.999067251311118,0.884259265019338,3,G001,1,G001,0,0,0,1,0,0,0,1,0,REJECTED,fit_quality_gate,156.687417919337,179.052863739275,22.3654458199383,178.877257604034,1.18955835929222,0,136,137
T,MIRROR_M3,H50_Zin50,B,0,MIRROR_M3,"M=20,20,20,20,|T=0,0,0,0,|B=3,15,1,50;",0,1,0,105200027,205200027,1.01246364388345,0.995938484438419,3,G001,1,G001,0,0,0,1,0,0,0,1,0,REJECTED,fit_quality_gate,163.429185028904,175.863681054277,12.4344960253723,165.438750358286,1.18955835929222,0,140,141
T,MIRROR_M3,H50_Zin50,B,0,MIRROR_M3,"M=20,20,20,20,|T=0,0,0,0,|B=3,15,1,50;",0,1,0,105200028,205200028,1.01048404302311,0.983953188981461,3,G001,1,G001,0,0,0,1,0,0,0,1,0,REJECTED,fit_quality_gate,165.745167851877,176.775852563413,11.0306847115361,178.199017680738,1.18955835929222,0,138,139
T,MIRROR_M3,H50_Zin50,B,0,MIRROR_M3,"M=20,20,20,20,|T=0,0,0,0,|B=3,15,1,50;",0,1,0,105200029,205200029,1.0072060618537,0.988998375808724,3,G001,1,G001,0,0,0,1,0,0,0,1,0,REJECTED,fit_quality_gate,163.046696304661,177.146592545298,14.0998962406375,179.023739471999,1.18955835929222,0,136,137
T,MIRROR_M3,H50_Zin50,B,0,MIRROR_M3,"M=20,20,20,20,|T=0,0,0,0,|B=3,15,1,50;",0,1,0,105200030,205200030,0.998002313434965,0.820224555490033,3,G001,1,G001,0,0,0,1,0,0,0,1,0,REJECTED,fit_quality_gate,155.792617407515,180.49126187321,24.6986444656951,178.020258486504,1.18955835929222,0,138,139
T,ADD_M1_M3,H50_Zin50,B,0,ADD_M1_M3,"M=20,20,20,20,|T=0,0,0,0,|B=1,15,1,50;3,15,1,50;",0,1,0,105800001,205800001,0.986937743345215,0.955783222192036,3,G003,1,G003,0,0,0,1,0,0,0,1,0,REJECTED,fit_quality_gate,145.185267197439,195.062677229009,49.8774100315695,84.8376252414401,1.18955835929222,0,164,165
T,ADD_M1_M3,H50_Zin50,B,0,ADD_M1_M3,"M=20,20,20,20,|T=0,0,0,0,|B=1,15,1,50;3,15,1,50;",0,1,0,105800002,205800002,0.99147673348504,0.85060317359973,3,G003,1,G003,0,0,0,1,0,0,0,1,0,REJECTED,fit_quality_gate,147.539023677435,197.609101239005,50.0700775615693,88.340763316436,1.18955835929222,0,164,165
T,ADD_M1_M3,H50_Zin50,B,0,ADD_M1_M3,"M=20,20,20,20,|T=0,0,0,0,|B=1,15,1,50;3,15,1,50;",0,1,0,105800003,205800003,0.983069592519081,1.05223496406954,3,G003,1,G003,0,0,0,1,0,0,0,1,0,REJECTED,fit_quality_gate,143.283532067287,194.183763199943,50.9002311326557,83.0615735252756,1.18955835929222,0,166,167
T,ADD_M1_M3,H50_Zin50,B,0,ADD_M1_M3,"M=20,20,20,20,|T=0,0,0,0,|B=1,15,1,50;3,15,1,50;",0,1,0,105800004,205800004,1.00949324245763,1.006343042994,3,G003,1,G003,0,0,0,1,0,0,0,1,0,REJECTED,fit_quality_gate,144.720551002698,200.21720527464,55.4966542719425,90.4302660718427,1.18955835929222,0,144,145
T,ADD_M1_M3,H50_Zin50,B,0,ADD_M1_M3,"M=20,20,20,20,|T=0,0,0,0,|B=1,15,1,50;3,15,1,50;",0,1,0,105800005,205800005,1.0065382639362,0.948210074009224,3,G003,1,G003,0,0,0,1,0,0,0,1,0,REJECTED,fit_quality_gate,146.150268049856,201.106083278403,54.9558152285474,92.4513368210995,1.18955835929222,0,164,165
T,ADD_M1_M3,H50_Zin50,B,0,ADD_M1_M3,"M=20,20,20,20,|T=0,0,0,0,|B=1,15,1,50;3,15,1,50;",0,1,0,105800006,205800006,1.00397705099247,1.03901044569493,3,G003,1,G003,0,0,0,1,0,0,0,1,0,REJECTED,fit_quality_gate,144.102300456514,197.028954279243,52.9266538227286,89.8165009923692,1.18955835929222,0,164,165
T,ADD_M1_M3,H50_Zin50,B,0,ADD_M1_M3,"M=20,20,20,20,|T=0,0,0,0,|B=1,15,1,50;3,15,1,50;",0,1,0,105800007,205800007,0.987238067761716,1.17865536619843,3,G003,1,G003,0,0,0,1,0,0,0,1,0,REJECTED,fit_quality_gate,141.988608351702,189.967846004519,47.9792376528164,82.7640522302795,1.18955835929222,0,164,165
T,ADD_M1_M3,H50_Zin50,B,0,ADD_M1_M3,"M=20,20,20,20,|T=0,0,0,0,|B=1,15,1,50;3,15,1,50;",0,1,0,105800008,205800008,1.00784466204419,1.02375947434403,3,G003,1,G003,0,0,0,1,0,0,0,1,0,REJECTED,fit_quality_gate,144.324740396411,199.082896609413,54.7581562130016,90.3098284886829,1.18955835929222,0,150,151
T,ADD_M1_M3,H50_Zin50,B,0,ADD_M1_M3,"M=20,20,20,20,|T=0,0,0,0,|B=1,15,1,50;3,15,1,50;",0,1,0,105800009,205800009,1.01891550775091,1.1187269356926,3,G003,1,G003,0,0,0,1,0,0,0,1,0,REJECTED,fit_quality_gate,139.468244706564,195.974393346204,56.5061486396397,84.01300228236,1.18955835929222,0,136,137
T,ADD_M1_M3,H50_Zin50,B,0,ADD_M1_M3,"M=20,20,20,20,|T=0,0,0,0,|B=1,15,1,50;3,15,1,50;",0,1,0,105800010,205800010,1.0007657962507,0.919468351510511,3,G003,1,G003,0,0,0,1,0,0,0,1,0,REJECTED,fit_quality_gate,146.378237529344,199.070151561394,52.6919140320503,92.2517335219647,1.18955835929222,0,164,165
T,ADD_M1_M3,H50_Zin50,B,0,ADD_M1_M3,"M=20,20,20,20,|T=0,0,0,0,|B=1,15,1,50;3,15,1,50;",0,1,0,105800011,205800011,0.98033037567544,1.15710062818387,3,G003,1,G003,0,0,0,1,0,0,0,1,0,REJECTED,fit_quality_gate,141.346897215444,193.336211055645,51.9893138402013,82.6178661234028,1.18955835929222,0,164,165
T,ADD_M1_M3,H50_Zin50,B,0,ADD_M1_M3,"M=20,20,20,20,|T=0,0,0,0,|B=1,15,1,50;3,15,1,50;",0,1,0,105800012,205800012,1.0030457230926,0.926009285551028,3,G003,1,G003,0,0,0,1,0,0,0,1,0,REJECTED,fit_quality_gate,146.538447461853,200.141752038148,53.603304576295,92.6236025242081,1.18955835929222,0,166,167
T,ADD_M1_M3,H50_Zin50,B,0,ADD_M1_M3,"M=20,20,20,20,|T=0,0,0,0,|B=1,15,1,50;3,15,1,50;",0,1,0,105800013,205800013,1.00702687275534,0.964939500622113,3,G003,1,G003,0,0,0,1,0,0,0,1,0,REJECTED,fit_quality_gate,145.908626945158,200.810502886604,54.901875941446,91.8606005421628,1.18955835929222,0,168,169
T,ADD_M1_M3,H50_Zin50,B,0,ADD_M1_M3,"M=20,20,20,20,|T=0,0,0,0,|B=1,15,1,50;3,15,1,50;",0,1,0,105800014,205800014,0.984516870590872,1.07849656397657,3,G003,1,G003,0,0,0,1,0,0,0,1,0,REJECTED,fit_quality_gate,142.953449914677,192.781894033049,49.8284441183722,83.2967926490434,1.18955835929222,0,166,167
T,ADD_M1_M3,H50_Zin50,B,0,ADD_M1_M3,"M=20,20,20,20,|T=0,0,0,0,|B=1,15,1,50;3,15,1,50;",0,1,0,105800015,205800015,1.00077539383204,0.948744719806501,3,G003,1,G003,0,0,0,1,0,0,0,1,0,REJECTED,fit_quality_gate,145.818523930293,198.083392316508,52.2648683862148,91.1084891741887,1.18955835929222,0,164,165
T,ADD_M1_M3,H50_Zin50,B,0,ADD_M1_M3,"M=20,20,20,20,|T=0,0,0,0,|B=1,15,1,50;3,15,1,50;",0,1,0,105800016,205800016,1.00230361389505,1.01161522815799,3,G003,1,G003,0,0,0,1,0,0,0,1,0,REJECTED,fit_quality_gate,144.780825966717,197.123499058251,52.3426730915335,90.2321891436473,1.18955835929222,0,168,169
T,ADD_M1_M3,H50_Zin50,B,0,ADD_M1_M3,"M=20,20,20,20,|T=0,0,0,0,|B=1,15,1,50;3,15,1,50;",0,1,0,105800017,205800017,1.00766822209458,1.11520690636536,3,G003,1,G003,0,0,0,1,0,0,0,1,0,REJECTED,fit_quality_gate,142.668467320185,196.169532200217,53.5010648800327,87.9176231137898,1.18955835929222,0,146,147
T,ADD_M1_M3,H50_Zin50,B,0,ADD_M1_M3,"M=20,20,20,20,|T=0,0,0,0,|B=1,15,1,50;3,15,1,50;",0,1,0,105800018,205800018,1.01289290723208,0.923383520200282,3,G003,1,G003,0,0,0,1,0,0,0,1,0,REJECTED,fit_quality_gate,146.612610169671,204.06903417342,57.4564240037495,91.352414887103,1.18955835929222,0,138,139
T,ADD_M1_M3,H50_Zin50,B,0,ADD_M1_M3,"M=20,20,20,20,|T=0,0,0,0,|B=1,15,1,50;3,15,1,50;",0,1,0,105800019,205800019,0.986781719755656,1.07738661455186,3,G003,1,G003,0,0,0,1,0,0,0,1,0,REJECTED,fit_quality_gate,143.208449856805,192.090475166113,48.8820253093081,83.4623159711336,1.18955835929222,0,164,165
T,ADD_M1_M3,H50_Zin50,B,0,ADD_M1_M3,"M=20,20,20,20,|T=0,0,0,0,|B=1,15,1,50;3,15,1,50;",0,1,0,105800020,205800020,0.985002178872141,1.13429941882391,3,G003,1,G003,0,0,0,1,0,0,0,1,0,REJECTED,fit_quality_gate,142.237148210389,191.445446388088,49.2082981776996,82.8523280994969,1.18955835929222,0,166,167
T,ADD_M1_M3,H50_Zin50,B,0,ADD_M1_M3,"M=20,20,20,20,|T=0,0,0,0,|B=1,15,1,50;3,15,1,50;",0,1,0,105800021,205800021,1.00478702675192,0.853908163940572,3,G003,1,G003,0,0,0,1,0,0,0,1,0,REJECTED,fit_quality_gate,148.459360872006,203.698832069215,55.2394711972092,95.319692854203,1.18955835929222,0,166,167
T,ADD_M1_M3,H50_Zin50,B,0,ADD_M1_M3,"M=20,20,20,20,|T=0,0,0,0,|B=1,15,1,50;3,15,1,50;",0,1,0,105800022,205800022,1.00247814066464,0.871494126336815,3,G003,1,G003,0,0,0,1,0,0,0,1,0,REJECTED,fit_quality_gate,147.742793273008,201.603707308353,53.8609140353456,94.0932123603406,1.18955835929222,0,168,169
T,ADD_M1_M3,H50_Zin50,B,0,ADD_M1_M3,"M=20,20,20,20,|T=0,0,0,0,|B=1,15,1,50;3,15,1,50;",0,1,0,105800023,205800023,1.01665228652604,0.878197415472829,3,G003,1,G003,0,0,0,1,0,0,0,1,0,REJECTED,fit_quality_gate,147.421024462858,205.892122099751,58.4710976368925,89.2561714859287,1.18955835929222,0,142,143
T,ADD_M1_M3,H50_Zin50,B,0,ADD_M1_M3,"M=20,20,20,20,|T=0,0,0,0,|B=1,15,1,50;3,15,1,50;",0,1,0,105800024,205800024,1.00519164862682,1.03023036723775,3,G003,1,G003,0,0,0,1,0,0,0,1,0,REJECTED,fit_quality_gate,144.450031545438,197.967207288781,53.5171757433433,90.0439390150318,1.18955835929222,0,164,165
T,ADD_M1_M3,H50_Zin50,B,0,ADD_M1_M3,"M=20,20,20,20,|T=0,0,0,0,|B=1,15,1,50;3,15,1,50;",0,1,0,105800025,205800025,1.01656031926277,1.15062606478678,3,G003,1,G003,0,0,0,1,0,0,0,1,0,REJECTED,fit_quality_gate,139.851739316173,195.311924382683,55.4601850665094,84.7312421342565,1.18955835929222,0,140,141
T,ADD_M1_M3,H50_Zin50,B,0,ADD_M1_M3,"M=20,20,20,20,|T=0,0,0,0,|B=1,15,1,50;3,15,1,50;",0,1,0,105800026,205800026,1.00171774719408,1.16149730374406,3,G003,1,G003,0,0,0,1,0,0,0,1,0,REJECTED,fit_quality_gate,142.141503735192,192.547492320936,50.4059885857433,87.4260218247436,1.18955835929222,0,170,171
T,ADD_M1_M3,H50_Zin50,B,0,ADD_M1_M3,"M=20,20,20,20,|T=0,0,0,0,|B=1,15,1,50;3,15,1,50;",0,1,0,105800027,205800027,1.00788061118298,0.919503659153942,3,G003,1,G003,0,0,0,1,0,0,0,1,0,REJECTED,fit_quality_gate,147.05070851329,202.841071042664,55.7903625293738,93.2589685182799,1.18955835929222,0,168,169
T,ADD_M1_M3,H50_Zin50,B,0,ADD_M1_M3,"M=20,20,20,20,|T=0,0,0,0,|B=1,15,1,50;3,15,1,50;",0,1,0,105800028,205800028,0.992763523720378,0.825122593391255,3,G003,1,G003,0,0,0,1,0,0,0,1,0,REJECTED,fit_quality_gate,148.1153381511,198.338338566841,50.2230004157403,89.3509041814158,1.18955835929222,0,162,163
T,ADD_M1_M3,H50_Zin50,B,0,ADD_M1_M3,"M=20,20,20,20,|T=0,0,0,0,|B=1,15,1,50;3,15,1,50;",0,1,0,105800029,205800029,0.990175893647998,1.14079093139576,3,G003,1,G003,0,0,0,1,0,0,0,1,0,REJECTED,fit_quality_gate,142.456881868644,190.123395362213,47.6665134935692,83.9809697012851,1.18955835929222,0,164,165
T,ADD_M1_M3,H50_Zin50,B,0,ADD_M1_M3,"M=20,20,20,20,|T=0,0,0,0,|B=1,15,1,50;3,15,1,50;",0,1,0,105800030,205800030,0.993246761914355,1.19588036377535,3,G003,1,G003,0,0,0,1,0,0,0,1,0,REJECTED,fit_quality_gate,142.099799838523,189.599016827032,47.4992169885087,84.468607428907,1.18955835929222,0,166,167
T,ADD_M2_M3,H50_Zin50,B,0,ADD_M2_M3,"M=20,20,20,20,|T=0,0,0,0,|B=2,15,1,50;3,15,1,50;",0,1,0,105500001,205500001,0.999869786963091,1.11358411060651,3,G002,1,G002,0,0,0,1,0,0,0,1,0,REJECTED,fit_quality_gate,64.5910299041365,195.784338022485,131.193308118349,52.9703889674086,1.18955835929222,0,160,161
T,ADD_M2_M3,H50_Zin50,B,0,ADD_M2_M3,"M=20,20,20,20,|T=0,0,0,0,|B=2,15,1,50;3,15,1,50;",0,1,0,105500002,205500002,1.00600829493411,1.11947738836508,3,G002,1,G002,0,0,0,1,0,0,0,1,0,REJECTED,fit_quality_gate,63.2858557999085,196.237462898068,132.95160709816,54.7573867040877,1.18955835929222,0,160,161
T,ADD_M2_M3,H50_Zin50,B,0,ADD_M2_M3,"M=20,20,20,20,|T=0,0,0,0,|B=2,15,1,50;3,15,1,50;",0,1,0,105500003,205500003,0.998227496680684,0.827921163652505,3,G002,1,G002,0,0,0,1,0,0,0,1,0,REJECTED,fit_quality_gate,67.64712840769,202.836875300098,135.189746892408,54.3617604424009,1.18955835929222,0,162,163
T,ADD_M2_M3,H50_Zin50,B,0,ADD_M2_M3,"M=20,20,20,20,|T=0,0,0,0,|B=2,15,1,50;3,15,1,50;",0,1,0,105500004,205500004,0.982236764739507,0.92848575417968,3,G002,1,G002,0,0,0,1,0,0,0,1,0,REJECTED,fit_quality_gate,65.2289165833505,200.173792219265,134.944875635915,52.0593803285632,1.18955835929222,0,166,167
T,ADD_M2_M3,H50_Zin50,B,0,ADD_M2_M3,"M=20,20,20,20,|T=0,0,0,0,|B=2,15,1,50;3,15,1,50;",0,1,0,105500005,205500005,1.014818355481,0.970041850805529,3,G002,1,G002,0,0,0,1,0,0,0,1,0,REJECTED,fit_quality_gate,60.8382875662638,200.300991569494,139.46270400323,58.8470437312964,1.18955835929222,0,166,167
T,ADD_M2_M3,H50_Zin50,B,0,ADD_M2_M3,"M=20,20,20,20,|T=0,0,0,0,|B=2,15,1,50;3,15,1,50;",0,1,0,105500006,205500006,0.998922395018758,1.11719332065787,3,G002,1,G002,0,0,0,1,0,0,0,1,0,REJECTED,fit_quality_gate,64.7709126707345,195.620027801141,130.849115130407,52.8669535783918,1.18955835929222,0,162,163
T,ADD_M2_M3,H50_Zin50,B,0,ADD_M2_M3,"M=20,20,20,20,|T=0,0,0,0,|B=2,15,1,50;3,15,1,50;",0,1,0,105500007,205500007,0.983315938996486,0.926296316738715,3,G002,1,G002,0,0,0,1,0,0,0,1,0,REJECTED,fit_quality_gate,65.630951937597,200.089866116526,134.458914178929,52.2208634645784,1.18955835929222,0,164,165
T,ADD_M2_M3,H50_Zin50,B,0,ADD_M2_M3,"M=20,20,20,20,|T=0,0,0,0,|B=2,15,1,50;3,15,1,50;",0,1,0,105500008,205500008,0.998123787103149,0.863499333878368,3,G002,1,G002,0,0,0,1,0,0,0,1,0,REJECTED,fit_quality_gate,67.0973290697064,201.869165241237,134.77183617153,54.0268153974118,1.18955835929222,0,162,163
T,ADD_M2_M3,H50_Zin50,B,0,ADD_M2_M3,"M=20,20,20,20,|T=0,0,0,0,|B=2,15,1,50;3,15,1,50;",0,1,0,105500009,205500009,0.994933131120601,0.803849249456964,3,G002,1,G002,0,0,0,1,0,0,0,1,0,REJECTED,fit_quality_gate,68.567350736063,203.37093364089,134.803582904827,54.3959784025742,1.18955835929222,0,162,163
T,ADD_M2_M3,H50_Zin50,B,0,ADD_M2_M3,"M=20,20,20,20,|T=0,0,0,0,|B=2,15,1,50;3,15,1,50;",0,1,0,105500010,205500010,1.01741098235023,1.01230433497758,3,G002,1,G002,0,0,0,1,0,0,0,1,0,REJECTED,fit_quality_gate,60.0724943911529,199.107348060486,139.034853669333,59.5927865281304,1.18955835929222,0,166,167
T,ADD_M2_M3,H50_Zin50,B,0,ADD_M2_M3,"M=20,20,20,20,|T=0,0,0,0,|B=2,15,1,50;3,15,1,50;",0,1,0,105500011,205500011,1.00205098647931,0.837330380481689,3,G002,1,G002,0,0,0,1,0,0,0,1,0,REJECTED,fit_quality_gate,66.7220396787048,202.916993190859,136.194953512154,55.1536326488424,1.18955835929222,0,160,161
T,ADD_M2_M3,H50_Zin50,B,0,ADD_M2_M3,"M=20,20,20,20,|T=0,0,0,0,|B=2,15,1,50;3,15,1,50;",0,1,0,105500012,205500012,0.993523070919113,1.06098762612448,3,G002,1,G002,0,0,0,1,0,0,0,1,0,REJECTED,fit_quality_gate,65.351908250482,196.449280488591,131.097372238109,51.6673940131305,1.18955835929222,0,158,159
T,ADD_M2_M3,H50_Zin50,B,0,ADD_M2_M3,"M=20,20,20,20,|T=0,0,0,0,|B=2,15,1,50;3,15,1,50;",0,1,0,105500013,205500013,0.983915744368027,1.07132242643849,3,G002,1,G002,0,0,0,1,0,0,0,1,0,REJECTED,fit_quality_gate,64.7658179324001,196.108379953681,131.342562021281,50.5601420812958,1.18955835929222,0,164,165
T,ADD_M2_M3,H50_Zin50,B,0,ADD_M2_M3,"M=20,20,20,20,|T=0,0,0,0,|B=2,15,1,50;3,15,1,50;",0,1,0,105500014,205500014,1.01010865221402,1.17962552202502,3,G002,1,G002,0,0,0,1,0,0,0,1,0,REJECTED,fit_quality_gate,62.3665628788217,195.292194542612,132.92563166379,56.415902862037,1.18955835929222,0,166,167
T,ADD_M2_M3,H50_Zin50,B,0,ADD_M2_M3,"M=20,20,20,20,|T=0,0,0,0,|B=2,15,1,50;3,15,1,50;",0,1,0,105500015,205500015,0.980121750969647,1.11388692882841,3,G002,1,G002,0,0,0,1,0,0,0,1,0,REJECTED,fit_quality_gate,64.0104726310076,195.515554295885,131.505081664878,50.0848467754155,1.18955835929222,0,164,165
T,ADD_M2_M3,H50_Zin50,B,0,ADD_M2_M3,"M=20,20,20,20,|T=0,0,0,0,|B=2,15,1,50;3,15,1,50;",0,1,0,105500016,205500016,1.01637193800934,1.01549497331359,3,G002,1,G002,0,0,0,1,0,0,0,1,0,REJECTED,fit_quality_gate,60.308370539025,199.15424034307,138.845869804045,59.1723849058557,1.18955835929222,0,166,167
T,ADD_M2_M3,H50_Zin50,B,0,ADD_M2_M3,"M=20,20,20,20,|T=0,0,0,0,|B=2,15,1,50;3,15,1,50;",0,1,0,105500017,205500017,0.980796220826829,1.01705255123983,3,G002,1,G002,0,0,0,1,0,0,0,1,0,REJECTED,fit_quality_gate,64.4383785938413,197.829007891647,133.390629297805,50.6231953952221,1.18955835929222,0,162,163
T,ADD_M2_M3,H50_Zin50,B,0,ADD_M2_M3,"M=20,20,20,20,|T=0,0,0,0,|B=2,15,1,50;3,15,1,50;",0,1,0,105500018,205500018,1.00455571721019,1.00524768618037,3,G002,1,G002,0,0,0,1,0,0,0,1,0,REJECTED,fit_quality_gate,63.9622886944714,198.778387319276,134.816098624805,54.3170858005741,1.18955835929222,0,160,161
T,ADD_M2_M3,H50_Zin50,B,0,ADD_M2_M3,"M=20,20,20,20,|T=0,0,0,0,|B=2,15,1,50;3,15,1,50;",0,1,0,105500019,205500019,1.00139977773477,0.977617788330116,3,G002,1,G002,0,0,0,1,0,0,0,1,0,REJECTED,fit_quality_gate,64.6979806492344,199.106587250538,134.408606601303,53.6024602116895,1.18955835929222,0,160,161
T,ADD_M2_M3,H50_Zin50,B,0,ADD_M2_M3,"M=20,20,20,20,|T=0,0,0,0,|B=2,15,1,50;3,15,1,50;",0,1,0,105500020,205500020,0.982481593345831,0.931570407375542,3,G002,1,G002,0,0,0,1,0,0,0,1,0,REJECTED,fit_quality_gate,65.5798173525466,199.965289156879,134.385471804332,51.7303152836407,1.18955835929222,0,164,165
T,ADD_M2_M3,H50_Zin50,B,0,ADD_M2_M3,"M=20,20,20,20,|T=0,0,0,0,|B=2,15,1,50;3,15,1,50;",0,1,0,105500021,205500021,0.996580640341393,0.886114330054463,3,G002,1,G002,0,0,0,1,0,0,0,1,0,REJECTED,fit_quality_gate,66.6736997599992,201.109926436175,134.436226676176,53.3291438130544,1.18955835929222,0,160,161
T,ADD_M2_M3,H50_Zin50,B,0,ADD_M2_M3,"M=20,20,20,20,|T=0,0,0,0,|B=2,15,1,50;3,15,1,50;",0,1,0,105500022,205500022,0.991193930532275,1.02223701903892,3,G002,1,G002,0,0,0,1,0,0,0,1,0,REJECTED,fit_quality_gate,65.7056079260529,197.125250334235,131.419642408183,51.3937721605321,1.18955835929222,0,160,161
T,ADD_M2_M3,H50_Zin50,B,0,ADD_M2_M3,"M=20,20,20,20,|T=0,0,0,0,|B=2,15,1,50;3,15,1,50;",0,1,0,105500023,205500023,0.997748326294087,1.07962917676454,3,G002,1,G002,0,0,0,1,0,0,0,1,0,REJECTED,fit_quality_gate,64.9793120034927,196.171875111051,131.192563107558,52.4973290127876,1.18955835929222,0,162,163
T,ADD_M2_M3,H50_Zin50,B,0,ADD_M2_M3,"M=20,20,20,20,|T=0,0,0,0,|B=2,15,1,50;3,15,1,50;",0,1,0,105500024,205500024,1.01913729934741,1.0095763289248,3,G002,1,G002,0,0,0,1,0,0,0,1,0,REJECTED,fit_quality_gate,59.4522138647045,199.319061462339,139.866847597634,60.3272498665719,1.18955835929222,0,166,167
T,ADD_M2_M3,H50_Zin50,B,0,ADD_M2_M3,"M=20,20,20,20,|T=0,0,0,0,|B=2,15,1,50;3,15,1,50;",0,1,0,105500025,205500025,1.00584078147998,0.914165024082531,3,G002,1,G002,0,0,0,1,0,0,0,1,0,REJECTED,fit_quality_gate,64.3825830332477,201.340094028715,136.957510995467,55.633034913957,1.18955835929222,0,162,163
T,ADD_M2_M3,H50_Zin50,B,0,ADD_M2_M3,"M=20,20,20,20,|T=0,0,0,0,|B=2,15,1,50;3,15,1,50;",0,1,0,105500026,205500026,0.986600337126229,1.17745831214516,3,G002,1,G002,0,0,0,1,0,0,0,1,0,REJECTED,fit_quality_gate,65.0206786332231,193.591522035355,128.570843402132,50.4609293000015,1.18955835929222,0,160,161
T,ADD_M2_M3,H50_Zin50,B,0,ADD_M2_M3,"M=20,20,20,20,|T=0,0,0,0,|B=2,15,1,50;3,15,1,50;",0,1,0,105500027,205500027,1.01677938743988,0.993735867690184,3,G002,1,G002,0,0,0,1,0,0,0,1,0,REJECTED,fit_quality_gate,60.1668691134879,199.62073221757,139.453863104082,59.439335142953,1.18955835929222,0,164,165
T,ADD_M2_M3,H50_Zin50,B,0,ADD_M2_M3,"M=20,20,20,20,|T=0,0,0,0,|B=2,15,1,50;3,15,1,50;",0,1,0,105500028,205500028,1.01990535896643,0.846645646863775,3,G002,1,G002,0,0,0,1,0,0,0,1,0,REJECTED,fit_quality_gate,60.4669197568348,203.540963929159,143.074044172324,61.9488565822298,1.18955835929222,0,166,167
T,ADD_M2_M3,H50_Zin50,B,0,ADD_M2_M3,"M=20,20,20,20,|T=0,0,0,0,|B=2,15,1,50;3,15,1,50;",0,1,0,105500029,205500029,0.980326729464371,1.05301484663364,3,G002,1,G002,0,0,0,1,0,0,0,1,0,REJECTED,fit_quality_gate,64.1111341925361,197.002245349407,132.891111156871,50.3432764850167,1.18955835929222,0,164,165
T,ADD_M2_M3,H50_Zin50,B,0,ADD_M2_M3,"M=20,20,20,20,|T=0,0,0,0,|B=2,15,1,50;3,15,1,50;",0,1,0,105500030,205500030,1.01000730880758,0.817907450200047,3,G002,1,G002,0,0,0,1,0,0,0,1,0,REJECTED,fit_quality_gate,64.4397690362474,204.066548580345,139.626779544097,58.0316014098832,1.18955835929222,0,164,165
T,DOUBLE_M3,H50_Zin50,B,0,DOUBLE_M3,"M=20,20,20,20,|T=0,0,0,0,|B=3,15,1,50;3,15,1,50;",0,1,0,105300001,205300001,0.994142298816724,0.921439987392495,3,G001,1,G001,0,0,0,1,0,0,0,1,0,REJECTED,fit_quality_gate,176.809219439257,196.492820675735,19.6836012364789,207.035808447239,1.18955835929222,0,164,165
T,DOUBLE_M3,H50_Zin50,B,0,DOUBLE_M3,"M=20,20,20,20,|T=0,0,0,0,|B=3,15,1,50;3,15,1,50;",0,1,0,105300002,205300002,0.998796239396031,1.17766251543199,3,G001,1,G001,0,0,0,1,0,0,0,1,0,REJECTED,fit_quality_gate,181.310322128672,196.269063518197,14.958741389525,211.032821920701,1.18955835929222,0,138,139
T,DOUBLE_M3,H50_Zin50,B,0,DOUBLE_M3,"M=20,20,20,20,|T=0,0,0,0,|B=3,15,1,50;3,15,1,50;",0,1,0,105300003,205300003,0.980900932432286,1.17259115609537,3,G001,1,G001,0,0,0,1,0,0,0,1,0,REJECTED,fit_quality_gate,170.012834285292,177.299637386862,7.28680310156994,215.017881152058,1.18955835929222,0,164,165
T,DOUBLE_M3,H50_Zin50,B,0,DOUBLE_M3,"M=20,20,20,20,|T=0,0,0,0,|B=3,15,1,50;3,15,1,50;",0,1,0,105300004,205300004,0.986250145023289,1.08388630078778,3,G001,1,G001,0,0,0,1,0,0,0,1,0,REJECTED,fit_quality_gate,171.959969919019,183.123196920214,11.1632270011947,210.710036697674,1.18955835929222,0,166,167
T,DOUBLE_M3,H50_Zin50,B,0,DOUBLE_M3,"M=20,20,20,20,|T=0,0,0,0,|B=3,15,1,50;3,15,1,50;",0,1,0,105300005,205300005,0.997406476800335,1.15042646746507,3,G001,1,G001,0,0,0,1,0,0,0,1,0,REJECTED,fit_quality_gate,180.071915127604,195.772964020359,15.7010488927558,210.41139100226,1.18955835929222,0,140,141
T,DOUBLE_M3,H50_Zin50,B,0,DOUBLE_M3,"M=20,20,20,20,|T=0,0,0,0,|B=3,15,1,50;3,15,1,50;",0,1,0,105300006,205300006,1.01184048687591,1.19196326569785,3,G001,1,G001,0,0,0,1,0,0,0,1,0,REJECTED,fit_quality_gate,192.134307645712,196.708142298676,4.57383465296354,208.777776572519,1.18955835929222,0,140,141
T,DOUBLE_M3,H50_Zin50,B,0,DOUBLE_M3,"M=20,20,20,20,|T=0,0,0,0,|B=3,15,1,50;3,15,1,50;",0,1,0,105300007,205300007,1.00681741883585,0.975484006667856,3,G001,1,G001,0,0,0,1,0,0,0,1,0,REJECTED,fit_quality_gate,195.824624037425,200.38537319631,4.56074915888479,216.133041189626,1.18955835929222,0,144,145
T,DOUBLE_M3,H50_Zin50,B,0,DOUBLE_M3,"M=20,20,20,20,|T=0,0,0,0,|B=3,15,1,50;3,15,1,50;",0,1,0,105300008,205300008,0.987101324943478,0.841481434096688,3,G001,1,G001,0,0,0,1,0,0,0,1,0,REJECTED,fit_quality_gate,171.924878294331,189.131949768033,17.2070714737015,207.690253586778,1.18955835929222,0,164,165
T,DOUBLE_M3,H50_Zin50,B,0,DOUBLE_M3,"M=20,20,20,20,|T=0,0,0,0,|B=3,15,1,50;3,15,1,50;",0,1,0,105300009,205300009,1.01988312374574,0.944391030935515,3,G001,1,G001,0,0,0,1,0,0,0,1,0,REJECTED,fit_quality_gate,198.137662505949,200.494995073749,2.35733256780014,208.863174853191,1.18955835929222,0,140,141
T,DOUBLE_M3,H50_Zin50,B,0,DOUBLE_M3,"M=20,20,20,20,|T=0,0,0,0,|B=3,15,1,50;3,15,1,50;",0,1,0,105300010,205300010,1.01439815978853,0.842940154172461,3,G001,1,G001,0,0,0,1,0,0,0,1,0,REJECTED,fit_quality_gate,198.754936119838,202.738138203047,3.98320208320857,216.263016550403,1.18955835929222,0,138,139
T,DOUBLE_M3,H50_Zin50,B,0,DOUBLE_M3,"M=20,20,20,20,|T=0,0,0,0,|B=3,15,1,50;3,15,1,50;",0,1,0,105300011,205300011,1.00975815068017,0.984153058763247,3,G001,1,G001,0,0,0,1,0,0,0,1,0,REJECTED,fit_quality_gate,195.413069960492,200.087027287395,4.6739573269036,214.719803159419,1.18955835929222,0,142,143
T,DOUBLE_M3,H50_Zin50,B,0,DOUBLE_M3,"M=20,20,20,20,|T=0,0,0,0,|B=3,15,1,50;3,15,1,50;",0,1,0,105300012,205300012,1.01857299706846,1.00561581562816,3,G001,1,G001,0,0,0,1,0,0,0,1,0,REJECTED,fit_quality_gate,196.236596742139,199.139691585663,2.90309484352375,207.990408213505,1.18955835929222,0,136,137
T,DOUBLE_M3,H50_Zin50,B,0,DOUBLE_M3,"M=20,20,20,20,|T=0,0,0,0,|B=3,15,1,50;3,15,1,50;",0,1,0,105300013,205300013,1.0001930200299,1.00171200452765,3,G001,1,G001,0,0,0,1,0,0,0,1,0,REJECTED,fit_quality_gate,182.62412123123,200.008684572985,17.3845633417551,209.731541174419,1.18955835929222,0,142,143
T,DOUBLE_M3,H50_Zin50,B,0,DOUBLE_M3,"M=20,20,20,20,|T=0,0,0,0,|B=3,15,1,50;3,15,1,50;",0,1,0,105300014,205300014,0.991508595164902,1.02537457240846,3,G001,1,G001,0,0,0,1,0,0,0,1,0,REJECTED,fit_quality_gate,174.952961616695,190.864037321996,15.9110757053018,208.274900344074,1.18955835929222,0,164,165
T,DOUBLE_M3,H50_Zin50,B,0,DOUBLE_M3,"M=20,20,20,20,|T=0,0,0,0,|B=3,15,1,50;3,15,1,50;",0,1,0,105300015,205300015,0.992789505976045,0.993071002286362,3,G001,1,G001,0,0,0,1,0,0,0,1,0,REJECTED,fit_quality_gate,175.84303356886,193.02686503987,17.1838314710094,207.840450020656,1.18955835929222,0,164,165
T,DOUBLE_M3,H50_Zin50,B,0,DOUBLE_M3,"M=20,20,20,20,|T=0,0,0,0,|B=3,15,1,50;3,15,1,50;",0,1,0,105300016,205300016,0.992308988538501,1.06179795039292,3,G001,1,G001,0,0,0,1,0,0,0,1,0,REJECTED,fit_quality_gate,175.61387440981,191.151034732348,15.5371603225379,208.829756256687,1.18955835929222,0,166,167
T,DOUBLE_M3,H50_Zin50,B,0,DOUBLE_M3,"M=20,20,20,20,|T=0,0,0,0,|B=3,15,1,50;3,15,1,50;",0,1,0,105300017,205300017,1.01008396761288,0.955328053147857,3,G001,1,G001,0,0,0,1,0,0,0,1,0,REJECTED,fit_quality_gate,195.976752059542,200.605232953633,4.62848089409056,215.546404038853,1.18955835929222,0,144,145
T,DOUBLE_M3,H50_Zin50,B,0,DOUBLE_M3,"M=20,20,20,20,|T=0,0,0,0,|B=3,15,1,50;3,15,1,50;",0,1,0,105300018,205300018,0.999306612768769,1.01803460630591,3,G001,1,G001,0,0,0,1,0,0,0,1,0,REJECTED,fit_quality_gate,181.730269429995,199.038257476984,17.307988046989,209.22586228783,1.18955835929222,0,140,141
T,DOUBLE_M3,H50_Zin50,B,0,DOUBLE_M3,"M=20,20,20,20,|T=0,0,0,0,|B=3,15,1,50;3,15,1,50;",0,1,0,105300019,205300019,0.99675237910883,0.868678010003225,3,G001,1,G001,0,0,0,1,0,0,0,1,0,REJECTED,fit_quality_gate,179.292918770668,199.278057028841,19.9851382581738,206.852321332305,1.18955835929222,0,142,143
T,DOUBLE_M3,H50_Zin50,B,0,DOUBLE_M3,"M=20,20,20,20,|T=0,0,0,0,|B=3,15,1,50;3,15,1,50;",0,1,0,105300020,205300020,1.00439689269713,0.966740163316416,3,G001,1,G001,0,0,0,1,0,0,0,1,0,REJECTED,fit_quality_gate,186.868211205176,200.876198809808,14.0079876046329,210.818400242098,1.18955835929222,0,140,141
T,DOUBLE_M3,H50_Zin50,B,0,DOUBLE_M3,"M=20,20,20,20,|T=0,0,0,0,|B=3,15,1,50;3,15,1,50;",0,1,0,105300021,205300021,0.995583542347458,0.989034382878287,3,G001,1,G001,0,0,0,1,0,0,0,1,0,REJECTED,fit_quality_gate,178.040177410091,196.792415255198,18.7522378451066,208.080727211431,1.18955835929222,0,138,139
T,DOUBLE_M3,H50_Zin50,B,0,DOUBLE_M3,"M=20,20,20,20,|T=0,0,0,0,|B=3,15,1,50;3,15,1,50;",0,1,0,105300022,205300022,0.989955871036622,0.860921744142146,3,G001,1,G001,0,0,0,1,0,0,0,1,0,REJECTED,fit_quality_gate,173.655375162189,192.156395191948,18.5010200297598,206.746769128512,1.18955835929222,0,164,165
T,DOUBLE_M3,H50_Zin50,B,0,DOUBLE_M3,"M=20,20,20,20,|T=0,0,0,0,|B=3,15,1,50;3,15,1,50;",0,1,0,105300023,205300023,1.00262092419101,0.844623510600253,3,G001,1,G001,0,0,0,1,0,0,0,1,0,REJECTED,fit_quality_gate,185.357992666905,203.061477377794,17.7034847108888,208.764907003692,1.18955835929222,0,138,139
T,DOUBLE_M3,H50_Zin50,B,0,DOUBLE_M3,"M=20,20,20,20,|T=0,0,0,0,|B=3,15,1,50;3,15,1,50;",0,1,0,105300024,205300024,1.011652709286,1.00527979389117,3,G001,1,G001,0,0,0,1,0,0,0,1,0,REJECTED,fit_quality_gate,195.170679596124,199.83013326543,4.65945366930606,213.480155460726,1.18955835929222,0,140,141
T,DOUBLE_M3,H50_Zin50,B,0,DOUBLE_M3,"M=20,20,20,20,|T=0,0,0,0,|B=3,15,1,50;3,15,1,50;",0,1,0,105300025,205300025,1.01289368637454,0.953623938704076,3,G001,1,G001,0,0,0,1,0,0,0,1,0,REJECTED,fit_quality_gate,196.155120596653,200.572712677558,4.41759208090446,213.966886379915,1.18955835929222,0,140,141
T,DOUBLE_M3,H50_Zin50,B,0,DOUBLE_M3,"M=20,20,20,20,|T=0,0,0,0,|B=3,15,1,50;3,15,1,50;",0,1,0,105300026,205300026,0.997145343191563,0.922067252421,3,G001,1,G001,0,0,0,1,0,0,0,1,0,REJECTED,fit_quality_gate,179.63790739298,198.816531078625,19.1786236856453,207.583418438236,1.18955835929222,0,136,137
T,DOUBLE_M3,H50_Zin50,B,0,DOUBLE_M3,"M=20,20,20,20,|T=0,0,0,0,|B=3,15,1,50;3,15,1,50;",0,1,0,105300027,205300027,0.990037514814725,1.05925329361712,3,G001,1,G001,0,0,0,1,0,0,0,1,0,REJECTED,fit_quality_gate,174.003684196275,188.03230314999,14.0286189537148,208.913077844278,1.18955835929222,0,164,165
T,DOUBLE_M3,H50_Zin50,B,0,DOUBLE_M3,"M=20,20,20,20,|T=0,0,0,0,|B=3,15,1,50;3,15,1,50;",0,1,0,105300028,205300028,0.982632048310026,1.18338396593598,3,G001,1,G001,0,0,0,1,0,0,0,1,0,REJECTED,fit_quality_gate,170.565883893315,178.039790999318,7.47390710600334,213.642159622095,1.18955835929222,0,166,167
T,DOUBLE_M3,H50_Zin50,B,0,DOUBLE_M3,"M=20,20,20,20,|T=0,0,0,0,|B=3,15,1,50;3,15,1,50;",0,1,0,105300029,205300029,1.00074449886914,1.05059598443586,3,G001,1,G001,0,0,0,1,0,0,0,1,0,REJECTED,fit_quality_gate,183.011468184312,199.65005003695,16.6385818526379,210.186018252687,1.18955835929222,0,136,137
T,DOUBLE_M3,H50_Zin50,B,0,DOUBLE_M3,"M=20,20,20,20,|T=0,0,0,0,|B=3,15,1,50;3,15,1,50;",0,1,0,105300030,205300030,1.01176005754663,1.15819831314047,3,G001,1,G001,0,0,0,1,0,0,0,1,0,REJECTED,fit_quality_gate,192.429897392994,197.215716277721,4.78581888472655,209.590516303743,1.18955835929222,0,140,141
T_domain,G002_domain_out,H50_Zin50,B,0,G002,"M=20,20,20,20,|T=0,0,0,0,|B=2,15,1,50;",1,0,1,155400001,255400001,1.15,1.12884131547676,3,G002,1,G002,1,1,0,0,1,0,0,0,0,REJECTED,fit_quality_gate,181.571760712459,198.943067380325,17.3713066678668,185.24746013695,1.18955835929222,0,166,167
T_domain,G002_domain_out,H50_Zin50,B,0,G002,"M=20,20,20,20,|T=0,0,0,0,|B=2,15,1,50;",1,0,1,155400002,255400002,1.15,1.02561173018079,3,G002,1,G002,1,1,0,0,1,0,0,0,0,REJECTED,fit_quality_gate,184.394415987061,201.255109716424,16.8606937293629,189.115046214249,1.18955835929222,0,164,165
T_domain,G002_domain_out,H50_Zin50,B,0,G002,"M=20,20,20,20,|T=0,0,0,0,|B=2,15,1,50;",1,0,1,155400003,255400003,1.15,1.15402003894716,3,G002,1,G002,1,1,0,0,1,0,0,0,0,REJECTED,fit_quality_gate,181.084542767792,198.593824865697,17.5092820979048,184.645835756111,1.18955835929222,0,164,165
T_domain,G002_domain_out,H50_Zin50,B,0,G002,"M=20,20,20,20,|T=0,0,0,0,|B=2,15,1,50;",1,0,1,155400004,255400004,1.15,1.03619650120576,3,G002,1,G002,1,1,0,0,1,0,0,0,0,REJECTED,fit_quality_gate,184.091635238568,200.927847432193,16.8362121936255,188.515777153183,1.18955835929222,0,162,163
T_domain,G002_domain_out,H50_Zin50,B,0,G002,"M=20,20,20,20,|T=0,0,0,0,|B=2,15,1,50;",1,0,1,155400005,255400005,1.15,0.973530142577809,3,G002,1,G002,1,1,0,0,1,0,0,0,0,REJECTED,fit_quality_gate,185.733120283403,202.268156533593,16.5350362501902,190.980080957581,1.18955835929222,0,164,165
T_domain,G002_domain_out,H50_Zin50,B,0,G002,"M=20,20,20,20,|T=0,0,0,0,|B=2,15,1,50;",1,0,1,155400006,255400006,1.15,0.876277797983159,3,G002,1,G002,1,1,0,0,1,0,0,0,0,REJECTED,fit_quality_gate,188.622384767532,204.522828830606,15.9004440630739,194.802310664143,1.18955835929222,0,164,165
T_domain,G002_domain_out,H50_Zin50,B,0,G002,"M=20,20,20,20,|T=0,0,0,0,|B=2,15,1,50;",1,0,1,155400007,255400007,1.15,1.11098324243282,3,G002,1,G002,1,1,0,0,1,0,0,0,0,REJECTED,fit_quality_gate,181.970063323614,199.381982820707,17.4119194970934,186.050781884179,1.18955835929222,0,164,165
T_domain,G002_domain_out,H50_Zin50,B,0,G002,"M=20,20,20,20,|T=0,0,0,0,|B=2,15,1,50;",1,0,1,155400008,255400008,1.15,0.902479587302444,3,G002,1,G002,1,1,0,0,1,0,0,0,0,REJECTED,fit_quality_gate,187.873711843408,203.904914286297,16.0312024428886,193.665550824722,1.18955835929222,0,162,163
T_domain,G002_domain_out,H50_Zin50,B,0,G002,"M=20,20,20,20,|T=0,0,0,0,|B=2,15,1,50;",1,0,1,155400009,255400009,1.15,0.906681581185242,3,G002,1,G002,1,1,0,0,1,0,0,0,0,REJECTED,fit_quality_gate,187.585833286,203.684129864984,16.0982965789844,193.422700688293,1.18955835929222,0,162,163
T_domain,G002_domain_out,H50_Zin50,B,0,G002,"M=20,20,20,20,|T=0,0,0,0,|B=2,15,1,50;",1,0,1,155400010,255400010,1.15,0.813228138908581,3,G002,1,G002,1,1,0,0,1,0,0,0,0,REJECTED,fit_quality_gate,190.691386307939,206.144814317959,15.4534280100207,197.320110723212,1.18955835929222,0,162,163
T_domain,G002_domain_out,H50_Zin50,B,0,G002,"M=20,20,20,20,|T=0,0,0,0,|B=2,15,1,50;",1,0,1,155400011,255400011,1.15,1.15868124334444,3,G002,1,G002,1,1,0,0,1,0,0,0,0,REJECTED,fit_quality_gate,180.826153141191,198.374739304388,17.5485861631972,184.478361142013,1.18955835929222,0,166,167
T_domain,G002_domain_out,H50_Zin50,B,0,G002,"M=20,20,20,20,|T=0,0,0,0,|B=2,15,1,50;",1,0,1,155400012,255400012,1.15,1.07727751484691,3,G002,1,G002,1,1,0,0,1,0,0,0,0,REJECTED,fit_quality_gate,182.968033282366,200.012823690158,17.0447904077926,187.064302095126,1.18955835929222,0,164,165
T_domain,G002_domain_out,H50_Zin50,B,0,G002,"M=20,20,20,20,|T=0,0,0,0,|B=2,15,1,50;",1,0,1,155400013,255400013,1.15,1.09492538029689,3,G002,1,G002,1,1,0,0,1,0,0,0,0,REJECTED,fit_quality_gate,182.434153688786,199.639933819665,17.2057801308793,186.438182818961,1.18955835929222,0,164,165
T_domain,G002_domain_out,H50_Zin50,B,0,G002,"M=20,20,20,20,|T=0,0,0,0,|B=2,15,1,50;",1,0,1,155400014,255400014,1.15,0.864042626340992,3,G002,1,G002,1,1,0,0,1,0,0,0,0,REJECTED,fit_quality_gate,189.122334334581,204.882220480739,15.7598861461581,195.037810376324,1.18955835929222,0,162,163
T_domain,G002_domain_out,H50_Zin50,B,0,G002,"M=20,20,20,20,|T=0,0,0,0,|B=2,15,1,50;",1,0,1,155400015,255400015,1.15,0.907144302068726,3,G002,1,G002,1,1,0,0,1,0,0,0,0,REJECTED,fit_quality_gate,187.704569861702,203.779146456363,16.074576594661,193.503175469828,1.18955835929222,0,164,165
T_domain,G002_domain_out,H50_Zin50,B,0,G002,"M=20,20,20,20,|T=0,0,0,0,|B=2,15,1,50;",1,0,1,155400016,255400016,1.15,1.02315740450297,3,G002,1,G002,1,1,0,0,1,0,0,0,0,REJECTED,fit_quality_gate,184.333119389832,201.118114136382,16.7849947465505,189.110188587697,1.18955835929222,0,162,163
T_domain,G002_domain_out,H50_Zin50,B,0,G002,"M=20,20,20,20,|T=0,0,0,0,|B=2,15,1,50;",1,0,1,155400017,255400017,1.15,0.94983870775824,3,G002,1,G002,1,1,0,0,1,0,0,0,0,REJECTED,fit_quality_gate,186.431344083662,202.700669764072,16.2693256804104,191.780233436332,1.18955835929222,0,164,165
T_domain,G002_domain_out,H50_Zin50,B,0,G002,"M=20,20,20,20,|T=0,0,0,0,|B=2,15,1,50;",1,0,1,155400018,255400018,1.15,0.851098094842341,3,G002,1,G002,1,1,0,0,1,0,0,0,0,REJECTED,fit_quality_gate,189.488593659265,205.227583397941,15.7389897386756,195.839281116885,1.18955835929222,0,164,165
T_domain,G002_domain_out,H50_Zin50,B,0,G002,"M=20,20,20,20,|T=0,0,0,0,|B=2,15,1,50;",1,0,1,155400019,255400019,1.15,1.15081996727221,3,G002,1,G002,1,1,0,0,1,0,0,0,0,REJECTED,fit_quality_gate,181.19529576912,198.613157433341,17.4178616642205,184.662139382764,1.18955835929222,0,164,165
T_domain,G002_domain_out,H50_Zin50,B,0,G002,"M=20,20,20,20,|T=0,0,0,0,|B=2,15,1,50;",1,0,1,155400020,255400020,1.15,0.989443461334601,3,G002,1,G002,1,1,0,0,1,0,0,0,0,REJECTED,fit_quality_gate,185.349728979198,201.952385473242,16.6026564940435,190.180364390766,1.18955835929222,0,164,165
T_domain,G002_domain_out,H50_Zin50,B,0,G002,"M=20,20,20,20,|T=0,0,0,0,|B=2,15,1,50;",1,0,1,155400021,255400021,1.15,1.02739880808362,3,G002,1,G002,1,1,0,0,1,0,0,0,0,REJECTED,fit_quality_gate,184.241067666541,201.15197121988,16.9109035533395,189.056287490407,1.18955835929222,0,162,163
T_domain,G002_domain_out,H50_Zin50,B,0,G002,"M=20,20,20,20,|T=0,0,0,0,|B=2,15,1,50;",1,0,1,155400022,255400022,1.15,1.1718040202307,3,G002,1,G002,1,1,0,0,1,0,0,0,0,REJECTED,fit_quality_gate,180.620960317429,198.292246236228,17.6712859187997,183.882335354954,1.18955835929222,0,164,165
T_domain,G002_domain_out,H50_Zin50,B,0,G002,"M=20,20,20,20,|T=0,0,0,0,|B=2,15,1,50;",1,0,1,155400023,255400023,1.15,1.09753062294878,3,G002,1,G002,1,1,0,0,1,0,0,0,0,REJECTED,fit_quality_gate,182.385562116308,199.603865397438,17.2183032811305,186.539415951106,1.18955835929222,0,164,165
T_domain,G002_domain_out,H50_Zin50,B,0,G002,"M=20,20,20,20,|T=0,0,0,0,|B=2,15,1,50;",1,0,1,155400024,255400024,1.15,0.973668123151594,3,G002,1,G002,1,1,0,0,1,0,0,0,0,REJECTED,fit_quality_gate,185.935184638981,202.276760545323,16.3415759063421,191.030079378637,1.18955835929222,0,162,163
T_domain,G002_domain_out,H50_Zin50,B,0,G002,"M=20,20,20,20,|T=0,0,0,0,|B=2,15,1,50;",1,0,1,155400025,255400025,1.15,0.818006038911299,3,G002,1,G002,1,1,0,0,1,0,0,0,0,REJECTED,fit_quality_gate,190.660626362468,206.158943776439,15.4983174139713,197.133697677017,1.18955835929222,0,162,163
T_domain,G002_domain_out,H50_Zin50,B,0,G002,"M=20,20,20,20,|T=0,0,0,0,|B=2,15,1,50;",1,0,1,155400026,255400026,1.15,0.915465215153018,3,G002,1,G002,1,1,0,0,1,0,0,0,0,REJECTED,fit_quality_gate,187.52130153753,203.57552020973,16.0542186722002,193.138719922516,1.18955835929222,0,162,163
T_domain,G002_domain_out,H50_Zin50,B,0,G002,"M=20,20,20,20,|T=0,0,0,0,|B=2,15,1,50;",1,0,1,155400027,255400027,1.15,0.83151918482161,3,G002,1,G002,1,1,0,0,1,0,0,0,0,REJECTED,fit_quality_gate,190.068726545161,205.716881429598,15.6481548844372,196.493126110336,1.18955835929222,0,162,163
T_domain,G002_domain_out,H50_Zin50,B,0,G002,"M=20,20,20,20,|T=0,0,0,0,|B=2,15,1,50;",1,0,1,155400028,255400028,1.15,0.953556577815418,3,G002,1,G002,1,1,0,0,1,0,0,0,0,REJECTED,fit_quality_gate,186.386547994433,202.726053047342,16.3395050529083,191.574405737128,1.18955835929222,0,162,163
T_domain,G002_domain_out,H50_Zin50,B,0,G002,"M=20,20,20,20,|T=0,0,0,0,|B=2,15,1,50;",1,0,1,155400029,255400029,1.15,0.853410596465822,3,G002,1,G002,1,1,0,0,1,0,0,0,0,REJECTED,fit_quality_gate,189.508339016832,205.239104359208,15.7307653423767,195.859647481981,1.18955835929222,0,164,165
T_domain,G002_domain_out,H50_Zin50,B,0,G002,"M=20,20,20,20,|T=0,0,0,0,|B=2,15,1,50;",1,0,1,155400030,255400030,1.15,1.15486552853543,3,G002,1,G002,1,1,0,0,1,0,0,0,0,REJECTED,fit_quality_gate,180.88458499716,198.395558287826,17.5109732906664,184.580308861909,1.18955835929222,0,164,165
T_domain,G003_domain_out,H50_Zin50,B,0,G003,"M=20,20,20,20,|T=0,0,0,0,|B=1,15,1,50;",1,0,1,155700001,255700001,1.15,0.803414251299255,3,G003,1,G003,1,1,0,0,1,0,0,0,0,REJECTED,fit_quality_gate,184.73956023965,228.241403919355,43.5018436797048,169.098667819849,1.18955835929222,0,164,165
T_domain,G003_domain_out,H50_Zin50,B,0,G003,"M=20,20,20,20,|T=0,0,0,0,|B=1,15,1,50;",1,0,1,155700002,255700002,1.15,1.1738337439768,3,G003,1,G003,1,1,0,0,1,0,0,0,0,REJECTED,fit_quality_gate,174.211077844319,217.125336308868,42.9142584645491,159.763454793001,1.18955835929222,0,164,165
T_domain,G003_domain_out,H50_Zin50,B,0,G003,"M=20,20,20,20,|T=0,0,0,0,|B=1,15,1,50;",1,0,1,155700003,255700003,1.15,0.98271378037106,3,G003,1,G003,1,1,0,0,1,0,0,0,0,REJECTED,fit_quality_gate,178.657095046846,222.03824930721,43.3811542603648,164.178186027154,1.18955835929222,0,164,165
T_domain,G003_domain_out,H50_Zin50,B,0,G003,"M=20,20,20,20,|T=0,0,0,0,|B=1,15,1,50;",1,0,1,155700004,255700004,1.15,0.890581035054099,3,G003,1,G003,1,1,0,0,1,0,0,0,0,REJECTED,fit_quality_gate,181.523411511471,224.948600323727,43.4251888122565,166.617386079855,1.18955835929222,0,164,165
T_domain,G003_domain_out,H50_Zin50,B,0,G003,"M=20,20,20,20,|T=0,0,0,0,|B=1,15,1,50;",1,0,1,155700005,255700005,1.15,1.10057337735844,3,G003,1,G003,1,1,0,0,1,0,0,0,0,REJECTED,fit_quality_gate,175.732658670462,218.789417447711,43.0567587772495,161.479938160095,1.18955835929222,0,164,165
T_domain,G003_domain_out,H50_Zin50,B,0,G003,"M=20,20,20,20,|T=0,0,0,0,|B=1,15,1,50;",1,0,1,155700006,255700006,1.15,1.02997813740481,3,G003,1,G003,1,1,0,0,1,0,0,0,0,REJECTED,fit_quality_gate,177.323905316247,220.639412806839,43.3155074905928,163.310348999931,1.18955835929222,0,164,165
T_domain,G003_domain_out,H50_Zin50,B,0,G003,"M=20,20,20,20,|T=0,0,0,0,|B=1,15,1,50;",1,0,1,155700007,255700007,1.15,1.06513288713846,3,G003,1,G003,1,1,0,0,1,0,0,0,0,REJECTED,fit_quality_gate,176.491745516246,219.668980425703,43.1772349094575,162.181104749355,1.18955835929222,0,164,165
T_domain,G003_domain_out,H50_Zin50,B,0,G003,"M=20,20,20,20,|T=0,0,0,0,|B=1,15,1,50;",1,0,1,155700008,255700008,1.15,0.814861219223601,3,G003,1,G003,1,1,0,0,1,0,0,0,0,REJECTED,fit_quality_gate,184.341366722599,227.759702537605,43.4183358150068,168.684141209883,1.18955835929222,0,164,165
T_domain,G003_domain_out,H50_Zin50,B,0,G003,"M=20,20,20,20,|T=0,0,0,0,|B=1,15,1,50;",1,0,1,155700009,255700009,1.15,0.910016524439535,3,G003,1,G003,1,1,0,0,1,0,0,0,0,REJECTED,fit_quality_gate,180.923893497681,224.322788331241,43.3988948335606,166.108538896564,1.18955835929222,0,164,165
T_domain,G003_domain_out,H50_Zin50,B,0,G003,"M=20,20,20,20,|T=0,0,0,0,|B=1,15,1,50;",1,0,1,155700010,255700010,1.15,0.885448766857814,3,G003,1,G003,1,1,0,0,1,0,0,0,0,REJECTED,fit_quality_gate,181.833530239142,225.183813705403,43.3502834662607,166.737304922256,1.18955835929222,0,164,165
T_domain,G003_domain_out,H50_Zin50,B,0,G003,"M=20,20,20,20,|T=0,0,0,0,|B=1,15,1,50;",1,0,1,155700011,255700011,1.15,1.09820380843836,3,G003,1,G003,1,1,0,0,1,0,0,0,0,REJECTED,fit_quality_gate,175.649526826353,218.941966587536,43.2924397611828,161.363855500464,1.18955835929222,0,164,165
T_domain,G003_domain_out,H50_Zin50,B,0,G003,"M=20,20,20,20,|T=0,0,0,0,|B=1,15,1,50;",1,0,1,155700012,255700012,1.15,0.830086146905027,3,G003,1,G003,1,1,0,0,1,0,0,0,0,REJECTED,fit_quality_gate,183.569985737916,227.091265715006,43.5212799770901,168.319610205052,1.18955835929222,0,162,163
T_domain,G003_domain_out,H50_Zin50,B,0,G003,"M=20,20,20,20,|T=0,0,0,0,|B=1,15,1,50;",1,0,1,155700013,255700013,1.15,1.08982461475165,3,G003,1,G003,1,1,0,0,1,0,0,0,0,REJECTED,fit_quality_gate,175.978350241952,219.004784622967,43.0264343810146,161.754304244468,1.18955835929222,0,164,165
T_domain,G003_domain_out,H50_Zin50,B,0,G003,"M=20,20,20,20,|T=0,0,0,0,|B=1,15,1,50;",1,0,1,155700014,255700014,1.15,0.831971294263125,3,G003,1,G003,1,1,0,0,1,0,0,0,0,REJECTED,fit_quality_gate,183.552190051452,227.132008823468,43.5798187720166,168.127439087536,1.18955835929222,0,164,165
T_domain,G003_domain_out,H50_Zin50,B,0,G003,"M=20,20,20,20,|T=0,0,0,0,|B=1,15,1,50;",1,0,1,155700015,255700015,1.15,1.08632663323301,3,G003,1,G003,1,1,0,0,1,0,0,0,0,REJECTED,fit_quality_gate,176.050054034074,219.133298637109,43.0832446030349,161.967999305177,1.18955835929222,0,164,165
T_domain,G003_domain_out,H50_Zin50,B,0,G003,"M=20,20,20,20,|T=0,0,0,0,|B=1,15,1,50;",1,0,1,155700016,255700016,1.15,1.01553666066643,3,G003,1,G003,1,1,0,0,1,0,0,0,0,REJECTED,fit_quality_gate,177.726109772429,220.981495019994,43.2553852475645,163.298015279771,1.18955835929222,0,164,165
T_domain,G003_domain_out,H50_Zin50,B,0,G003,"M=20,20,20,20,|T=0,0,0,0,|B=1,15,1,50;",1,0,1,155700017,255700017,1.15,0.861685837907096,3,G003,1,G003,1,1,0,0,1,0,0,0,0,REJECTED,fit_quality_gate,182.590646456205,226.00433272406,43.4136862678543,167.465039755613,1.18955835929222,0,166,167
T_domain,G003_domain_out,H50_Zin50,B,0,G003,"M=20,20,20,20,|T=0,0,0,0,|B=1,15,1,50;",1,0,1,155700018,255700018,1.15,0.995422654058848,3,G003,1,G003,1,1,0,0,1,0,0,0,0,REJECTED,fit_quality_gate,178.243857531051,221.642675722716,43.3988181916649,163.826462835507,1.18955835929222,0,164,165
T_domain,G003_domain_out,H50_Zin50,B,0,G003,"M=20,20,20,20,|T=0,0,0,0,|B=1,15,1,50;",1,0,1,155700019,255700019,1.15,1.17541816938956,3,G003,1,G003,1,1,0,0,1,0,0,0,0,REJECTED,fit_quality_gate,174.238594068942,217.116124682493,42.8775306135505,159.960407809239,1.18955835929222,0,164,165
T_domain,G003_domain_out,H50_Zin50,B,0,G003,"M=20,20,20,20,|T=0,0,0,0,|B=1,15,1,50;",1,0,1,155700020,255700020,1.15,1.096514600385,3,G003,1,G003,1,1,0,0,1,0,0,0,0,REJECTED,fit_quality_gate,175.692960300443,218.91636971807,43.2234094176267,161.558101683763,1.18955835929222,0,164,165
T_domain,G003_domain_out,H50_Zin50,B,0,G003,"M=20,20,20,20,|T=0,0,0,0,|B=1,15,1,50;",1,0,1,155700021,255700021,1.15,1.19440293255101,3,G003,1,G003,1,1,0,0,1,0,0,0,0,REJECTED,fit_quality_gate,173.721957515663,216.756870506447,43.0349129907841,159.470112797953,1.18955835929222,0,164,165
T_domain,G003_domain_out,H50_Zin50,B,0,G003,"M=20,20,20,20,|T=0,0,0,0,|B=1,15,1,50;",1,0,1,155700022,255700022,1.15,0.946773949123953,3,G003,1,G003,1,1,0,0,1,0,0,0,0,REJECTED,fit_quality_gate,179.902940975574,223.117876214285,43.2149352387106,165.116340979385,1.18955835929222,0,164,165
T_domain,G003_domain_out,H50_Zin50,B,0,G003,"M=20,20,20,20,|T=0,0,0,0,|B=1,15,1,50;",1,0,1,155700023,255700023,1.15,0.994875862394334,3,G003,1,G003,1,1,0,0,1,0,0,0,0,REJECTED,fit_quality_gate,178.240297194682,221.641921374292,43.4016241796101,163.931037134626,1.18955835929222,0,164,165
T_domain,G003_domain_out,H50_Zin50,B,0,G003,"M=20,20,20,20,|T=0,0,0,0,|B=1,15,1,50;",1,0,1,155700024,255700024,1.15,1.1425667223909,3,G003,1,G003,1,1,0,0,1,0,0,0,0,REJECTED,fit_quality_gate,174.847926649412,217.827619990681,42.9796933412692,160.369651667927,1.18955835929222,0,164,165
T_domain,G003_domain_out,H50_Zin50,B,0,G003,"M=20,20,20,20,|T=0,0,0,0,|B=1,15,1,50;",1,0,1,155700025,255700025,1.15,1.07694504923692,3,G003,1,G003,1,1,0,0,1,0,0,0,0,REJECTED,fit_quality_gate,176.137882867966,219.349674573675,43.2117917057095,161.911760965686,1.18955835929222,0,164,165
T_domain,G003_domain_out,H50_Zin50,B,0,G003,"M=20,20,20,20,|T=0,0,0,0,|B=1,15,1,50;",1,0,1,155700026,255700026,1.15,0.890456542825971,3,G003,1,G003,1,1,0,0,1,0,0,0,0,REJECTED,fit_quality_gate,181.577522725791,224.953031357352,43.3755086315608,166.507002657296,1.18955835929222,0,164,165
T_domain,G003_domain_out,H50_Zin50,B,0,G003,"M=20,20,20,20,|T=0,0,0,0,|B=1,15,1,50;",1,0,1,155700027,255700027,1.15,1.09225609790046,3,G003,1,G003,1,1,0,0,1,0,0,0,0,REJECTED,fit_quality_gate,175.843482445204,219.071423218868,43.2279407736643,161.853740215511,1.18955835929222,0,164,165
T_domain,G003_domain_out,H50_Zin50,B,0,G003,"M=20,20,20,20,|T=0,0,0,0,|B=1,15,1,50;",1,0,1,155700028,255700028,1.15,1.16723555058399,3,G003,1,G003,1,1,0,0,1,0,0,0,0,REJECTED,fit_quality_gate,174.269950087445,217.240211020299,42.9702609328538,159.941063836598,1.18955835929222,0,164,165
T_domain,G003_domain_out,H50_Zin50,B,0,G003,"M=20,20,20,20,|T=0,0,0,0,|B=1,15,1,50;",1,0,1,155700029,255700029,1.15,1.17824576170807,3,G003,1,G003,1,1,0,0,1,0,0,0,0,REJECTED,fit_quality_gate,174.204809456888,217.09774430674,42.8929348498518,159.611307612074,1.18955835929222,0,164,165
T_domain,G003_domain_out,H50_Zin50,B,0,G003,"M=20,20,20,20,|T=0,0,0,0,|B=1,15,1,50;",1,0,1,155700030,255700030,1.15,1.154217231431,3,G003,1,G003,1,1,0,0,1,0,0,0,0,REJECTED,fit_quality_gate,174.663219901709,217.565351046557,42.9021311448481,160.392201672518,1.18955835929222,0,164,165
T,G001,H50_Zin50,C,10,G001,"M=20,20,20,20,|T=0,0,0,0,|B=none",1,0,0,105100001,205100001,1.01130078768643,0.962930318236969,10,G001,1,G001,1,1,0,0,1,1,0,0,0,UNIQUE_CONFIDENT,single_candidate_with_margin,1.0182585191225,159.969479465605,158.951220946482,1.11285492879737,1.18955835929222,0,478,479
T,G001,H50_Zin50,C,10,G001,"M=20,20,20,20,|T=0,0,0,0,|B=none",1,0,0,105100002,205100002,1.00117762201509,1.08950290181416,9,G001,1,G001,1,1,0,0,1,1,0,0,0,UNIQUE_CONFIDENT,single_candidate_with_margin,1.1482690953037,162.616142190913,161.46787309561,1.17629546978493,1.18955835929222,0,434,435
T,G001,H50_Zin50,C,10,G001,"M=20,20,20,20,|T=0,0,0,0,|B=none",1,0,0,105100003,205100003,0.984759506045676,1.02720540607408,9,G001,1,G001,1,1,0,0,1,1,0,0,0,UNIQUE_CONFIDENT,single_candidate_with_margin,1.02110515331607,169.988454764442,168.967349611126,1.0589485090222,1.18955835929222,0,434,435
T,G001,H50_Zin50,C,10,G001,"M=20,20,20,20,|T=0,0,0,0,|B=none",1,0,0,105100004,205100004,1.00803530852974,0.96759907991996,9,G001,1,G001,1,1,0,0,1,1,0,0,0,UNIQUE_CONFIDENT,single_candidate_with_margin,1.0403617230398,160.87438988964,159.8340281666,1.09597195454689,1.18955835929222,0,440,441
T,G001,H50_Zin50,C,10,G001,"M=20,20,20,20,|T=0,0,0,0,|B=none",1,0,0,105100005,205100005,1.01190161902295,1.1020435043837,10,G001,1,G001,1,1,0,0,1,1,0,0,0,UNIQUE_CONFIDENT,single_candidate_with_margin,1.17924475457982,159.76566603896,158.58642128438,1.03977506136518,1.18955835929222,0,480,481
T,G001,H50_Zin50,C,10,G001,"M=20,20,20,20,|T=0,0,0,0,|B=none",1,0,0,105100006,205100006,0.983890126328253,0.979102549791537,9,G001,1,G001,1,1,0,0,1,1,0,0,0,UNIQUE_CONFIDENT,single_candidate_with_margin,1.10608438510907,170.515422376895,169.409337991786,1.10094289509667,1.18955835929222,0,436,437
T,G001,H50_Zin50,C,10,G001,"M=20,20,20,20,|T=0,0,0,0,|B=none",1,0,0,105100007,205100007,1.00158288339419,0.948033944101689,9,G001,1,G001,1,1,0,0,1,1,0,0,0,UNIQUE_CONFIDENT,single_candidate_with_margin,1.15339328795661,162.376655976675,161.223262688718,1.13033524305526,1.18955835929222,0,434,435
T,G001,H50_Zin50,C,10,G001,"M=20,20,20,20,|T=0,0,0,0,|B=none",1,0,0,105100008,205100008,1.00240845332167,1.15619675294995,9,G001,1,G001,1,1,0,0,1,1,0,0,0,UNIQUE_CONFIDENT,single_candidate_with_margin,1.00408352711467,162.33516504739,161.331081520275,1.07329330727,1.18955835929222,0,434,435
T,G001,H50_Zin50,C,10,G001,"M=20,20,20,20,|T=0,0,0,0,|B=none",1,0,0,105100009,205100009,1.01902534910768,1.03155070260722,10,G001,1,G001,1,1,0,0,1,1,0,0,0,UNIQUE_CONFIDENT,single_candidate_with_margin,1.10952400941395,156.413016957011,155.303492947597,1.14922626923394,1.18955835929222,0,488,489
T,G001,H50_Zin50,C,10,G001,"M=20,20,20,20,|T=0,0,0,0,|B=none",1,0,0,105100010,205100010,1.00856441692474,1.06628751396675,9,G001,1,G001,1,1,0,0,1,0,0,0,0,REJECTED,fit_quality_gate,1.05606157207122,160.87185497255,159.815793400478,1.20117434783331,1.18955835929222,0,440,441
T,G001,H50_Zin50,C,10,G001,"M=20,20,20,20,|T=0,0,0,0,|B=none",1,0,0,105100011,205100011,1.00361488391806,1.10103704277869,9,G001,1,G001,1,1,0,0,1,1,0,0,0,UNIQUE_CONFIDENT,single_candidate_with_margin,1.10469084369504,162.061379771155,160.95668892746,1.0584319425141,1.18955835929222,0,432,433
T,G001,H50_Zin50,C,10,G001,"M=20,20,20,20,|T=0,0,0,0,|B=none",1,0,0,105100012,205100012,0.982332114449622,0.887345015119814,9,G001,1,G001,1,1,0,0,1,1,0,0,0,UNIQUE_CONFIDENT,single_candidate_with_margin,1.1310076194545,171.520523910707,170.389516291253,1.08650330554552,1.18955835929222,0,432,433
T,G001,H50_Zin50,C,10,G001,"M=20,20,20,20,|T=0,0,0,0,|B=none",1,0,0,105100013,205100013,0.996751095164615,1.06794298205733,9,G001,1,G001,1,1,0,0,1,0,0,0,0,REJECTED,fit_quality_gate,1.16885947732769,163.914651512125,162.745792034797,1.22899106006506,1.18955835929222,0,434,435
T,G001,H50_Zin50,C,10,G001,"M=20,20,20,20,|T=0,0,0,0,|B=none",1,0,0,105100014,205100014,1.00875995810927,0.827011225085129,9,G001,1,G001,1,1,0,0,1,1,0,0,0,UNIQUE_CONFIDENT,single_candidate_with_margin,1.16222306861164,160.631485726969,159.469262658357,1.00472612557975,1.18955835929222,0,436,437
T,G001,H50_Zin50,C,10,G001,"M=20,20,20,20,|T=0,0,0,0,|B=none",1,0,0,105100015,205100015,0.998978533151966,0.907801835059263,9,G001,1,G001,1,1,0,0,1,1,0,0,0,UNIQUE_CONFIDENT,single_candidate_with_margin,1.07792027256319,163.170251042833,162.09233077027,0.933658695897378,1.18955835929222,0,436,437
T,G001,H50_Zin50,C,10,G001,"M=20,20,20,20,|T=0,0,0,0,|B=none",1,0,0,105100016,205100016,0.987802879474631,1.05686937250375,9,G001,1,G001,1,1,0,0,1,1,0,0,0,UNIQUE_CONFIDENT,single_candidate_with_margin,1.03252051512502,175.053154789329,174.020634274204,1.13180809193959,1.18955835929222,0,419,420
T,G001,H50_Zin50,C,10,G001,"M=20,20,20,20,|T=0,0,0,0,|B=none",1,0,0,105100017,205100017,1.00049012530766,0.800386235894002,9,G001,1,G001,1,1,0,0,1,1,0,0,0,UNIQUE_CONFIDENT,single_candidate_with_margin,1.02291688993209,162.689912355414,161.666995465482,1.09037018808334,1.18955835929222,0,438,439
T,G001,H50_Zin50,C,10,G001,"M=20,20,20,20,|T=0,0,0,0,|B=none",1,0,0,105100018,205100018,1.0075875657568,0.961939969969704,9,G001,1,G001,1,1,0,0,1,1,0,0,0,UNIQUE_CONFIDENT,single_candidate_with_margin,1.01654093826206,161.1214508053,160.104909867038,1.12942927697744,1.18955835929222,0,434,435
T,G001,H50_Zin50,C,10,G001,"M=20,20,20,20,|T=0,0,0,0,|B=none",1,0,0,105100019,205100019,0.995978574334711,0.914401208354212,9,G001,1,G001,1,1,0,0,1,1,0,0,0,UNIQUE_CONFIDENT,single_candidate_with_margin,1.12829930173517,164.189294030203,163.060994728468,1.13195322069351,1.18955835929222,0,436,437
T,G001,H50_Zin50,C,10,G001,"M=20,20,20,20,|T=0,0,0,0,|B=none",1,0,0,105100020,205100020,0.986970796332181,0.978574723291958,9,G001,1,G001,1,1,0,0,1,1,0,0,0,UNIQUE_CONFIDENT,single_candidate_with_margin,1.16105083020807,168.791179409945,167.630128579737,1.10703172491291,1.18955835929222,0,440,441
T,G001,H50_Zin50,C,10,G001,"M=20,20,20,20,|T=0,0,0,0,|B=none",1,0,0,105100021,205100021,0.981500602308643,0.808179839229982,9,G001,1,G001,1,1,0,0,1,1,0,0,0,UNIQUE_CONFIDENT,single_candidate_with_margin,1.16535021358519,171.891974573378,170.726624359793,0.982252554402618,1.18955835929222,0,432,433
T,G001,H50_Zin50,C,10,G001,"M=20,20,20,20,|T=0,0,0,0,|B=none",1,0,0,105100022,205100022,0.988145889963335,0.876156105426699,9,G001,1,G001,1,1,0,0,1,1,0,0,0,UNIQUE_CONFIDENT,single_candidate_with_margin,1.13661444812971,175.073504397042,173.936889948912,0.908945386581569,1.18955835929222,0,421,422
T,G001,H50_Zin50,C,10,G001,"M=20,20,20,20,|T=0,0,0,0,|B=none",1,0,0,105100023,205100023,0.99111199313114,1.07275300615055,9,G001,1,G001,1,1,0,0,1,1,0,0,0,UNIQUE_CONFIDENT,single_candidate_with_margin,1.00147870304668,166.406196557977,165.40471785493,1.01429902878657,1.18955835929222,0,440,441
T,G001,H50_Zin50,C,10,G001,"M=20,20,20,20,|T=0,0,0,0,|B=none",1,0,0,105100024,205100024,0.996566900580011,1.13244077591968,9,G001,1,G001,1,1,0,0,1,0,0,0,0,REJECTED,fit_quality_gate,1.15777497742504,164.016178753919,162.858403776494,1.26770364324825,1.18955835929222,0,438,439
T,G001,H50_Zin50,C,10,G001,"M=20,20,20,20,|T=0,0,0,0,|B=none",1,0,0,105100025,205100025,0.991812511943381,1.07849600724505,9,G001,1,G001,1,1,0,0,1,1,0,0,0,UNIQUE_CONFIDENT,single_candidate_with_margin,0.915471382733555,165.917067798828,165.001596416094,1.17568530285774,1.18955835929222,0,434,435
T,G001,H50_Zin50,C,10,G001,"M=20,20,20,20,|T=0,0,0,0,|B=none",1,0,0,105100026,205100026,0.983514496420446,0.948132531736518,9,G001,1,G001,1,1,0,0,1,0,0,0,0,REJECTED,fit_quality_gate,1.10224598364153,170.649485952723,169.547239969081,1.21455420194203,1.18955835929222,0,434,435
T,G001,H50_Zin50,C,10,G001,"M=20,20,20,20,|T=0,0,0,0,|B=none",1,0,0,105100027,205100027,0.981996371120438,1.07600938115109,9,G001,1,G001,1,1,0,0,1,0,0,0,0,REJECTED,fit_quality_gate,1.07671372728065,171.720782228062,170.644068500781,1.23246520395662,1.18955835929222,0,432,433
T,G001,H50_Zin50,C,10,G001,"M=20,20,20,20,|T=0,0,0,0,|B=none",1,0,0,105100028,205100028,0.994566891417759,1.13938972787835,9,G001,1,G001,1,1,0,0,1,1,0,0,0,UNIQUE_CONFIDENT,single_candidate_with_margin,1.09249297094091,164.741027213432,163.648534242491,1.04458163587597,1.18955835929222,0,432,433
T,G001,H50_Zin50,C,10,G001,"M=20,20,20,20,|T=0,0,0,0,|B=none",1,0,0,105100029,205100029,1.00096472738658,1.10608018821824,9,G001,1,G001,1,1,0,0,1,1,0,0,0,UNIQUE_CONFIDENT,single_candidate_with_margin,1.03545867097791,162.746888591105,161.711429920127,1.15548992094071,1.18955835929222,0,438,439
T,G001,H50_Zin50,C,10,G001,"M=20,20,20,20,|T=0,0,0,0,|B=none",1,0,0,105100030,205100030,1.00680328455663,1.05992840548899,9,G001,1,G001,1,1,0,0,1,1,0,0,0,UNIQUE_CONFIDENT,single_candidate_with_margin,1.07453374894366,161.307149132713,160.23261538377,1.08521102217814,1.18955835929222,0,428,429
T,G002,H50_Zin50,C,10,G002,"M=20,20,20,20,|T=0,0,0,0,|B=2,15,1,50;",1,0,0,105400001,205400001,0.988573068924283,0.811969193859827,9,G002,1,G002,1,1,0,0,1,1,0,0,0,UNIQUE_CONFIDENT,single_candidate_with_margin,0.864823440080265,74.1843570849229,73.3195336448426,0.89509655511388,1.18955835929222,0,401,402
T,G002,H50_Zin50,C,10,G002,"M=20,20,20,20,|T=0,0,0,0,|B=2,15,1,50;",1,0,0,105400002,205400002,1.00185513348894,1.01692325798831,9,G002,1,G002,1,1,0,0,1,1,0,0,0,UNIQUE_CONFIDENT,single_candidate_with_margin,1.02188558159873,67.8689241990318,66.8470386174331,0.850687445528571,1.18955835929222,0,396,397
T,G002,H50_Zin50,C,10,G002,"M=20,20,20,20,|T=0,0,0,0,|B=2,15,1,50;",1,0,0,105400003,205400003,0.991102836397355,1.11795435101863,9,G002,1,G002,1,1,0,0,1,1,0,0,0,UNIQUE_CONFIDENT,single_candidate_with_margin,0.992055110628819,66.8517814065671,65.8597262959382,0.953773262517607,1.18955835929222,0,394,395
T,G002,H50_Zin50,C,10,G002,"M=20,20,20,20,|T=0,0,0,0,|B=2,15,1,50;",1,0,0,105400004,205400004,0.991025292960297,1.06299671723079,9,G002,1,G002,1,1,0,0,1,1,0,0,0,UNIQUE_CONFIDENT,single_candidate_with_margin,0.93535348515325,68.1414806107502,67.2061271255969,1.08899916191264,1.18955835929222,0,396,397
T,G002,H50_Zin50,C,10,G002,"M=20,20,20,20,|T=0,0,0,0,|B=2,15,1,50;",1,0,0,105400005,205400005,1.01749406010602,0.872713441113738,9,G002,1,G002,1,1,0,0,1,1,0,0,0,UNIQUE_CONFIDENT,single_candidate_with_margin,1.04060158913951,65.348622020983,64.3080204318435,0.947665003813827,1.18955835929222,0,371,372
T,G002,H50_Zin50,C,10,G002,"M=20,20,20,20,|T=0,0,0,0,|B=2,15,1,50;",1,0,0,105400006,205400006,1.01359482646635,0.869925550879111,9,G002,1,G002,1,1,0,0,1,1,0,0,0,UNIQUE_CONFIDENT,single_candidate_with_margin,1.02258718158087,66.8915555434795,65.8689683618987,0.962511878850747,1.18955835929222,0,399,400
T,G002,H50_Zin50,C,10,G002,"M=20,20,20,20,|T=0,0,0,0,|B=2,15,1,50;",1,0,0,105400007,205400007,0.988632087415182,0.957880163184862,9,G002,1,G002,1,1,0,0,1,1,0,0,0,UNIQUE_CONFIDENT,single_candidate_with_margin,1.01016107103822,70.2062666958573,69.1961056248191,1.00033480707105,1.18955835929222,0,394,395
T,G002,H50_Zin50,C,10,G002,"M=20,20,20,20,|T=0,0,0,0,|B=2,15,1,50;",1,0,0,105400008,205400008,1.01316767590818,0.923228467911165,9,G002,1,G002,1,1,0,0,1,1,0,0,0,UNIQUE_CONFIDENT,single_candidate_with_margin,0.95515428290443,65.9744767488306,65.0193224659262,1.05179617535083,1.18955835929222,0,398,399
T,G002,H50_Zin50,C,10,G002,"M=20,20,20,20,|T=0,0,0,0,|B=2,15,1,50;",1,0,0,105400009,205400009,0.98705273814528,0.888653221930581,9,G002,1,G002,1,1,0,0,1,1,0,0,0,UNIQUE_CONFIDENT,single_candidate_with_margin,1.04353573603306,72.0198093145051,70.9762735784721,0.947000457194424,1.18955835929222,0,395,396
T,G002,H50_Zin50,C,10,G002,"M=20,20,20,20,|T=0,0,0,0,|B=2,15,1,50;",1,0,0,105400010,205400010,1.00062044788592,0.994410459662702,9,G002,1,G002,1,1,0,0,1,1,0,0,0,UNIQUE_CONFIDENT,single_candidate_with_margin,1.00408790723233,68.5658958362743,67.561807929042,1.04961924522577,1.18955835929222,0,394,395
T,G002,H50_Zin50,C,10,G002,"M=20,20,20,20,|T=0,0,0,0,|B=2,15,1,50;",1,0,0,105400011,205400011,1.01026910923814,1.15168743750101,9,G002,1,G002,1,1,0,0,1,1,0,0,0,UNIQUE_CONFIDENT,single_candidate_with_margin,0.908066171639598,62.8954673740148,61.9874012023752,0.906694396349155,1.18955835929222,0,399,400
T,G002,H50_Zin50,C,10,G002,"M=20,20,20,20,|T=0,0,0,0,|B=2,15,1,50;",1,0,0,105400012,205400012,0.99825812471806,1.11950013278369,9,G002,1,G002,1,1,0,0,1,1,0,0,0,UNIQUE_CONFIDENT,single_candidate_with_margin,0.907094337567546,66.4223309787669,65.5152366411994,0.797430166956858,1.18955835929222,0,402,403
T,G002,H50_Zin50,C,10,G002,"M=20,20,20,20,|T=0,0,0,0,|B=2,15,1,50;",1,0,0,105400013,205400013,1.00165737179159,1.12927354372355,9,G002,1,G002,1,1,0,0,1,1,0,0,0,UNIQUE_CONFIDENT,single_candidate_with_margin,0.915489786925972,65.540146556941,64.624656770015,0.975149379921545,1.18955835929222,0,399,400
T,G002,H50_Zin50,C,10,G002,"M=20,20,20,20,|T=0,0,0,0,|B=2,15,1,50;",1,0,0,105400014,205400014,0.990083169170078,1.00353206101926,9,G002,1,G002,1,1,0,0,1,1,0,0,0,UNIQUE_CONFIDENT,single_candidate_with_margin,0.857230630655039,69.284622030093,68.4273913994379,0.981585476562532,1.18955835929222,0,398,399
T,G002,H50_Zin50,C,10,G002,"M=20,20,20,20,|T=0,0,0,0,|B=2,15,1,50;",1,0,0,105400015,205400015,1.01635665403406,0.833533712937551,9,G002,1,G002,1,1,0,0,1,1,0,0,0,UNIQUE_CONFIDENT,single_candidate_with_margin,0.894396422014154,66.6652124971721,65.770816075158,0.809528271208956,1.18955835929222,0,406,407
T,G002,H50_Zin50,C,10,G002,"M=20,20,20,20,|T=0,0,0,0,|B=2,15,1,50;",1,0,0,105400016,205400016,0.994530949393583,1.05256128117921,9,G002,1,G002,1,1,0,0,1,1,0,0,0,UNIQUE_CONFIDENT,single_candidate_with_margin,0.917709593116023,68.3434108140507,67.4257012209347,1.03217800012527,1.18955835929222,0,399,400
T,G002,H50_Zin50,C,10,G002,"M=20,20,20,20,|T=0,0,0,0,|B=2,15,1,50;",1,0,0,105400017,205400017,1.01257670675115,0.92731223711962,9,G002,1,G002,1,1,0,0,1,1,0,0,0,UNIQUE_CONFIDENT,single_candidate_with_margin,0.951526849849816,66.1240743308414,65.1725474809916,1.0674872640224,1.18955835929222,0,399,400
T,G002,H50_Zin50,C,10,G002,"M=20,20,20,20,|T=0,0,0,0,|B=2,15,1,50;",1,0,0,105400018,205400018,0.999010536264076,0.900253168627296,9,G002,1,G002,1,1,0,0,1,1,0,0,0,UNIQUE_CONFIDENT,single_candidate_with_margin,0.975948902927516,71.358428740359,70.3824798374315,0.90905428503828,1.18955835929222,0,383,384
T,G002,H50_Zin50,C,10,G002,"M=20,20,20,20,|T=0,0,0,0,|B=2,15,1,50;",1,0,0,105400019,205400019,1.00486737189444,0.891703844372564,9,G002,1,G002,1,1,0,0,1,1,0,0,0,UNIQUE_CONFIDENT,single_candidate_with_margin,0.914357524942803,69.8883467868812,68.9739892619384,0.911393974652176,1.18955835929222,0,377,378
T,G002,H50_Zin50,C,10,G002,"M=20,20,20,20,|T=0,0,0,0,|B=2,15,1,50;",1,0,0,105400020,205400020,0.999926376274403,1.11157479821043,9,G002,1,G002,1,1,0,0,1,1,0,0,0,UNIQUE_CONFIDENT,single_candidate_with_margin,0.941347357392888,66.2285167323705,65.2871693749776,0.913530537079804,1.18955835929222,0,398,399
T,G002,H50_Zin50,C,10,G002,"M=20,20,20,20,|T=0,0,0,0,|B=2,15,1,50;",1,0,0,105400021,205400021,1.00155510303813,1.16081095140684,9,G002,1,G002,1,1,0,0,1,1,0,0,0,UNIQUE_CONFIDENT,single_candidate_with_margin,0.984704099045507,65.1745901156483,64.1898860166028,0.911871460131147,1.18955835929222,0,396,397
T,G002,H50_Zin50,C,10,G002,"M=20,20,20,20,|T=0,0,0,0,|B=2,15,1,50;",1,0,0,105400022,205400022,1.00009971427878,1.1210120172267,9,G002,1,G002,1,1,0,0,1,1,0,0,0,UNIQUE_CONFIDENT,single_candidate_with_margin,0.878555978434995,66.0819493940856,65.2033934156506,0.834796091308373,1.18955835929222,0,398,399
T,G002,H50_Zin50,C,10,G002,"M=20,20,20,20,|T=0,0,0,0,|B=2,15,1,50;",1,0,0,105400023,205400023,1.00893247828377,0.918668766356156,9,G002,1,G002,1,1,0,0,1,1,0,0,0,UNIQUE_CONFIDENT,single_candidate_with_margin,0.996100551780198,67.6995041896395,66.7034036378593,0.988891538591393,1.18955835929222,0,377,378
T,G002,H50_Zin50,C,10,G002,"M=20,20,20,20,|T=0,0,0,0,|B=2,15,1,50;",1,0,0,105400024,205400024,0.986163157171187,0.948877070081858,9,G002,1,G002,1,1,0,0,1,1,0,0,0,UNIQUE_CONFIDENT,single_candidate_with_margin,0.936652252863822,70.1638102974801,69.2271580446163,0.814979017257257,1.18955835929222,0,388,389
T,G002,H50_Zin50,C,10,G002,"M=20,20,20,20,|T=0,0,0,0,|B=2,15,1,50;",1,0,0,105400025,205400025,0.98103170841172,0.982238888652272,9,G002,1,G002,1,1,0,0,1,1,0,0,0,UNIQUE_CONFIDENT,single_candidate_with_margin,0.802809619959077,68.2333677198683,67.4305580999092,1.07556826546832,1.18955835929222,0,414,415
T,G002,H50_Zin50,C,10,G002,"M=20,20,20,20,|T=0,0,0,0,|B=2,15,1,50;",1,0,0,105400026,205400026,0.995361075424797,0.918983648620051,9,G002,1,G002,1,1,0,0,1,1,0,0,0,UNIQUE_CONFIDENT,single_candidate_with_margin,0.83555467831121,71.3701707244925,70.5346160461812,0.966439972956084,1.18955835929222,0,396,397
T,G002,H50_Zin50,C,10,G002,"M=20,20,20,20,|T=0,0,0,0,|B=2,15,1,50;",1,0,0,105400027,205400027,1.00145814455828,1.03716497166477,9,G002,1,G002,1,1,0,0,1,1,0,0,0,UNIQUE_CONFIDENT,single_candidate_with_margin,0.923370613219097,67.4586651632323,66.5352945500132,0.896576447306633,1.18955835929222,0,398,399
T,G002,H50_Zin50,C,10,G002,"M=20,20,20,20,|T=0,0,0,0,|B=2,15,1,50;",1,0,0,105400028,205400028,0.995030185890738,0.886923809965309,9,G002,1,G002,1,1,0,0,1,1,0,0,0,UNIQUE_CONFIDENT,single_candidate_with_margin,0.886518203828764,72.2785454648878,71.392027261059,0.892762872727498,1.18955835929222,0,379,380
T,G002,H50_Zin50,C,10,G002,"M=20,20,20,20,|T=0,0,0,0,|B=2,15,1,50;",1,0,0,105400029,205400029,1.01065333155543,1.08767062661294,9,G002,1,G002,1,1,0,0,1,1,0,0,0,UNIQUE_CONFIDENT,single_candidate_with_margin,0.94616188047602,63.7795954621403,62.8334335816643,0.995850472299677,1.18955835929222,0,402,403
T,G002,H50_Zin50,C,10,G002,"M=20,20,20,20,|T=0,0,0,0,|B=2,15,1,50;",1,0,0,105400030,205400030,0.991334363532446,1.15449990034747,9,G002,1,G002,1,1,0,0,1,1,0,0,0,UNIQUE_CONFIDENT,single_candidate_with_margin,0.931274690781714,66.0918597664835,65.1605850757017,1.03698006927901,1.18955835929222,0,394,395
T,G003,H50_Zin50,C,10,G003,"M=20,20,20,20,|T=0,0,0,0,|B=1,15,1,50;",1,0,0,105700001,205700001,1.01144517178094,0.853872007049638,9,G003,1,G003,1,1,0,0,1,1,0,0,0,UNIQUE_CONFIDENT,single_candidate_with_margin,0.96999723593556,105.666916426548,104.696919190612,0.875056937431954,1.18955835929222,0,434,435
T,G003,H50_Zin50,C,10,G003,"M=20,20,20,20,|T=0,0,0,0,|B=1,15,1,50;",1,0,0,105700002,205700002,0.995081677834189,0.981352101817711,9,G003,1,G003,1,1,0,0,1,1,0,0,0,UNIQUE_CONFIDENT,single_candidate_with_margin,0.935603777338204,111.210534611675,110.274930834336,0.968049987574658,1.18955835929222,0,455,456
T,G003,H50_Zin50,C,10,G003,"M=20,20,20,20,|T=0,0,0,0,|B=1,15,1,50;",1,0,0,105700003,205700003,1.01459944367066,1.14553208203152,9,G003,1,G003,1,1,0,0,1,1,0,0,0,UNIQUE_CONFIDENT,single_candidate_with_margin,0.881068532228019,95.5216482345538,94.6405797023258,1.01191298877657,1.18955835929222,0,428,429
T,G003,H50_Zin50,C,10,G003,"M=20,20,20,20,|T=0,0,0,0,|B=1,15,1,50;",1,0,0,105700004,205700004,0.993273305094451,0.801469904158351,9,G003,1,G003,1,1,0,0,1,1,0,0,0,UNIQUE_CONFIDENT,single_candidate_with_margin,0.985855519725381,121.191946061133,120.206090541407,0.969331535403423,1.18955835929222,0,445,446
T,G003,H50_Zin50,C,10,G003,"M=20,20,20,20,|T=0,0,0,0,|B=1,15,1,50;",1,0,0,105700005,205700005,0.989420189537726,0.819584792058597,9,G003,1,G003,1,1,0,0,1,1,0,0,0,UNIQUE_CONFIDENT,single_candidate_with_margin,1.07925657622321,122.974360699248,121.895104123025,0.865484455658068,1.18955835929222,0,445,446
T,G003,H50_Zin50,C,10,G003,"M=20,20,20,20,|T=0,0,0,0,|B=1,15,1,50;",1,0,0,105700006,205700006,0.986837527188678,0.858049493033661,9,G003,1,G003,1,1,0,0,1,1,0,0,0,UNIQUE_CONFIDENT,single_candidate_with_margin,0.983242259899504,122.254295587823,121.271053327924,0.961415883125118,1.18955835929222,0,437,438
T,G003,H50_Zin50,C,10,G003,"M=20,20,20,20,|T=0,0,0,0,|B=1,15,1,50;",1,0,0,105700007,205700007,1.00826763107419,1.16195083755481,9,G003,1,G003,1,1,0,0,1,1,0,0,0,UNIQUE_CONFIDENT,single_candidate_with_margin,0.975941594961061,98.0094727620336,97.0335311670725,1.07832709763669,1.18955835929222,0,446,447
T,G003,H50_Zin50,C,10,G003,"M=20,20,20,20,|T=0,0,0,0,|B=1,15,1,50;",1,0,0,105700008,205700008,1.00974446155434,0.948449162011886,9,G003,1,G003,1,1,0,0,1,1,0,0,0,UNIQUE_CONFIDENT,single_candidate_with_margin,0.931384695963846,103.245103493382,102.313718797418,0.883644334660824,1.18955835929222,0,447,448
T,G003,H50_Zin50,C,10,G003,"M=20,20,20,20,|T=0,0,0,0,|B=1,15,1,50;",1,0,0,105700009,205700009,0.982928465485157,0.944814625457763,9,G003,1,G003,1,1,0,0,1,1,0,0,0,UNIQUE_CONFIDENT,single_candidate_with_margin,0.882835781623954,119.568602293322,118.685766511698,0.963812217282555,1.18955835929222,0,459,460
T,G003,H50_Zin50,C,10,G003,"M=20,20,20,20,|T=0,0,0,0,|B=1,15,1,50;",1,0,0,105700010,205700010,1.01122653890421,0.874359839164597,9,G003,1,G003,1,1,0,0,1,1,0,0,0,UNIQUE_CONFIDENT,single_candidate_with_margin,1.04758454486258,105.096262071275,104.048677526412,0.766144344178609,1.18955835929222,0,433,434
T,G003,H50_Zin50,C,10,G003,"M=20,20,20,20,|T=0,0,0,0,|B=1,15,1,50;",1,0,0,105700011,205700011,0.99246311312411,1.16670262456046,9,G003,1,G003,1,1,0,0,1,1,0,0,0,UNIQUE_CONFIDENT,single_candidate_with_margin,0.958665895142985,106.108376394789,105.149710499646,0.96716342943583,1.18955835929222,0,459,460
T,G003,H50_Zin50,C,10,G003,"M=20,20,20,20,|T=0,0,0,0,|B=1,15,1,50;",1,0,0,105700012,205700012,0.981142113667719,0.869786333627192,9,G003,1,G003,1,1,0,0,1,1,0,0,0,UNIQUE_CONFIDENT,single_candidate_with_margin,0.968257431967585,124.395115784715,123.426858352748,1.11655075932465,1.18955835929222,0,445,446
T,G003,H50_Zin50,C,10,G003,"M=20,20,20,20,|T=0,0,0,0,|B=1,15,1,50;",1,0,0,105700013,205700013,1.00359305715404,1.11783872594022,9,G003,1,G003,1,1,0,0,1,1,0,0,0,UNIQUE_CONFIDENT,single_candidate_with_margin,0.933903263282205,101.693798502612,100.75989523933,0.996426947546514,1.18955835929222,0,469,470
T,G003,H50_Zin50,C,10,G003,"M=20,20,20,20,|T=0,0,0,0,|B=1,15,1,50;",1,0,0,105700014,205700014,0.982323821987418,1.02431898977891,9,G003,1,G003,1,1,0,0,1,1,0,0,0,UNIQUE_CONFIDENT,single_candidate_with_margin,0.881511256760357,115.890740377238,115.009229120478,1.0301582545891,1.18955835929222,0,466,467
T,G003,H50_Zin50,C,10,G003,"M=20,20,20,20,|T=0,0,0,0,|B=1,15,1,50;",1,0,0,105700015,205700015,0.99723931763177,1.15585149516801,9,G003,1,G003,1,1,0,0,1,1,0,0,0,UNIQUE_CONFIDENT,single_candidate_with_margin,0.967038161097552,103.847755197946,102.880717036848,0.987296418346835,1.18955835929222,0,452,453
T,G003,H50_Zin50,C,10,G003,"M=20,20,20,20,|T=0,0,0,0,|B=1,15,1,50;",1,0,0,105700016,205700016,1.01379644820526,0.81686035080424,9,G003,1,G003,1,1,0,0,1,1,0,0,0,UNIQUE_CONFIDENT,single_candidate_with_margin,0.945512512752234,105.414690398209,104.469177885456,0.996371558413379,1.18955835929222,0,435,436
T,G003,H50_Zin50,C,10,G003,"M=20,20,20,20,|T=0,0,0,0,|B=1,15,1,50;",1,0,0,105700017,205700017,0.994804279903456,0.851580270263097,9,G003,1,G003,1,1,0,0,1,1,0,0,0,UNIQUE_CONFIDENT,single_candidate_with_margin,0.958374343810802,117.483800850936,116.525426507125,1.06745848659064,1.18955835929222,0,436,437
T,G003,H50_Zin50,C,10,G003,"M=20,20,20,20,|T=0,0,0,0,|B=1,15,1,50;",1,0,0,105700018,205700018,1.00231055799652,0.996108424772102,9,G003,1,G003,1,1,0,0,1,1,0,0,0,UNIQUE_CONFIDENT,single_candidate_with_margin,0.87448327209474,106.161370805128,105.286887533033,0.968418986219796,1.18955835929222,0,471,472
T,G003,H50_Zin50,C,10,G003,"M=20,20,20,20,|T=0,0,0,0,|B=1,15,1,50;",1,0,0,105700019,205700019,0.990782888873091,0.909583884262962,9,G003,1,G003,1,1,0,0,1,1,0,0,0,UNIQUE_CONFIDENT,single_candidate_with_margin,0.849045857790877,117.105312016229,116.256266158438,0.991737877509028,1.18955835929222,0,444,445
T,G003,H50_Zin50,C,10,G003,"M=20,20,20,20,|T=0,0,0,0,|B=1,15,1,50;",1,0,0,105700020,205700020,0.986680539576807,0.897262510829887,9,G003,1,G003,1,1,0,0,1,1,0,0,0,UNIQUE_CONFIDENT,single_candidate_with_margin,0.917798953496899,120.226322714305,119.308523760809,0.960830161604934,1.18955835929222,0,438,439
T,G003,H50_Zin50,C,10,G003,"M=20,20,20,20,|T=0,0,0,0,|B=1,15,1,50;",1,0,0,105700021,205700021,1.01216264539775,0.950523385488781,9,G003,1,G003,1,1,0,0,1,1,0,0,0,UNIQUE_CONFIDENT,single_candidate_with_margin,0.937486273056175,101.772343442324,100.834857169268,1.0148647844064,1.18955835929222,0,452,453
T,G003,H50_Zin50,C,10,G003,"M=20,20,20,20,|T=0,0,0,0,|B=1,15,1,50;",1,0,0,105700022,205700022,1.00067358318077,1.04497302226515,9,G003,1,G003,1,1,0,0,1,1,0,0,0,UNIQUE_CONFIDENT,single_candidate_with_margin,0.960162987775615,105.502760462845,104.54259747507,0.944789749208753,1.18955835929222,0,471,472
T,G003,H50_Zin50,C,10,G003,"M=20,20,20,20,|T=0,0,0,0,|B=1,15,1,50;",1,0,0,105700023,205700023,1.00260117995872,0.844326661931549,9,G003,1,G003,1,1,0,0,1,1,0,0,0,UNIQUE_CONFIDENT,single_candidate_with_margin,0.983845690342863,112.172919900261,111.189074209918,0.9109609074282,1.18955835929222,0,460,461
T,G003,H50_Zin50,C,10,G003,"M=20,20,20,20,|T=0,0,0,0,|B=1,15,1,50;",1,0,0,105700024,205700024,1.00337218504616,1.15985128116423,9,G003,1,G003,1,1,0,0,1,1,0,0,0,UNIQUE_CONFIDENT,single_candidate_with_margin,0.922932959809245,100.689885350772,99.7669523909628,0.866562594873163,1.18955835929222,0,471,472
T,G003,H50_Zin50,C,10,G003,"M=20,20,20,20,|T=0,0,0,0,|B=1,15,1,50;",1,0,0,105700025,205700025,0.991291076067874,0.83865565228431,9,G003,1,G003,1,1,0,0,1,1,0,0,0,UNIQUE_CONFIDENT,single_candidate_with_margin,0.878807274137435,120.503027273508,119.624219999371,0.956256325213864,1.18955835929222,0,448,449
T,G003,H50_Zin50,C,10,G003,"M=20,20,20,20,|T=0,0,0,0,|B=1,15,1,50;",1,0,0,105700026,205700026,1.01965510541456,1.01472488027112,9,G003,1,G003,1,1,0,0,1,1,0,0,0,UNIQUE_CONFIDENT,single_candidate_with_margin,0.949155315124041,96.1857892491715,95.2366339340475,0.953279996558798,1.18955835929222,0,423,424
T,G003,H50_Zin50,C,10,G003,"M=20,20,20,20,|T=0,0,0,0,|B=1,15,1,50;",1,0,0,105700027,205700027,0.984311330951372,0.863439470439971,9,G003,1,G003,1,1,0,0,1,1,0,0,0,UNIQUE_CONFIDENT,single_candidate_with_margin,0.945979850871766,123.319577323744,122.373597472872,0.931205692666641,1.18955835929222,0,444,445
T,G003,H50_Zin50,C,10,G003,"M=20,20,20,20,|T=0,0,0,0,|B=1,15,1,50;",1,0,0,105700028,205700028,0.995106195653686,1.17584429678178,9,G003,1,G003,1,1,0,0,1,1,0,0,0,UNIQUE_CONFIDENT,single_candidate_with_margin,0.983237601650571,104.408752898855,103.425515297205,0.918813782342213,1.18955835929222,0,455,456
T,G003,H50_Zin50,C,10,G003,"M=20,20,20,20,|T=0,0,0,0,|B=1,15,1,50;",1,0,0,105700029,205700029,0.980593198197819,0.941342777816938,9,G003,1,G003,1,1,0,0,1,1,0,0,0,UNIQUE_CONFIDENT,single_candidate_with_margin,0.885963535583338,120.704480755415,119.818517219831,0.917554606407621,1.18955835929222,0,460,461
T,G003,H50_Zin50,C,10,G003,"M=20,20,20,20,|T=0,0,0,0,|B=1,15,1,50;",1,0,0,105700030,205700030,1.01596323299145,0.966851740050909,9,G003,1,G003,1,1,0,0,1,1,0,0,0,UNIQUE_CONFIDENT,single_candidate_with_margin,0.852828547555554,99.1951974099644,98.3423688624089,0.979668986845305,1.18955835929222,0,445,446
T,MIRROR_M3,H50_Zin50,C,10,MIRROR_M3,"M=20,20,20,20,|T=0,0,0,0,|B=3,15,1,50;",0,1,0,105200001,205200001,0.990602089708171,1.02312293019026,9,MIRROR_M3,1,MIRROR_M3,1,1,1,0,0,1,0,1,0,UNIQUE_CONFIDENT,single_candidate_with_margin,0.932823217875356,62.6011983698135,61.6683751519382,0.867669521121582,1.18955835929222,0,402,403
T,MIRROR_M3,H50_Zin50,C,10,MIRROR_M3,"M=20,20,20,20,|T=0,0,0,0,|B=3,15,1,50;",0,1,0,105200002,205200002,1.00661709810197,1.09250379221571,9,MIRROR_M3,1,MIRROR_M3,1,1,1,0,0,1,0,1,0,UNIQUE_CONFIDENT,single_candidate_with_margin,0.883740361889365,66.5305533673503,65.6468130054609,0.910184224459704,1.18955835929222,0,367,368
T,MIRROR_M3,H50_Zin50,C,10,MIRROR_M3,"M=20,20,20,20,|T=0,0,0,0,|B=3,15,1,50;",0,1,0,105200003,205200003,1.00528282943656,0.875356005603208,9,MIRROR_M3,1,MIRROR_M3,1,1,1,0,0,1,0,1,0,UNIQUE_CONFIDENT,single_candidate_with_margin,0.939175611476056,69.4811893850811,68.542013773605,0.985895804882527,1.18955835929222,0,368,369
T,MIRROR_M3,H50_Zin50,C,10,MIRROR_M3,"M=20,20,20,20,|T=0,0,0,0,|B=3,15,1,50;",0,1,0,105200004,205200004,0.998067802579959,1.11567831017171,9,MIRROR_M3,1,MIRROR_M3,1,1,1,0,0,1,0,1,0,UNIQUE_CONFIDENT,single_candidate_with_margin,0.938774011082664,62.961169439662,62.0223954285793,0.892141614760315,1.18955835929222,0,377,378
T,MIRROR_M3,H50_Zin50,C,10,MIRROR_M3,"M=20,20,20,20,|T=0,0,0,0,|B=3,15,1,50;",0,1,0,105200005,205200005,0.985043530753588,1.18906965262747,9,MIRROR_M3,1,MIRROR_M3,1,1,1,0,0,1,0,1,0,UNIQUE_CONFIDENT,single_candidate_with_margin,0.877070533072856,61.6215290501748,60.744458517102,0.992100947485446,1.18955835929222,0,422,423
T,MIRROR_M3,H50_Zin50,C,10,MIRROR_M3,"M=20,20,20,20,|T=0,0,0,0,|B=3,15,1,50;",0,1,0,105200006,205200006,1.01738055363803,1.07777866236323,9,MIRROR_M3,1,MIRROR_M3,1,1,1,0,0,1,0,1,0,UNIQUE_CONFIDENT,single_candidate_with_margin,0.955330352837615,70.6653704422317,69.7100400893941,0.803729604428946,1.18955835929222,0,397,398
T,MIRROR_M3,H50_Zin50,C,10,MIRROR_M3,"M=20,20,20,20,|T=0,0,0,0,|B=3,15,1,50;",0,1,0,105200007,205200007,0.980308263179831,0.851869529806071,9,MIRROR_M3,1,MIRROR_M3,1,1,1,0,0,1,0,1,0,UNIQUE_CONFIDENT,single_candidate_with_margin,1.0231802460352,66.2935205737031,65.2703403276679,0.974357540191918,1.18955835929222,0,365,366
T,MIRROR_M3,H50_Zin50,C,10,MIRROR_M3,"M=20,20,20,20,|T=0,0,0,0,|B=3,15,1,50;",0,1,0,105200008,205200008,1.00579127842795,0.901925522327693,9,MIRROR_M3,1,MIRROR_M3,1,1,1,0,0,1,0,1,0,UNIQUE_CONFIDENT,single_candidate_with_margin,0.925202982463313,69.2128979387358,68.2876949562724,0.938646873774118,1.18955835929222,0,362,363
T,MIRROR_M3,H50_Zin50,C,10,MIRROR_M3,"M=20,20,20,20,|T=0,0,0,0,|B=3,15,1,50;",0,1,0,105200009,205200009,1.0101271363512,1.00136235784276,9,MIRROR_M3,1,MIRROR_M3,1,1,1,0,0,1,0,1,0,UNIQUE_CONFIDENT,single_candidate_with_margin,0.865335329422425,69.4356115453546,68.5702762159322,1.02511571853223,1.18955835929222,0,364,365
T,MIRROR_M3,H50_Zin50,C,10,MIRROR_M3,"M=20,20,20,20,|T=0,0,0,0,|B=3,15,1,50;",0,1,0,105200010,205200010,0.990689397561957,1.11462960416909,9,MIRROR_M3,1,MIRROR_M3,1,1,1,0,0,1,0,1,0,UNIQUE_CONFIDENT,single_candidate_with_margin,0.864484942746457,61.6295126627331,60.7650277199867,0.9399133615013,1.18955835929222,0,399,400
T,MIRROR_M3,H50_Zin50,C,10,MIRROR_M3,"M=20,20,20,20,|T=0,0,0,0,|B=3,15,1,50;",0,1,0,105200011,205200011,1.00243469206895,0.867042439936585,9,MIRROR_M3,1,MIRROR_M3,1,1,1,0,0,1,0,1,0,UNIQUE_CONFIDENT,single_candidate_with_margin,0.866212546355453,68.0813021991682,67.2150896528127,0.935550846608198,1.18955835929222,0,375,376
T,MIRROR_M3,H50_Zin50,C,10,MIRROR_M3,"M=20,20,20,20,|T=0,0,0,0,|B=3,15,1,50;",0,1,0,105200012,205200012,1.00339112978908,0.959895364946089,9,MIRROR_M3,1,MIRROR_M3,1,1,1,0,0,1,0,1,0,UNIQUE_CONFIDENT,single_candidate_with_margin,0.950943176904251,67.0560811877853,66.105138010881,0.916280524418497,1.18955835929222,0,372,373
T,MIRROR_M3,H50_Zin50,C,10,MIRROR_M3,"M=20,20,20,20,|T=0,0,0,0,|B=3,15,1,50;",0,1,0,105200013,205200013,1.00602595746162,0.960404882650251,9,MIRROR_M3,1,MIRROR_M3,1,1,1,0,0,1,0,1,0,UNIQUE_CONFIDENT,single_candidate_with_margin,0.980900894990373,68.1325648351604,67.15166394017,0.77500834144781,1.18955835929222,0,366,367
T,MIRROR_M3,H50_Zin50,C,10,MIRROR_M3,"M=20,20,20,20,|T=0,0,0,0,|B=3,15,1,50;",0,1,0,105200014,205200014,1.00227183488619,0.928558278202523,9,MIRROR_M3,1,MIRROR_M3,1,1,1,0,0,1,0,1,0,UNIQUE_CONFIDENT,single_candidate_with_margin,0.956123378471338,66.8769016899366,65.9207783114653,0.827014552955592,1.18955835929222,0,382,383
T,MIRROR_M3,H50_Zin50,C,10,MIRROR_M3,"M=20,20,20,20,|T=0,0,0,0,|B=3,15,1,50;",0,1,0,105200015,205200015,0.983283170894559,1.01896175758368,9,MIRROR_M3,1,MIRROR_M3,1,1,1,0,0,1,0,1,0,UNIQUE_CONFIDENT,single_candidate_with_margin,0.926549160432716,63.3757263083573,62.4491771479245,0.947854142207717,1.18955835929222,0,415,416
T,MIRROR_M3,H50_Zin50,C,10,MIRROR_M3,"M=20,20,20,20,|T=0,0,0,0,|B=3,15,1,50;",0,1,0,105200016,205200016,0.984590167685205,0.816119563291562,9,MIRROR_M3,1,MIRROR_M3,1,1,1,0,0,1,0,1,0,UNIQUE_CONFIDENT,single_candidate_with_margin,0.961218533793157,65.519204491182,64.5579859573889,0.945172262457416,1.18955835929222,0,375,376
T,MIRROR_M3,H50_Zin50,C,10,MIRROR_M3,"M=20,20,20,20,|T=0,0,0,0,|B=3,15,1,50;",0,1,0,105200017,205200017,0.997987798643371,0.996519756560209,9,MIRROR_M3,1,MIRROR_M3,1,1,1,0,0,1,0,1,0,UNIQUE_CONFIDENT,single_candidate_with_margin,0.846460185565739,64.376678006085,63.5302178205193,0.83500704167605,1.18955835929222,0,370,371
T,MIRROR_M3,H50_Zin50,C,10,MIRROR_M3,"M=20,20,20,20,|T=0,0,0,0,|B=3,15,1,50;",0,1,0,105200018,205200018,0.995851042253135,1.1461746807372,9,MIRROR_M3,1,MIRROR_M3,1,1,1,0,0,1,0,1,0,UNIQUE_CONFIDENT,single_candidate_with_margin,0.916768890580376,62.0220296013044,61.105260710724,0.99223173403624,1.18955835929222,0,372,373
T,MIRROR_M3,H50_Zin50,C,10,MIRROR_M3,"M=20,20,20,20,|T=0,0,0,0,|B=3,15,1,50;",0,1,0,105200019,205200019,1.01903888425568,1.09960008944439,9,MIRROR_M3,1,MIRROR_M3,1,1,1,0,0,1,0,1,0,UNIQUE_CONFIDENT,single_candidate_with_margin,0.9250383151054,70.6623835602289,69.7373452451235,0.94598446465376,1.18955835929222,0,391,392
T,MIRROR_M3,H50_Zin50,C,10,MIRROR_M3,"M=20,20,20,20,|T=0,0,0,0,|B=3,15,1,50;",0,1,0,105200020,205200020,0.989572966585399,0.853505399180987,9,MIRROR_M3,1,MIRROR_M3,1,1,1,0,0,1,0,1,0,UNIQUE_CONFIDENT,single_candidate_with_margin,0.907479208057542,64.3254088525873,63.4179296445298,0.842557938516945,1.18955835929222,0,382,383
T,MIRROR_M3,H50_Zin50,C,10,MIRROR_M3,"M=20,20,20,20,|T=0,0,0,0,|B=3,15,1,50;",0,1,0,105200021,205200021,0.995956040128706,0.870896826691978,9,MIRROR_M3,1,MIRROR_M3,1,1,1,0,0,1,0,1,0,UNIQUE_CONFIDENT,single_candidate_with_margin,0.821275727332496,65.294375689762,64.4730999624295,0.933379873749611,1.18955835929222,0,369,370
T,MIRROR_M3,H50_Zin50,C,10,MIRROR_M3,"M=20,20,20,20,|T=0,0,0,0,|B=3,15,1,50;",0,1,0,105200022,205200022,1.01460165414734,0.973429056949395,9,MIRROR_M3,1,MIRROR_M3,1,1,1,0,0,1,0,1,0,UNIQUE_CONFIDENT,single_candidate_with_margin,0.959668902111467,71.7957538704931,70.8360849683816,0.897569178939886,1.18955835929222,0,377,378
T,MIRROR_M3,H50_Zin50,C,10,MIRROR_M3,"M=20,20,20,20,|T=0,0,0,0,|B=3,15,1,50;",0,1,0,105200023,205200023,1.00769178728562,0.861637069284012,9,MIRROR_M3,1,MIRROR_M3,1,1,1,0,0,1,0,1,0,UNIQUE_CONFIDENT,single_candidate_with_margin,0.932330021027202,70.8265439268816,69.8942139058544,0.929426532230612,1.18955835929222,0,367,368
T,MIRROR_M3,H50_Zin50,C,10,MIRROR_M3,"M=20,20,20,20,|T=0,0,0,0,|B=3,15,1,50;",0,1,0,105200024,205200024,1.01704267893447,0.901242310526244,9,MIRROR_M3,1,MIRROR_M3,1,1,1,0,0,1,0,1,0,UNIQUE_CONFIDENT,single_candidate_with_margin,0.916321800274627,74.3317738197875,73.4154520195129,0.913138999664197,1.18955835929222,0,370,371
T,MIRROR_M3,H50_Zin50,C,10,MIRROR_M3,"M=20,20,20,20,|T=0,0,0,0,|B=3,15,1,50;",0,1,0,105200025,205200025,1.0054146113951,1.04749738838441,9,MIRROR_M3,1,MIRROR_M3,1,1,1,0,0,1,0,1,0,UNIQUE_CONFIDENT,single_candidate_with_margin,0.979267505760984,66.4839680113909,65.5047005056299,1.02060984222125,1.18955835929222,0,369,370
T,MIRROR_M3,H50_Zin50,C,10,MIRROR_M3,"M=20,20,20,20,|T=0,0,0,0,|B=3,15,1,50;",0,1,0,105200026,205200026,0.999067251311118,0.884259265019338,9,MIRROR_M3,1,MIRROR_M3,1,1,1,0,0,1,0,1,0,UNIQUE_CONFIDENT,single_candidate_with_margin,0.97595817300198,66.1464711487876,65.1705129757856,0.99159439843061,1.18955835929222,0,375,376
T,MIRROR_M3,H50_Zin50,C,10,MIRROR_M3,"M=20,20,20,20,|T=0,0,0,0,|B=3,15,1,50;",0,1,0,105200027,205200027,1.01246364388345,0.995938484438419,9,MIRROR_M3,1,MIRROR_M3,1,1,1,0,0,1,0,1,0,UNIQUE_CONFIDENT,single_candidate_with_margin,0.880358709127837,70.6303498713685,69.7499911622407,0.819533723948752,1.18955835929222,0,373,374
T,MIRROR_M3,H50_Zin50,C,10,MIRROR_M3,"M=20,20,20,20,|T=0,0,0,0,|B=3,15,1,50;",0,1,0,105200028,205200028,1.01048404302311,0.983953188981461,9,MIRROR_M3,1,MIRROR_M3,1,1,1,0,0,1,0,1,0,UNIQUE_CONFIDENT,single_candidate_with_margin,0.88805966609986,69.8519872974279,68.9639276313281,0.882644041889181,1.18955835929222,0,368,369
T,MIRROR_M3,H50_Zin50,C,10,MIRROR_M3,"M=20,20,20,20,|T=0,0,0,0,|B=3,15,1,50;",0,1,0,105200029,205200029,1.0072060618537,0.988998375808724,9,MIRROR_M3,1,MIRROR_M3,1,1,1,0,0,1,0,1,0,UNIQUE_CONFIDENT,single_candidate_with_margin,0.863957719081258,68.2886221234654,67.4246644043842,0.949694261019243,1.18955835929222,0,366,367
T,MIRROR_M3,H50_Zin50,C,10,MIRROR_M3,"M=20,20,20,20,|T=0,0,0,0,|B=3,15,1,50;",0,1,0,105200030,205200030,0.998002313434965,0.820224555490033,9,MIRROR_M3,1,MIRROR_M3,1,1,1,0,0,1,0,1,0,UNIQUE_CONFIDENT,single_candidate_with_margin,0.973495851469944,66.9955701400064,66.0220742885364,1.05438065286488,1.18955835929222,0,378,379
T,ADD_M1_M3,H50_Zin50,C,10,ADD_M1_M3,"M=20,20,20,20,|T=0,0,0,0,|B=1,15,1,50;3,15,1,50;",0,1,0,105800001,205800001,0.986937743345215,0.955783222192036,10,ADD_M1_M3,1,ADD_M1_M3,1,1,1,0,0,1,0,1,0,UNIQUE_CONFIDENT,single_candidate_with_margin,0.918184624448548,109.572885081236,108.654700456788,0.7965466269046,1.18955835929222,0,515,516
T,ADD_M1_M3,H50_Zin50,C,10,ADD_M1_M3,"M=20,20,20,20,|T=0,0,0,0,|B=1,15,1,50;3,15,1,50;",0,1,0,105800002,205800002,0.99147673348504,0.85060317359973,10,ADD_M1_M3,1,ADD_M1_M3,1,1,1,0,0,1,0,1,0,UNIQUE_CONFIDENT,single_candidate_with_margin,0.91609567892735,112.607591908796,111.691496229869,0.824401576496274,1.18955835929222,0,520,521
T,ADD_M1_M3,H50_Zin50,C,10,ADD_M1_M3,"M=20,20,20,20,|T=0,0,0,0,|B=1,15,1,50;3,15,1,50;",0,1,0,105800003,205800003,0.983069592519081,1.05223496406954,10,ADD_M1_M3,1,ADD_M1_M3,1,1,1,0,0,1,0,1,0,UNIQUE_CONFIDENT,single_candidate_with_margin,0.800012549318561,107.627366773817,106.827354224499,0.874545218298794,1.18955835929222,0,517,518
T,ADD_M1_M3,H50_Zin50,C,10,ADD_M1_M3,"M=20,20,20,20,|T=0,0,0,0,|B=1,15,1,50;3,15,1,50;",0,1,0,105800004,205800004,1.00949324245763,1.006343042994,10,ADD_M1_M3,1,ADD_M1_M3,1,1,1,0,0,1,0,1,0,UNIQUE_CONFIDENT,single_candidate_with_margin,0.839505588924347,112.616656541192,111.777150952268,0.729046307714458,1.18955835929222,0,494,495
T,ADD_M1_M3,H50_Zin50,C,10,ADD_M1_M3,"M=20,20,20,20,|T=0,0,0,0,|B=1,15,1,50;3,15,1,50;",0,1,0,105800005,205800005,1.0065382639362,0.948210074009224,10,ADD_M1_M3,1,ADD_M1_M3,1,1,1,0,0,1,0,1,0,UNIQUE_CONFIDENT,single_candidate_with_margin,0.841066195513993,113.849349466267,113.008283270753,0.851515370051563,1.18955835929222,0,519,520
T,ADD_M1_M3,H50_Zin50,C,10,ADD_M1_M3,"M=20,20,20,20,|T=0,0,0,0,|B=1,15,1,50;3,15,1,50;",0,1,0,105800006,205800006,1.00397705099247,1.03901044569493,10,ADD_M1_M3,1,ADD_M1_M3,1,1,1,0,0,1,0,1,0,UNIQUE_CONFIDENT,single_candidate_with_margin,0.911452718080207,110.457643258731,109.546190540651,0.873287474184411,1.18955835929222,0,519,520
T,ADD_M1_M3,H50_Zin50,C,10,ADD_M1_M3,"M=20,20,20,20,|T=0,0,0,0,|B=1,15,1,50;3,15,1,50;",0,1,0,105800007,205800007,0.987238067761716,1.17865536619843,10,ADD_M1_M3,1,ADD_M1_M3,1,1,1,0,0,1,0,1,0,UNIQUE_CONFIDENT,single_candidate_with_margin,0.877359243924583,105.338157844311,104.460798600386,0.946920959286971,1.18955835929222,0,518,519
T,ADD_M1_M3,H50_Zin50,C,10,ADD_M1_M3,"M=20,20,20,20,|T=0,0,0,0,|B=1,15,1,50;3,15,1,50;",0,1,0,105800008,205800008,1.00784466204419,1.02375947434403,10,ADD_M1_M3,1,ADD_M1_M3,1,1,1,0,0,1,0,1,0,UNIQUE_CONFIDENT,single_candidate_with_margin,0.875609619598912,111.810888814513,110.935279194914,0.99729456942929,1.18955835929222,0,505,506
T,ADD_M1_M3,H50_Zin50,C,10,ADD_M1_M3,"M=20,20,20,20,|T=0,0,0,0,|B=1,15,1,50;3,15,1,50;",0,1,0,105800009,205800009,1.01891550775091,1.1187269356926,10,ADD_M1_M3,1,ADD_M1_M3,1,1,1,0,0,1,0,1,0,UNIQUE_CONFIDENT,single_candidate_with_margin,0.932599694358007,109.540466278622,108.607866584264,0.794944609439736,1.18955835929222,0,467,468
T,ADD_M1_M3,H50_Zin50,C,10,ADD_M1_M3,"M=20,20,20,20,|T=0,0,0,0,|B=1,15,1,50;3,15,1,50;",0,1,0,105800010,205800010,1.0007657962507,0.919468351510511,10,ADD_M1_M3,1,ADD_M1_M3,1,1,1,0,0,1,0,1,0,UNIQUE_CONFIDENT,single_candidate_with_margin,0.840562341747424,112.813669127495,111.973106785748,0.872378468628199,1.18955835929222,0,521,522
T,ADD_M1_M3,H50_Zin50,C,10,ADD_M1_M3,"M=20,20,20,20,|T=0,0,0,0,|B=1,15,1,50;3,15,1,50;",0,1,0,105800011,205800011,0.98033037567544,1.15710062818387,10,ADD_M1_M3,1,ADD_M1_M3,1,1,1,0,0,1,0,1,0,UNIQUE_CONFIDENT,single_candidate_with_margin,0.756632385136269,106.046891793097,105.29025940796,0.784168088195335,1.18955835929222,0,521,522
T,ADD_M1_M3,H50_Zin50,C,10,ADD_M1_M3,"M=20,20,20,20,|T=0,0,0,0,|B=1,15,1,50;3,15,1,50;",0,1,0,105800012,205800012,1.0030457230926,0.926009285551028,10,ADD_M1_M3,1,ADD_M1_M3,1,1,1,0,0,1,0,1,0,UNIQUE_CONFIDENT,single_candidate_with_margin,0.920293477027059,113.347720674152,112.427427197125,0.908088228063972,1.18955835929222,0,521,522
T,ADD_M1_M3,H50_Zin50,C,10,ADD_M1_M3,"M=20,20,20,20,|T=0,0,0,0,|B=1,15,1,50;3,15,1,50;",0,1,0,105800013,205800013,1.00702687275534,0.964939500622113,10,ADD_M1_M3,1,ADD_M1_M3,1,1,1,0,0,1,0,1,0,UNIQUE_CONFIDENT,single_candidate_with_margin,0.895737514796932,113.472211413787,112.57647389899,0.933923746794629,1.18955835929222,0,521,522
T,ADD_M1_M3,H50_Zin50,C,10,ADD_M1_M3,"M=20,20,20,20,|T=0,0,0,0,|B=1,15,1,50;3,15,1,50;",0,1,0,105800014,205800014,0.984516870590872,1.07849656397657,10,ADD_M1_M3,1,ADD_M1_M3,1,1,1,0,0,1,0,1,0,UNIQUE_CONFIDENT,single_candidate_with_margin,0.809748297521269,107.080238566973,106.270490269452,0.811490084856452,1.18955835929222,0,521,522
T,ADD_M1_M3,H50_Zin50,C,10,ADD_M1_M3,"M=20,20,20,20,|T=0,0,0,0,|B=1,15,1,50;3,15,1,50;",0,1,0,105800015,205800015,1.00077539383204,0.948744719806501,10,ADD_M1_M3,1,ADD_M1_M3,1,1,1,0,0,1,0,1,0,UNIQUE_CONFIDENT,single_candidate_with_margin,0.816410352756638,111.885378609025,111.068968256268,0.967810652521756,1.18955835929222,0,521,522
T,ADD_M1_M3,H50_Zin50,C,10,ADD_M1_M3,"M=20,20,20,20,|T=0,0,0,0,|B=1,15,1,50;3,15,1,50;",0,1,0,105800016,205800016,1.00230361389505,1.01161522815799,10,ADD_M1_M3,1,ADD_M1_M3,1,1,1,0,0,1,0,1,0,UNIQUE_CONFIDENT,single_candidate_with_margin,0.9133535047598,110.867536306436,109.954182801677,0.884919575963144,1.18955835929222,0,523,524
T,ADD_M1_M3,H50_Zin50,C,10,ADD_M1_M3,"M=20,20,20,20,|T=0,0,0,0,|B=1,15,1,50;3,15,1,50;",0,1,0,105800017,205800017,1.00766822209458,1.11520690636536,10,ADD_M1_M3,1,ADD_M1_M3,1,1,1,0,0,1,0,1,0,UNIQUE_CONFIDENT,single_candidate_with_margin,0.918108777838838,109.441277703259,108.52316892542,0.850318151392935,1.18955835929222,0,501,502
T,ADD_M1_M3,H50_Zin50,C,10,ADD_M1_M3,"M=20,20,20,20,|T=0,0,0,0,|B=1,15,1,50;3,15,1,50;",0,1,0,105800018,205800018,1.01289290723208,0.923383520200282,10,ADD_M1_M3,1,ADD_M1_M3,1,1,1,0,0,1,0,1,0,UNIQUE_CONFIDENT,single_candidate_with_margin,0.78334794305723,116.092767610694,115.309419667637,0.994105315166616,1.18955835929222,0,474,475
T,ADD_M1_M3,H50_Zin50,C,10,ADD_M1_M3,"M=20,20,20,20,|T=0,0,0,0,|B=1,15,1,50;3,15,1,50;",0,1,0,105800019,205800019,0.986781719755656,1.07738661455186,10,ADD_M1_M3,1,ADD_M1_M3,1,1,1,0,0,1,0,1,0,UNIQUE_CONFIDENT,single_candidate_with_margin,0.762593664480749,106.955727445912,106.193133781431,0.832268205860436,1.18955835929222,0,515,516
T,ADD_M1_M3,H50_Zin50,C,10,ADD_M1_M3,"M=20,20,20,20,|T=0,0,0,0,|B=1,15,1,50;3,15,1,50;",0,1,0,105800020,205800020,0.985002178872141,1.13429941882391,10,ADD_M1_M3,1,ADD_M1_M3,1,1,1,0,0,1,0,1,0,UNIQUE_CONFIDENT,single_candidate_with_margin,0.808113232863075,106.027008493726,105.218895260863,0.884818240243675,1.18955835929222,0,520,521
T,ADD_M1_M3,H50_Zin50,C,10,ADD_M1_M3,"M=20,20,20,20,|T=0,0,0,0,|B=1,15,1,50;3,15,1,50;",0,1,0,105800021,205800021,1.00478702675192,0.853908163940572,10,ADD_M1_M3,1,ADD_M1_M3,1,1,1,0,0,1,0,1,0,UNIQUE_CONFIDENT,single_candidate_with_margin,0.846225424659159,116.370747308516,115.524521883857,1.07080705006954,1.18955835929222,0,507,508
T,ADD_M1_M3,H50_Zin50,C,10,ADD_M1_M3,"M=20,20,20,20,|T=0,0,0,0,|B=1,15,1,50;3,15,1,50;",0,1,0,105800022,205800022,1.00247814066464,0.871494126336815,10,ADD_M1_M3,1,ADD_M1_M3,1,1,1,0,0,1,0,1,0,UNIQUE_CONFIDENT,single_candidate_with_margin,0.792554098862249,114.811542348168,114.018988249306,0.948499907616463,1.18955835929222,0,523,524
T,ADD_M1_M3,H50_Zin50,C,10,ADD_M1_M3,"M=20,20,20,20,|T=0,0,0,0,|B=1,15,1,50;3,15,1,50;",0,1,0,105800023,205800023,1.01665228652604,0.878197415472829,10,ADD_M1_M3,1,ADD_M1_M3,1,1,1,0,0,1,0,1,0,UNIQUE_CONFIDENT,single_candidate_with_margin,0.932675080532744,118.356034928947,117.423359848414,0.859593914456546,1.18955835929222,0,437,438
T,ADD_M1_M3,H50_Zin50,C,10,ADD_M1_M3,"M=20,20,20,20,|T=0,0,0,0,|B=1,15,1,50;3,15,1,50;",0,1,0,105800024,205800024,1.00519164862682,1.03023036723775,10,ADD_M1_M3,1,ADD_M1_M3,1,1,1,0,0,1,0,1,0,UNIQUE_CONFIDENT,single_candidate_with_margin,0.7992109877722,111.191229330256,110.392018342484,0.95201683513132,1.18955835929222,0,520,521
T,ADD_M1_M3,H50_Zin50,C,10,ADD_M1_M3,"M=20,20,20,20,|T=0,0,0,0,|B=1,15,1,50;3,15,1,50;",0,1,0,105800025,205800025,1.01656031926277,1.15062606478678,10,ADD_M1_M3,1,ADD_M1_M3,1,1,1,0,0,1,0,1,0,UNIQUE_CONFIDENT,single_candidate_with_margin,0.904918423723159,108.84281601199,107.937897588266,0.859932940631173,1.18955835929222,0,492,493
T,ADD_M1_M3,H50_Zin50,C,10,ADD_M1_M3,"M=20,20,20,20,|T=0,0,0,0,|B=1,15,1,50;3,15,1,50;",0,1,0,105800026,205800026,1.00171774719408,1.16149730374406,10,ADD_M1_M3,1,ADD_M1_M3,1,1,1,0,0,1,0,1,0,UNIQUE_CONFIDENT,single_candidate_with_margin,0.875137256755411,107.260597086294,106.385459829539,0.825073916901108,1.18955835929222,0,532,533
T,ADD_M1_M3,H50_Zin50,C,10,ADD_M1_M3,"M=20,20,20,20,|T=0,0,0,0,|B=1,15,1,50;3,15,1,50;",0,1,0,105800027,205800027,1.00788061118298,0.919503659153942,10,ADD_M1_M3,1,ADD_M1_M3,1,1,1,0,0,1,0,1,0,UNIQUE_CONFIDENT,single_candidate_with_margin,0.871919870846461,115.23628524591,114.364365375064,0.909911429210773,1.18955835929222,0,505,506
T,ADD_M1_M3,H50_Zin50,C,10,ADD_M1_M3,"M=20,20,20,20,|T=0,0,0,0,|B=1,15,1,50;3,15,1,50;",0,1,0,105800028,205800028,0.992763523720378,0.825122593391255,10,ADD_M1_M3,1,ADD_M1_M3,1,1,1,0,0,1,0,1,0,UNIQUE_CONFIDENT,single_candidate_with_margin,0.878232070917029,113.355045084898,112.476813013981,0.93241701829955,1.18955835929222,0,519,520
T,ADD_M1_M3,H50_Zin50,C,10,ADD_M1_M3,"M=20,20,20,20,|T=0,0,0,0,|B=1,15,1,50;3,15,1,50;",0,1,0,105800029,205800029,0.990175893647998,1.14079093139576,10,ADD_M1_M3,1,ADD_M1_M3,1,1,1,0,0,1,0,1,0,UNIQUE_CONFIDENT,single_candidate_with_margin,0.91320112315284,105.829410157688,104.916209034535,0.809453907055828,1.18955835929222,0,516,517
T,ADD_M1_M3,H50_Zin50,C,10,ADD_M1_M3,"M=20,20,20,20,|T=0,0,0,0,|B=1,15,1,50;3,15,1,50;",0,1,0,105800030,205800030,0.993246761914355,1.19588036377535,10,ADD_M1_M3,1,ADD_M1_M3,1,1,1,0,0,1,0,1,0,UNIQUE_CONFIDENT,single_candidate_with_margin,0.871845384185181,105.626530000809,104.754684616624,0.706357317653287,1.18955835929222,0,522,523
T,ADD_M2_M3,H50_Zin50,C,10,ADD_M2_M3,"M=20,20,20,20,|T=0,0,0,0,|B=2,15,1,50;3,15,1,50;",0,1,0,105500001,205500001,0.999869786963091,1.11358411060651,9,ADD_M2_M3,1,ADD_M2_M3,1,1,1,0,0,1,0,1,0,UNIQUE_CONFIDENT,single_candidate_with_margin,0.79195682866928,64.5910299041365,63.7990730754672,0.703699814899927,1.18955835929222,0,411,412
T,ADD_M2_M3,H50_Zin50,C,10,ADD_M2_M3,"M=20,20,20,20,|T=0,0,0,0,|B=2,15,1,50;3,15,1,50;",0,1,0,105500002,205500002,1.00600829493411,1.11947738836508,9,ADD_M2_M3,1,ADD_M2_M3,1,1,1,0,0,1,0,1,0,UNIQUE_CONFIDENT,single_candidate_with_margin,0.788819235498443,63.2858557999085,62.4970365644101,0.889148743564773,1.18955835929222,0,414,415
T,ADD_M2_M3,H50_Zin50,C,10,ADD_M2_M3,"M=20,20,20,20,|T=0,0,0,0,|B=2,15,1,50;3,15,1,50;",0,1,0,105500003,205500003,0.998227496680684,0.827921163652505,9,ADD_M2_M3,1,ADD_M2_M3,1,1,1,0,0,1,0,1,0,UNIQUE_CONFIDENT,single_candidate_with_margin,0.822874330580295,67.64712840769,66.8242540771097,0.835228957282397,1.18955835929222,0,415,416
T,ADD_M2_M3,H50_Zin50,C,10,ADD_M2_M3,"M=20,20,20,20,|T=0,0,0,0,|B=2,15,1,50;3,15,1,50;",0,1,0,105500004,205500004,0.982236764739507,0.92848575417968,9,ADD_M2_M3,1,ADD_M2_M3,1,1,1,0,0,1,0,1,0,UNIQUE_CONFIDENT,single_candidate_with_margin,0.927052070237226,65.2289165833505,64.3018645131133,0.889945454705892,1.18955835929222,0,415,416
T,ADD_M2_M3,H50_Zin50,C,10,ADD_M2_M3,"M=20,20,20,20,|T=0,0,0,0,|B=2,15,1,50;3,15,1,50;",0,1,0,105500005,205500005,1.014818355481,0.970041850805529,9,ADD_M2_M3,1,ADD_M2_M3,1,1,1,0,0,1,0,1,0,UNIQUE_CONFIDENT,single_candidate_with_margin,0.984255465305496,60.8382875662638,59.8540321009583,0.862690131422822,1.18955835929222,0,415,416
T,ADD_M2_M3,H50_Zin50,C,10,ADD_M2_M3,"M=20,20,20,20,|T=0,0,0,0,|B=2,15,1,50;3,15,1,50;",0,1,0,105500006,205500006,0.998922395018758,1.11719332065787,9,ADD_M2_M3,1,ADD_M2_M3,1,1,1,0,0,1,0,1,0,UNIQUE_CONFIDENT,single_candidate_with_margin,0.814838164272165,64.7709126707345,63.9560745064624,0.90803433498911,1.18955835929222,0,413,414
T,ADD_M2_M3,H50_Zin50,C,10,ADD_M2_M3,"M=20,20,20,20,|T=0,0,0,0,|B=2,15,1,50;3,15,1,50;",0,1,0,105500007,205500007,0.983315938996486,0.926296316738715,9,ADD_M2_M3,1,ADD_M2_M3,1,1,1,0,0,1,0,1,0,UNIQUE_CONFIDENT,single_candidate_with_margin,0.843338153708736,65.630951937597,64.7876137838883,0.887058603055056,1.18955835929222,0,415,416
T,ADD_M2_M3,H50_Zin50,C,10,ADD_M2_M3,"M=20,20,20,20,|T=0,0,0,0,|B=2,15,1,50;3,15,1,50;",0,1,0,105500008,205500008,0.998123787103149,0.863499333878368,9,ADD_M2_M3,1,ADD_M2_M3,1,1,1,0,0,1,0,1,0,UNIQUE_CONFIDENT,single_candidate_with_margin,0.965932694714268,67.0973290697064,66.1313963749921,0.855843964166788,1.18955835929222,0,414,415
T,ADD_M2_M3,H50_Zin50,C,10,ADD_M2_M3,"M=20,20,20,20,|T=0,0,0,0,|B=2,15,1,50;3,15,1,50;",0,1,0,105500009,205500009,0.994933131120601,0.803849249456964,9,ADD_M2_M3,1,ADD_M2_M3,1,1,1,0,0,1,0,1,0,UNIQUE_CONFIDENT,single_candidate_with_margin,0.830251939984366,68.567350736063,67.7370987960787,0.818361068503051,1.18955835929222,0,415,416
T,ADD_M2_M3,H50_Zin50,C,10,ADD_M2_M3,"M=20,20,20,20,|T=0,0,0,0,|B=2,15,1,50;3,15,1,50;",0,1,0,105500010,205500010,1.01741098235023,1.01230433497758,9,ADD_M2_M3,1,ADD_M2_M3,1,1,1,0,0,1,0,1,0,UNIQUE_CONFIDENT,single_candidate_with_margin,0.887030505340038,60.0724943911529,59.1854638858128,0.798769771521009,1.18955835929222,0,417,418
T,ADD_M2_M3,H50_Zin50,C,10,ADD_M2_M3,"M=20,20,20,20,|T=0,0,0,0,|B=2,15,1,50;3,15,1,50;",0,1,0,105500011,205500011,1.00205098647931,0.837330380481689,9,ADD_M2_M3,1,ADD_M2_M3,1,1,1,0,0,1,0,1,0,UNIQUE_CONFIDENT,single_candidate_with_margin,0.849198166674911,66.7220396787048,65.8728415120299,0.866343434224102,1.18955835929222,0,410,411
T,ADD_M2_M3,H50_Zin50,C,10,ADD_M2_M3,"M=20,20,20,20,|T=0,0,0,0,|B=2,15,1,50;3,15,1,50;",0,1,0,105500012,205500012,0.993523070919113,1.06098762612448,9,ADD_M2_M3,1,ADD_M2_M3,1,1,1,0,0,1,0,1,0,UNIQUE_CONFIDENT,single_candidate_with_margin,0.835505664224547,65.351908250482,64.5164025862574,0.873211385079807,1.18955835929222,0,407,408
T,ADD_M2_M3,H50_Zin50,C,10,ADD_M2_M3,"M=20,20,20,20,|T=0,0,0,0,|B=2,15,1,50;3,15,1,50;",0,1,0,105500013,205500013,0.983915744368027,1.07132242643849,9,ADD_M2_M3,1,ADD_M2_M3,1,1,1,0,0,1,0,1,0,UNIQUE_CONFIDENT,single_candidate_with_margin,0.855982979580958,64.7658179324001,63.9098349528191,0.798840818346102,1.18955835929222,0,415,416
T,ADD_M2_M3,H50_Zin50,C,10,ADD_M2_M3,"M=20,20,20,20,|T=0,0,0,0,|B=2,15,1,50;3,15,1,50;",0,1,0,105500014,205500014,1.01010865221402,1.17962552202502,9,ADD_M2_M3,1,ADD_M2_M3,1,1,1,0,0,1,0,1,0,UNIQUE_CONFIDENT,single_candidate_with_margin,0.86442766935316,62.3665628788217,61.5021352094686,0.75703565337444,1.18955835929222,0,425,426
T,ADD_M2_M3,H50_Zin50,C,10,ADD_M2_M3,"M=20,20,20,20,|T=0,0,0,0,|B=2,15,1,50;3,15,1,50;",0,1,0,105500015,205500015,0.980121750969647,1.11388692882841,9,ADD_M2_M3,1,ADD_M2_M3,1,1,1,0,0,1,0,1,0,UNIQUE_CONFIDENT,single_candidate_with_margin,0.767288868258428,64.0104726310076,63.2431837627492,0.802226308822805,1.18955835929222,0,411,412
T,ADD_M2_M3,H50_Zin50,C,10,ADD_M2_M3,"M=20,20,20,20,|T=0,0,0,0,|B=2,15,1,50;3,15,1,50;",0,1,0,105500016,205500016,1.01637193800934,1.01549497331359,9,ADD_M2_M3,1,ADD_M2_M3,1,1,1,0,0,1,0,1,0,UNIQUE_CONFIDENT,single_candidate_with_margin,0.833814609892986,60.308370539025,59.474555929132,0.829249319799221,1.18955835929222,0,419,420
T,ADD_M2_M3,H50_Zin50,C,10,ADD_M2_M3,"M=20,20,20,20,|T=0,0,0,0,|B=2,15,1,50;3,15,1,50;",0,1,0,105500017,205500017,0.980796220826829,1.01705255123983,9,ADD_M2_M3,1,ADD_M2_M3,1,1,1,0,0,1,0,1,0,UNIQUE_CONFIDENT,single_candidate_with_margin,0.837335413982736,64.4383785938413,63.6010431798585,0.854171674874556,1.18955835929222,0,408,409
T,ADD_M2_M3,H50_Zin50,C,10,ADD_M2_M3,"M=20,20,20,20,|T=0,0,0,0,|B=2,15,1,50;3,15,1,50;",0,1,0,105500018,205500018,1.00455571721019,1.00524768618037,9,ADD_M2_M3,1,ADD_M2_M3,1,1,1,0,0,1,0,1,0,UNIQUE_CONFIDENT,single_candidate_with_margin,0.802320457879014,63.9622886944714,63.1599682365924,0.819182870057098,1.18955835929222,0,413,414
T,ADD_M2_M3,H50_Zin50,C,10,ADD_M2_M3,"M=20,20,20,20,|T=0,0,0,0,|B=2,15,1,50;3,15,1,50;",0,1,0,105500019,205500019,1.00139977773477,0.977617788330116,9,ADD_M2_M3,1,ADD_M2_M3,1,1,1,0,0,1,0,1,0,UNIQUE_CONFIDENT,single_candidate_with_margin,0.830943946184328,64.6979806492344,63.8670367030501,0.805450662009897,1.18955835929222,0,409,410
T,ADD_M2_M3,H50_Zin50,C,10,ADD_M2_M3,"M=20,20,20,20,|T=0,0,0,0,|B=2,15,1,50;3,15,1,50;",0,1,0,105500020,205500020,0.982481593345831,0.931570407375542,9,ADD_M2_M3,1,ADD_M2_M3,1,1,1,0,0,1,0,1,0,UNIQUE_CONFIDENT,single_candidate_with_margin,0.929802373264461,65.5798173525466,64.6500149792821,0.92807005669533,1.18955835929222,0,415,416
T,ADD_M2_M3,H50_Zin50,C,10,ADD_M2_M3,"M=20,20,20,20,|T=0,0,0,0,|B=2,15,1,50;3,15,1,50;",0,1,0,105500021,205500021,0.996580640341393,0.886114330054463,9,ADD_M2_M3,1,ADD_M2_M3,1,1,1,0,0,1,0,1,0,UNIQUE_CONFIDENT,single_candidate_with_margin,0.853686423590257,66.6736997599992,65.8200133364089,0.970204774915025,1.18955835929222,0,409,410
T,ADD_M2_M3,H50_Zin50,C,10,ADD_M2_M3,"M=20,20,20,20,|T=0,0,0,0,|B=2,15,1,50;3,15,1,50;",0,1,0,105500022,205500022,0.991193930532275,1.02223701903892,9,ADD_M2_M3,1,ADD_M2_M3,1,1,1,0,0,1,0,1,0,UNIQUE_CONFIDENT,single_candidate_with_margin,0.857938718706524,65.7056079260529,64.8476692073464,0.898583694066701,1.18955835929222,0,410,411
T,ADD_M2_M3,H50_Zin50,C,10,ADD_M2_M3,"M=20,20,20,20,|T=0,0,0,0,|B=2,15,1,50;3,15,1,50;",0,1,0,105500023,205500023,0.997748326294087,1.07962917676454,9,ADD_M2_M3,1,ADD_M2_M3,1,1,1,0,0,1,0,1,0,UNIQUE_CONFIDENT,single_candidate_with_margin,0.907364125693239,64.9793120034927,64.0719478777995,0.809733169251757,1.18955835929222,0,415,416
T,ADD_M2_M3,H50_Zin50,C,10,ADD_M2_M3,"M=20,20,20,20,|T=0,0,0,0,|B=2,15,1,50;3,15,1,50;",0,1,0,105500024,205500024,1.01913729934741,1.0095763289248,9,ADD_M2_M3,1,ADD_M2_M3,1,1,1,0,0,1,0,1,0,UNIQUE_CONFIDENT,single_candidate_with_margin,0.911802843260832,59.4522138647045,58.5404110214437,0.893795296847672,1.18955835929222,0,417,418
T,ADD_M2_M3,H50_Zin50,C,10,ADD_M2_M3,"M=20,20,20,20,|T=0,0,0,0,|B=2,15,1,50;3,15,1,50;",0,1,0,105500025,205500025,1.00584078147998,0.914165024082531,9,ADD_M2_M3,1,ADD_M2_M3,1,1,1,0,0,1,0,1,0,UNIQUE_CONFIDENT,single_candidate_with_margin,0.873263555247348,64.3825830332477,63.5093194780003,0.949515030952285,1.18955835929222,0,414,415
T,ADD_M2_M3,H50_Zin50,C,10,ADD_M2_M3,"M=20,20,20,20,|T=0,0,0,0,|B=2,15,1,50;3,15,1,50;",0,1,0,105500026,205500026,0.986600337126229,1.17745831214516,9,ADD_M2_M3,1,ADD_M2_M3,1,1,1,0,0,1,0,1,0,UNIQUE_CONFIDENT,single_candidate_with_margin,0.770412263362468,65.0206786332231,64.2502663698607,0.957344313461354,1.18955835929222,0,410,411
T,ADD_M2_M3,H50_Zin50,C,10,ADD_M2_M3,"M=20,20,20,20,|T=0,0,0,0,|B=2,15,1,50;3,15,1,50;",0,1,0,105500027,205500027,1.01677938743988,0.993735867690184,9,ADD_M2_M3,1,ADD_M2_M3,1,1,1,0,0,1,0,1,0,UNIQUE_CONFIDENT,single_candidate_with_margin,0.856015890469451,60.1668691134879,59.3108532230184,0.802466119611211,1.18955835929222,0,417,418
T,ADD_M2_M3,H50_Zin50,C,10,ADD_M2_M3,"M=20,20,20,20,|T=0,0,0,0,|B=2,15,1,50;3,15,1,50;",0,1,0,105500028,205500028,1.01990535896643,0.846645646863775,9,ADD_M2_M3,1,ADD_M2_M3,1,1,1,0,0,1,0,1,0,UNIQUE_CONFIDENT,single_candidate_with_margin,0.76017024083257,60.4669197568348,59.7067495160022,1.06957800912356,1.18955835929222,0,418,419
T,ADD_M2_M3,H50_Zin50,C,10,ADD_M2_M3,"M=20,20,20,20,|T=0,0,0,0,|B=2,15,1,50;3,15,1,50;",0,1,0,105500029,205500029,0.980326729464371,1.05301484663364,9,ADD_M2_M3,1,ADD_M2_M3,1,1,1,0,0,1,0,1,0,UNIQUE_CONFIDENT,single_candidate_with_margin,0.791773105731876,64.1111341925361,63.3193610868043,0.850546208291783,1.18955835929222,0,411,412
T,ADD_M2_M3,H50_Zin50,C,10,ADD_M2_M3,"M=20,20,20,20,|T=0,0,0,0,|B=2,15,1,50;3,15,1,50;",0,1,0,105500030,205500030,1.01000730880758,0.817907450200047,9,ADD_M2_M3,1,ADD_M2_M3,1,1,1,0,0,1,0,1,0,UNIQUE_CONFIDENT,single_candidate_with_margin,0.870498389397663,64.4397690362474,63.5692706468498,0.906879332852952,1.18955835929222,0,421,422
T,DOUBLE_M3,H50_Zin50,C,10,DOUBLE_M3,"M=20,20,20,20,|T=0,0,0,0,|B=3,15,1,50;3,15,1,50;",0,1,0,105300001,205300001,0.994142298816724,0.921439987392495,9,DOUBLE_M3,1,DOUBLE_M3,1,1,1,0,0,1,0,1,0,UNIQUE_CONFIDENT,single_candidate_with_margin,0.850928604514553,62.7277409047976,61.876812300283,0.832696129055343,1.18955835929222,0,444,445
T,DOUBLE_M3,H50_Zin50,C,10,DOUBLE_M3,"M=20,20,20,20,|T=0,0,0,0,|B=3,15,1,50;3,15,1,50;",0,1,0,105300002,205300002,0.998796239396031,1.17766251543199,9,DOUBLE_M3,1,DOUBLE_M3,1,1,1,0,0,1,0,1,0,UNIQUE_CONFIDENT,single_candidate_with_margin,0.903844075910897,62.2112139667664,61.3073698908555,0.998827946143622,1.18955835929222,0,396,397
T,DOUBLE_M3,H50_Zin50,C,10,DOUBLE_M3,"M=20,20,20,20,|T=0,0,0,0,|B=3,15,1,50;3,15,1,50;",0,1,0,105300003,205300003,0.980900932432286,1.17259115609537,9,DOUBLE_M3,1,DOUBLE_M3,1,1,1,0,0,1,0,1,0,UNIQUE_CONFIDENT,single_candidate_with_margin,0.830507001102463,63.6057160606613,62.7752090595589,0.9236210666027,1.18955835929222,0,398,399
T,DOUBLE_M3,H50_Zin50,C,10,DOUBLE_M3,"M=20,20,20,20,|T=0,0,0,0,|B=3,15,1,50;3,15,1,50;",0,1,0,105300004,205300004,0.986250145023289,1.08388630078778,9,DOUBLE_M3,1,DOUBLE_M3,1,1,1,0,0,1,0,1,0,UNIQUE_CONFIDENT,single_candidate_with_margin,0.82457678522271,62.1362203870495,61.3116436018268,0.812340400965556,1.18955835929222,0,450,451
T,DOUBLE_M3,H50_Zin50,C,10,DOUBLE_M3,"M=20,20,20,20,|T=0,0,0,0,|B=3,15,1,50;3,15,1,50;",0,1,0,105300005,205300005,0.997406476800335,1.15042646746507,9,DOUBLE_M3,1,DOUBLE_M3,1,1,1,0,0,1,0,1,0,UNIQUE_CONFIDENT,single_candidate_with_margin,0.877352738971232,61.9739769594007,61.0966242204295,0.87917309880917,1.18955835929222,0,394,395
T,DOUBLE_M3,H50_Zin50,C,10,DOUBLE_M3,"M=20,20,20,20,|T=0,0,0,0,|B=3,15,1,50;3,15,1,50;",0,1,0,105300006,205300006,1.01184048687591,1.19196326569785,9,DOUBLE_M3,1,DOUBLE_M3,1,1,1,0,0,1,0,1,0,UNIQUE_CONFIDENT,single_candidate_with_margin,0.80919788881722,67.3981817926987,66.5889839038815,0.786956028207018,1.18955835929222,0,394,395
T,DOUBLE_M3,H50_Zin50,C,10,DOUBLE_M3,"M=20,20,20,20,|T=0,0,0,0,|B=3,15,1,50;3,15,1,50;",0,1,0,105300007,205300007,1.00681741883585,0.975484006667856,9,DOUBLE_M3,1,DOUBLE_M3,1,1,1,0,0,1,0,1,0,UNIQUE_CONFIDENT,single_candidate_with_margin,0.85467324211202,66.4832821444551,65.6286089023431,0.799915964446706,1.18955835929222,0,401,402
T,DOUBLE_M3,H50_Zin50,C,10,DOUBLE_M3,"M=20,20,20,20,|T=0,0,0,0,|B=3,15,1,50;3,15,1,50;",0,1,0,105300008,205300008,0.987101324943478,0.841481434096688,9,DOUBLE_M3,1,DOUBLE_M3,1,1,1,0,0,1,0,1,0,UNIQUE_CONFIDENT,single_candidate_with_margin,0.844617898352932,64.5203892160156,63.6757713176627,0.886039800880007,1.18955835929222,0,429,430
T,DOUBLE_M3,H50_Zin50,C,10,DOUBLE_M3,"M=20,20,20,20,|T=0,0,0,0,|B=3,15,1,50;3,15,1,50;",0,1,0,105300009,205300009,1.01988312374574,0.944391030935515,9,DOUBLE_M3,1,DOUBLE_M3,1,1,1,0,0,1,0,1,0,UNIQUE_CONFIDENT,single_candidate_with_margin,0.796261171177632,72.5721963932379,71.7759352220602,0.771246454731439,1.18955835929222,0,393,394
T,DOUBLE_M3,H50_Zin50,C,10,DOUBLE_M3,"M=20,20,20,20,|T=0,0,0,0,|B=3,15,1,50;3,15,1,50;",0,1,0,105300010,205300010,1.01439815978853,0.842940154172461,9,DOUBLE_M3,1,DOUBLE_M3,1,1,1,0,0,1,0,1,0,UNIQUE_CONFIDENT,single_candidate_with_margin,0.852035216238628,72.404184781889,71.5521495656504,0.88828134188982,1.18955835929222,0,396,397
T,DOUBLE_M3,H50_Zin50,C,10,DOUBLE_M3,"M=20,20,20,20,|T=0,0,0,0,|B=3,15,1,50;3,15,1,50;",0,1,0,105300011,205300011,1.00975815068017,0.984153058763247,9,DOUBLE_M3,1,DOUBLE_M3,1,1,1,0,0,1,0,1,0,UNIQUE_CONFIDENT,single_candidate_with_margin,0.844877164697662,67.8898809764137,67.0450038117161,0.971586156807012,1.18955835929222,0,391,392
T,DOUBLE_M3,H50_Zin50,C,10,DOUBLE_M3,"M=20,20,20,20,|T=0,0,0,0,|B=3,15,1,50;3,15,1,50;",0,1,0,105300012,205300012,1.01857299706846,1.00561581562816,9,DOUBLE_M3,1,DOUBLE_M3,1,1,1,0,0,1,0,1,0,UNIQUE_CONFIDENT,single_candidate_with_margin,0.905282439648424,71.0329816687012,70.1276992290527,0.837548013364453,1.18955835929222,0,385,386
T,DOUBLE_M3,H50_Zin50,C,10,DOUBLE_M3,"M=20,20,20,20,|T=0,0,0,0,|B=3,15,1,50;3,15,1,50;",0,1,0,105300013,205300013,1.0001930200299,1.00171200452765,9,DOUBLE_M3,1,DOUBLE_M3,1,1,1,0,0,1,0,1,0,UNIQUE_CONFIDENT,single_candidate_with_margin,0.949303340499278,63.6810783233019,62.7317749828026,1.0091100635327,1.18955835929222,0,401,402
T,DOUBLE_M3,H50_Zin50,C,10,DOUBLE_M3,"M=20,20,20,20,|T=0,0,0,0,|B=3,15,1,50;3,15,1,50;",0,1,0,105300014,205300014,0.991508595164902,1.02537457240846,9,DOUBLE_M3,1,DOUBLE_M3,1,1,1,0,0,1,0,1,0,UNIQUE_CONFIDENT,single_candidate_with_margin,0.924386613610146,61.7757094919038,60.8513228782936,0.771170629125483,1.18955835929222,0,443,444
T,DOUBLE_M3,H50_Zin50,C,10,DOUBLE_M3,"M=20,20,20,20,|T=0,0,0,0,|B=3,15,1,50;3,15,1,50;",0,1,0,105300015,205300015,0.992789505976045,0.993071002286362,9,DOUBLE_M3,1,DOUBLE_M3,1,1,1,0,0,1,0,1,0,UNIQUE_CONFIDENT,single_candidate_with_margin,0.847835837527174,61.9350598336958,61.0872239961687,0.740429652769776,1.18955835929222,0,447,448
T,DOUBLE_M3,H50_Zin50,C,10,DOUBLE_M3,"M=20,20,20,20,|T=0,0,0,0,|B=3,15,1,50;3,15,1,50;",0,1,0,105300016,205300016,0.992308988538501,1.06179795039292,9,DOUBLE_M3,1,DOUBLE_M3,1,1,1,0,0,1,0,1,0,UNIQUE_CONFIDENT,single_candidate_with_margin,0.855973584727728,61.3228237001461,60.4668501154183,0.914657230963974,1.18955835929222,0,445,446
T,DOUBLE_M3,H50_Zin50,C,10,DOUBLE_M3,"M=20,20,20,20,|T=0,0,0,0,|B=3,15,1,50;3,15,1,50;",0,1,0,105300017,205300017,1.01008396761288,0.955328053147857,9,DOUBLE_M3,1,DOUBLE_M3,1,1,1,0,0,1,0,1,0,UNIQUE_CONFIDENT,single_candidate_with_margin,0.842162880265114,68.4862668138731,67.644103933608,0.941992697215989,1.18955835929222,0,395,396
T,DOUBLE_M3,H50_Zin50,C,10,DOUBLE_M3,"M=20,20,20,20,|T=0,0,0,0,|B=3,15,1,50;3,15,1,50;",0,1,0,105300018,205300018,0.999306612768769,1.01803460630591,9,DOUBLE_M3,1,DOUBLE_M3,1,1,1,0,0,1,0,1,0,UNIQUE_CONFIDENT,single_candidate_with_margin,0.853801668810663,63.1122193700149,62.2584177012043,0.925999931706686,1.18955835929222,0,391,392
T,DOUBLE_M3,H50_Zin50,C,10,DOUBLE_M3,"M=20,20,20,20,|T=0,0,0,0,|B=3,15,1,50;3,15,1,50;",0,1,0,105300019,205300019,0.99675237910883,0.868678010003225,9,DOUBLE_M3,1,DOUBLE_M3,1,1,1,0,0,1,0,1,0,UNIQUE_CONFIDENT,single_candidate_with_margin,0.799015965863612,63.8205544893838,63.0215385235201,0.752816444141844,1.18955835929222,0,377,378
T,DOUBLE_M3,H50_Zin50,C,10,DOUBLE_M3,"M=20,20,20,20,|T=0,0,0,0,|B=3,15,1,50;3,15,1,50;",0,1,0,105300020,205300020,1.00439689269713,0.966740163316416,9,DOUBLE_M3,1,DOUBLE_M3,1,1,1,0,0,1,0,1,0,UNIQUE_CONFIDENT,single_candidate_with_margin,0.879424152179391,65.5960811784491,64.7166570262697,0.914370800087902,1.18955835929222,0,395,396
T,DOUBLE_M3,H50_Zin50,C,10,DOUBLE_M3,"M=20,20,20,20,|T=0,0,0,0,|B=3,15,1,50;3,15,1,50;",0,1,0,105300021,205300021,0.995583542347458,0.989034382878287,9,DOUBLE_M3,1,DOUBLE_M3,1,1,1,0,0,1,0,1,0,UNIQUE_CONFIDENT,single_candidate_with_margin,0.802120514156141,62.3552586665989,61.5531381524428,0.703860220739164,1.18955835929222,0,389,390
T,DOUBLE_M3,H50_Zin50,C,10,DOUBLE_M3,"M=20,20,20,20,|T=0,0,0,0,|B=3,15,1,50;3,15,1,50;",0,1,0,105300022,205300022,0.989955871036622,0.860921744142146,9,DOUBLE_M3,1,DOUBLE_M3,1,1,1,0,0,1,0,1,0,UNIQUE_CONFIDENT,single_candidate_with_margin,0.864515698550467,63.5697811911932,62.7052654926427,0.779376593119004,1.18955835929222,0,426,427
T,DOUBLE_M3,H50_Zin50,C,10,DOUBLE_M3,"M=20,20,20,20,|T=0,0,0,0,|B=3,15,1,50;3,15,1,50;",0,1,0,105300023,205300023,1.00262092419101,0.844623510600253,9,DOUBLE_M3,1,DOUBLE_M3,1,1,1,0,0,1,0,1,0,UNIQUE_CONFIDENT,single_candidate_with_margin,0.990605135069369,66.2434147751242,65.2528096400548,0.940157080942071,1.18955835929222,0,392,393
T,DOUBLE_M3,H50_Zin50,C,10,DOUBLE_M3,"M=20,20,20,20,|T=0,0,0,0,|B=3,15,1,50;3,15,1,50;",0,1,0,105300024,205300024,1.011652709286,1.00527979389117,9,DOUBLE_M3,1,DOUBLE_M3,1,1,1,0,0,1,0,1,0,UNIQUE_CONFIDENT,single_candidate_with_margin,0.810956232266144,68.627767091097,67.8168108588308,0.876567395549099,1.18955835929222,0,393,394
T,DOUBLE_M3,H50_Zin50,C,10,DOUBLE_M3,"M=20,20,20,20,|T=0,0,0,0,|B=3,15,1,50;3,15,1,50;",0,1,0,105300025,205300025,1.01289368637454,0.953623938704076,9,DOUBLE_M3,1,DOUBLE_M3,1,1,1,0,0,1,0,1,0,UNIQUE_CONFIDENT,single_candidate_with_margin,0.839117886099857,69.7730403682723,68.9339224821724,1.01730104974872,1.18955835929222,0,394,395
T,DOUBLE_M3,H50_Zin50,C,10,DOUBLE_M3,"M=20,20,20,20,|T=0,0,0,0,|B=3,15,1,50;3,15,1,50;",0,1,0,105300026,205300026,0.997145343191563,0.922067252421,9,DOUBLE_M3,1,DOUBLE_M3,1,1,1,0,0,1,0,1,0,UNIQUE_CONFIDENT,single_candidate_with_margin,0.854347401325336,63.4894385459227,62.6350911445973,0.943246597627597,1.18955835929222,0,391,392
T,DOUBLE_M3,H50_Zin50,C,10,DOUBLE_M3,"M=20,20,20,20,|T=0,0,0,0,|B=3,15,1,50;3,15,1,50;",0,1,0,105300027,205300027,0.990037514814725,1.05925329361712,9,DOUBLE_M3,1,DOUBLE_M3,1,1,1,0,0,1,0,1,0,UNIQUE_CONFIDENT,single_candidate_with_margin,0.816655522914645,61.5050475761747,60.6883920532601,0.921931392387815,1.18955835929222,0,443,444
T,DOUBLE_M3,H50_Zin50,C,10,DOUBLE_M3,"M=20,20,20,20,|T=0,0,0,0,|B=3,15,1,50;3,15,1,50;",0,1,0,105300028,205300028,0.982632048310026,1.18338396593598,9,DOUBLE_M3,1,DOUBLE_M3,1,1,1,0,0,1,0,1,0,UNIQUE_CONFIDENT,single_candidate_with_margin,0.89383210182195,62.6294037757168,61.7355716738949,0.837239151434576,1.18955835929222,0,403,404
T,DOUBLE_M3,H50_Zin50,C,10,DOUBLE_M3,"M=20,20,20,20,|T=0,0,0,0,|B=3,15,1,50;3,15,1,50;",0,1,0,105300029,205300029,1.00074449886914,1.05059598443586,9,DOUBLE_M3,1,DOUBLE_M3,1,1,1,0,0,1,0,1,0,UNIQUE_CONFIDENT,single_candidate_with_margin,0.866800095377119,63.3907213818859,62.5239212865088,0.832255271266068,1.18955835929222,0,391,392
T,DOUBLE_M3,H50_Zin50,C,10,DOUBLE_M3,"M=20,20,20,20,|T=0,0,0,0,|B=3,15,1,50;3,15,1,50;",0,1,0,105300030,205300030,1.01176005754663,1.15819831314047,9,DOUBLE_M3,1,DOUBLE_M3,1,1,1,0,0,1,0,1,0,UNIQUE_CONFIDENT,single_candidate_with_margin,0.806900778635701,67.310480717558,66.5035799389223,0.808386324994895,1.18955835929222,0,394,395
T_domain,G002_domain_out,H50_Zin50,C,10,G002,"M=20,20,20,20,|T=0,0,0,0,|B=2,15,1,50;",1,0,1,155400001,255400001,1.15,1.12884131547676,9,ADD_M2_M3,1,ADD_M2_M3,3,1,0,0,0,0,0,0,0,REJECTED,fit_quality_gate,174.245227680989,178.839832397728,4.59460471673918,174.968619423338,1.18955835929222,0,500,501
T_domain,G002_domain_out,H50_Zin50,C,10,G002,"M=20,20,20,20,|T=0,0,0,0,|B=2,15,1,50;",1,0,1,155400002,255400002,1.15,1.02561173018079,9,ADD_M2_M3,1,ADD_M2_M3,3,1,0,0,0,0,0,0,0,REJECTED,fit_quality_gate,177.14277011249,180.878298768547,3.73552865605711,178.391874744688,1.18955835929222,0,502,503
T_domain,G002_domain_out,H50_Zin50,C,10,G002,"M=20,20,20,20,|T=0,0,0,0,|B=2,15,1,50;",1,0,1,155400003,255400003,1.15,1.15402003894716,9,ADD_M2_M3,1,ADD_M2_M3,3,1,0,0,0,0,0,0,0,REJECTED,fit_quality_gate,173.737418172723,178.465666455857,4.72824828313406,174.428199838917,1.18955835929222,0,498,499
T_domain,G002_domain_out,H50_Zin50,C,10,G002,"M=20,20,20,20,|T=0,0,0,0,|B=2,15,1,50;",1,0,1,155400004,255400004,1.15,1.03619650120576,9,ADD_M2_M3,1,ADD_M2_M3,3,1,0,0,0,0,0,0,0,REJECTED,fit_quality_gate,176.794594667694,180.68200712067,3.88741245297541,177.890763274247,1.18955835929222,0,496,497
T_domain,G002_domain_out,H50_Zin50,C,10,G002,"M=20,20,20,20,|T=0,0,0,0,|B=2,15,1,50;",1,0,1,155400005,255400005,1.15,0.973530142577809,9,ADD_M2_M3,1,ADD_M2_M3,3,1,0,0,0,0,0,0,0,REJECTED,fit_quality_gate,178.45872100296,181.870169712824,3.41144870986355,180.074464580336,1.18955835929222,0,504,505
T_domain,G002_domain_out,H50_Zin50,C,10,G002,"M=20,20,20,20,|T=0,0,0,0,|B=2,15,1,50;",1,0,1,155400006,255400006,1.15,0.876277797983159,9,ADD_M2_M3,1,ADD_M2_M3,4,1,0,0,0,0,0,0,0,REJECTED,fit_quality_gate,181.438823050024,184.19966650165,2.76084345162585,183.398927672172,1.18955835929222,0,502,503
T_domain,G002_domain_out,H50_Zin50,C,10,G002,"M=20,20,20,20,|T=0,0,0,0,|B=2,15,1,50;",1,0,1,155400007,255400007,1.15,1.11098324243282,9,ADD_M2_M3,1,ADD_M2_M3,3,1,0,0,0,0,0,0,0,REJECTED,fit_quality_gate,174.62701372396,179.137998074875,4.51098435091544,175.715523316783,1.18955835929222,0,500,501
T_domain,G002_domain_out,H50_Zin50,C,10,G002,"M=20,20,20,20,|T=0,0,0,0,|B=2,15,1,50;",1,0,1,155400008,255400008,1.15,0.902479587302444,9,ADD_M2_M3,1,ADD_M2_M3,3,1,0,0,0,0,0,0,0,REJECTED,fit_quality_gate,180.66208952794,183.633428305527,2.97133877758725,182.504926115836,1.18955835929222,0,498,499
T_domain,G002_domain_out,H50_Zin50,C,10,G002,"M=20,20,20,20,|T=0,0,0,0,|B=2,15,1,50;",1,0,1,155400009,255400009,1.15,0.906681581185242,9,ADD_M2_M3,1,ADD_M2_M3,3,1,0,0,0,0,0,0,0,REJECTED,fit_quality_gate,180.408217387617,183.499551573671,3.0913341860535,182.263471295883,1.18955835929222,0,498,499
T_domain,G002_domain_out,H50_Zin50,C,10,G002,"M=20,20,20,20,|T=0,0,0,0,|B=2,15,1,50;",1,0,1,155400010,255400010,1.15,0.813228138908581,9,ADD_M2_M3,1,ADD_M2_M3,4,1,0,0,0,0,0,0,0,REJECTED,fit_quality_gate,183.580060198913,185.806421482464,2.2263612835506,185.723797622184,1.18955835929222,0,498,499
T_domain,G002_domain_out,H50_Zin50,C,10,G002,"M=20,20,20,20,|T=0,0,0,0,|B=2,15,1,50;",1,0,1,155400011,255400011,1.15,1.15868124334444,9,ADD_M2_M3,1,ADD_M2_M3,3,1,0,0,0,0,0,0,0,REJECTED,fit_quality_gate,173.451473464214,178.208119795267,4.75664633105319,174.27134217865,1.18955835929222,0,502,503
T_domain,G002_domain_out,H50_Zin50,C,10,G002,"M=20,20,20,20,|T=0,0,0,0,|B=2,15,1,50;",1,0,1,155400012,255400012,1.15,1.07727751484691,9,ADD_M2_M3,1,ADD_M2_M3,3,1,0,0,0,0,0,0,0,REJECTED,fit_quality_gate,175.637264366506,179.757400396288,4.12013602978274,176.546051557782,1.18955835929222,0,498,499
T_domain,G002_domain_out,H50_Zin50,C,10,G002,"M=20,20,20,20,|T=0,0,0,0,|B=2,15,1,50;",1,0,1,155400013,255400013,1.15,1.09492538029689,9,ADD_M2_M3,1,ADD_M2_M3,3,1,0,0,0,0,0,0,0,REJECTED,fit_quality_gate,175.085004325325,179.425951038557,4.34094671323231,176.044013346888,1.18955835929222,0,498,499
T_domain,G002_domain_out,H50_Zin50,C,10,G002,"M=20,20,20,20,|T=0,0,0,0,|B=2,15,1,50;",1,0,1,155400014,255400014,1.15,0.864042626340992,9,ADD_M2_M3,1,ADD_M2_M3,4,1,0,0,0,0,0,0,0,REJECTED,fit_quality_gate,181.949313464676,184.535069001247,2.58575553657082,183.671844912104,1.18955835929222,0,500,501
T_domain,G002_domain_out,H50_Zin50,C,10,G002,"M=20,20,20,20,|T=0,0,0,0,|B=2,15,1,50;",1,0,1,155400015,255400015,1.15,0.907144302068726,9,ADD_M2_M3,1,ADD_M2_M3,3,1,0,0,0,0,0,0,0,REJECTED,fit_quality_gate,180.536243822782,183.453954886018,2.91771106323623,182.290351882624,1.18955835929222,0,502,503
T_domain,G002_domain_out,H50_Zin50,C,10,G002,"M=20,20,20,20,|T=0,0,0,0,|B=2,15,1,50;",1,0,1,155400016,255400016,1.15,1.02315740450297,9,ADD_M2_M3,1,ADD_M2_M3,3,1,0,0,0,0,0,0,0,REJECTED,fit_quality_gate,177.068676310596,180.996761700206,3.92808538960992,178.424582326793,1.18955835929222,0,498,499
T_domain,G002_domain_out,H50_Zin50,C,10,G002,"M=20,20,20,20,|T=0,0,0,0,|B=2,15,1,50;",1,0,1,155400017,255400017,1.15,0.94983870775824,9,ADD_M2_M3,1,ADD_M2_M3,3,1,0,0,0,0,0,0,0,REJECTED,fit_quality_gate,179.180927753803,182.420616195715,3.23968844191211,180.773416552374,1.18955835929222,0,502,503
T_domain,G002_domain_out,H50_Zin50,C,10,G002,"M=20,20,20,20,|T=0,0,0,0,|B=2,15,1,50;",1,0,1,155400018,255400018,1.15,0.851098094842341,9,ADD_M2_M3,1,ADD_M2_M3,4,1,0,0,0,0,0,0,0,REJECTED,fit_quality_gate,182.319809512099,184.856123769188,2.53631425708929,184.375564531779,1.18955835929222,0,502,503
T_domain,G002_domain_out,H50_Zin50,C,10,G002,"M=20,20,20,20,|T=0,0,0,0,|B=2,15,1,50;",1,0,1,155400019,255400019,1.15,1.15081996727221,9,ADD_M2_M3,1,ADD_M2_M3,3,1,0,0,0,0,0,0,0,REJECTED,fit_quality_gate,173.804417552181,178.45068934506,4.64627179287936,174.464662830908,1.18955835929222,0,498,499
T_domain,G002_domain_out,H50_Zin50,C,10,G002,"M=20,20,20,20,|T=0,0,0,0,|B=2,15,1,50;",1,0,1,155400020,255400020,1.15,0.989443461334601,9,ADD_M2_M3,1,ADD_M2_M3,3,1,0,0,0,0,0,0,0,REJECTED,fit_quality_gate,178.034153765528,181.480285240997,3.44613147546843,179.293001735542,1.18955835929222,0,502,503
T_domain,G002_domain_out,H50_Zin50,C,10,G002,"M=20,20,20,20,|T=0,0,0,0,|B=2,15,1,50;",1,0,1,155400021,255400021,1.15,1.02739880808362,9,ADD_M2_M3,1,ADD_M2_M3,3,1,0,0,0,0,0,0,0,REJECTED,fit_quality_gate,176.925507950648,180.736292667664,3.81078471701633,178.372678635853,1.18955835929222,0,500,501
T_domain,G002_domain_out,H50_Zin50,C,10,G002,"M=20,20,20,20,|T=0,0,0,0,|B=2,15,1,50;",1,0,1,155400022,255400022,1.15,1.1718040202307,9,ADD_M2_M3,1,ADD_M2_M3,3,1,0,0,0,0,0,0,0,REJECTED,fit_quality_gate,173.210295770968,177.891641823747,4.68134605277839,173.772312925496,1.18955835929222,0,500,501
T_domain,G002_domain_out,H50_Zin50,C,10,G002,"M=20,20,20,20,|T=0,0,0,0,|B=2,15,1,50;",1,0,1,155400023,255400023,1.15,1.09753062294878,9,ADD_M2_M3,1,ADD_M2_M3,3,1,0,0,0,0,0,0,0,REJECTED,fit_quality_gate,175.038623487076,179.26177770481,4.22315421773359,176.054642257834,1.18955835929222,0,498,499
T_domain,G002_domain_out,H50_Zin50,C,10,G002,"M=20,20,20,20,|T=0,0,0,0,|B=2,15,1,50;",1,0,1,155400024,255400024,1.15,0.973668123151594,9,ADD_M2_M3,1,ADD_M2_M3,3,1,0,0,0,0,0,0,0,REJECTED,fit_quality_gate,178.697868054798,182.121889233374,3.4240211785758,180.164911222679,1.18955835929222,0,500,501
T_domain,G002_domain_out,H50_Zin50,C,10,G002,"M=20,20,20,20,|T=0,0,0,0,|B=2,15,1,50;",1,0,1,155400025,255400025,1.15,0.818006038911299,9,ADD_M2_M3,1,ADD_M2_M3,4,1,0,0,0,0,0,0,0,REJECTED,fit_quality_gate,183.58745453069,185.935142815188,2.3476882844987,185.555237586088,1.18955835929222,0,500,501
T_domain,G002_domain_out,H50_Zin50,C,10,G002,"M=20,20,20,20,|T=0,0,0,0,|B=2,15,1,50;",1,0,1,155400026,255400026,1.15,0.915465215153018,9,ADD_M2_M3,1,ADD_M2_M3,3,1,0,0,0,0,0,0,0,REJECTED,fit_quality_gate,180.301711804392,183.3681494152,3.06643761080801,181.959715595655,1.18955835929222,0,500,501
T_domain,G002_domain_out,H50_Zin50,C,10,G002,"M=20,20,20,20,|T=0,0,0,0,|B=2,15,1,50;",1,0,1,155400027,255400027,1.15,0.83151918482161,9,ADD_M2_M3,1,ADD_M2_M3,4,1,0,0,0,0,0,0,0,REJECTED,fit_quality_gate,182.959862807122,185.457099144421,2.497236337299,184.965495357545,1.18955835929222,0,500,501
T_domain,G002_domain_out,H50_Zin50,C,10,G002,"M=20,20,20,20,|T=0,0,0,0,|B=2,15,1,50;",1,0,1,155400028,255400028,1.15,0.953556577815418,9,ADD_M2_M3,1,ADD_M2_M3,3,1,0,0,0,0,0,0,0,REJECTED,fit_quality_gate,179.177403668338,182.342967331366,3.16556366302811,180.56642478418,1.18955835929222,0,500,501
T_domain,G002_domain_out,H50_Zin50,C,10,G002,"M=20,20,20,20,|T=0,0,0,0,|B=2,15,1,50;",1,0,1,155400029,255400029,1.15,0.853410596465822,9,ADD_M2_M3,1,ADD_M2_M3,4,1,0,0,0,0,0,0,0,REJECTED,fit_quality_gate,182.330629931143,184.818920066446,2.48829013530383,184.393138787099,1.18955835929222,0,500,501
T_domain,G002_domain_out,H50_Zin50,C,10,G002,"M=20,20,20,20,|T=0,0,0,0,|B=2,15,1,50;",1,0,1,155400030,255400030,1.15,1.15486552853543,9,ADD_M2_M3,1,ADD_M2_M3,3,1,0,0,0,0,0,0,0,REJECTED,fit_quality_gate,173.502135336588,178.147718764162,4.64558342757473,174.428389460369,1.18955835929222,0,498,499
T_domain,G003_domain_out,H50_Zin50,C,10,G003,"M=20,20,20,20,|T=0,0,0,0,|B=1,15,1,50;",1,0,1,155700001,255700001,1.15,0.803414251299255,10,G003,1,G003,1,1,0,0,1,0,0,0,0,REJECTED,fit_quality_gate,184.73956023965,187.958158094472,3.21859785482184,169.098667819849,1.18955835929222,0,616,617
T_domain,G003_domain_out,H50_Zin50,C,10,G003,"M=20,20,20,20,|T=0,0,0,0,|B=1,15,1,50;",1,0,1,155700002,255700002,1.15,1.1738337439768,10,G003,1,G003,1,1,0,0,1,0,0,0,0,REJECTED,fit_quality_gate,174.211077844319,174.822834024986,0.611756180667328,159.763454793001,1.18955835929222,0,598,599
T_domain,G003_domain_out,H50_Zin50,C,10,G003,"M=20,20,20,20,|T=0,0,0,0,|B=1,15,1,50;",1,0,1,155700003,255700003,1.15,0.98271378037106,10,G003,1,G003,1,1,0,0,1,0,0,0,0,REJECTED,fit_quality_gate,178.657095046846,180.657213415089,2.00011836824385,164.178186027154,1.18955835929222,0,618,619
T_domain,G003_domain_out,H50_Zin50,C,10,G003,"M=20,20,20,20,|T=0,0,0,0,|B=1,15,1,50;",1,0,1,155700004,255700004,1.15,0.890581035054099,10,G003,1,G003,1,1,0,0,1,0,0,0,0,REJECTED,fit_quality_gate,181.523411511471,184.17063986222,2.64722835074917,166.617386079855,1.18955835929222,0,618,619
T_domain,G003_domain_out,H50_Zin50,C,10,G003,"M=20,20,20,20,|T=0,0,0,0,|B=1,15,1,50;",1,0,1,155700005,255700005,1.15,1.10057337735844,10,G003,1,G003,1,1,0,0,1,0,0,0,0,REJECTED,fit_quality_gate,175.732658670462,176.850361547127,1.11770287666477,161.479938160095,1.18955835929222,0,616,617
T_domain,G003_domain_out,H50_Zin50,C,10,G003,"M=20,20,20,20,|T=0,0,0,0,|B=1,15,1,50;",1,0,1,155700006,255700006,1.15,1.02997813740481,10,G003,1,G003,1,1,0,0,1,0,0,0,0,REJECTED,fit_quality_gate,177.323905316247,178.97136857977,1.64746326352312,163.310348999931,1.18955835929222,0,618,619
T_domain,G003_domain_out,H50_Zin50,C,10,G003,"M=20,20,20,20,|T=0,0,0,0,|B=1,15,1,50;",1,0,1,155700007,255700007,1.15,1.06513288713846,10,G003,1,G003,1,1,0,0,1,0,0,0,0,REJECTED,fit_quality_gate,176.491745516246,177.818934455211,1.32718893896481,162.181104749355,1.18955835929222,0,618,619
T_domain,G003_domain_out,H50_Zin50,C,10,G003,"M=20,20,20,20,|T=0,0,0,0,|B=1,15,1,50;",1,0,1,155700008,255700008,1.15,0.814861219223601,10,G003,1,G003,1,1,0,0,1,0,0,0,0,REJECTED,fit_quality_gate,184.341366722599,187.498628498041,3.15726177544238,168.684141209883,1.18955835929222,0,616,617
T_domain,G003_domain_out,H50_Zin50,C,10,G003,"M=20,20,20,20,|T=0,0,0,0,|B=1,15,1,50;",1,0,1,155700009,255700009,1.15,0.910016524439535,10,G003,1,G003,1,1,0,0,1,0,0,0,0,REJECTED,fit_quality_gate,180.923893497681,183.37014981587,2.44625631818928,166.108538896564,1.18955835929222,0,618,619
T_domain,G003_domain_out,H50_Zin50,C,10,G003,"M=20,20,20,20,|T=0,0,0,0,|B=1,15,1,50;",1,0,1,155700010,255700010,1.15,0.885448766857814,10,G003,1,G003,1,1,0,0,1,0,0,0,0,REJECTED,fit_quality_gate,181.833530239142,184.482604741119,2.64907450197745,166.737304922256,1.18955835929222,0,616,617
T_domain,G003_domain_out,H50_Zin50,C,10,G003,"M=20,20,20,20,|T=0,0,0,0,|B=1,15,1,50;",1,0,1,155700011,255700011,1.15,1.09820380843836,10,G003,1,G003,1,1,0,0,1,0,0,0,0,REJECTED,fit_quality_gate,175.649526826353,176.789432466903,1.13990564055013,161.363855500464,1.18955835929222,0,616,617
T_domain,G003_domain_out,H50_Zin50,C,10,G003,"M=20,20,20,20,|T=0,0,0,0,|B=1,15,1,50;",1,0,1,155700012,255700012,1.15,0.830086146905027,10,G003,1,G003,1,1,0,0,1,0,0,0,0,REJECTED,fit_quality_gate,183.569985737916,186.679043324436,3.10905758652032,168.319610205052,1.18955835929222,0,614,615
T_domain,G003_domain_out,H50_Zin50,C,10,G003,"M=20,20,20,20,|T=0,0,0,0,|B=1,15,1,50;",1,0,1,155700013,255700013,1.15,1.08982461475165,10,G003,1,G003,1,1,0,0,1,0,0,0,0,REJECTED,fit_quality_gate,175.978350241952,177.145253255486,1.16690301353438,161.754304244468,1.18955835929222,0,616,617
T_domain,G003_domain_out,H50_Zin50,C,10,G003,"M=20,20,20,20,|T=0,0,0,0,|B=1,15,1,50;",1,0,1,155700014,255700014,1.15,0.831971294263125,10,G003,1,G003,1,1,0,0,1,0,0,0,0,REJECTED,fit_quality_gate,183.552190051452,186.566667352172,3.01447730072042,168.127439087536,1.18955835929222,0,616,617
T_domain,G003_domain_out,H50_Zin50,C,10,G003,"M=20,20,20,20,|T=0,0,0,0,|B=1,15,1,50;",1,0,1,155700015,255700015,1.15,1.08632663323301,10,G003,1,G003,1,1,0,0,1,0,0,0,0,REJECTED,fit_quality_gate,176.050054034074,177.24440582617,1.19435179209609,161.967999305177,1.18955835929222,0,618,619
T_domain,G003_domain_out,H50_Zin50,C,10,G003,"M=20,20,20,20,|T=0,0,0,0,|B=1,15,1,50;",1,0,1,155700016,255700016,1.15,1.01553666066643,10,G003,1,G003,1,1,0,0,1,0,0,0,0,REJECTED,fit_quality_gate,177.726109772429,179.488394584095,1.76228481166549,163.298015279771,1.18955835929222,0,620,621
T_domain,G003_domain_out,H50_Zin50,C,10,G003,"M=20,20,20,20,|T=0,0,0,0,|B=1,15,1,50;",1,0,1,155700017,255700017,1.15,0.861685837907096,10,G003,1,G003,1,1,0,0,1,0,0,0,0,REJECTED,fit_quality_gate,182.590646456205,185.446211559492,2.85556510328712,167.465039755613,1.18955835929222,0,618,619
T_domain,G003_domain_out,H50_Zin50,C,10,G003,"M=20,20,20,20,|T=0,0,0,0,|B=1,15,1,50;",1,0,1,155700018,255700018,1.15,0.995422654058848,10,G003,1,G003,1,1,0,0,1,0,0,0,0,REJECTED,fit_quality_gate,178.243857531051,180.089386534825,1.84552900377344,163.826462835507,1.18955835929222,0,618,619
T_domain,G003_domain_out,H50_Zin50,C,10,G003,"M=20,20,20,20,|T=0,0,0,0,|B=1,15,1,50;",1,0,1,155700019,255700019,1.15,1.17541816938956,10,G003,1,G003,1,1,0,0,1,0,0,0,0,REJECTED,fit_quality_gate,174.238594068942,174.827249991675,0.588655922732499,159.960407809239,1.18955835929222,0,598,599
T_domain,G003_domain_out,H50_Zin50,C,10,G003,"M=20,20,20,20,|T=0,0,0,0,|B=1,15,1,50;",1,0,1,155700020,255700020,1.15,1.096514600385,10,G003,1,G003,1,1,0,0,1,0,0,0,0,REJECTED,fit_quality_gate,175.692960300443,176.795726704762,1.10276640431837,161.558101683763,1.18955835929222,0,616,617
T_domain,G003_domain_out,H50_Zin50,C,10,G003,"M=20,20,20,20,|T=0,0,0,0,|B=1,15,1,50;",1,0,1,155700021,255700021,1.15,1.19440293255101,10,G003,1,G003,1,1,0,0,1,0,0,0,0,REJECTED,fit_quality_gate,173.721957515663,174.19476336539,0.47280584972728,159.470112797953,1.18955835929222,0,582,583
T_domain,G003_domain_out,H50_Zin50,C,10,G003,"M=20,20,20,20,|T=0,0,0,0,|B=1,15,1,50;",1,0,1,155700022,255700022,1.15,0.946773949123953,10,G003,1,G003,1,1,0,0,1,0,0,0,0,REJECTED,fit_quality_gate,179.902940975574,182.092363025394,2.18942204981983,165.116340979385,1.18955835929222,0,618,619
T_domain,G003_domain_out,H50_Zin50,C,10,G003,"M=20,20,20,20,|T=0,0,0,0,|B=1,15,1,50;",1,0,1,155700023,255700023,1.15,0.994875862394334,10,G003,1,G003,1,1,0,0,1,0,0,0,0,REJECTED,fit_quality_gate,178.240297194682,180.149234897449,1.90893770276668,163.931037134626,1.18955835929222,0,618,619
T_domain,G003_domain_out,H50_Zin50,C,10,G003,"M=20,20,20,20,|T=0,0,0,0,|B=1,15,1,50;",1,0,1,155700024,255700024,1.15,1.1425667223909,10,G003,1,G003,1,1,0,0,1,0,0,0,0,REJECTED,fit_quality_gate,174.847926649412,175.593077633061,0.745150983648557,160.369651667927,1.18955835929222,0,598,599
T_domain,G003_domain_out,H50_Zin50,C,10,G003,"M=20,20,20,20,|T=0,0,0,0,|B=1,15,1,50;",1,0,1,155700025,255700025,1.15,1.07694504923692,10,G003,1,G003,1,1,0,0,1,0,0,0,0,REJECTED,fit_quality_gate,176.137882867966,177.544743727713,1.40686085974755,161.911760965686,1.18955835929222,0,618,619
T_domain,G003_domain_out,H50_Zin50,C,10,G003,"M=20,20,20,20,|T=0,0,0,0,|B=1,15,1,50;",1,0,1,155700026,255700026,1.15,0.890456542825971,10,G003,1,G003,1,1,0,0,1,0,0,0,0,REJECTED,fit_quality_gate,181.577522725791,184.191877688277,2.61435496248635,166.507002657296,1.18955835929222,0,616,617
T_domain,G003_domain_out,H50_Zin50,C,10,G003,"M=20,20,20,20,|T=0,0,0,0,|B=1,15,1,50;",1,0,1,155700027,255700027,1.15,1.09225609790046,10,G003,1,G003,1,1,0,0,1,0,0,0,0,REJECTED,fit_quality_gate,175.843482445204,176.998997782812,1.15551533760774,161.853740215511,1.18955835929222,0,616,617
T_domain,G003_domain_out,H50_Zin50,C,10,G003,"M=20,20,20,20,|T=0,0,0,0,|B=1,15,1,50;",1,0,1,155700028,255700028,1.15,1.16723555058399,10,G003,1,G003,1,1,0,0,1,0,0,0,0,REJECTED,fit_quality_gate,174.269950087445,174.931250571769,0.661300484324386,159.941063836598,1.18955835929222,0,598,599
T_domain,G003_domain_out,H50_Zin50,C,10,G003,"M=20,20,20,20,|T=0,0,0,0,|B=1,15,1,50;",1,0,1,155700029,255700029,1.15,1.17824576170807,10,G003,1,G003,1,1,0,0,1,0,0,0,0,REJECTED,fit_quality_gate,174.204809456888,174.799677986545,0.594868529657475,159.611307612074,1.18955835929222,0,598,599
T_domain,G003_domain_out,H50_Zin50,C,10,G003,"M=20,20,20,20,|T=0,0,0,0,|B=1,15,1,50;",1,0,1,155700030,255700030,1.15,1.154217231431,10,G003,1,G003,1,1,0,0,1,0,0,0,0,REJECTED,fit_quality_gate,174.663219901709,175.376376716676,0.713156814966595,160.392201672518,1.18955835929222,0,600,601
